"season","kbo_player_id","player_uid","team","player_name","source_level","sample_tbf","sample_ip","confidence","repertoire","pitcher_velocity","pitcher_stuff","pitcher_command","pitcher_movement","pitcher_stamina","pitcher_pitchability","pitcher_strikeout","pitcher_walk_control","pitcher_composure","pitch_four_seam","pitch_sinker","pitch_cutter","pitch_changeup","pitch_slider","pitch_curve","pitch_splitter","pitch_sweeper","pitch_knuckleball","avg_velocity","k_stuff_plus","k_location_plus","whiff_rate","csw_rate","k_rate","bb_rate","hr_rate","fip","pitch_detail_json","salary_10k_krw","salary_rating_adjustment","formula_version","kbo_source_url","tracking_source_url"
"2025","53609","KBO-53609","KIA 타이거즈","곽도규","KBO","22","4.0","low","Sinker/Curve/Changeup","10","12","8","13","8","9","15","4","6","","10","","","","10","","","","142.5","99.3","98.1","0.091","0.354","0.227","0.273","0.000","6.94","[{""code"":""SI"",""name"":""Sinker"",""n"":69,""usage_pct"":69.7,""speed"":142.5,""k_stuff_plus"":102.36,""k_location_plus"":96.4,""whiff_rate"":0.058,""csw_rate"":0.3478},{""code"":""CU"",""name"":""Curve"",""n"":25,""usage_pct"":25.3,""speed"":123.6,""k_stuff_plus"":103.21,""k_location_plus"":101.9,""whiff_rate"":0.2,""csw_rate"":0.4},{""code"":""CH"",""name"":""Changeup"",""n"":5,""usage_pct"":5.1,""speed"":127.2,""k_stuff_plus"":100.6,""k_location_plus"":98.7,""whiff_rate"":0.0,""csw_rate"":0.2}]","","0","kbo-pitcher-abilities-v1-official-tracking-regressed","https://www.koreabaseball.com/Record/Player/PitcherDetail/Total.aspx?playerId=53609","https://www.kbostuff.app/stuff/53609?season=2025"
"2025","76225","KBO-76225","KIA 타이거즈","김건국","KBO","216","46.0","medium","Four-seam/Cutter/Curve/Splitter/Sinker/Changeup","10","6","11","3","11","7","4","16","4","10","10","10","","","10","10","","","143.2","99.0","100.9","0.094","0.248","0.144","0.079","0.051","6.63","[{""code"":""FF"",""name"":""Four-seam"",""n"":279,""usage_pct"":33.7,""speed"":146.3,""k_stuff_plus"":97.95,""k_location_plus"":97.8,""whiff_rate"":0.043,""csw_rate"":0.1864},{""code"":""FC"",""name"":""Cutter"",""n"":248,""usage_pct"":30,""speed"":139.7,""k_stuff_plus"":97.9,""k_location_plus"":97.0,""whiff_rate"":0.1452,""csw_rate"":0.2661},{""code"":""CU"",""name"":""Curve"",""n"":149,""usage_pct"":18,""speed"":119.3,""k_stuff_plus"":98.39,""k_location_plus"":98.5,""whiff_rate"":0.094,""csw_rate"":0.3356},{""code"":""FS"",""name"":""Splitter"",""n"":131,""usage_pct"":15.8,""speed"":136.3,""k_stuff_plus"":95.31,""k_location_plus"":107.4,""whiff_rate"":0.1069,""csw_rate"":0.2443},{""code"":""SI"",""name"":""Sinker"",""n"":16,""usage_pct"":1.9,""speed"":144.6,""k_stuff_plus"":94.65,""k_location_plus"":102.9,""whiff_rate"":0.0625,""csw_rate"":0.25},{""code"":""CH"",""name"":""Changeup"",""n"":4,""usage_pct"":0.5,""speed"":134.0,""k_stuff_plus"":96.3,""k_location_plus"":99.4,""whiff_rate"":0.25,""csw_rate"":0.25}]","","0","kbo-pitcher-abilities-v1-official-tracking-regressed","https://www.koreabaseball.com/Record/Player/PitcherDetail/Total.aspx?playerId=76225","https://www.kbostuff.app/stuff/76225?season=2025"
"2025","69620","KBO-69620","KIA 타이거즈","김기훈","KBO","117","27.7","medium","Four-seam/Changeup/Slider","10","13","13","15","10","16","17","14","16","10","","","10","10","","","","","142.5","101.1","100.3","0.102","0.312","0.231","0.085","0.017","3.62","[{""code"":""FF"",""name"":""Four-seam"",""n"":226,""usage_pct"":50.3,""speed"":142.5,""k_stuff_plus"":101.05,""k_location_plus"":103.4,""whiff_rate"":0.0619,""csw_rate"":0.2876},{""code"":""CH"",""name"":""Changeup"",""n"":129,""usage_pct"":28.7,""speed"":124.0,""k_stuff_plus"":104.22,""k_location_plus"":91.9,""whiff_rate"":0.124,""csw_rate"":0.3256},{""code"":""SL"",""name"":""Slider"",""n"":94,""usage_pct"":20.9,""speed"":131.3,""k_stuff_plus"":97.11,""k_location_plus"":102.3,""whiff_rate"":0.1702,""csw_rate"":0.3511}]","","0","kbo-pitcher-abilities-v1-official-tracking-regressed","https://www.koreabaseball.com/Record/Player/PitcherDetail/Total.aspx?playerId=69620","https://www.kbostuff.app/stuff/69620?season=2025"
"2025","60337","KBO-60337","KIA 타이거즈","김대유","KBO","42","8.3","low","Four-seam/Slider/Curve/Changeup/Sinker","6","8","10","8","8","8","5","12","6","10","","","10","10","10","","","","136.6","98.4","103.8","0.114","0.307","0.071","0.095","0.024","5.72","[{""code"":""FF"",""name"":""Four-seam"",""n"":61,""usage_pct"":43.6,""speed"":136.6,""k_stuff_plus"":101.87,""k_location_plus"":102.7,""whiff_rate"":0.082,""csw_rate"":0.3115},{""code"":""SL"",""name"":""Slider"",""n"":42,""usage_pct"":30,""speed"":126.5,""k_stuff_plus"":95.62,""k_location_plus"":105.2,""whiff_rate"":0.0714,""csw_rate"":0.2381},{""code"":""CU"",""name"":""Curve"",""n"":22,""usage_pct"":15.7,""speed"":118.0,""k_stuff_plus"":100.79,""k_location_plus"":100.4,""whiff_rate"":0.2273,""csw_rate"":0.4545},{""code"":""CH"",""name"":""Changeup"",""n"":14,""usage_pct"":10,""speed"":127.1,""k_stuff_plus"":97.28,""k_location_plus"":100.4,""whiff_rate"":0.2143,""csw_rate"":0.2857},{""code"":""SI"",""name"":""Sinker"",""n"":1,""usage_pct"":0.7,""speed"":137.0,""k_stuff_plus"":null,""k_location_plus"":96.9,""whiff_rate"":0.0,""csw_rate"":0.0}]","","0","kbo-pitcher-abilities-v1-official-tracking-regressed","https://www.koreabaseball.com/Record/Player/PitcherDetail/Total.aspx?playerId=60337","https://www.kbostuff.app/stuff/60337?season=2025"
"2025","69745","KBO-69745","KIA 타이거즈","김도현","KBO","561","125.3","high","Four-seam/Curve/Changeup/Sinker/Slider","12","8","14","10","19","11","1","19","11","10","10","","10","10","11","","","","145.6","96.4","105.3","0.075","0.242","0.127","0.059","0.020","4.48","[{""code"":""FF"",""name"":""Four-seam"",""n"":581,""usage_pct"":28.1,""speed"":146.0,""k_stuff_plus"":97.6,""k_location_plus"":104.3,""whiff_rate"":0.0379,""csw_rate"":0.2255},{""code"":""CU"",""name"":""Curve"",""n"":444,""usage_pct"":21.5,""speed"":128.2,""k_stuff_plus"":98.94,""k_location_plus"":111.7,""whiff_rate"":0.0766,""csw_rate"":0.3086},{""code"":""CH"",""name"":""Changeup"",""n"":385,""usage_pct"":18.6,""speed"":133.1,""k_stuff_plus"":99.1,""k_location_plus"":104.6,""whiff_rate"":0.1247,""csw_rate"":0.226},{""code"":""SI"",""name"":""Sinker"",""n"":335,""usage_pct"":16.2,""speed"":145.0,""k_stuff_plus"":97.61,""k_location_plus"":99.6,""whiff_rate"":0.0358,""csw_rate"":0.1821},{""code"":""SL"",""name"":""Slider"",""n"":323,""usage_pct"":15.6,""speed"":138.7,""k_stuff_plus"":97.76,""k_location_plus"":103.8,""whiff_rate"":0.1207,""csw_rate"":0.2601}]","","0","kbo-pitcher-abilities-v1-official-tracking-regressed","https://www.koreabaseball.com/Record/Player/PitcherDetail/Total.aspx?playerId=69745","https://www.kbostuff.app/stuff/69745?season=2025"
"2025","54645","KBO-54645","KIA 타이거즈","김민주","KBO","17","3.0","low","Four-seam/Changeup/Curve","8","11","11","12","9","11","11","12","9","10","","","10","","","","","","139.1","96.4","102.7","0.111","0.296","0.118","0.118","0.000","6.11","[{""code"":""FF"",""name"":""Four-seam"",""n"":28,""usage_pct"":51.9,""speed"":139.1,""k_stuff_plus"":93.39,""k_location_plus"":102.7,""whiff_rate"":0.0,""csw_rate"":0.2857},{""code"":""CH"",""name"":""Changeup"",""n"":18,""usage_pct"":33.3,""speed"":124.7,""k_stuff_plus"":99.94,""k_location_plus"":102.5,""whiff_rate"":0.2222,""csw_rate"":0.2778},{""code"":""CU"",""name"":""Curve"",""n"":8,""usage_pct"":14.8,""speed"":122.6,""k_stuff_plus"":101.86,""k_location_plus"":100.5,""whiff_rate"":0.25,""csw_rate"":0.375}]","","0","kbo-pitcher-abilities-v1-official-tracking-regressed","https://www.koreabaseball.com/Record/Player/PitcherDetail/Total.aspx?playerId=54645","https://www.kbostuff.app/stuff/54645?season=2025"
"2025","63894","KBO-63894","KIA 타이거즈","김사윤","NONE","0","0.0","none","","8","8","8","8","8","8","8","8","8","","","","","","","","","","","","","","","","","","","[]","","0","kbo-pitcher-abilities-v1-official-tracking-regressed","",""
"2025","66492","KBO-66492","KIA 타이거즈","김승현","FUTURES","88","15.7","low","","8","7","1","10","8","2","2","1","1","","","","","","","","","","","","","","","0.114","0.216","0.000","6.91","[]","","0","kbo-pitcher-abilities-v1-official-tracking-regressed","https://www.koreabaseball.com/Futures/Player/PitcherTotal.aspx?playerId=66492",""
"2025","68928","KBO-68928","KIA 타이거즈","김시훈","KBO","118","25.7","medium","Four-seam/Splitter/Curve/Slider","9","7","11","4","9","8","6","14","4","10","","","","10","10","10","","","140.9","95.7","105.9","0.096","0.291","0.153","0.085","0.059","6.75","[{""code"":""FF"",""name"":""Four-seam"",""n"":168,""usage_pct"":38.4,""speed"":140.9,""k_stuff_plus"":100.63,""k_location_plus"":100.1,""whiff_rate"":0.0595,""csw_rate"":0.2679},{""code"":""FS"",""name"":""Splitter"",""n"":138,""usage_pct"":31.6,""speed"":130.9,""k_stuff_plus"":95.3,""k_location_plus"":115.2,""whiff_rate"":0.0942,""csw_rate"":0.3478},{""code"":""CU"",""name"":""Curve"",""n"":100,""usage_pct"":22.9,""speed"":114.7,""k_stuff_plus"":96.16,""k_location_plus"":107.3,""whiff_rate"":0.15,""csw_rate"":0.27},{""code"":""SL"",""name"":""Slider"",""n"":31,""usage_pct"":7.1,""speed"":128.9,""k_stuff_plus"":94.47,""k_location_plus"":100.2,""whiff_rate"":0.129,""csw_rate"":0.2258}]","","0","kbo-pitcher-abilities-v1-official-tracking-regressed","https://www.koreabaseball.com/Record/Player/PitcherDetail/Total.aspx?playerId=68928","https://www.kbostuff.app/stuff/68928?season=2025"
"2025","55646","KBO-55646","KIA 타이거즈","김정엽","KBO","5","1.0","low","Four-seam/Curve/Slider","12","11","11","12","8","12","11","11","11","10","","","","","","","","","146.7","91.0","103.2","0.000","0.143","0.000","0.200","0.000","9.44","[{""code"":""FF"",""name"":""Four-seam"",""n"":14,""usage_pct"":66.7,""speed"":146.7,""k_stuff_plus"":93.82,""k_location_plus"":100.9,""whiff_rate"":0.0,""csw_rate"":0.0714},{""code"":""CU"",""name"":""Curve"",""n"":4,""usage_pct"":19,""speed"":121.5,""k_stuff_plus"":91.13,""k_location_plus"":101.5,""whiff_rate"":0.0,""csw_rate"":0.25},{""code"":""SL"",""name"":""Slider"",""n"":3,""usage_pct"":14.3,""speed"":128.0,""k_stuff_plus"":91.81,""k_location_plus"":102.7,""whiff_rate"":0.0,""csw_rate"":0.3333}]","","0","kbo-pitcher-abilities-v1-official-tracking-regressed","https://www.koreabaseball.com/Record/Player/PitcherDetail/Total.aspx?playerId=55646","https://www.kbostuff.app/stuff/55646?season=2025"
"2025","55610","KBO-55610","KIA 타이거즈","김태형","KBO","107","23.7","medium","Four-seam/Slider/Curve/Splitter","13","7","13","7","13","10","5","17","12","10","","","","10","10","10","","","147.5","98.4","102.5","0.076","0.237","0.131","0.065","0.037","5.97","[{""code"":""FF"",""name"":""Four-seam"",""n"":233,""usage_pct"":55.2,""speed"":147.5,""k_stuff_plus"":98.74,""k_location_plus"":102.8,""whiff_rate"":0.0515,""csw_rate"":0.2361},{""code"":""SL"",""name"":""Slider"",""n"":97,""usage_pct"":23,""speed"":132.2,""k_stuff_plus"":99.52,""k_location_plus"":103.9,""whiff_rate"":0.1237,""csw_rate"":0.2577},{""code"":""CU"",""name"":""Curve"",""n"":62,""usage_pct"":14.7,""speed"":121.6,""k_stuff_plus"":97.33,""k_location_plus"":102.0,""whiff_rate"":0.1129,""csw_rate"":0.3065},{""code"":""FS"",""name"":""Splitter"",""n"":30,""usage_pct"":7.1,""speed"":130.2,""k_stuff_plus"":101.38,""k_location_plus"":95.6,""whiff_rate"":0.0333,""csw_rate"":0.0333}]","","0","kbo-pitcher-abilities-v1-official-tracking-regressed","https://www.koreabaseball.com/Record/Player/PitcherDetail/Total.aspx?playerId=55610","https://www.kbostuff.app/stuff/55610?season=2025"
"2025","69516","KBO-69516","KIA 타이거즈","김현수","KBO","86","18.3","low","Four-seam/Slider/Curve/Changeup/Splitter","10","8","8","8","9","6","5","5","12","10","","","10","10","10","","","","142.2","95.8","98.3","0.081","0.252","0.128","0.151","0.023","5.95","[{""code"":""FF"",""name"":""Four-seam"",""n"":152,""usage_pct"":51,""speed"":142.2,""k_stuff_plus"":95.88,""k_location_plus"":102.7,""whiff_rate"":0.0789,""csw_rate"":0.2632},{""code"":""SL"",""name"":""Slider"",""n"":70,""usage_pct"":23.5,""speed"":133.5,""k_stuff_plus"":100.34,""k_location_plus"":94.6,""whiff_rate"":0.1286,""csw_rate"":0.2714},{""code"":""CU"",""name"":""Curve"",""n"":47,""usage_pct"":15.8,""speed"":122.9,""k_stuff_plus"":97.54,""k_location_plus"":97.8,""whiff_rate"":0.0638,""csw_rate"":0.2128},{""code"":""CH"",""name"":""Changeup"",""n"":27,""usage_pct"":9.1,""speed"":128.8,""k_stuff_plus"":93.16,""k_location_plus"":95.5,""whiff_rate"":0.0,""csw_rate"":0.1852},{""code"":""FS"",""name"":""Splitter"",""n"":2,""usage_pct"":0.7,""speed"":131.5,""k_stuff_plus"":95.47,""k_location_plus"":102.3,""whiff_rate"":0.0,""csw_rate"":0.5}]","","0","kbo-pitcher-abilities-v1-official-tracking-regressed","https://www.koreabaseball.com/Record/Player/PitcherDetail/Total.aspx?playerId=69516","https://www.kbostuff.app/stuff/69516?season=2025"
"2025","54640","KBO-54640","KIA 타이거즈","네일","KBO","664","164.3","high","Sinker/Slider/Changeup/Sweeper/Cutter/Four-seam/Curve","13","15","15","19","20","19","18","19","20","10","10","9","10","11","10","","10","","147.3","98.8","104.6","0.099","0.290","0.229","0.062","0.009","3.09","[{""code"":""SI"",""name"":""Sinker"",""n"":804,""usage_pct"":32,""speed"":148.3,""k_stuff_plus"":100.65,""k_location_plus"":100.0,""whiff_rate"":0.0522,""csw_rate"":0.2799},{""code"":""SL"",""name"":""Slider"",""n"":491,""usage_pct"":19.5,""speed"":134.5,""k_stuff_plus"":101.11,""k_location_plus"":106.6,""whiff_rate"":0.167,""csw_rate"":0.3462},{""code"":""CH"",""name"":""Changeup"",""n"":488,""usage_pct"":19.4,""speed"":139.9,""k_stuff_plus"":96.66,""k_location_plus"":108.6,""whiff_rate"":0.082,""csw_rate"":0.248},{""code"":""ST"",""name"":""Sweeper"",""n"":276,""usage_pct"":11,""speed"":134.6,""k_stuff_plus"":99.73,""k_location_plus"":102.9,""whiff_rate"":0.1377,""csw_rate"":0.3478},{""code"":""FC"",""name"":""Cutter"",""n"":250,""usage_pct"":9.9,""speed"":142.9,""k_stuff_plus"":99.07,""k_location_plus"":92.5,""whiff_rate"":0.132,""csw_rate"":0.316},{""code"":""FF"",""name"":""Four-seam"",""n"":183,""usage_pct"":7.3,""speed"":148.7,""k_stuff_plus"":100.37,""k_location_plus"":95.1,""whiff_rate"":0.071,""csw_rate"":0.1803},{""code"":""CU"",""name"":""Curve"",""n"":23,""usage_pct"":0.9,""speed"":124.3,""k_stuff_plus"":92.59,""k_location_plus"":102.5,""whiff_rate"":0.0435,""csw_rate"":0.2174}]","","0","kbo-pitcher-abilities-v1-official-tracking-regressed","https://www.koreabaseball.com/Record/Player/PitcherDetail/Total.aspx?playerId=54640","https://www.kbostuff.app/stuff/54640?season=2025"
"2025","63638","KBO-63638","KIA 타이거즈","박준표","FUTURES","99","18.7","low","","8","1","10","1","7","5","1","15","6","","","","","","","","","","","","","","","0.101","0.071","0.040","7.32","[]","","0","kbo-pitcher-abilities-v1-official-tracking-regressed","https://www.koreabaseball.com/Futures/Player/PitcherTotal.aspx?playerId=63638",""
"2025","54610","KBO-54610","KIA 타이거즈","성영탁","KBO","198","52.3","medium","Cutter/Sinker/Curve/Splitter","8","11","14","16","10","14","5","18","19","","10","10","","","10","","","","139.3","100.7","102.4","0.097","0.282","0.152","0.066","0.010","3.53","[{""code"":""FC"",""name"":""Cutter"",""n"":321,""usage_pct"":42.9,""speed"":135.8,""k_stuff_plus"":97.85,""k_location_plus"":99.1,""whiff_rate"":0.1651,""csw_rate"":0.2928},{""code"":""SI"",""name"":""Sinker"",""n"":298,""usage_pct"":39.8,""speed"":143.1,""k_stuff_plus"":101.77,""k_location_plus"":101.4,""whiff_rate"":0.0268,""csw_rate"":0.2886},{""code"":""CU"",""name"":""Curve"",""n"":129,""usage_pct"":17.2,""speed"":125.1,""k_stuff_plus"":98.54,""k_location_plus"":92.9,""whiff_rate"":0.093,""csw_rate"":0.2403},{""code"":""FS"",""name"":""Splitter"",""n"":1,""usage_pct"":0.1,""speed"":133.0,""k_stuff_plus"":null,""k_location_plus"":102.0,""whiff_rate"":0.0,""csw_rate"":0.0}]","","0","kbo-pitcher-abilities-v1-official-tracking-regressed","https://www.koreabaseball.com/Record/Player/PitcherDetail/Total.aspx?playerId=54610","https://www.kbostuff.app/stuff/54610?season=2025"
"2025","55659","KBO-55659","KIA 타이거즈","양수호","FUTURES","35","7.7","low","","8","11","10","9","7","11","14","9","11","","","","","","","","","","","","","","","0.257","0.171","0.029","6.25","[]","","0","kbo-pitcher-abilities-v1-official-tracking-regressed","https://www.koreabaseball.com/Futures/Player/PitcherTotal.aspx?playerId=55659",""
"2025","77637","KBO-77637","KIA 타이거즈","양현종","KBO","677","153.0","high","Four-seam/Changeup/Slider/Curve","8","10","13","12","20","11","4","15","10","10","","","10","10","10","","","","140.3","98.7","103.1","0.092","0.270","0.161","0.084","0.018","4.23","[{""code"":""FF"",""name"":""Four-seam"",""n"":1207,""usage_pct"":48.4,""speed"":140.3,""k_stuff_plus"":99.56,""k_location_plus"":104.1,""whiff_rate"":0.0522,""csw_rate"":0.2734},{""code"":""CH"",""name"":""Changeup"",""n"":690,""usage_pct"":27.7,""speed"":128.4,""k_stuff_plus"":100.83,""k_location_plus"":101.8,""whiff_rate"":0.1797,""csw_rate"":0.2971},{""code"":""SL"",""name"":""Slider"",""n"":469,""usage_pct"":18.8,""speed"":128.7,""k_stuff_plus"":96.77,""k_location_plus"":101.5,""whiff_rate"":0.0789,""csw_rate"":0.226},{""code"":""CU"",""name"":""Curve"",""n"":129,""usage_pct"":5.2,""speed"":115.9,""k_stuff_plus"":95.04,""k_location_plus"":101.6,""whiff_rate"":0.0465,""csw_rate"":0.2481}]","","0","kbo-pitcher-abilities-v1-official-tracking-regressed","https://www.koreabaseball.com/Record/Player/PitcherDetail/Total.aspx?playerId=77637","https://www.kbostuff.app/stuff/77637?season=2025"
"2025","55633","KBO-55633","KIA 타이거즈","올러","KBO","620","149.0","high","Four-seam/Slider/Changeup/Sinker/Curve/Sweeper/Cutter","14","15","14","19","20","19","20","17","18","11","11","","10","10","10","","10","","149.8","106.4","102.6","0.105","0.304","0.273","0.076","0.013","2.98","[{""code"":""FF"",""name"":""Four-seam"",""n"":1015,""usage_pct"":40.8,""speed"":150.0,""k_stuff_plus"":108.51,""k_location_plus"":102.5,""whiff_rate"":0.0887,""csw_rate"":0.2709},{""code"":""SL"",""name"":""Slider"",""n"":656,""usage_pct"":26.4,""speed"":136.0,""k_stuff_plus"":103.12,""k_location_plus"":97.7,""whiff_rate"":0.1402,""csw_rate"":0.3567},{""code"":""CH"",""name"":""Changeup"",""n"":310,""usage_pct"":12.5,""speed"":139.8,""k_stuff_plus"":103.38,""k_location_plus"":97.0,""whiff_rate"":0.1419,""csw_rate"":0.2452},{""code"":""SI"",""name"":""Sinker"",""n"":210,""usage_pct"":8.4,""speed"":149.5,""k_stuff_plus"":104.31,""k_location_plus"":105.8,""whiff_rate"":0.0524,""csw_rate"":0.2667},{""code"":""CU"",""name"":""Curve"",""n"":160,""usage_pct"":6.4,""speed"":129.0,""k_stuff_plus"":99.59,""k_location_plus"":108.2,""whiff_rate"":0.0437,""csw_rate"":0.325},{""code"":""ST"",""name"":""Sweeper"",""n"":130,""usage_pct"":5.2,""speed"":135.5,""k_stuff_plus"":102.47,""k_location_plus"":102.7,""whiff_rate"":0.1385,""csw_rate"":0.4615},{""code"":""FC"",""name"":""Cutter"",""n"":5,""usage_pct"":0.2,""speed"":142.8,""k_stuff_plus"":98.49,""k_location_plus"":101.6,""whiff_rate"":0.0,""csw_rate"":0.6}]","","0","kbo-pitcher-abilities-v1-official-tracking-regressed","https://www.koreabaseball.com/Record/Player/PitcherDetail/Total.aspx?playerId=55633","https://www.kbostuff.app/stuff/55633?season=2025"
"2025","67640","KBO-67640","KIA 타이거즈","유승철","KBO","11","2.0","low","Four-seam/Slider/Curve","10","12","11","12","11","12","15","10","12","10","","","","10","","","","","143.3","95.9","95.5","0.100","0.250","0.273","0.182","0.000","3.44","[{""code"":""FF"",""name"":""Four-seam"",""n"":24,""usage_pct"":60,""speed"":143.2,""k_stuff_plus"":92.57,""k_location_plus"":94.1,""whiff_rate"":0.0833,""csw_rate"":0.2083},{""code"":""SL"",""name"":""Slider"",""n"":14,""usage_pct"":35,""speed"":132.3,""k_stuff_plus"":97.36,""k_location_plus"":101.0,""whiff_rate"":0.0714,""csw_rate"":0.2857},{""code"":""CU"",""name"":""Curve"",""n"":2,""usage_pct"":5,""speed"":127.5,""k_stuff_plus"":119.48,""k_location_plus"":96.0,""whiff_rate"":0.5,""csw_rate"":0.5}]","","0","kbo-pitcher-abilities-v1-official-tracking-regressed","https://www.koreabaseball.com/Record/Player/PitcherDetail/Total.aspx?playerId=67640","https://www.kbostuff.app/stuff/67640?season=2025"
"2025","50604","KBO-50604","KIA 타이거즈","유지성","KBO","3","1.0","low","Four-seam/Slider/Curve","10","11","12","12","9","13","12","13","14","","","","","","","","","","142.3","93.4","103.3","0.000","0.100","0.000","0.000","0.000","3.44","[{""code"":""FF"",""name"":""Four-seam"",""n"":8,""usage_pct"":80,""speed"":142.2,""k_stuff_plus"":91.92,""k_location_plus"":102.7,""whiff_rate"":0.0,""csw_rate"":0.125},{""code"":""SL"",""name"":""Slider"",""n"":1,""usage_pct"":10,""speed"":131.0,""k_stuff_plus"":105.44,""k_location_plus"":101.7,""whiff_rate"":0.0,""csw_rate"":0.0},{""code"":""CU"",""name"":""Curve"",""n"":1,""usage_pct"":10,""speed"":116.0,""k_stuff_plus"":null,""k_location_plus"":101.0,""whiff_rate"":0.0,""csw_rate"":0.0}]","","0","kbo-pitcher-abilities-v1-official-tracking-regressed","https://www.koreabaseball.com/Record/Player/PitcherDetail/Total.aspx?playerId=50604","https://www.kbostuff.app/stuff/50604?season=2025"
"2025","53613","KBO-53613","KIA 타이거즈","윤영철","KBO","227","50.0","medium","Four-seam/Slider/Changeup/Cutter/Curve","6","11","8","12","15","9","12","4","8","10","","10","10","10","10","","","","136.8","98.6","98.0","0.075","0.268","0.189","0.132","0.018","4.62","[{""code"":""FF"",""name"":""Four-seam"",""n"":343,""usage_pct"":38.6,""speed"":138.7,""k_stuff_plus"":101.13,""k_location_plus"":94.5,""whiff_rate"":0.0379,""csw_rate"":0.2711},{""code"":""SL"",""name"":""Slider"",""n"":220,""usage_pct"":24.8,""speed"":124.7,""k_stuff_plus"":96.49,""k_location_plus"":102.6,""whiff_rate"":0.1409,""csw_rate"":0.3182},{""code"":""CH"",""name"":""Changeup"",""n"":126,""usage_pct"":14.2,""speed"":128.3,""k_stuff_plus"":96.19,""k_location_plus"":96.7,""whiff_rate"":0.0873,""csw_rate"":0.1746},{""code"":""FC"",""name"":""Cutter"",""n"":125,""usage_pct"":14.1,""speed"":131.5,""k_stuff_plus"":98.23,""k_location_plus"":96.4,""whiff_rate"":0.048,""csw_rate"":0.248},{""code"":""CU"",""name"":""Curve"",""n"":74,""usage_pct"":8.3,""speed"":118.4,""k_stuff_plus"":99.93,""k_location_plus"":100.0,""whiff_rate"":0.0811,""csw_rate"":0.2973}]","","0","kbo-pitcher-abilities-v1-official-tracking-regressed","https://www.koreabaseball.com/Record/Player/PitcherDetail/Total.aspx?playerId=53613","https://www.kbostuff.app/stuff/53613?season=2025"
"2025","68619","KBO-68619","KIA 타이거즈","윤중현","KBO","48","10.3","low","Four-seam/Curve/Splitter/Slider/Changeup","9","8","9","7","9","8","9","7","11","10","","","","","10","10","","","141.8","95.2","99.6","0.075","0.258","0.146","0.146","0.042","6.63","[{""code"":""FF"",""name"":""Four-seam"",""n"":77,""usage_pct"":48.4,""speed"":141.8,""k_stuff_plus"":94.5,""k_location_plus"":100.0,""whiff_rate"":0.013,""csw_rate"":0.2727},{""code"":""CU"",""name"":""Curve"",""n"":45,""usage_pct"":28.3,""speed"":123.3,""k_stuff_plus"":101.44,""k_location_plus"":94.0,""whiff_rate"":0.1333,""csw_rate"":0.2667},{""code"":""FS"",""name"":""Splitter"",""n"":32,""usage_pct"":20.1,""speed"":135.2,""k_stuff_plus"":94.81,""k_location_plus"":107.7,""whiff_rate"":0.125,""csw_rate"":0.2188},{""code"":""SL"",""name"":""Slider"",""n"":4,""usage_pct"":2.5,""speed"":127.2,""k_stuff_plus"":99.58,""k_location_plus"":100.7,""whiff_rate"":0.0,""csw_rate"":0.0},{""code"":""CH"",""name"":""Changeup"",""n"":1,""usage_pct"":0.6,""speed"":133.0,""k_stuff_plus"":100.39,""k_location_plus"":103.4,""whiff_rate"":1.0,""csw_rate"":1.0}]","","0","kbo-pitcher-abilities-v1-official-tracking-regressed","https://www.koreabaseball.com/Record/Player/PitcherDetail/Total.aspx?playerId=68619","https://www.kbostuff.app/stuff/68619?season=2025"
"2025","53615","KBO-53615","KIA 타이거즈","이도현","KBO","65","13.0","low","Four-seam/Changeup/Curve","10","9","9","10","11","8","7","9","7","10","","","10","","10","","","","143.0","94.9","100.5","0.095","0.240","0.138","0.123","0.015","5.13","[{""code"":""FF"",""name"":""Four-seam"",""n"":138,""usage_pct"":57,""speed"":143.0,""k_stuff_plus"":96.36,""k_location_plus"":98.1,""whiff_rate"":0.0725,""csw_rate"":0.2029},{""code"":""CH"",""name"":""Changeup"",""n"":94,""usage_pct"":38.8,""speed"":131.8,""k_stuff_plus"":97.08,""k_location_plus"":104.2,""whiff_rate"":0.1383,""csw_rate"":0.2979},{""code"":""CU"",""name"":""Curve"",""n"":10,""usage_pct"":4.1,""speed"":122.0,""k_stuff_plus"":null,""k_location_plus"":93.8,""whiff_rate"":0.0,""csw_rate"":0.2}]","","0","kbo-pitcher-abilities-v1-official-tracking-regressed","https://www.koreabaseball.com/Record/Player/PitcherDetail/Total.aspx?playerId=53615","https://www.kbostuff.app/stuff/53615?season=2025"
"2025","55632","KBO-55632","KIA 타이거즈","이성원","KBO","19","2.7","low","Four-seam/Splitter/Slider","12","11","8","12","8","8","12","7","5","10","","","","","","10","","","146.7","95.9","92.5","0.056","0.239","0.158","0.211","0.000","9.06","[{""code"":""FF"",""name"":""Four-seam"",""n"":50,""usage_pct"":70.4,""speed"":146.7,""k_stuff_plus"":96.53,""k_location_plus"":93.3,""whiff_rate"":0.02,""csw_rate"":0.24},{""code"":""FS"",""name"":""Splitter"",""n"":15,""usage_pct"":21.1,""speed"":132.9,""k_stuff_plus"":98.08,""k_location_plus"":101.3,""whiff_rate"":0.2,""csw_rate"":0.2667},{""code"":""SL"",""name"":""Slider"",""n"":6,""usage_pct"":8.5,""speed"":129.5,""k_stuff_plus"":null,""k_location_plus"":95.3,""whiff_rate"":0.0,""csw_rate"":0.1667}]","","0","kbo-pitcher-abilities-v1-official-tracking-regressed","https://www.koreabaseball.com/Record/Player/PitcherDetail/Total.aspx?playerId=55632","https://www.kbostuff.app/stuff/55632?season=2025"
"2025","51648","KBO-51648","KIA 타이거즈","이의리","KBO","193","39.7","medium","Four-seam/Slider/Changeup/Curve","13","10","6","7","16","7","16","2","3","10","","","10","11","10","","","","147.8","106.3","95.4","0.115","0.277","0.218","0.161","0.031","5.86","[{""code"":""FF"",""name"":""Four-seam"",""n"":366,""usage_pct"":47.2,""speed"":147.8,""k_stuff_plus"":106.34,""k_location_plus"":92.3,""whiff_rate"":0.0601,""csw_rate"":0.2486},{""code"":""SL"",""name"":""Slider"",""n"":187,""usage_pct"":24.1,""speed"":135.3,""k_stuff_plus"":103.57,""k_location_plus"":107.1,""whiff_rate"":0.1765,""csw_rate"":0.3316},{""code"":""CH"",""name"":""Changeup"",""n"":142,""usage_pct"":18.3,""speed"":132.9,""k_stuff_plus"":105.49,""k_location_plus"":88.3,""whiff_rate"":0.2254,""csw_rate"":0.3028},{""code"":""CU"",""name"":""Curve"",""n"":80,""usage_pct"":10.3,""speed"":124.7,""k_stuff_plus"":96.15,""k_location_plus"":100.0,""whiff_rate"":0.025,""csw_rate"":0.2375}]","","0","kbo-pitcher-abilities-v1-official-tracking-regressed","https://www.koreabaseball.com/Record/Player/PitcherDetail/Total.aspx?playerId=51648","https://www.kbostuff.app/stuff/51648?season=2025"
"2025","65665","KBO-65665","KIA 타이거즈","이준영","KBO","145","34.0","medium","Slider/Four-seam/Curve/Splitter","10","11","12","9","9","14","17","16","12","9","","","","10","","","","","142.7","98.8","100.5","0.118","0.316","0.234","0.076","0.041","4.79","[{""code"":""SL"",""name"":""Slider"",""n"":405,""usage_pct"":72.7,""speed"":130.5,""k_stuff_plus"":99.62,""k_location_plus"":104.6,""whiff_rate"":0.158,""csw_rate"":0.3432},{""code"":""FF"",""name"":""Four-seam"",""n"":145,""usage_pct"":26,""speed"":142.7,""k_stuff_plus"":95.78,""k_location_plus"":92.5,""whiff_rate"":0.0138,""csw_rate"":0.2414},{""code"":""CU"",""name"":""Curve"",""n"":5,""usage_pct"":0.9,""speed"":118.0,""k_stuff_plus"":90.53,""k_location_plus"":101.5,""whiff_rate"":0.0,""csw_rate"":0.2},{""code"":""FS"",""name"":""Splitter"",""n"":2,""usage_pct"":0.4,""speed"":134.5,""k_stuff_plus"":null,""k_location_plus"":100.7,""whiff_rate"":0.0,""csw_rate"":0.5}]","","0","kbo-pitcher-abilities-v1-official-tracking-regressed","https://www.koreabaseball.com/Record/Player/PitcherDetail/Total.aspx?playerId=65665","https://www.kbostuff.app/stuff/65665?season=2025"
"2025","62951","KBO-62951","KIA 타이거즈","이형범","KBO","56","10.0","low","Sinker/Slider/Changeup/Four-seam/Curve/Splitter","10","11","10","12","9","9","5","13","5","10","10","","10","10","","","","","143.3","94.1","103.2","0.065","0.235","0.107","0.089","0.000","3.74","[{""code"":""SI"",""name"":""Sinker"",""n"":89,""usage_pct"":44.5,""speed"":143.5,""k_stuff_plus"":97.12,""k_location_plus"":107.6,""whiff_rate"":0.0899,""csw_rate"":0.3146},{""code"":""SL"",""name"":""Slider"",""n"":53,""usage_pct"":26.5,""speed"":132.9,""k_stuff_plus"":96.53,""k_location_plus"":93.6,""whiff_rate"":0.0377,""csw_rate"":0.1509},{""code"":""CH"",""name"":""Changeup"",""n"":28,""usage_pct"":14,""speed"":128.2,""k_stuff_plus"":100.14,""k_location_plus"":101.1,""whiff_rate"":0.0714,""csw_rate"":0.2143},{""code"":""FF"",""name"":""Four-seam"",""n"":21,""usage_pct"":10.5,""speed"":142.5,""k_stuff_plus"":94.67,""k_location_plus"":100.0,""whiff_rate"":0.0,""csw_rate"":0.1429},{""code"":""CU"",""name"":""Curve"",""n"":7,""usage_pct"":3.5,""speed"":124.0,""k_stuff_plus"":100.06,""k_location_plus"":100.2,""whiff_rate"":0.1429,""csw_rate"":0.2857},{""code"":""FS"",""name"":""Splitter"",""n"":2,""usage_pct"":1,""speed"":129.5,""k_stuff_plus"":104.61,""k_location_plus"":101.3,""whiff_rate"":0.0,""csw_rate"":0.0}]","","0","kbo-pitcher-abilities-v1-official-tracking-regressed","https://www.koreabaseball.com/Record/Player/PitcherDetail/Total.aspx?playerId=62951","https://www.kbostuff.app/stuff/62951?season=2025"
"2025","55663","KBO-55663","KIA 타이거즈","이호민","KBO","72","14.7","low","Four-seam/Slider/Changeup/Curve","8","10","9","12","9","7","3","8","5","9","","","10","10","10","","","","139.3","94.7","95.3","0.074","0.227","0.097","0.125","0.000","4.73","[{""code"":""FF"",""name"":""Four-seam"",""n"":126,""usage_pct"":52.1,""speed"":139.3,""k_stuff_plus"":95.34,""k_location_plus"":97.5,""whiff_rate"":0.0079,""csw_rate"":0.1667},{""code"":""SL"",""name"":""Slider"",""n"":47,""usage_pct"":19.4,""speed"":125.6,""k_stuff_plus"":96.86,""k_location_plus"":98.0,""whiff_rate"":0.1702,""csw_rate"":0.3191},{""code"":""CH"",""name"":""Changeup"",""n"":37,""usage_pct"":15.3,""speed"":129.7,""k_stuff_plus"":94.86,""k_location_plus"":97.7,""whiff_rate"":0.1351,""csw_rate"":0.1892},{""code"":""CU"",""name"":""Curve"",""n"":32,""usage_pct"":13.2,""speed"":120.4,""k_stuff_plus"":101.09,""k_location_plus"":97.6,""whiff_rate"":0.125,""csw_rate"":0.375}]","","0","kbo-pitcher-abilities-v1-official-tracking-regressed","https://www.koreabaseball.com/Record/Player/PitcherDetail/Total.aspx?playerId=55663","https://www.kbostuff.app/stuff/55663?season=2025"
"2025","62754","KBO-62754","KIA 타이거즈","임기영","KBO","52","9.0","low","Four-seam/Changeup/Slider/Curve/Sinker","7","8","10","5","9","7","5","14","3","10","","","10","10","10","","","","137.7","95.2","98.5","0.087","0.233","0.096","0.077","0.038","6.55","[{""code"":""FF"",""name"":""Four-seam"",""n"":71,""usage_pct"":41.3,""speed"":137.7,""k_stuff_plus"":97.74,""k_location_plus"":95.2,""whiff_rate"":0.0141,""csw_rate"":0.2394},{""code"":""CH"",""name"":""Changeup"",""n"":49,""usage_pct"":28.5,""speed"":125.8,""k_stuff_plus"":96.21,""k_location_plus"":97.2,""whiff_rate"":0.102,""csw_rate"":0.1837},{""code"":""SL"",""name"":""Slider"",""n"":39,""usage_pct"":22.7,""speed"":130.0,""k_stuff_plus"":95.65,""k_location_plus"":105.6,""whiff_rate"":0.1795,""csw_rate"":0.2821},{""code"":""CU"",""name"":""Curve"",""n"":11,""usage_pct"":6.4,""speed"":122.5,""k_stuff_plus"":104.4,""k_location_plus"":93.6,""whiff_rate"":0.0909,""csw_rate"":0.0909},{""code"":""SI"",""name"":""Sinker"",""n"":2,""usage_pct"":1.2,""speed"":136.5,""k_stuff_plus"":95.26,""k_location_plus"":101.3,""whiff_rate"":0.5,""csw_rate"":1.0}]","","0","kbo-pitcher-abilities-v1-official-tracking-regressed","https://www.koreabaseball.com/Record/Player/PitcherDetail/Total.aspx?playerId=62754","https://www.kbostuff.app/stuff/62754?season=2025"
"2025","50641","KBO-50641","KIA 타이거즈","장재혁","KBO","13","3.0","low","Four-seam/Slider/Splitter","11","9","9","8","9","10","12","8","11","10","","","","10","","","","","145.2","103.5","93.1","0.127","0.254","0.154","0.231","0.077","9.44","[{""code"":""FF"",""name"":""Four-seam"",""n"":34,""usage_pct"":54,""speed"":145.2,""k_stuff_plus"":97.93,""k_location_plus"":94.9,""whiff_rate"":0.0882,""csw_rate"":0.2647},{""code"":""SL"",""name"":""Slider"",""n"":28,""usage_pct"":44.4,""speed"":130.6,""k_stuff_plus"":108.24,""k_location_plus"":95.1,""whiff_rate"":0.1786,""csw_rate"":0.25},{""code"":""FS"",""name"":""Splitter"",""n"":1,""usage_pct"":1.6,""speed"":129.0,""k_stuff_plus"":null,""k_location_plus"":96.6,""whiff_rate"":0.0,""csw_rate"":0.0}]","","0","kbo-pitcher-abilities-v1-official-tracking-regressed","https://www.koreabaseball.com/Record/Player/PitcherDetail/Total.aspx?playerId=50641","https://www.kbostuff.app/stuff/50641?season=2025"
"2025","66609","KBO-66609","KIA 타이거즈","전상현","KBO","290","70.0","medium","Four-seam/Slider/Splitter/Curve","10","12","15","15","10","15","7","18","18","10","","","","10","10","10","","","143.8","99.2","106.2","0.108","0.258","0.172","0.069","0.014","3.70","[{""code"":""FF"",""name"":""Four-seam"",""n"":449,""usage_pct"":42.8,""speed"":143.8,""k_stuff_plus"":98.83,""k_location_plus"":105.8,""whiff_rate"":0.0601,""csw_rate"":0.2116},{""code"":""SL"",""name"":""Slider"",""n"":284,""usage_pct"":27.1,""speed"":136.2,""k_stuff_plus"":99.42,""k_location_plus"":108.4,""whiff_rate"":0.1338,""csw_rate"":0.3099},{""code"":""FS"",""name"":""Splitter"",""n"":235,""usage_pct"":22.4,""speed"":134.2,""k_stuff_plus"":100.95,""k_location_plus"":102.9,""whiff_rate"":0.183,""csw_rate"":0.2511},{""code"":""CU"",""name"":""Curve"",""n"":80,""usage_pct"":7.6,""speed"":125.8,""k_stuff_plus"":97.09,""k_location_plus"":106.8,""whiff_rate"":0.0625,""csw_rate"":0.35}]","","0","kbo-pitcher-abilities-v1-official-tracking-regressed","https://www.koreabaseball.com/Record/Player/PitcherDetail/Total.aspx?playerId=66609","https://www.kbostuff.app/stuff/66609?season=2025"
"2025","50662","KBO-50662","KIA 타이거즈","정해영","KBO","275","61.7","medium","Four-seam/Slider/Splitter/Curve","13","14","13","15","10","17","19","18","14","10","","","","10","","10","","","147.7","103.2","100.8","0.137","0.280","0.262","0.065","0.015","2.97","[{""code"":""FF"",""name"":""Four-seam"",""n"":610,""usage_pct"":55.5,""speed"":147.7,""k_stuff_plus"":104.97,""k_location_plus"":94.9,""whiff_rate"":0.1049,""csw_rate"":0.2525},{""code"":""SL"",""name"":""Slider"",""n"":310,""usage_pct"":28.2,""speed"":135.5,""k_stuff_plus"":100.97,""k_location_plus"":101.1,""whiff_rate"":0.1613,""csw_rate"":0.3065},{""code"":""FS"",""name"":""Splitter"",""n"":176,""usage_pct"":16,""speed"":135.5,""k_stuff_plus"":98.76,""k_location_plus"":108.5,""whiff_rate"":0.2102,""csw_rate"":0.3295},{""code"":""CU"",""name"":""Curve"",""n"":4,""usage_pct"":0.4,""speed"":121.8,""k_stuff_plus"":103.82,""k_location_plus"":102.1,""whiff_rate"":0.0,""csw_rate"":0.25}]","","0","kbo-pitcher-abilities-v1-official-tracking-regressed","https://www.koreabaseball.com/Record/Player/PitcherDetail/Total.aspx?playerId=50662","https://www.kbostuff.app/stuff/50662?season=2025"
"2025","63342","KBO-63342","KIA 타이거즈","조상우","KBO","271","60.0","medium","Four-seam/Slider/Sinker/Splitter","11","12","11","13","10","12","15","11","13","10","10","","","10","","10","","","145.1","97.9","101.8","0.094","0.268","0.203","0.100","0.018","4.34","[{""code"":""FF"",""name"":""Four-seam"",""n"":393,""usage_pct"":35.3,""speed"":145.3,""k_stuff_plus"":99.67,""k_location_plus"":98.6,""whiff_rate"":0.1043,""csw_rate"":0.2799},{""code"":""SL"",""name"":""Slider"",""n"":358,""usage_pct"":32.2,""speed"":129.3,""k_stuff_plus"":99.61,""k_location_plus"":105.8,""whiff_rate"":0.0922,""csw_rate"":0.2989},{""code"":""SI"",""name"":""Sinker"",""n"":249,""usage_pct"":22.4,""speed"":144.7,""k_stuff_plus"":99.86,""k_location_plus"":97.7,""whiff_rate"":0.0763,""csw_rate"":0.2289},{""code"":""FS"",""name"":""Splitter"",""n"":113,""usage_pct"":10.2,""speed"":137.6,""k_stuff_plus"":98.16,""k_location_plus"":97.5,""whiff_rate"":0.1062,""csw_rate"":0.2124}]","","0","kbo-pitcher-abilities-v1-official-tracking-regressed","https://www.koreabaseball.com/Record/Player/PitcherDetail/Total.aspx?playerId=63342","https://www.kbostuff.app/stuff/63342?season=2025"
"2025","52639","KBO-52639","KIA 타이거즈","최지민","KBO","253","53.3","medium","Four-seam/Slider/Changeup","12","8","6","8","10","3","5","1","3","9","","","10","10","","","","","145.8","97.3","97.7","0.067","0.256","0.154","0.202","0.020","6.29","[{""code"":""FF"",""name"":""Four-seam"",""n"":708,""usage_pct"":68.1,""speed"":145.8,""k_stuff_plus"":96.1,""k_location_plus"":98.7,""whiff_rate"":0.0424,""csw_rate"":0.2613},{""code"":""SL"",""name"":""Slider"",""n"":213,""usage_pct"":20.5,""speed"":134.2,""k_stuff_plus"":102.18,""k_location_plus"":91.0,""whiff_rate"":0.1455,""csw_rate"":0.2817},{""code"":""CH"",""name"":""Changeup"",""n"":118,""usage_pct"":11.4,""speed"":134.6,""k_stuff_plus"":99.28,""k_location_plus"":93.6,""whiff_rate"":0.0763,""csw_rate"":0.178}]","","0","kbo-pitcher-abilities-v1-official-tracking-regressed","https://www.koreabaseball.com/Record/Player/PitcherDetail/Total.aspx?playerId=52639","https://www.kbostuff.app/stuff/52639?season=2025"
"2025","51994","KBO-51994","KIA 타이거즈","한재승","KBO","161","33.3","medium","Four-seam/Slider/Splitter/Curve/Sinker","13","10","5","7","10","7","16","1","4","10","","","","10","","10","","","147.6","102.9","94.2","0.101","0.260","0.217","0.193","0.031","6.17","[{""code"":""FF"",""name"":""Four-seam"",""n"":409,""usage_pct"":60.7,""speed"":147.6,""k_stuff_plus"":100.88,""k_location_plus"":96.7,""whiff_rate"":0.0685,""csw_rate"":0.2396},{""code"":""SL"",""name"":""Slider"",""n"":197,""usage_pct"":29.2,""speed"":133.1,""k_stuff_plus"":104.28,""k_location_plus"":90.8,""whiff_rate"":0.1472,""csw_rate"":0.2843},{""code"":""FS"",""name"":""Splitter"",""n"":65,""usage_pct"":9.6,""speed"":133.0,""k_stuff_plus"":104.7,""k_location_plus"":98.3,""whiff_rate"":0.1692,""csw_rate"":0.3231},{""code"":""CU"",""name"":""Curve"",""n"":2,""usage_pct"":0.3,""speed"":117.5,""k_stuff_plus"":92.95,""k_location_plus"":99.8,""whiff_rate"":0.0,""csw_rate"":0.0},{""code"":""SI"",""name"":""Sinker"",""n"":1,""usage_pct"":0.1,""speed"":147.0,""k_stuff_plus"":null,""k_location_plus"":96.9,""whiff_rate"":0.0,""csw_rate"":0.0}]","","0","kbo-pitcher-abilities-v1-official-tracking-regressed","https://www.koreabaseball.com/Record/Player/PitcherDetail/Total.aspx?playerId=51994","https://www.kbostuff.app/stuff/51994?season=2025"
"2025","52641","KBO-52641","KIA 타이거즈","황동하","KBO","155","35.7","medium","Four-seam/Slider/Splitter/Curve","11","11","13","11","12","15","14","18","12","10","","","","10","10","10","","","144.2","99.0","100.9","0.104","0.265","0.200","0.065","0.026","4.25","[{""code"":""FF"",""name"":""Four-seam"",""n"":245,""usage_pct"":43,""speed"":144.2,""k_stuff_plus"":100.5,""k_location_plus"":101.3,""whiff_rate"":0.049,""csw_rate"":0.2286},{""code"":""SL"",""name"":""Slider"",""n"":200,""usage_pct"":35.1,""speed"":131.5,""k_stuff_plus"":99.52,""k_location_plus"":101.3,""whiff_rate"":0.17,""csw_rate"":0.33},{""code"":""FS"",""name"":""Splitter"",""n"":78,""usage_pct"":13.7,""speed"":130.1,""k_stuff_plus"":95.82,""k_location_plus"":99.8,""whiff_rate"":0.1026,""csw_rate"":0.2308},{""code"":""CU"",""name"":""Curve"",""n"":47,""usage_pct"":8.2,""speed"":117.1,""k_stuff_plus"":101.34,""k_location_plus"":102.9,""whiff_rate"":0.1064,""csw_rate"":0.234}]","","0","kbo-pitcher-abilities-v1-official-tracking-regressed","https://www.koreabaseball.com/Record/Player/PitcherDetail/Total.aspx?playerId=52641","https://www.kbostuff.app/stuff/52641?season=2025"
"2025","53006","KBO-53006","KT 위즈","강건","KBO","26","3.7","low","Four-seam/Slider/Curve/Cutter","10","7","6","5","10","3","5","3","2","10","","","","10","10","","","","142.8","102.2","93.6","0.064","0.213","0.038","0.269","0.038","12.98","[{""code"":""FF"",""name"":""Four-seam"",""n"":53,""usage_pct"":56.4,""speed"":143.3,""k_stuff_plus"":106.5,""k_location_plus"":100.5,""whiff_rate"":0.0755,""csw_rate"":0.2642},{""code"":""SL"",""name"":""Slider"",""n"":25,""usage_pct"":26.6,""speed"":134.1,""k_stuff_plus"":95.63,""k_location_plus"":96.2,""whiff_rate"":0.04,""csw_rate"":0.12},{""code"":""CU"",""name"":""Curve"",""n"":10,""usage_pct"":10.6,""speed"":121.2,""k_stuff_plus"":93.08,""k_location_plus"":93.0,""whiff_rate"":0.0,""csw_rate"":0.1},{""code"":""FC"",""name"":""Cutter"",""n"":6,""usage_pct"":6.4,""speed"":138.3,""k_stuff_plus"":96.63,""k_location_plus"":95.8,""whiff_rate"":0.1667,""csw_rate"":0.3333}]","","0","kbo-pitcher-abilities-v1-official-tracking-regressed","https://www.koreabaseball.com/Record/Player/PitcherDetail/Total.aspx?playerId=53006","https://www.kbostuff.app/stuff/53006?season=2025"
"2025","64001","KBO-64001","KT 위즈","고영표","KBO","685","161.0","high","Changeup/Sinker/Curve/Cutter/Four-seam/Slider","5","14","16","18","20","19","18","20","18","10","11","10","11","10","10","","","","133.9","101.9","109.1","0.142","0.328","0.225","0.044","0.015","3.17","[{""code"":""CH"",""name"":""Changeup"",""n"":1178,""usage_pct"":46.7,""speed"":116.7,""k_stuff_plus"":106.18,""k_location_plus"":107.4,""whiff_rate"":0.2445,""csw_rate"":0.3268},{""code"":""SI"",""name"":""Sinker"",""n"":895,""usage_pct"":35.5,""speed"":134.9,""k_stuff_plus"":98.29,""k_location_plus"":110.5,""whiff_rate"":0.0525,""csw_rate"":0.3497},{""code"":""CU"",""name"":""Curve"",""n"":241,""usage_pct"":9.6,""speed"":116.6,""k_stuff_plus"":94.98,""k_location_plus"":108.5,""whiff_rate"":0.0332,""csw_rate"":0.3734},{""code"":""FC"",""name"":""Cutter"",""n"":136,""usage_pct"":5.4,""speed"":127.1,""k_stuff_plus"":95.39,""k_location_plus"":101.4,""whiff_rate"":0.0588,""csw_rate"":0.1397},{""code"":""FF"",""name"":""Four-seam"",""n"":60,""usage_pct"":2.4,""speed"":134.5,""k_stuff_plus"":93.81,""k_location_plus"":104.4,""whiff_rate"":0.1,""csw_rate"":0.2833},{""code"":""SL"",""name"":""Slider"",""n"":13,""usage_pct"":0.5,""speed"":120.2,""k_stuff_plus"":92.37,""k_location_plus"":97.0,""whiff_rate"":0.0769,""csw_rate"":0.2308}]","200000","0","kbo-pitcher-abilities-v1-official-tracking-regressed","https://www.koreabaseball.com/Record/Player/PitcherDetail/Total.aspx?playerId=64001","https://www.kbostuff.app/stuff/64001?season=2025"
"2025","55040","KBO-55040","KT 위즈","김동현","KBO","19","3.3","low","Four-seam/Splitter","12","9","9","6","9","9","14","10","5","10","","","","","","10","","","146.9","111.2","95.3","0.136","0.258","0.211","0.158","0.105","11.54","[{""code"":""FF"",""name"":""Four-seam"",""n"":42,""usage_pct"":63.6,""speed"":146.9,""k_stuff_plus"":107.94,""k_location_plus"":100.8,""whiff_rate"":0.0476,""csw_rate"":0.2143},{""code"":""FS"",""name"":""Splitter"",""n"":24,""usage_pct"":36.4,""speed"":136.5,""k_stuff_plus"":108.79,""k_location_plus"":96.6,""whiff_rate"":0.2917,""csw_rate"":0.3333}]","","0","kbo-pitcher-abilities-v1-official-tracking-regressed","https://www.koreabaseball.com/Record/Player/PitcherDetail/Total.aspx?playerId=55040","https://www.kbostuff.app/stuff/55040?season=2025"
"2025","65048","KBO-65048","KT 위즈","김민수","KBO","230","52.7","medium","Four-seam/Slider/Cutter/Changeup","9","9","14","9","10","12","5","18","11","10","","10","10","10","","","","","141.4","100.5","105.2","0.102","0.265","0.157","0.065","0.022","4.22","[{""code"":""FF"",""name"":""Four-seam"",""n"":322,""usage_pct"":40,""speed"":143.3,""k_stuff_plus"":98.88,""k_location_plus"":102.4,""whiff_rate"":0.0497,""csw_rate"":0.264},{""code"":""SL"",""name"":""Slider"",""n"":258,""usage_pct"":32.1,""speed"":130.3,""k_stuff_plus"":100.54,""k_location_plus"":106.1,""whiff_rate"":0.1744,""csw_rate"":0.3062},{""code"":""FC"",""name"":""Cutter"",""n"":144,""usage_pct"":17.9,""speed"":137.2,""k_stuff_plus"":98.59,""k_location_plus"":101.3,""whiff_rate"":0.1042,""csw_rate"":0.2569},{""code"":""CH"",""name"":""Changeup"",""n"":80,""usage_pct"":10,""speed"":129.8,""k_stuff_plus"":96.43,""k_location_plus"":102.6,""whiff_rate"":0.075,""csw_rate"":0.15}]","","0","kbo-pitcher-abilities-v1-official-tracking-regressed","https://www.koreabaseball.com/Record/Player/PitcherDetail/Total.aspx?playerId=65048","https://www.kbostuff.app/stuff/65048?season=2025"
"2025","55043","KBO-55043","KT 위즈","김재원","KBO","24","4.3","low","Four-seam/Slider/Sinker","11","11","7","12","9","7","12","2","6","10","","","","10","","","","","144.9","100.5","92.2","0.032","0.204","0.167","0.333","0.000","7.82","[{""code"":""FF"",""name"":""Four-seam"",""n"":59,""usage_pct"":63.4,""speed"":145.0,""k_stuff_plus"":101.9,""k_location_plus"":94.8,""whiff_rate"":0.0169,""csw_rate"":0.1695},{""code"":""SL"",""name"":""Slider"",""n"":30,""usage_pct"":32.3,""speed"":129.0,""k_stuff_plus"":97.96,""k_location_plus"":94.3,""whiff_rate"":0.0667,""csw_rate"":0.3},{""code"":""SI"",""name"":""Sinker"",""n"":4,""usage_pct"":4.3,""speed"":144.2,""k_stuff_plus"":102.04,""k_location_plus"":95.0,""whiff_rate"":0.0,""csw_rate"":0.0}]","","0","kbo-pitcher-abilities-v1-official-tracking-regressed","https://www.koreabaseball.com/Record/Player/PitcherDetail/Total.aspx?playerId=55043","https://www.kbostuff.app/stuff/55043?season=2025"
"2025","51299","KBO-51299","KT 위즈","김주완","FUTURES","4","0.7","low","","8","7","10","8","6","9","8","10","9","","","","","","","","","","","","","","","0.000","0.250","0.000","13.16","[]","","0","kbo-pitcher-abilities-v1-official-tracking-regressed","https://www.koreabaseball.com/Futures/Player/PitcherTotal.aspx?playerId=51299",""
"2025","67419","KBO-67419","KT 위즈","문용익","KBO","121","28.7","medium","Splitter/Four-seam/Curve/Slider","12","12","8","12","11","12","18","3","14","10","","","","","10","11","","","146.8","106.1","99.4","0.125","0.291","0.256","0.157","0.025","4.63","[{""code"":""FS"",""name"":""Splitter"",""n"":245,""usage_pct"":46.9,""speed"":133.8,""k_stuff_plus"":102.97,""k_location_plus"":106.5,""whiff_rate"":0.1755,""csw_rate"":0.351},{""code"":""FF"",""name"":""Four-seam"",""n"":238,""usage_pct"":45.6,""speed"":146.8,""k_stuff_plus"":107.37,""k_location_plus"":91.9,""whiff_rate"":0.084,""csw_rate"":0.2185},{""code"":""CU"",""name"":""Curve"",""n"":30,""usage_pct"":5.7,""speed"":125.6,""k_stuff_plus"":97.85,""k_location_plus"":106.7,""whiff_rate"":0.0667,""csw_rate"":0.4333},{""code"":""SL"",""name"":""Slider"",""n"":9,""usage_pct"":1.7,""speed"":128.7,""k_stuff_plus"":94.42,""k_location_plus"":101.8,""whiff_rate"":0.0,""csw_rate"":0.1111}]","","0","kbo-pitcher-abilities-v1-official-tracking-regressed","https://www.koreabaseball.com/Record/Player/PitcherDetail/Total.aspx?playerId=67419","https://www.kbostuff.app/stuff/67419?season=2025"
"2025","55046","KBO-55046","KT 위즈","박건우","KBO","28","6.7","low","Four-seam/Curve/Slider/Splitter/Changeup","10","12","11","11","9","14","17","10","15","10","","","","10","10","","","","142.5","100.9","105.0","0.094","0.265","0.321","0.143","0.036","4.49","[{""code"":""FF"",""name"":""Four-seam"",""n"":73,""usage_pct"":62.4,""speed"":142.5,""k_stuff_plus"":103.65,""k_location_plus"":103.7,""whiff_rate"":0.0822,""csw_rate"":0.2192},{""code"":""CU"",""name"":""Curve"",""n"":28,""usage_pct"":23.9,""speed"":125.8,""k_stuff_plus"":97.11,""k_location_plus"":102.5,""whiff_rate"":0.1071,""csw_rate"":0.3214},{""code"":""SL"",""name"":""Slider"",""n"":10,""usage_pct"":8.5,""speed"":135.4,""k_stuff_plus"":95.07,""k_location_plus"":103.2,""whiff_rate"":0.1,""csw_rate"":0.4},{""code"":""FS"",""name"":""Splitter"",""n"":4,""usage_pct"":3.4,""speed"":132.5,""k_stuff_plus"":95.91,""k_location_plus"":101.9,""whiff_rate"":0.25,""csw_rate"":0.5},{""code"":""CH"",""name"":""Changeup"",""n"":2,""usage_pct"":1.7,""speed"":132.0,""k_stuff_plus"":null,""k_location_plus"":98.4,""whiff_rate"":0.0,""csw_rate"":0.0}]","","0","kbo-pitcher-abilities-v1-official-tracking-regressed","https://www.koreabaseball.com/Record/Player/PitcherDetail/Total.aspx?playerId=55046","https://www.kbostuff.app/stuff/55046?season=2025"
"2025","52060","KBO-52060","KT 위즈","박영현","KBO","305","69.0","high","Four-seam/Changeup/Slider/Cutter","13","13","10","9","10","13","19","7","14","12","","10","10","11","","","","","147.3","110.8","103.1","0.132","0.291","0.252","0.111","0.030","4.47","[{""code"":""FF"",""name"":""Four-seam"",""n"":817,""usage_pct"":66.3,""speed"":147.5,""k_stuff_plus"":110.68,""k_location_plus"":102.3,""whiff_rate"":0.1163,""csw_rate"":0.2791},{""code"":""CH"",""name"":""Changeup"",""n"":315,""usage_pct"":25.5,""speed"":129.0,""k_stuff_plus"":103.07,""k_location_plus"":102.0,""whiff_rate"":0.1492,""csw_rate"":0.3143},{""code"":""SL"",""name"":""Slider"",""n"":90,""usage_pct"":7.3,""speed"":136.1,""k_stuff_plus"":109.44,""k_location_plus"":95.6,""whiff_rate"":0.2222,""csw_rate"":0.3333},{""code"":""FC"",""name"":""Cutter"",""n"":11,""usage_pct"":0.9,""speed"":137.5,""k_stuff_plus"":102.02,""k_location_plus"":103.0,""whiff_rate"":0.0909,""csw_rate"":0.1818}]","","0","kbo-pitcher-abilities-v1-official-tracking-regressed","https://www.koreabaseball.com/Record/Player/PitcherDetail/Total.aspx?playerId=52060","https://www.kbostuff.app/stuff/52060?season=2025"
"2025","65516","KBO-65516","KT 위즈","배제성","KBO","127","27.0","medium","Four-seam/Slider/Changeup/Curve/Splitter","12","12","11","11","13","12","11","14","9","11","","","10","10","","","","","145.6","103.5","107.9","0.107","0.304","0.181","0.087","0.016","3.92","[{""code"":""FF"",""name"":""Four-seam"",""n"":255,""usage_pct"":50.6,""speed"":145.6,""k_stuff_plus"":106.49,""k_location_plus"":107.6,""whiff_rate"":0.0667,""csw_rate"":0.3255},{""code"":""SL"",""name"":""Slider"",""n"":173,""usage_pct"":34.3,""speed"":131.9,""k_stuff_plus"":101.12,""k_location_plus"":104.5,""whiff_rate"":0.1908,""csw_rate"":0.3179},{""code"":""CH"",""name"":""Changeup"",""n"":61,""usage_pct"":12.1,""speed"":126.9,""k_stuff_plus"":100.02,""k_location_plus"":104.2,""whiff_rate"":0.0656,""csw_rate"":0.2131},{""code"":""CU"",""name"":""Curve"",""n"":8,""usage_pct"":1.6,""speed"":124.5,""k_stuff_plus"":92.92,""k_location_plus"":102.9,""whiff_rate"":0.0,""csw_rate"":0.125},{""code"":""FS"",""name"":""Splitter"",""n"":7,""usage_pct"":1.4,""speed"":136.3,""k_stuff_plus"":92.61,""k_location_plus"":101.2,""whiff_rate"":0.0,""csw_rate"":0.1429}]","","0","kbo-pitcher-abilities-v1-official-tracking-regressed","https://www.koreabaseball.com/Record/Player/PitcherDetail/Total.aspx?playerId=65516","https://www.kbostuff.app/stuff/65516?season=2025"
"2025","50109","KBO-50109","KT 위즈","성재헌","FUTURES","119","23.0","medium","","8","4","8","4","7","6","3","13","3","","","","","","","","","","","","","","","0.126","0.118","0.034","6.95","[]","","0","kbo-pitcher-abilities-v1-official-tracking-regressed","https://www.koreabaseball.com/Futures/Player/PitcherTotal.aspx?playerId=50109",""
"2025","50030","KBO-50030","KT 위즈","소형준","KBO","617","147.3","high","Sinker/Cutter/Changeup/Curve/Four-seam","10","14","16","18","20","18","14","20","18","","11","10","10","","10","","","","143.0","98.8","112.8","0.101","0.299","0.199","0.047","0.010","2.95","[{""code"":""SI"",""name"":""Sinker"",""n"":1126,""usage_pct"":51,""speed"":145.1,""k_stuff_plus"":101.47,""k_location_plus"":113.1,""whiff_rate"":0.0586,""csw_rate"":0.3224},{""code"":""FC"",""name"":""Cutter"",""n"":604,""usage_pct"":27.4,""speed"":139.1,""k_stuff_plus"":97.54,""k_location_plus"":109.3,""whiff_rate"":0.0911,""csw_rate"":0.2599},{""code"":""CH"",""name"":""Changeup"",""n"":398,""usage_pct"":18,""speed"":131.9,""k_stuff_plus"":99.87,""k_location_plus"":104.4,""whiff_rate"":0.2186,""csw_rate"":0.309},{""code"":""CU"",""name"":""Curve"",""n"":78,""usage_pct"":3.5,""speed"":123.8,""k_stuff_plus"":100.96,""k_location_plus"":95.0,""whiff_rate"":0.1795,""csw_rate"":0.2179},{""code"":""FF"",""name"":""Four-seam"",""n"":2,""usage_pct"":0.1,""speed"":148.0,""k_stuff_plus"":96.58,""k_location_plus"":102.1,""whiff_rate"":0.0,""csw_rate"":0.5}]","","0","kbo-pitcher-abilities-v1-official-tracking-regressed","https://www.koreabaseball.com/Record/Player/PitcherDetail/Total.aspx?playerId=50030","https://www.kbostuff.app/stuff/50030?season=2025"
"2025","69041","KBO-69041","KT 위즈","손동현","KBO","257","58.7","medium","Four-seam/Splitter/Curve/Slider","11","13","14","12","10","17","16","19","16","10","","","","","10","10","","","144.2","102.1","101.2","0.141","0.270","0.214","0.047","0.023","3.66","[{""code"":""FF"",""name"":""Four-seam"",""n"":525,""usage_pct"":56.3,""speed"":144.2,""k_stuff_plus"":99.82,""k_location_plus"":107.3,""whiff_rate"":0.0933,""csw_rate"":0.24},{""code"":""FS"",""name"":""Splitter"",""n"":386,""usage_pct"":41.4,""speed"":124.8,""k_stuff_plus"":104.05,""k_location_plus"":94.4,""whiff_rate"":0.2124,""csw_rate"":0.3212},{""code"":""CU"",""name"":""Curve"",""n"":14,""usage_pct"":1.5,""speed"":119.9,""k_stuff_plus"":95.09,""k_location_plus"":99.4,""whiff_rate"":0.0,""csw_rate"":0.0714},{""code"":""SL"",""name"":""Slider"",""n"":7,""usage_pct"":0.8,""speed"":132.7,""k_stuff_plus"":94.49,""k_location_plus"":97.4,""whiff_rate"":0.0,""csw_rate"":0.1429}]","","0","kbo-pitcher-abilities-v1-official-tracking-regressed","https://www.koreabaseball.com/Record/Player/PitcherDetail/Total.aspx?playerId=69041","https://www.kbostuff.app/stuff/69041?season=2025"
"2025","50859","KBO-50859","KT 위즈","오원석","KBO","565","132.3","high","Four-seam/Changeup/Slider/Curve","10","13","13","14","19","14","14","13","16","11","","","11","10","10","","","","142.8","102.1","105.5","0.097","0.284","0.200","0.092","0.018","3.98","[{""code"":""FF"",""name"":""Four-seam"",""n"":1196,""usage_pct"":55,""speed"":142.8,""k_stuff_plus"":102.93,""k_location_plus"":107.1,""whiff_rate"":0.056,""csw_rate"":0.2993},{""code"":""CH"",""name"":""Changeup"",""n"":542,""usage_pct"":24.9,""speed"":130.6,""k_stuff_plus"":101.42,""k_location_plus"":105.3,""whiff_rate"":0.1605,""csw_rate"":0.2934},{""code"":""SL"",""name"":""Slider"",""n"":277,""usage_pct"":12.7,""speed"":132.9,""k_stuff_plus"":98.42,""k_location_plus"":100.1,""whiff_rate"":0.1191,""csw_rate"":0.2347},{""code"":""CU"",""name"":""Curve"",""n"":159,""usage_pct"":7.3,""speed"":116.1,""k_stuff_plus"":100.94,""k_location_plus"":97.4,""whiff_rate"":0.1447,""csw_rate"":0.2264}]","","0","kbo-pitcher-abilities-v1-official-tracking-regressed","https://www.koreabaseball.com/Record/Player/PitcherDetail/Total.aspx?playerId=50859","https://www.kbostuff.app/stuff/50859?season=2025"
"2025","73117","KBO-73117","KT 위즈","우규민","KBO","185","44.3","medium","Four-seam/Curve/Cutter/Changeup/Slider/Sinker/Splitter","5","11","15","15","10","14","3","20","19","10","","10","10","10","10","","","","135.0","93.8","105.0","0.065","0.257","0.130","0.016","0.011","3.42","[{""code"":""FF"",""name"":""Four-seam"",""n"":241,""usage_pct"":37.2,""speed"":137.8,""k_stuff_plus"":95.0,""k_location_plus"":106.9,""whiff_rate"":0.0498,""csw_rate"":0.2448},{""code"":""CU"",""name"":""Curve"",""n"":188,""usage_pct"":29.1,""speed"":117.5,""k_stuff_plus"":95.8,""k_location_plus"":106.6,""whiff_rate"":0.0266,""csw_rate"":0.2926},{""code"":""FC"",""name"":""Cutter"",""n"":167,""usage_pct"":25.8,""speed"":131.0,""k_stuff_plus"":95.61,""k_location_plus"":99.2,""whiff_rate"":0.1257,""csw_rate"":0.2455},{""code"":""CH"",""name"":""Changeup"",""n"":27,""usage_pct"":4.2,""speed"":123.6,""k_stuff_plus"":97.17,""k_location_plus"":96.7,""whiff_rate"":0.0741,""csw_rate"":0.1111},{""code"":""SL"",""name"":""Slider"",""n"":15,""usage_pct"":2.3,""speed"":125.5,""k_stuff_plus"":92.3,""k_location_plus"":102.9,""whiff_rate"":0.1333,""csw_rate"":0.3333},{""code"":""SI"",""name"":""Sinker"",""n"":7,""usage_pct"":1.1,""speed"":133.1,""k_stuff_plus"":100.15,""k_location_plus"":98.6,""whiff_rate"":0.0,""csw_rate"":0.4286},{""code"":""FS"",""name"":""Splitter"",""n"":2,""usage_pct"":0.3,""speed"":126.5,""k_stuff_plus"":null,""k_location_plus"":95.7,""whiff_rate"":0.0,""csw_rate"":0.0}]","","0","kbo-pitcher-abilities-v1-official-tracking-regressed","https://www.koreabaseball.com/Record/Player/PitcherDetail/Total.aspx?playerId=73117","https://www.kbostuff.app/stuff/73117?season=2025"
"2025","54063","KBO-54063","KT 위즈","원상현","KBO","259","57.0","medium","Four-seam/Changeup/Curve/Sinker","12","8","7","6","10","6","8","3","8","10","10","","10","","10","","","","146.8","99.6","100.8","0.100","0.294","0.174","0.135","0.031","5.58","[{""code"":""FF"",""name"":""Four-seam"",""n"":482,""usage_pct"":48,""speed"":146.8,""k_stuff_plus"":99.14,""k_location_plus"":101.5,""whiff_rate"":0.0373,""csw_rate"":0.2905},{""code"":""CH"",""name"":""Changeup"",""n"":367,""usage_pct"":36.5,""speed"":129.1,""k_stuff_plus"":99.99,""k_location_plus"":101.8,""whiff_rate"":0.1798,""csw_rate"":0.3488},{""code"":""CU"",""name"":""Curve"",""n"":146,""usage_pct"":14.5,""speed"":129.9,""k_stuff_plus"":101.52,""k_location_plus"":98.3,""whiff_rate"":0.1096,""csw_rate"":0.1712},{""code"":""SI"",""name"":""Sinker"",""n"":10,""usage_pct"":1,""speed"":144.9,""k_stuff_plus"":97.33,""k_location_plus"":100.0,""whiff_rate"":0.0,""csw_rate"":0.2}]","","0","kbo-pitcher-abilities-v1-official-tracking-regressed","https://www.koreabaseball.com/Record/Player/PitcherDetail/Total.aspx?playerId=54063","https://www.kbostuff.app/stuff/54063?season=2025"
"2025","69054","KBO-69054","KT 위즈","이상동","KBO","168","43.3","medium","Four-seam/Splitter/Slider/Changeup","12","12","15","12","10","17","14","19","18","11","","","","10","","10","","","145.7","103.6","105.1","0.119","0.269","0.202","0.054","0.024","3.83","[{""code"":""FF"",""name"":""Four-seam"",""n"":339,""usage_pct"":52.3,""speed"":145.7,""k_stuff_plus"":103.08,""k_location_plus"":107.0,""whiff_rate"":0.0708,""csw_rate"":0.2389},{""code"":""FS"",""name"":""Splitter"",""n"":252,""usage_pct"":38.9,""speed"":129.0,""k_stuff_plus"":102.69,""k_location_plus"":99.1,""whiff_rate"":0.1667,""csw_rate"":0.2897},{""code"":""SL"",""name"":""Slider"",""n"":56,""usage_pct"":8.6,""speed"":133.8,""k_stuff_plus"":100.42,""k_location_plus"":109.1,""whiff_rate"":0.1964,""csw_rate"":0.3571},{""code"":""CH"",""name"":""Changeup"",""n"":1,""usage_pct"":0.2,""speed"":128.0,""k_stuff_plus"":null,""k_location_plus"":103.4,""whiff_rate"":0.0,""csw_rate"":0.0}]","","0","kbo-pitcher-abilities-v1-official-tracking-regressed","https://www.koreabaseball.com/Record/Player/PitcherDetail/Total.aspx?playerId=69054","https://www.kbostuff.app/stuff/69054?season=2025"
"2025","69068","KBO-69068","KT 위즈","이선우","NONE","0","0.0","none","","8","8","8","8","8","8","8","8","8","","","","","","","","","","","","","","","","","","","[]","","0","kbo-pitcher-abilities-v1-official-tracking-regressed","",""
"2025","67048","KBO-67048","KT 위즈","이정현","KBO","27","4.3","low","Four-seam/Slider/Changeup/Splitter","12","11","9","11","8","8","8","9","4","10","","","","10","","","","","146.1","94.7","99.6","0.086","0.237","0.111","0.148","0.000","5.52","[{""code"":""FF"",""name"":""Four-seam"",""n"":49,""usage_pct"":52.7,""speed"":146.1,""k_stuff_plus"":95.29,""k_location_plus"":94.0,""whiff_rate"":0.0408,""csw_rate"":0.1429},{""code"":""SL"",""name"":""Slider"",""n"":29,""usage_pct"":31.2,""speed"":135.1,""k_stuff_plus"":98.14,""k_location_plus"":104.9,""whiff_rate"":0.1379,""csw_rate"":0.3448},{""code"":""CH"",""name"":""Changeup"",""n"":8,""usage_pct"":8.6,""speed"":133.6,""k_stuff_plus"":92.79,""k_location_plus"":103.8,""whiff_rate"":0.25,""csw_rate"":0.5},{""code"":""FS"",""name"":""Splitter"",""n"":7,""usage_pct"":7.5,""speed"":135.3,""k_stuff_plus"":92.31,""k_location_plus"":95.5,""whiff_rate"":0.0,""csw_rate"":0.1429}]","","0","kbo-pitcher-abilities-v1-official-tracking-regressed","https://www.koreabaseball.com/Record/Player/PitcherDetail/Total.aspx?playerId=67048","https://www.kbostuff.app/stuff/67048?season=2025"
"2025","68896","KBO-68896","KT 위즈","이채호","KBO","53","11.7","low","Four-seam/Curve/Changeup","10","10","11","11","9","11","9","12","11","9","","","10","","10","","","","142.6","97.9","97.0","0.082","0.272","0.151","0.094","0.019","4.98","[{""code"":""FF"",""name"":""Four-seam"",""n"":112,""usage_pct"":57.4,""speed"":142.6,""k_stuff_plus"":94.68,""k_location_plus"":93.5,""whiff_rate"":0.0536,""csw_rate"":0.2589},{""code"":""CU"",""name"":""Curve"",""n"":72,""usage_pct"":36.9,""speed"":122.7,""k_stuff_plus"":102.13,""k_location_plus"":100.2,""whiff_rate"":0.1389,""csw_rate"":0.3056},{""code"":""CH"",""name"":""Changeup"",""n"":11,""usage_pct"":5.6,""speed"":130.1,""k_stuff_plus"":98.65,""k_location_plus"":98.8,""whiff_rate"":0.0,""csw_rate"":0.1818}]","","0","kbo-pitcher-abilities-v1-official-tracking-regressed","https://www.koreabaseball.com/Record/Player/PitcherDetail/Total.aspx?playerId=68896","https://www.kbostuff.app/stuff/68896?season=2025"
"2025","69623","KBO-69623","KT 위즈","이태규","FUTURES","99","20.3","low","","8","8","5","11","7","5","1","2","7","","","","","","","","","","","","","","","0.101","0.172","0.000","5.69","[]","","0","kbo-pitcher-abilities-v1-official-tracking-regressed","https://www.koreabaseball.com/Futures/Player/PitcherTotal.aspx?playerId=69623",""
"2025","54014","KBO-54014","KT 위즈","이현민","FUTURES","39","8.3","low","","8","12","13","12","7","12","9","13","9","","","","","","","","","","","","","","","0.154","0.103","0.000","4.16","[]","","0","kbo-pitcher-abilities-v1-official-tracking-regressed","https://www.koreabaseball.com/Futures/Player/PitcherTotal.aspx?playerId=54014",""
"2025","69113","KBO-69113","KT 위즈","임준형","KBO","42","8.7","low","Four-seam/Slider/Curve/Changeup/Cutter","10","11","8","13","9","8","9","6","9","10","","","10","10","10","","","","142.3","96.7","98.3","0.050","0.246","0.143","0.167","0.000","4.82","[{""code"":""FF"",""name"":""Four-seam"",""n"":98,""usage_pct"":54.7,""speed"":142.4,""k_stuff_plus"":99.3,""k_location_plus"":97.6,""whiff_rate"":0.051,""csw_rate"":0.2653},{""code"":""SL"",""name"":""Slider"",""n"":33,""usage_pct"":18.4,""speed"":133.8,""k_stuff_plus"":95.76,""k_location_plus"":101.0,""whiff_rate"":0.0606,""csw_rate"":0.1212},{""code"":""CU"",""name"":""Curve"",""n"":29,""usage_pct"":16.2,""speed"":120.7,""k_stuff_plus"":97.8,""k_location_plus"":102.0,""whiff_rate"":0.0,""csw_rate"":0.3448},{""code"":""CH"",""name"":""Changeup"",""n"":18,""usage_pct"":10.1,""speed"":129.4,""k_stuff_plus"":95.66,""k_location_plus"":97.9,""whiff_rate"":0.1111,""csw_rate"":0.2222},{""code"":""FC"",""name"":""Cutter"",""n"":1,""usage_pct"":0.6,""speed"":135.0,""k_stuff_plus"":null,""k_location_plus"":100.7,""whiff_rate"":0.0,""csw_rate"":0.0}]","","0","kbo-pitcher-abilities-v1-official-tracking-regressed","https://www.koreabaseball.com/Record/Player/PitcherDetail/Total.aspx?playerId=69113","https://www.kbostuff.app/stuff/69113?season=2025"
"2025","69047","KBO-69047","KT 위즈","전용주","KBO","66","13.7","low","Four-seam/Slider/Cutter/Changeup/Curve","13","12","11","14","8","11","10","11","12","10","","","","10","","","","","147.6","103.9","94.9","0.099","0.267","0.167","0.106","0.000","3.37","[{""code"":""FF"",""name"":""Four-seam"",""n"":146,""usage_pct"":55.7,""speed"":147.8,""k_stuff_plus"":102.31,""k_location_plus"":97.8,""whiff_rate"":0.0411,""csw_rate"":0.2123},{""code"":""SL"",""name"":""Slider"",""n"":112,""usage_pct"":42.7,""speed"":134.9,""k_stuff_plus"":103.08,""k_location_plus"":93.0,""whiff_rate"":0.1786,""csw_rate"":0.3393},{""code"":""FC"",""name"":""Cutter"",""n"":2,""usage_pct"":0.8,""speed"":135.0,""k_stuff_plus"":108.33,""k_location_plus"":102.6,""whiff_rate"":0.0,""csw_rate"":0.5},{""code"":""CH"",""name"":""Changeup"",""n"":1,""usage_pct"":0.4,""speed"":128.0,""k_stuff_plus"":null,""k_location_plus"":99.0,""whiff_rate"":0.0,""csw_rate"":0.0},{""code"":""CU"",""name"":""Curve"",""n"":1,""usage_pct"":0.4,""speed"":121.0,""k_stuff_plus"":108.37,""k_location_plus"":100.8,""whiff_rate"":0.0,""csw_rate"":0.0}]","","0","kbo-pitcher-abilities-v1-official-tracking-regressed","https://www.koreabaseball.com/Record/Player/PitcherDetail/Total.aspx?playerId=69047","https://www.kbostuff.app/stuff/69047?season=2025"
"2025","64768","KBO-64768","KT 위즈","조이현","KBO","50","11.7","low","Four-seam/Slider/Splitter/Curve","8","7","14","7","14","11","3","19","11","10","","","","10","10","10","","","138.9","90.7","109.8","0.081","0.249","0.060","0.000","0.040","5.41","[{""code"":""FF"",""name"":""Four-seam"",""n"":63,""usage_pct"":36.4,""speed"":138.9,""k_stuff_plus"":92.93,""k_location_plus"":104.7,""whiff_rate"":0.0635,""csw_rate"":0.3175},{""code"":""SL"",""name"":""Slider"",""n"":51,""usage_pct"":29.5,""speed"":131.3,""k_stuff_plus"":91.78,""k_location_plus"":107.3,""whiff_rate"":0.098,""csw_rate"":0.1961},{""code"":""FS"",""name"":""Splitter"",""n"":47,""usage_pct"":27.2,""speed"":125.3,""k_stuff_plus"":96.18,""k_location_plus"":105.4,""whiff_rate"":0.1064,""csw_rate"":0.2553},{""code"":""CU"",""name"":""Curve"",""n"":12,""usage_pct"":6.9,""speed"":104.9,""k_stuff_plus"":95.37,""k_location_plus"":105.5,""whiff_rate"":0.0,""csw_rate"":0.0833}]","","0","kbo-pitcher-abilities-v1-official-tracking-regressed","https://www.koreabaseball.com/Record/Player/PitcherDetail/Total.aspx?playerId=64768","https://www.kbostuff.app/stuff/64768?season=2025"
"2025","65060","KBO-65060","KT 위즈","주권","KBO","176","40.7","medium","Changeup/Sinker/Four-seam/Slider/Curve","10","9","13","11","10","10","2","17","12","10","10","","10","10","","","","","142.4","96.4","104.7","0.099","0.230","0.108","0.074","0.017","4.42","[{""code"":""CH"",""name"":""Changeup"",""n"":255,""usage_pct"":40.2,""speed"":128.1,""k_stuff_plus"":99.44,""k_location_plus"":107.6,""whiff_rate"":0.1608,""csw_rate"":0.2627},{""code"":""SI"",""name"":""Sinker"",""n"":237,""usage_pct"":37.4,""speed"":142.1,""k_stuff_plus"":99.01,""k_location_plus"":100.9,""whiff_rate"":0.0633,""csw_rate"":0.2194},{""code"":""FF"",""name"":""Four-seam"",""n"":101,""usage_pct"":15.9,""speed"":143.1,""k_stuff_plus"":97.58,""k_location_plus"":102.6,""whiff_rate"":0.0396,""csw_rate"":0.2079},{""code"":""SL"",""name"":""Slider"",""n"":40,""usage_pct"":6.3,""speed"":135.3,""k_stuff_plus"":99.49,""k_location_plus"":93.3,""whiff_rate"":0.075,""csw_rate"":0.15},{""code"":""CU"",""name"":""Curve"",""n"":1,""usage_pct"":0.2,""speed"":126.0,""k_stuff_plus"":null,""k_location_plus"":96.7,""whiff_rate"":0.0,""csw_rate"":0.0}]","","0","kbo-pitcher-abilities-v1-official-tracking-regressed","https://www.koreabaseball.com/Record/Player/PitcherDetail/Total.aspx?playerId=65060","https://www.kbostuff.app/stuff/65060?season=2025"
"2025","79140","KBO-79140","KT 위즈","최동환","KBO","91","18.7","low","Four-seam/Splitter/Slider/Curve","9","6","7","3","9","4","3","6","3","10","","","","10","10","10","","","141.6","97.5","99.8","0.044","0.227","0.099","0.132","0.044","7.35","[{""code"":""FF"",""name"":""Four-seam"",""n"":171,""usage_pct"":53.9,""speed"":141.6,""k_stuff_plus"":97.94,""k_location_plus"":101.3,""whiff_rate"":0.0409,""csw_rate"":0.2807},{""code"":""FS"",""name"":""Splitter"",""n"":67,""usage_pct"":21.1,""speed"":128.8,""k_stuff_plus"":102.57,""k_location_plus"":94.4,""whiff_rate"":0.0896,""csw_rate"":0.1791},{""code"":""SL"",""name"":""Slider"",""n"":58,""usage_pct"":18.3,""speed"":129.5,""k_stuff_plus"":95.29,""k_location_plus"":105.1,""whiff_rate"":0.0172,""csw_rate"":0.1897},{""code"":""CU"",""name"":""Curve"",""n"":21,""usage_pct"":6.6,""speed"":110.6,""k_stuff_plus"":94.47,""k_location_plus"":98.7,""whiff_rate"":0.0,""csw_rate"":0.0476}]","","0","kbo-pitcher-abilities-v1-official-tracking-regressed","https://www.koreabaseball.com/Record/Player/PitcherDetail/Total.aspx?playerId=79140","https://www.kbostuff.app/stuff/79140?season=2025"
"2025","50650","KBO-50650","KT 위즈","최용준","KBO","39","9.0","low","Four-seam/Changeup/Cutter","10","12","13","13","9","13","8","16","14","10","","10","10","","","","","","142.8","103.0","104.2","0.094","0.188","0.128","0.051","0.000","2.99","[{""code"":""FF"",""name"":""Four-seam"",""n"":77,""usage_pct"":60.2,""speed"":145.3,""k_stuff_plus"":102.13,""k_location_plus"":102.5,""whiff_rate"":0.0779,""csw_rate"":0.1948},{""code"":""CH"",""name"":""Changeup"",""n"":27,""usage_pct"":21.1,""speed"":134.0,""k_stuff_plus"":94.55,""k_location_plus"":103.2,""whiff_rate"":0.0741,""csw_rate"":0.1481},{""code"":""FC"",""name"":""Cutter"",""n"":24,""usage_pct"":18.8,""speed"":134.9,""k_stuff_plus"":100.15,""k_location_plus"":100.9,""whiff_rate"":0.1667,""csw_rate"":0.2083}]","","0","kbo-pitcher-abilities-v1-official-tracking-regressed","https://www.koreabaseball.com/Record/Player/PitcherDetail/Total.aspx?playerId=50650","https://www.kbostuff.app/stuff/50650?season=2025"
"2025","55032","KBO-55032","KT 위즈","패트릭","KBO","267","60.7","medium","Four-seam/Sinker/Curve/Slider/Changeup","14","12","14","16","16","14","7","16","17","11","10","","10","10","10","","","","150.4","100.4","106.2","0.086","0.277","0.169","0.079","0.007","3.52","[{""code"":""FF"",""name"":""Four-seam"",""n"":263,""usage_pct"":27.2,""speed"":150.5,""k_stuff_plus"":102.07,""k_location_plus"":107.2,""whiff_rate"":0.0456,""csw_rate"":0.2776},{""code"":""SI"",""name"":""Sinker"",""n"":221,""usage_pct"":22.9,""speed"":150.3,""k_stuff_plus"":99.75,""k_location_plus"":104.3,""whiff_rate"":0.0724,""csw_rate"":0.2579},{""code"":""CU"",""name"":""Curve"",""n"":211,""usage_pct"":21.8,""speed"":130.1,""k_stuff_plus"":100.89,""k_location_plus"":106.2,""whiff_rate"":0.0948,""csw_rate"":0.2701},{""code"":""SL"",""name"":""Slider"",""n"":181,""usage_pct"":18.7,""speed"":136.8,""k_stuff_plus"":103.52,""k_location_plus"":97.4,""whiff_rate"":0.1492,""csw_rate"":0.326},{""code"":""CH"",""name"":""Changeup"",""n"":91,""usage_pct"":9.4,""speed"":141.3,""k_stuff_plus"":100.08,""k_location_plus"":106.6,""whiff_rate"":0.0879,""csw_rate"":0.2418}]","","0","kbo-pitcher-abilities-v1-official-tracking-regressed","https://www.koreabaseball.com/Record/Player/PitcherDetail/Total.aspx?playerId=55032","https://www.kbostuff.app/stuff/55032?season=2025"
"2025","51058","KBO-51058","KT 위즈","한차현","KBO","11","1.7","low","Four-seam/Splitter/Slider","12","11","9","11","9","10","11","10","7","10","","","","","","10","","","146.6","93.6","103.7","0.125","0.250","0.091","0.182","0.000","5.84","[{""code"":""FF"",""name"":""Four-seam"",""n"":21,""usage_pct"":52.5,""speed"":146.6,""k_stuff_plus"":93.03,""k_location_plus"":102.9,""whiff_rate"":0.0952,""csw_rate"":0.2381},{""code"":""FS"",""name"":""Splitter"",""n"":13,""usage_pct"":32.5,""speed"":135.4,""k_stuff_plus"":98.01,""k_location_plus"":104.6,""whiff_rate"":0.2308,""csw_rate"":0.3846},{""code"":""SL"",""name"":""Slider"",""n"":6,""usage_pct"":15,""speed"":137.8,""k_stuff_plus"":null,""k_location_plus"":96.5,""whiff_rate"":0.0,""csw_rate"":0.0}]","","0","kbo-pitcher-abilities-v1-official-tracking-regressed","https://www.koreabaseball.com/Record/Player/PitcherDetail/Total.aspx?playerId=51058","https://www.kbostuff.app/stuff/51058?season=2025"
"2025","54354","KBO-54354","KT 위즈","헤이수스","KBO","712","163.7","high","Four-seam/Slider/Changeup/Sinker/Curve","14","14","15","12","20","18","18","19","16","12","11","","11","11","10","","","","149.5","110.2","103.8","0.127","0.305","0.232","0.062","0.024","3.73","[{""code"":""FF"",""name"":""Four-seam"",""n"":1198,""usage_pct"":44.2,""speed"":149.5,""k_stuff_plus"":113.44,""k_location_plus"":100.7,""whiff_rate"":0.0977,""csw_rate"":0.2863},{""code"":""SL"",""name"":""Slider"",""n"":540,""usage_pct"":19.9,""speed"":135.9,""k_stuff_plus"":105.93,""k_location_plus"":105.5,""whiff_rate"":0.1778,""csw_rate"":0.3593},{""code"":""CH"",""name"":""Changeup"",""n"":540,""usage_pct"":19.9,""speed"":139.0,""k_stuff_plus"":102.75,""k_location_plus"":104.3,""whiff_rate"":0.1741,""csw_rate"":0.3148},{""code"":""SI"",""name"":""Sinker"",""n"":287,""usage_pct"":10.6,""speed"":149.6,""k_stuff_plus"":108.06,""k_location_plus"":106.7,""whiff_rate"":0.0801,""csw_rate"":0.2613},{""code"":""CU"",""name"":""Curve"",""n"":143,""usage_pct"":5.3,""speed"":122.3,""k_stuff_plus"":103.93,""k_location_plus"":95.7,""whiff_rate"":0.0979,""csw_rate"":0.3077},{""code"":""ST"",""name"":""Sweeper"",""n"":1,""usage_pct"":0,""speed"":130.0,""k_stuff_plus"":107.53,""k_location_plus"":95.9,""whiff_rate"":0.0,""csw_rate"":0.0}]","","0","kbo-pitcher-abilities-v1-official-tracking-regressed","https://www.koreabaseball.com/Record/Player/PitcherDetail/Total.aspx?playerId=54354","https://www.kbostuff.app/stuff/54354?season=2025"
"2025","77263","KBO-77263","LG 트윈스","김강률","KBO","51","12.3","low","Four-seam/Slider/Curve/Splitter","11","12","10","16","9","12","12","6","16","10","","","","10","10","","","","145.1","98.4","98.4","0.084","0.253","0.176","0.157","0.000","4.17","[{""code"":""FF"",""name"":""Four-seam"",""n"":113,""usage_pct"":63.5,""speed"":145.1,""k_stuff_plus"":96.24,""k_location_plus"":99.2,""whiff_rate"":0.0708,""csw_rate"":0.1858},{""code"":""SL"",""name"":""Slider"",""n"":36,""usage_pct"":20.2,""speed"":133.4,""k_stuff_plus"":101.87,""k_location_plus"":99.5,""whiff_rate"":0.0,""csw_rate"":0.3056},{""code"":""CU"",""name"":""Curve"",""n"":27,""usage_pct"":15.2,""speed"":120.4,""k_stuff_plus"":105.57,""k_location_plus"":99.2,""whiff_rate"":0.2222,""csw_rate"":0.4444},{""code"":""FS"",""name"":""Splitter"",""n"":2,""usage_pct"":1.1,""speed"":136.5,""k_stuff_plus"":118.48,""k_location_plus"":100.6,""whiff_rate"":0.5,""csw_rate"":0.5}]","","0","kbo-pitcher-abilities-v1-official-tracking-regressed","https://www.koreabaseball.com/Record/Player/PitcherDetail/Total.aspx?playerId=77263","https://www.kbostuff.app/stuff/77263?season=2025"
"2025","66145","KBO-66145","LG 트윈스","김대현","FUTURES","123","26.7","medium","","8","2","4","6","7","3","1","1","10","","","","","","","","","","","","","","","0.122","0.171","0.033","7.46","[]","","0","kbo-pitcher-abilities-v1-official-tracking-regressed","https://www.koreabaseball.com/Futures/Player/PitcherTotal.aspx?playerId=66145",""
"2025","55167","KBO-55167","LG 트윈스","김영우","KBO","255","60.0","medium","Four-seam/Slider/Curve/Splitter/Cutter","16","15","11","18","10","14","17","6","18","10","","","","11","11","10","","","152.7","106.9","100.7","0.110","0.276","0.220","0.118","0.008","3.66","[{""code"":""FF"",""name"":""Four-seam"",""n"":583,""usage_pct"":61.2,""speed"":152.7,""k_stuff_plus"":103.46,""k_location_plus"":98.9,""whiff_rate"":0.0789,""csw_rate"":0.2693},{""code"":""SL"",""name"":""Slider"",""n"":193,""usage_pct"":20.3,""speed"":143.0,""k_stuff_plus"":107.13,""k_location_plus"":104.5,""whiff_rate"":0.1813,""csw_rate"":0.2953},{""code"":""CU"",""name"":""Curve"",""n"":150,""usage_pct"":15.7,""speed"":132.3,""k_stuff_plus"":105.8,""k_location_plus"":102.1,""whiff_rate"":0.1067,""csw_rate"":0.2733},{""code"":""FS"",""name"":""Splitter"",""n"":25,""usage_pct"":2.6,""speed"":136.9,""k_stuff_plus"":106.84,""k_location_plus"":93.9,""whiff_rate"":0.28,""csw_rate"":0.28},{""code"":""FC"",""name"":""Cutter"",""n"":2,""usage_pct"":0.2,""speed"":145.5,""k_stuff_plus"":130.8,""k_location_plus"":95.4,""whiff_rate"":0.5,""csw_rate"":0.5}]","","0","kbo-pitcher-abilities-v1-official-tracking-regressed","https://www.koreabaseball.com/Record/Player/PitcherDetail/Total.aspx?playerId=55167","https://www.kbostuff.app/stuff/55167?season=2025"
"2025","68130","KBO-68130","LG 트윈스","김영준","FUTURES","118","25.0","medium","","8","9","4","9","7","6","7","2","7","","","","","","","","","","","","","","","0.161","0.169","0.017","6.08","[]","","0","kbo-pitcher-abilities-v1-official-tracking-regressed","https://www.koreabaseball.com/Futures/Player/PitcherTotal.aspx?playerId=68130",""
"2025","64596","KBO-64596","LG 트윈스","김유영","KBO","26","4.3","low","Four-seam/Slider/Splitter/Curve/Changeup","10","12","9","12","8","10","13","9","6","10","","","","10","","","","","142.8","93.9","92.0","0.067","0.231","0.192","0.154","0.000","4.59","[{""code"":""FF"",""name"":""Four-seam"",""n"":54,""usage_pct"":51.9,""speed"":142.8,""k_stuff_plus"":94.69,""k_location_plus"":94.0,""whiff_rate"":0.0556,""csw_rate"":0.2593},{""code"":""SL"",""name"":""Slider"",""n"":43,""usage_pct"":41.3,""speed"":129.9,""k_stuff_plus"":96.66,""k_location_plus"":94.0,""whiff_rate"":0.093,""csw_rate"":0.2326},{""code"":""FS"",""name"":""Splitter"",""n"":4,""usage_pct"":3.8,""speed"":129.5,""k_stuff_plus"":94.7,""k_location_plus"":100.5,""whiff_rate"":0.0,""csw_rate"":0.0},{""code"":""CU"",""name"":""Curve"",""n"":2,""usage_pct"":1.9,""speed"":123.0,""k_stuff_plus"":null,""k_location_plus"":100.3,""whiff_rate"":0.0,""csw_rate"":0.0},{""code"":""CH"",""name"":""Changeup"",""n"":1,""usage_pct"":1,""speed"":131.0,""k_stuff_plus"":94.33,""k_location_plus"":102.9,""whiff_rate"":0.0,""csw_rate"":0.0}]","","0","kbo-pitcher-abilities-v1-official-tracking-regressed","https://www.koreabaseball.com/Record/Player/PitcherDetail/Total.aspx?playerId=64596","https://www.kbostuff.app/stuff/64596?season=2025"
"2025","55122","KBO-55122","LG 트윈스","김종운","KBO","7","1.7","low","Four-seam/Slider/Splitter/Curve","11","9","12","8","9","13","15","15","12","10","","","","","","","","","145.3","111.1","106.4","0.097","0.258","0.286","0.000","0.286","16.64","[{""code"":""FF"",""name"":""Four-seam"",""n"":21,""usage_pct"":67.7,""speed"":145.3,""k_stuff_plus"":109.92,""k_location_plus"":106.0,""whiff_rate"":0.0952,""csw_rate"":0.2857},{""code"":""SL"",""name"":""Slider"",""n"":7,""usage_pct"":22.6,""speed"":136.7,""k_stuff_plus"":121.76,""k_location_plus"":98.3,""whiff_rate"":0.1429,""csw_rate"":0.2857},{""code"":""FS"",""name"":""Splitter"",""n"":2,""usage_pct"":6.5,""speed"":138.5,""k_stuff_plus"":89.05,""k_location_plus"":102.2,""whiff_rate"":0.0,""csw_rate"":0.0},{""code"":""CU"",""name"":""Curve"",""n"":1,""usage_pct"":3.2,""speed"":125.0,""k_stuff_plus"":null,""k_location_plus"":96.7,""whiff_rate"":0.0,""csw_rate"":0.0}]","","0","kbo-pitcher-abilities-v1-official-tracking-regressed","https://www.koreabaseball.com/Record/Player/PitcherDetail/Total.aspx?playerId=55122","https://www.kbostuff.app/stuff/55122?season=2025"
"2025","65411","KBO-65411","LG 트윈스","김주온","KBO","5","0.3","low","Slider/Four-seam/Curve","12","10","8","10","8","8","13","8","6","","","","","10","","","","","145.8","105.5","93.4","0.043","0.261","0.200","0.400","0.000","33.44","[{""code"":""SL"",""name"":""Slider"",""n"":11,""usage_pct"":47.8,""speed"":134.3,""k_stuff_plus"":103.61,""k_location_plus"":99.6,""whiff_rate"":0.0909,""csw_rate"":0.2727},{""code"":""FF"",""name"":""Four-seam"",""n"":8,""usage_pct"":34.8,""speed"":145.8,""k_stuff_plus"":null,""k_location_plus"":95.2,""whiff_rate"":0.0,""csw_rate"":0.125},{""code"":""CU"",""name"":""Curve"",""n"":4,""usage_pct"":17.4,""speed"":122.8,""k_stuff_plus"":null,""k_location_plus"":99.8,""whiff_rate"":0.0,""csw_rate"":0.5}]","","0","kbo-pitcher-abilities-v1-official-tracking-regressed","https://www.koreabaseball.com/Record/Player/PitcherDetail/Total.aspx?playerId=65411","https://www.kbostuff.app/stuff/65411?season=2025"
"2025","75867","KBO-75867","LG 트윈스","김진성","KBO","291","70.7","medium","Splitter/Four-seam/Slider","10","12","13","12","10","16","16","15","17","10","","","","10","","11","","","142.3","100.6","102.9","0.115","0.293","0.216","0.082","0.024","3.96","[{""code"":""FS"",""name"":""Splitter"",""n"":611,""usage_pct"":50.3,""speed"":126.6,""k_stuff_plus"":98.98,""k_location_plus"":110.4,""whiff_rate"":0.1358,""csw_rate"":0.3093},{""code"":""FF"",""name"":""Four-seam"",""n"":549,""usage_pct"":45.2,""speed"":142.3,""k_stuff_plus"":102.86,""k_location_plus"":100.3,""whiff_rate"":0.0856,""csw_rate"":0.275},{""code"":""SL"",""name"":""Slider"",""n"":55,""usage_pct"":4.5,""speed"":132.2,""k_stuff_plus"":101.55,""k_location_plus"":99.1,""whiff_rate"":0.1818,""csw_rate"":0.2909}]","200000","0","kbo-pitcher-abilities-v1-official-tracking-regressed","https://www.koreabaseball.com/Record/Player/PitcherDetail/Total.aspx?playerId=75867","https://www.kbostuff.app/stuff/75867?season=2025"
"2025","51154","KBO-51154","LG 트윈스","김진수","KBO","27","5.0","low","Four-seam/Curve/Changeup/Slider/Splitter","12","10","11","7","9","12","15","16","7","10","","","10","","10","","","","146.3","100.0","103.6","0.121","0.273","0.222","0.037","0.074","6.84","[{""code"":""FF"",""name"":""Four-seam"",""n"":49,""usage_pct"":49.5,""speed"":146.3,""k_stuff_plus"":103.29,""k_location_plus"":105.0,""whiff_rate"":0.1429,""csw_rate"":0.2857},{""code"":""CU"",""name"":""Curve"",""n"":27,""usage_pct"":27.3,""speed"":125.7,""k_stuff_plus"":96.77,""k_location_plus"":101.4,""whiff_rate"":0.0741,""csw_rate"":0.3333},{""code"":""CH"",""name"":""Changeup"",""n"":11,""usage_pct"":11.1,""speed"":134.7,""k_stuff_plus"":102.82,""k_location_plus"":97.2,""whiff_rate"":0.1818,""csw_rate"":0.1818},{""code"":""SL"",""name"":""Slider"",""n"":7,""usage_pct"":7.1,""speed"":134.6,""k_stuff_plus"":96.46,""k_location_plus"":101.6,""whiff_rate"":0.1429,""csw_rate"":0.1429},{""code"":""FS"",""name"":""Splitter"",""n"":5,""usage_pct"":5.1,""speed"":133.0,""k_stuff_plus"":90.23,""k_location_plus"":102.3,""whiff_rate"":0.0,""csw_rate"":0.2}]","","0","kbo-pitcher-abilities-v1-official-tracking-regressed","https://www.koreabaseball.com/Record/Player/PitcherDetail/Total.aspx?playerId=51154","https://www.kbostuff.app/stuff/51154?season=2025"
"2025","53139","KBO-53139","LG 트윈스","박명근","KBO","168","38.7","medium","Four-seam/Changeup/Curve/Slider","12","9","11","9","10","11","10","12","12","10","","","10","","10","","","","146.1","99.1","96.6","0.093","0.253","0.179","0.095","0.030","5.20","[{""code"":""FF"",""name"":""Four-seam"",""n"":359,""usage_pct"":57.8,""speed"":146.1,""k_stuff_plus"":99.93,""k_location_plus"":97.8,""whiff_rate"":0.0947,""csw_rate"":0.2702},{""code"":""CH"",""name"":""Changeup"",""n"":130,""usage_pct"":20.9,""speed"":131.3,""k_stuff_plus"":98.86,""k_location_plus"":101.7,""whiff_rate"":0.1231,""csw_rate"":0.2385},{""code"":""CU"",""name"":""Curve"",""n"":128,""usage_pct"":20.6,""speed"":120.8,""k_stuff_plus"":99.75,""k_location_plus"":92.3,""whiff_rate"":0.0625,""csw_rate"":0.2266},{""code"":""SL"",""name"":""Slider"",""n"":4,""usage_pct"":0.6,""speed"":124.0,""k_stuff_plus"":null,""k_location_plus"":96.1,""whiff_rate"":0.0,""csw_rate"":0.0}]","","0","kbo-pitcher-abilities-v1-official-tracking-regressed","https://www.koreabaseball.com/Record/Player/PitcherDetail/Total.aspx?playerId=53139","https://www.kbostuff.app/stuff/53139?season=2025"
"2025","55121","KBO-55121","LG 트윈스","박시원","KBO","9","1.3","low","Four-seam/Slider/Changeup/Splitter","15","9","7","10","8","6","9","3","8","10","","","","","","","","","151.2","100.1","89.0","0.029","0.114","0.000","0.556","0.000","14.69","[{""code"":""FF"",""name"":""Four-seam"",""n"":30,""usage_pct"":85.7,""speed"":151.2,""k_stuff_plus"":100.37,""k_location_plus"":90.0,""whiff_rate"":0.0333,""csw_rate"":0.1333},{""code"":""SL"",""name"":""Slider"",""n"":2,""usage_pct"":5.7,""speed"":139.5,""k_stuff_plus"":null,""k_location_plus"":97.1,""whiff_rate"":0.0,""csw_rate"":0.0},{""code"":""CH"",""name"":""Changeup"",""n"":2,""usage_pct"":5.7,""speed"":144.0,""k_stuff_plus"":null,""k_location_plus"":98.4,""whiff_rate"":0.0,""csw_rate"":0.0},{""code"":""FS"",""name"":""Splitter"",""n"":1,""usage_pct"":2.9,""speed"":143.0,""k_stuff_plus"":null,""k_location_plus"":96.6,""whiff_rate"":0.0,""csw_rate"":0.0}]","","0","kbo-pitcher-abilities-v1-official-tracking-regressed","https://www.koreabaseball.com/Record/Player/PitcherDetail/Total.aspx?playerId=55121","https://www.kbostuff.app/stuff/55121?season=2025"
"2025","63145","KBO-63145","LG 트윈스","배재준","KBO","56","13.0","low","Four-seam/Slider/Splitter/Curve/Changeup","14","12","11","14","9","14","17","9","13","10","","","","10","10","10","","","149.0","103.7","89.9","0.107","0.286","0.250","0.125","0.018","4.13","[{""code"":""FF"",""name"":""Four-seam"",""n"":106,""usage_pct"":45.3,""speed"":149.0,""k_stuff_plus"":100.54,""k_location_plus"":89.9,""whiff_rate"":0.0849,""csw_rate"":0.2453},{""code"":""SL"",""name"":""Slider"",""n"":75,""usage_pct"":32.1,""speed"":134.6,""k_stuff_plus"":105.05,""k_location_plus"":101.4,""whiff_rate"":0.12,""csw_rate"":0.36},{""code"":""FS"",""name"":""Splitter"",""n"":30,""usage_pct"":12.8,""speed"":134.6,""k_stuff_plus"":99.61,""k_location_plus"":97.5,""whiff_rate"":0.1333,""csw_rate"":0.2333},{""code"":""CU"",""name"":""Curve"",""n"":20,""usage_pct"":8.5,""speed"":122.6,""k_stuff_plus"":111.24,""k_location_plus"":94.1,""whiff_rate"":0.15,""csw_rate"":0.3},{""code"":""CH"",""name"":""Changeup"",""n"":3,""usage_pct"":1.3,""speed"":134.0,""k_stuff_plus"":94.1,""k_location_plus"":102.4,""whiff_rate"":0.0,""csw_rate"":0.3333}]","","0","kbo-pitcher-abilities-v1-official-tracking-regressed","https://www.koreabaseball.com/Record/Player/PitcherDetail/Total.aspx?playerId=63145","https://www.kbostuff.app/stuff/63145?season=2025"
"2025","65109","KBO-65109","LG 트윈스","백승현","KBO","146","30.0","medium","Four-seam/Slider/Splitter","12","11","6","12","10","6","11","1","10","10","","","","10","","10","","","147.2","103.7","96.8","0.078","0.231","0.185","0.192","0.014","5.41","[{""code"":""FF"",""name"":""Four-seam"",""n"":375,""usage_pct"":64.7,""speed"":147.2,""k_stuff_plus"":103.03,""k_location_plus"":93.6,""whiff_rate"":0.0533,""csw_rate"":0.2187},{""code"":""SL"",""name"":""Slider"",""n"":156,""usage_pct"":26.9,""speed"":137.5,""k_stuff_plus"":103.08,""k_location_plus"":95.9,""whiff_rate"":0.141,""csw_rate"":0.2821},{""code"":""FS"",""name"":""Splitter"",""n"":49,""usage_pct"":8.4,""speed"":137.6,""k_stuff_plus"":101.67,""k_location_plus"":104.4,""whiff_rate"":0.0612,""csw_rate"":0.1633}]","","0","kbo-pitcher-abilities-v1-official-tracking-regressed","https://www.koreabaseball.com/Record/Player/PitcherDetail/Total.aspx?playerId=65109","https://www.kbostuff.app/stuff/65109?season=2025"
"2025","68159","KBO-68159","LG 트윈스","성동현","KBO","45","9.0","low","Four-seam/Slider/Splitter","12","8","6","6","8","5","8","4","5","9","","","","10","","10","","","146.6","99.0","90.0","0.129","0.244","0.133","0.200","0.044","7.99","[{""code"":""FF"",""name"":""Four-seam"",""n"":101,""usage_pct"":50.2,""speed"":146.6,""k_stuff_plus"":95.1,""k_location_plus"":88.2,""whiff_rate"":0.0594,""csw_rate"":0.1683},{""code"":""SL"",""name"":""Slider"",""n"":66,""usage_pct"":32.8,""speed"":132.9,""k_stuff_plus"":101.91,""k_location_plus"":98.2,""whiff_rate"":0.2121,""csw_rate"":0.3333},{""code"":""FS"",""name"":""Splitter"",""n"":34,""usage_pct"":16.9,""speed"":134.4,""k_stuff_plus"":104.48,""k_location_plus"":100.6,""whiff_rate"":0.1765,""csw_rate"":0.2941}]","","0","kbo-pitcher-abilities-v1-official-tracking-regressed","https://www.koreabaseball.com/Record/Player/PitcherDetail/Total.aspx?playerId=68159","https://www.kbostuff.app/stuff/68159?season=2025"
"2025","67143","KBO-67143","LG 트윈스","손주영","KBO","644","153.0","high","Four-seam/Curve/Slider/Cutter/Splitter/Changeup","11","14","14","18","20","17","15","17","18","11","","10","10","10","11","10","","","145.5","100.9","106.4","0.092","0.286","0.205","0.076","0.012","3.43","[{""code"":""FF"",""name"":""Four-seam"",""n"":1301,""usage_pct"":52.4,""speed"":146.5,""k_stuff_plus"":101.27,""k_location_plus"":107.4,""whiff_rate"":0.0892,""csw_rate"":0.2859},{""code"":""CU"",""name"":""Curve"",""n"":569,""usage_pct"":22.9,""speed"":121.3,""k_stuff_plus"":100.19,""k_location_plus"":109.5,""whiff_rate"":0.1072,""csw_rate"":0.3269},{""code"":""SL"",""name"":""Slider"",""n"":308,""usage_pct"":12.4,""speed"":134.6,""k_stuff_plus"":98.2,""k_location_plus"":103.4,""whiff_rate"":0.0812,""csw_rate"":0.2662},{""code"":""FC"",""name"":""Cutter"",""n"":148,""usage_pct"":6,""speed"":136.2,""k_stuff_plus"":99.0,""k_location_plus"":98.4,""whiff_rate"":0.0811,""csw_rate"":0.3243},{""code"":""FS"",""name"":""Splitter"",""n"":144,""usage_pct"":5.8,""speed"":132.9,""k_stuff_plus"":99.02,""k_location_plus"":99.1,""whiff_rate"":0.1042,""csw_rate"":0.1458},{""code"":""CH"",""name"":""Changeup"",""n"":15,""usage_pct"":0.6,""speed"":136.1,""k_stuff_plus"":96.14,""k_location_plus"":99.5,""whiff_rate"":0.0,""csw_rate"":0.1333}]","","0","kbo-pitcher-abilities-v1-official-tracking-regressed","https://www.koreabaseball.com/Record/Player/PitcherDetail/Total.aspx?playerId=67143","https://www.kbostuff.app/stuff/67143?season=2025"
"2025","51111","KBO-51111","LG 트윈스","송승기","KBO","629","144.0","high","Four-seam/Slider/Changeup/Curve/Splitter","11","12","13","11","20","15","14","17","16","11","","","10","10","10","10","","","144.9","106.7","98.8","0.114","0.278","0.199","0.078","0.024","4.10","[{""code"":""FF"",""name"":""Four-seam"",""n"":1340,""usage_pct"":53.1,""speed"":144.9,""k_stuff_plus"":107.22,""k_location_plus"":100.2,""whiff_rate"":0.0866,""csw_rate"":0.2739},{""code"":""SL"",""name"":""Slider"",""n"":524,""usage_pct"":20.8,""speed"":131.6,""k_stuff_plus"":102.95,""k_location_plus"":97.5,""whiff_rate"":0.1412,""csw_rate"":0.3015},{""code"":""CH"",""name"":""Changeup"",""n"":361,""usage_pct"":14.3,""speed"":130.4,""k_stuff_plus"":104.98,""k_location_plus"":93.0,""whiff_rate"":0.169,""csw_rate"":0.2825},{""code"":""CU"",""name"":""Curve"",""n"":215,""usage_pct"":8.5,""speed"":116.9,""k_stuff_plus"":98.12,""k_location_plus"":97.9,""whiff_rate"":0.093,""csw_rate"":0.2465},{""code"":""FS"",""name"":""Splitter"",""n"":82,""usage_pct"":3.3,""speed"":128.8,""k_stuff_plus"":105.48,""k_location_plus"":97.4,""whiff_rate"":0.2073,""csw_rate"":0.2561}]","","0","kbo-pitcher-abilities-v1-official-tracking-regressed","https://www.koreabaseball.com/Record/Player/PitcherDetail/Total.aspx?playerId=51111","https://www.kbostuff.app/stuff/51111?season=2025"
"2025","61411","KBO-61411","LG 트윈스","심창민","FUTURES","44","7.7","low","","8","15","3","12","7","9","17","1","5","","","","","","","","","","","","","","","0.341","0.273","0.000","5.73","[]","","0","kbo-pitcher-abilities-v1-official-tracking-regressed","https://www.koreabaseball.com/Futures/Player/PitcherTotal.aspx?playerId=61411",""
"2025","51526","KBO-51526","LG 트윈스","우강훈","KBO","46","9.7","low","Four-seam/Curve/Splitter/Changeup/Slider/Sinker","12","10","9","13","9","8","6","9","11","10","","","","","10","10","","","147.0","98.6","94.4","0.078","0.278","0.109","0.130","0.000","4.89","[{""code"":""FF"",""name"":""Four-seam"",""n"":135,""usage_pct"":75,""speed"":147.1,""k_stuff_plus"":98.72,""k_location_plus"":94.7,""whiff_rate"":0.0593,""csw_rate"":0.2741},{""code"":""CU"",""name"":""Curve"",""n"":20,""usage_pct"":11.1,""speed"":125.4,""k_stuff_plus"":108.97,""k_location_plus"":97.5,""whiff_rate"":0.1,""csw_rate"":0.25},{""code"":""FS"",""name"":""Splitter"",""n"":18,""usage_pct"":10,""speed"":130.6,""k_stuff_plus"":95.45,""k_location_plus"":102.9,""whiff_rate"":0.1667,""csw_rate"":0.2778},{""code"":""CH"",""name"":""Changeup"",""n"":5,""usage_pct"":2.8,""speed"":131.4,""k_stuff_plus"":92.19,""k_location_plus"":97.6,""whiff_rate"":0.0,""csw_rate"":0.4},{""code"":""SL"",""name"":""Slider"",""n"":1,""usage_pct"":0.6,""speed"":130.0,""k_stuff_plus"":null,""k_location_plus"":97.6,""whiff_rate"":0.0,""csw_rate"":0.0},{""code"":""SI"",""name"":""Sinker"",""n"":1,""usage_pct"":0.6,""speed"":130.0,""k_stuff_plus"":127.36,""k_location_plus"":96.9,""whiff_rate"":1.0,""csw_rate"":1.0}]","","0","kbo-pitcher-abilities-v1-official-tracking-regressed","https://www.koreabaseball.com/Record/Player/PitcherDetail/Total.aspx?playerId=51526","https://www.kbostuff.app/stuff/51526?season=2025"
"2025","50106","KBO-50106","LG 트윈스","유영찬","KBO","177","41.0","medium","Four-seam/Slider/Splitter","13","15","10","17","10","15","19","5","17","10","","","","11","","11","","","148.5","106.3","98.0","0.185","0.348","0.294","0.130","0.011","3.44","[{""code"":""FF"",""name"":""Four-seam"",""n"":277,""usage_pct"":41.2,""speed"":148.5,""k_stuff_plus"":100.16,""k_location_plus"":94.3,""whiff_rate"":0.0758,""csw_rate"":0.2491},{""code"":""SL"",""name"":""Slider"",""n"":264,""usage_pct"":39.3,""speed"":134.0,""k_stuff_plus"":105.66,""k_location_plus"":103.5,""whiff_rate"":0.2727,""csw_rate"":0.4356},{""code"":""FS"",""name"":""Splitter"",""n"":131,""usage_pct"":19.5,""speed"":135.4,""k_stuff_plus"":108.33,""k_location_plus"":98.1,""whiff_rate"":0.2366,""csw_rate"":0.3817}]","","0","kbo-pitcher-abilities-v1-official-tracking-regressed","https://www.koreabaseball.com/Record/Player/PitcherDetail/Total.aspx?playerId=50106","https://www.kbostuff.app/stuff/50106?season=2025"
"2025","61145","KBO-61145","LG 트윈스","이우찬","KBO","86","19.0","low","Splitter/Slider/Four-seam/Curve/Changeup","10","14","9","17","9","13","16","4","16","9","","","","10","10","10","","","143.2","97.7","96.0","0.101","0.287","0.233","0.163","0.000","3.70","[{""code"":""FS"",""name"":""Splitter"",""n"":110,""usage_pct"":32.5,""speed"":132.2,""k_stuff_plus"":100.8,""k_location_plus"":98.6,""whiff_rate"":0.1273,""csw_rate"":0.3091},{""code"":""SL"",""name"":""Slider"",""n"":107,""usage_pct"":31.7,""speed"":135.3,""k_stuff_plus"":98.03,""k_location_plus"":104.3,""whiff_rate"":0.1121,""csw_rate"":0.2804},{""code"":""FF"",""name"":""Four-seam"",""n"":105,""usage_pct"":31.1,""speed"":143.2,""k_stuff_plus"":94.5,""k_location_plus"":92.5,""whiff_rate"":0.0476,""csw_rate"":0.2571},{""code"":""CU"",""name"":""Curve"",""n"":14,""usage_pct"":4.1,""speed"":119.5,""k_stuff_plus"":99.07,""k_location_plus"":99.0,""whiff_rate"":0.2143,""csw_rate"":0.3571},{""code"":""CH"",""name"":""Changeup"",""n"":2,""usage_pct"":0.6,""speed"":132.0,""k_stuff_plus"":91.35,""k_location_plus"":99.2,""whiff_rate"":0.0,""csw_rate"":0.5}]","","0","kbo-pitcher-abilities-v1-official-tracking-regressed","https://www.koreabaseball.com/Record/Player/PitcherDetail/Total.aspx?playerId=61145","https://www.kbostuff.app/stuff/61145?season=2025"
"2025","69134","KBO-69134","LG 트윈스","이정용","KBO","139","34.0","medium","Four-seam/Splitter/Slider/Curve","11","11","12","12","10","13","12","14","13","10","","","","10","10","10","","","144.1","97.1","102.4","0.082","0.282","0.187","0.086","0.022","4.29","[{""code"":""FF"",""name"":""Four-seam"",""n"":259,""usage_pct"":45,""speed"":144.1,""k_stuff_plus"":97.02,""k_location_plus"":108.0,""whiff_rate"":0.0502,""csw_rate"":0.3089},{""code"":""FS"",""name"":""Splitter"",""n"":129,""usage_pct"":22.4,""speed"":130.9,""k_stuff_plus"":99.93,""k_location_plus"":94.1,""whiff_rate"":0.1628,""csw_rate"":0.2171},{""code"":""SL"",""name"":""Slider"",""n"":101,""usage_pct"":17.6,""speed"":131.7,""k_stuff_plus"":96.24,""k_location_plus"":101.1,""whiff_rate"":0.0594,""csw_rate"":0.2277},{""code"":""CU"",""name"":""Curve"",""n"":86,""usage_pct"":15,""speed"":113.6,""k_stuff_plus"":99.52,""k_location_plus"":102.8,""whiff_rate"":0.0814,""csw_rate"":0.3605}]","","0","kbo-pitcher-abilities-v1-official-tracking-regressed","https://www.koreabaseball.com/Record/Player/PitcherDetail/Total.aspx?playerId=69134","https://www.kbostuff.app/stuff/69134?season=2025"
"2025","50904","KBO-50904","LG 트윈스","이종준","KBO","6","1.7","low","Four-seam/Slider","12","12","12","13","9","14","15","12","14","10","","","","","","","","","146.5","106.5","98.0","0.158","0.316","0.333","0.167","0.000","2.84","[{""code"":""FF"",""name"":""Four-seam"",""n"":10,""usage_pct"":52.6,""speed"":146.5,""k_stuff_plus"":97.36,""k_location_plus"":95.7,""whiff_rate"":0.2,""csw_rate"":0.2},{""code"":""SL"",""name"":""Slider"",""n"":9,""usage_pct"":47.4,""speed"":135.8,""k_stuff_plus"":114.7,""k_location_plus"":103.0,""whiff_rate"":0.1111,""csw_rate"":0.4444}]","","0","kbo-pitcher-abilities-v1-official-tracking-regressed","https://www.koreabaseball.com/Record/Player/PitcherDetail/Total.aspx?playerId=50904","https://www.kbostuff.app/stuff/50904?season=2025"
"2025","69108","KBO-69108","LG 트윈스","이지강","KBO","211","47.3","medium","Four-seam/Splitter/Curve/Changeup/Slider/Cutter","12","11","9","11","10","10","11","7","9","10","","10","10","10","10","10","","","145.8","99.3","101.2","0.082","0.264","0.185","0.114","0.019","4.47","[{""code"":""FF"",""name"":""Four-seam"",""n"":452,""usage_pct"":52.3,""speed"":146.0,""k_stuff_plus"":99.55,""k_location_plus"":105.1,""whiff_rate"":0.0774,""csw_rate"":0.3142},{""code"":""FS"",""name"":""Splitter"",""n"":121,""usage_pct"":14,""speed"":134.7,""k_stuff_plus"":100.14,""k_location_plus"":99.4,""whiff_rate"":0.1074,""csw_rate"":0.1818},{""code"":""CU"",""name"":""Curve"",""n"":119,""usage_pct"":13.8,""speed"":121.3,""k_stuff_plus"":101.75,""k_location_plus"":95.2,""whiff_rate"":0.084,""csw_rate"":0.1933},{""code"":""CH"",""name"":""Changeup"",""n"":85,""usage_pct"":9.8,""speed"":130.0,""k_stuff_plus"":100.08,""k_location_plus"":95.2,""whiff_rate"":0.0941,""csw_rate"":0.2471},{""code"":""SL"",""name"":""Slider"",""n"":76,""usage_pct"":8.8,""speed"":135.8,""k_stuff_plus"":95.68,""k_location_plus"":103.7,""whiff_rate"":0.0658,""csw_rate"":0.2368},{""code"":""FC"",""name"":""Cutter"",""n"":11,""usage_pct"":1.3,""speed"":139.7,""k_stuff_plus"":96.24,""k_location_plus"":99.7,""whiff_rate"":0.0,""csw_rate"":0.1818}]","","0","kbo-pitcher-abilities-v1-official-tracking-regressed","https://www.koreabaseball.com/Record/Player/PitcherDetail/Total.aspx?playerId=69108","https://www.kbostuff.app/stuff/69108?season=2025"
"2025","61101","KBO-61101","LG 트윈스","임찬규","KBO","670","160.3","high","Four-seam/Curve/Changeup/Slider/Cutter","8","11","16","15","20","14","4","19","18","10","","10","11","10","10","","","","139.8","94.9","108.7","0.083","0.292","0.160","0.060","0.013","3.69","[{""code"":""FF"",""name"":""Four-seam"",""n"":846,""usage_pct"":34.1,""speed"":140.0,""k_stuff_plus"":94.66,""k_location_plus"":111.3,""whiff_rate"":0.0378,""csw_rate"":0.3168},{""code"":""CU"",""name"":""Curve"",""n"":712,""usage_pct"":28.7,""speed"":110.4,""k_stuff_plus"":97.41,""k_location_plus"":103.4,""whiff_rate"":0.0744,""csw_rate"":0.2879},{""code"":""CH"",""name"":""Changeup"",""n"":651,""usage_pct"":26.2,""speed"":126.8,""k_stuff_plus"":97.82,""k_location_plus"":116.6,""whiff_rate"":0.1505,""csw_rate"":0.2811},{""code"":""SL"",""name"":""Slider"",""n"":249,""usage_pct"":10,""speed"":131.7,""k_stuff_plus"":94.57,""k_location_plus"":102.3,""whiff_rate"":0.0884,""csw_rate"":0.2691},{""code"":""FC"",""name"":""Cutter"",""n"":22,""usage_pct"":0.9,""speed"":131.9,""k_stuff_plus"":98.95,""k_location_plus"":100.7,""whiff_rate"":0.0455,""csw_rate"":0.0909}]","","0","kbo-pitcher-abilities-v1-official-tracking-regressed","https://www.koreabaseball.com/Record/Player/PitcherDetail/Total.aspx?playerId=61101","https://www.kbostuff.app/stuff/61101?season=2025"
"2025","63950","KBO-63950","LG 트윈스","장현식","KBO","234","49.7","medium","Four-seam/Slider/Splitter","12","10","10","10","10","9","6","13","10","10","","","","11","","10","","","147.2","99.4","101.8","0.076","0.257","0.162","0.090","0.017","4.53","[{""code"":""FF"",""name"":""Four-seam"",""n"":411,""usage_pct"":46.8,""speed"":147.2,""k_stuff_plus"":97.13,""k_location_plus"":102.8,""whiff_rate"":0.0316,""csw_rate"":0.2311},{""code"":""SL"",""name"":""Slider"",""n"":296,""usage_pct"":33.7,""speed"":133.4,""k_stuff_plus"":105.93,""k_location_plus"":100.6,""whiff_rate"":0.1588,""csw_rate"":0.3581},{""code"":""FS"",""name"":""Splitter"",""n"":171,""usage_pct"":19.5,""speed"":141.8,""k_stuff_plus"":93.95,""k_location_plus"":102.2,""whiff_rate"":0.0409,""csw_rate"":0.1462}]","","0","kbo-pitcher-abilities-v1-official-tracking-regressed","https://www.koreabaseball.com/Record/Player/PitcherDetail/Total.aspx?playerId=63950","https://www.kbostuff.app/stuff/63950?season=2025"
"2025","69159","KBO-69159","LG 트윈스","정우영","KBO","13","2.7","low","Sinker/Slider","12","10","9","9","8","10","14","6","7","","10","","","","","","","","145.7","101.0","89.2","0.036","0.250","0.231","0.308","0.077","11.69","[{""code"":""SI"",""name"":""Sinker"",""n"":53,""usage_pct"":94.6,""speed"":145.7,""k_stuff_plus"":106.72,""k_location_plus"":86.6,""whiff_rate"":0.0377,""csw_rate"":0.2642},{""code"":""SL"",""name"":""Slider"",""n"":3,""usage_pct"":5.4,""speed"":131.3,""k_stuff_plus"":97.61,""k_location_plus"":97.0,""whiff_rate"":0.0,""csw_rate"":0.0}]","","0","kbo-pitcher-abilities-v1-official-tracking-regressed","https://www.koreabaseball.com/Record/Player/PitcherDetail/Total.aspx?playerId=69159","https://www.kbostuff.app/stuff/69159?season=2025"
"2025","54148","KBO-54148","LG 트윈스","진우영","FUTURES","234","52.7","medium","","8","14","9","14","10","12","16","3","15","","","","","","","","","","","","","","","0.214","0.150","0.017","5.59","[]","","0","kbo-pitcher-abilities-v1-official-tracking-regressed","https://www.koreabaseball.com/Futures/Player/PitcherTotal.aspx?playerId=54148",""
"2025","68419","KBO-68419","LG 트윈스","최채흥","KBO","132","29.0","medium","Four-seam/Slider/Curve/Changeup","7","8","10","8","12","8","7","10","9","10","","","10","10","10","","","","138.0","92.5","105.1","0.081","0.249","0.159","0.106","0.023","4.89","[{""code"":""FF"",""name"":""Four-seam"",""n"":198,""usage_pct"":39.1,""speed"":138.0,""k_stuff_plus"":93.54,""k_location_plus"":104.4,""whiff_rate"":0.0404,""csw_rate"":0.2626},{""code"":""SL"",""name"":""Slider"",""n"":195,""usage_pct"":38.5,""speed"":129.8,""k_stuff_plus"":94.39,""k_location_plus"":109.4,""whiff_rate"":0.1231,""csw_rate"":0.2769},{""code"":""CU"",""name"":""Curve"",""n"":59,""usage_pct"":11.6,""speed"":108.8,""k_stuff_plus"":98.21,""k_location_plus"":90.8,""whiff_rate"":0.0678,""csw_rate"":0.1695},{""code"":""CH"",""name"":""Changeup"",""n"":55,""usage_pct"":10.8,""speed"":122.7,""k_stuff_plus"":96.4,""k_location_plus"":104.9,""whiff_rate"":0.0909,""csw_rate"":0.1818}]","","0","kbo-pitcher-abilities-v1-official-tracking-regressed","https://www.koreabaseball.com/Record/Player/PitcherDetail/Total.aspx?playerId=68419","https://www.kbostuff.app/stuff/68419?season=2025"
"2025","55163","KBO-55163","LG 트윈스","추세현","FUTURES","15","2.7","low","","8","10","6","9","6","8","11","5","8","","","","","","","","","","","","","","","0.200","0.267","0.000","6.41","[]","","0","kbo-pitcher-abilities-v1-official-tracking-regressed","https://www.koreabaseball.com/Futures/Player/PitcherTotal.aspx?playerId=55163",""
"2025","55146","KBO-55146","LG 트윈스","치리노스","KBO","737","177.0","high","Sinker/Splitter/Slider/Sweeper/Four-seam","13","13","15","18","20","17","10","19","19","10","10","","","11","","11","10","","148.7","96.5","106.5","0.097","0.298","0.186","0.049","0.007","3.02","[{""code"":""SI"",""name"":""Sinker"",""n"":1292,""usage_pct"":46.1,""speed"":148.6,""k_stuff_plus"":96.06,""k_location_plus"":107.4,""whiff_rate"":0.0464,""csw_rate"":0.2817},{""code"":""FS"",""name"":""Splitter"",""n"":734,""usage_pct"":26.2,""speed"":137.6,""k_stuff_plus"":101.86,""k_location_plus"":104.8,""whiff_rate"":0.188,""csw_rate"":0.2888},{""code"":""SL"",""name"":""Slider"",""n"":389,""usage_pct"":13.9,""speed"":136.1,""k_stuff_plus"":100.2,""k_location_plus"":107.7,""whiff_rate"":0.0797,""csw_rate"":0.3496},{""code"":""ST"",""name"":""Sweeper"",""n"":283,""usage_pct"":10.1,""speed"":135.4,""k_stuff_plus"":99.1,""k_location_plus"":106.5,""whiff_rate"":0.1095,""csw_rate"":0.3852},{""code"":""FF"",""name"":""Four-seam"",""n"":102,""usage_pct"":3.6,""speed"":149.4,""k_stuff_plus"":105.24,""k_location_plus"":85.2,""whiff_rate"":0.1078,""csw_rate"":0.1373},{""code"":""CU"",""name"":""Curve"",""n"":1,""usage_pct"":0,""speed"":116.0,""k_stuff_plus"":null,""k_location_plus"":96.5,""whiff_rate"":0.0,""csw_rate"":0.0}]","","0","kbo-pitcher-abilities-v1-official-tracking-regressed","https://www.koreabaseball.com/Record/Player/PitcherDetail/Total.aspx?playerId=55146","https://www.kbostuff.app/stuff/55146?season=2025"
"2025","55130","KBO-55130","LG 트윈스","톨허스트","KBO","184","44.0","medium","Four-seam/Cutter/Splitter/Curve/Slider","12","15","14","18","18","17","18","14","18","11","","10","","10","10","10","","","147.1","104.2","106.6","0.092","0.299","0.245","0.087","0.011","3.21","[{""code"":""FF"",""name"":""Four-seam"",""n"":303,""usage_pct"":42.7,""speed"":151.1,""k_stuff_plus"":104.34,""k_location_plus"":110.0,""whiff_rate"":0.0759,""csw_rate"":0.3432},{""code"":""FC"",""name"":""Cutter"",""n"":154,""usage_pct"":21.7,""speed"":139.3,""k_stuff_plus"":99.04,""k_location_plus"":104.7,""whiff_rate"":0.0909,""csw_rate"":0.3117},{""code"":""FS"",""name"":""Splitter"",""n"":131,""usage_pct"":18.5,""speed"":135.2,""k_stuff_plus"":101.61,""k_location_plus"":91.9,""whiff_rate"":0.1679,""csw_rate"":0.1985},{""code"":""CU"",""name"":""Curve"",""n"":74,""usage_pct"":10.4,""speed"":122.8,""k_stuff_plus"":96.27,""k_location_plus"":104.5,""whiff_rate"":0.0541,""csw_rate"":0.3784},{""code"":""SL"",""name"":""Slider"",""n"":47,""usage_pct"":6.6,""speed"":139.4,""k_stuff_plus"":96.16,""k_location_plus"":105.9,""whiff_rate"":0.0426,""csw_rate"":0.1277}]","","0","kbo-pitcher-abilities-v1-official-tracking-regressed","https://www.koreabaseball.com/Record/Player/PitcherDetail/Total.aspx?playerId=55130","https://www.kbostuff.app/stuff/55130?season=2025"
"2025","63248","KBO-63248","LG 트윈스","함덕주","KBO","113","27.0","medium","Four-seam/Changeup/Slider/Curve","8","13","9","17","9","13","17","3","12","10","","","10","10","","","","","139.4","96.9","101.4","0.090","0.295","0.230","0.159","0.009","3.99","[{""code"":""FF"",""name"":""Four-seam"",""n"":243,""usage_pct"":53.2,""speed"":139.4,""k_stuff_plus"":95.66,""k_location_plus"":103.3,""whiff_rate"":0.0617,""csw_rate"":0.3251},{""code"":""CH"",""name"":""Changeup"",""n"":130,""usage_pct"":28.4,""speed"":125.5,""k_stuff_plus"":100.82,""k_location_plus"":100.3,""whiff_rate"":0.1462,""csw_rate"":0.2692},{""code"":""SL"",""name"":""Slider"",""n"":81,""usage_pct"":17.7,""speed"":125.6,""k_stuff_plus"":97.48,""k_location_plus"":93.8,""whiff_rate"":0.0864,""csw_rate"":0.2593},{""code"":""CU"",""name"":""Curve"",""n"":3,""usage_pct"":0.7,""speed"":117.3,""k_stuff_plus"":99.97,""k_location_plus"":101.1,""whiff_rate"":0.0,""csw_rate"":0.0}]","","0","kbo-pitcher-abilities-v1-official-tracking-regressed","https://www.koreabaseball.com/Record/Player/PitcherDetail/Total.aspx?playerId=63248","https://www.kbostuff.app/stuff/63248?season=2025"
"2025","53102","KBO-53102","LG 트윈스","허용주","FUTURES","40","9.0","low","","8","12","10","13","7","11","11","7","10","","","","","","","","","","","","","","","0.175","0.175","0.000","5.27","[]","","0","kbo-pitcher-abilities-v1-official-tracking-regressed","https://www.koreabaseball.com/Futures/Player/PitcherTotal.aspx?playerId=53102",""
"2025","52119","KBO-52119","LG 트윈스","허준혁","FUTURES","106","21.7","medium","","8","7","6","6","7","8","11","6","11","","","","","","","","","","","","","","","0.179","0.151","0.038","7.03","[]","","0","kbo-pitcher-abilities-v1-official-tracking-regressed","https://www.koreabaseball.com/Futures/Player/PitcherTotal.aspx?playerId=52119",""
"2025","65933","KBO-65933","NC 다이노스","구창모","KBO","59","14.3","low","Four-seam/Slider/Splitter/Curve","10","14","14","15","14","18","19","17","17","10","","","","10","","10","","","142.2","100.6","103.0","0.088","0.304","0.305","0.051","0.017","2.46","[{""code"":""FF"",""name"":""Four-seam"",""n"":121,""usage_pct"":48.4,""speed"":142.2,""k_stuff_plus"":102.6,""k_location_plus"":103.2,""whiff_rate"":0.0579,""csw_rate"":0.3388},{""code"":""SL"",""name"":""Slider"",""n"":65,""usage_pct"":26,""speed"":130.8,""k_stuff_plus"":98.74,""k_location_plus"":103.2,""whiff_rate"":0.0923,""csw_rate"":0.3077},{""code"":""FS"",""name"":""Splitter"",""n"":57,""usage_pct"":22.8,""speed"":130.8,""k_stuff_plus"":99.78,""k_location_plus"":101.3,""whiff_rate"":0.1579,""csw_rate"":0.2632},{""code"":""CU"",""name"":""Curve"",""n"":7,""usage_pct"":2.8,""speed"":115.1,""k_stuff_plus"":92.94,""k_location_plus"":98.7,""whiff_rate"":0.0,""csw_rate"":0.0}]","","0","kbo-pitcher-abilities-v1-official-tracking-regressed","https://www.koreabaseball.com/Record/Player/PitcherDetail/Total.aspx?playerId=65933","https://www.kbostuff.app/stuff/65933?season=2025"
"2025","52995","KBO-52995","NC 다이노스","김녹원","KBO","327","70.0","high","Four-seam/Changeup/Slider/Curve/Cutter","12","6","6","4","14","2","1","2","3","10","","","10","10","10","","","","146.1","97.6","101.9","0.072","0.231","0.113","0.144","0.031","6.38","[{""code"":""FF"",""name"":""Four-seam"",""n"":561,""usage_pct"":43.7,""speed"":146.2,""k_stuff_plus"":98.98,""k_location_plus"":101.1,""whiff_rate"":0.0446,""csw_rate"":0.2139},{""code"":""CH"",""name"":""Changeup"",""n"":378,""usage_pct"":29.4,""speed"":133.9,""k_stuff_plus"":98.14,""k_location_plus"":108.9,""whiff_rate"":0.0926,""csw_rate"":0.2381},{""code"":""SL"",""name"":""Slider"",""n"":248,""usage_pct"":19.3,""speed"":137.2,""k_stuff_plus"":98.14,""k_location_plus"":96.8,""whiff_rate"":0.1008,""csw_rate"":0.2661},{""code"":""CU"",""name"":""Curve"",""n"":88,""usage_pct"":6.9,""speed"":127.8,""k_stuff_plus"":99.04,""k_location_plus"":94.9,""whiff_rate"":0.0795,""csw_rate"":0.1932},{""code"":""FC"",""name"":""Cutter"",""n"":9,""usage_pct"":0.7,""speed"":140.0,""k_stuff_plus"":null,""k_location_plus"":96.8,""whiff_rate"":0.0,""csw_rate"":0.3333}]","","0","kbo-pitcher-abilities-v1-official-tracking-regressed","https://www.koreabaseball.com/Record/Player/PitcherDetail/Total.aspx?playerId=52995","https://www.kbostuff.app/stuff/52995?season=2025"
"2025","54913","KBO-54913","NC 다이노스","김민규","KBO","23","4.7","low","Sinker/Slider/Changeup/Curve","9","10","9","12","8","9","7","8","10","","10","","","10","","","","","141.5","95.9","92.2","0.115","0.260","0.087","0.174","0.000","5.15","[{""code"":""SI"",""name"":""Sinker"",""n"":58,""usage_pct"":60.4,""speed"":141.5,""k_stuff_plus"":97.85,""k_location_plus"":97.4,""whiff_rate"":0.069,""csw_rate"":0.2759},{""code"":""SL"",""name"":""Slider"",""n"":28,""usage_pct"":29.2,""speed"":134.3,""k_stuff_plus"":102.25,""k_location_plus"":93.8,""whiff_rate"":0.2143,""csw_rate"":0.2857},{""code"":""CH"",""name"":""Changeup"",""n"":5,""usage_pct"":5.2,""speed"":129.6,""k_stuff_plus"":96.2,""k_location_plus"":98.2,""whiff_rate"":0.0,""csw_rate"":0.0},{""code"":""CU"",""name"":""Curve"",""n"":5,""usage_pct"":5.2,""speed"":124.8,""k_stuff_plus"":105.09,""k_location_plus"":94.9,""whiff_rate"":0.2,""csw_rate"":0.2}]","","0","kbo-pitcher-abilities-v1-official-tracking-regressed","https://www.koreabaseball.com/Record/Player/PitcherDetail/Total.aspx?playerId=54913","https://www.kbostuff.app/stuff/54913?season=2025"
"2025","68900","KBO-68900","NC 다이노스","김영규","KBO","189","44.0","medium","Four-seam/Slider/Splitter","11","12","12","14","10","13","11","12","17","10","","","","10","","10","","","144.2","100.8","98.7","0.112","0.274","0.185","0.095","0.016","4.17","[{""code"":""FF"",""name"":""Four-seam"",""n"":354,""usage_pct"":46.5,""speed"":144.2,""k_stuff_plus"":101.41,""k_location_plus"":98.0,""whiff_rate"":0.0537,""csw_rate"":0.2599},{""code"":""SL"",""name"":""Slider"",""n"":276,""usage_pct"":36.2,""speed"":134.0,""k_stuff_plus"":98.92,""k_location_plus"":102.2,""whiff_rate"":0.1594,""csw_rate"":0.3007},{""code"":""FS"",""name"":""Splitter"",""n"":132,""usage_pct"":17.3,""speed"":131.8,""k_stuff_plus"":102.86,""k_location_plus"":95.9,""whiff_rate"":0.1667,""csw_rate"":0.2576}]","","0","kbo-pitcher-abilities-v1-official-tracking-regressed","https://www.koreabaseball.com/Record/Player/PitcherDetail/Total.aspx?playerId=68900","https://www.kbostuff.app/stuff/68900?season=2025"
"2025","64580","KBO-64580","NC 다이노스","김재열","KBO","111","21.7","medium","Four-seam/Splitter/Slider/Cutter/Curve","9","7","6","3","9","4","6","5","4","10","","10","","10","10","10","","","141.8","99.9","100.0","0.088","0.275","0.144","0.144","0.045","7.32","[{""code"":""FF"",""name"":""Four-seam"",""n"":134,""usage_pct"":33.8,""speed"":144.2,""k_stuff_plus"":100.46,""k_location_plus"":100.1,""whiff_rate"":0.0373,""csw_rate"":0.2015},{""code"":""FS"",""name"":""Splitter"",""n"":131,""usage_pct"":33,""speed"":130.0,""k_stuff_plus"":98.73,""k_location_plus"":102.4,""whiff_rate"":0.1298,""csw_rate"":0.2748},{""code"":""SL"",""name"":""Slider"",""n"":75,""usage_pct"":18.9,""speed"":125.1,""k_stuff_plus"":94.93,""k_location_plus"":100.3,""whiff_rate"":0.0933,""csw_rate"":0.3467},{""code"":""FC"",""name"":""Cutter"",""n"":41,""usage_pct"":10.3,""speed"":134.0,""k_stuff_plus"":99.41,""k_location_plus"":105.3,""whiff_rate"":0.0976,""csw_rate"":0.4146},{""code"":""CU"",""name"":""Curve"",""n"":16,""usage_pct"":4,""speed"":120.9,""k_stuff_plus"":117.31,""k_location_plus"":94.0,""whiff_rate"":0.125,""csw_rate"":0.1875}]","","0","kbo-pitcher-abilities-v1-official-tracking-regressed","https://www.koreabaseball.com/Record/Player/PitcherDetail/Total.aspx?playerId=64580","https://www.kbostuff.app/stuff/64580?season=2025"
"2025","67954","KBO-67954","NC 다이노스","김진호","KBO","316","72.3","high","Four-seam/Changeup/Slider","12","12","8","16","10","11","17","2","15","10","","","10","10","","","","","146.6","100.7","91.2","0.107","0.278","0.222","0.142","0.016","4.64","[{""code"":""FF"",""name"":""Four-seam"",""n"":715,""usage_pct"":55,""speed"":146.6,""k_stuff_plus"":98.2,""k_location_plus"":97.7,""whiff_rate"":0.0741,""csw_rate"":0.2783},{""code"":""CH"",""name"":""Changeup"",""n"":513,""usage_pct"":39.5,""speed"":128.1,""k_stuff_plus"":102.97,""k_location_plus"":88.6,""whiff_rate"":0.1501,""csw_rate"":0.2904},{""code"":""SL"",""name"":""Slider"",""n"":72,""usage_pct"":5.5,""speed"":129.5,""k_stuff_plus"":103.37,""k_location_plus"":87.1,""whiff_rate"":0.125,""csw_rate"":0.1944}]","","0","kbo-pitcher-abilities-v1-official-tracking-regressed","https://www.koreabaseball.com/Record/Player/PitcherDetail/Total.aspx?playerId=67954","https://www.kbostuff.app/stuff/67954?season=2025"
"2025","50992","KBO-50992","NC 다이노스","김태경","KBO","62","11.0","low","Four-seam/Slider/Curve/Splitter","8","7","7","4","10","5","9","6","2","10","","","","10","9","10","","","139.0","94.7","95.5","0.049","0.252","0.161","0.145","0.065","9.35","[{""code"":""FF"",""name"":""Four-seam"",""n"":106,""usage_pct"":39.8,""speed"":139.0,""k_stuff_plus"":98.44,""k_location_plus"":99.8,""whiff_rate"":0.0283,""csw_rate"":0.2736},{""code"":""SL"",""name"":""Slider"",""n"":68,""usage_pct"":25.6,""speed"":126.6,""k_stuff_plus"":95.33,""k_location_plus"":104.5,""whiff_rate"":0.0882,""csw_rate"":0.2941},{""code"":""CU"",""name"":""Curve"",""n"":50,""usage_pct"":18.8,""speed"":112.7,""k_stuff_plus"":94.24,""k_location_plus"":91.6,""whiff_rate"":0.04,""csw_rate"":0.2},{""code"":""FS"",""name"":""Splitter"",""n"":42,""usage_pct"":15.8,""speed"":129.1,""k_stuff_plus"":94.94,""k_location_plus"":97.5,""whiff_rate"":0.0476,""csw_rate"":0.1905}]","","0","kbo-pitcher-abilities-v1-official-tracking-regressed","https://www.koreabaseball.com/Record/Player/PitcherDetail/Total.aspx?playerId=50992","https://www.kbostuff.app/stuff/50992?season=2025"
"2025","67956","KBO-67956","NC 다이노스","김태현","KBO","17","3.0","low","Four-seam/Slider/Splitter","8","8","9","6","8","8","11","9","6","10","","","","10","","","","","140.1","97.1","90.9","0.101","0.261","0.118","0.176","0.118","15.77","[{""code"":""FF"",""name"":""Four-seam"",""n"":33,""usage_pct"":47.8,""speed"":140.1,""k_stuff_plus"":93.36,""k_location_plus"":95.4,""whiff_rate"":0.0,""csw_rate"":0.2727},{""code"":""SL"",""name"":""Slider"",""n"":31,""usage_pct"":44.9,""speed"":129.3,""k_stuff_plus"":101.96,""k_location_plus"":90.5,""whiff_rate"":0.2258,""csw_rate"":0.2903},{""code"":""FS"",""name"":""Splitter"",""n"":5,""usage_pct"":7.2,""speed"":131.8,""k_stuff_plus"":95.8,""k_location_plus"":102.4,""whiff_rate"":0.0,""csw_rate"":0.0}]","","0","kbo-pitcher-abilities-v1-official-tracking-regressed","https://www.koreabaseball.com/Record/Player/PitcherDetail/Total.aspx?playerId=67956","https://www.kbostuff.app/stuff/67956?season=2025"
"2025","55995","KBO-55995","NC 다이노스","김태훈","KBO","94","19.0","low","Four-seam/Slider/Splitter","13","6","6","4","9","3","2","3","8","10","","","","10","","","","","148.6","101.5","94.0","0.086","0.225","0.096","0.170","0.043","7.91","[{""code"":""FF"",""name"":""Four-seam"",""n"":220,""usage_pct"":65.1,""speed"":148.6,""k_stuff_plus"":97.23,""k_location_plus"":97.5,""whiff_rate"":0.0591,""csw_rate"":0.2136},{""code"":""SL"",""name"":""Slider"",""n"":110,""usage_pct"":32.5,""speed"":132.3,""k_stuff_plus"":109.08,""k_location_plus"":91.7,""whiff_rate"":0.1455,""csw_rate"":0.2636},{""code"":""FS"",""name"":""Splitter"",""n"":8,""usage_pct"":2.4,""speed"":130.8,""k_stuff_plus"":96.22,""k_location_plus"":100.1,""whiff_rate"":0.0,""csw_rate"":0.0}]","","0","kbo-pitcher-abilities-v1-official-tracking-regressed","https://www.koreabaseball.com/Record/Player/PitcherDetail/Total.aspx?playerId=55995","https://www.kbostuff.app/stuff/55995?season=2025"
"2025","55903","KBO-55903","NC 다이노스","라일리","KBO","709","172.0","high","Four-seam/Slider/Curve/Splitter","14","14","15","13","20","19","20","17","18","12","","","","11","11","11","","","149.9","110.1","105.3","0.138","0.331","0.305","0.079","0.025","3.32","[{""code"":""FF"",""name"":""Four-seam"",""n"":1359,""usage_pct"":46.7,""speed"":149.9,""k_stuff_plus"":109.26,""k_location_plus"":103.4,""whiff_rate"":0.0979,""csw_rate"":0.2958},{""code"":""SL"",""name"":""Slider"",""n"":699,""usage_pct"":24,""speed"":136.9,""k_stuff_plus"":107.23,""k_location_plus"":106.2,""whiff_rate"":0.1817,""csw_rate"":0.4092},{""code"":""CU"",""name"":""Curve"",""n"":498,""usage_pct"":17.1,""speed"":131.7,""k_stuff_plus"":106.01,""k_location_plus"":103.2,""whiff_rate"":0.1667,""csw_rate"":0.3233},{""code"":""FS"",""name"":""Splitter"",""n"":354,""usage_pct"":12.2,""speed"":134.4,""k_stuff_plus"":103.35,""k_location_plus"":116.6,""whiff_rate"":0.1667,""csw_rate"":0.3249}]","","0","kbo-pitcher-abilities-v1-official-tracking-regressed","https://www.koreabaseball.com/Record/Player/PitcherDetail/Total.aspx?playerId=55903","https://www.kbostuff.app/stuff/55903?season=2025"
"2025","55912","KBO-55912","NC 다이노스","로건","KBO","770","173.0","high","Four-seam/Slider/Cutter/Changeup/Sinker/Curve/Sweeper","10","11","12","10","20","13","12","14","12","11","10","10","10","10","10","","10","","142.2","100.7","105.7","0.095","0.287","0.194","0.087","0.023","4.40","[{""code"":""FF"",""name"":""Four-seam"",""n"":971,""usage_pct"":32.1,""speed"":144.9,""k_stuff_plus"":104.66,""k_location_plus"":100.6,""whiff_rate"":0.0494,""csw_rate"":0.2822},{""code"":""SL"",""name"":""Slider"",""n"":690,""usage_pct"":22.8,""speed"":127.2,""k_stuff_plus"":98.54,""k_location_plus"":109.3,""whiff_rate"":0.1304,""csw_rate"":0.3391},{""code"":""FC"",""name"":""Cutter"",""n"":546,""usage_pct"":18,""speed"":137.6,""k_stuff_plus"":97.53,""k_location_plus"":108.0,""whiff_rate"":0.0971,""csw_rate"":0.2656},{""code"":""CH"",""name"":""Changeup"",""n"":481,""usage_pct"":15.9,""speed"":128.3,""k_stuff_plus"":98.43,""k_location_plus"":103.0,""whiff_rate"":0.1414,""csw_rate"":0.2495},{""code"":""SI"",""name"":""Sinker"",""n"":200,""usage_pct"":6.6,""speed"":141.3,""k_stuff_plus"":97.74,""k_location_plus"":102.4,""whiff_rate"":0.04,""csw_rate"":0.315},{""code"":""CU"",""name"":""Curve"",""n"":116,""usage_pct"":3.8,""speed"":119.5,""k_stuff_plus"":99.32,""k_location_plus"":97.8,""whiff_rate"":0.1379,""csw_rate"":0.2241},{""code"":""ST"",""name"":""Sweeper"",""n"":24,""usage_pct"":0.8,""speed"":126.9,""k_stuff_plus"":98.85,""k_location_plus"":102.9,""whiff_rate"":0.1667,""csw_rate"":0.2917}]","","0","kbo-pitcher-abilities-v1-official-tracking-regressed","https://www.koreabaseball.com/Record/Player/PitcherDetail/Total.aspx?playerId=55912","https://www.kbostuff.app/stuff/55912?season=2025"
"2025","65949","KBO-65949","NC 다이노스","류진욱","KBO","275","66.0","medium","Four-seam/Splitter/Cutter/Slider","12","12","12","13","10","14","15","10","17","10","","10","","","","10","","","146.1","102.5","103.9","0.096","0.288","0.207","0.102","0.022","4.44","[{""code"":""FF"",""name"":""Four-seam"",""n"":604,""usage_pct"":57,""speed"":147.5,""k_stuff_plus"":98.85,""k_location_plus"":106.3,""whiff_rate"":0.0762,""csw_rate"":0.3146},{""code"":""FS"",""name"":""Splitter"",""n"":333,""usage_pct"":31.4,""speed"":137.1,""k_stuff_plus"":102.48,""k_location_plus"":99.2,""whiff_rate"":0.1351,""csw_rate"":0.2523},{""code"":""FC"",""name"":""Cutter"",""n"":117,""usage_pct"":11,""speed"":139.0,""k_stuff_plus"":101.46,""k_location_plus"":102.3,""whiff_rate"":0.0855,""csw_rate"":0.2564},{""code"":""SL"",""name"":""Slider"",""n"":5,""usage_pct"":0.5,""speed"":137.8,""k_stuff_plus"":91.25,""k_location_plus"":96.0,""whiff_rate"":0.2,""csw_rate"":0.2}]","","0","kbo-pitcher-abilities-v1-official-tracking-regressed","https://www.koreabaseball.com/Record/Player/PitcherDetail/Total.aspx?playerId=65949","https://www.kbostuff.app/stuff/65949?season=2025"
"2025","53973","KBO-53973","NC 다이노스","목지훈","KBO","280","58.0","medium","Four-seam/Slider/Splitter/Curve/Sinker","11","8","6","7","15","4","5","2","4","10","10","","","10","10","10","","","145.1","99.1","97.8","0.065","0.251","0.161","0.150","0.021","5.66","[{""code"":""FF"",""name"":""Four-seam"",""n"":494,""usage_pct"":44.4,""speed"":145.1,""k_stuff_plus"":97.54,""k_location_plus"":99.9,""whiff_rate"":0.0223,""csw_rate"":0.2004},{""code"":""SL"",""name"":""Slider"",""n"":297,""usage_pct"":26.7,""speed"":133.5,""k_stuff_plus"":100.08,""k_location_plus"":102.7,""whiff_rate"":0.101,""csw_rate"":0.3502},{""code"":""FS"",""name"":""Splitter"",""n"":212,""usage_pct"":19.1,""speed"":128.9,""k_stuff_plus"":102.43,""k_location_plus"":93.6,""whiff_rate"":0.1038,""csw_rate"":0.2311},{""code"":""CU"",""name"":""Curve"",""n"":94,""usage_pct"":8.5,""speed"":121.1,""k_stuff_plus"":100.32,""k_location_plus"":95.7,""whiff_rate"":0.0957,""csw_rate"":0.2553},{""code"":""SI"",""name"":""Sinker"",""n"":15,""usage_pct"":1.3,""speed"":143.1,""k_stuff_plus"":99.68,""k_location_plus"":99.9,""whiff_rate"":0.0,""csw_rate"":0.2}]","","0","kbo-pitcher-abilities-v1-official-tracking-regressed","https://www.koreabaseball.com/Record/Player/PitcherDetail/Total.aspx?playerId=53973","https://www.kbostuff.app/stuff/53973?season=2025"
"2025","68097","KBO-68097","NC 다이노스","박주현","FUTURES","18","4.0","low","","8","11","12","11","6","12","10","11","13","","","","","","","","","","","","","","","0.167","0.111","0.000","4.16","[]","","0","kbo-pitcher-abilities-v1-official-tracking-regressed","https://www.koreabaseball.com/Futures/Player/PitcherTotal.aspx?playerId=68097",""
"2025","64995","KBO-64995","NC 다이노스","배재환","KBO","271","60.3","medium","Four-seam/Splitter/Slider/Sinker","12","11","7","16","10","9","12","3","12","9","","","","10","","10","","","146.8","100.0","90.3","0.099","0.260","0.188","0.137","0.011","4.78","[{""code"":""FF"",""name"":""Four-seam"",""n"":550,""usage_pct"":49.4,""speed"":146.8,""k_stuff_plus"":96.98,""k_location_plus"":88.5,""whiff_rate"":0.0691,""csw_rate"":0.2564},{""code"":""FS"",""name"":""Splitter"",""n"":310,""usage_pct"":27.9,""speed"":141.3,""k_stuff_plus"":102.19,""k_location_plus"":97.6,""whiff_rate"":0.1323,""csw_rate"":0.2258},{""code"":""SL"",""name"":""Slider"",""n"":252,""usage_pct"":22.6,""speed"":132.6,""k_stuff_plus"":101.7,""k_location_plus"":96.5,""whiff_rate"":0.123,""csw_rate"":0.3095},{""code"":""SI"",""name"":""Sinker"",""n"":1,""usage_pct"":0.1,""speed"":140.0,""k_stuff_plus"":null,""k_location_plus"":101.3,""whiff_rate"":0.0,""csw_rate"":0.0}]","","0","kbo-pitcher-abilities-v1-official-tracking-regressed","https://www.koreabaseball.com/Record/Player/PitcherDetail/Total.aspx?playerId=64995","https://www.kbostuff.app/stuff/64995?season=2025"
"2025","66068","KBO-66068","NC 다이노스","서의태","FUTURES","51","10.3","low","","8","5","3","7","7","4","5","1","8","","","","","","","","","","","","","","","0.098","0.235","0.020","8.23","[]","","0","kbo-pitcher-abilities-v1-official-tracking-regressed","https://www.koreabaseball.com/Futures/Player/PitcherTotal.aspx?playerId=66068",""
"2025","67962","KBO-67962","NC 다이노스","소이현","KBO","36","8.0","low","Four-seam/Slider/Changeup/Cutter","9","9","9","13","9","8","6","5","11","10","","10","10","10","","","","","140.9","94.9","97.8","0.038","0.211","0.083","0.194","0.000","5.69","[{""code"":""FF"",""name"":""Four-seam"",""n"":67,""usage_pct"":50.4,""speed"":141.9,""k_stuff_plus"":94.25,""k_location_plus"":104.0,""whiff_rate"":0.0448,""csw_rate"":0.2985},{""code"":""SL"",""name"":""Slider"",""n"":31,""usage_pct"":23.3,""speed"":127.5,""k_stuff_plus"":97.23,""k_location_plus"":98.8,""whiff_rate"":0.0323,""csw_rate"":0.1613},{""code"":""CH"",""name"":""Changeup"",""n"":18,""usage_pct"":13.5,""speed"":132.7,""k_stuff_plus"":96.53,""k_location_plus"":92.3,""whiff_rate"":0.0556,""csw_rate"":0.0556},{""code"":""FC"",""name"":""Cutter"",""n"":17,""usage_pct"":12.8,""speed"":137.1,""k_stuff_plus"":98.19,""k_location_plus"":99.9,""whiff_rate"":0.0,""csw_rate"":0.1176}]","","0","kbo-pitcher-abilities-v1-official-tracking-regressed","https://www.koreabaseball.com/Record/Player/PitcherDetail/Total.aspx?playerId=67962","https://www.kbostuff.app/stuff/67962?season=2025"
"2025","54904","KBO-54904","NC 다이노스","손주환","KBO","224","51.7","medium","Slider/Four-seam/Splitter/Sinker","13","9","13","10","10","11","7","14","13","10","","","","11","","10","","","147.4","100.8","103.9","0.090","0.286","0.165","0.085","0.022","4.43","[{""code"":""SL"",""name"":""Slider"",""n"":391,""usage_pct"":48.6,""speed"":135.8,""k_stuff_plus"":100.1,""k_location_plus"":108.0,""whiff_rate"":0.0997,""csw_rate"":0.3325},{""code"":""FF"",""name"":""Four-seam"",""n"":346,""usage_pct"":43,""speed"":147.4,""k_stuff_plus"":101.82,""k_location_plus"":99.4,""whiff_rate"":0.0809,""csw_rate"":0.2543},{""code"":""FS"",""name"":""Splitter"",""n"":66,""usage_pct"":8.2,""speed"":135.6,""k_stuff_plus"":98.94,""k_location_plus"":101.5,""whiff_rate"":0.0758,""csw_rate"":0.1818},{""code"":""SI"",""name"":""Sinker"",""n"":1,""usage_pct"":0.1,""speed"":148.0,""k_stuff_plus"":null,""k_location_plus"":96.9,""whiff_rate"":0.0,""csw_rate"":0.0}]","","0","kbo-pitcher-abilities-v1-official-tracking-regressed","https://www.koreabaseball.com/Record/Player/PitcherDetail/Total.aspx?playerId=54904","https://www.kbostuff.app/stuff/54904?season=2025"
"2025","68902","KBO-68902","NC 다이노스","신민혁","KBO","568","132.0","high","Changeup/Cutter/Four-seam/Splitter/Curve/Slider","5","6","14","6","18","11","3","20","12","9","","10","10","","10","10","","","134.7","93.3","108.0","0.073","0.259","0.148","0.046","0.040","5.16","[{""code"":""CH"",""name"":""Changeup"",""n"":928,""usage_pct"":40.5,""speed"":121.5,""k_stuff_plus"":94.2,""k_location_plus"":116.3,""whiff_rate"":0.0991,""csw_rate"":0.2726},{""code"":""FC"",""name"":""Cutter"",""n"":712,""usage_pct"":31.1,""speed"":132.7,""k_stuff_plus"":96.8,""k_location_plus"":103.9,""whiff_rate"":0.0702,""csw_rate"":0.2907},{""code"":""FF"",""name"":""Four-seam"",""n"":432,""usage_pct"":18.8,""speed"":138.0,""k_stuff_plus"":94.57,""k_location_plus"":94.2,""whiff_rate"":0.0278,""csw_rate"":0.2292},{""code"":""FS"",""name"":""Splitter"",""n"":201,""usage_pct"":8.8,""speed"":124.1,""k_stuff_plus"":93.36,""k_location_plus"":111.8,""whiff_rate"":0.0697,""csw_rate"":0.1642},{""code"":""CU"",""name"":""Curve"",""n"":14,""usage_pct"":0.6,""speed"":101.7,""k_stuff_plus"":null,""k_location_plus"":89.5,""whiff_rate"":0.0,""csw_rate"":0.0714},{""code"":""SL"",""name"":""Slider"",""n"":5,""usage_pct"":0.2,""speed"":113.8,""k_stuff_plus"":99.83,""k_location_plus"":96.9,""whiff_rate"":0.0,""csw_rate"":0.0}]","","0","kbo-pitcher-abilities-v1-official-tracking-regressed","https://www.koreabaseball.com/Record/Player/PitcherDetail/Total.aspx?playerId=68902","https://www.kbostuff.app/stuff/68902?season=2025"
"2025","53919","KBO-53919","NC 다이노스","신영우","KBO","68","14.3","low","Slider/Four-seam/Curve/Splitter","15","12","7","10","10","9","18","2","7","10","","","","11","10","","","","151.3","111.9","84.8","0.109","0.308","0.279","0.235","0.029","6.58","[{""code"":""SL"",""name"":""Slider"",""n"":151,""usage_pct"":50,""speed"":135.0,""k_stuff_plus"":110.81,""k_location_plus"":91.6,""whiff_rate"":0.1457,""csw_rate"":0.3709},{""code"":""FF"",""name"":""Four-seam"",""n"":119,""usage_pct"":39.4,""speed"":151.3,""k_stuff_plus"":105.24,""k_location_plus"":87.6,""whiff_rate"":0.0504,""csw_rate"":0.2521},{""code"":""CU"",""name"":""Curve"",""n"":30,""usage_pct"":9.9,""speed"":130.3,""k_stuff_plus"":104.67,""k_location_plus"":90.9,""whiff_rate"":0.1667,""csw_rate"":0.2333},{""code"":""FS"",""name"":""Splitter"",""n"":2,""usage_pct"":0.7,""speed"":139.0,""k_stuff_plus"":null,""k_location_plus"":95.4,""whiff_rate"":0.0,""csw_rate"":0.0}]","","0","kbo-pitcher-abilities-v1-official-tracking-regressed","https://www.koreabaseball.com/Record/Player/PitcherDetail/Total.aspx?playerId=53919","https://www.kbostuff.app/stuff/53919?season=2025"
"2025","54906","KBO-54906","NC 다이노스","원종해","FUTURES","141","28.3","medium","","8","10","13","11","12","11","6","15","7","","","","","","","","","","","","","","","0.149","0.085","0.014","5.72","[]","","0","kbo-pitcher-abilities-v1-official-tracking-regressed","https://www.koreabaseball.com/Futures/Player/PitcherTotal.aspx?playerId=54906",""
"2025","55997","KBO-55997","NC 다이노스","이세민","FUTURES","150","33.0","medium","","8","8","10","8","14","10","13","9","12","","","","","","","","","","","","","","","0.187","0.140","0.033","6.53","[]","","0","kbo-pitcher-abilities-v1-official-tracking-regressed","https://www.koreabaseball.com/Futures/Player/PitcherTotal.aspx?playerId=55997",""
"2025","77211","KBO-77211","NC 다이노스","이용찬","KBO","83","15.3","low","Four-seam/Splitter/Curve/Slider","10","10","7","11","9","7","10","6","3","9","","","","10","10","10","","","143.0","96.9","92.4","0.082","0.267","0.169","0.145","0.012","5.59","[{""code"":""FF"",""name"":""Four-seam"",""n"":133,""usage_pct"":40.4,""speed"":143.0,""k_stuff_plus"":98.19,""k_location_plus"":92.4,""whiff_rate"":0.0526,""csw_rate"":0.2556},{""code"":""FS"",""name"":""Splitter"",""n"":117,""usage_pct"":35.6,""speed"":128.2,""k_stuff_plus"":97.77,""k_location_plus"":99.1,""whiff_rate"":0.1368,""csw_rate"":0.265},{""code"":""CU"",""name"":""Curve"",""n"":63,""usage_pct"":19.1,""speed"":121.7,""k_stuff_plus"":98.39,""k_location_plus"":99.9,""whiff_rate"":0.0635,""csw_rate"":0.3175},{""code"":""SL"",""name"":""Slider"",""n"":16,""usage_pct"":4.9,""speed"":130.8,""k_stuff_plus"":96.4,""k_location_plus"":100.1,""whiff_rate"":0.0,""csw_rate"":0.1875}]","","0","kbo-pitcher-abilities-v1-official-tracking-regressed","https://www.koreabaseball.com/Record/Player/PitcherDetail/Total.aspx?playerId=77211","https://www.kbostuff.app/stuff/77211?season=2025"
"2025","60263","KBO-60263","NC 다이노스","이재학","NONE","0","0.0","none","","8","8","8","8","8","8","8","8","8","","","","","","","","","","","","","","","","","","","[]","","0","kbo-pitcher-abilities-v1-official-tracking-regressed","",""
"2025","52992","KBO-52992","NC 다이노스","이준혁","KBO","170","37.0","medium","Slider/Four-seam/Curve/Changeup","11","7","8","4","11","6","9","7","4","9","","","9","10","10","","","","145.0","98.4","96.5","0.088","0.286","0.176","0.118","0.047","6.74","[{""code"":""SL"",""name"":""Slider"",""n"":302,""usage_pct"":43.5,""speed"":132.1,""k_stuff_plus"":100.83,""k_location_plus"":102.3,""whiff_rate"":0.1391,""csw_rate"":0.3974},{""code"":""FF"",""name"":""Four-seam"",""n"":257,""usage_pct"":37,""speed"":145.0,""k_stuff_plus"":94.73,""k_location_plus"":95.0,""whiff_rate"":0.035,""csw_rate"":0.2062},{""code"":""CU"",""name"":""Curve"",""n"":81,""usage_pct"":11.7,""speed"":123.3,""k_stuff_plus"":104.56,""k_location_plus"":97.4,""whiff_rate"":0.0988,""csw_rate"":0.2593},{""code"":""CH"",""name"":""Changeup"",""n"":55,""usage_pct"":7.9,""speed"":132.0,""k_stuff_plus"":95.76,""k_location_plus"":90.7,""whiff_rate"":0.0364,""csw_rate"":0.0909}]","","0","kbo-pitcher-abilities-v1-official-tracking-regressed","https://www.koreabaseball.com/Record/Player/PitcherDetail/Total.aspx?playerId=52992","https://www.kbostuff.app/stuff/52992?season=2025"
"2025","54900","KBO-54900","NC 다이노스","임상현","KBO","8","1.0","low","Four-seam/Slider/Curve/Splitter","12","9","8","10","9","7","9","7","7","10","","","","","","","","","145.9","97.0","94.4","0.000","0.176","0.000","0.375","0.000","12.44","[{""code"":""FF"",""name"":""Four-seam"",""n"":22,""usage_pct"":64.7,""speed"":145.9,""k_stuff_plus"":97.88,""k_location_plus"":94.0,""whiff_rate"":0.0,""csw_rate"":0.1364},{""code"":""SL"",""name"":""Slider"",""n"":6,""usage_pct"":17.6,""speed"":130.5,""k_stuff_plus"":null,""k_location_plus"":96.5,""whiff_rate"":0.0,""csw_rate"":0.1667},{""code"":""CU"",""name"":""Curve"",""n"":4,""usage_pct"":11.8,""speed"":123.8,""k_stuff_plus"":null,""k_location_plus"":103.4,""whiff_rate"":0.0,""csw_rate"":0.5},{""code"":""FS"",""name"":""Splitter"",""n"":2,""usage_pct"":5.9,""speed"":134.5,""k_stuff_plus"":null,""k_location_plus"":100.6,""whiff_rate"":0.0,""csw_rate"":0.0}]","","0","kbo-pitcher-abilities-v1-official-tracking-regressed","https://www.koreabaseball.com/Record/Player/PitcherDetail/Total.aspx?playerId=54900","https://www.kbostuff.app/stuff/54900?season=2025"
"2025","63959","KBO-63959","NC 다이노스","임정호","KBO","88","18.7","low","Slider/Sinker/Curve/Splitter/Four-seam","6","8","11","8","8","10","10","11","11","","10","","","10","10","10","","","135.6","92.8","97.8","0.074","0.295","0.170","0.102","0.034","6.01","[{""code"":""SL"",""name"":""Slider"",""n"":188,""usage_pct"":56,""speed"":127.5,""k_stuff_plus"":95.63,""k_location_plus"":101.1,""whiff_rate"":0.1064,""csw_rate"":0.3404},{""code"":""SI"",""name"":""Sinker"",""n"":96,""usage_pct"":28.6,""speed"":135.4,""k_stuff_plus"":96.96,""k_location_plus"":95.3,""whiff_rate"":0.0208,""csw_rate"":0.2812},{""code"":""CU"",""name"":""Curve"",""n"":27,""usage_pct"":8,""speed"":118.0,""k_stuff_plus"":94.77,""k_location_plus"":100.5,""whiff_rate"":0.0741,""csw_rate"":0.1852},{""code"":""FS"",""name"":""Splitter"",""n"":22,""usage_pct"":6.5,""speed"":127.1,""k_stuff_plus"":94.39,""k_location_plus"":98.5,""whiff_rate"":0.0455,""csw_rate"":0.1364},{""code"":""FF"",""name"":""Four-seam"",""n"":3,""usage_pct"":0.9,""speed"":142.7,""k_stuff_plus"":null,""k_location_plus"":97.1,""whiff_rate"":0.0,""csw_rate"":0.0}]","","0","kbo-pitcher-abilities-v1-official-tracking-regressed","https://www.koreabaseball.com/Record/Player/PitcherDetail/Total.aspx?playerId=63959","https://www.kbostuff.app/stuff/63959?season=2025"
"2025","52902","KBO-52902","NC 다이노스","임지민","KBO","20","4.7","low","Four-seam/Slider/Splitter","16","13","10","15","8","13","17","5","14","10","","","","10","","10","","","152.9","112.1","96.8","0.153","0.282","0.350","0.250","0.000","3.65","[{""code"":""FF"",""name"":""Four-seam"",""n"":58,""usage_pct"":68.2,""speed"":152.9,""k_stuff_plus"":108.34,""k_location_plus"":96.1,""whiff_rate"":0.1034,""csw_rate"":0.2241},{""code"":""SL"",""name"":""Slider"",""n"":14,""usage_pct"":16.5,""speed"":135.5,""k_stuff_plus"":119.26,""k_location_plus"":96.7,""whiff_rate"":0.2143,""csw_rate"":0.4286},{""code"":""FS"",""name"":""Splitter"",""n"":13,""usage_pct"":15.3,""speed"":135.7,""k_stuff_plus"":106.62,""k_location_plus"":102.8,""whiff_rate"":0.3077,""csw_rate"":0.3846}]","","0","kbo-pitcher-abilities-v1-official-tracking-regressed","https://www.koreabaseball.com/Record/Player/PitcherDetail/Total.aspx?playerId=52902","https://www.kbostuff.app/stuff/52902?season=2025"
"2025","69204","KBO-69204","NC 다이노스","전루건","FUTURES","145","29.7","medium","","8","5","2","10","8","2","2","1","6","","","","","","","","","","","","","","","0.131","0.234","0.014","7.70","[]","","0","kbo-pitcher-abilities-v1-official-tracking-regressed","https://www.koreabaseball.com/Futures/Player/PitcherTotal.aspx?playerId=69204",""
"2025","69969","KBO-69969","NC 다이노스","전사민","KBO","370","82.3","high","Sinker/Splitter/Slider/Sweeper/Four-seam","13","11","12","15","10","12","6","13","13","","10","","","10","","10","10","","148.0","94.4","104.2","0.073","0.273","0.168","0.089","0.008","4.01","[{""code"":""SI"",""name"":""Sinker"",""n"":903,""usage_pct"":67.5,""speed"":148.0,""k_stuff_plus"":97.48,""k_location_plus"":102.3,""whiff_rate"":0.0565,""csw_rate"":0.2636},{""code"":""FS"",""name"":""Splitter"",""n"":250,""usage_pct"":18.7,""speed"":133.0,""k_stuff_plus"":99.05,""k_location_plus"":96.8,""whiff_rate"":0.092,""csw_rate"":0.212},{""code"":""SL"",""name"":""Slider"",""n"":166,""usage_pct"":12.4,""speed"":126.4,""k_stuff_plus"":104.08,""k_location_plus"":102.3,""whiff_rate"":0.1386,""csw_rate"":0.4096},{""code"":""ST"",""name"":""Sweeper"",""n"":17,""usage_pct"":1.3,""speed"":126.3,""k_stuff_plus"":97.88,""k_location_plus"":98.4,""whiff_rate"":0.0588,""csw_rate"":0.3529},{""code"":""FF"",""name"":""Four-seam"",""n"":1,""usage_pct"":0.1,""speed"":145.0,""k_stuff_plus"":null,""k_location_plus"":97.8,""whiff_rate"":0.0,""csw_rate"":0.0}]","","0","kbo-pitcher-abilities-v1-official-tracking-regressed","https://www.koreabaseball.com/Record/Player/PitcherDetail/Total.aspx?playerId=69969","https://www.kbostuff.app/stuff/69969?season=2025"
"2025","52903","KBO-52903","NC 다이노스","조민석","KBO","61","13.0","low","Four-seam/Changeup/Splitter/Curve/Slider","8","6","7","5","11","4","2","4","7","10","","","10","10","10","10","","","140.3","90.7","105.3","0.062","0.233","0.066","0.180","0.049","8.82","[{""code"":""FF"",""name"":""Four-seam"",""n"":101,""usage_pct"":39.1,""speed"":140.3,""k_stuff_plus"":92.57,""k_location_plus"":103.4,""whiff_rate"":0.0396,""csw_rate"":0.297},{""code"":""CH"",""name"":""Changeup"",""n"":86,""usage_pct"":33.3,""speed"":122.9,""k_stuff_plus"":94.66,""k_location_plus"":107.8,""whiff_rate"":0.093,""csw_rate"":0.2558},{""code"":""FS"",""name"":""Splitter"",""n"":47,""usage_pct"":18.2,""speed"":131.3,""k_stuff_plus"":94.19,""k_location_plus"":104.6,""whiff_rate"":0.0638,""csw_rate"":0.1064},{""code"":""CU"",""name"":""Curve"",""n"":13,""usage_pct"":5,""speed"":117.5,""k_stuff_plus"":93.86,""k_location_plus"":96.9,""whiff_rate"":0.0,""csw_rate"":0.0769},{""code"":""SL"",""name"":""Slider"",""n"":11,""usage_pct"":4.3,""speed"":131.0,""k_stuff_plus"":96.92,""k_location_plus"":99.3,""whiff_rate"":0.0909,""csw_rate"":0.1818}]","","0","kbo-pitcher-abilities-v1-official-tracking-regressed","https://www.koreabaseball.com/Record/Player/PitcherDetail/Total.aspx?playerId=52903","https://www.kbostuff.app/stuff/52903?season=2025"
"2025","66920","KBO-66920","NC 다이노스","최성영","KBO","228","47.7","medium","Four-seam/Slider/Splitter/Curve","7","7","7","5","11","4","4","6","4","10","","","","10","10","10","","","137.5","96.6","98.0","0.074","0.239","0.145","0.123","0.026","5.64","[{""code"":""FF"",""name"":""Four-seam"",""n"":374,""usage_pct"":40.6,""speed"":137.5,""k_stuff_plus"":96.79,""k_location_plus"":102.7,""whiff_rate"":0.0374,""csw_rate"":0.2727},{""code"":""SL"",""name"":""Slider"",""n"":357,""usage_pct"":38.8,""speed"":123.0,""k_stuff_plus"":96.56,""k_location_plus"":100.1,""whiff_rate"":0.0924,""csw_rate"":0.2353},{""code"":""FS"",""name"":""Splitter"",""n"":180,""usage_pct"":19.5,""speed"":123.5,""k_stuff_plus"":100.62,""k_location_plus"":90.3,""whiff_rate"":0.1167,""csw_rate"":0.1889},{""code"":""CU"",""name"":""Curve"",""n"":10,""usage_pct"":1.1,""speed"":107.2,""k_stuff_plus"":92.79,""k_location_plus"":98.4,""whiff_rate"":0.0,""csw_rate"":0.0}]","","0","kbo-pitcher-abilities-v1-official-tracking-regressed","https://www.koreabaseball.com/Record/Player/PitcherDetail/Total.aspx?playerId=66920","https://www.kbostuff.app/stuff/66920?season=2025"
"2025","54903","KBO-54903","NC 다이노스","최우석","KBO","75","14.3","low","Four-seam/Slider/Changeup","12","12","9","11","9","10","14","9","6","10","","","10","10","","","","","145.9","98.3","98.9","0.117","0.274","0.200","0.120","0.013","4.14","[{""code"":""FF"",""name"":""Four-seam"",""n"":153,""usage_pct"":55.8,""speed"":145.9,""k_stuff_plus"":97.42,""k_location_plus"":96.1,""whiff_rate"":0.098,""csw_rate"":0.281},{""code"":""SL"",""name"":""Slider"",""n"":87,""usage_pct"":31.8,""speed"":131.0,""k_stuff_plus"":101.76,""k_location_plus"":102.9,""whiff_rate"":0.1379,""csw_rate"":0.2874},{""code"":""CH"",""name"":""Changeup"",""n"":34,""usage_pct"":12.4,""speed"":135.2,""k_stuff_plus"":97.31,""k_location_plus"":98.4,""whiff_rate"":0.1471,""csw_rate"":0.2059}]","","0","kbo-pitcher-abilities-v1-official-tracking-regressed","https://www.koreabaseball.com/Record/Player/PitcherDetail/Total.aspx?playerId=54903","https://www.kbostuff.app/stuff/54903?season=2025"
"2025","68639","KBO-68639","NC 다이노스","하준영","KBO","33","5.3","low","Four-seam/Slider/Changeup","10","11","7","11","8","7","10","5","7","10","","","10","10","","","","","142.6","101.6","102.2","0.096","0.272","0.152","0.212","0.000","5.50","[{""code"":""FF"",""name"":""Four-seam"",""n"":67,""usage_pct"":53.6,""speed"":142.6,""k_stuff_plus"":106.7,""k_location_plus"":101.6,""whiff_rate"":0.1045,""csw_rate"":0.3284},{""code"":""SL"",""name"":""Slider"",""n"":37,""usage_pct"":29.6,""speed"":131.3,""k_stuff_plus"":95.17,""k_location_plus"":101.3,""whiff_rate"":0.0811,""csw_rate"":0.2432},{""code"":""CH"",""name"":""Changeup"",""n"":21,""usage_pct"":16.8,""speed"":131.7,""k_stuff_plus"":100.54,""k_location_plus"":102.5,""whiff_rate"":0.0952,""csw_rate"":0.1429}]","","0","kbo-pitcher-abilities-v1-official-tracking-regressed","https://www.koreabaseball.com/Record/Player/PitcherDetail/Total.aspx?playerId=68639","https://www.kbostuff.app/stuff/68639?season=2025"
"2025","55996","KBO-55996","NC 다이노스","홍재문","FUTURES","109","25.0","medium","","8","10","15","7","9","14","15","16","12","","","","","","","","","","","","","","","0.220","0.064","0.046","5.92","[]","","0","kbo-pitcher-abilities-v1-official-tracking-regressed","https://www.koreabaseball.com/Futures/Player/PitcherTotal.aspx?playerId=55996",""
"2025","51867","KBO-51867","SSG 랜더스","김건우","KBO","301","66.0","high","Four-seam/Changeup/Slider/Curve/Cutter","12","14","8","17","12","11","17","1","13","10","","","11","10","10","","","","145.9","106.0","97.2","0.103","0.291","0.226","0.163","0.007","4.32","[{""code"":""FF"",""name"":""Four-seam"",""n"":778,""usage_pct"":62.8,""speed"":145.9,""k_stuff_plus"":105.66,""k_location_plus"":91.4,""whiff_rate"":0.0835,""csw_rate"":0.2776},{""code"":""CH"",""name"":""Changeup"",""n"":256,""usage_pct"":20.7,""speed"":131.1,""k_stuff_plus"":105.65,""k_location_plus"":102.9,""whiff_rate"":0.1836,""csw_rate"":0.3438},{""code"":""SL"",""name"":""Slider"",""n"":127,""usage_pct"":10.3,""speed"":137.1,""k_stuff_plus"":98.72,""k_location_plus"":98.4,""whiff_rate"":0.0945,""csw_rate"":0.2677},{""code"":""CU"",""name"":""Curve"",""n"":76,""usage_pct"":6.1,""speed"":124.1,""k_stuff_plus"":99.04,""k_location_plus"":102.6,""whiff_rate"":0.0395,""csw_rate"":0.2763},{""code"":""FC"",""name"":""Cutter"",""n"":2,""usage_pct"":0.2,""speed"":138.5,""k_stuff_plus"":109.35,""k_location_plus"":101.3,""whiff_rate"":0.0,""csw_rate"":0.5}]","","0","kbo-pitcher-abilities-v1-official-tracking-regressed","https://www.koreabaseball.com/Record/Player/PitcherDetail/Total.aspx?playerId=51867","https://www.kbostuff.app/stuff/51867?season=2025"
"2025","77829","KBO-77829","SSG 랜더스","김광현","KBO","636","144.0","high","Slider/Four-seam/Changeup/Curve/Splitter","11","13","13","12","20","16","17","17","11","10","","","10","11","10","10","","","144.1","99.8","103.7","0.120","0.302","0.217","0.079","0.020","3.82","[{""code"":""SL"",""name"":""Slider"",""n"":914,""usage_pct"":37.3,""speed"":134.3,""k_stuff_plus"":100.45,""k_location_plus"":107.4,""whiff_rate"":0.1477,""csw_rate"":0.3403},{""code"":""FF"",""name"":""Four-seam"",""n"":741,""usage_pct"":30.2,""speed"":144.1,""k_stuff_plus"":96.9,""k_location_plus"":105.6,""whiff_rate"":0.0648,""csw_rate"":0.2578},{""code"":""CH"",""name"":""Changeup"",""n"":411,""usage_pct"":16.8,""speed"":131.4,""k_stuff_plus"":100.37,""k_location_plus"":101.3,""whiff_rate"":0.129,""csw_rate"":0.3163},{""code"":""CU"",""name"":""Curve"",""n"":371,""usage_pct"":15.1,""speed"":114.3,""k_stuff_plus"":102.96,""k_location_plus"":98.9,""whiff_rate"":0.1563,""csw_rate"":0.2857},{""code"":""FS"",""name"":""Splitter"",""n"":16,""usage_pct"":0.7,""speed"":118.8,""k_stuff_plus"":98.11,""k_location_plus"":99.9,""whiff_rate"":0.0625,""csw_rate"":0.1875}]","300000","0","kbo-pitcher-abilities-v1-official-tracking-regressed","https://www.koreabaseball.com/Record/Player/PitcherDetail/Total.aspx?playerId=77829","https://www.kbostuff.app/stuff/77829?season=2025"
"2025","68043","KBO-68043","SSG 랜더스","김민","KBO","266","63.7","medium","Sinker/Slider/Changeup/Cutter/Four-seam","12","13","14","12","10","18","18","18","18","","10","10","10","11","","","","","146.9","102.4","102.0","0.114","0.308","0.244","0.064","0.026","3.91","[{""code"":""SI"",""name"":""Sinker"",""n"":514,""usage_pct"":54.6,""speed"":147.3,""k_stuff_plus"":100.01,""k_location_plus"":97.7,""whiff_rate"":0.0506,""csw_rate"":0.2646},{""code"":""SL"",""name"":""Slider"",""n"":369,""usage_pct"":39.2,""speed"":133.7,""k_stuff_plus"":107.46,""k_location_plus"":99.8,""whiff_rate"":0.1978,""csw_rate"":0.3686},{""code"":""CH"",""name"":""Changeup"",""n"":27,""usage_pct"":2.9,""speed"":139.2,""k_stuff_plus"":96.6,""k_location_plus"":103.7,""whiff_rate"":0.0,""csw_rate"":0.2593},{""code"":""FC"",""name"":""Cutter"",""n"":25,""usage_pct"":2.7,""speed"":138.7,""k_stuff_plus"":101.69,""k_location_plus"":98.8,""whiff_rate"":0.32,""csw_rate"":0.44},{""code"":""FF"",""name"":""Four-seam"",""n"":7,""usage_pct"":0.7,""speed"":145.7,""k_stuff_plus"":100.05,""k_location_plus"":97.1,""whiff_rate"":0.0,""csw_rate"":0.0}]","","0","kbo-pitcher-abilities-v1-official-tracking-regressed","https://www.koreabaseball.com/Record/Player/PitcherDetail/Total.aspx?playerId=68043","https://www.kbostuff.app/stuff/68043?season=2025"
"2025","65343","KBO-65343","SSG 랜더스","김택형","KBO","95","22.7","low","Four-seam/Slider/Splitter","9","11","12","16","9","12","6","11","16","10","","","","10","","10","","","141.5","99.6","98.2","0.093","0.276","0.147","0.105","0.000","3.92","[{""code"":""FF"",""name"":""Four-seam"",""n"":188,""usage_pct"":51.4,""speed"":141.5,""k_stuff_plus"":99.05,""k_location_plus"":103.5,""whiff_rate"":0.0319,""csw_rate"":0.266},{""code"":""SL"",""name"":""Slider"",""n"":131,""usage_pct"":35.8,""speed"":128.7,""k_stuff_plus"":100.64,""k_location_plus"":89.1,""whiff_rate"":0.1603,""csw_rate"":0.3206},{""code"":""FS"",""name"":""Splitter"",""n"":47,""usage_pct"":12.8,""speed"":129.3,""k_stuff_plus"":100.42,""k_location_plus"":101.0,""whiff_rate"":0.1489,""csw_rate"":0.1915}]","","0","kbo-pitcher-abilities-v1-official-tracking-regressed","https://www.koreabaseball.com/Record/Player/PitcherDetail/Total.aspx?playerId=65343","https://www.kbostuff.app/stuff/65343?season=2025"
"2025","73211","KBO-73211","SSG 랜더스","노경은","KBO","320","80.0","high","Four-seam/Splitter/Slider/Sinker/Curve/Changeup","12","14","14","19","10","18","16","16","19","10","10","","","10","10","10","","","145.9","100.0","100.9","0.126","0.277","0.213","0.078","0.006","3.11","[{""code"":""FF"",""name"":""Four-seam"",""n"":358,""usage_pct"":30.5,""speed"":146.1,""k_stuff_plus"":103.21,""k_location_plus"":99.0,""whiff_rate"":0.1285,""csw_rate"":0.2682},{""code"":""FS"",""name"":""Splitter"",""n"":326,""usage_pct"":27.7,""speed"":134.9,""k_stuff_plus"":102.47,""k_location_plus"":98.7,""whiff_rate"":0.2055,""csw_rate"":0.2761},{""code"":""SL"",""name"":""Slider"",""n"":240,""usage_pct"":20.4,""speed"":137.1,""k_stuff_plus"":95.11,""k_location_plus"":106.9,""whiff_rate"":0.0875,""csw_rate"":0.2625},{""code"":""SI"",""name"":""Sinker"",""n"":136,""usage_pct"":11.6,""speed"":145.1,""k_stuff_plus"":98.12,""k_location_plus"":108.3,""whiff_rate"":0.0588,""csw_rate"":0.2868},{""code"":""CU"",""name"":""Curve"",""n"":102,""usage_pct"":8.7,""speed"":114.7,""k_stuff_plus"":97.15,""k_location_plus"":99.2,""whiff_rate"":0.0588,""csw_rate"":0.3627},{""code"":""CH"",""name"":""Changeup"",""n"":1,""usage_pct"":0.1,""speed"":130.0,""k_stuff_plus"":null,""k_location_plus"":99.0,""whiff_rate"":0.0,""csw_rate"":0.0}]","","0","kbo-pitcher-abilities-v1-official-tracking-regressed","https://www.koreabaseball.com/Record/Player/PitcherDetail/Total.aspx?playerId=73211","https://www.kbostuff.app/stuff/73211?season=2025"
"2025","62869","KBO-62869","SSG 랜더스","문승원","KBO","452","105.3","high","Four-seam/Slider/Curve/Changeup/Splitter/Sinker","11","6","12","6","18","9","2","15","10","11","10","","11","10","10","10","","","145.0","101.1","105.4","0.070","0.254","0.135","0.084","0.035","5.48","[{""code"":""FF"",""name"":""Four-seam"",""n"":831,""usage_pct"":46.8,""speed"":145.1,""k_stuff_plus"":103.47,""k_location_plus"":105.6,""whiff_rate"":0.0566,""csw_rate"":0.2611},{""code"":""SL"",""name"":""Slider"",""n"":391,""usage_pct"":22,""speed"":134.6,""k_stuff_plus"":99.57,""k_location_plus"":103.7,""whiff_rate"":0.087,""csw_rate"":0.2251},{""code"":""CU"",""name"":""Curve"",""n"":262,""usage_pct"":14.7,""speed"":114.5,""k_stuff_plus"":95.93,""k_location_plus"":103.4,""whiff_rate"":0.0382,""csw_rate"":0.2557},{""code"":""CH"",""name"":""Changeup"",""n"":226,""usage_pct"":12.7,""speed"":126.7,""k_stuff_plus"":100.49,""k_location_plus"":108.5,""whiff_rate"":0.1283,""csw_rate"":0.3009},{""code"":""FS"",""name"":""Splitter"",""n"":34,""usage_pct"":1.9,""speed"":132.9,""k_stuff_plus"":103.04,""k_location_plus"":99.9,""whiff_rate"":0.1471,""csw_rate"":0.1765},{""code"":""SI"",""name"":""Sinker"",""n"":33,""usage_pct"":1.9,""speed"":140.5,""k_stuff_plus"":98.03,""k_location_plus"":98.6,""whiff_rate"":0.0,""csw_rate"":0.1818}]","","0","kbo-pitcher-abilities-v1-official-tracking-regressed","https://www.koreabaseball.com/Record/Player/PitcherDetail/Total.aspx?playerId=62869","https://www.kbostuff.app/stuff/62869?season=2025"
"2025","54802","KBO-54802","SSG 랜더스","박기호","KBO","110","24.0","medium","Four-seam/Changeup/Curve/Slider/Sinker","8","7","10","8","10","7","3","10","13","9","","","10","10","10","","","","138.9","96.8","90.2","0.080","0.275","0.118","0.109","0.027","6.48","[{""code"":""FF"",""name"":""Four-seam"",""n"":239,""usage_pct"":56.1,""speed"":138.9,""k_stuff_plus"":94.72,""k_location_plus"":95.9,""whiff_rate"":0.0586,""csw_rate"":0.2929},{""code"":""CH"",""name"":""Changeup"",""n"":114,""usage_pct"":26.8,""speed"":123.3,""k_stuff_plus"":104.08,""k_location_plus"":86.6,""whiff_rate"":0.1228,""csw_rate"":0.2544},{""code"":""CU"",""name"":""Curve"",""n"":54,""usage_pct"":12.7,""speed"":119.7,""k_stuff_plus"":96.85,""k_location_plus"":99.8,""whiff_rate"":0.0556,""csw_rate"":0.2222},{""code"":""SL"",""name"":""Slider"",""n"":13,""usage_pct"":3.1,""speed"":120.8,""k_stuff_plus"":103.56,""k_location_plus"":96.7,""whiff_rate"":0.2308,""csw_rate"":0.3846},{""code"":""SI"",""name"":""Sinker"",""n"":6,""usage_pct"":1.4,""speed"":136.8,""k_stuff_plus"":95.4,""k_location_plus"":101.7,""whiff_rate"":0.0,""csw_rate"":0.1667}]","","0","kbo-pitcher-abilities-v1-official-tracking-regressed","https://www.koreabaseball.com/Record/Player/PitcherDetail/Total.aspx?playerId=54802","https://www.kbostuff.app/stuff/54802?season=2025"
"2025","54807","KBO-54807","SSG 랜더스","박성빈","FUTURES","139","27.7","medium","","8","4","8","6","8","5","1","11","5","","","","","","","","","","","","","","","0.129","0.129","0.022","6.55","[]","","0","kbo-pitcher-abilities-v1-official-tracking-regressed","https://www.koreabaseball.com/Futures/Player/PitcherTotal.aspx?playerId=54807",""
"2025","50812","KBO-50812","SSG 랜더스","박시후","KBO","231","52.3","medium","Sinker/Slider/Curve/Changeup/Four-seam","10","7","9","10","10","7","4","5","14","10","10","","10","10","10","","","","143.0","96.2","100.6","0.103","0.267","0.147","0.126","0.022","5.33","[{""code"":""SI"",""name"":""Sinker"",""n"":426,""usage_pct"":46,""speed"":143.0,""k_stuff_plus"":97.74,""k_location_plus"":97.7,""whiff_rate"":0.0587,""csw_rate"":0.2371},{""code"":""SL"",""name"":""Slider"",""n"":409,""usage_pct"":44.2,""speed"":131.4,""k_stuff_plus"":99.15,""k_location_plus"":102.4,""whiff_rate"":0.1443,""csw_rate"":0.3154},{""code"":""CU"",""name"":""Curve"",""n"":41,""usage_pct"":4.4,""speed"":119.8,""k_stuff_plus"":102.16,""k_location_plus"":96.0,""whiff_rate"":0.1951,""csw_rate"":0.2195},{""code"":""CH"",""name"":""Changeup"",""n"":33,""usage_pct"":3.6,""speed"":132.6,""k_stuff_plus"":104.85,""k_location_plus"":94.5,""whiff_rate"":0.0909,""csw_rate"":0.1818},{""code"":""FF"",""name"":""Four-seam"",""n"":17,""usage_pct"":1.8,""speed"":142.2,""k_stuff_plus"":105.46,""k_location_plus"":95.1,""whiff_rate"":0.0,""csw_rate"":0.1176}]","","0","kbo-pitcher-abilities-v1-official-tracking-regressed","https://www.koreabaseball.com/Record/Player/PitcherDetail/Total.aspx?playerId=50812","https://www.kbostuff.app/stuff/50812?season=2025"
"2025","60841","KBO-60841","SSG 랜더스","박종훈","KBO","90","19.0","low","Sinker/Curve/Changeup/Four-seam/Cutter","4","6","7","4","14","3","3","2","5","10","9","","10","","10","","","","133.0","94.6","95.1","0.065","0.253","0.111","0.200","0.044","8.75","[{""code"":""SI"",""name"":""Sinker"",""n"":225,""usage_pct"":61.1,""speed"":133.1,""k_stuff_plus"":96.38,""k_location_plus"":93.5,""whiff_rate"":0.0578,""csw_rate"":0.3022},{""code"":""CU"",""name"":""Curve"",""n"":111,""usage_pct"":30.2,""speed"":120.0,""k_stuff_plus"":100.37,""k_location_plus"":99.7,""whiff_rate"":0.0991,""csw_rate"":0.2162},{""code"":""CH"",""name"":""Changeup"",""n"":17,""usage_pct"":4.6,""speed"":122.6,""k_stuff_plus"":99.99,""k_location_plus"":96.3,""whiff_rate"":0.0,""csw_rate"":0.0},{""code"":""FF"",""name"":""Four-seam"",""n"":14,""usage_pct"":3.8,""speed"":132.8,""k_stuff_plus"":90.69,""k_location_plus"":93.6,""whiff_rate"":0.0,""csw_rate"":0.0714},{""code"":""FC"",""name"":""Cutter"",""n"":1,""usage_pct"":0.3,""speed"":126.0,""k_stuff_plus"":null,""k_location_plus"":96.4,""whiff_rate"":0.0,""csw_rate"":0.0}]","","0","kbo-pitcher-abilities-v1-official-tracking-regressed","https://www.koreabaseball.com/Record/Player/PitcherDetail/Total.aspx?playerId=60841","https://www.kbostuff.app/stuff/60841?season=2025"
"2025","69839","KBO-69839","SSG 랜더스","백승건","NONE","0","0.0","none","","8","8","8","8","8","8","8","8","8","","","","","","","","","","","","","","","","","","","[]","","0","kbo-pitcher-abilities-v1-official-tracking-regressed","",""
"2025","61895","KBO-61895","SSG 랜더스","서진용","KBO","7","1.3","low","Four-seam/Splitter/Slider","7","10","9","11","8","9","10","6","10","10","","","","","","10","","","138.7","95.9","96.3","0.037","0.111","0.000","0.429","0.000","10.19","[{""code"":""FF"",""name"":""Four-seam"",""n"":14,""usage_pct"":51.9,""speed"":138.7,""k_stuff_plus"":96.53,""k_location_plus"":98.0,""whiff_rate"":0.0,""csw_rate"":0.1429},{""code"":""FS"",""name"":""Splitter"",""n"":12,""usage_pct"":44.4,""speed"":124.2,""k_stuff_plus"":98.34,""k_location_plus"":98.1,""whiff_rate"":0.0833,""csw_rate"":0.0833},{""code"":""SL"",""name"":""Slider"",""n"":1,""usage_pct"":3.7,""speed"":128.0,""k_stuff_plus"":92.45,""k_location_plus"":101.8,""whiff_rate"":0.0,""csw_rate"":0.0}]","","0","kbo-pitcher-abilities-v1-official-tracking-regressed","https://www.koreabaseball.com/Record/Player/PitcherDetail/Total.aspx?playerId=61895","https://www.kbostuff.app/stuff/61895?season=2025"
"2025","53898","KBO-53898","SSG 랜더스","송영진","KBO","288","63.3","medium","Four-seam/Curve/Slider/Splitter","10","6","8","4","14","5","3","8","5","9","","","","9","10","10","","","143.6","94.9","97.7","0.072","0.261","0.139","0.108","0.035","5.84","[{""code"":""FF"",""name"":""Four-seam"",""n"":548,""usage_pct"":51.8,""speed"":143.6,""k_stuff_plus"":93.7,""k_location_plus"":98.7,""whiff_rate"":0.0547,""csw_rate"":0.2281},{""code"":""CU"",""name"":""Curve"",""n"":231,""usage_pct"":21.9,""speed"":116.2,""k_stuff_plus"":99.42,""k_location_plus"":104.9,""whiff_rate"":0.0649,""csw_rate"":0.3506},{""code"":""SL"",""name"":""Slider"",""n"":207,""usage_pct"":19.6,""speed"":134.7,""k_stuff_plus"":97.1,""k_location_plus"":94.2,""whiff_rate"":0.0918,""csw_rate"":0.256},{""code"":""FS"",""name"":""Splitter"",""n"":71,""usage_pct"":6.7,""speed"":131.9,""k_stuff_plus"":102.83,""k_location_plus"":94.8,""whiff_rate"":0.169,""csw_rate"":0.2394}]","","0","kbo-pitcher-abilities-v1-official-tracking-regressed","https://www.koreabaseball.com/Record/Player/PitcherDetail/Total.aspx?playerId=53898","https://www.kbostuff.app/stuff/53898?season=2025"
"2025","55860","KBO-55860","SSG 랜더스","신지환","KBO","4","1.0","low","Four-seam/Slider","9","12","12","13","9","14","14","14","14","10","","","","","","","","","140.8","105.5","97.7","0.111","0.278","0.250","0.000","0.000","4.44","[{""code"":""FF"",""name"":""Four-seam"",""n"":15,""usage_pct"":83.3,""speed"":140.8,""k_stuff_plus"":105.96,""k_location_plus"":97.6,""whiff_rate"":0.1333,""csw_rate"":0.3333},{""code"":""SL"",""name"":""Slider"",""n"":3,""usage_pct"":16.7,""speed"":125.7,""k_stuff_plus"":98.77,""k_location_plus"":100.4,""whiff_rate"":0.0,""csw_rate"":0.0}]","","0","kbo-pitcher-abilities-v1-official-tracking-regressed","https://www.koreabaseball.com/Record/Player/PitcherDetail/Total.aspx?playerId=55860","https://www.kbostuff.app/stuff/55860?season=2025"
"2025","54833","KBO-54833","SSG 랜더스","앤더슨","KBO","694","171.7","high","Four-seam/Curve/Changeup/Slider/Cutter","16","16","15","16","20","19","20","18","20","12","","10","11","11","11","","","","152.7","116.3","102.6","0.153","0.341","0.353","0.073","0.019","2.62","[{""code"":""FF"",""name"":""Four-seam"",""n"":1446,""usage_pct"":51.8,""speed"":153.0,""k_stuff_plus"":115.0,""k_location_plus"":101.8,""whiff_rate"":0.1438,""csw_rate"":0.3015},{""code"":""CU"",""name"":""Curve"",""n"":586,""usage_pct"":21,""speed"":128.3,""k_stuff_plus"":106.22,""k_location_plus"":107.0,""whiff_rate"":0.1485,""csw_rate"":0.4215},{""code"":""CH"",""name"":""Changeup"",""n"":553,""usage_pct"":19.8,""speed"":143.0,""k_stuff_plus"":111.67,""k_location_plus"":99.0,""whiff_rate"":0.1971,""csw_rate"":0.3689},{""code"":""SL"",""name"":""Slider"",""n"":157,""usage_pct"":5.6,""speed"":134.9,""k_stuff_plus"":103.66,""k_location_plus"":108.7,""whiff_rate"":0.1083,""csw_rate"":0.3503},{""code"":""FC"",""name"":""Cutter"",""n"":48,""usage_pct"":1.7,""speed"":142.5,""k_stuff_plus"":100.97,""k_location_plus"":89.9,""whiff_rate"":0.1042,""csw_rate"":0.2083}]","","0","kbo-pitcher-abilities-v1-official-tracking-regressed","https://www.koreabaseball.com/Record/Player/PitcherDetail/Total.aspx?playerId=54833","https://www.kbostuff.app/stuff/54833?season=2025"
"2025","64861","KBO-64861","SSG 랜더스","이건욱","FUTURES","257","50.3","medium","","8","4","3","3","8","3","6","4","1","","","","","","","","","","","","","","","0.156","0.148","0.031","7.14","[]","","0","kbo-pitcher-abilities-v1-official-tracking-regressed","https://www.koreabaseball.com/Futures/Player/PitcherTotal.aspx?playerId=64861",""
"2025","53892","KBO-53892","SSG 랜더스","이로운","KBO","305","77.0","high","Four-seam/Changeup/Slider/Curve","13","13","14","13","10","17","16","15","19","10","","","10","11","10","","","","147.7","102.7","103.3","0.105","0.293","0.216","0.085","0.023","3.92","[{""code"":""FF"",""name"":""Four-seam"",""n"":580,""usage_pct"":46.3,""speed"":147.7,""k_stuff_plus"":99.2,""k_location_plus"":105.0,""whiff_rate"":0.081,""csw_rate"":0.2672},{""code"":""CH"",""name"":""Changeup"",""n"":297,""usage_pct"":23.7,""speed"":126.2,""k_stuff_plus"":105.37,""k_location_plus"":96.8,""whiff_rate"":0.1549,""csw_rate"":0.2525},{""code"":""SL"",""name"":""Slider"",""n"":245,""usage_pct"":19.6,""speed"":136.9,""k_stuff_plus"":105.23,""k_location_plus"":100.8,""whiff_rate"":0.1347,""csw_rate"":0.3469},{""code"":""CU"",""name"":""Curve"",""n"":130,""usage_pct"":10.4,""speed"":124.6,""k_stuff_plus"":99.04,""k_location_plus"":107.1,""whiff_rate"":0.0462,""csw_rate"":0.4}]","","0","kbo-pitcher-abilities-v1-official-tracking-regressed","https://www.koreabaseball.com/Record/Player/PitcherDetail/Total.aspx?playerId=53892","https://www.kbostuff.app/stuff/53892?season=2025"
"2025","51895","KBO-51895","SSG 랜더스","장지훈","FUTURES","103","23.0","medium","","8","11","15","13","8","13","7","14","16","","","","","","","","","","","","","","","0.146","0.097","0.010","5.12","[]","","0","kbo-pitcher-abilities-v1-official-tracking-regressed","https://www.koreabaseball.com/Futures/Player/PitcherTotal.aspx?playerId=51895",""
"2025","52809","KBO-52809","SSG 랜더스","전영준","KBO","228","52.7","medium","Four-seam/Splitter/Slider/Curve","10","12","10","12","11","13","18","7","12","10","","","","10","10","10","","","143.7","100.2","102.7","0.079","0.273","0.241","0.114","0.022","4.35","[{""code"":""FF"",""name"":""Four-seam"",""n"":647,""usage_pct"":65.7,""speed"":143.7,""k_stuff_plus"":101.7,""k_location_plus"":102.7,""whiff_rate"":0.0757,""csw_rate"":0.2998},{""code"":""FS"",""name"":""Splitter"",""n"":136,""usage_pct"":13.8,""speed"":128.2,""k_stuff_plus"":99.53,""k_location_plus"":105.2,""whiff_rate"":0.1029,""csw_rate"":0.1985},{""code"":""SL"",""name"":""Slider"",""n"":129,""usage_pct"":13.1,""speed"":129.4,""k_stuff_plus"":95.68,""k_location_plus"":100.7,""whiff_rate"":0.1085,""csw_rate"":0.2558},{""code"":""CU"",""name"":""Curve"",""n"":73,""usage_pct"":7.4,""speed"":115.4,""k_stuff_plus"":98.18,""k_location_plus"":94.9,""whiff_rate"":0.0137,""csw_rate"":0.2055}]","","0","kbo-pitcher-abilities-v1-official-tracking-regressed","https://www.koreabaseball.com/Record/Player/PitcherDetail/Total.aspx?playerId=52809","https://www.kbostuff.app/stuff/52809?season=2025"
"2025","66858","KBO-66858","SSG 랜더스","정동윤","KBO","82","17.3","low","Four-seam/Curve/Sinker/Slider/Splitter/Cutter/Changeup","10","11","8","9","10","9","15","5","5","10","10","10","","10","10","10","","","143.0","99.2","97.6","0.114","0.303","0.207","0.146","0.024","5.05","[{""code"":""FF"",""name"":""Four-seam"",""n"":130,""usage_pct"":41,""speed"":143.9,""k_stuff_plus"":95.77,""k_location_plus"":102.8,""whiff_rate"":0.0692,""csw_rate"":0.2615},{""code"":""CU"",""name"":""Curve"",""n"":86,""usage_pct"":27.1,""speed"":121.3,""k_stuff_plus"":109.72,""k_location_plus"":93.1,""whiff_rate"":0.1977,""csw_rate"":0.4186},{""code"":""SI"",""name"":""Sinker"",""n"":51,""usage_pct"":16.1,""speed"":142.9,""k_stuff_plus"":95.6,""k_location_plus"":97.8,""whiff_rate"":0.0784,""csw_rate"":0.2549},{""code"":""SL"",""name"":""Slider"",""n"":24,""usage_pct"":7.6,""speed"":131.7,""k_stuff_plus"":103.92,""k_location_plus"":98.1,""whiff_rate"":0.0833,""csw_rate"":0.375},{""code"":""FS"",""name"":""Splitter"",""n"":13,""usage_pct"":4.1,""speed"":135.2,""k_stuff_plus"":95.54,""k_location_plus"":99.8,""whiff_rate"":0.1538,""csw_rate"":0.1538},{""code"":""FC"",""name"":""Cutter"",""n"":10,""usage_pct"":3.2,""speed"":131.5,""k_stuff_plus"":99.4,""k_location_plus"":97.6,""whiff_rate"":0.1,""csw_rate"":0.1},{""code"":""CH"",""name"":""Changeup"",""n"":3,""usage_pct"":0.9,""speed"":136.3,""k_stuff_plus"":105.78,""k_location_plus"":98.6,""whiff_rate"":0.3333,""csw_rate"":0.3333}]","","0","kbo-pitcher-abilities-v1-official-tracking-regressed","https://www.koreabaseball.com/Record/Player/PitcherDetail/Total.aspx?playerId=66858","https://www.kbostuff.app/stuff/66858?season=2025"
"2025","51897","KBO-51897","SSG 랜더스","조병현","KBO","255","67.3","medium","Four-seam/Splitter/Curve","13","15","15","15","10","19","20","17","20","12","","","","","10","11","","","147.5","110.1","105.5","0.133","0.309","0.310","0.071","0.020","2.86","[{""code"":""FF"",""name"":""Four-seam"",""n"":802,""usage_pct"":73.7,""speed"":147.5,""k_stuff_plus"":109.4,""k_location_plus"":106.1,""whiff_rate"":0.1047,""csw_rate"":0.2968},{""code"":""FS"",""name"":""Splitter"",""n"":228,""usage_pct"":21,""speed"":132.9,""k_stuff_plus"":104.79,""k_location_plus"":100.7,""whiff_rate"":0.2544,""csw_rate"":0.3596},{""code"":""CU"",""name"":""Curve"",""n"":58,""usage_pct"":5.3,""speed"":125.2,""k_stuff_plus"":100.11,""k_location_plus"":101.2,""whiff_rate"":0.0517,""csw_rate"":0.2759}]","","0","kbo-pitcher-abilities-v1-official-tracking-regressed","https://www.koreabaseball.com/Record/Player/PitcherDetail/Total.aspx?playerId=51897","https://www.kbostuff.app/stuff/51897?season=2025"
"2025","55890","KBO-55890","SSG 랜더스","천범석","FUTURES","277","60.0","medium","","8","3","14","4","12","9","4","17","11","","","","","","","","","","","","","","","0.144","0.072","0.040","6.36","[]","","0","kbo-pitcher-abilities-v1-official-tracking-regressed","https://www.koreabaseball.com/Futures/Player/PitcherTotal.aspx?playerId=55890",""
"2025","68856","KBO-68856","SSG 랜더스","최민준","KBO","287","65.7","medium","Four-seam/Curve/Slider/Splitter/Cutter","10","8","12","10","11","10","4","15","13","9","","10","","10","10","10","","","142.3","95.8","103.8","0.063","0.235","0.153","0.084","0.021","4.52","[{""code"":""FF"",""name"":""Four-seam"",""n"":513,""usage_pct"":43.9,""speed"":142.9,""k_stuff_plus"":95.62,""k_location_plus"":100.4,""whiff_rate"":0.0312,""csw_rate"":0.2125},{""code"":""CU"",""name"":""Curve"",""n"":260,""usage_pct"":22.3,""speed"":122.4,""k_stuff_plus"":97.35,""k_location_plus"":108.4,""whiff_rate"":0.0808,""csw_rate"":0.3038},{""code"":""SL"",""name"":""Slider"",""n"":169,""usage_pct"":14.5,""speed"":134.0,""k_stuff_plus"":96.04,""k_location_plus"":101.8,""whiff_rate"":0.071,""csw_rate"":0.2781},{""code"":""FS"",""name"":""Splitter"",""n"":142,""usage_pct"":12.2,""speed"":135.0,""k_stuff_plus"":97.73,""k_location_plus"":109.6,""whiff_rate"":0.1197,""csw_rate"":0.1831},{""code"":""FC"",""name"":""Cutter"",""n"":84,""usage_pct"":7.2,""speed"":138.0,""k_stuff_plus"":97.62,""k_location_plus"":101.9,""whiff_rate"":0.0952,""csw_rate"":0.1548}]","","0","kbo-pitcher-abilities-v1-official-tracking-regressed","https://www.koreabaseball.com/Record/Player/PitcherDetail/Total.aspx?playerId=68856","https://www.kbostuff.app/stuff/68856?season=2025"
"2025","54803","KBO-54803","SSG 랜더스","최현석","KBO","77","17.3","low","Four-seam/Slider/Curve/Splitter","11","7","11","5","10","9","7","15","8","10","","","","10","10","10","","","144.7","96.2","102.5","0.072","0.272","0.143","0.078","0.065","7.30","[{""code"":""FF"",""name"":""Four-seam"",""n"":139,""usage_pct"":47.9,""speed"":144.7,""k_stuff_plus"":95.6,""k_location_plus"":103.1,""whiff_rate"":0.036,""csw_rate"":0.1799},{""code"":""SL"",""name"":""Slider"",""n"":79,""usage_pct"":27.2,""speed"":133.9,""k_stuff_plus"":97.51,""k_location_plus"":101.1,""whiff_rate"":0.1392,""csw_rate"":0.4177},{""code"":""CU"",""name"":""Curve"",""n"":49,""usage_pct"":16.9,""speed"":117.2,""k_stuff_plus"":99.39,""k_location_plus"":103.2,""whiff_rate"":0.0816,""csw_rate"":0.4082},{""code"":""FS"",""name"":""Splitter"",""n"":23,""usage_pct"":7.9,""speed"":128.1,""k_stuff_plus"":100.84,""k_location_plus"":99.6,""whiff_rate"":0.0435,""csw_rate"":0.0435}]","","0","kbo-pitcher-abilities-v1-official-tracking-regressed","https://www.koreabaseball.com/Record/Player/PitcherDetail/Total.aspx?playerId=54803","https://www.kbostuff.app/stuff/54803?season=2025"
"2025","68092","KBO-68092","SSG 랜더스","한두솔","KBO","169","36.3","medium","Four-seam/Slider/Changeup/Cutter/Splitter/Curve","11","11","9","13","10","9","6","8","10","10","","","10","10","","","","","144.7","96.0","105.6","0.067","0.267","0.160","0.112","0.006","3.96","[{""code"":""FF"",""name"":""Four-seam"",""n"":306,""usage_pct"":47.6,""speed"":144.9,""k_stuff_plus"":95.08,""k_location_plus"":101.1,""whiff_rate"":0.0392,""csw_rate"":0.2124},{""code"":""SL"",""name"":""Slider"",""n"":303,""usage_pct"":47.1,""speed"":131.2,""k_stuff_plus"":98.5,""k_location_plus"":108.9,""whiff_rate"":0.0957,""csw_rate"":0.3267},{""code"":""CH"",""name"":""Changeup"",""n"":18,""usage_pct"":2.8,""speed"":127.4,""k_stuff_plus"":102.41,""k_location_plus"":96.3,""whiff_rate"":0.0556,""csw_rate"":0.1111},{""code"":""FC"",""name"":""Cutter"",""n"":9,""usage_pct"":1.4,""speed"":138.9,""k_stuff_plus"":95.54,""k_location_plus"":103.9,""whiff_rate"":0.1111,""csw_rate"":0.4444},{""code"":""FS"",""name"":""Splitter"",""n"":6,""usage_pct"":0.9,""speed"":129.8,""k_stuff_plus"":99.47,""k_location_plus"":98.4,""whiff_rate"":0.0,""csw_rate"":0.1667},{""code"":""CU"",""name"":""Curve"",""n"":1,""usage_pct"":0.2,""speed"":110.0,""k_stuff_plus"":null,""k_location_plus"":102.2,""whiff_rate"":0.0,""csw_rate"":1.0}]","","0","kbo-pitcher-abilities-v1-official-tracking-regressed","https://www.koreabaseball.com/Record/Player/PitcherDetail/Total.aspx?playerId=68092","https://www.kbostuff.app/stuff/68092?season=2025"
"2025","55855","KBO-55855","SSG 랜더스","화이트","KBO","562","134.7","high","Four-seam/Curve/Cutter/Sinker/Slider/Sweeper/Changeup/Splitter","14","15","15","17","20","18","19","17","19","11","11","10","10","10","11","","10","","149.7","109.5","104.7","0.121","0.306","0.244","0.078","0.016","3.43","[{""code"":""FF"",""name"":""Four-seam"",""n"":1003,""usage_pct"":46.5,""speed"":151.8,""k_stuff_plus"":106.42,""k_location_plus"":105.9,""whiff_rate"":0.0927,""csw_rate"":0.2921},{""code"":""CU"",""name"":""Curve"",""n"":424,""usage_pct"":19.7,""speed"":127.0,""k_stuff_plus"":104.8,""k_location_plus"":110.5,""whiff_rate"":0.1321,""csw_rate"":0.3726},{""code"":""FC"",""name"":""Cutter"",""n"":380,""usage_pct"":17.6,""speed"":143.7,""k_stuff_plus"":101.27,""k_location_plus"":90.0,""whiff_rate"":0.1789,""csw_rate"":0.3395},{""code"":""SI"",""name"":""Sinker"",""n"":188,""usage_pct"":8.7,""speed"":150.4,""k_stuff_plus"":105.55,""k_location_plus"":107.0,""whiff_rate"":0.1064,""csw_rate"":0.2074},{""code"":""SL"",""name"":""Slider"",""n"":89,""usage_pct"":4.1,""speed"":134.8,""k_stuff_plus"":108.14,""k_location_plus"":94.4,""whiff_rate"":0.1685,""csw_rate"":0.2697},{""code"":""ST"",""name"":""Sweeper"",""n"":55,""usage_pct"":2.5,""speed"":135.8,""k_stuff_plus"":105.26,""k_location_plus"":88.1,""whiff_rate"":0.1273,""csw_rate"":0.2545},{""code"":""CH"",""name"":""Changeup"",""n"":11,""usage_pct"":0.5,""speed"":140.9,""k_stuff_plus"":106.68,""k_location_plus"":96.5,""whiff_rate"":0.2727,""csw_rate"":0.2727},{""code"":""FS"",""name"":""Splitter"",""n"":7,""usage_pct"":0.3,""speed"":140.7,""k_stuff_plus"":100.99,""k_location_plus"":100.1,""whiff_rate"":0.0,""csw_rate"":0.0}]","","0","kbo-pitcher-abilities-v1-official-tracking-regressed","https://www.koreabaseball.com/Record/Player/PitcherDetail/Total.aspx?playerId=55855","https://www.kbostuff.app/stuff/55855?season=2025"
"2025","72523","KBO-72523","두산 베어스","고효준","KBO","104","21.0","medium","Four-seam/Slider/Curve/Splitter","12","9","7","5","8","7","11","6","5","11","","","","10","10","10","","","145.7","105.3","97.0","0.106","0.326","0.183","0.135","0.038","6.25","[{""code"":""FF"",""name"":""Four-seam"",""n"":224,""usage_pct"":51.9,""speed"":145.7,""k_stuff_plus"":106.35,""k_location_plus"":101.0,""whiff_rate"":0.067,""csw_rate"":0.375},{""code"":""SL"",""name"":""Slider"",""n"":154,""usage_pct"":35.6,""speed"":132.9,""k_stuff_plus"":101.94,""k_location_plus"":96.4,""whiff_rate"":0.1299,""csw_rate"":0.2727},{""code"":""CU"",""name"":""Curve"",""n"":31,""usage_pct"":7.2,""speed"":126.2,""k_stuff_plus"":103.7,""k_location_plus"":97.5,""whiff_rate"":0.1613,""csw_rate"":0.2581},{""code"":""FS"",""name"":""Splitter"",""n"":23,""usage_pct"":5.3,""speed"":129.8,""k_stuff_plus"":103.05,""k_location_plus"":98.5,""whiff_rate"":0.2609,""csw_rate"":0.3043}]","","0","kbo-pitcher-abilities-v1-official-tracking-regressed","https://www.koreabaseball.com/Record/Player/PitcherDetail/Total.aspx?playerId=72523","https://www.kbostuff.app/stuff/72523?season=2025"
"2025","68220","KBO-68220","두산 베어스","곽빈","KBO","465","109.3","high","Four-seam/Slider/Curve/Changeup/Sinker","15","14","14","15","20","17","18","14","16","11","","","10","11","11","","","","151.4","105.0","104.8","0.101","0.294","0.230","0.088","0.019","3.73","[{""code"":""FF"",""name"":""Four-seam"",""n"":853,""usage_pct"":47.5,""speed"":151.4,""k_stuff_plus"":104.26,""k_location_plus"":104.0,""whiff_rate"":0.0856,""csw_rate"":0.2778},{""code"":""SL"",""name"":""Slider"",""n"":396,""usage_pct"":22.1,""speed"":137.7,""k_stuff_plus"":102.95,""k_location_plus"":108.4,""whiff_rate"":0.1111,""csw_rate"":0.351},{""code"":""CU"",""name"":""Curve"",""n"":296,""usage_pct"":16.5,""speed"":121.5,""k_stuff_plus"":101.5,""k_location_plus"":106.9,""whiff_rate"":0.0709,""csw_rate"":0.2635},{""code"":""CH"",""name"":""Changeup"",""n"":248,""usage_pct"":13.8,""speed"":131.0,""k_stuff_plus"":105.3,""k_location_plus"":95.7,""whiff_rate"":0.1774,""csw_rate"":0.2944},{""code"":""SI"",""name"":""Sinker"",""n"":1,""usage_pct"":0.1,""speed"":149.0,""k_stuff_plus"":null,""k_location_plus"":102.3,""whiff_rate"":0.0,""csw_rate"":1.0}]","","0","kbo-pitcher-abilities-v1-official-tracking-regressed","https://www.koreabaseball.com/Record/Player/PitcherDetail/Total.aspx?playerId=68220","https://www.kbostuff.app/stuff/68220?season=2025"
"2025","67246","KBO-67246","두산 베어스","김명신","KBO","43","8.3","low","Four-seam/Slider/Curve/Splitter","10","12","12","13","9","12","8","15","11","9","","","","10","10","10","","","143.1","97.3","98.5","0.084","0.238","0.140","0.070","0.000","3.44","[{""code"":""FF"",""name"":""Four-seam"",""n"":108,""usage_pct"":53.5,""speed"":143.1,""k_stuff_plus"":95.09,""k_location_plus"":96.7,""whiff_rate"":0.0648,""csw_rate"":0.2222},{""code"":""SL"",""name"":""Slider"",""n"":34,""usage_pct"":16.8,""speed"":130.4,""k_stuff_plus"":94.76,""k_location_plus"":102.8,""whiff_rate"":0.0294,""csw_rate"":0.2353},{""code"":""CU"",""name"":""Curve"",""n"":30,""usage_pct"":14.9,""speed"":115.7,""k_stuff_plus"":100.88,""k_location_plus"":105.8,""whiff_rate"":0.1,""csw_rate"":0.3333},{""code"":""FS"",""name"":""Splitter"",""n"":30,""usage_pct"":14.9,""speed"":129.8,""k_stuff_plus"":105.09,""k_location_plus"":93.0,""whiff_rate"":0.2,""csw_rate"":0.2}]","","0","kbo-pitcher-abilities-v1-official-tracking-regressed","https://www.koreabaseball.com/Record/Player/PitcherDetail/Total.aspx?playerId=67246","https://www.kbostuff.app/stuff/67246?season=2025"
"2025","68200","KBO-68200","두산 베어스","김민규","KBO","47","9.7","low","Four-seam/Slider/Curve/Splitter","10","9","10","10","10","9","7","10","11","10","","","","10","10","","","","143.8","98.9","97.2","0.070","0.221","0.128","0.128","0.021","6.65","[{""code"":""FF"",""name"":""Four-seam"",""n"":91,""usage_pct"":45.7,""speed"":143.8,""k_stuff_plus"":97.52,""k_location_plus"":98.3,""whiff_rate"":0.044,""csw_rate"":0.1538},{""code"":""SL"",""name"":""Slider"",""n"":85,""usage_pct"":42.7,""speed"":128.9,""k_stuff_plus"":100.32,""k_location_plus"":100.0,""whiff_rate"":0.0824,""csw_rate"":0.2824},{""code"":""CU"",""name"":""Curve"",""n"":19,""usage_pct"":9.5,""speed"":115.9,""k_stuff_plus"":103.14,""k_location_plus"":99.0,""whiff_rate"":0.1579,""csw_rate"":0.3158},{""code"":""FS"",""name"":""Splitter"",""n"":4,""usage_pct"":2,""speed"":125.5,""k_stuff_plus"":null,""k_location_plus"":100.2,""whiff_rate"":0.0,""csw_rate"":0.0}]","","0","kbo-pitcher-abilities-v1-official-tracking-regressed","https://www.koreabaseball.com/Record/Player/PitcherDetail/Total.aspx?playerId=68200","https://www.kbostuff.app/stuff/68200?season=2025"
"2025","53262","KBO-53262","두산 베어스","김유성","KBO","85","17.3","low","Four-seam/Slider/Curve/Splitter/Changeup","14","11","7","8","12","9","18","4","5","10","","","","10","10","10","","","149.0","102.8","97.2","0.120","0.302","0.259","0.165","0.035","6.27","[{""code"":""FF"",""name"":""Four-seam"",""n"":206,""usage_pct"":53.6,""speed"":149.0,""k_stuff_plus"":104.37,""k_location_plus"":96.2,""whiff_rate"":0.1068,""csw_rate"":0.2718},{""code"":""SL"",""name"":""Slider"",""n"":130,""usage_pct"":33.9,""speed"":135.0,""k_stuff_plus"":100.49,""k_location_plus"":99.1,""whiff_rate"":0.1462,""csw_rate"":0.3692},{""code"":""CU"",""name"":""Curve"",""n"":37,""usage_pct"":9.6,""speed"":124.7,""k_stuff_plus"":100.05,""k_location_plus"":98.2,""whiff_rate"":0.1081,""csw_rate"":0.2703},{""code"":""FS"",""name"":""Splitter"",""n"":10,""usage_pct"":2.6,""speed"":137.8,""k_stuff_plus"":92.55,""k_location_plus"":98.9,""whiff_rate"":0.1,""csw_rate"":0.1},{""code"":""CH"",""name"":""Changeup"",""n"":1,""usage_pct"":0.3,""speed"":134.0,""k_stuff_plus"":null,""k_location_plus"":103.4,""whiff_rate"":0.0,""csw_rate"":1.0}]","","0","kbo-pitcher-abilities-v1-official-tracking-regressed","https://www.koreabaseball.com/Record/Player/PitcherDetail/Total.aspx?playerId=53262","https://www.kbostuff.app/stuff/53262?season=2025"
"2025","68830","KBO-68830","두산 베어스","김정우","KBO","103","21.0","medium","Four-seam/Slider/Changeup/Curve","12","10","11","12","9","9","4","13","12","10","","","10","10","","","","","146.3","99.8","96.3","0.072","0.225","0.126","0.087","0.010","4.53","[{""code"":""FF"",""name"":""Four-seam"",""n"":223,""usage_pct"":59.8,""speed"":146.3,""k_stuff_plus"":101.13,""k_location_plus"":98.8,""whiff_rate"":0.0493,""csw_rate"":0.1973},{""code"":""SL"",""name"":""Slider"",""n"":75,""usage_pct"":20.1,""speed"":134.5,""k_stuff_plus"":100.2,""k_location_plus"":94.5,""whiff_rate"":0.1333,""csw_rate"":0.3467},{""code"":""CH"",""name"":""Changeup"",""n"":69,""usage_pct"":18.5,""speed"":129.4,""k_stuff_plus"":97.87,""k_location_plus"":96.2,""whiff_rate"":0.087,""csw_rate"":0.2029},{""code"":""CU"",""name"":""Curve"",""n"":6,""usage_pct"":1.6,""speed"":114.8,""k_stuff_plus"":93.18,""k_location_plus"":97.0,""whiff_rate"":0.0,""csw_rate"":0.0}]","","0","kbo-pitcher-abilities-v1-official-tracking-regressed","https://www.koreabaseball.com/Record/Player/PitcherDetail/Total.aspx?playerId=68830","https://www.kbostuff.app/stuff/68830?season=2025"
"2025","54263","KBO-54263","두산 베어스","김택연","KBO","281","66.3","medium","Four-seam/Slider/Changeup/Splitter/Curve","14","14","11","14","10","16","19","8","17","11","","","10","11","","10","","","150.5","112.8","91.5","0.152","0.280","0.281","0.110","0.021","3.86","[{""code"":""FF"",""name"":""Four-seam"",""n"":838,""usage_pct"":72.8,""speed"":150.5,""k_stuff_plus"":109.0,""k_location_plus"":94.4,""whiff_rate"":0.1325,""csw_rate"":0.2661},{""code"":""SL"",""name"":""Slider"",""n"":271,""usage_pct"":23.5,""speed"":134.8,""k_stuff_plus"":114.62,""k_location_plus"":85.0,""whiff_rate"":0.2251,""csw_rate"":0.3542},{""code"":""CH"",""name"":""Changeup"",""n"":19,""usage_pct"":1.7,""speed"":135.8,""k_stuff_plus"":102.2,""k_location_plus"":94.9,""whiff_rate"":0.0,""csw_rate"":0.0},{""code"":""FS"",""name"":""Splitter"",""n"":19,""usage_pct"":1.7,""speed"":139.2,""k_stuff_plus"":105.76,""k_location_plus"":100.8,""whiff_rate"":0.1579,""csw_rate"":0.1579},{""code"":""CU"",""name"":""Curve"",""n"":4,""usage_pct"":0.3,""speed"":121.5,""k_stuff_plus"":90.92,""k_location_plus"":95.0,""whiff_rate"":0.0,""csw_rate"":0.0}]","","0","kbo-pitcher-abilities-v1-official-tracking-regressed","https://www.koreabaseball.com/Record/Player/PitcherDetail/Total.aspx?playerId=54263","https://www.kbostuff.app/stuff/54263?season=2025"
"2025","55221","KBO-55221","두산 베어스","김한중","KBO","8","2.0","low","Four-seam/Slider/Splitter","12","11","13","12","9","13","9","15","15","10","","","","","","","","","146.0","93.4","103.6","0.040","0.240","0.000","0.000","0.000","3.44","[{""code"":""FF"",""name"":""Four-seam"",""n"":21,""usage_pct"":84,""speed"":146.0,""k_stuff_plus"":93.16,""k_location_plus"":102.2,""whiff_rate"":0.0,""csw_rate"":0.2381},{""code"":""SL"",""name"":""Slider"",""n"":2,""usage_pct"":8,""speed"":130.0,""k_stuff_plus"":93.1,""k_location_plus"":98.6,""whiff_rate"":0.0,""csw_rate"":0.0},{""code"":""FS"",""name"":""Splitter"",""n"":2,""usage_pct"":8,""speed"":130.5,""k_stuff_plus"":103.38,""k_location_plus"":101.8,""whiff_rate"":0.5,""csw_rate"":0.5}]","","0","kbo-pitcher-abilities-v1-official-tracking-regressed","https://www.koreabaseball.com/Record/Player/PitcherDetail/Total.aspx?playerId=55221","https://www.kbostuff.app/stuff/55221?season=2025"
"2025","68269","KBO-68269","두산 베어스","김호준","KBO","54","10.7","low","Sinker/Slider/Changeup/Four-seam/Splitter","10","7","8","6","8","7","7","9","7","10","9","","10","10","","","","","142.7","93.0","92.8","0.051","0.218","0.130","0.130","0.037","6.53","[{""code"":""SI"",""name"":""Sinker"",""n"":137,""usage_pct"":63.4,""speed"":142.6,""k_stuff_plus"":96.96,""k_location_plus"":88.7,""whiff_rate"":0.0292,""csw_rate"":0.2263},{""code"":""SL"",""name"":""Slider"",""n"":45,""usage_pct"":20.8,""speed"":135.5,""k_stuff_plus"":98.54,""k_location_plus"":97.2,""whiff_rate"":0.1111,""csw_rate"":0.1556},{""code"":""CH"",""name"":""Changeup"",""n"":14,""usage_pct"":6.5,""speed"":132.9,""k_stuff_plus"":92.97,""k_location_plus"":99.1,""whiff_rate"":0.0714,""csw_rate"":0.2143},{""code"":""FF"",""name"":""Four-seam"",""n"":12,""usage_pct"":5.6,""speed"":142.9,""k_stuff_plus"":89.07,""k_location_plus"":103.4,""whiff_rate"":0.0,""csw_rate"":0.3333},{""code"":""FS"",""name"":""Splitter"",""n"":8,""usage_pct"":3.7,""speed"":131.6,""k_stuff_plus"":98.96,""k_location_plus"":98.0,""whiff_rate"":0.125,""csw_rate"":0.25}]","","0","kbo-pitcher-abilities-v1-official-tracking-regressed","https://www.koreabaseball.com/Record/Player/PitcherDetail/Total.aspx?playerId=68269","https://www.kbostuff.app/stuff/68269?season=2025"
"2025","68249","KBO-68249","두산 베어스","박신지","KBO","264","60.0","medium","Four-seam/Slider/Changeup/Curve/Splitter","12","9","10","14","10","8","2","8","15","10","","","10","10","10","","","","147.2","102.3","94.8","0.094","0.274","0.136","0.110","0.011","4.59","[{""code"":""FF"",""name"":""Four-seam"",""n"":477,""usage_pct"":47.7,""speed"":147.2,""k_stuff_plus"":98.34,""k_location_plus"":97.9,""whiff_rate"":0.0419,""csw_rate"":0.2411},{""code"":""SL"",""name"":""Slider"",""n"":269,""usage_pct"":26.9,""speed"":134.6,""k_stuff_plus"":104.27,""k_location_plus"":92.7,""whiff_rate"":0.1599,""csw_rate"":0.3494},{""code"":""CH"",""name"":""Changeup"",""n"":169,""usage_pct"":16.9,""speed"":126.3,""k_stuff_plus"":103.81,""k_location_plus"":96.2,""whiff_rate"":0.1302,""csw_rate"":0.2604},{""code"":""CU"",""name"":""Curve"",""n"":81,""usage_pct"":8.1,""speed"":118.1,""k_stuff_plus"":106.06,""k_location_plus"":97.5,""whiff_rate"":0.1111,""csw_rate"":0.2469},{""code"":""FS"",""name"":""Splitter"",""n"":5,""usage_pct"":0.5,""speed"":128.8,""k_stuff_plus"":101.42,""k_location_plus"":101.8,""whiff_rate"":0.0,""csw_rate"":0.2}]","","0","kbo-pitcher-abilities-v1-official-tracking-regressed","https://www.koreabaseball.com/Record/Player/PitcherDetail/Total.aspx?playerId=68249","https://www.kbostuff.app/stuff/68249?season=2025"
"2025","65639","KBO-65639","두산 베어스","박정수","KBO","119","26.3","medium","Slider/Four-seam/Curve/Changeup/Sinker","9","10","12","14","9","11","4","17","13","9","10","","10","10","10","","","","140.8","98.7","92.5","0.113","0.260","0.126","0.067","0.008","4.16","[{""code"":""SL"",""name"":""Slider"",""n"":127,""usage_pct"":30.5,""speed"":133.2,""k_stuff_plus"":99.4,""k_location_plus"":95.4,""whiff_rate"":0.1496,""csw_rate"":0.3307},{""code"":""FF"",""name"":""Four-seam"",""n"":95,""usage_pct"":22.8,""speed"":141.1,""k_stuff_plus"":94.79,""k_location_plus"":93.9,""whiff_rate"":0.0211,""csw_rate"":0.2105},{""code"":""CU"",""name"":""Curve"",""n"":86,""usage_pct"":20.7,""speed"":122.9,""k_stuff_plus"":104.07,""k_location_plus"":99.1,""whiff_rate"":0.1395,""csw_rate"":0.2558},{""code"":""CH"",""name"":""Changeup"",""n"":73,""usage_pct"":17.5,""speed"":127.3,""k_stuff_plus"":97.83,""k_location_plus"":100.3,""whiff_rate"":0.1644,""csw_rate"":0.2466},{""code"":""SI"",""name"":""Sinker"",""n"":35,""usage_pct"":8.4,""speed"":139.7,""k_stuff_plus"":98.87,""k_location_plus"":98.3,""whiff_rate"":0.0571,""csw_rate"":0.1714}]","","0","kbo-pitcher-abilities-v1-official-tracking-regressed","https://www.koreabaseball.com/Record/Player/PitcherDetail/Total.aspx?playerId=65639","https://www.kbostuff.app/stuff/65639?season=2025"
"2025","54213","KBO-54213","두산 베어스","박지호","FUTURES","39","7.0","low","","8","7","5","6","7","7","12","6","4","","","","","","","","","","","","","","","0.205","0.179","0.051","8.59","[]","","0","kbo-pitcher-abilities-v1-official-tracking-regressed","https://www.koreabaseball.com/Futures/Player/PitcherTotal.aspx?playerId=54213",""
"2025","67266","KBO-67266","두산 베어스","박치국","KBO","271","62.3","medium","Four-seam/Curve/Sinker/Slider/Changeup","12","13","14","16","10","17","16","16","17","10","10","","10","10","11","","","","146.3","100.0","102.9","0.099","0.287","0.210","0.077","0.015","3.79","[{""code"":""FF"",""name"":""Four-seam"",""n"":504,""usage_pct"":48.4,""speed"":147.0,""k_stuff_plus"":98.66,""k_location_plus"":104.5,""whiff_rate"":0.0992,""csw_rate"":0.2897},{""code"":""CU"",""name"":""Curve"",""n"":234,""usage_pct"":22.5,""speed"":127.6,""k_stuff_plus"":107.11,""k_location_plus"":96.0,""whiff_rate"":0.1368,""csw_rate"":0.3248},{""code"":""SI"",""name"":""Sinker"",""n"":220,""usage_pct"":21.1,""speed"":144.7,""k_stuff_plus"":102.41,""k_location_plus"":102.1,""whiff_rate"":0.0727,""csw_rate"":0.2682},{""code"":""SL"",""name"":""Slider"",""n"":48,""usage_pct"":4.6,""speed"":126.9,""k_stuff_plus"":96.82,""k_location_plus"":98.3,""whiff_rate"":0.0625,""csw_rate"":0.2917},{""code"":""CH"",""name"":""Changeup"",""n"":36,""usage_pct"":3.5,""speed"":134.5,""k_stuff_plus"":97.3,""k_location_plus"":95.6,""whiff_rate"":0.0556,""csw_rate"":0.1111}]","","0","kbo-pitcher-abilities-v1-official-tracking-regressed","https://www.koreabaseball.com/Record/Player/PitcherDetail/Total.aspx?playerId=67266","https://www.kbostuff.app/stuff/67266?season=2025"
"2025","55215","KBO-55215","두산 베어스","양재훈","KBO","93","23.3","low","Four-seam/Curve/Slider/Splitter","12","11","12","11","9","14","14","13","14","11","","","","10","10","10","","","145.8","101.4","103.8","0.089","0.305","0.204","0.086","0.032","4.51","[{""code"":""FF"",""name"":""Four-seam"",""n"":242,""usage_pct"":63.7,""speed"":145.8,""k_stuff_plus"":101.73,""k_location_plus"":109.2,""whiff_rate"":0.0744,""csw_rate"":0.3264},{""code"":""CU"",""name"":""Curve"",""n"":60,""usage_pct"":15.8,""speed"":117.2,""k_stuff_plus"":104.57,""k_location_plus"":97.0,""whiff_rate"":0.1167,""csw_rate"":0.3},{""code"":""SL"",""name"":""Slider"",""n"":59,""usage_pct"":15.5,""speed"":132.8,""k_stuff_plus"":97.14,""k_location_plus"":93.1,""whiff_rate"":0.1186,""csw_rate"":0.2881},{""code"":""FS"",""name"":""Splitter"",""n"":19,""usage_pct"":5,""speed"":128.5,""k_stuff_plus"":94.04,""k_location_plus"":98.6,""whiff_rate"":0.1053,""csw_rate"":0.1053}]","","0","kbo-pitcher-abilities-v1-official-tracking-regressed","https://www.koreabaseball.com/Record/Player/PitcherDetail/Total.aspx?playerId=55215","https://www.kbostuff.app/stuff/55215?season=2025"
"2025","52202","KBO-52202","두산 베어스","윤태호","KBO","73","17.3","low","Four-seam/Slider/Curve/Splitter/Changeup","14","12","14","12","10","16","15","16","12","11","","","","10","10","","","","149.4","102.7","108.8","0.111","0.303","0.219","0.068","0.027","3.96","[{""code"":""FF"",""name"":""Four-seam"",""n"":176,""usage_pct"":61.3,""speed"":149.4,""k_stuff_plus"":102.23,""k_location_plus"":109.2,""whiff_rate"":0.1023,""csw_rate"":0.2898},{""code"":""SL"",""name"":""Slider"",""n"":84,""usage_pct"":29.3,""speed"":137.0,""k_stuff_plus"":101.18,""k_location_plus"":106.0,""whiff_rate"":0.1429,""csw_rate"":0.3571},{""code"":""CU"",""name"":""Curve"",""n"":23,""usage_pct"":8,""speed"":124.6,""k_stuff_plus"":107.13,""k_location_plus"":97.4,""whiff_rate"":0.087,""csw_rate"":0.2609},{""code"":""FS"",""name"":""Splitter"",""n"":3,""usage_pct"":1,""speed"":132.7,""k_stuff_plus"":null,""k_location_plus"":95.2,""whiff_rate"":0.0,""csw_rate"":0.0},{""code"":""CH"",""name"":""Changeup"",""n"":1,""usage_pct"":0.3,""speed"":135.0,""k_stuff_plus"":98.26,""k_location_plus"":103.4,""whiff_rate"":0.0,""csw_rate"":0.0}]","","0","kbo-pitcher-abilities-v1-official-tracking-regressed","https://www.koreabaseball.com/Record/Player/PitcherDetail/Total.aspx?playerId=52202","https://www.kbostuff.app/stuff/52202?season=2025"
"2025","69205","KBO-69205","두산 베어스","이교훈","KBO","29","7.7","low","Four-seam/Slider/Changeup/Curve","11","13","12","16","8","14","16","10","16","10","","","10","10","","","","","144.0","100.5","92.1","0.088","0.280","0.241","0.138","0.000","3.57","[{""code"":""FF"",""name"":""Four-seam"",""n"":70,""usage_pct"":56,""speed"":144.0,""k_stuff_plus"":103.32,""k_location_plus"":92.6,""whiff_rate"":0.0571,""csw_rate"":0.3143},{""code"":""SL"",""name"":""Slider"",""n"":32,""usage_pct"":25.6,""speed"":134.7,""k_stuff_plus"":98.2,""k_location_plus"":96.6,""whiff_rate"":0.0625,""csw_rate"":0.125},{""code"":""CH"",""name"":""Changeup"",""n"":18,""usage_pct"":14.4,""speed"":135.2,""k_stuff_plus"":99.81,""k_location_plus"":102.1,""whiff_rate"":0.2778,""csw_rate"":0.5},{""code"":""CU"",""name"":""Curve"",""n"":5,""usage_pct"":4,""speed"":122.4,""k_stuff_plus"":90.27,""k_location_plus"":94.9,""whiff_rate"":0.0,""csw_rate"":0.0}]","","0","kbo-pitcher-abilities-v1-official-tracking-regressed","https://www.koreabaseball.com/Record/Player/PitcherDetail/Total.aspx?playerId=69205","https://www.kbostuff.app/stuff/69205?season=2025"
"2025","52204","KBO-52204","두산 베어스","이병헌","KBO","56","13.0","low","Four-seam/Slider/Changeup/Splitter","11","10","8","11","8","8","10","4","9","10","","","","10","","","","","145.2","104.0","93.6","0.078","0.217","0.161","0.179","0.018","5.36","[{""code"":""FF"",""name"":""Four-seam"",""n"":134,""usage_pct"":61.8,""speed"":145.2,""k_stuff_plus"":103.85,""k_location_plus"":89.0,""whiff_rate"":0.0373,""csw_rate"":0.1642},{""code"":""SL"",""name"":""Slider"",""n"":78,""usage_pct"":35.9,""speed"":134.6,""k_stuff_plus"":101.2,""k_location_plus"":101.6,""whiff_rate"":0.141,""csw_rate"":0.2949},{""code"":""CH"",""name"":""Changeup"",""n"":4,""usage_pct"":1.8,""speed"":131.8,""k_stuff_plus"":131.69,""k_location_plus"":98.6,""whiff_rate"":0.25,""csw_rate"":0.5},{""code"":""FS"",""name"":""Splitter"",""n"":1,""usage_pct"":0.5,""speed"":134.0,""k_stuff_plus"":null,""k_location_plus"":96.6,""whiff_rate"":0.0,""csw_rate"":0.0}]","","0","kbo-pitcher-abilities-v1-official-tracking-regressed","https://www.koreabaseball.com/Record/Player/PitcherDetail/Total.aspx?playerId=52204","https://www.kbostuff.app/stuff/52204?season=2025"
"2025","64805","KBO-64805","두산 베어스","이승진","FUTURES","82","15.3","low","","8","9","9","8","7","8","5","12","5","","","","","","","","","","","","","","","0.122","0.122","0.012","5.66","[]","","0","kbo-pitcher-abilities-v1-official-tracking-regressed","https://www.koreabaseball.com/Futures/Player/PitcherTotal.aspx?playerId=64805",""
"2025","66291","KBO-66291","두산 베어스","이영하","KBO","299","66.7","medium","Four-seam/Slider/Curve/Splitter","14","14","7","16","10","12","18","4","13","9","","","","10","10","10","","","150.2","104.6","88.7","0.142","0.299","0.241","0.130","0.013","4.08","[{""code"":""FF"",""name"":""Four-seam"",""n"":560,""usage_pct"":49.3,""speed"":150.2,""k_stuff_plus"":97.74,""k_location_plus"":89.8,""whiff_rate"":0.0518,""csw_rate"":0.2375},{""code"":""SL"",""name"":""Slider"",""n"":475,""usage_pct"":41.8,""speed"":136.6,""k_stuff_plus"":106.38,""k_location_plus"":89.2,""whiff_rate"":0.2232,""csw_rate"":0.3705},{""code"":""CU"",""name"":""Curve"",""n"":91,""usage_pct"":8,""speed"":121.4,""k_stuff_plus"":109.22,""k_location_plus"":93.7,""whiff_rate"":0.2747,""csw_rate"":0.3297},{""code"":""FS"",""name"":""Splitter"",""n"":10,""usage_pct"":0.9,""speed"":136.7,""k_stuff_plus"":104.06,""k_location_plus"":101.1,""whiff_rate"":0.1,""csw_rate"":0.1}]","","0","kbo-pitcher-abilities-v1-official-tracking-regressed","https://www.koreabaseball.com/Record/Player/PitcherDetail/Total.aspx?playerId=66291","https://www.kbostuff.app/stuff/66291?season=2025"
"2025","55239","KBO-55239","두산 베어스","잭로그","KBO","722","176.0","high","Four-seam/Sinker/Cutter/Changeup/Slider/Sweeper/Curve","10","14","15","19","20","19","17","19","19","11","10","10","10","10","10","","10","","143.3","102.1","104.3","0.094","0.302","0.216","0.054","0.011","3.21","[{""code"":""FF"",""name"":""Four-seam"",""n"":853,""usage_pct"":31.7,""speed"":145.3,""k_stuff_plus"":103.51,""k_location_plus"":103.4,""whiff_rate"":0.075,""csw_rate"":0.2837},{""code"":""SI"",""name"":""Sinker"",""n"":578,""usage_pct"":21.5,""speed"":142.9,""k_stuff_plus"":102.34,""k_location_plus"":101.1,""whiff_rate"":0.0519,""csw_rate"":0.3633},{""code"":""FC"",""name"":""Cutter"",""n"":363,""usage_pct"":13.5,""speed"":139.1,""k_stuff_plus"":98.34,""k_location_plus"":109.7,""whiff_rate"":0.0799,""csw_rate"":0.281},{""code"":""CH"",""name"":""Changeup"",""n"":329,""usage_pct"":12.2,""speed"":133.1,""k_stuff_plus"":94.46,""k_location_plus"":102.9,""whiff_rate"":0.0517,""csw_rate"":0.231},{""code"":""SL"",""name"":""Slider"",""n"":307,""usage_pct"":11.4,""speed"":122.9,""k_stuff_plus"":103.15,""k_location_plus"":93.5,""whiff_rate"":0.1922,""csw_rate"":0.3225},{""code"":""ST"",""name"":""Sweeper"",""n"":200,""usage_pct"":7.4,""speed"":123.5,""k_stuff_plus"":105.92,""k_location_plus"":93.9,""whiff_rate"":0.225,""csw_rate"":0.345},{""code"":""CU"",""name"":""Curve"",""n"":60,""usage_pct"":2.2,""speed"":122.6,""k_stuff_plus"":102.74,""k_location_plus"":96.2,""whiff_rate"":0.1667,""csw_rate"":0.2333}]","","0","kbo-pitcher-abilities-v1-official-tracking-regressed","https://www.koreabaseball.com/Record/Player/PitcherDetail/Total.aspx?playerId=55239","https://www.kbostuff.app/stuff/55239?season=2025"
"2025","50211","KBO-50211","두산 베어스","제환유","KBO","78","16.3","low","Four-seam/Slider/Curve/Splitter/Changeup","11","7","8","7","12","5","3","5","9","10","","","","10","10","10","","","145.4","95.4","97.2","0.046","0.224","0.103","0.154","0.026","6.44","[{""code"":""FF"",""name"":""Four-seam"",""n"":160,""usage_pct"":52.6,""speed"":145.4,""k_stuff_plus"":94.49,""k_location_plus"":102.2,""whiff_rate"":0.0063,""csw_rate"":0.1625},{""code"":""SL"",""name"":""Slider"",""n"":70,""usage_pct"":23,""speed"":132.7,""k_stuff_plus"":97.47,""k_location_plus"":91.1,""whiff_rate"":0.0571,""csw_rate"":0.3},{""code"":""CU"",""name"":""Curve"",""n"":49,""usage_pct"":16.1,""speed"":119.6,""k_stuff_plus"":103.89,""k_location_plus"":98.4,""whiff_rate"":0.1633,""csw_rate"":0.3673},{""code"":""FS"",""name"":""Splitter"",""n"":22,""usage_pct"":7.2,""speed"":128.5,""k_stuff_plus"":94.47,""k_location_plus"":100.3,""whiff_rate"":0.0455,""csw_rate"":0.1364},{""code"":""CH"",""name"":""Changeup"",""n"":3,""usage_pct"":1,""speed"":129.0,""k_stuff_plus"":89.79,""k_location_plus"":98.1,""whiff_rate"":0.0,""csw_rate"":0.0}]","","0","kbo-pitcher-abilities-v1-official-tracking-regressed","https://www.koreabaseball.com/Record/Player/PitcherDetail/Total.aspx?playerId=50211","https://www.kbostuff.app/stuff/50211?season=2025"
"2025","55268","KBO-55268","두산 베어스","최민석","KBO","333","77.7","high","Sinker/Slider/Splitter","10","8","11","11","17","9","5","10","13","","10","","","10","","10","","","143.6","94.6","103.7","0.066","0.272","0.159","0.102","0.021","4.75","[{""code"":""SI"",""name"":""Sinker"",""n"":711,""usage_pct"":53.2,""speed"":143.6,""k_stuff_plus"":97.7,""k_location_plus"":99.8,""whiff_rate"":0.0464,""csw_rate"":0.3066},{""code"":""SL"",""name"":""Slider"",""n"":449,""usage_pct"":33.6,""speed"":131.0,""k_stuff_plus"":98.46,""k_location_plus"":102.9,""whiff_rate"":0.0869,""csw_rate"":0.2584},{""code"":""FS"",""name"":""Splitter"",""n"":176,""usage_pct"":13.2,""speed"":134.2,""k_stuff_plus"":97.46,""k_location_plus"":102.2,""whiff_rate"":0.0909,""csw_rate"":0.1705}]","","0","kbo-pitcher-abilities-v1-official-tracking-regressed","https://www.koreabaseball.com/Record/Player/PitcherDetail/Total.aspx?playerId=55268","https://www.kbostuff.app/stuff/55268?season=2025"
"2025","51264","KBO-51264","두산 베어스","최승용","KBO","507","116.3","high","Four-seam/Slider/Curve/Splitter","10","10","14","13","19","12","2","18","14","11","","","","10","9","10","","","143.7","101.5","100.9","0.080","0.267","0.140","0.071","0.016","4.20","[{""code"":""FF"",""name"":""Four-seam"",""n"":932,""usage_pct"":47.6,""speed"":143.7,""k_stuff_plus"":103.27,""k_location_plus"":104.6,""whiff_rate"":0.0676,""csw_rate"":0.2811},{""code"":""SL"",""name"":""Slider"",""n"":465,""usage_pct"":23.7,""speed"":132.5,""k_stuff_plus"":99.59,""k_location_plus"":104.0,""whiff_rate"":0.1054,""csw_rate"":0.286},{""code"":""CU"",""name"":""Curve"",""n"":301,""usage_pct"":15.4,""speed"":116.4,""k_stuff_plus"":96.33,""k_location_plus"":97.7,""whiff_rate"":0.0598,""csw_rate"":0.2492},{""code"":""FS"",""name"":""Splitter"",""n"":260,""usage_pct"":13.3,""speed"":129.2,""k_stuff_plus"":102.99,""k_location_plus"":89.6,""whiff_rate"":0.1,""csw_rate"":0.2}]","","0","kbo-pitcher-abilities-v1-official-tracking-regressed","https://www.koreabaseball.com/Record/Player/PitcherDetail/Total.aspx?playerId=51264","https://www.kbostuff.app/stuff/51264?season=2025"
"2025","67263","KBO-67263","두산 베어스","최원준","KBO","456","107.0","high","Four-seam/Splitter/Slider/Curve","10","6","12","6","13","9","2","16","11","10","","","","9","10","10","","","142.8","97.7","98.9","0.091","0.228","0.136","0.083","0.039","5.64","[{""code"":""FF"",""name"":""Four-seam"",""n"":812,""usage_pct"":44.1,""speed"":142.8,""k_stuff_plus"":97.43,""k_location_plus"":100.8,""whiff_rate"":0.0665,""csw_rate"":0.2192},{""code"":""FS"",""name"":""Splitter"",""n"":460,""usage_pct"":25,""speed"":132.2,""k_stuff_plus"":98.27,""k_location_plus"":108.1,""whiff_rate"":0.1087,""csw_rate"":0.2391},{""code"":""SL"",""name"":""Slider"",""n"":457,""usage_pct"":24.8,""speed"":133.8,""k_stuff_plus"":98.78,""k_location_plus"":91.6,""whiff_rate"":0.116,""csw_rate"":0.2385},{""code"":""CU"",""name"":""Curve"",""n"":113,""usage_pct"":6.1,""speed"":121.6,""k_stuff_plus"":104.81,""k_location_plus"":91.9,""whiff_rate"":0.0885,""csw_rate"":0.2035}]","","0","kbo-pitcher-abilities-v1-official-tracking-regressed","https://www.koreabaseball.com/Record/Player/PitcherDetail/Total.aspx?playerId=67263","https://www.kbostuff.app/stuff/67263?season=2025"
"2025","50206","KBO-50206","두산 베어스","최종인","KBO","9","1.7","low","Four-seam/Slider/Curve/Splitter","12","13","9","13","8","13","18","7","12","10","","","","10","","","","","146.0","110.0","95.5","0.174","0.304","0.556","0.333","0.000","2.84","[{""code"":""FF"",""name"":""Four-seam"",""n"":21,""usage_pct"":45.7,""speed"":146.0,""k_stuff_plus"":112.59,""k_location_plus"":99.3,""whiff_rate"":0.0952,""csw_rate"":0.2857},{""code"":""SL"",""name"":""Slider"",""n"":16,""usage_pct"":34.8,""speed"":134.2,""k_stuff_plus"":101.36,""k_location_plus"":94.1,""whiff_rate"":0.25,""csw_rate"":0.25},{""code"":""CU"",""name"":""Curve"",""n"":8,""usage_pct"":17.4,""speed"":118.1,""k_stuff_plus"":108.9,""k_location_plus"":100.9,""whiff_rate"":0.25,""csw_rate"":0.5},{""code"":""FS"",""name"":""Splitter"",""n"":1,""usage_pct"":2.2,""speed"":140.0,""k_stuff_plus"":null,""k_location_plus"":96.6,""whiff_rate"":0.0,""csw_rate"":0.0}]","","0","kbo-pitcher-abilities-v1-official-tracking-regressed","https://www.koreabaseball.com/Record/Player/PitcherDetail/Total.aspx?playerId=50206","https://www.kbostuff.app/stuff/50206?season=2025"
"2025","53259","KBO-53259","두산 베어스","최준호","KBO","74","16.0","low","Four-seam/Slider/Curve/Splitter","11","7","9","5","10","7","7","9","5","10","","","","10","10","10","","","145.4","104.1","95.9","0.069","0.225","0.149","0.122","0.054","7.38","[{""code"":""FF"",""name"":""Four-seam"",""n"":154,""usage_pct"":50.3,""speed"":145.4,""k_stuff_plus"":105.2,""k_location_plus"":100.4,""whiff_rate"":0.0325,""csw_rate"":0.1688},{""code"":""SL"",""name"":""Slider"",""n"":121,""usage_pct"":39.5,""speed"":134.3,""k_stuff_plus"":100.83,""k_location_plus"":97.1,""whiff_rate"":0.0992,""csw_rate"":0.314},{""code"":""CU"",""name"":""Curve"",""n"":18,""usage_pct"":5.9,""speed"":116.9,""k_stuff_plus"":100.98,""k_location_plus"":90.6,""whiff_rate"":0.1667,""csw_rate"":0.2222},{""code"":""FS"",""name"":""Splitter"",""n"":13,""usage_pct"":4.2,""speed"":132.8,""k_stuff_plus"":98.92,""k_location_plus"":100.1,""whiff_rate"":0.0769,""csw_rate"":0.0769}]","","0","kbo-pitcher-abilities-v1-official-tracking-regressed","https://www.koreabaseball.com/Record/Player/PitcherDetail/Total.aspx?playerId=53259","https://www.kbostuff.app/stuff/53259?season=2025"
"2025","52206","KBO-52206","두산 베어스","최지강","KBO","149","32.7","medium","Sinker/Slider/Cutter/Changeup/Sweeper/Four-seam/Splitter","13","13","11","12","10","15","18","14","9","","10","10","10","10","","","10","","147.4","103.6","96.1","0.108","0.311","0.255","0.087","0.020","3.68","[{""code"":""SI"",""name"":""Sinker"",""n"":328,""usage_pct"":56.4,""speed"":148.7,""k_stuff_plus"":103.04,""k_location_plus"":86.4,""whiff_rate"":0.0823,""csw_rate"":0.2927},{""code"":""SL"",""name"":""Slider"",""n"":112,""usage_pct"":19.2,""speed"":132.3,""k_stuff_plus"":107.85,""k_location_plus"":93.1,""whiff_rate"":0.1964,""csw_rate"":0.3393},{""code"":""FC"",""name"":""Cutter"",""n"":77,""usage_pct"":13.2,""speed"":142.1,""k_stuff_plus"":100.8,""k_location_plus"":108.6,""whiff_rate"":0.039,""csw_rate"":0.3377},{""code"":""CH"",""name"":""Changeup"",""n"":44,""usage_pct"":7.6,""speed"":133.6,""k_stuff_plus"":98.68,""k_location_plus"":92.9,""whiff_rate"":0.2045,""csw_rate"":0.3409},{""code"":""ST"",""name"":""Sweeper"",""n"":12,""usage_pct"":2.1,""speed"":127.8,""k_stuff_plus"":104.71,""k_location_plus"":103.4,""whiff_rate"":0.0833,""csw_rate"":0.1667},{""code"":""FF"",""name"":""Four-seam"",""n"":8,""usage_pct"":1.4,""speed"":147.5,""k_stuff_plus"":115.39,""k_location_plus"":103.0,""whiff_rate"":0.125,""csw_rate"":0.5},{""code"":""FS"",""name"":""Splitter"",""n"":1,""usage_pct"":0.2,""speed"":135.0,""k_stuff_plus"":null,""k_location_plus"":96.6,""whiff_rate"":0.0,""csw_rate"":0.0}]","","0","kbo-pitcher-abilities-v1-official-tracking-regressed","https://www.koreabaseball.com/Record/Player/PitcherDetail/Total.aspx?playerId=52206","https://www.kbostuff.app/stuff/52206?season=2025"
"2025","55257","KBO-55257","두산 베어스","콜어빈","KBO","649","144.7","high","Four-seam/Sinker/Curve/Slider/Changeup/Cutter/Sweeper","12","12","8","15","20","10","14","4","10","10","9","10","10","10","11","","10","","145.6","101.8","99.6","0.091","0.273","0.197","0.122","0.014","4.49","[{""code"":""FF"",""name"":""Four-seam"",""n"":962,""usage_pct"":37.2,""speed"":146.8,""k_stuff_plus"":107.45,""k_location_plus"":88.7,""whiff_rate"":0.0956,""csw_rate"":0.2682},{""code"":""SI"",""name"":""Sinker"",""n"":430,""usage_pct"":16.6,""speed"":145.6,""k_stuff_plus"":99.94,""k_location_plus"":89.6,""whiff_rate"":0.0628,""csw_rate"":0.2744},{""code"":""CU"",""name"":""Curve"",""n"":383,""usage_pct"":14.8,""speed"":125.4,""k_stuff_plus"":99.06,""k_location_plus"":109.9,""whiff_rate"":0.1123,""csw_rate"":0.2924},{""code"":""SL"",""name"":""Slider"",""n"":337,""usage_pct"":13,""speed"":131.2,""k_stuff_plus"":97.79,""k_location_plus"":106.5,""whiff_rate"":0.0831,""csw_rate"":0.3175},{""code"":""CH"",""name"":""Changeup"",""n"":319,""usage_pct"":12.3,""speed"":134.4,""k_stuff_plus"":98.66,""k_location_plus"":103.0,""whiff_rate"":0.0972,""csw_rate"":0.2351},{""code"":""FC"",""name"":""Cutter"",""n"":132,""usage_pct"":5.1,""speed"":136.2,""k_stuff_plus"":99.17,""k_location_plus"":101.9,""whiff_rate"":0.0758,""csw_rate"":0.2273},{""code"":""ST"",""name"":""Sweeper"",""n"":25,""usage_pct"":1,""speed"":125.9,""k_stuff_plus"":95.51,""k_location_plus"":105.7,""whiff_rate"":0.16,""csw_rate"":0.24}]","","0","kbo-pitcher-abilities-v1-official-tracking-regressed","https://www.koreabaseball.com/Record/Player/PitcherDetail/Total.aspx?playerId=55257","https://www.kbostuff.app/stuff/55257?season=2025"
"2025","61643","KBO-61643","두산 베어스","홍건희","KBO","83","16.0","low","Four-seam/Slider/Curve/Changeup","11","9","6","8","9","6","11","3","6","9","","","","10","10","","","","145.1","98.9","94.6","0.094","0.229","0.181","0.181","0.024","6.00","[{""code"":""FF"",""name"":""Four-seam"",""n"":213,""usage_pct"":62.5,""speed"":145.1,""k_stuff_plus"":94.6,""k_location_plus"":98.3,""whiff_rate"":0.0704,""csw_rate"":0.23},{""code"":""SL"",""name"":""Slider"",""n"":104,""usage_pct"":30.5,""speed"":135.2,""k_stuff_plus"":104.93,""k_location_plus"":92.9,""whiff_rate"":0.1058,""csw_rate"":0.2019},{""code"":""CU"",""name"":""Curve"",""n"":20,""usage_pct"":5.9,""speed"":115.5,""k_stuff_plus"":105.84,""k_location_plus"":97.6,""whiff_rate"":0.25,""csw_rate"":0.35},{""code"":""CH"",""name"":""Changeup"",""n"":4,""usage_pct"":1.2,""speed"":130.2,""k_stuff_plus"":99.75,""k_location_plus"":102.0,""whiff_rate"":0.25,""csw_rate"":0.25}]","","0","kbo-pitcher-abilities-v1-official-tracking-regressed","https://www.koreabaseball.com/Record/Player/PitcherDetail/Total.aspx?playerId=61643","https://www.kbostuff.app/stuff/61643?season=2025"
"2025","55267","KBO-55267","두산 베어스","홍민규","KBO","151","33.3","medium","Four-seam/Changeup/Slider/Curve/Splitter","10","7","10","7","11","7","2","11","10","9","","","10","9","10","","","","143.5","97.9","98.0","0.089","0.240","0.113","0.099","0.026","5.42","[{""code"":""FF"",""name"":""Four-seam"",""n"":289,""usage_pct"":50.6,""speed"":143.5,""k_stuff_plus"":94.59,""k_location_plus"":99.2,""whiff_rate"":0.0242,""csw_rate"":0.1972},{""code"":""CH"",""name"":""Changeup"",""n"":161,""usage_pct"":28.2,""speed"":126.7,""k_stuff_plus"":104.41,""k_location_plus"":97.1,""whiff_rate"":0.2112,""csw_rate"":0.2795},{""code"":""SL"",""name"":""Slider"",""n"":89,""usage_pct"":15.6,""speed"":132.4,""k_stuff_plus"":95.32,""k_location_plus"":94.8,""whiff_rate"":0.1011,""csw_rate"":0.3146},{""code"":""CU"",""name"":""Curve"",""n"":31,""usage_pct"":5.4,""speed"":121.6,""k_stuff_plus"":96.61,""k_location_plus"":100.9,""whiff_rate"":0.0323,""csw_rate"":0.2258},{""code"":""FS"",""name"":""Splitter"",""n"":1,""usage_pct"":0.2,""speed"":127.0,""k_stuff_plus"":105.67,""k_location_plus"":102.0,""whiff_rate"":0.0,""csw_rate"":0.0}]","","0","kbo-pitcher-abilities-v1-official-tracking-regressed","https://www.koreabaseball.com/Record/Player/PitcherDetail/Total.aspx?playerId=55267","https://www.kbostuff.app/stuff/55267?season=2025"
"2025","55258","KBO-55258","두산 베어스","황희천","FUTURES","16","3.0","low","","8","10","7","10","6","9","12","5","10","","","","","","","","","","","","","","","0.250","0.250","0.000","6.50","[]","","0","kbo-pitcher-abilities-v1-official-tracking-regressed","https://www.koreabaseball.com/Futures/Player/PitcherTotal.aspx?playerId=55258",""
"2025","55532","KBO-55532","롯데 자이언츠","감보아","KBO","475","108.0","high","Four-seam/Slider/Changeup/Curve","16","16","12","18","20","16","19","10","17","12","","","11","11","10","","","","152.7","110.6","102.6","0.127","0.293","0.246","0.103","0.013","3.47","[{""code"":""FF"",""name"":""Four-seam"",""n"":1063,""usage_pct"":57.2,""speed"":152.7,""k_stuff_plus"":111.79,""k_location_plus"":99.5,""whiff_rate"":0.1204,""csw_rate"":0.2926},{""code"":""SL"",""name"":""Slider"",""n"":472,""usage_pct"":25.4,""speed"":138.8,""k_stuff_plus"":105.03,""k_location_plus"":105.4,""whiff_rate"":0.1483,""csw_rate"":0.2818},{""code"":""CH"",""name"":""Changeup"",""n"":170,""usage_pct"":9.1,""speed"":136.0,""k_stuff_plus"":104.33,""k_location_plus"":103.4,""whiff_rate"":0.1529,""csw_rate"":0.3412},{""code"":""CU"",""name"":""Curve"",""n"":153,""usage_pct"":8.2,""speed"":128.6,""k_stuff_plus"":98.67,""k_location_plus"":103.2,""whiff_rate"":0.0784,""csw_rate"":0.281}]","","0","kbo-pitcher-abilities-v1-official-tracking-regressed","https://www.koreabaseball.com/Record/Player/PitcherDetail/Total.aspx?playerId=55532","https://www.kbostuff.app/stuff/55532?season=2025"
"2025","63543","KBO-63543","롯데 자이언츠","구승민","KBO","45","9.0","low","Splitter/Four-seam/Slider","11","11","9","11","9","10","15","7","9","10","","","","10","","10","","","144.8","97.5","99.6","0.123","0.291","0.222","0.156","0.022","5.33","[{""code"":""FS"",""name"":""Splitter"",""n"":93,""usage_pct"":52,""speed"":132.6,""k_stuff_plus"":98.68,""k_location_plus"":102.3,""whiff_rate"":0.129,""csw_rate"":0.2473},{""code"":""FF"",""name"":""Four-seam"",""n"":63,""usage_pct"":35.2,""speed"":144.8,""k_stuff_plus"":97.28,""k_location_plus"":94.4,""whiff_rate"":0.1111,""csw_rate"":0.3016},{""code"":""SL"",""name"":""Slider"",""n"":23,""usage_pct"":12.8,""speed"":133.7,""k_stuff_plus"":99.42,""k_location_plus"":104.1,""whiff_rate"":0.1304,""csw_rate"":0.4348}]","","0","kbo-pitcher-abilities-v1-official-tracking-regressed","https://www.koreabaseball.com/Record/Player/PitcherDetail/Total.aspx?playerId=63543","https://www.kbostuff.app/stuff/63543?season=2025"
"2025","65522","KBO-65522","롯데 자이언츠","김강현","KBO","306","72.0","high","Slider/Four-seam/Changeup","11","7","14","8","10","10","2","18","14","10","","","10","10","","","","","144.7","97.4","103.3","0.096","0.281","0.118","0.069","0.029","5.23","[{""code"":""SL"",""name"":""Slider"",""n"":651,""usage_pct"":57.6,""speed"":128.7,""k_stuff_plus"":100.51,""k_location_plus"":100.3,""whiff_rate"":0.1321,""csw_rate"":0.3134},{""code"":""FF"",""name"":""Four-seam"",""n"":463,""usage_pct"":40.9,""speed"":144.7,""k_stuff_plus"":94.24,""k_location_plus"":106.9,""whiff_rate"":0.0454,""csw_rate"":0.2419},{""code"":""CH"",""name"":""Changeup"",""n"":17,""usage_pct"":1.5,""speed"":130.1,""k_stuff_plus"":105.06,""k_location_plus"":97.4,""whiff_rate"":0.1176,""csw_rate"":0.1176}]","","0","kbo-pitcher-abilities-v1-official-tracking-regressed","https://www.koreabaseball.com/Record/Player/PitcherDetail/Total.aspx?playerId=65522","https://www.kbostuff.app/stuff/65522?season=2025"
"2025","68585","KBO-68585","롯데 자이언츠","김도규","FUTURES","24","3.3","low","","8","4","3","7","7","3","3","6","1","","","","","","","","","","","","","","","0.000","0.208","0.000","10.46","[]","","0","kbo-pitcher-abilities-v1-official-tracking-regressed","https://www.koreabaseball.com/Futures/Player/PitcherTotal.aspx?playerId=68585",""
"2025","76430","KBO-76430","롯데 자이언츠","김상수","KBO","180","36.7","medium","Four-seam/Splitter/Slider/Changeup/Curve/Sinker","10","8","9","7","10","7","5","11","5","10","","","10","10","10","10","","","143.6","98.0","101.6","0.099","0.269","0.150","0.100","0.022","5.10","[{""code"":""FF"",""name"":""Four-seam"",""n"":266,""usage_pct"":42.6,""speed"":143.7,""k_stuff_plus"":97.13,""k_location_plus"":105.9,""whiff_rate"":0.0677,""csw_rate"":0.2669},{""code"":""FS"",""name"":""Splitter"",""n"":157,""usage_pct"":25.2,""speed"":129.1,""k_stuff_plus"":101.1,""k_location_plus"":96.4,""whiff_rate"":0.1465,""csw_rate"":0.2293},{""code"":""SL"",""name"":""Slider"",""n"":156,""usage_pct"":25,""speed"":132.8,""k_stuff_plus"":99.8,""k_location_plus"":98.6,""whiff_rate"":0.1218,""csw_rate"":0.3269},{""code"":""CH"",""name"":""Changeup"",""n"":21,""usage_pct"":3.4,""speed"":129.1,""k_stuff_plus"":94.95,""k_location_plus"":104.6,""whiff_rate"":0.0476,""csw_rate"":0.1905},{""code"":""CU"",""name"":""Curve"",""n"":16,""usage_pct"":2.6,""speed"":121.9,""k_stuff_plus"":94.08,""k_location_plus"":103.2,""whiff_rate"":0.0625,""csw_rate"":0.375},{""code"":""SI"",""name"":""Sinker"",""n"":8,""usage_pct"":1.3,""speed"":141.6,""k_stuff_plus"":94.21,""k_location_plus"":103.3,""whiff_rate"":0.0,""csw_rate"":0.0}]","","0","kbo-pitcher-abilities-v1-official-tracking-regressed","https://www.koreabaseball.com/Record/Player/PitcherDetail/Total.aspx?playerId=76430","https://www.kbostuff.app/stuff/76430?season=2025"
"2025","62528","KBO-62528","롯데 자이언츠","김원중","KBO","272","60.7","medium","Splitter/Four-seam/Slider/Curve","12","15","9","15","10","14","19","6","16","10","","","","10","10","10","","","146.4","104.9","96.3","0.143","0.299","0.254","0.121","0.015","3.75","[{""code"":""FS"",""name"":""Splitter"",""n"":606,""usage_pct"":54.3,""speed"":134.6,""k_stuff_plus"":105.51,""k_location_plus"":95.1,""whiff_rate"":0.203,""csw_rate"":0.3086},{""code"":""FF"",""name"":""Four-seam"",""n"":459,""usage_pct"":41.1,""speed"":146.4,""k_stuff_plus"":99.48,""k_location_plus"":104.6,""whiff_rate"":0.0675,""csw_rate"":0.2898},{""code"":""SL"",""name"":""Slider"",""n"":34,""usage_pct"":3,""speed"":135.7,""k_stuff_plus"":98.88,""k_location_plus"":98.1,""whiff_rate"":0.0882,""csw_rate"":0.2353},{""code"":""CU"",""name"":""Curve"",""n"":17,""usage_pct"":1.5,""speed"":118.1,""k_stuff_plus"":108.38,""k_location_plus"":97.4,""whiff_rate"":0.1765,""csw_rate"":0.3529}]","","0","kbo-pitcher-abilities-v1-official-tracking-regressed","https://www.koreabaseball.com/Record/Player/PitcherDetail/Total.aspx?playerId=62528","https://www.kbostuff.app/stuff/62528?season=2025"
"2025","51516","KBO-51516","롯데 자이언츠","김진욱","KBO","136","27.0","medium","Slider/Four-seam/Curve/Changeup","10","7","7","3","11","6","10","7","2","10","","","10","10","10","","","","143.6","101.5","100.5","0.074","0.261","0.176","0.118","0.074","8.48","[{""code"":""SL"",""name"":""Slider"",""n"":236,""usage_pct"":43.7,""speed"":128.9,""k_stuff_plus"":101.91,""k_location_plus"":101.0,""whiff_rate"":0.1059,""csw_rate"":0.322},{""code"":""FF"",""name"":""Four-seam"",""n"":230,""usage_pct"":42.6,""speed"":143.6,""k_stuff_plus"":101.73,""k_location_plus"":99.9,""whiff_rate"":0.0478,""csw_rate"":0.2348},{""code"":""CU"",""name"":""Curve"",""n"":56,""usage_pct"":10.4,""speed"":121.0,""k_stuff_plus"":94.92,""k_location_plus"":105.2,""whiff_rate"":0.0179,""csw_rate"":0.125},{""code"":""CH"",""name"":""Changeup"",""n"":18,""usage_pct"":3.3,""speed"":126.6,""k_stuff_plus"":107.61,""k_location_plus"":96.0,""whiff_rate"":0.1667,""csw_rate"":0.2222}]","","0","kbo-pitcher-abilities-v1-official-tracking-regressed","https://www.koreabaseball.com/Record/Player/PitcherDetail/Total.aspx?playerId=51516","https://www.kbostuff.app/stuff/51516?season=2025"
"2025","55566","KBO-55566","롯데 자이언츠","김태현","KBO","12","2.0","low","Four-seam/Splitter/Curve/Changeup","10","11","8","12","11","9","13","6","11","10","","","","","","10","","","143.1","96.4","92.6","0.078","0.196","0.167","0.333","0.000","7.44","[{""code"":""FF"",""name"":""Four-seam"",""n"":30,""usage_pct"":58.8,""speed"":143.1,""k_stuff_plus"":98.48,""k_location_plus"":93.1,""whiff_rate"":0.0,""csw_rate"":0.1667},{""code"":""FS"",""name"":""Splitter"",""n"":12,""usage_pct"":23.5,""speed"":130.7,""k_stuff_plus"":99.53,""k_location_plus"":99.2,""whiff_rate"":0.25,""csw_rate"":0.25},{""code"":""CU"",""name"":""Curve"",""n"":7,""usage_pct"":13.7,""speed"":117.0,""k_stuff_plus"":91.46,""k_location_plus"":101.6,""whiff_rate"":0.0,""csw_rate"":0.1429},{""code"":""CH"",""name"":""Changeup"",""n"":2,""usage_pct"":3.9,""speed"":131.5,""k_stuff_plus"":98.79,""k_location_plus"":98.8,""whiff_rate"":0.5,""csw_rate"":0.5}]","","0","kbo-pitcher-abilities-v1-official-tracking-regressed","https://www.koreabaseball.com/Record/Player/PitcherDetail/Total.aspx?playerId=55566","https://www.kbostuff.app/stuff/55566?season=2025"
"2025","67539","KBO-67539","롯데 자이언츠","나균안","KBO","601","137.3","high","Four-seam/Splitter/Cutter/Curve/Slider","10","11","13","11","18","14","12","16","15","10","","10","","10","10","10","","","143.3","100.4","101.6","0.093","0.268","0.193","0.083","0.022","4.18","[{""code"":""FF"",""name"":""Four-seam"",""n"":961,""usage_pct"":41.4,""speed"":145.2,""k_stuff_plus"":100.34,""k_location_plus"":102.7,""whiff_rate"":0.0604,""csw_rate"":0.2747},{""code"":""FS"",""name"":""Splitter"",""n"":854,""usage_pct"":36.8,""speed"":131.8,""k_stuff_plus"":98.84,""k_location_plus"":107.7,""whiff_rate"":0.1464,""csw_rate"":0.2787},{""code"":""FC"",""name"":""Cutter"",""n"":322,""usage_pct"":13.9,""speed"":137.7,""k_stuff_plus"":98.48,""k_location_plus"":96.1,""whiff_rate"":0.059,""csw_rate"":0.2143},{""code"":""CU"",""name"":""Curve"",""n"":170,""usage_pct"":7.3,""speed"":119.4,""k_stuff_plus"":102.96,""k_location_plus"":90.7,""whiff_rate"":0.0765,""csw_rate"":0.2706},{""code"":""SL"",""name"":""Slider"",""n"":16,""usage_pct"":0.7,""speed"":133.4,""k_stuff_plus"":98.04,""k_location_plus"":104.0,""whiff_rate"":0.125,""csw_rate"":0.375}]","","0","kbo-pitcher-abilities-v1-official-tracking-regressed","https://www.koreabaseball.com/Record/Player/PitcherDetail/Total.aspx?playerId=67539","https://www.kbostuff.app/stuff/67539?season=2025"
"2025","64021","KBO-64021","롯데 자이언츠","박세웅","KBO","722","160.7","high","Four-seam/Slider/Splitter/Curve","12","13","13","12","20","16","17","18","11","10","","","","10","10","10","","","147.0","99.8","100.4","0.105","0.286","0.216","0.075","0.021","3.87","[{""code"":""FF"",""name"":""Four-seam"",""n"":1075,""usage_pct"":40,""speed"":147.0,""k_stuff_plus"":96.76,""k_location_plus"":102.8,""whiff_rate"":0.0512,""csw_rate"":0.2288},{""code"":""SL"",""name"":""Slider"",""n"":869,""usage_pct"":32.3,""speed"":135.2,""k_stuff_plus"":99.11,""k_location_plus"":104.5,""whiff_rate"":0.1047,""csw_rate"":0.328},{""code"":""FS"",""name"":""Splitter"",""n"":381,""usage_pct"":14.2,""speed"":134.0,""k_stuff_plus"":103.45,""k_location_plus"":94.9,""whiff_rate"":0.21,""csw_rate"":0.2966},{""code"":""CU"",""name"":""Curve"",""n"":363,""usage_pct"":13.5,""speed"":122.2,""k_stuff_plus"":105.46,""k_location_plus"":94.8,""whiff_rate"":0.157,""csw_rate"":0.3416}]","","0","kbo-pitcher-abilities-v1-official-tracking-regressed","https://www.koreabaseball.com/Record/Player/PitcherDetail/Total.aspx?playerId=64021","https://www.kbostuff.app/stuff/64021?season=2025"
"2025","66047","KBO-66047","롯데 자이언츠","박세진","FUTURES","223","47.7","medium","","8","16","13","15","8","14","15","11","15","","","","","","","","","","","","","","","0.206","0.126","0.013","5.13","[]","","0","kbo-pitcher-abilities-v1-official-tracking-regressed","https://www.koreabaseball.com/Futures/Player/PitcherTotal.aspx?playerId=66047",""
"2025","55568","KBO-55568","롯데 자이언츠","박세현","KBO","21","3.7","low","Four-seam/Slider","12","10","11","8","9","11","13","15","6","10","","","","10","","","","","145.7","97.2","104.1","0.050","0.233","0.190","0.048","0.048","6.44","[{""code"":""FF"",""name"":""Four-seam"",""n"":32,""usage_pct"":53.3,""speed"":145.7,""k_stuff_plus"":101.79,""k_location_plus"":105.6,""whiff_rate"":0.0625,""csw_rate"":0.3438},{""code"":""SL"",""name"":""Slider"",""n"":28,""usage_pct"":46.7,""speed"":132.3,""k_stuff_plus"":94.34,""k_location_plus"":97.9,""whiff_rate"":0.0357,""csw_rate"":0.1071}]","","0","kbo-pitcher-abilities-v1-official-tracking-regressed","https://www.koreabaseball.com/Record/Player/PitcherDetail/Total.aspx?playerId=55568","https://www.kbostuff.app/stuff/55568?season=2025"
"2025","60559","KBO-60559","롯데 자이언츠","박시영","KBO","42","7.3","low","Slider/Four-seam/Sinker/Splitter/Curve","11","12","6","13","8","9","16","3","5","10","10","","","10","","","","","143.9","99.1","88.0","0.142","0.296","0.238","0.214","0.000","5.21","[{""code"":""SL"",""name"":""Slider"",""n"":98,""usage_pct"":58,""speed"":129.7,""k_stuff_plus"":102.16,""k_location_plus"":89.7,""whiff_rate"":0.1735,""csw_rate"":0.3469},{""code"":""FF"",""name"":""Four-seam"",""n"":46,""usage_pct"":27.2,""speed"":144.3,""k_stuff_plus"":94.9,""k_location_plus"":95.0,""whiff_rate"":0.087,""csw_rate"":0.2609},{""code"":""SI"",""name"":""Sinker"",""n"":12,""usage_pct"":7.1,""speed"":142.8,""k_stuff_plus"":98.27,""k_location_plus"":95.5,""whiff_rate"":0.0833,""csw_rate"":0.0833},{""code"":""FS"",""name"":""Splitter"",""n"":8,""usage_pct"":4.7,""speed"":134.4,""k_stuff_plus"":94.55,""k_location_plus"":99.1,""whiff_rate"":0.25,""csw_rate"":0.25},{""code"":""CU"",""name"":""Curve"",""n"":5,""usage_pct"":3,""speed"":122.0,""k_stuff_plus"":90.02,""k_location_plus"":102.4,""whiff_rate"":0.0,""csw_rate"":0.2}]","","0","kbo-pitcher-abilities-v1-official-tracking-regressed","https://www.koreabaseball.com/Record/Player/PitcherDetail/Total.aspx?playerId=60559","https://www.kbostuff.app/stuff/60559?season=2025"
"2025","54503","KBO-54503","롯데 자이언츠","박준우","KBO","64","12.3","low","Four-seam/Slider/Splitter/Curve/Changeup","11","12","11","13","9","11","11","12","7","10","","","","10","","10","","","145.2","98.9","104.2","0.098","0.289","0.172","0.094","0.000","3.36","[{""code"":""FF"",""name"":""Four-seam"",""n"":104,""usage_pct"":44.3,""speed"":145.2,""k_stuff_plus"":97.49,""k_location_plus"":103.1,""whiff_rate"":0.0481,""csw_rate"":0.2404},{""code"":""SL"",""name"":""Slider"",""n"":101,""usage_pct"":43,""speed"":133.3,""k_stuff_plus"":100.32,""k_location_plus"":102.3,""whiff_rate"":0.1584,""csw_rate"":0.3564},{""code"":""FS"",""name"":""Splitter"",""n"":21,""usage_pct"":8.9,""speed"":132.4,""k_stuff_plus"":102.66,""k_location_plus"":104.4,""whiff_rate"":0.0952,""csw_rate"":0.1905},{""code"":""CU"",""name"":""Curve"",""n"":7,""usage_pct"":3,""speed"":123.7,""k_stuff_plus"":null,""k_location_plus"":98.6,""whiff_rate"":0.0,""csw_rate"":0.4286},{""code"":""CH"",""name"":""Changeup"",""n"":2,""usage_pct"":0.9,""speed"":127.5,""k_stuff_plus"":93.62,""k_location_plus"":103.7,""whiff_rate"":0.0,""csw_rate"":0.0}]","","0","kbo-pitcher-abilities-v1-official-tracking-regressed","https://www.koreabaseball.com/Record/Player/PitcherDetail/Total.aspx?playerId=54503","https://www.kbostuff.app/stuff/54503?season=2025"
"2025","69594","KBO-69594","롯데 자이언츠","박진","KBO","302","69.3","high","Four-seam/Slider/Splitter/Curve/Cutter","11","8","13","7","11","11","6","17","10","10","","10","","10","10","10","","","144.0","99.6","102.3","0.088","0.276","0.166","0.073","0.033","4.87","[{""code"":""FF"",""name"":""Four-seam"",""n"":483,""usage_pct"":41.6,""speed"":144.5,""k_stuff_plus"":98.14,""k_location_plus"":100.0,""whiff_rate"":0.0435,""csw_rate"":0.234},{""code"":""SL"",""name"":""Slider"",""n"":451,""usage_pct"":38.9,""speed"":130.1,""k_stuff_plus"":98.45,""k_location_plus"":106.5,""whiff_rate"":0.1086,""csw_rate"":0.3149},{""code"":""FS"",""name"":""Splitter"",""n"":157,""usage_pct"":13.5,""speed"":131.6,""k_stuff_plus"":104.78,""k_location_plus"":94.1,""whiff_rate"":0.1656,""csw_rate"":0.2611},{""code"":""CU"",""name"":""Curve"",""n"":47,""usage_pct"":4.1,""speed"":116.3,""k_stuff_plus"":102.78,""k_location_plus"":104.6,""whiff_rate"":0.0638,""csw_rate"":0.3404},{""code"":""FC"",""name"":""Cutter"",""n"":22,""usage_pct"":1.9,""speed"":133.6,""k_stuff_plus"":99.37,""k_location_plus"":105.0,""whiff_rate"":0.1364,""csw_rate"":0.3636}]","","0","kbo-pitcher-abilities-v1-official-tracking-regressed","https://www.koreabaseball.com/Record/Player/PitcherDetail/Total.aspx?playerId=69594","https://www.kbostuff.app/stuff/69594?season=2025"
"2025","63512","KBO-63512","롯데 자이언츠","박진형","KBO","29","5.3","low","Four-seam/Splitter/Slider","10","10","10","8","8","10","12","12","8","10","","","","10","","10","","","142.8","99.0","102.8","0.082","0.258","0.172","0.103","0.034","5.69","[{""code"":""FF"",""name"":""Four-seam"",""n"":41,""usage_pct"":42.3,""speed"":142.8,""k_stuff_plus"":96.45,""k_location_plus"":95.4,""whiff_rate"":0.0,""csw_rate"":0.1463},{""code"":""FS"",""name"":""Splitter"",""n"":38,""usage_pct"":39.2,""speed"":128.2,""k_stuff_plus"":102.82,""k_location_plus"":102.8,""whiff_rate"":0.2105,""csw_rate"":0.3421},{""code"":""SL"",""name"":""Slider"",""n"":18,""usage_pct"":18.6,""speed"":130.0,""k_stuff_plus"":97.19,""k_location_plus"":106.2,""whiff_rate"":0.0,""csw_rate"":0.3333}]","","0","kbo-pitcher-abilities-v1-official-tracking-regressed","https://www.koreabaseball.com/Record/Player/PitcherDetail/Total.aspx?playerId=63512","https://www.kbostuff.app/stuff/63512?season=2025"
"2025","55526","KBO-55526","롯데 자이언츠","벨라스케즈","KBO","168","35.0","medium","Four-seam/Slider/Changeup/Curve/Sinker/Sweeper","13","7","8","4","14","6","7","10","3","11","10","","10","10","10","","","","148.7","102.1","100.0","0.091","0.250","0.167","0.107","0.042","6.24","[{""code"":""FF"",""name"":""Four-seam"",""n"":262,""usage_pct"":40.6,""speed"":148.8,""k_stuff_plus"":103.5,""k_location_plus"":102.5,""whiff_rate"":0.0878,""csw_rate"":0.2481},{""code"":""SL"",""name"":""Slider"",""n"":148,""usage_pct"":22.9,""speed"":135.7,""k_stuff_plus"":100.16,""k_location_plus"":103.0,""whiff_rate"":0.1081,""csw_rate"":0.277},{""code"":""CH"",""name"":""Changeup"",""n"":100,""usage_pct"":15.5,""speed"":139.9,""k_stuff_plus"":98.58,""k_location_plus"":95.8,""whiff_rate"":0.09,""csw_rate"":0.21},{""code"":""CU"",""name"":""Curve"",""n"":94,""usage_pct"":14.6,""speed"":128.9,""k_stuff_plus"":105.92,""k_location_plus"":98.6,""whiff_rate"":0.1064,""csw_rate"":0.2766},{""code"":""SI"",""name"":""Sinker"",""n"":35,""usage_pct"":5.4,""speed"":147.3,""k_stuff_plus"":97.51,""k_location_plus"":97.7,""whiff_rate"":0.0286,""csw_rate"":0.2},{""code"":""ST"",""name"":""Sweeper"",""n"":6,""usage_pct"":0.9,""speed"":130.5,""k_stuff_plus"":106.95,""k_location_plus"":98.8,""whiff_rate"":0.0,""csw_rate"":0.1667}]","","0","kbo-pitcher-abilities-v1-official-tracking-regressed","https://www.koreabaseball.com/Record/Player/PitcherDetail/Total.aspx?playerId=55526","https://www.kbostuff.app/stuff/55526?season=2025"
"2025","51594","KBO-51594","롯데 자이언츠","송재영","KBO","121","27.0","medium","Four-seam/Slider/Curve","9","11","7","10","8","9","17","1","11","10","","","","10","","","","","141.0","96.7","99.7","0.108","0.281","0.231","0.198","0.025","5.48","[{""code"":""FF"",""name"":""Four-seam"",""n"":252,""usage_pct"":52.4,""speed"":141.0,""k_stuff_plus"":98.57,""k_location_plus"":95.3,""whiff_rate"":0.1071,""csw_rate"":0.2857},{""code"":""SL"",""name"":""Slider"",""n"":220,""usage_pct"":45.7,""speed"":129.1,""k_stuff_plus"":96.92,""k_location_plus"":102.4,""whiff_rate"":0.1136,""csw_rate"":0.2727},{""code"":""CU"",""name"":""Curve"",""n"":9,""usage_pct"":1.9,""speed"":117.9,""k_stuff_plus"":92.12,""k_location_plus"":101.1,""whiff_rate"":0.0,""csw_rate"":0.3333}]","","0","kbo-pitcher-abilities-v1-official-tracking-regressed","https://www.koreabaseball.com/Record/Player/PitcherDetail/Total.aspx?playerId=51594","https://www.kbostuff.app/stuff/51594?season=2025"
"2025","68067","KBO-68067","롯데 자이언츠","신병률","FUTURES","135","26.0","medium","","8","3","11","5","8","7","1","16","4","","","","","","","","","","","","","","","0.111","0.074","0.022","6.47","[]","","0","kbo-pitcher-abilities-v1-official-tracking-regressed","https://www.koreabaseball.com/Futures/Player/PitcherTotal.aspx?playerId=68067",""
"2025","64017","KBO-64017","롯데 자이언츠","심재민","KBO","15","3.0","low","Slider/Four-seam/Changeup/Curve","9","12","12","12","8","13","11","14","13","10","","","","10","","","","","141.4","98.1","103.5","0.104","0.271","0.133","0.067","0.000","3.11","[{""code"":""SL"",""name"":""Slider"",""n"":24,""usage_pct"":50,""speed"":131.1,""k_stuff_plus"":97.87,""k_location_plus"":101.4,""whiff_rate"":0.1667,""csw_rate"":0.2083},{""code"":""FF"",""name"":""Four-seam"",""n"":16,""usage_pct"":33.3,""speed"":141.4,""k_stuff_plus"":100.69,""k_location_plus"":100.0,""whiff_rate"":0.0625,""csw_rate"":0.3125},{""code"":""CH"",""name"":""Changeup"",""n"":4,""usage_pct"":8.3,""speed"":132.2,""k_stuff_plus"":99.35,""k_location_plus"":105.1,""whiff_rate"":0.0,""csw_rate"":0.25},{""code"":""CU"",""name"":""Curve"",""n"":4,""usage_pct"":8.3,""speed"":117.5,""k_stuff_plus"":96.72,""k_location_plus"":103.7,""whiff_rate"":0.0,""csw_rate"":0.5}]","","0","kbo-pitcher-abilities-v1-official-tracking-regressed","https://www.koreabaseball.com/Record/Player/PitcherDetail/Total.aspx?playerId=64017","https://www.kbostuff.app/stuff/64017?season=2025"
"2025","67588","KBO-67588","롯데 자이언츠","윤성빈","KBO","130","27.0","medium","Four-seam/Splitter/Slider/Curve","17","14","7","11","9","11","20","3","6","11","","","","11","","12","","","155.0","119.9","91.3","0.148","0.314","0.338","0.154","0.023","4.29","[{""code"":""FF"",""name"":""Four-seam"",""n"":369,""usage_pct"":70.2,""speed"":155.0,""k_stuff_plus"":111.11,""k_location_plus"":91.0,""whiff_rate"":0.0786,""csw_rate"":0.2575},{""code"":""FS"",""name"":""Splitter"",""n"":134,""usage_pct"":25.5,""speed"":141.9,""k_stuff_plus"":120.18,""k_location_plus"":96.1,""whiff_rate"":0.3209,""csw_rate"":0.4701},{""code"":""SL"",""name"":""Slider"",""n"":22,""usage_pct"":4.2,""speed"":138.5,""k_stuff_plus"":126.62,""k_location_plus"":95.9,""whiff_rate"":0.2727,""csw_rate"":0.2727},{""code"":""CU"",""name"":""Curve"",""n"":1,""usage_pct"":0.2,""speed"":124.0,""k_stuff_plus"":null,""k_location_plus"":102.2,""whiff_rate"":0.0,""csw_rate"":1.0}]","","0","kbo-pitcher-abilities-v1-official-tracking-regressed","https://www.koreabaseball.com/Record/Player/PitcherDetail/Total.aspx?playerId=67588","https://www.kbostuff.app/stuff/67588?season=2025"
"2025","52530","KBO-52530","롯데 자이언츠","이민석","KBO","417","87.3","high","Four-seam/Slider/Changeup/Curve","14","7","6","6","17","3","3","3","5","10","","","10","11","10","","","","150.1","102.6","97.5","0.083","0.252","0.146","0.134","0.024","5.52","[{""code"":""FF"",""name"":""Four-seam"",""n"":861,""usage_pct"":53.9,""speed"":150.1,""k_stuff_plus"":99.78,""k_location_plus"":98.1,""whiff_rate"":0.0499,""csw_rate"":0.2358},{""code"":""SL"",""name"":""Slider"",""n"":540,""usage_pct"":33.8,""speed"":138.4,""k_stuff_plus"":105.37,""k_location_plus"":99.0,""whiff_rate"":0.1296,""csw_rate"":0.2926},{""code"":""CH"",""name"":""Changeup"",""n"":139,""usage_pct"":8.7,""speed"":139.9,""k_stuff_plus"":99.96,""k_location_plus"":91.2,""whiff_rate"":0.1007,""csw_rate"":0.1871},{""code"":""CU"",""name"":""Curve"",""n"":56,""usage_pct"":3.5,""speed"":123.6,""k_stuff_plus"":104.45,""k_location_plus"":93.1,""whiff_rate"":0.0893,""csw_rate"":0.2679}]","","0","kbo-pitcher-abilities-v1-official-tracking-regressed","https://www.koreabaseball.com/Record/Player/PitcherDetail/Total.aspx?playerId=52530","https://www.kbostuff.app/stuff/52530?season=2025"
"2025","51592","KBO-51592","롯데 자이언츠","이병준","FUTURES","177","33.7","medium","","8","10","3","12","12","5","7","3","2","","","","","","","","","","","","","","","0.158","0.153","0.006","6.18","[]","","0","kbo-pitcher-abilities-v1-official-tracking-regressed","https://www.koreabaseball.com/Futures/Player/PitcherTotal.aspx?playerId=51592",""
"2025","55503","KBO-55503","롯데 자이언츠","이영재","KBO","11","2.0","low","Four-seam/Slider/Curve/Changeup","11","10","12","8","8","12","13","16","10","10","","","","","","","","","145.5","102.1","100.4","0.116","0.233","0.182","0.000","0.091","9.44","[{""code"":""FF"",""name"":""Four-seam"",""n"":29,""usage_pct"":67.4,""speed"":145.5,""k_stuff_plus"":101.3,""k_location_plus"":101.5,""whiff_rate"":0.069,""csw_rate"":0.1724},{""code"":""SL"",""name"":""Slider"",""n"":6,""usage_pct"":14,""speed"":127.2,""k_stuff_plus"":102.42,""k_location_plus"":96.7,""whiff_rate"":0.3333,""csw_rate"":0.5},{""code"":""CU"",""name"":""Curve"",""n"":6,""usage_pct"":14,""speed"":118.2,""k_stuff_plus"":100.09,""k_location_plus"":100.2,""whiff_rate"":0.1667,""csw_rate"":0.3333},{""code"":""CH"",""name"":""Changeup"",""n"":2,""usage_pct"":4.7,""speed"":137.0,""k_stuff_plus"":106.76,""k_location_plus"":99.7,""whiff_rate"":0.0,""csw_rate"":0.0}]","","0","kbo-pitcher-abilities-v1-official-tracking-regressed","https://www.koreabaseball.com/Record/Player/PitcherDetail/Total.aspx?playerId=55503","https://www.kbostuff.app/stuff/55503?season=2025"
"2025","68556","KBO-68556","롯데 자이언츠","정성종","KBO","10","2.3","low","Four-seam/Slider/Changeup","11","9","12","8","9","11","8","15","12","10","","","","","","","","","144.6","99.0","94.9","0.108","0.189","0.000","0.000","0.100","9.01","[{""code"":""FF"",""name"":""Four-seam"",""n"":27,""usage_pct"":73,""speed"":144.6,""k_stuff_plus"":99.99,""k_location_plus"":100.3,""whiff_rate"":0.1111,""csw_rate"":0.2222},{""code"":""SL"",""name"":""Slider"",""n"":7,""usage_pct"":18.9,""speed"":123.0,""k_stuff_plus"":94.75,""k_location_plus"":95.0,""whiff_rate"":0.1429,""csw_rate"":0.1429},{""code"":""CH"",""name"":""Changeup"",""n"":3,""usage_pct"":8.1,""speed"":128.0,""k_stuff_plus"":101.28,""k_location_plus"":99.1,""whiff_rate"":0.0,""csw_rate"":0.0}]","","0","kbo-pitcher-abilities-v1-official-tracking-regressed","https://www.koreabaseball.com/Record/Player/PitcherDetail/Total.aspx?playerId=68556","https://www.kbostuff.app/stuff/68556?season=2025"
"2025","51546","KBO-51546","롯데 자이언츠","정우준","KBO","16","3.3","low","Four-seam/Slider/Curve/Changeup/Splitter","11","12","13","13","9","14","13","16","12","10","","","","10","","","","","144.7","101.2","103.4","0.069","0.259","0.188","0.000","0.000","2.54","[{""code"":""FF"",""name"":""Four-seam"",""n"":31,""usage_pct"":53.4,""speed"":144.7,""k_stuff_plus"":98.63,""k_location_plus"":106.7,""whiff_rate"":0.0,""csw_rate"":0.2581},{""code"":""SL"",""name"":""Slider"",""n"":12,""usage_pct"":20.7,""speed"":129.4,""k_stuff_plus"":96.51,""k_location_plus"":96.9,""whiff_rate"":0.0833,""csw_rate"":0.25},{""code"":""CU"",""name"":""Curve"",""n"":8,""usage_pct"":13.8,""speed"":124.1,""k_stuff_plus"":110.2,""k_location_plus"":102.0,""whiff_rate"":0.125,""csw_rate"":0.25},{""code"":""CH"",""name"":""Changeup"",""n"":6,""usage_pct"":10.3,""speed"":133.2,""k_stuff_plus"":102.41,""k_location_plus"":96.9,""whiff_rate"":0.3333,""csw_rate"":0.3333},{""code"":""FS"",""name"":""Splitter"",""n"":1,""usage_pct"":1.7,""speed"":134.0,""k_stuff_plus"":null,""k_location_plus"":96.6,""whiff_rate"":0.0,""csw_rate"":0.0}]","","0","kbo-pitcher-abilities-v1-official-tracking-regressed","https://www.koreabaseball.com/Record/Player/PitcherDetail/Total.aspx?playerId=51546","https://www.kbostuff.app/stuff/51546?season=2025"
"2025","68242","KBO-68242","롯데 자이언츠","정철원","KBO","312","70.0","high","Four-seam/Slider/Splitter","13","12","12","15","10","12","8","13","13","10","","","","10","","10","","","147.6","99.0","99.7","0.087","0.274","0.176","0.090","0.013","4.11","[{""code"":""FF"",""name"":""Four-seam"",""n"":553,""usage_pct"":47.4,""speed"":147.6,""k_stuff_plus"":100.21,""k_location_plus"":101.5,""whiff_rate"":0.0597,""csw_rate"":0.2948},{""code"":""SL"",""name"":""Slider"",""n"":538,""usage_pct"":46.1,""speed"":131.8,""k_stuff_plus"":98.45,""k_location_plus"":99.2,""whiff_rate"":0.1078,""csw_rate"":0.2639},{""code"":""FS"",""name"":""Splitter"",""n"":75,""usage_pct"":6.4,""speed"":132.3,""k_stuff_plus"":100.58,""k_location_plus"":93.2,""whiff_rate"":0.1333,""csw_rate"":0.1867}]","","0","kbo-pitcher-abilities-v1-official-tracking-regressed","https://www.koreabaseball.com/Record/Player/PitcherDetail/Total.aspx?playerId=68242","https://www.kbostuff.app/stuff/68242?season=2025"
"2025","54537","KBO-54537","롯데 자이언츠","정현수","KBO","203","47.7","medium","Slider/Four-seam/Curve/Changeup","9","12","10","14","9","13","17","5","15","10","","","10","10","10","","","","141.4","94.9","104.5","0.087","0.300","0.232","0.128","0.020","4.32","[{""code"":""SL"",""name"":""Slider"",""n"":437,""usage_pct"":51.2,""speed"":127.9,""k_stuff_plus"":96.39,""k_location_plus"":108.3,""whiff_rate"":0.1213,""csw_rate"":0.3295},{""code"":""FF"",""name"":""Four-seam"",""n"":336,""usage_pct"":39.4,""speed"":141.4,""k_stuff_plus"":96.73,""k_location_plus"":99.9,""whiff_rate"":0.0506,""csw_rate"":0.2679},{""code"":""CU"",""name"":""Curve"",""n"":68,""usage_pct"":8,""speed"":119.4,""k_stuff_plus"":93.93,""k_location_plus"":103.0,""whiff_rate"":0.0441,""csw_rate"":0.2794},{""code"":""CH"",""name"":""Changeup"",""n"":12,""usage_pct"":1.4,""speed"":125.8,""k_stuff_plus"":93.34,""k_location_plus"":98.0,""whiff_rate"":0.0833,""csw_rate"":0.25}]","","0","kbo-pitcher-abilities-v1-official-tracking-regressed","https://www.koreabaseball.com/Record/Player/PitcherDetail/Total.aspx?playerId=54537","https://www.kbostuff.app/stuff/54537?season=2025"
"2025","76650","KBO-76650","롯데 자이언츠","진해수","FUTURES","4","1.0","low","","8","8","10","8","7","9","8","10","10","","","","","","","","","","","","","","","0.000","0.250","0.000","7.16","[]","","0","kbo-pitcher-abilities-v1-official-tracking-regressed","https://www.koreabaseball.com/Futures/Player/PitcherTotal.aspx?playerId=76650",""
"2025","50556","KBO-50556","롯데 자이언츠","최준용","KBO","234","54.3","medium","Four-seam/Slider/Curve/Changeup/Cutter/Splitter","14","15","15","14","10","18","19","18","14","11","","10","10","11","11","","","","150.0","110.2","105.2","0.150","0.328","0.265","0.068","0.021","3.57","[{""code"":""FF"",""name"":""Four-seam"",""n"":533,""usage_pct"":59.8,""speed"":150.3,""k_stuff_plus"":108.35,""k_location_plus"":104.8,""whiff_rate"":0.1351,""csw_rate"":0.3171},{""code"":""SL"",""name"":""Slider"",""n"":171,""usage_pct"":19.2,""speed"":139.2,""k_stuff_plus"":104.67,""k_location_plus"":105.1,""whiff_rate"":0.1754,""csw_rate"":0.3333},{""code"":""CU"",""name"":""Curve"",""n"":87,""usage_pct"":9.8,""speed"":120.4,""k_stuff_plus"":106.81,""k_location_plus"":104.1,""whiff_rate"":0.1494,""csw_rate"":0.4253},{""code"":""CH"",""name"":""Changeup"",""n"":85,""usage_pct"":9.5,""speed"":136.9,""k_stuff_plus"":105.35,""k_location_plus"":99.0,""whiff_rate"":0.1412,""csw_rate"":0.2471},{""code"":""FC"",""name"":""Cutter"",""n"":15,""usage_pct"":1.7,""speed"":139.5,""k_stuff_plus"":109.89,""k_location_plus"":93.4,""whiff_rate"":0.4,""csw_rate"":0.5333},{""code"":""FS"",""name"":""Splitter"",""n"":1,""usage_pct"":0.1,""speed"":138.0,""k_stuff_plus"":104.57,""k_location_plus"":102.0,""whiff_rate"":1.0,""csw_rate"":1.0}]","","0","kbo-pitcher-abilities-v1-official-tracking-regressed","https://www.koreabaseball.com/Record/Player/PitcherDetail/Total.aspx?playerId=50556","https://www.kbostuff.app/stuff/50556?season=2025"
"2025","62363","KBO-62363","롯데 자이언츠","한현희","KBO","41","8.7","low","Slider/Four-seam/Changeup/Sinker","10","10","12","8","12","12","13","16","10","10","","","","10","","","","","143.0","92.4","105.3","0.068","0.298","0.195","0.049","0.049","5.63","[{""code"":""SL"",""name"":""Slider"",""n"":76,""usage_pct"":47.2,""speed"":126.4,""k_stuff_plus"":92.21,""k_location_plus"":104.2,""whiff_rate"":0.0789,""csw_rate"":0.3289},{""code"":""FF"",""name"":""Four-seam"",""n"":72,""usage_pct"":44.7,""speed"":143.5,""k_stuff_plus"":96.15,""k_location_plus"":104.6,""whiff_rate"":0.0556,""csw_rate"":0.2917},{""code"":""CH"",""name"":""Changeup"",""n"":8,""usage_pct"":5,""speed"":127.4,""k_stuff_plus"":96.21,""k_location_plus"":98.6,""whiff_rate"":0.125,""csw_rate"":0.125},{""code"":""SI"",""name"":""Sinker"",""n"":5,""usage_pct"":3.1,""speed"":136.6,""k_stuff_plus"":107.63,""k_location_plus"":101.1,""whiff_rate"":0.0,""csw_rate"":0.2}]","","0","kbo-pitcher-abilities-v1-official-tracking-regressed","https://www.koreabaseball.com/Record/Player/PitcherDetail/Total.aspx?playerId=62363","https://www.kbostuff.app/stuff/62363?season=2025"
"2025","68260","KBO-68260","롯데 자이언츠","현도훈","FUTURES","215","41.3","medium","","8","6","9","3","9","8","9","14","1","","","","","","","","","","","","","","","0.167","0.112","0.033","6.73","[]","","0","kbo-pitcher-abilities-v1-official-tracking-regressed","https://www.koreabaseball.com/Futures/Player/PitcherTotal.aspx?playerId=68260",""
"2025","50596","KBO-50596","롯데 자이언츠","홍민기","KBO","129","32.0","medium","Four-seam/Slider/Curve","14","15","13","19","10","18","19","14","18","11","","","","11","10","","","","150.1","109.2","103.2","0.130","0.328","0.302","0.085","0.000","2.22","[{""code"":""FF"",""name"":""Four-seam"",""n"":336,""usage_pct"":66,""speed"":150.1,""k_stuff_plus"":105.4,""k_location_plus"":103.3,""whiff_rate"":0.0833,""csw_rate"":0.2917},{""code"":""SL"",""name"":""Slider"",""n"":157,""usage_pct"":30.8,""speed"":133.1,""k_stuff_plus"":110.53,""k_location_plus"":99.3,""whiff_rate"":0.242,""csw_rate"":0.4331},{""code"":""CU"",""name"":""Curve"",""n"":16,""usage_pct"":3.1,""speed"":128.9,""k_stuff_plus"":98.14,""k_location_plus"":100.6,""whiff_rate"":0.0,""csw_rate"":0.0625}]","","0","kbo-pitcher-abilities-v1-official-tracking-regressed","https://www.koreabaseball.com/Record/Player/PitcherDetail/Total.aspx?playerId=50596","https://www.kbostuff.app/stuff/50596?season=2025"
"2025","55460","KBO-55460","삼성 라이온즈","가라비토","KBO","327","78.3","high","Four-seam/Sinker/Slider/Curve/Sweeper/Changeup/Cutter/Splitter","14","14","11","16","18","15","19","7","18","10","11","10","10","11","10","","10","","149.9","103.7","101.0","0.101","0.286","0.257","0.113","0.018","3.94","[{""code"":""FF"",""name"":""Four-seam"",""n"":522,""usage_pct"":38.6,""speed"":151.0,""k_stuff_plus"":104.03,""k_location_plus"":94.1,""whiff_rate"":0.0996,""csw_rate"":0.2567},{""code"":""SI"",""name"":""Sinker"",""n"":225,""usage_pct"":16.6,""speed"":149.2,""k_stuff_plus"":102.24,""k_location_plus"":107.1,""whiff_rate"":0.0711,""csw_rate"":0.3867},{""code"":""SL"",""name"":""Slider"",""n"":184,""usage_pct"":13.6,""speed"":138.0,""k_stuff_plus"":102.52,""k_location_plus"":108.2,""whiff_rate"":0.0924,""csw_rate"":0.2935},{""code"":""CU"",""name"":""Curve"",""n"":144,""usage_pct"":10.6,""speed"":129.9,""k_stuff_plus"":102.56,""k_location_plus"":104.8,""whiff_rate"":0.0972,""csw_rate"":0.2708},{""code"":""ST"",""name"":""Sweeper"",""n"":124,""usage_pct"":9.2,""speed"":130.7,""k_stuff_plus"":104.06,""k_location_plus"":89.4,""whiff_rate"":0.1855,""csw_rate"":0.3468},{""code"":""CH"",""name"":""Changeup"",""n"":103,""usage_pct"":7.6,""speed"":136.7,""k_stuff_plus"":103.42,""k_location_plus"":93.4,""whiff_rate"":0.0777,""csw_rate"":0.1553},{""code"":""FC"",""name"":""Cutter"",""n"":48,""usage_pct"":3.5,""speed"":141.6,""k_stuff_plus"":100.29,""k_location_plus"":99.4,""whiff_rate"":0.125,""csw_rate"":0.2917},{""code"":""FS"",""name"":""Splitter"",""n"":3,""usage_pct"":0.2,""speed"":137.3,""k_stuff_plus"":94.08,""k_location_plus"":100.8,""whiff_rate"":0.0,""csw_rate"":0.0}]","","0","kbo-pitcher-abilities-v1-official-tracking-regressed","https://www.koreabaseball.com/Record/Player/PitcherDetail/Total.aspx?playerId=55460","https://www.kbostuff.app/stuff/55460?season=2025"
"2025","55441","KBO-55441","삼성 라이온즈","권현우","NONE","0","0.0","none","","8","8","8","8","8","8","8","8","8","","","","","","","","","","","","","","","","","","","[]","","0","kbo-pitcher-abilities-v1-official-tracking-regressed","",""
"2025","61365","KBO-61365","삼성 라이온즈","김대우","KBO","3","0.7","low","Four-seam/Curve/Slider","2","11","12","12","8","13","12","13","13","","","","","","","","","","130.3","94.6","101.7","0.000","0.188","0.000","0.000","0.000","3.44","[{""code"":""FF"",""name"":""Four-seam"",""n"":8,""usage_pct"":50,""speed"":130.2,""k_stuff_plus"":97.48,""k_location_plus"":98.0,""whiff_rate"":0.0,""csw_rate"":0.25},{""code"":""CU"",""name"":""Curve"",""n"":7,""usage_pct"":43.8,""speed"":122.3,""k_stuff_plus"":97.0,""k_location_plus"":100.3,""whiff_rate"":0.0,""csw_rate"":0.1429},{""code"":""SL"",""name"":""Slider"",""n"":1,""usage_pct"":6.2,""speed"":122.0,""k_stuff_plus"":89.61,""k_location_plus"":102.3,""whiff_rate"":0.0,""csw_rate"":0.0}]","","0","kbo-pitcher-abilities-v1-official-tracking-regressed","https://www.koreabaseball.com/Record/Player/PitcherDetail/Total.aspx?playerId=61365","https://www.kbostuff.app/stuff/61365?season=2025"
"2025","54401","KBO-54401","삼성 라이온즈","김대호","KBO","105","21.0","medium","Four-seam/Slider/Splitter/Curve","11","9","7","7","11","7","11","5","7","9","","","","10","10","10","","","144.1","96.2","98.7","0.105","0.283","0.181","0.143","0.029","5.77","[{""code"":""FF"",""name"":""Four-seam"",""n"":180,""usage_pct"":45.9,""speed"":144.1,""k_stuff_plus"":94.9,""k_location_plus"":97.1,""whiff_rate"":0.0722,""csw_rate"":0.2444},{""code"":""SL"",""name"":""Slider"",""n"":136,""usage_pct"":34.7,""speed"":129.3,""k_stuff_plus"":98.55,""k_location_plus"":105.5,""whiff_rate"":0.1471,""csw_rate"":0.375},{""code"":""FS"",""name"":""Splitter"",""n"":48,""usage_pct"":12.2,""speed"":133.6,""k_stuff_plus"":100.82,""k_location_plus"":96.4,""whiff_rate"":0.1458,""csw_rate"":0.25},{""code"":""CU"",""name"":""Curve"",""n"":28,""usage_pct"":7.1,""speed"":119.1,""k_stuff_plus"":95.98,""k_location_plus"":96.5,""whiff_rate"":0.0357,""csw_rate"":0.1429}]","","0","kbo-pitcher-abilities-v1-official-tracking-regressed","https://www.koreabaseball.com/Record/Player/PitcherDetail/Total.aspx?playerId=54401","https://www.kbostuff.app/stuff/54401?season=2025"
"2025","68403","KBO-68403","삼성 라이온즈","김무신","NONE","0","0.0","none","","8","8","8","8","8","8","8","8","8","","","","","","","","","","","","","","","","","","","[]","","0","kbo-pitcher-abilities-v1-official-tracking-regressed","",""
"2025","65062","KBO-65062","삼성 라이온즈","김재윤","KBO","242","57.7","medium","Four-seam/Slider/Splitter/Curve","11","8","14","8","10","13","9","19","12","11","","","","10","","10","","","144.7","101.6","106.5","0.122","0.281","0.178","0.054","0.041","4.93","[{""code"":""FF"",""name"":""Four-seam"",""n"":505,""usage_pct"":54.2,""speed"":144.7,""k_stuff_plus"":102.2,""k_location_plus"":107.1,""whiff_rate"":0.095,""csw_rate"":0.2733},{""code"":""SL"",""name"":""Slider"",""n"":249,""usage_pct"":26.7,""speed"":130.2,""k_stuff_plus"":99.76,""k_location_plus"":105.0,""whiff_rate"":0.1647,""csw_rate"":0.3333},{""code"":""FS"",""name"":""Splitter"",""n"":174,""usage_pct"":18.7,""speed"":134.1,""k_stuff_plus"":101.08,""k_location_plus"":103.9,""whiff_rate"":0.1437,""csw_rate"":0.2356},{""code"":""CU"",""name"":""Curve"",""n"":4,""usage_pct"":0.4,""speed"":115.2,""k_stuff_plus"":99.13,""k_location_plus"":95.6,""whiff_rate"":0.0,""csw_rate"":0.0}]","","0","kbo-pitcher-abilities-v1-official-tracking-regressed","https://www.koreabaseball.com/Record/Player/PitcherDetail/Total.aspx?playerId=65062","https://www.kbostuff.app/stuff/65062?season=2025"
"2025","62360","KBO-62360","삼성 라이온즈","김태훈","KBO","287","66.3","medium","Four-seam/Splitter/Slider/Cutter/Sweeper/Curve","10","13","13","11","10","16","19","13","13","10","","10","","10","","11","10","","143.8","97.5","106.3","0.121","0.300","0.258","0.091","0.028","4.04","[{""code"":""FF"",""name"":""Four-seam"",""n"":520,""usage_pct"":46.3,""speed"":144.2,""k_stuff_plus"":95.21,""k_location_plus"":106.9,""whiff_rate"":0.0865,""csw_rate"":0.2962},{""code"":""FS"",""name"":""Splitter"",""n"":362,""usage_pct"":32.3,""speed"":131.5,""k_stuff_plus"":100.96,""k_location_plus"":107.0,""whiff_rate"":0.1961,""csw_rate"":0.2928},{""code"":""SL"",""name"":""Slider"",""n"":161,""usage_pct"":14.3,""speed"":123.6,""k_stuff_plus"":96.36,""k_location_plus"":102.2,""whiff_rate"":0.0807,""csw_rate"":0.3106},{""code"":""FC"",""name"":""Cutter"",""n"":38,""usage_pct"":3.4,""speed"":138.3,""k_stuff_plus"":98.35,""k_location_plus"":105.2,""whiff_rate"":0.1053,""csw_rate"":0.1842},{""code"":""ST"",""name"":""Sweeper"",""n"":37,""usage_pct"":3.3,""speed"":124.1,""k_stuff_plus"":102.73,""k_location_plus"":103.0,""whiff_rate"":0.0811,""csw_rate"":0.4865},{""code"":""CU"",""name"":""Curve"",""n"":4,""usage_pct"":0.4,""speed"":121.5,""k_stuff_plus"":93.51,""k_location_plus"":102.0,""whiff_rate"":0.0,""csw_rate"":0.5}]","","0","kbo-pitcher-abilities-v1-official-tracking-regressed","https://www.koreabaseball.com/Record/Player/PitcherDetail/Total.aspx?playerId=62360","https://www.kbostuff.app/stuff/62360?season=2025"
"2025","55455","KBO-55455","삼성 라이온즈","배찬승","KBO","233","50.7","medium","Four-seam/Slider/Changeup","15","15","8","15","9","11","18","2","12","11","","","10","11","","","","","151.7","112.0","98.4","0.115","0.284","0.245","0.146","0.013","4.09","[{""code"":""FF"",""name"":""Four-seam"",""n"":604,""usage_pct"":63.4,""speed"":151.7,""k_stuff_plus"":109.03,""k_location_plus"":96.7,""whiff_rate"":0.0728,""csw_rate"":0.2384},{""code"":""SL"",""name"":""Slider"",""n"":331,""usage_pct"":34.7,""speed"":136.8,""k_stuff_plus"":109.73,""k_location_plus"":96.9,""whiff_rate"":0.1873,""csw_rate"":0.3686},{""code"":""CH"",""name"":""Changeup"",""n"":18,""usage_pct"":1.9,""speed"":136.1,""k_stuff_plus"":107.87,""k_location_plus"":96.2,""whiff_rate"":0.2222,""csw_rate"":0.2778}]","","0","kbo-pitcher-abilities-v1-official-tracking-regressed","https://www.koreabaseball.com/Record/Player/PitcherDetail/Total.aspx?playerId=55455","https://www.kbostuff.app/stuff/55455?season=2025"
"2025","77446","KBO-77446","삼성 라이온즈","백정현","KBO","128","32.3","medium","Four-seam/Splitter/Slider/Curve","8","14","15","18","10","19","17","18","19","10","","","","10","10","10","","","140.3","96.8","104.1","0.102","0.292","0.242","0.055","0.008","2.76","[{""code"":""FF"",""name"":""Four-seam"",""n"":243,""usage_pct"":48.6,""speed"":140.3,""k_stuff_plus"":95.64,""k_location_plus"":107.0,""whiff_rate"":0.0576,""csw_rate"":0.284},{""code"":""FS"",""name"":""Splitter"",""n"":124,""usage_pct"":24.8,""speed"":130.6,""k_stuff_plus"":100.5,""k_location_plus"":100.6,""whiff_rate"":0.1774,""csw_rate"":0.2742},{""code"":""SL"",""name"":""Slider"",""n"":91,""usage_pct"":18.2,""speed"":129.4,""k_stuff_plus"":96.77,""k_location_plus"":102.6,""whiff_rate"":0.0769,""csw_rate"":0.3077},{""code"":""CU"",""name"":""Curve"",""n"":42,""usage_pct"":8.4,""speed"":114.3,""k_stuff_plus"":100.11,""k_location_plus"":100.2,""whiff_rate"":0.1905,""csw_rate"":0.3571}]","","0","kbo-pitcher-abilities-v1-official-tracking-regressed","https://www.koreabaseball.com/Record/Player/PitcherDetail/Total.aspx?playerId=77446","https://www.kbostuff.app/stuff/77446?season=2025"
"2025","73801","KBO-73801","삼성 라이온즈","송은범","KBO","28","6.0","low","Slider/Four-seam/Sinker/Curve/Changeup","8","11","11","12","9","10","6","12","11","10","10","","","10","","","","","140.3","93.8","97.1","0.118","0.226","0.071","0.107","0.000","4.27","[{""code"":""SL"",""name"":""Slider"",""n"":42,""usage_pct"":45.2,""speed"":132.4,""k_stuff_plus"":96.84,""k_location_plus"":97.9,""whiff_rate"":0.1905,""csw_rate"":0.3333},{""code"":""FF"",""name"":""Four-seam"",""n"":20,""usage_pct"":21.5,""speed"":140.2,""k_stuff_plus"":89.76,""k_location_plus"":98.7,""whiff_rate"":0.0,""csw_rate"":0.15},{""code"":""SI"",""name"":""Sinker"",""n"":18,""usage_pct"":19.4,""speed"":140.3,""k_stuff_plus"":99.86,""k_location_plus"":102.6,""whiff_rate"":0.1111,""csw_rate"":0.1667},{""code"":""CU"",""name"":""Curve"",""n"":7,""usage_pct"":7.5,""speed"":117.3,""k_stuff_plus"":95.98,""k_location_plus"":93.6,""whiff_rate"":0.1429,""csw_rate"":0.1429},{""code"":""CH"",""name"":""Changeup"",""n"":6,""usage_pct"":6.5,""speed"":127.7,""k_stuff_plus"":95.18,""k_location_plus"":102.2,""whiff_rate"":0.0,""csw_rate"":0.0}]","","0","kbo-pitcher-abilities-v1-official-tracking-regressed","https://www.koreabaseball.com/Record/Player/PitcherDetail/Total.aspx?playerId=73801","https://www.kbostuff.app/stuff/73801?season=2025"
"2025","68415","KBO-68415","삼성 라이온즈","양창섭","KBO","276","63.0","medium","Slider/Four-seam/Sinker/Curve/Changeup/Splitter","12","11","14","15","12","13","6","18","16","10","10","","10","10","10","10","","","146.0","96.2","103.8","0.083","0.274","0.163","0.069","0.011","3.96","[{""code"":""SL"",""name"":""Slider"",""n"":314,""usage_pct"":32.6,""speed"":134.8,""k_stuff_plus"":96.57,""k_location_plus"":102.1,""whiff_rate"":0.1083,""csw_rate"":0.2834},{""code"":""FF"",""name"":""Four-seam"",""n"":307,""usage_pct"":31.9,""speed"":146.3,""k_stuff_plus"":97.78,""k_location_plus"":100.8,""whiff_rate"":0.0586,""csw_rate"":0.2085},{""code"":""SI"",""name"":""Sinker"",""n"":165,""usage_pct"":17.1,""speed"":145.3,""k_stuff_plus"":96.6,""k_location_plus"":105.4,""whiff_rate"":0.0545,""csw_rate"":0.3333},{""code"":""CU"",""name"":""Curve"",""n"":96,""usage_pct"":10,""speed"":121.2,""k_stuff_plus"":102.37,""k_location_plus"":104.2,""whiff_rate"":0.0938,""csw_rate"":0.3438},{""code"":""CH"",""name"":""Changeup"",""n"":49,""usage_pct"":5.1,""speed"":131.3,""k_stuff_plus"":99.34,""k_location_plus"":103.7,""whiff_rate"":0.102,""csw_rate"":0.3265},{""code"":""FS"",""name"":""Splitter"",""n"":32,""usage_pct"":3.3,""speed"":133.7,""k_stuff_plus"":101.49,""k_location_plus"":101.3,""whiff_rate"":0.1562,""csw_rate"":0.2188}]","","0","kbo-pitcher-abilities-v1-official-tracking-regressed","https://www.koreabaseball.com/Record/Player/PitcherDetail/Total.aspx?playerId=68415","https://www.kbostuff.app/stuff/68415?season=2025"
"2025","61268","KBO-61268","삼성 라이온즈","양현","KBO","15","3.3","low","Sinker/Curve/Slider","3","11","10","12","9","10","9","9","14","","10","","","","10","","","","130.8","91.1","99.3","0.077","0.200","0.067","0.200","0.000","5.54","[{""code"":""SI"",""name"":""Sinker"",""n"":33,""usage_pct"":50.8,""speed"":130.8,""k_stuff_plus"":94.12,""k_location_plus"":95.4,""whiff_rate"":0.0606,""csw_rate"":0.1818},{""code"":""CU"",""name"":""Curve"",""n"":23,""usage_pct"":35.4,""speed"":119.3,""k_stuff_plus"":96.66,""k_location_plus"":103.3,""whiff_rate"":0.0435,""csw_rate"":0.1304},{""code"":""SL"",""name"":""Slider"",""n"":9,""usage_pct"":13.8,""speed"":119.3,""k_stuff_plus"":93.02,""k_location_plus"":100.7,""whiff_rate"":0.2222,""csw_rate"":0.4444}]","","0","kbo-pitcher-abilities-v1-official-tracking-regressed","https://www.koreabaseball.com/Record/Player/PitcherDetail/Total.aspx?playerId=61268","https://www.kbostuff.app/stuff/61268?season=2025"
"2025","75421","KBO-75421","삼성 라이온즈","오승환","KBO","45","9.0","low","Four-seam/Slider/Splitter/Curve","11","11","11","9","8","11","10","15","8","10","","","","10","10","10","","","144.1","94.9","102.6","0.064","0.214","0.156","0.067","0.022","4.33","[{""code"":""FF"",""name"":""Four-seam"",""n"":77,""usage_pct"":44.5,""speed"":144.1,""k_stuff_plus"":98.2,""k_location_plus"":97.2,""whiff_rate"":0.0519,""csw_rate"":0.1688},{""code"":""SL"",""name"":""Slider"",""n"":45,""usage_pct"":26,""speed"":133.3,""k_stuff_plus"":96.57,""k_location_plus"":100.7,""whiff_rate"":0.0889,""csw_rate"":0.3111},{""code"":""FS"",""name"":""Splitter"",""n"":33,""usage_pct"":19.1,""speed"":136.2,""k_stuff_plus"":92.12,""k_location_plus"":106.0,""whiff_rate"":0.0303,""csw_rate"":0.1818},{""code"":""CU"",""name"":""Curve"",""n"":18,""usage_pct"":10.4,""speed"":118.3,""k_stuff_plus"":99.05,""k_location_plus"":103.6,""whiff_rate"":0.1111,""csw_rate"":0.2222}]","","0","kbo-pitcher-abilities-v1-official-tracking-regressed","https://www.koreabaseball.com/Record/Player/PitcherDetail/Total.aspx?playerId=75421","https://www.kbostuff.app/stuff/75421?season=2025"
"2025","69446","KBO-69446","삼성 라이온즈","원태인","KBO","671","166.7","high","Four-seam/Slider/Changeup/Curve/Cutter/Sinker","11","8","16","8","20","14","4","20","18","10","","10","11","10","11","","","","145.5","100.1","108.0","0.093","0.283","0.161","0.040","0.030","4.30","[{""code"":""FF"",""name"":""Four-seam"",""n"":1056,""usage_pct"":42.5,""speed"":146.3,""k_stuff_plus"":100.81,""k_location_plus"":103.8,""whiff_rate"":0.0578,""csw_rate"":0.2443},{""code"":""SL"",""name"":""Slider"",""n"":661,""usage_pct"":26.6,""speed"":134.7,""k_stuff_plus"":96.13,""k_location_plus"":108.6,""whiff_rate"":0.1104,""csw_rate"":0.3298},{""code"":""CH"",""name"":""Changeup"",""n"":500,""usage_pct"":20.1,""speed"":126.3,""k_stuff_plus"":101.82,""k_location_plus"":111.4,""whiff_rate"":0.154,""csw_rate"":0.3},{""code"":""CU"",""name"":""Curve"",""n"":165,""usage_pct"":6.6,""speed"":122.8,""k_stuff_plus"":101.54,""k_location_plus"":108.2,""whiff_rate"":0.103,""csw_rate"":0.3152},{""code"":""FC"",""name"":""Cutter"",""n"":97,""usage_pct"":3.9,""speed"":137.1,""k_stuff_plus"":99.28,""k_location_plus"":108.3,""whiff_rate"":0.0412,""csw_rate"":0.2474},{""code"":""SI"",""name"":""Sinker"",""n"":3,""usage_pct"":0.1,""speed"":146.0,""k_stuff_plus"":99.74,""k_location_plus"":96.8,""whiff_rate"":0.0,""csw_rate"":0.0}]","","0","kbo-pitcher-abilities-v1-official-tracking-regressed","https://www.koreabaseball.com/Record/Player/PitcherDetail/Total.aspx?playerId=69446","https://www.kbostuff.app/stuff/69446?season=2025"
"2025","54404","KBO-54404","삼성 라이온즈","육선엽","KBO","133","28.7","medium","Four-seam/Changeup/Cutter/Curve/Slider/Splitter","10","7","7","6","10","4","5","2","8","10","","10","10","10","10","","","","143.8","100.5","96.8","0.105","0.230","0.143","0.180","0.030","6.44","[{""code"":""FF"",""name"":""Four-seam"",""n"":247,""usage_pct"":44.1,""speed"":145.9,""k_stuff_plus"":100.67,""k_location_plus"":95.0,""whiff_rate"":0.0567,""csw_rate"":0.1862},{""code"":""CH"",""name"":""Changeup"",""n"":111,""usage_pct"":19.8,""speed"":133.4,""k_stuff_plus"":97.29,""k_location_plus"":99.8,""whiff_rate"":0.1802,""csw_rate"":0.2703},{""code"":""FC"",""name"":""Cutter"",""n"":82,""usage_pct"":14.6,""speed"":137.5,""k_stuff_plus"":99.52,""k_location_plus"":93.1,""whiff_rate"":0.1341,""csw_rate"":0.2561},{""code"":""CU"",""name"":""Curve"",""n"":73,""usage_pct"":13,""speed"":129.8,""k_stuff_plus"":98.49,""k_location_plus"":98.7,""whiff_rate"":0.0685,""csw_rate"":0.2055},{""code"":""SL"",""name"":""Slider"",""n"":46,""usage_pct"":8.2,""speed"":135.9,""k_stuff_plus"":98.91,""k_location_plus"":104.0,""whiff_rate"":0.1957,""csw_rate"":0.3696},{""code"":""FS"",""name"":""Splitter"",""n"":1,""usage_pct"":0.2,""speed"":134.0,""k_stuff_plus"":null,""k_location_plus"":96.6,""whiff_rate"":0.0,""csw_rate"":0.0}]","","0","kbo-pitcher-abilities-v1-official-tracking-regressed","https://www.koreabaseball.com/Record/Player/PitcherDetail/Total.aspx?playerId=54404","https://www.kbostuff.app/stuff/54404?season=2025"
"2025","63960","KBO-63960","삼성 라이온즈","이상민","KBO","5","1.0","low","Changeup/Slider/Four-seam","8","12","12","12","9","14","13","14","14","","","","","","","","","","139.0","102.8","99.3","0.167","0.417","0.200","0.000","0.000","1.44","[{""code"":""CH"",""name"":""Changeup"",""n"":6,""usage_pct"":50,""speed"":130.8,""k_stuff_plus"":102.81,""k_location_plus"":99.0,""whiff_rate"":0.3333,""csw_rate"":0.5},{""code"":""SL"",""name"":""Slider"",""n"":3,""usage_pct"":25,""speed"":127.3,""k_stuff_plus"":103.71,""k_location_plus"":102.0,""whiff_rate"":0.0,""csw_rate"":0.3333},{""code"":""FF"",""name"":""Four-seam"",""n"":3,""usage_pct"":25,""speed"":139.0,""k_stuff_plus"":92.47,""k_location_plus"":98.7,""whiff_rate"":0.0,""csw_rate"":0.3333}]","","0","kbo-pitcher-abilities-v1-official-tracking-regressed","https://www.koreabaseball.com/Record/Player/PitcherDetail/Total.aspx?playerId=63960","https://www.kbostuff.app/stuff/63960?season=2025"
"2025","50464","KBO-50464","삼성 라이온즈","이승민","KBO","280","64.3","medium","Four-seam/Slider/Changeup/Curve","10","11","12","14","10","13","12","12","15","10","","","10","10","10","","","","142.5","96.4","102.7","0.099","0.290","0.189","0.093","0.018","4.15","[{""code"":""FF"",""name"":""Four-seam"",""n"":534,""usage_pct"":50.2,""speed"":142.5,""k_stuff_plus"":97.52,""k_location_plus"":103.6,""whiff_rate"":0.1011,""csw_rate"":0.2903},{""code"":""SL"",""name"":""Slider"",""n"":252,""usage_pct"":23.7,""speed"":129.8,""k_stuff_plus"":98.18,""k_location_plus"":102.1,""whiff_rate"":0.1071,""csw_rate"":0.3214},{""code"":""CH"",""name"":""Changeup"",""n"":164,""usage_pct"":15.4,""speed"":127.0,""k_stuff_plus"":96.0,""k_location_plus"":103.3,""whiff_rate"":0.0854,""csw_rate"":0.25},{""code"":""CU"",""name"":""Curve"",""n"":113,""usage_pct"":10.6,""speed"":122.8,""k_stuff_plus"":99.34,""k_location_plus"":96.7,""whiff_rate"":0.0885,""csw_rate"":0.2743}]","","0","kbo-pitcher-abilities-v1-official-tracking-regressed","https://www.koreabaseball.com/Record/Player/PitcherDetail/Total.aspx?playerId=50464","https://www.kbostuff.app/stuff/50464?season=2025"
"2025","51454","KBO-51454","삼성 라이온즈","이승현","KBO","471","101.3","high","Four-seam/Slider/Curve/Changeup/Cutter/Sweeper","8","8","9","8","17","7","4","11","6","10","","10","9","10","10","","10","","139.6","97.5","100.8","0.071","0.275","0.157","0.098","0.021","4.89","[{""code"":""FF"",""name"":""Four-seam"",""n"":674,""usage_pct"":36.7,""speed"":141.1,""k_stuff_plus"":98.15,""k_location_plus"":97.9,""whiff_rate"":0.0371,""csw_rate"":0.2329},{""code"":""SL"",""name"":""Slider"",""n"":399,""usage_pct"":21.7,""speed"":132.5,""k_stuff_plus"":95.69,""k_location_plus"":107.4,""whiff_rate"":0.1003,""csw_rate"":0.3208},{""code"":""CU"",""name"":""Curve"",""n"":324,""usage_pct"":17.6,""speed"":118.8,""k_stuff_plus"":98.1,""k_location_plus"":100.3,""whiff_rate"":0.0988,""csw_rate"":0.3364},{""code"":""CH"",""name"":""Changeup"",""n"":257,""usage_pct"":14,""speed"":130.6,""k_stuff_plus"":97.74,""k_location_plus"":90.9,""whiff_rate"":0.0778,""csw_rate"":0.2062},{""code"":""FC"",""name"":""Cutter"",""n"":155,""usage_pct"":8.4,""speed"":132.9,""k_stuff_plus"":98.97,""k_location_plus"":106.1,""whiff_rate"":0.071,""csw_rate"":0.2968},{""code"":""ST"",""name"":""Sweeper"",""n"":27,""usage_pct"":1.5,""speed"":131.9,""k_stuff_plus"":94.3,""k_location_plus"":107.1,""whiff_rate"":0.1111,""csw_rate"":0.4074}]","","0","kbo-pitcher-abilities-v1-official-tracking-regressed","https://www.koreabaseball.com/Record/Player/PitcherDetail/Total.aspx?playerId=51454","https://www.kbostuff.app/stuff/51454?season=2025"
"2025","60146","KBO-60146","삼성 라이온즈","이승현","KBO","161","35.7","medium","Four-seam/Slider/Changeup/Splitter","10","8","12","6","10","11","10","17","7","10","","","10","10","","","","","143.2","97.4","106.6","0.088","0.245","0.180","0.068","0.056","6.10","[{""code"":""FF"",""name"":""Four-seam"",""n"":347,""usage_pct"":53.5,""speed"":143.2,""k_stuff_plus"":98.52,""k_location_plus"":106.8,""whiff_rate"":0.1153,""csw_rate"":0.2594},{""code"":""SL"",""name"":""Slider"",""n"":159,""usage_pct"":24.5,""speed"":132.8,""k_stuff_plus"":96.19,""k_location_plus"":106.6,""whiff_rate"":0.0377,""csw_rate"":0.239},{""code"":""CH"",""name"":""Changeup"",""n"":134,""usage_pct"":20.7,""speed"":122.7,""k_stuff_plus"":100.12,""k_location_plus"":99.5,""whiff_rate"":0.0821,""csw_rate"":0.2313},{""code"":""FS"",""name"":""Splitter"",""n"":8,""usage_pct"":1.2,""speed"":131.2,""k_stuff_plus"":95.32,""k_location_plus"":99.6,""whiff_rate"":0.0,""csw_rate"":0.0}]","","0","kbo-pitcher-abilities-v1-official-tracking-regressed","https://www.koreabaseball.com/Record/Player/PitcherDetail/Total.aspx?playerId=60146","https://www.kbostuff.app/stuff/60146?season=2025"
"2025","63492","KBO-63492","삼성 라이온즈","이재익","KBO","31","7.3","low","Sinker/Slider/Curve/Four-seam","10","13","13","15","9","15","13","15","16","","10","","","10","10","","","","142.4","97.3","102.8","0.053","0.336","0.194","0.065","0.000","2.62","[{""code"":""SI"",""name"":""Sinker"",""n"":59,""usage_pct"":52.2,""speed"":142.4,""k_stuff_plus"":102.13,""k_location_plus"":101.7,""whiff_rate"":0.0678,""csw_rate"":0.3729},{""code"":""SL"",""name"":""Slider"",""n"":40,""usage_pct"":35.4,""speed"":129.6,""k_stuff_plus"":98.66,""k_location_plus"":94.6,""whiff_rate"":0.05,""csw_rate"":0.275},{""code"":""CU"",""name"":""Curve"",""n"":11,""usage_pct"":9.7,""speed"":121.1,""k_stuff_plus"":97.42,""k_location_plus"":104.2,""whiff_rate"":0.0,""csw_rate"":0.2727},{""code"":""FF"",""name"":""Four-seam"",""n"":3,""usage_pct"":2.7,""speed"":143.3,""k_stuff_plus"":100.55,""k_location_plus"":103.2,""whiff_rate"":0.0,""csw_rate"":0.6667}]","","0","kbo-pitcher-abilities-v1-official-tracking-regressed","https://www.koreabaseball.com/Record/Player/PitcherDetail/Total.aspx?playerId=63492","https://www.kbostuff.app/stuff/63492?season=2025"
"2025","51460","KBO-51460","삼성 라이온즈","이재희","KBO","39","9.0","low","Four-seam/Slider/Splitter","12","13","11","16","9","14","15","10","15","10","","","","10","","","","","147.0","103.0","99.4","0.152","0.310","0.231","0.128","0.000","3.11","[{""code"":""FF"",""name"":""Four-seam"",""n"":83,""usage_pct"":52.5,""speed"":147.0,""k_stuff_plus"":103.68,""k_location_plus"":98.7,""whiff_rate"":0.1687,""csw_rate"":0.2892},{""code"":""SL"",""name"":""Slider"",""n"":71,""usage_pct"":44.9,""speed"":136.4,""k_stuff_plus"":100.76,""k_location_plus"":99.2,""whiff_rate"":0.1408,""csw_rate"":0.338},{""code"":""FS"",""name"":""Splitter"",""n"":4,""usage_pct"":2.5,""speed"":134.8,""k_stuff_plus"":null,""k_location_plus"":100.5,""whiff_rate"":0.0,""csw_rate"":0.25}]","","0","kbo-pitcher-abilities-v1-official-tracking-regressed","https://www.koreabaseball.com/Record/Player/PitcherDetail/Total.aspx?playerId=51460","https://www.kbostuff.app/stuff/51460?season=2025"
"2025","53455","KBO-53455","삼성 라이온즈","이호성","KBO","252","55.3","medium","Four-seam/Cutter/Curve/Slider/Changeup/Splitter","11","13","9","10","10","13","19","7","9","11","","10","","10","10","","","","145.3","106.6","100.0","0.110","0.294","0.274","0.115","0.028","4.27","[{""code"":""FF"",""name"":""Four-seam"",""n"":549,""usage_pct"":53.6,""speed"":148.2,""k_stuff_plus"":104.85,""k_location_plus"":98.7,""whiff_rate"":0.102,""csw_rate"":0.2805},{""code"":""FC"",""name"":""Cutter"",""n"":218,""usage_pct"":21.3,""speed"":138.0,""k_stuff_plus"":100.24,""k_location_plus"":100.0,""whiff_rate"":0.1422,""csw_rate"":0.3807},{""code"":""CU"",""name"":""Curve"",""n"":163,""usage_pct"":15.9,""speed"":126.1,""k_stuff_plus"":102.84,""k_location_plus"":89.3,""whiff_rate"":0.1043,""csw_rate"":0.2331},{""code"":""SL"",""name"":""Slider"",""n"":90,""usage_pct"":8.8,""speed"":136.4,""k_stuff_plus"":96.86,""k_location_plus"":105.5,""whiff_rate"":0.0889,""csw_rate"":0.2778},{""code"":""CH"",""name"":""Changeup"",""n"":3,""usage_pct"":0.3,""speed"":133.3,""k_stuff_plus"":107.6,""k_location_plus"":102.6,""whiff_rate"":0.3333,""csw_rate"":0.3333},{""code"":""FS"",""name"":""Splitter"",""n"":2,""usage_pct"":0.2,""speed"":140.0,""k_stuff_plus"":null,""k_location_plus"":95.9,""whiff_rate"":0.0,""csw_rate"":0.0}]","","0","kbo-pitcher-abilities-v1-official-tracking-regressed","https://www.koreabaseball.com/Record/Player/PitcherDetail/Total.aspx?playerId=53455","https://www.kbostuff.app/stuff/53455?season=2025"
"2025","78352","KBO-78352","삼성 라이온즈","임창민","KBO","63","13.0","low","Four-seam/Splitter/Slider","9","6","9","3","9","6","4","11","8","10","","","","10","","10","","","141.6","95.2","105.0","0.065","0.214","0.095","0.111","0.079","9.36","[{""code"":""FF"",""name"":""Four-seam"",""n"":137,""usage_pct"":52.3,""speed"":141.6,""k_stuff_plus"":97.17,""k_location_plus"":106.5,""whiff_rate"":0.0584,""csw_rate"":0.219},{""code"":""FS"",""name"":""Splitter"",""n"":75,""usage_pct"":28.6,""speed"":132.4,""k_stuff_plus"":96.33,""k_location_plus"":102.6,""whiff_rate"":0.0933,""csw_rate"":0.2133},{""code"":""SL"",""name"":""Slider"",""n"":50,""usage_pct"":19.1,""speed"":132.0,""k_stuff_plus"":96.16,""k_location_plus"":101.0,""whiff_rate"":0.04,""csw_rate"":0.2}]","","0","kbo-pitcher-abilities-v1-official-tracking-regressed","https://www.koreabaseball.com/Record/Player/PitcherDetail/Total.aspx?playerId=78352","https://www.kbostuff.app/stuff/78352?season=2025"
"2025","54467","KBO-54467","삼성 라이온즈","정민성","KBO","7","1.0","low","Four-seam/Slider/Changeup","11","10","11","11","9","11","10","15","7","10","","","","","","","","","144.4","95.9","104.6","0.087","0.261","0.000","0.000","0.000","9.44","[{""code"":""FF"",""name"":""Four-seam"",""n"":12,""usage_pct"":52.2,""speed"":144.4,""k_stuff_plus"":95.84,""k_location_plus"":103.7,""whiff_rate"":0.1667,""csw_rate"":0.4167},{""code"":""SL"",""name"":""Slider"",""n"":8,""usage_pct"":34.8,""speed"":127.4,""k_stuff_plus"":97.92,""k_location_plus"":98.8,""whiff_rate"":0.0,""csw_rate"":0.125},{""code"":""CH"",""name"":""Changeup"",""n"":3,""usage_pct"":13,""speed"":131.3,""k_stuff_plus"":102.09,""k_location_plus"":102.6,""whiff_rate"":0.0,""csw_rate"":0.0}]","","0","kbo-pitcher-abilities-v1-official-tracking-regressed","https://www.koreabaseball.com/Record/Player/PitcherDetail/Total.aspx?playerId=54467","https://www.kbostuff.app/stuff/54467?season=2025"
"2025","62146","KBO-62146","삼성 라이온즈","최성훈","KBO","5","1.0","low","Sinker/Cutter/Curve/Slider","4","12","11","12","8","13","13","11","12","","","","","","","","","","133.4","98.2","97.4","0.050","0.300","0.200","0.200","0.000","4.44","[{""code"":""SI"",""name"":""Sinker"",""n"":9,""usage_pct"":45,""speed"":137.3,""k_stuff_plus"":106.48,""k_location_plus"":98.6,""whiff_rate"":0.1111,""csw_rate"":0.2222},{""code"":""FC"",""name"":""Cutter"",""n"":7,""usage_pct"":35,""speed"":128.3,""k_stuff_plus"":96.78,""k_location_plus"":100.8,""whiff_rate"":0.0,""csw_rate"":0.4286},{""code"":""CU"",""name"":""Curve"",""n"":3,""usage_pct"":15,""speed"":123.0,""k_stuff_plus"":null,""k_location_plus"":96.8,""whiff_rate"":0.0,""csw_rate"":0.3333},{""code"":""SL"",""name"":""Slider"",""n"":1,""usage_pct"":5,""speed"":130.0,""k_stuff_plus"":90.43,""k_location_plus"":102.3,""whiff_rate"":0.0,""csw_rate"":0.0}]","","0","kbo-pitcher-abilities-v1-official-tracking-regressed","https://www.koreabaseball.com/Record/Player/PitcherDetail/Total.aspx?playerId=62146","https://www.kbostuff.app/stuff/62146?season=2025"
"2025","65320","KBO-65320","삼성 라이온즈","최원태","KBO","552","124.3","high","Four-seam/Changeup/Cutter/Slider/Curve/Sinker","11","11","11","10","18","12","14","13","11","10","10","10","10","10","10","","","","145.3","102.5","102.6","0.098","0.269","0.197","0.092","0.024","4.57","[{""code"":""FF"",""name"":""Four-seam"",""n"":1018,""usage_pct"":47.8,""speed"":146.9,""k_stuff_plus"":100.9,""k_location_plus"":103.8,""whiff_rate"":0.0815,""csw_rate"":0.2534},{""code"":""CH"",""name"":""Changeup"",""n"":323,""usage_pct"":15.2,""speed"":130.3,""k_stuff_plus"":99.61,""k_location_plus"":100.8,""whiff_rate"":0.1207,""csw_rate"":0.2415},{""code"":""FC"",""name"":""Cutter"",""n"":305,""usage_pct"":14.3,""speed"":139.7,""k_stuff_plus"":100.59,""k_location_plus"":96.9,""whiff_rate"":0.118,""csw_rate"":0.3213},{""code"":""SL"",""name"":""Slider"",""n"":234,""usage_pct"":11,""speed"":139.4,""k_stuff_plus"":96.25,""k_location_plus"":102.8,""whiff_rate"":0.094,""csw_rate"":0.312},{""code"":""CU"",""name"":""Curve"",""n"":197,""usage_pct"":9.2,""speed"":123.6,""k_stuff_plus"":103.15,""k_location_plus"":93.2,""whiff_rate"":0.132,""csw_rate"":0.269},{""code"":""SI"",""name"":""Sinker"",""n"":54,""usage_pct"":2.5,""speed"":146.2,""k_stuff_plus"":101.33,""k_location_plus"":102.4,""whiff_rate"":0.037,""csw_rate"":0.2593}]","","0","kbo-pitcher-abilities-v1-official-tracking-regressed","https://www.koreabaseball.com/Record/Player/PitcherDetail/Total.aspx?playerId=65320","https://www.kbostuff.app/stuff/65320?season=2025"
"2025","67421","KBO-67421","삼성 라이온즈","최지광","NONE","0","0.0","none","","8","8","8","8","8","8","8","8","8","","","","","","","","","","","","","","","","","","","[]","","0","kbo-pitcher-abilities-v1-official-tracking-regressed","",""
"2025","66451","KBO-66451","삼성 라이온즈","최충연","KBO","15","1.7","low","Slider/Four-seam/Changeup","9","8","8","6","8","7","9","11","2","10","","","","10","","","","","141.3","96.4","96.9","0.050","0.267","0.067","0.133","0.067","15.44","[{""code"":""SL"",""name"":""Slider"",""n"":40,""usage_pct"":66.7,""speed"":129.9,""k_stuff_plus"":95.82,""k_location_plus"":93.5,""whiff_rate"":0.05,""csw_rate"":0.3},{""code"":""FF"",""name"":""Four-seam"",""n"":19,""usage_pct"":31.7,""speed"":141.3,""k_stuff_plus"":99.58,""k_location_plus"":104.6,""whiff_rate"":0.0526,""csw_rate"":0.2105},{""code"":""CH"",""name"":""Changeup"",""n"":1,""usage_pct"":1.7,""speed"":140.0,""k_stuff_plus"":null,""k_location_plus"":102.9,""whiff_rate"":0.0,""csw_rate"":0.0}]","","0","kbo-pitcher-abilities-v1-official-tracking-regressed","https://www.koreabaseball.com/Record/Player/PitcherDetail/Total.aspx?playerId=66451","https://www.kbostuff.app/stuff/66451?season=2025"
"2025","68501","KBO-68501","삼성 라이온즈","최하늘","FUTURES","108","21.3","medium","","8","9","7","8","7","8","10","8","6","","","","","","","","","","","","","","","0.167","0.148","0.019","6.37","[]","","0","kbo-pitcher-abilities-v1-official-tracking-regressed","https://www.koreabaseball.com/Futures/Player/PitcherTotal.aspx?playerId=68501",""
"2025","50430","KBO-50430","삼성 라이온즈","홍원표","KBO","12","2.0","low","Slider/Four-seam/Curve/Sweeper/Sinker","6","11","10","11","9","10","10","11","11","","","","","10","","","","","135.8","94.0","96.1","0.075","0.175","0.083","0.167","0.000","6.94","[{""code"":""SL"",""name"":""Slider"",""n"":23,""usage_pct"":57.5,""speed"":130.4,""k_stuff_plus"":94.97,""k_location_plus"":96.0,""whiff_rate"":0.087,""csw_rate"":0.1304},{""code"":""FF"",""name"":""Four-seam"",""n"":9,""usage_pct"":22.5,""speed"":135.8,""k_stuff_plus"":100.29,""k_location_plus"":98.2,""whiff_rate"":0.0,""csw_rate"":0.2222},{""code"":""CU"",""name"":""Curve"",""n"":4,""usage_pct"":10,""speed"":119.5,""k_stuff_plus"":95.08,""k_location_plus"":99.2,""whiff_rate"":0.25,""csw_rate"":0.25},{""code"":""ST"",""name"":""Sweeper"",""n"":3,""usage_pct"":7.5,""speed"":120.3,""k_stuff_plus"":97.87,""k_location_plus"":100.7,""whiff_rate"":0.0,""csw_rate"":0.3333},{""code"":""SI"",""name"":""Sinker"",""n"":1,""usage_pct"":2.5,""speed"":136.0,""k_stuff_plus"":93.75,""k_location_plus"":102.3,""whiff_rate"":0.0,""csw_rate"":0.0}]","","0","kbo-pitcher-abilities-v1-official-tracking-regressed","https://www.koreabaseball.com/Record/Player/PitcherDetail/Total.aspx?playerId=50430","https://www.kbostuff.app/stuff/50430?season=2025"
"2025","50441","KBO-50441","삼성 라이온즈","황동재","KBO","104","20.7","medium","Slider/Four-seam/Splitter/Sinker/Curve/Changeup","11","13","8","13","10","10","15","6","6","9","10","","","10","","10","","","145.1","98.8","96.5","0.129","0.300","0.212","0.135","0.010","4.26","[{""code"":""SL"",""name"":""Slider"",""n"":151,""usage_pct"":37.5,""speed"":133.9,""k_stuff_plus"":104.16,""k_location_plus"":96.6,""whiff_rate"":0.1987,""csw_rate"":0.3642},{""code"":""FF"",""name"":""Four-seam"",""n"":147,""usage_pct"":36.5,""speed"":144.9,""k_stuff_plus"":93.03,""k_location_plus"":92.9,""whiff_rate"":0.0544,""csw_rate"":0.2517},{""code"":""FS"",""name"":""Splitter"",""n"":66,""usage_pct"":16.4,""speed"":133.7,""k_stuff_plus"":100.15,""k_location_plus"":104.2,""whiff_rate"":0.1667,""csw_rate"":0.2424},{""code"":""SI"",""name"":""Sinker"",""n"":32,""usage_pct"":7.9,""speed"":146.0,""k_stuff_plus"":95.26,""k_location_plus"":103.2,""whiff_rate"":0.0312,""csw_rate"":0.3438},{""code"":""CU"",""name"":""Curve"",""n"":5,""usage_pct"":1.2,""speed"":122.6,""k_stuff_plus"":91.46,""k_location_plus"":99.5,""whiff_rate"":0.2,""csw_rate"":0.2},{""code"":""CH"",""name"":""Changeup"",""n"":2,""usage_pct"":0.5,""speed"":135.5,""k_stuff_plus"":100.71,""k_location_plus"":103.6,""whiff_rate"":0.5,""csw_rate"":0.5}]","","0","kbo-pitcher-abilities-v1-official-tracking-regressed","https://www.koreabaseball.com/Record/Player/PitcherDetail/Total.aspx?playerId=50441","https://www.kbostuff.app/stuff/50441?season=2025"
"2025","53375","KBO-53375","삼성 라이온즈","후라도","KBO","786","197.3","high","Four-seam/Changeup/Sinker/Curve/Cutter/Slider","11","11","16","12","20","16","8","20","19","11","10","10","11","10","11","","","","145.2","100.0","110.9","0.100","0.284","0.181","0.046","0.022","3.73","[{""code"":""FF"",""name"":""Four-seam"",""n"":921,""usage_pct"":31.6,""speed"":146.8,""k_stuff_plus"":99.95,""k_location_plus"":110.8,""whiff_rate"":0.0717,""csw_rate"":0.2541},{""code"":""CH"",""name"":""Changeup"",""n"":650,""usage_pct"":22.3,""speed"":135.6,""k_stuff_plus"":100.95,""k_location_plus"":112.1,""whiff_rate"":0.1677,""csw_rate"":0.2831},{""code"":""SI"",""name"":""Sinker"",""n"":524,""usage_pct"":18,""speed"":146.0,""k_stuff_plus"":95.99,""k_location_plus"":106.9,""whiff_rate"":0.042,""csw_rate"":0.2863},{""code"":""CU"",""name"":""Curve"",""n"":312,""usage_pct"":10.7,""speed"":129.4,""k_stuff_plus"":101.37,""k_location_plus"":110.7,""whiff_rate"":0.1058,""csw_rate"":0.3397},{""code"":""FC"",""name"":""Cutter"",""n"":311,""usage_pct"":10.7,""speed"":139.0,""k_stuff_plus"":99.44,""k_location_plus"":96.6,""whiff_rate"":0.1061,""csw_rate"":0.3023},{""code"":""SL"",""name"":""Slider"",""n"":196,""usage_pct"":6.7,""speed"":136.0,""k_stuff_plus"":99.87,""k_location_plus"":109.3,""whiff_rate"":0.148,""csw_rate"":0.3112}]","","0","kbo-pitcher-abilities-v1-official-tracking-regressed","https://www.koreabaseball.com/Record/Player/PitcherDetail/Total.aspx?playerId=53375","https://www.kbostuff.app/stuff/53375?season=2025"
"2025","53164","KBO-53164","키움 히어로즈","김동규","KBO","49","8.0","low","Four-seam/Slider/Curve","14","10","5","6","9","6","14","2","5","10","","","","10","","","","","149.7","109.0","89.7","0.138","0.286","0.204","0.224","0.041","8.31","[{""code"":""FF"",""name"":""Four-seam"",""n"":124,""usage_pct"":61.1,""speed"":149.7,""k_stuff_plus"":102.29,""k_location_plus"":93.0,""whiff_rate"":0.0565,""csw_rate"":0.2177},{""code"":""SL"",""name"":""Slider"",""n"":76,""usage_pct"":37.4,""speed"":137.7,""k_stuff_plus"":111.85,""k_location_plus"":90.1,""whiff_rate"":0.2763,""csw_rate"":0.4079},{""code"":""CU"",""name"":""Curve"",""n"":3,""usage_pct"":1.5,""speed"":128.3,""k_stuff_plus"":null,""k_location_plus"":97.0,""whiff_rate"":0.0,""csw_rate"":0.0}]","","0","kbo-pitcher-abilities-v1-official-tracking-regressed","https://www.koreabaseball.com/Record/Player/PitcherDetail/Total.aspx?playerId=53164","https://www.kbostuff.app/stuff/53164?season=2025"
"2025","55359","KBO-55359","키움 히어로즈","김서준","KBO","34","5.3","low","Four-seam/Slider/Curve/Splitter","11","7","8","4","10","6","8","8","2","10","","","","10","10","","","","145.2","100.5","95.3","0.068","0.179","0.118","0.147","0.059","9.63","[{""code"":""FF"",""name"":""Four-seam"",""n"":89,""usage_pct"":76.1,""speed"":145.2,""k_stuff_plus"":101.11,""k_location_plus"":98.0,""whiff_rate"":0.0674,""csw_rate"":0.191},{""code"":""SL"",""name"":""Slider"",""n"":16,""usage_pct"":13.7,""speed"":132.8,""k_stuff_plus"":100.18,""k_location_plus"":96.4,""whiff_rate"":0.125,""csw_rate"":0.25},{""code"":""CU"",""name"":""Curve"",""n"":11,""usage_pct"":9.4,""speed"":120.5,""k_stuff_plus"":96.69,""k_location_plus"":95.9,""whiff_rate"":0.0,""csw_rate"":0.0},{""code"":""FS"",""name"":""Splitter"",""n"":1,""usage_pct"":0.9,""speed"":133.0,""k_stuff_plus"":null,""k_location_plus"":96.6,""whiff_rate"":0.0,""csw_rate"":0.0}]","","0","kbo-pitcher-abilities-v1-official-tracking-regressed","https://www.koreabaseball.com/Record/Player/PitcherDetail/Total.aspx?playerId=55359","https://www.kbostuff.app/stuff/55359?season=2025"
"2025","66018","KBO-66018","키움 히어로즈","김선기","KBO","381","78.0","high","Four-seam/Slider/Curve/Splitter/Sweeper/Changeup","10","7","6","10","11","3","1","5","5","9","","","","9","10","10","","","142.5","96.1","93.0","0.069","0.227","0.113","0.123","0.016","5.57","[{""code"":""FF"",""name"":""Four-seam"",""n"":718,""usage_pct"":51.8,""speed"":142.5,""k_stuff_plus"":93.93,""k_location_plus"":98.8,""whiff_rate"":0.0237,""csw_rate"":0.2061},{""code"":""SL"",""name"":""Slider"",""n"":477,""usage_pct"":34.4,""speed"":130.6,""k_stuff_plus"":99.61,""k_location_plus"":93.0,""whiff_rate"":0.1258,""csw_rate"":0.2704},{""code"":""CU"",""name"":""Curve"",""n"":118,""usage_pct"":8.5,""speed"":120.3,""k_stuff_plus"":99.8,""k_location_plus"":91.3,""whiff_rate"":0.0932,""csw_rate"":0.2288},{""code"":""FS"",""name"":""Splitter"",""n"":66,""usage_pct"":4.8,""speed"":128.7,""k_stuff_plus"":106.98,""k_location_plus"":81.1,""whiff_rate"":0.1061,""csw_rate"":0.1515},{""code"":""ST"",""name"":""Sweeper"",""n"":4,""usage_pct"":0.3,""speed"":120.2,""k_stuff_plus"":97.27,""k_location_plus"":101.7,""whiff_rate"":0.25,""csw_rate"":0.25},{""code"":""CH"",""name"":""Changeup"",""n"":4,""usage_pct"":0.3,""speed"":132.0,""k_stuff_plus"":null,""k_location_plus"":98.0,""whiff_rate"":0.0,""csw_rate"":0.0}]","","0","kbo-pitcher-abilities-v1-official-tracking-regressed","https://www.koreabaseball.com/Record/Player/PitcherDetail/Total.aspx?playerId=66018","https://www.kbostuff.app/stuff/66018?season=2025"
"2025","67828","KBO-67828","키움 히어로즈","김성민","KBO","113","25.0","medium","Sinker/Curve/Changeup/Slider/Four-seam","6","11","10","14","9","9","7","9","11","","10","","10","","10","","","","135.8","96.3","93.8","0.078","0.300","0.159","0.115","0.009","4.68","[{""code"":""SI"",""name"":""Sinker"",""n"":214,""usage_pct"":53.9,""speed"":135.8,""k_stuff_plus"":98.66,""k_location_plus"":95.7,""whiff_rate"":0.0421,""csw_rate"":0.2944},{""code"":""CU"",""name"":""Curve"",""n"":111,""usage_pct"":28,""speed"":121.0,""k_stuff_plus"":102.02,""k_location_plus"":93.7,""whiff_rate"":0.1171,""csw_rate"":0.3333},{""code"":""CH"",""name"":""Changeup"",""n"":66,""usage_pct"":16.6,""speed"":119.6,""k_stuff_plus"":97.79,""k_location_plus"":94.8,""whiff_rate"":0.1212,""csw_rate"":0.2576},{""code"":""SL"",""name"":""Slider"",""n"":3,""usage_pct"":0.8,""speed"":123.7,""k_stuff_plus"":95.4,""k_location_plus"":102.2,""whiff_rate"":0.3333,""csw_rate"":0.6667},{""code"":""FF"",""name"":""Four-seam"",""n"":3,""usage_pct"":0.8,""speed"":134.0,""k_stuff_plus"":null,""k_location_plus"":96.3,""whiff_rate"":0.0,""csw_rate"":0.0}]","","0","kbo-pitcher-abilities-v1-official-tracking-regressed","https://www.koreabaseball.com/Record/Player/PitcherDetail/Total.aspx?playerId=67828","https://www.kbostuff.app/stuff/67828?season=2025"
"2025","54368","KBO-54368","키움 히어로즈","김연주","KBO","250","51.7","medium","Four-seam/Slider/Changeup/Curve/Sinker/Splitter","9","6","8","3","13","5","2","11","3","10","","","10","10","10","","","","141.1","97.4","94.9","0.053","0.238","0.112","0.100","0.040","6.67","[{""code"":""FF"",""name"":""Four-seam"",""n"":499,""usage_pct"":53.7,""speed"":141.1,""k_stuff_plus"":97.5,""k_location_plus"":97.2,""whiff_rate"":0.0461,""csw_rate"":0.2305},{""code"":""SL"",""name"":""Slider"",""n"":235,""usage_pct"":25.3,""speed"":126.3,""k_stuff_plus"":100.12,""k_location_plus"":94.5,""whiff_rate"":0.0766,""csw_rate"":0.2723},{""code"":""CH"",""name"":""Changeup"",""n"":96,""usage_pct"":10.3,""speed"":127.5,""k_stuff_plus"":99.26,""k_location_plus"":94.3,""whiff_rate"":0.0729,""csw_rate"":0.2083},{""code"":""CU"",""name"":""Curve"",""n"":94,""usage_pct"":10.1,""speed"":119.1,""k_stuff_plus"":96.37,""k_location_plus"":95.2,""whiff_rate"":0.0106,""csw_rate"":0.2234},{""code"":""SI"",""name"":""Sinker"",""n"":5,""usage_pct"":0.5,""speed"":140.2,""k_stuff_plus"":97.47,""k_location_plus"":97.0,""whiff_rate"":0.0,""csw_rate"":0.2},{""code"":""FS"",""name"":""Splitter"",""n"":1,""usage_pct"":0.1,""speed"":128.0,""k_stuff_plus"":null,""k_location_plus"":96.6,""whiff_rate"":0.0,""csw_rate"":0.0}]","","0","kbo-pitcher-abilities-v1-official-tracking-regressed","https://www.koreabaseball.com/Record/Player/PitcherDetail/Total.aspx?playerId=54368","https://www.kbostuff.app/stuff/54368?season=2025"
"2025","54319","KBO-54319","키움 히어로즈","김윤하","KBO","422","88.0","high","Four-seam/Curve/Splitter/Slider/Sinker/Cutter","11","6","8","2","18","4","1","9","3","10","10","","","10","10","10","","","144.0","100.5","99.2","0.084","0.236","0.123","0.104","0.038","6.22","[{""code"":""FF"",""name"":""Four-seam"",""n"":833,""usage_pct"":50.7,""speed"":144.1,""k_stuff_plus"":102.36,""k_location_plus"":99.3,""whiff_rate"":0.0624,""csw_rate"":0.2101},{""code"":""CU"",""name"":""Curve"",""n"":352,""usage_pct"":21.4,""speed"":121.6,""k_stuff_plus"":98.41,""k_location_plus"":101.8,""whiff_rate"":0.0881,""csw_rate"":0.2784},{""code"":""FS"",""name"":""Splitter"",""n"":193,""usage_pct"":11.8,""speed"":131.5,""k_stuff_plus"":101.33,""k_location_plus"":96.6,""whiff_rate"":0.1658,""csw_rate"":0.2383},{""code"":""SL"",""name"":""Slider"",""n"":141,""usage_pct"":8.6,""speed"":133.7,""k_stuff_plus"":99.86,""k_location_plus"":99.7,""whiff_rate"":0.1206,""csw_rate"":0.2553},{""code"":""SI"",""name"":""Sinker"",""n"":119,""usage_pct"":7.2,""speed"":143.2,""k_stuff_plus"":96.3,""k_location_plus"":97.1,""whiff_rate"":0.0504,""csw_rate"":0.2521},{""code"":""FC"",""name"":""Cutter"",""n"":4,""usage_pct"":0.2,""speed"":137.2,""k_stuff_plus"":null,""k_location_plus"":101.0,""whiff_rate"":0.0,""csw_rate"":0.5}]","","0","kbo-pitcher-abilities-v1-official-tracking-regressed","https://www.koreabaseball.com/Record/Player/PitcherDetail/Total.aspx?playerId=54319","https://www.kbostuff.app/stuff/54319?season=2025"
"2025","69367","KBO-69367","키움 히어로즈","김인범","NONE","0","0.0","none","","8","8","8","8","8","8","8","8","8","","","","","","","","","","","","","","","","","","","[]","","0","kbo-pitcher-abilities-v1-official-tracking-regressed","",""
"2025","55342","KBO-55342","키움 히어로즈","메르세데스","KBO","197","46.3","medium","Four-seam/Curve/Slider/Changeup/Sinker","9","12","15","11","19","17","15","19","14","10","10","","10","10","10","","","","141.7","100.3","106.9","0.097","0.313","0.208","0.046","0.025","3.66","[{""code"":""FF"",""name"":""Four-seam"",""n"":487,""usage_pct"":64.4,""speed"":141.8,""k_stuff_plus"":99.74,""k_location_plus"":107.4,""whiff_rate"":0.0842,""csw_rate"":0.3142},{""code"":""CU"",""name"":""Curve"",""n"":122,""usage_pct"":16.1,""speed"":120.8,""k_stuff_plus"":100.43,""k_location_plus"":105.4,""whiff_rate"":0.1557,""csw_rate"":0.377},{""code"":""SL"",""name"":""Slider"",""n"":100,""usage_pct"":13.2,""speed"":130.0,""k_stuff_plus"":104.62,""k_location_plus"":99.9,""whiff_rate"":0.1,""csw_rate"":0.3},{""code"":""CH"",""name"":""Changeup"",""n"":33,""usage_pct"":4.4,""speed"":134.3,""k_stuff_plus"":98.5,""k_location_plus"":99.9,""whiff_rate"":0.0303,""csw_rate"":0.1515},{""code"":""SI"",""name"":""Sinker"",""n"":14,""usage_pct"":1.9,""speed"":137.2,""k_stuff_plus"":98.31,""k_location_plus"":100.1,""whiff_rate"":0.1429,""csw_rate"":0.2143}]","","0","kbo-pitcher-abilities-v1-official-tracking-regressed","https://www.koreabaseball.com/Record/Player/PitcherDetail/Total.aspx?playerId=55342","https://www.kbostuff.app/stuff/55342?season=2025"
"2025","53301","KBO-53301","키움 히어로즈","박윤성","KBO","226","51.7","medium","Four-seam/Curve/Slider/Changeup/Cutter/Splitter","9","8","12","7","10","11","9","15","11","9","","","10","10","10","","","","141.5","95.4","100.5","0.064","0.239","0.177","0.084","0.040","5.32","[{""code"":""FF"",""name"":""Four-seam"",""n"":547,""usage_pct"":60.4,""speed"":141.6,""k_stuff_plus"":96.06,""k_location_plus"":97.7,""whiff_rate"":0.0439,""csw_rate"":0.1938},{""code"":""CU"",""name"":""Curve"",""n"":207,""usage_pct"":22.9,""speed"":124.8,""k_stuff_plus"":98.67,""k_location_plus"":99.8,""whiff_rate"":0.0435,""csw_rate"":0.2947},{""code"":""SL"",""name"":""Slider"",""n"":113,""usage_pct"":12.5,""speed"":134.0,""k_stuff_plus"":95.73,""k_location_plus"":103.8,""whiff_rate"":0.177,""csw_rate"":0.3805},{""code"":""CH"",""name"":""Changeup"",""n"":29,""usage_pct"":3.2,""speed"":133.4,""k_stuff_plus"":95.6,""k_location_plus"":106.2,""whiff_rate"":0.1379,""csw_rate"":0.1724},{""code"":""FC"",""name"":""Cutter"",""n"":8,""usage_pct"":0.9,""speed"":135.2,""k_stuff_plus"":98.38,""k_location_plus"":100.5,""whiff_rate"":0.125,""csw_rate"":0.125},{""code"":""FS"",""name"":""Splitter"",""n"":1,""usage_pct"":0.1,""speed"":134.0,""k_stuff_plus"":null,""k_location_plus"":96.6,""whiff_rate"":0.0,""csw_rate"":0.0}]","","0","kbo-pitcher-abilities-v1-official-tracking-regressed","https://www.koreabaseball.com/Record/Player/PitcherDetail/Total.aspx?playerId=53301","https://www.kbostuff.app/stuff/53301?season=2025"
"2025","55394","KBO-55394","키움 히어로즈","박정훈","KBO","116","23.0","medium","Four-seam/Slider/Changeup/Sinker","12","8","6","11","10","3","1","2","4","10","10","","10","10","","","","","146.4","101.2","91.1","0.069","0.222","0.060","0.172","0.009","6.53","[{""code"":""FF"",""name"":""Four-seam"",""n"":244,""usage_pct"":54.2,""speed"":147.1,""k_stuff_plus"":99.78,""k_location_plus"":93.0,""whiff_rate"":0.0328,""csw_rate"":0.1967},{""code"":""SL"",""name"":""Slider"",""n"":140,""usage_pct"":31.1,""speed"":133.5,""k_stuff_plus"":103.53,""k_location_plus"":95.9,""whiff_rate"":0.1357,""csw_rate"":0.2786},{""code"":""CH"",""name"":""Changeup"",""n"":38,""usage_pct"":8.4,""speed"":131.2,""k_stuff_plus"":101.96,""k_location_plus"":91.6,""whiff_rate"":0.0526,""csw_rate"":0.1579},{""code"":""SI"",""name"":""Sinker"",""n"":28,""usage_pct"":6.2,""speed"":140.6,""k_stuff_plus"":98.88,""k_location_plus"":98.0,""whiff_rate"":0.0714,""csw_rate"":0.25}]","","0","kbo-pitcher-abilities-v1-official-tracking-regressed","https://www.koreabaseball.com/Record/Player/PitcherDetail/Total.aspx?playerId=55394","https://www.kbostuff.app/stuff/55394?season=2025"
"2025","69328","KBO-69328","키움 히어로즈","박주성","KBO","235","52.0","medium","Sinker/Slider/Splitter/Curve/Four-seam","10","6","13","5","13","8","2","18","6","10","10","","","10","10","10","","","142.4","94.5","106.0","0.062","0.251","0.111","0.068","0.038","5.79","[{""code"":""SI"",""name"":""Sinker"",""n"":390,""usage_pct"":45.1,""speed"":142.2,""k_stuff_plus"":96.1,""k_location_plus"":110.0,""whiff_rate"":0.0436,""csw_rate"":0.2718},{""code"":""SL"",""name"":""Slider"",""n"":190,""usage_pct"":22,""speed"":131.7,""k_stuff_plus"":99.86,""k_location_plus"":104.5,""whiff_rate"":0.0789,""csw_rate"":0.2421},{""code"":""FS"",""name"":""Splitter"",""n"":187,""usage_pct"":21.6,""speed"":126.9,""k_stuff_plus"":98.49,""k_location_plus"":101.3,""whiff_rate"":0.1016,""csw_rate"":0.2513},{""code"":""CU"",""name"":""Curve"",""n"":49,""usage_pct"":5.7,""speed"":116.6,""k_stuff_plus"":100.21,""k_location_plus"":94.0,""whiff_rate"":0.0408,""csw_rate"":0.3265},{""code"":""FF"",""name"":""Four-seam"",""n"":49,""usage_pct"":5.7,""speed"":143.7,""k_stuff_plus"":94.19,""k_location_plus"":100.1,""whiff_rate"":0.0204,""csw_rate"":0.0408}]","","0","kbo-pitcher-abilities-v1-official-tracking-regressed","https://www.koreabaseball.com/Record/Player/PitcherDetail/Total.aspx?playerId=69328","https://www.kbostuff.app/stuff/69328?season=2025"
"2025","54363","KBO-54363","키움 히어로즈","손현기","KBO","18","3.0","low","Four-seam/Slider","11","8","7","6","10","5","7","4","4","10","","","","10","","","","","144.7","103.0","92.3","0.051","0.244","0.056","0.333","0.056","14.11","[{""code"":""FF"",""name"":""Four-seam"",""n"":42,""usage_pct"":53.8,""speed"":144.7,""k_stuff_plus"":111.42,""k_location_plus"":93.8,""whiff_rate"":0.0,""csw_rate"":0.1905},{""code"":""SL"",""name"":""Slider"",""n"":36,""usage_pct"":46.2,""speed"":138.9,""k_stuff_plus"":95.35,""k_location_plus"":97.2,""whiff_rate"":0.1111,""csw_rate"":0.3056}]","","0","kbo-pitcher-abilities-v1-official-tracking-regressed","https://www.koreabaseball.com/Record/Player/PitcherDetail/Total.aspx?playerId=54363","https://www.kbostuff.app/stuff/54363?season=2025"
"2025","55300","KBO-55300","키움 히어로즈","손힘찬","KBO","22","4.0","low","Four-seam/Slider/Splitter","8","12","9","13","9","10","13","8","8","10","","","","10","","10","","","139.1","95.0","95.0","0.036","0.190","0.182","0.182","0.000","5.19","[{""code"":""FF"",""name"":""Four-seam"",""n"":51,""usage_pct"":60.7,""speed"":139.1,""k_stuff_plus"":96.46,""k_location_plus"":94.3,""whiff_rate"":0.0,""csw_rate"":0.2157},{""code"":""SL"",""name"":""Slider"",""n"":21,""usage_pct"":25,""speed"":125.4,""k_stuff_plus"":97.84,""k_location_plus"":100.3,""whiff_rate"":0.1429,""csw_rate"":0.1905},{""code"":""FS"",""name"":""Splitter"",""n"":12,""usage_pct"":14.3,""speed"":124.0,""k_stuff_plus"":94.33,""k_location_plus"":101.0,""whiff_rate"":0.0,""csw_rate"":0.0833}]","","0","kbo-pitcher-abilities-v1-official-tracking-regressed","https://www.koreabaseball.com/Record/Player/PitcherDetail/Total.aspx?playerId=55300","https://www.kbostuff.app/stuff/55300?season=2025"
"2025","68341","KBO-68341","키움 히어로즈","안우진","NONE","0","0.0","none","","8","8","8","8","8","8","8","8","8","","","","","","","","","","","","","","","","","","","[]","","0","kbo-pitcher-abilities-v1-official-tracking-regressed","",""
"2025","69045","KBO-69045","키움 히어로즈","알칸타라","KBO","492","121.0","high","Four-seam/Splitter/Slider","14","12","16","12","20","17","11","20","18","11","","","","11","","11","","","150.6","103.9","111.8","0.097","0.283","0.187","0.020","0.022","3.45","[{""code"":""FF"",""name"":""Four-seam"",""n"":993,""usage_pct"":55.6,""speed"":150.6,""k_stuff_plus"":103.48,""k_location_plus"":111.8,""whiff_rate"":0.0765,""csw_rate"":0.2628},{""code"":""FS"",""name"":""Splitter"",""n"":490,""usage_pct"":27.4,""speed"":134.4,""k_stuff_plus"":102.82,""k_location_plus"":114.3,""whiff_rate"":0.149,""csw_rate"":0.2612},{""code"":""SL"",""name"":""Slider"",""n"":303,""usage_pct"":17,""speed"":135.1,""k_stuff_plus"":101.59,""k_location_plus"":108.2,""whiff_rate"":0.0792,""csw_rate"":0.3828}]","","0","kbo-pitcher-abilities-v1-official-tracking-regressed","https://www.koreabaseball.com/Record/Player/PitcherDetail/Total.aspx?playerId=69045","https://www.kbostuff.app/stuff/69045?season=2025"
"2025","67365","KBO-67365","키움 히어로즈","양지율","KBO","69","14.0","low","Four-seam/Slider/Sinker/Splitter/Changeup","9","8","9","6","8","8","7","12","6","9","10","","","10","","","","","141.4","94.0","99.5","0.086","0.261","0.145","0.101","0.043","6.94","[{""code"":""FF"",""name"":""Four-seam"",""n"":135,""usage_pct"":50.4,""speed"":141.8,""k_stuff_plus"":93.56,""k_location_plus"":100.5,""whiff_rate"":0.0222,""csw_rate"":0.2222},{""code"":""SL"",""name"":""Slider"",""n"":92,""usage_pct"":34.3,""speed"":130.0,""k_stuff_plus"":98.44,""k_location_plus"":99.9,""whiff_rate"":0.163,""csw_rate"":0.3587},{""code"":""SI"",""name"":""Sinker"",""n"":36,""usage_pct"":13.4,""speed"":140.2,""k_stuff_plus"":94.76,""k_location_plus"":96.8,""whiff_rate"":0.1111,""csw_rate"":0.1667},{""code"":""FS"",""name"":""Splitter"",""n"":3,""usage_pct"":1.1,""speed"":136.3,""k_stuff_plus"":100.78,""k_location_plus"":101.6,""whiff_rate"":0.3333,""csw_rate"":0.3333},{""code"":""CH"",""name"":""Changeup"",""n"":2,""usage_pct"":0.7,""speed"":131.0,""k_stuff_plus"":null,""k_location_plus"":98.2,""whiff_rate"":0.0,""csw_rate"":0.0}]","","0","kbo-pitcher-abilities-v1-official-tracking-regressed","https://www.koreabaseball.com/Record/Player/PitcherDetail/Total.aspx?playerId=67365","https://www.kbostuff.app/stuff/67365?season=2025"
"2025","67116","KBO-67116","키움 히어로즈","오석주","KBO","252","58.3","medium","Four-seam/Curve/Splitter/Changeup/Slider/Cutter","8","10","9","14","10","9","8","7","14","10","","","10","10","10","10","","","139.6","95.0","100.6","0.073","0.269","0.175","0.115","0.016","4.67","[{""code"":""FF"",""name"":""Four-seam"",""n"":476,""usage_pct"":46.8,""speed"":139.6,""k_stuff_plus"":96.78,""k_location_plus"":101.1,""whiff_rate"":0.0693,""csw_rate"":0.2668},{""code"":""CU"",""name"":""Curve"",""n"":400,""usage_pct"":39.3,""speed"":110.6,""k_stuff_plus"":96.33,""k_location_plus"":105.6,""whiff_rate"":0.0675,""csw_rate"":0.2975},{""code"":""FS"",""name"":""Splitter"",""n"":62,""usage_pct"":6.1,""speed"":124.7,""k_stuff_plus"":96.72,""k_location_plus"":101.7,""whiff_rate"":0.1452,""csw_rate"":0.2258},{""code"":""CH"",""name"":""Changeup"",""n"":43,""usage_pct"":4.2,""speed"":130.7,""k_stuff_plus"":94.29,""k_location_plus"":93.3,""whiff_rate"":0.0,""csw_rate"":0.1395},{""code"":""SL"",""name"":""Slider"",""n"":34,""usage_pct"":3.3,""speed"":130.3,""k_stuff_plus"":96.5,""k_location_plus"":98.8,""whiff_rate"":0.1471,""csw_rate"":0.2353},{""code"":""FC"",""name"":""Cutter"",""n"":2,""usage_pct"":0.2,""speed"":131.0,""k_stuff_plus"":null,""k_location_plus"":96.2,""whiff_rate"":0.0,""csw_rate"":0.0}]","","0","kbo-pitcher-abilities-v1-official-tracking-regressed","https://www.koreabaseball.com/Record/Player/PitcherDetail/Total.aspx?playerId=67116","https://www.kbostuff.app/stuff/67116?season=2025"
"2025","76118","KBO-76118","키움 히어로즈","원종현","KBO","248","54.3","medium","Four-seam/Slider/Sinker/Splitter","12","9","12","9","10","11","6","17","8","10","10","","","10","","10","","","145.9","99.6","102.2","0.078","0.256","0.161","0.073","0.020","4.32","[{""code"":""FF"",""name"":""Four-seam"",""n"":402,""usage_pct"":43.2,""speed"":145.6,""k_stuff_plus"":98.31,""k_location_plus"":107.1,""whiff_rate"":0.0473,""csw_rate"":0.2463},{""code"":""SL"",""name"":""Slider"",""n"":308,""usage_pct"":33.1,""speed"":135.0,""k_stuff_plus"":101.07,""k_location_plus"":94.3,""whiff_rate"":0.1039,""csw_rate"":0.276},{""code"":""SI"",""name"":""Sinker"",""n"":149,""usage_pct"":16,""speed"":146.7,""k_stuff_plus"":102.41,""k_location_plus"":99.8,""whiff_rate"":0.0537,""csw_rate"":0.2282},{""code"":""FS"",""name"":""Splitter"",""n"":71,""usage_pct"":7.6,""speed"":137.6,""k_stuff_plus"":104.53,""k_location_plus"":98.4,""whiff_rate"":0.1972,""csw_rate"":0.2817}]","","0","kbo-pitcher-abilities-v1-official-tracking-regressed","https://www.koreabaseball.com/Record/Player/PitcherDetail/Total.aspx?playerId=76118","https://www.kbostuff.app/stuff/76118?season=2025"
"2025","52395","KBO-52395","키움 히어로즈","윤석원","KBO","160","37.3","medium","Four-seam/Slider/Curve/Changeup","10","11","13","12","10","13","8","16","11","10","","","10","10","10","","","","143.0","98.3","103.5","0.074","0.249","0.169","0.075","0.019","4.16","[{""code"":""FF"",""name"":""Four-seam"",""n"":352,""usage_pct"":57.6,""speed"":143.0,""k_stuff_plus"":99.26,""k_location_plus"":102.5,""whiff_rate"":0.0597,""csw_rate"":0.2358},{""code"":""SL"",""name"":""Slider"",""n"":179,""usage_pct"":29.3,""speed"":128.6,""k_stuff_plus"":98.52,""k_location_plus"":105.0,""whiff_rate"":0.1061,""csw_rate"":0.257},{""code"":""CU"",""name"":""Curve"",""n"":50,""usage_pct"":8.2,""speed"":118.4,""k_stuff_plus"":98.13,""k_location_plus"":101.0,""whiff_rate"":0.06,""csw_rate"":0.34},{""code"":""CH"",""name"":""Changeup"",""n"":30,""usage_pct"":4.9,""speed"":130.7,""k_stuff_plus"":97.29,""k_location_plus"":95.8,""whiff_rate"":0.0667,""csw_rate"":0.2}]","","0","kbo-pitcher-abilities-v1-official-tracking-regressed","https://www.koreabaseball.com/Record/Player/PitcherDetail/Total.aspx?playerId=52395","https://www.kbostuff.app/stuff/52395?season=2025"
"2025","55396","KBO-55396","키움 히어로즈","윤현","KBO","125","22.0","medium","Four-seam/Curve/Slider/Splitter","11","8","5","9","9","2","3","2","2","10","","","","10","10","","","","145.0","100.5","90.9","0.057","0.215","0.120","0.184","0.016","7.08","[{""code"":""FF"",""name"":""Four-seam"",""n"":358,""usage_pct"":73.4,""speed"":145.0,""k_stuff_plus"":100.87,""k_location_plus"":92.5,""whiff_rate"":0.0503,""csw_rate"":0.2179},{""code"":""CU"",""name"":""Curve"",""n"":78,""usage_pct"":16,""speed"":122.7,""k_stuff_plus"":102.15,""k_location_plus"":84.9,""whiff_rate"":0.0513,""csw_rate"":0.1923},{""code"":""SL"",""name"":""Slider"",""n"":51,""usage_pct"":10.5,""speed"":133.7,""k_stuff_plus"":97.59,""k_location_plus"":97.4,""whiff_rate"":0.1176,""csw_rate"":0.2353},{""code"":""FS"",""name"":""Splitter"",""n"":1,""usage_pct"":0.2,""speed"":135.0,""k_stuff_plus"":null,""k_location_plus"":96.6,""whiff_rate"":0.0,""csw_rate"":0.0}]","","0","kbo-pitcher-abilities-v1-official-tracking-regressed","https://www.koreabaseball.com/Record/Player/PitcherDetail/Total.aspx?playerId=55396","https://www.kbostuff.app/stuff/55396?season=2025"
"2025","50036","KBO-50036","키움 히어로즈","이강준","KBO","119","24.7","medium","Sinker/Slider/Four-seam/Splitter/Curve/Changeup","15","12","7","9","9","9","16","5","6","10","11","","","10","","10","","","151.9","106.2","97.3","0.093","0.269","0.218","0.143","0.025","5.22","[{""code"":""SI"",""name"":""Sinker"",""n"":302,""usage_pct"":62.5,""speed"":152.1,""k_stuff_plus"":110.17,""k_location_plus"":97.0,""whiff_rate"":0.0861,""csw_rate"":0.2881},{""code"":""SL"",""name"":""Slider"",""n"":83,""usage_pct"":17.2,""speed"":133.3,""k_stuff_plus"":99.96,""k_location_plus"":94.7,""whiff_rate"":0.0723,""csw_rate"":0.2651},{""code"":""FF"",""name"":""Four-seam"",""n"":71,""usage_pct"":14.7,""speed"":151.5,""k_stuff_plus"":111.49,""k_location_plus"":92.4,""whiff_rate"":0.1549,""csw_rate"":0.2394},{""code"":""FS"",""name"":""Splitter"",""n"":20,""usage_pct"":4.1,""speed"":140.3,""k_stuff_plus"":103.64,""k_location_plus"":93.5,""whiff_rate"":0.1,""csw_rate"":0.2},{""code"":""CU"",""name"":""Curve"",""n"":6,""usage_pct"":1.2,""speed"":131.3,""k_stuff_plus"":101.71,""k_location_plus"":101.6,""whiff_rate"":0.0,""csw_rate"":0.0},{""code"":""CH"",""name"":""Changeup"",""n"":1,""usage_pct"":0.2,""speed"":137.0,""k_stuff_plus"":100.91,""k_location_plus"":102.9,""whiff_rate"":0.0,""csw_rate"":0.0}]","","0","kbo-pitcher-abilities-v1-official-tracking-regressed","https://www.koreabaseball.com/Record/Player/PitcherDetail/Total.aspx?playerId=50036","https://www.kbostuff.app/stuff/50036?season=2025"
"2025","55301","KBO-55301","키움 히어로즈","이준우","KBO","118","23.0","medium","Four-seam/Slider/Curve/Changeup","10","8","8","4","8","8","12","11","2","10","","","","10","9","","","","142.8","96.6","98.8","0.077","0.261","0.186","0.102","0.051","6.61","[{""code"":""FF"",""name"":""Four-seam"",""n"":221,""usage_pct"":48.9,""speed"":142.8,""k_stuff_plus"":98.08,""k_location_plus"":98.6,""whiff_rate"":0.0679,""csw_rate"":0.2489},{""code"":""SL"",""name"":""Slider"",""n"":129,""usage_pct"":28.5,""speed"":133.1,""k_stuff_plus"":96.47,""k_location_plus"":106.6,""whiff_rate"":0.1008,""csw_rate"":0.3333},{""code"":""CU"",""name"":""Curve"",""n"":101,""usage_pct"":22.3,""speed"":119.1,""k_stuff_plus"":98.11,""k_location_plus"":91.0,""whiff_rate"":0.0693,""csw_rate"":0.198},{""code"":""CH"",""name"":""Changeup"",""n"":1,""usage_pct"":0.2,""speed"":130.0,""k_stuff_plus"":null,""k_location_plus"":99.0,""whiff_rate"":0.0,""csw_rate"":0.0}]","","0","kbo-pitcher-abilities-v1-official-tracking-regressed","https://www.koreabaseball.com/Record/Player/PitcherDetail/Total.aspx?playerId=55301","https://www.kbostuff.app/stuff/55301?season=2025"
"2025","55382","KBO-55382","키움 히어로즈","임진묵","KBO","28","3.7","low","Four-seam/Changeup/Slider/Curve","9","10","7","11","9","6","8","7","3","9","","","10","10","","","","","141.2","97.2","93.0","0.056","0.194","0.107","0.179","0.000","6.71","[{""code"":""FF"",""name"":""Four-seam"",""n"":74,""usage_pct"":68.5,""speed"":141.2,""k_stuff_plus"":95.37,""k_location_plus"":88.7,""whiff_rate"":0.027,""csw_rate"":0.1486},{""code"":""CH"",""name"":""Changeup"",""n"":14,""usage_pct"":13,""speed"":123.1,""k_stuff_plus"":98.2,""k_location_plus"":102.5,""whiff_rate"":0.0714,""csw_rate"":0.1429},{""code"":""SL"",""name"":""Slider"",""n"":11,""usage_pct"":10.2,""speed"":127.5,""k_stuff_plus"":107.89,""k_location_plus"":104.0,""whiff_rate"":0.2727,""csw_rate"":0.4545},{""code"":""CU"",""name"":""Curve"",""n"":9,""usage_pct"":8.3,""speed"":114.1,""k_stuff_plus"":91.42,""k_location_plus"":102.5,""whiff_rate"":0.0,""csw_rate"":0.3333}]","","0","kbo-pitcher-abilities-v1-official-tracking-regressed","https://www.koreabaseball.com/Record/Player/PitcherDetail/Total.aspx?playerId=55382","https://www.kbostuff.app/stuff/55382?season=2025"
"2025","54362","KBO-54362","키움 히어로즈","전준표","KBO","114","20.3","medium","Four-seam/Sinker/Curve/Sweeper/Slider/Splitter/SV","13","8","6","8","9","3","4","3","2","10","10","","","10","10","","10","","148.3","99.8","98.3","0.063","0.213","0.132","0.167","0.018","6.49","[{""code"":""FF"",""name"":""Four-seam"",""n"":161,""usage_pct"":40.9,""speed"":148.2,""k_stuff_plus"":101.23,""k_location_plus"":103.0,""whiff_rate"":0.0497,""csw_rate"":0.1925},{""code"":""SI"",""name"":""Sinker"",""n"":137,""usage_pct"":34.8,""speed"":148.3,""k_stuff_plus"":101.35,""k_location_plus"":92.7,""whiff_rate"":0.0438,""csw_rate"":0.2336},{""code"":""CU"",""name"":""Curve"",""n"":62,""usage_pct"":15.7,""speed"":123.8,""k_stuff_plus"":102.94,""k_location_plus"":94.4,""whiff_rate"":0.129,""csw_rate"":0.2258},{""code"":""ST"",""name"":""Sweeper"",""n"":12,""usage_pct"":3,""speed"":125.6,""k_stuff_plus"":94.16,""k_location_plus"":103.1,""whiff_rate"":0.0,""csw_rate"":0.25},{""code"":""SL"",""name"":""Slider"",""n"":10,""usage_pct"":2.5,""speed"":133.1,""k_stuff_plus"":97.8,""k_location_plus"":96.7,""whiff_rate"":0.2,""csw_rate"":0.2},{""code"":""FS"",""name"":""Splitter"",""n"":9,""usage_pct"":2.3,""speed"":133.1,""k_stuff_plus"":111.72,""k_location_plus"":92.7,""whiff_rate"":0.1111,""csw_rate"":0.1111},{""code"":""SV"",""name"":""SV"",""n"":3,""usage_pct"":0.8,""speed"":126.0,""k_stuff_plus"":100.0,""k_location_plus"":100.0,""whiff_rate"":0.0,""csw_rate"":0.3333}]","","0","kbo-pitcher-abilities-v1-official-tracking-regressed","https://www.koreabaseball.com/Record/Player/PitcherDetail/Total.aspx?playerId=54362","https://www.kbostuff.app/stuff/54362?season=2025"
"2025","55377","KBO-55377","키움 히어로즈","정세영","KBO","22","2.7","low","Four-seam/Changeup/Slider/Curve","8","10","8","10","8","7","8","8","3","10","","","10","10","","","","","139.3","98.2","94.8","0.095","0.202","0.091","0.182","0.000","6.44","[{""code"":""FF"",""name"":""Four-seam"",""n"":44,""usage_pct"":52.4,""speed"":139.3,""k_stuff_plus"":97.09,""k_location_plus"":96.0,""whiff_rate"":0.0227,""csw_rate"":0.1818},{""code"":""CH"",""name"":""Changeup"",""n"":22,""usage_pct"":26.2,""speed"":126.7,""k_stuff_plus"":99.11,""k_location_plus"":102.8,""whiff_rate"":0.1364,""csw_rate"":0.1818},{""code"":""SL"",""name"":""Slider"",""n"":16,""usage_pct"":19,""speed"":122.2,""k_stuff_plus"":102.07,""k_location_plus"":95.1,""whiff_rate"":0.25,""csw_rate"":0.25},{""code"":""CU"",""name"":""Curve"",""n"":2,""usage_pct"":2.4,""speed"":117.5,""k_stuff_plus"":null,""k_location_plus"":101.1,""whiff_rate"":0.0,""csw_rate"":0.5}]","","0","kbo-pitcher-abilities-v1-official-tracking-regressed","https://www.koreabaseball.com/Record/Player/PitcherDetail/Total.aspx?playerId=55377","https://www.kbostuff.app/stuff/55377?season=2025"
"2025","55313","KBO-55313","키움 히어로즈","정현우","KBO","384","81.3","high","Four-seam/Slider/Curve/Splitter/Changeup","9","7","7","7","17","4","3","4","5","10","","","10","10","10","10","","","141.2","98.6","97.7","0.068","0.260","0.143","0.125","0.021","5.36","[{""code"":""FF"",""name"":""Four-seam"",""n"":815,""usage_pct"":54.6,""speed"":141.2,""k_stuff_plus"":100.1,""k_location_plus"":97.6,""whiff_rate"":0.0344,""csw_rate"":0.2503},{""code"":""SL"",""name"":""Slider"",""n"":404,""usage_pct"":27.1,""speed"":124.8,""k_stuff_plus"":98.2,""k_location_plus"":99.9,""whiff_rate"":0.1213,""csw_rate"":0.3193},{""code"":""CU"",""name"":""Curve"",""n"":147,""usage_pct"":9.8,""speed"":112.3,""k_stuff_plus"":94.29,""k_location_plus"":103.6,""whiff_rate"":0.0272,""csw_rate"":0.1973},{""code"":""FS"",""name"":""Splitter"",""n"":96,""usage_pct"":6.4,""speed"":121.9,""k_stuff_plus"":100.07,""k_location_plus"":92.2,""whiff_rate"":0.1458,""csw_rate"":0.1979},{""code"":""CH"",""name"":""Changeup"",""n"":31,""usage_pct"":2.1,""speed"":123.7,""k_stuff_plus"":103.27,""k_location_plus"":93.7,""whiff_rate"":0.1935,""csw_rate"":0.2258}]","","0","kbo-pitcher-abilities-v1-official-tracking-regressed","https://www.koreabaseball.com/Record/Player/PitcherDetail/Total.aspx?playerId=55313","https://www.kbostuff.app/stuff/55313?season=2025"
"2025","69360","KBO-69360","키움 히어로즈","조영건","KBO","353","77.7","high","Four-seam/Splitter/Curve/Slider","11","7","8","4","11","5","2","8","6","11","","","","10","10","10","","","144.8","103.1","101.5","0.070","0.240","0.133","0.108","0.034","5.86","[{""code"":""FF"",""name"":""Four-seam"",""n"":790,""usage_pct"":59.7,""speed"":144.8,""k_stuff_plus"":105.27,""k_location_plus"":99.4,""whiff_rate"":0.0519,""csw_rate"":0.2165},{""code"":""FS"",""name"":""Splitter"",""n"":204,""usage_pct"":15.4,""speed"":132.0,""k_stuff_plus"":99.58,""k_location_plus"":100.1,""whiff_rate"":0.1422,""csw_rate"":0.2304},{""code"":""CU"",""name"":""Curve"",""n"":172,""usage_pct"":13,""speed"":123.0,""k_stuff_plus"":95.39,""k_location_plus"":111.7,""whiff_rate"":0.0407,""csw_rate"":0.3256},{""code"":""SL"",""name"":""Slider"",""n"":157,""usage_pct"":11.9,""speed"":135.1,""k_stuff_plus"":99.3,""k_location_plus"":97.9,""whiff_rate"":0.1019,""csw_rate"":0.2739}]","","0","kbo-pitcher-abilities-v1-official-tracking-regressed","https://www.koreabaseball.com/Record/Player/PitcherDetail/Total.aspx?playerId=69360","https://www.kbostuff.app/stuff/69360?season=2025"
"2025","52330","KBO-52330","키움 히어로즈","주승우","KBO","179","44.0","medium","Four-seam/Sinker/Slider/Splitter/Sweeper/Cutter/Curve","13","9","11","9","10","12","13","12","16","10","10","10","","10","","10","10","","148.3","100.7","95.7","0.091","0.236","0.196","0.095","0.039","5.21","[{""code"":""FF"",""name"":""Four-seam"",""n"":238,""usage_pct"":33.4,""speed"":148.9,""k_stuff_plus"":100.92,""k_location_plus"":101.4,""whiff_rate"":0.063,""csw_rate"":0.1933},{""code"":""SI"",""name"":""Sinker"",""n"":189,""usage_pct"":26.5,""speed"":148.2,""k_stuff_plus"":99.27,""k_location_plus"":100.7,""whiff_rate"":0.0529,""csw_rate"":0.2275},{""code"":""SL"",""name"":""Slider"",""n"":142,""usage_pct"":19.9,""speed"":131.4,""k_stuff_plus"":103.06,""k_location_plus"":89.0,""whiff_rate"":0.1197,""csw_rate"":0.3169},{""code"":""FS"",""name"":""Splitter"",""n"":98,""usage_pct"":13.7,""speed"":136.3,""k_stuff_plus"":104.28,""k_location_plus"":91.2,""whiff_rate"":0.1633,""csw_rate"":0.2245},{""code"":""ST"",""name"":""Sweeper"",""n"":22,""usage_pct"":3.1,""speed"":131.1,""k_stuff_plus"":96.31,""k_location_plus"":98.8,""whiff_rate"":0.0909,""csw_rate"":0.2273},{""code"":""FC"",""name"":""Cutter"",""n"":21,""usage_pct"":2.9,""speed"":142.4,""k_stuff_plus"":99.03,""k_location_plus"":91.4,""whiff_rate"":0.2381,""csw_rate"":0.3333},{""code"":""CU"",""name"":""Curve"",""n"":3,""usage_pct"":0.4,""speed"":129.7,""k_stuff_plus"":106.71,""k_location_plus"":102.4,""whiff_rate"":0.0,""csw_rate"":0.0}]","","0","kbo-pitcher-abilities-v1-official-tracking-regressed","https://www.koreabaseball.com/Record/Player/PitcherDetail/Total.aspx?playerId=52330","https://www.kbostuff.app/stuff/52330?season=2025"
"2025","64350","KBO-64350","키움 히어로즈","하영민","KBO","669","153.3","high","Four-seam/Splitter/Slider/Cutter/Curve","9","13","15","14","20","17","14","19","13","10","","10","","10","10","10","","","141.8","99.9","105.1","0.106","0.293","0.200","0.061","0.019","3.77","[{""code"":""FF"",""name"":""Four-seam"",""n"":897,""usage_pct"":36.1,""speed"":144.0,""k_stuff_plus"":98.45,""k_location_plus"":106.6,""whiff_rate"":0.0334,""csw_rate"":0.2397},{""code"":""FS"",""name"":""Splitter"",""n"":614,""usage_pct"":24.7,""speed"":132.6,""k_stuff_plus"":97.08,""k_location_plus"":110.2,""whiff_rate"":0.1515,""csw_rate"":0.3176},{""code"":""SL"",""name"":""Slider"",""n"":379,""usage_pct"":15.2,""speed"":128.9,""k_stuff_plus"":99.76,""k_location_plus"":102.7,""whiff_rate"":0.153,""csw_rate"":0.3087},{""code"":""FC"",""name"":""Cutter"",""n"":327,""usage_pct"":13.1,""speed"":135.8,""k_stuff_plus"":100.21,""k_location_plus"":99.4,""whiff_rate"":0.1927,""csw_rate"":0.3578},{""code"":""CU"",""name"":""Curve"",""n"":271,""usage_pct"":10.9,""speed"":122.3,""k_stuff_plus"":98.09,""k_location_plus"":105.0,""whiff_rate"":0.0738,""csw_rate"":0.31}]","","0","kbo-pitcher-abilities-v1-official-tracking-regressed","https://www.koreabaseball.com/Record/Player/PitcherDetail/Total.aspx?playerId=64350","https://www.kbostuff.app/stuff/64350?season=2025"
"2025","50705","KBO-50705","한화 이글스","강재민","KBO","20","4.0","low","Slider/Four-seam/Splitter/Sinker","10","11","11","9","9","12","15","12","9","10","","","","10","","","","","143.6","98.4","102.2","0.076","0.239","0.250","0.100","0.050","6.44","[{""code"":""SL"",""name"":""Slider"",""n"":46,""usage_pct"":50,""speed"":126.5,""k_stuff_plus"":98.76,""k_location_plus"":103.9,""whiff_rate"":0.087,""csw_rate"":0.2826},{""code"":""FF"",""name"":""Four-seam"",""n"":40,""usage_pct"":43.5,""speed"":143.9,""k_stuff_plus"":98.62,""k_location_plus"":95.3,""whiff_rate"":0.05,""csw_rate"":0.2},{""code"":""FS"",""name"":""Splitter"",""n"":3,""usage_pct"":3.3,""speed"":137.0,""k_stuff_plus"":103.53,""k_location_plus"":102.2,""whiff_rate"":0.3333,""csw_rate"":0.3333},{""code"":""SI"",""name"":""Sinker"",""n"":3,""usage_pct"":3.3,""speed"":140.0,""k_stuff_plus"":94.95,""k_location_plus"":101.7,""whiff_rate"":0.0,""csw_rate"":0.0}]","","0","kbo-pitcher-abilities-v1-official-tracking-regressed","https://www.koreabaseball.com/Record/Player/PitcherDetail/Total.aspx?playerId=50705","https://www.kbostuff.app/stuff/50705?season=2025"
"2025","55764","KBO-55764","한화 이글스","권민규","KBO","28","5.3","low","Four-seam/Slider/Splitter/Curve","9","9","7","8","9","7","10","4","7","10","","","","10","","","","","141.0","99.1","98.5","0.085","0.256","0.143","0.250","0.036","8.31","[{""code"":""FF"",""name"":""Four-seam"",""n"":79,""usage_pct"":61.2,""speed"":141.0,""k_stuff_plus"":99.72,""k_location_plus"":99.1,""whiff_rate"":0.0759,""csw_rate"":0.2405},{""code"":""SL"",""name"":""Slider"",""n"":40,""usage_pct"":31,""speed"":128.9,""k_stuff_plus"":98.49,""k_location_plus"":96.2,""whiff_rate"":0.125,""csw_rate"":0.3},{""code"":""FS"",""name"":""Splitter"",""n"":8,""usage_pct"":6.2,""speed"":127.5,""k_stuff_plus"":null,""k_location_plus"":100.2,""whiff_rate"":0.0,""csw_rate"":0.25},{""code"":""CU"",""name"":""Curve"",""n"":2,""usage_pct"":1.6,""speed"":127.0,""k_stuff_plus"":105.87,""k_location_plus"":101.1,""whiff_rate"":0.0,""csw_rate"":0.0}]","","0","kbo-pitcher-abilities-v1-official-tracking-regressed","https://www.koreabaseball.com/Record/Player/PitcherDetail/Total.aspx?playerId=55764","https://www.kbostuff.app/stuff/55764?season=2025"
"2025","51715","KBO-51715","한화 이글스","김기중","KBO","66","14.7","low","Four-seam/Curve/Slider/Splitter/Changeup/Sweeper","10","11","12","15","13","11","5","13","14","9","","","10","10","10","10","10","","143.1","95.2","101.0","0.062","0.270","0.121","0.091","0.000","3.78","[{""code"":""FF"",""name"":""Four-seam"",""n"":116,""usage_pct"":44.8,""speed"":143.1,""k_stuff_plus"":96.45,""k_location_plus"":95.1,""whiff_rate"":0.0345,""csw_rate"":0.2155},{""code"":""CU"",""name"":""Curve"",""n"":38,""usage_pct"":14.7,""speed"":116.9,""k_stuff_plus"":96.38,""k_location_plus"":106.1,""whiff_rate"":0.1053,""csw_rate"":0.3158},{""code"":""SL"",""name"":""Slider"",""n"":36,""usage_pct"":13.9,""speed"":124.8,""k_stuff_plus"":98.81,""k_location_plus"":96.6,""whiff_rate"":0.0556,""csw_rate"":0.3056},{""code"":""FS"",""name"":""Splitter"",""n"":33,""usage_pct"":12.7,""speed"":129.9,""k_stuff_plus"":97.05,""k_location_plus"":110.0,""whiff_rate"":0.0909,""csw_rate"":0.2727},{""code"":""CH"",""name"":""Changeup"",""n"":19,""usage_pct"":7.3,""speed"":130.9,""k_stuff_plus"":97.45,""k_location_plus"":99.3,""whiff_rate"":0.1053,""csw_rate"":0.2632},{""code"":""ST"",""name"":""Sweeper"",""n"":17,""usage_pct"":6.6,""speed"":122.6,""k_stuff_plus"":91.23,""k_location_plus"":97.4,""whiff_rate"":0.0588,""csw_rate"":0.4706}]","","0","kbo-pitcher-abilities-v1-official-tracking-regressed","https://www.koreabaseball.com/Record/Player/PitcherDetail/Total.aspx?playerId=51715","https://www.kbostuff.app/stuff/51715?season=2025"
"2025","54705","KBO-54705","한화 이글스","김도빈","FUTURES","124","26.7","medium","","8","15","8","12","7","12","16","4","12","","","","","","","","","","","","","","","0.234","0.153","0.016","5.21","[]","","0","kbo-pitcher-abilities-v1-official-tracking-regressed","https://www.koreabaseball.com/Futures/Player/PitcherTotal.aspx?playerId=54705",""
"2025","65764","KBO-65764","한화 이글스","김민우","NONE","0","0.0","none","","8","8","8","8","8","8","8","8","8","","","","","","","","","","","","","","","","","","","[]","","0","kbo-pitcher-abilities-v1-official-tracking-regressed","",""
"2025","65769","KBO-65769","한화 이글스","김범수","KBO","195","48.0","medium","Four-seam/Slider/Splitter/Curve","12","14","11","19","9","15","16","8","19","10","","","","10","10","10","","","147.1","102.2","93.3","0.119","0.296","0.210","0.113","0.000","3.36","[{""code"":""FF"",""name"":""Four-seam"",""n"":288,""usage_pct"":36.8,""speed"":147.1,""k_stuff_plus"":98.55,""k_location_plus"":99.3,""whiff_rate"":0.0486,""csw_rate"":0.2604},{""code"":""SL"",""name"":""Slider"",""n"":274,""usage_pct"":35,""speed"":135.5,""k_stuff_plus"":102.24,""k_location_plus"":95.7,""whiff_rate"":0.1569,""csw_rate"":0.2847},{""code"":""FS"",""name"":""Splitter"",""n"":120,""usage_pct"":15.3,""speed"":137.3,""k_stuff_plus"":105.07,""k_location_plus"":91.4,""whiff_rate"":0.2167,""csw_rate"":0.2917},{""code"":""CU"",""name"":""Curve"",""n"":101,""usage_pct"":12.9,""speed"":117.2,""k_stuff_plus"":102.13,""k_location_plus"":101.1,""whiff_rate"":0.099,""csw_rate"":0.4356}]","","0","kbo-pitcher-abilities-v1-official-tracking-regressed","https://www.koreabaseball.com/Record/Player/PitcherDetail/Total.aspx?playerId=65769","https://www.kbostuff.app/stuff/65769?season=2025"
"2025","53754","KBO-53754","한화 이글스","김서현","KBO","280","66.0","medium","Four-seam/Slider/Changeup/Sinker/Curve/Splitter","16","15","11","17","10","15","19","8","17","10","10","","11","11","","","","","153.4","108.3","92.5","0.136","0.302","0.254","0.111","0.014","3.85","[{""code"":""FF"",""name"":""Four-seam"",""n"":664,""usage_pct"":59.2,""speed"":153.4,""k_stuff_plus"":101.79,""k_location_plus"":96.4,""whiff_rate"":0.0783,""csw_rate"":0.259},{""code"":""SL"",""name"":""Slider"",""n"":352,""usage_pct"":31.4,""speed"":134.7,""k_stuff_plus"":112.63,""k_location_plus"":85.1,""whiff_rate"":0.2216,""csw_rate"":0.3835},{""code"":""CH"",""name"":""Changeup"",""n"":72,""usage_pct"":6.4,""speed"":142.3,""k_stuff_plus"":109.95,""k_location_plus"":97.9,""whiff_rate"":0.2639,""csw_rate"":0.3056},{""code"":""SI"",""name"":""Sinker"",""n"":25,""usage_pct"":2.2,""speed"":153.8,""k_stuff_plus"":107.0,""k_location_plus"":98.0,""whiff_rate"":0.04,""csw_rate"":0.2},{""code"":""CU"",""name"":""Curve"",""n"":6,""usage_pct"":0.5,""speed"":127.2,""k_stuff_plus"":113.35,""k_location_plus"":101.7,""whiff_rate"":0.1667,""csw_rate"":0.5},{""code"":""FS"",""name"":""Splitter"",""n"":2,""usage_pct"":0.2,""speed"":144.5,""k_stuff_plus"":102.32,""k_location_plus"":100.7,""whiff_rate"":0.5,""csw_rate"":0.5}]","","0","kbo-pitcher-abilities-v1-official-tracking-regressed","https://www.koreabaseball.com/Record/Player/PitcherDetail/Total.aspx?playerId=53754","https://www.kbostuff.app/stuff/53754?season=2025"
"2025","50711","KBO-50711","한화 이글스","김승일","KBO","17","2.7","low","Four-seam/Curve/Changeup","11","9","9","8","8","9","13","9","5","10","","","","","10","","","","145.0","102.7","87.4","0.090","0.224","0.176","0.176","0.059","12.81","[{""code"":""FF"",""name"":""Four-seam"",""n"":48,""usage_pct"":71.6,""speed"":145.0,""k_stuff_plus"":99.98,""k_location_plus"":91.4,""whiff_rate"":0.0417,""csw_rate"":0.1875},{""code"":""CU"",""name"":""Curve"",""n"":10,""usage_pct"":14.9,""speed"":127.5,""k_stuff_plus"":105.78,""k_location_plus"":94.8,""whiff_rate"":0.2,""csw_rate"":0.3},{""code"":""CH"",""name"":""Changeup"",""n"":9,""usage_pct"":13.4,""speed"":132.3,""k_stuff_plus"":105.11,""k_location_plus"":95.1,""whiff_rate"":0.2222,""csw_rate"":0.3333}]","","0","kbo-pitcher-abilities-v1-official-tracking-regressed","https://www.koreabaseball.com/Record/Player/PitcherDetail/Total.aspx?playerId=50711","https://www.kbostuff.app/stuff/50711?season=2025"
"2025","63765","KBO-63765","한화 이글스","김종수","KBO","282","63.7","medium","Four-seam/Slider/Curve/Splitter/Changeup","11","12","8","14","10","11","16","4","14","10","","","","10","10","10","","","145.5","100.0","96.1","0.090","0.268","0.209","0.128","0.018","4.49","[{""code"":""FF"",""name"":""Four-seam"",""n"":610,""usage_pct"":55.3,""speed"":145.5,""k_stuff_plus"":100.02,""k_location_plus"":97.1,""whiff_rate"":0.0803,""csw_rate"":0.2574},{""code"":""SL"",""name"":""Slider"",""n"":263,""usage_pct"":23.8,""speed"":133.9,""k_stuff_plus"":100.94,""k_location_plus"":94.2,""whiff_rate"":0.1179,""csw_rate"":0.2852},{""code"":""CU"",""name"":""Curve"",""n"":185,""usage_pct"":16.8,""speed"":122.7,""k_stuff_plus"":100.37,""k_location_plus"":97.9,""whiff_rate"":0.0919,""csw_rate"":0.3081},{""code"":""FS"",""name"":""Splitter"",""n"":44,""usage_pct"":4,""speed"":135.2,""k_stuff_plus"":94.53,""k_location_plus"":96.6,""whiff_rate"":0.0455,""csw_rate"":0.1591},{""code"":""CH"",""name"":""Changeup"",""n"":2,""usage_pct"":0.2,""speed"":130.5,""k_stuff_plus"":91.56,""k_location_plus"":103.3,""whiff_rate"":0.0,""csw_rate"":0.0}]","","0","kbo-pitcher-abilities-v1-official-tracking-regressed","https://www.koreabaseball.com/Record/Player/PitcherDetail/Total.aspx?playerId=63765","https://www.kbostuff.app/stuff/63765?season=2025"
"2025","76715","KBO-76715","한화 이글스","류현진","KBO","574","139.3","high","Four-seam/Changeup/Cutter/Curve/Sinker","9","13","16","14","20","18","16","20","18","11","","10","11","","10","","","","141.2","101.0","108.6","0.102","0.295","0.213","0.044","0.021","3.43","[{""code"":""FF"",""name"":""Four-seam"",""n"":977,""usage_pct"":43.1,""speed"":143.8,""k_stuff_plus"":101.0,""k_location_plus"":107.9,""whiff_rate"":0.0604,""csw_rate"":0.2733},{""code"":""CH"",""name"":""Changeup"",""n"":545,""usage_pct"":24.1,""speed"":128.8,""k_stuff_plus"":100.07,""k_location_plus"":108.1,""whiff_rate"":0.189,""csw_rate"":0.2899},{""code"":""FC"",""name"":""Cutter"",""n"":428,""usage_pct"":18.9,""speed"":135.4,""k_stuff_plus"":98.31,""k_location_plus"":103.3,""whiff_rate"":0.1005,""csw_rate"":0.2664},{""code"":""CU"",""name"":""Curve"",""n"":310,""usage_pct"":13.7,""speed"":113.6,""k_stuff_plus"":96.87,""k_location_plus"":109.4,""whiff_rate"":0.0806,""csw_rate"":0.4065},{""code"":""SI"",""name"":""Sinker"",""n"":5,""usage_pct"":0.2,""speed"":141.4,""k_stuff_plus"":94.82,""k_location_plus"":103.7,""whiff_rate"":0.2,""csw_rate"":0.6}]","","0","kbo-pitcher-abilities-v1-official-tracking-regressed","https://www.koreabaseball.com/Record/Player/PitcherDetail/Total.aspx?playerId=76715","https://www.kbostuff.app/stuff/76715?season=2025"
"2025","52701","KBO-52701","한화 이글스","문동주","KBO","501","121.0","high","Four-seam/Splitter/Slider/Curve/Sinker","15","16","15","18","19","19","19","19","17","11","10","","","11","11","11","","","152.1","109.2","101.9","0.131","0.305","0.269","0.062","0.014","2.80","[{""code"":""FF"",""name"":""Four-seam"",""n"":910,""usage_pct"":47.1,""speed"":152.3,""k_stuff_plus"":105.16,""k_location_plus"":105.4,""whiff_rate"":0.0769,""csw_rate"":0.2615},{""code"":""FS"",""name"":""Splitter"",""n"":390,""usage_pct"":20.2,""speed"":137.6,""k_stuff_plus"":112.04,""k_location_plus"":90.7,""whiff_rate"":0.2718,""csw_rate"":0.3436},{""code"":""SL"",""name"":""Slider"",""n"":327,""usage_pct"":16.9,""speed"":137.2,""k_stuff_plus"":105.95,""k_location_plus"":102.8,""whiff_rate"":0.1743,""csw_rate"":0.3486},{""code"":""CU"",""name"":""Curve"",""n"":281,""usage_pct"":14.6,""speed"":125.1,""k_stuff_plus"":101.56,""k_location_plus"":110.5,""whiff_rate"":0.0676,""csw_rate"":0.3452},{""code"":""SI"",""name"":""Sinker"",""n"":23,""usage_pct"":1.2,""speed"":143.1,""k_stuff_plus"":103.87,""k_location_plus"":96.1,""whiff_rate"":0.0435,""csw_rate"":0.2174}]","","0","kbo-pitcher-abilities-v1-official-tracking-regressed","https://www.koreabaseball.com/Record/Player/PitcherDetail/Total.aspx?playerId=52701","https://www.kbostuff.app/stuff/52701?season=2025"
"2025","67703","KBO-67703","한화 이글스","박상원","KBO","294","66.7","medium","Four-seam/Splitter/Slider","12","12","14","15","10","14","8","18","15","10","","","","10","","10","","","147.1","99.4","101.7","0.085","0.258","0.177","0.071","0.014","3.96","[{""code"":""FF"",""name"":""Four-seam"",""n"":548,""usage_pct"":48.6,""speed"":147.1,""k_stuff_plus"":100.53,""k_location_plus"":101.8,""whiff_rate"":0.0712,""csw_rate"":0.2755},{""code"":""FS"",""name"":""Splitter"",""n"":361,""usage_pct"":32,""speed"":135.2,""k_stuff_plus"":99.91,""k_location_plus"":104.3,""whiff_rate"":0.133,""csw_rate"":0.2521},{""code"":""SL"",""name"":""Slider"",""n"":218,""usage_pct"":19.3,""speed"":134.4,""k_stuff_plus"":96.95,""k_location_plus"":101.3,""whiff_rate"":0.0413,""csw_rate"":0.2248}]","","0","kbo-pitcher-abilities-v1-official-tracking-regressed","https://www.koreabaseball.com/Record/Player/PitcherDetail/Total.aspx?playerId=67703","https://www.kbostuff.app/stuff/67703?season=2025"
"2025","52731","KBO-52731","한화 이글스","박준영","KBO","24","5.0","low","Four-seam/Slider/Curve","12","11","8","13","16","9","9","5","12","10","","","","10","","","","","146.2","108.5","97.5","0.027","0.245","0.125","0.250","0.000","5.84","[{""code"":""FF"",""name"":""Four-seam"",""n"":65,""usage_pct"":59.1,""speed"":146.2,""k_stuff_plus"":108.97,""k_location_plus"":98.0,""whiff_rate"":0.0,""csw_rate"":0.2769},{""code"":""SL"",""name"":""Slider"",""n"":37,""usage_pct"":33.6,""speed"":133.3,""k_stuff_plus"":103.79,""k_location_plus"":102.0,""whiff_rate"":0.0811,""csw_rate"":0.2432},{""code"":""CU"",""name"":""Curve"",""n"":8,""usage_pct"":7.3,""speed"":122.2,""k_stuff_plus"":null,""k_location_plus"":92.6,""whiff_rate"":0.0,""csw_rate"":0.0}]","","0","kbo-pitcher-abilities-v1-official-tracking-regressed","https://www.koreabaseball.com/Record/Player/PitcherDetail/Total.aspx?playerId=52731","https://www.kbostuff.app/stuff/52731?season=2025"
"2025","51761","KBO-51761","한화 이글스","배동현","FUTURES","176","41.7","medium","","8","14","17","9","8","17","17","17","16","","","","","","","","","","","","","","","0.244","0.057","0.034","4.76","[]","","0","kbo-pitcher-abilities-v1-official-tracking-regressed","https://www.koreabaseball.com/Futures/Player/PitcherTotal.aspx?playerId=51761",""
"2025","69974","KBO-69974","한화 이글스","배민서","FUTURES","164","43.0","medium","","8","15","17","16","11","16","14","17","18","","","","","","","","","","","","","","","0.189","0.061","0.012","4.30","[]","","0","kbo-pitcher-abilities-v1-official-tracking-regressed","https://www.koreabaseball.com/Futures/Player/PitcherTotal.aspx?playerId=69974",""
"2025","65056","KBO-65056","한화 이글스","엄상백","KBO","379","80.7","high","Four-seam/Changeup/Slider/Curve/Cutter/Sinker","11","9","9","5","13","8","13","11","3","10","11","10","10","10","10","","","","144.7","100.1","103.7","0.101","0.267","0.195","0.100","0.034","5.41","[{""code"":""FF"",""name"":""Four-seam"",""n"":605,""usage_pct"":39.4,""speed"":145.6,""k_stuff_plus"":102.82,""k_location_plus"":102.1,""whiff_rate"":0.0942,""csw_rate"":0.2281},{""code"":""CH"",""name"":""Changeup"",""n"":578,""usage_pct"":37.6,""speed"":131.8,""k_stuff_plus"":96.12,""k_location_plus"":108.6,""whiff_rate"":0.1125,""csw_rate"":0.301},{""code"":""SL"",""name"":""Slider"",""n"":99,""usage_pct"":6.4,""speed"":128.4,""k_stuff_plus"":96.23,""k_location_plus"":97.3,""whiff_rate"":0.0505,""csw_rate"":0.2525},{""code"":""CU"",""name"":""Curve"",""n"":91,""usage_pct"":5.9,""speed"":127.0,""k_stuff_plus"":100.46,""k_location_plus"":100.8,""whiff_rate"":0.0549,""csw_rate"":0.3077},{""code"":""FC"",""name"":""Cutter"",""n"":87,""usage_pct"":5.7,""speed"":137.7,""k_stuff_plus"":101.79,""k_location_plus"":93.3,""whiff_rate"":0.1609,""csw_rate"":0.2874},{""code"":""SI"",""name"":""Sinker"",""n"":77,""usage_pct"":5,""speed"":145.7,""k_stuff_plus"":112.84,""k_location_plus"":101.8,""whiff_rate"":0.1169,""csw_rate"":0.2727}]","","0","kbo-pitcher-abilities-v1-official-tracking-regressed","https://www.koreabaseball.com/Record/Player/PitcherDetail/Total.aspx?playerId=65056","https://www.kbostuff.app/stuff/65056?season=2025"
"2025","54755","KBO-54755","한화 이글스","와이스","KBO","725","178.7","high","Four-seam/Slider/Curve/Sweeper/Changeup","15","15","15","17","20","19","20","17","19","11","","","10","11","10","","11","","151.7","109.6","103.5","0.134","0.329","0.286","0.077","0.018","3.23","[{""code"":""FF"",""name"":""Four-seam"",""n"":1322,""usage_pct"":46.6,""speed"":151.7,""k_stuff_plus"":108.02,""k_location_plus"":105.7,""whiff_rate"":0.1036,""csw_rate"":0.3086},{""code"":""SL"",""name"":""Slider"",""n"":701,""usage_pct"":24.7,""speed"":135.0,""k_stuff_plus"":106.85,""k_location_plus"":103.6,""whiff_rate"":0.1683,""csw_rate"":0.3638},{""code"":""CU"",""name"":""Curve"",""n"":351,""usage_pct"":12.4,""speed"":129.1,""k_stuff_plus"":104.72,""k_location_plus"":99.1,""whiff_rate"":0.114,""csw_rate"":0.3305},{""code"":""ST"",""name"":""Sweeper"",""n"":281,""usage_pct"":9.9,""speed"":134.3,""k_stuff_plus"":107.24,""k_location_plus"":97.3,""whiff_rate"":0.1993,""csw_rate"":0.3808},{""code"":""CH"",""name"":""Changeup"",""n"":181,""usage_pct"":6.4,""speed"":139.7,""k_stuff_plus"":105.4,""k_location_plus"":97.4,""whiff_rate"":0.1602,""csw_rate"":0.2652}]","","0","kbo-pitcher-abilities-v1-official-tracking-regressed","https://www.koreabaseball.com/Record/Player/PitcherDetail/Total.aspx?playerId=54755","https://www.kbostuff.app/stuff/54755?season=2025"
"2025","54702","KBO-54702","한화 이글스","원종혁","KBO","10","1.7","low","Four-seam/Slider","15","9","9","7","9","9","11","10","7","10","","","","","","","","","152.3","96.0","101.9","0.028","0.167","0.100","0.200","0.100","13.64","[{""code"":""FF"",""name"":""Four-seam"",""n"":30,""usage_pct"":83.3,""speed"":152.3,""k_stuff_plus"":97.02,""k_location_plus"":101.4,""whiff_rate"":0.0333,""csw_rate"":0.1667},{""code"":""SL"",""name"":""Slider"",""n"":6,""usage_pct"":16.7,""speed"":134.3,""k_stuff_plus"":null,""k_location_plus"":97.9,""whiff_rate"":0.0,""csw_rate"":0.1667}]","","0","kbo-pitcher-abilities-v1-official-tracking-regressed","https://www.koreabaseball.com/Record/Player/PitcherDetail/Total.aspx?playerId=54702","https://www.kbostuff.app/stuff/54702?season=2025"
"2025","63464","KBO-63464","한화 이글스","윤대경","FUTURES","66","15.3","low","","8","10","13","14","7","11","4","12","16","","","","","","","","","","","","","","","0.106","0.121","0.000","5.01","[]","","0","kbo-pitcher-abilities-v1-official-tracking-regressed","https://www.koreabaseball.com/Futures/Player/PitcherTotal.aspx?playerId=63464",""
"2025","69213","KBO-69213","한화 이글스","윤산흠","KBO","73","16.7","low","Four-seam/Curve/Slider","14","13","13","15","10","16","16","16","15","10","","","","10","10","","","","149.0","103.2","102.8","0.094","0.294","0.233","0.068","0.014","3.62","[{""code"":""FF"",""name"":""Four-seam"",""n"":141,""usage_pct"":53.2,""speed"":149.0,""k_stuff_plus"":103.66,""k_location_plus"":101.0,""whiff_rate"":0.078,""csw_rate"":0.305},{""code"":""CU"",""name"":""Curve"",""n"":68,""usage_pct"":25.7,""speed"":128.0,""k_stuff_plus"":102.91,""k_location_plus"":109.5,""whiff_rate"":0.1471,""csw_rate"":0.3382},{""code"":""SL"",""name"":""Slider"",""n"":56,""usage_pct"":21.1,""speed"":136.6,""k_stuff_plus"":98.56,""k_location_plus"":97.8,""whiff_rate"":0.0714,""csw_rate"":0.2143}]","","0","kbo-pitcher-abilities-v1-official-tracking-regressed","https://www.koreabaseball.com/Record/Player/PitcherDetail/Total.aspx?playerId=69213","https://www.kbostuff.app/stuff/69213?season=2025"
"2025","65616","KBO-65616","한화 이글스","이민우","FUTURES","157","36.0","medium","","8","12","14","10","8","14","14","14","16","","","","","","","","","","","","","","","0.197","0.115","0.025","5.39","[]","","0","kbo-pitcher-abilities-v1-official-tracking-regressed","https://www.koreabaseball.com/Futures/Player/PitcherTotal.aspx?playerId=65616",""
"2025","65117","KBO-65117","한화 이글스","이상규","KBO","47","9.0","low","Four-seam/Changeup/Cutter/Curve/Slider/Sweeper/Sinker/Splitter","10","11","11","12","10","10","6","13","8","10","","10","10","10","10","","","","143.1","97.6","104.8","0.090","0.265","0.106","0.085","0.000","3.66","[{""code"":""FF"",""name"":""Four-seam"",""n"":67,""usage_pct"":43.2,""speed"":144.6,""k_stuff_plus"":95.6,""k_location_plus"":99.2,""whiff_rate"":0.0896,""csw_rate"":0.2388},{""code"":""CH"",""name"":""Changeup"",""n"":32,""usage_pct"":20.6,""speed"":125.7,""k_stuff_plus"":100.69,""k_location_plus"":104.7,""whiff_rate"":0.125,""csw_rate"":0.3125},{""code"":""FC"",""name"":""Cutter"",""n"":18,""usage_pct"":11.6,""speed"":137.6,""k_stuff_plus"":98.66,""k_location_plus"":97.6,""whiff_rate"":0.0556,""csw_rate"":0.1111},{""code"":""CU"",""name"":""Curve"",""n"":16,""usage_pct"":10.3,""speed"":117.8,""k_stuff_plus"":95.96,""k_location_plus"":106.0,""whiff_rate"":0.0625,""csw_rate"":0.5625},{""code"":""SL"",""name"":""Slider"",""n"":15,""usage_pct"":9.7,""speed"":130.2,""k_stuff_plus"":96.21,""k_location_plus"":103.2,""whiff_rate"":0.1333,""csw_rate"":0.2},{""code"":""ST"",""name"":""Sweeper"",""n"":4,""usage_pct"":2.6,""speed"":126.2,""k_stuff_plus"":98.26,""k_location_plus"":103.5,""whiff_rate"":0.0,""csw_rate"":0.25},{""code"":""SI"",""name"":""Sinker"",""n"":2,""usage_pct"":1.3,""speed"":142.5,""k_stuff_plus"":99.79,""k_location_plus"":101.3,""whiff_rate"":0.0,""csw_rate"":0.0},{""code"":""FS"",""name"":""Splitter"",""n"":1,""usage_pct"":0.6,""speed"":125.0,""k_stuff_plus"":90.77,""k_location_plus"":101.3,""whiff_rate"":0.0,""csw_rate"":0.0}]","","0","kbo-pitcher-abilities-v1-official-tracking-regressed","https://www.koreabaseball.com/Record/Player/PitcherDetail/Total.aspx?playerId=65117","https://www.kbostuff.app/stuff/65117?season=2025"
"2025","60768","KBO-60768","한화 이글스","이태양","KBO","51","11.3","low","Splitter/Four-seam/Cutter/Slider/Curve","8","12","11","14","9","12","9","12","13","10","","10","","10","","10","","","139.8","97.1","102.8","0.079","0.249","0.157","0.098","0.000","3.62","[{""code"":""FS"",""name"":""Splitter"",""n"":70,""usage_pct"":39.5,""speed"":126.4,""k_stuff_plus"":94.98,""k_location_plus"":102.9,""whiff_rate"":0.1429,""csw_rate"":0.3},{""code"":""FF"",""name"":""Four-seam"",""n"":67,""usage_pct"":37.9,""speed"":142.1,""k_stuff_plus"":102.79,""k_location_plus"":102.1,""whiff_rate"":0.0299,""csw_rate"":0.209},{""code"":""FC"",""name"":""Cutter"",""n"":19,""usage_pct"":10.7,""speed"":131.5,""k_stuff_plus"":97.97,""k_location_plus"":97.5,""whiff_rate"":0.1053,""csw_rate"":0.1579},{""code"":""SL"",""name"":""Slider"",""n"":12,""usage_pct"":6.8,""speed"":133.0,""k_stuff_plus"":92.46,""k_location_plus"":102.1,""whiff_rate"":0.0,""csw_rate"":0.25},{""code"":""CU"",""name"":""Curve"",""n"":9,""usage_pct"":5.1,""speed"":116.7,""k_stuff_plus"":94.19,""k_location_plus"":102.0,""whiff_rate"":0.0,""csw_rate"":0.3333}]","","0","kbo-pitcher-abilities-v1-official-tracking-regressed","https://www.koreabaseball.com/Record/Player/PitcherDetail/Total.aspx?playerId=60768","https://www.kbostuff.app/stuff/60768?season=2025"
"2025","79764","KBO-79764","한화 이글스","장민재","FUTURES","184","44.0","medium","","8","13","18","9","12","17","18","18","17","","","","","","","","","","","","","","","0.261","0.049","0.038","4.94","[]","","0","kbo-pitcher-abilities-v1-official-tracking-regressed","https://www.koreabaseball.com/Futures/Player/PitcherTotal.aspx?playerId=79764",""
"2025","77318","KBO-77318","한화 이글스","장시환","FUTURES","40","8.7","low","","8","11","9","9","7","11","17","7","12","","","","","","","","","","","","","","","0.325","0.175","0.050","6.59","[]","","0","kbo-pitcher-abilities-v1-official-tracking-regressed","https://www.koreabaseball.com/Futures/Player/PitcherTotal.aspx?playerId=77318",""
"2025","69645","KBO-69645","한화 이글스","장지수","FUTURES","162","32.7","medium","","8","13","9","13","8","11","13","8","9","","","","","","","","","","","","","","","0.185","0.142","0.012","5.79","[]","","0","kbo-pitcher-abilities-v1-official-tracking-regressed","https://www.koreabaseball.com/Futures/Player/PitcherTotal.aspx?playerId=69645",""
"2025","55743","KBO-55743","한화 이글스","정우주","KBO","228","53.7","medium","Four-seam/Slider/Curve/Changeup","15","14","13","13","10","17","20","13","19","12","","","","10","10","","","","151.1","113.2","101.0","0.152","0.302","0.360","0.092","0.026","3.57","[{""code"":""FF"",""name"":""Four-seam"",""n"":772,""usage_pct"":77,""speed"":151.1,""k_stuff_plus"":111.47,""k_location_plus"":101.5,""whiff_rate"":0.158,""csw_rate"":0.294},{""code"":""SL"",""name"":""Slider"",""n"":162,""usage_pct"":16.2,""speed"":134.4,""k_stuff_plus"":107.93,""k_location_plus"":92.2,""whiff_rate"":0.142,""csw_rate"":0.3395},{""code"":""CU"",""name"":""Curve"",""n"":63,""usage_pct"":6.3,""speed"":124.3,""k_stuff_plus"":104.83,""k_location_plus"":97.5,""whiff_rate"":0.1111,""csw_rate"":0.3333},{""code"":""CH"",""name"":""Changeup"",""n"":5,""usage_pct"":0.5,""speed"":133.2,""k_stuff_plus"":null,""k_location_plus"":97.6,""whiff_rate"":0.0,""csw_rate"":0.0}]","","0","kbo-pitcher-abilities-v1-official-tracking-regressed","https://www.koreabaseball.com/Record/Player/PitcherDetail/Total.aspx?playerId=55743","https://www.kbostuff.app/stuff/55743?season=2025"
"2025","54768","KBO-54768","한화 이글스","조동욱","KBO","283","60.0","medium","Four-seam/Slider/Changeup/Splitter","11","9","9","11","10","7","4","10","10","10","","","10","9","","","","","144.0","98.4","97.9","0.097","0.276","0.152","0.102","0.014","4.52","[{""code"":""FF"",""name"":""Four-seam"",""n"":500,""usage_pct"":47.3,""speed"":144.0,""k_stuff_plus"":96.5,""k_location_plus"":104.6,""whiff_rate"":0.038,""csw_rate"":0.262},{""code"":""SL"",""name"":""Slider"",""n"":381,""usage_pct"":36,""speed"":126.7,""k_stuff_plus"":100.58,""k_location_plus"":87.8,""whiff_rate"":0.1522,""csw_rate"":0.2913},{""code"":""CH"",""name"":""Changeup"",""n"":174,""usage_pct"":16.5,""speed"":128.5,""k_stuff_plus"":100.95,""k_location_plus"":94.4,""whiff_rate"":0.1494,""csw_rate"":0.2874},{""code"":""FS"",""name"":""Splitter"",""n"":2,""usage_pct"":0.2,""speed"":125.5,""k_stuff_plus"":93.48,""k_location_plus"":100.6,""whiff_rate"":0.0,""csw_rate"":0.0}]","","0","kbo-pitcher-abilities-v1-official-tracking-regressed","https://www.koreabaseball.com/Record/Player/PitcherDetail/Total.aspx?playerId=54768","https://www.kbostuff.app/stuff/54768?season=2025"
"2025","65707","KBO-65707","한화 이글스","주현상","KBO","193","41.7","medium","Four-seam/Slider/Changeup/Curve/Splitter","11","9","12","6","10","12","12","19","8","10","","","10","10","10","","","","145.2","99.0","104.1","0.096","0.254","0.192","0.052","0.041","5.10","[{""code"":""FF"",""name"":""Four-seam"",""n"":375,""usage_pct"":48.8,""speed"":145.2,""k_stuff_plus"":101.01,""k_location_plus"":102.9,""whiff_rate"":0.0773,""csw_rate"":0.2267},{""code"":""SL"",""name"":""Slider"",""n"":176,""usage_pct"":22.9,""speed"":134.5,""k_stuff_plus"":99.46,""k_location_plus"":99.4,""whiff_rate"":0.1534,""csw_rate"":0.3068},{""code"":""CH"",""name"":""Changeup"",""n"":135,""usage_pct"":17.6,""speed"":130.4,""k_stuff_plus"":97.36,""k_location_plus"":103.4,""whiff_rate"":0.0889,""csw_rate"":0.2296},{""code"":""CU"",""name"":""Curve"",""n"":81,""usage_pct"":10.5,""speed"":123.6,""k_stuff_plus"":96.47,""k_location_plus"":109.8,""whiff_rate"":0.0741,""csw_rate"":0.2963},{""code"":""FS"",""name"":""Splitter"",""n"":2,""usage_pct"":0.3,""speed"":131.5,""k_stuff_plus"":87.99,""k_location_plus"":101.6,""whiff_rate"":0.0,""csw_rate"":0.5}]","","0","kbo-pitcher-abilities-v1-official-tracking-regressed","https://www.koreabaseball.com/Record/Player/PitcherDetail/Total.aspx?playerId=65707","https://www.kbostuff.app/stuff/65707?season=2025"
"2025","55730","KBO-55730","한화 이글스","폰세","KBO","697","180.7","high","Four-seam/Changeup/Curve/Slider/Cutter/Sinker/Splitter","16","16","16","19","20","20","20","19","20","12","11","9","12","11","12","10","","","152.8","114.5","105.8","0.167","0.353","0.362","0.059","0.014","2.15","[{""code"":""FF"",""name"":""Four-seam"",""n"":1251,""usage_pct"":43.8,""speed"":153.7,""k_stuff_plus"":113.94,""k_location_plus"":105.9,""whiff_rate"":0.1487,""csw_rate"":0.299},{""code"":""CH"",""name"":""Changeup"",""n"":492,""usage_pct"":17.2,""speed"":141.1,""k_stuff_plus"":111.68,""k_location_plus"":103.5,""whiff_rate"":0.2724,""csw_rate"":0.4065},{""code"":""CU"",""name"":""Curve"",""n"":479,""usage_pct"":16.8,""speed"":131.0,""k_stuff_plus"":107.39,""k_location_plus"":115.4,""whiff_rate"":0.1169,""csw_rate"":0.476},{""code"":""SL"",""name"":""Slider"",""n"":351,""usage_pct"":12.3,""speed"":144.2,""k_stuff_plus"":103.18,""k_location_plus"":103.3,""whiff_rate"":0.1795,""csw_rate"":0.3362},{""code"":""FC"",""name"":""Cutter"",""n"":147,""usage_pct"":5.2,""speed"":144.8,""k_stuff_plus"":100.56,""k_location_plus"":88.2,""whiff_rate"":0.1837,""csw_rate"":0.3469},{""code"":""SI"",""name"":""Sinker"",""n"":91,""usage_pct"":3.2,""speed"":153.1,""k_stuff_plus"":105.54,""k_location_plus"":103.3,""whiff_rate"":0.044,""csw_rate"":0.2967},{""code"":""FS"",""name"":""Splitter"",""n"":42,""usage_pct"":1.5,""speed"":140.7,""k_stuff_plus"":105.72,""k_location_plus"":105.3,""whiff_rate"":0.1429,""csw_rate"":0.2381}]","","0","kbo-pitcher-abilities-v1-official-tracking-regressed","https://www.koreabaseball.com/Record/Player/PitcherDetail/Total.aspx?playerId=55730","https://www.kbostuff.app/stuff/55730?season=2025"
"2025","61666","KBO-61666","한화 이글스","한승혁","KBO","269","64.0","medium","Four-seam/Slider/Splitter/Curve","13","13","13","16","10","15","13","14","18","10","","","","10","10","10","","","148.3","100.6","99.6","0.106","0.288","0.197","0.086","0.015","4.00","[{""code"":""FF"",""name"":""Four-seam"",""n"":446,""usage_pct"":44.8,""speed"":148.3,""k_stuff_plus"":95.14,""k_location_plus"":106.3,""whiff_rate"":0.0605,""csw_rate"":0.2489},{""code"":""SL"",""name"":""Slider"",""n"":299,""usage_pct"":30.1,""speed"":135.7,""k_stuff_plus"":104.04,""k_location_plus"":97.7,""whiff_rate"":0.1405,""csw_rate"":0.3378},{""code"":""FS"",""name"":""Splitter"",""n"":148,""usage_pct"":14.9,""speed"":136.0,""k_stuff_plus"":103.19,""k_location_plus"":94.1,""whiff_rate"":0.1689,""csw_rate"":0.2703},{""code"":""CU"",""name"":""Curve"",""n"":102,""usage_pct"":10.3,""speed"":117.0,""k_stuff_plus"":108.45,""k_location_plus"":95.2,""whiff_rate"":0.1078,""csw_rate"":0.3431}]","","0","kbo-pitcher-abilities-v1-official-tracking-regressed","https://www.koreabaseball.com/Record/Player/PitcherDetail/Total.aspx?playerId=61666","https://www.kbostuff.app/stuff/61666?season=2025"
"2025","54729","KBO-54729","한화 이글스","황준서","KBO","242","56.0","medium","Four-seam/Splitter/Curve/Slider","10","12","10","10","13","13","18","9","10","10","","","","10","10","10","","","143.7","97.7","102.8","0.088","0.312","0.236","0.107","0.029","4.53","[{""code"":""FF"",""name"":""Four-seam"",""n"":498,""usage_pct"":49.6,""speed"":143.7,""k_stuff_plus"":96.86,""k_location_plus"":104.9,""whiff_rate"":0.0422,""csw_rate"":0.3133},{""code"":""FS"",""name"":""Splitter"",""n"":407,""usage_pct"":40.5,""speed"":126.2,""k_stuff_plus"":99.98,""k_location_plus"":104.4,""whiff_rate"":0.1523,""csw_rate"":0.3243},{""code"":""CU"",""name"":""Curve"",""n"":77,""usage_pct"":7.7,""speed"":110.8,""k_stuff_plus"":96.9,""k_location_plus"":101.4,""whiff_rate"":0.0649,""csw_rate"":0.3117},{""code"":""SL"",""name"":""Slider"",""n"":22,""usage_pct"":2.2,""speed"":126.8,""k_stuff_plus"":94.63,""k_location_plus"":96.0,""whiff_rate"":0.0,""csw_rate"":0.0455}]","","0","kbo-pitcher-abilities-v1-official-tracking-regressed","https://www.koreabaseball.com/Record/Player/PitcherDetail/Total.aspx?playerId=54729","https://www.kbostuff.app/stuff/54729?season=2025"
