"season","kbo_player_id","player_uid","snapshot_team","player_name","position_group","record_team","defense_position","G","GS","IP","E","PKO","PO","A","DP","FPCT","PB","SB","CS","CS_PCT","source_url"
"2025","61353","KBO-61353","KIA 타이거즈","고종욱","OF","KIA","좌익수","28","21","160 1/3","0","0","43","2","0","1.000","0","0","0","-","https://www.koreabaseball.com/Record/Player/Defense/Basic.aspx"
"2025","66614","KBO-66614","KIA 타이거즈","김규성","IF","KIA","1루수","7","2","23","0","0","23","3","0","1.000","0","0","0","-","https://www.koreabaseball.com/Record/Player/Defense/Basic.aspx"
"2025","66614","KBO-66614","KIA 타이거즈","김규성","IF","KIA","2루수","79","25","301 2/3","4","0","65","97","21","0.976","0","0","0","-","https://www.koreabaseball.com/Record/Player/Defense/Basic.aspx"
"2025","66614","KBO-66614","KIA 타이거즈","김규성","IF","KIA","3루수","31","6","109 2/3","2","0","10","17","2","0.931","0","0","0","-","https://www.koreabaseball.com/Record/Player/Defense/Basic.aspx"
"2025","66614","KBO-66614","KIA 타이거즈","김규성","IF","KIA","유격수","25","11","119 1/3","4","0","21","39","5","0.938","0","0","0","-","https://www.koreabaseball.com/Record/Player/Defense/Basic.aspx"
"2025","52605","KBO-52605","KIA 타이거즈","김도영","IF","KIA","3루수","25","25","201","5","0","11","43","4","0.915","0","0","0","-","https://www.koreabaseball.com/Record/Player/Defense/Basic.aspx"
"2025","52605","KBO-52605","KIA 타이거즈","김도영","IF","KIA","유격수","1","0","2","0","0","0","0","0","-","0","0","0","-","https://www.koreabaseball.com/Record/Player/Defense/Basic.aspx"
"2025","67610","KBO-67610","KIA 타이거즈","김석환","OF","KIA","우익수","10","7","48","0","0","11","0","0","1.000","0","0","0","-","https://www.koreabaseball.com/Record/Player/Defense/Basic.aspx"
"2025","67610","KBO-67610","KIA 타이거즈","김석환","OF","KIA","좌익수","29","26","193 2/3","0","0","44","0","0","1.000","0","0","0","-","https://www.koreabaseball.com/Record/Player/Defense/Basic.aspx"
"2025","78603","KBO-78603","KIA 타이거즈","김선빈","IF","KIA","2루수","72","68","503 2/3","9","0","96","126","33","0.961","0","0","0","-","https://www.koreabaseball.com/Record/Player/Defense/Basic.aspx"
"2025","78122","KBO-78122","KIA 타이거즈","김태군","C","KIA","포수","95","79","656 1/3","7","2","554","70","7","0.989","3","62","21","25.3","https://www.koreabaseball.com/Record/Player/Defense/Basic.aspx"
"2025","65653","KBO-65653","KIA 타이거즈","김호령","OF","KIA","중견수","104","94","852 2/3","6","0","218","7","1","0.974","0","0","0","-","https://www.koreabaseball.com/Record/Player/Defense/Basic.aspx"
"2025","62947","KBO-62947","KIA 타이거즈","나성범","OF","KIA","우익수","71","69","541 2/3","0","0","99","9","2","1.000","0","0","0","-","https://www.koreabaseball.com/Record/Player/Defense/Basic.aspx"
"2025","50657","KBO-50657","KIA 타이거즈","박민","IF","KIA","2루수","22","14","112","2","0","22","47","10","0.972","0","0","0","-","https://www.koreabaseball.com/Record/Player/Defense/Basic.aspx"
"2025","50657","KBO-50657","KIA 타이거즈","박민","IF","KIA","3루수","45","13","173 1/3","1","0","14","39","4","0.981","0","0","0","-","https://www.koreabaseball.com/Record/Player/Defense/Basic.aspx"
"2025","50657","KBO-50657","KIA 타이거즈","박민","IF","KIA","유격수","8","0","15","0","0","1","9","1","1.000","0","0","0","-","https://www.koreabaseball.com/Record/Player/Defense/Basic.aspx"
"2025","55636","KBO-55636","KIA 타이거즈","박재현","OF","KIA","우익수","8","4","39","2","0","14","0","0","0.875","0","0","0","-","https://www.koreabaseball.com/Record/Player/Defense/Basic.aspx"
"2025","55636","KBO-55636","KIA 타이거즈","박재현","OF","KIA","좌익수","16","1","38","0","0","8","0","0","1.000","0","0","0","-","https://www.koreabaseball.com/Record/Player/Defense/Basic.aspx"
"2025","55636","KBO-55636","KIA 타이거즈","박재현","OF","KIA","중견수","20","7","81","1","0","14","1","0","0.938","0","0","0","-","https://www.koreabaseball.com/Record/Player/Defense/Basic.aspx"
"2025","67609","KBO-67609","KIA 타이거즈","박정우","OF","KIA","우익수","18","1","46 1/3","0","0","6","0","0","1.000","0","0","0","-","https://www.koreabaseball.com/Record/Player/Defense/Basic.aspx"
"2025","67609","KBO-67609","KIA 타이거즈","박정우","OF","KIA","좌익수","22","2","49 2/3","0","0","11","0","0","1.000","0","0","0","-","https://www.koreabaseball.com/Record/Player/Defense/Basic.aspx"
"2025","67609","KBO-67609","KIA 타이거즈","박정우","OF","KIA","중견수","18","13","92","0","0","20","0","0","1.000","0","0","0","-","https://www.koreabaseball.com/Record/Player/Defense/Basic.aspx"
"2025","64646","KBO-64646","KIA 타이거즈","박찬호","IF","KIA","유격수","134","131","1114 1/3","16","0","229","356","84","0.973","0","0","0","-","https://www.koreabaseball.com/Record/Player/Defense/Basic.aspx"
"2025","55637","KBO-55637","KIA 타이거즈","박헌","OF","KIA","우익수","7","3","32","0","0","7","0","0","1.000","0","0","0","-","https://www.koreabaseball.com/Record/Player/Defense/Basic.aspx"
"2025","69727","KBO-69727","KIA 타이거즈","변우혁","IF","KIA","1루수","18","6","68 1/3","0","0","54","9","5","1.000","0","0","0","-","https://www.koreabaseball.com/Record/Player/Defense/Basic.aspx"
"2025","69727","KBO-69727","KIA 타이거즈","변우혁","IF","KIA","3루수","34","27","240 2/3","4","0","19","57","2","0.950","0","0","0","-","https://www.koreabaseball.com/Record/Player/Defense/Basic.aspx"
"2025","78168","KBO-78168","KIA 타이거즈","서건창","IF","KIA","1루수","2","2","13","0","0","13","0","1","1.000","0","0","0","-","https://www.koreabaseball.com/Record/Player/Defense/Basic.aspx"
"2025","78168","KBO-78168","KIA 타이거즈","서건창","IF","KIA","2루수","7","4","34","0","0","11","12","4","1.000","0","0","0","-","https://www.koreabaseball.com/Record/Player/Defense/Basic.aspx"
"2025","78168","KBO-78168","KIA 타이거즈","서건창","IF","KIA","좌익수","1","0","1","0","0","0","0","0","-","0","0","0","-","https://www.koreabaseball.com/Record/Player/Defense/Basic.aspx"
"2025","69636","KBO-69636","KIA 타이거즈","오선우","IF","KIA","1루수","77","59","505 1/3","10","0","482","33","43","0.981","0","0","0","-","https://www.koreabaseball.com/Record/Player/Defense/Basic.aspx"
"2025","69636","KBO-69636","KIA 타이거즈","오선우","IF","KIA","우익수","19","13","102","1","0","20","3","1","0.958","0","0","0","-","https://www.koreabaseball.com/Record/Player/Defense/Basic.aspx"
"2025","69636","KBO-69636","KIA 타이거즈","오선우","IF","KIA","좌익수","56","37","333","0","0","90","2","1","1.000","0","0","0","-","https://www.koreabaseball.com/Record/Player/Defense/Basic.aspx"
"2025","55645","KBO-55645","KIA 타이거즈","위즈덤","IF","KIA","1루수","88","60","552","4","0","536","28","48","0.993","0","0","0","-","https://www.koreabaseball.com/Record/Player/Defense/Basic.aspx"
"2025","55645","KBO-55645","KIA 타이거즈","위즈덤","IF","KIA","3루수","58","54","406","9","0","33","79","5","0.926","0","0","0","-","https://www.koreabaseball.com/Record/Player/Defense/Basic.aspx"
"2025","55645","KBO-55645","KIA 타이거즈","위즈덤","IF","KIA","우익수","1","0","1","0","0","0","0","0","-","0","0","0","-","https://www.koreabaseball.com/Record/Player/Defense/Basic.aspx"
"2025","55645","KBO-55645","KIA 타이거즈","위즈덤","IF","KIA","좌익수","1","0","1","0","0","0","0","0","-","0","0","0","-","https://www.koreabaseball.com/Record/Player/Defense/Basic.aspx"
"2025","52667","KBO-52667","KIA 타이거즈","윤도현","IF","KIA","2루수","25","21","175","6","0","31","48","10","0.929","0","0","0","-","https://www.koreabaseball.com/Record/Player/Defense/Basic.aspx"
"2025","52667","KBO-52667","KIA 타이거즈","윤도현","IF","KIA","3루수","17","16","115","2","0","6","19","1","0.926","0","0","0","-","https://www.koreabaseball.com/Record/Player/Defense/Basic.aspx"
"2025","52667","KBO-52667","KIA 타이거즈","윤도현","IF","KIA","유격수","1","1","9","1","0","1","2","1","0.750","0","0","0","-","https://www.koreabaseball.com/Record/Player/Defense/Basic.aspx"
"2025","64560","KBO-64560","KIA 타이거즈","이창진","OF","KIA","우익수","6","4","27","1","0","10","0","0","0.909","0","0","0","-","https://www.koreabaseball.com/Record/Player/Defense/Basic.aspx"
"2025","64560","KBO-64560","KIA 타이거즈","이창진","OF","KIA","좌익수","33","19","186","0","0","44","0","0","1.000","0","0","0","-","https://www.koreabaseball.com/Record/Player/Defense/Basic.aspx"
"2025","53659","KBO-53659","KIA 타이거즈","정해원","IF","KIA","우익수","12","7","53 1/3","0","0","16","0","0","1.000","0","0","0","-","https://www.koreabaseball.com/Record/Player/Defense/Basic.aspx"
"2025","53659","KBO-53659","KIA 타이거즈","정해원","IF","KIA","좌익수","8","4","44","1","0","10","0","0","0.909","0","0","0","-","https://www.koreabaseball.com/Record/Player/Defense/Basic.aspx"
"2025","55926","KBO-55926","KIA 타이거즈","정현창","IF","KIA","2루수","4","2","15 2/3","0","0","2","5","1","1.000","0","0","0","-","https://www.koreabaseball.com/Record/Player/Defense/Basic.aspx"
"2025","55926","KBO-55926","KIA 타이거즈","정현창","IF","KIA","3루수","1","1","8","0","0","0","0","0","-","0","0","0","-","https://www.koreabaseball.com/Record/Player/Defense/Basic.aspx"
"2025","55926","KBO-55926","KIA 타이거즈","정현창","IF","KIA","유격수","4","1","14","0","0","3","7","2","1.000","0","0","0","-","https://www.koreabaseball.com/Record/Player/Defense/Basic.aspx"
"2025","66354","KBO-66354","KIA 타이거즈","주효상","C","KIA","포수","7","3","39","1","0","34","3","0","0.974","0","1","1","50.0","https://www.koreabaseball.com/Record/Player/Defense/Basic.aspx"
"2025","65464","KBO-65464","KIA 타이거즈","최정용","IF","KIA","2루수","3","2","17","0","0","4","6","1","1.000","0","0","0","-","https://www.koreabaseball.com/Record/Player/Defense/Basic.aspx"
"2025","72443","KBO-72443","KIA 타이거즈","최형우","OF","KIA","좌익수","5","4","29","0","0","4","0","0","1.000","0","0","0","-","https://www.koreabaseball.com/Record/Player/Defense/Basic.aspx"
"2025","63722","KBO-63722","KIA 타이거즈","한승택","C","KIA","포수","12","5","54","0","0","39","8","0","1.000","0","4","1","20.0","https://www.koreabaseball.com/Record/Player/Defense/Basic.aspx"
"2025","68646","KBO-68646","KIA 타이거즈","한준수","C","KIA","포수","93","57","525 1/3","3","0","452","36","5","0.994","5","44","12","21.4","https://www.koreabaseball.com/Record/Player/Defense/Basic.aspx"
"2025","65610","KBO-65610","KIA 타이거즈","황대인","IF","KIA","1루수","16","15","113","2","0","107","4","10","0.982","0","0","0","-","https://www.koreabaseball.com/Record/Player/Defense/Basic.aspx"
"2025","69064","KBO-69064","KT 위즈","강민성","IF","KT","1루수","4","0","9","0","0","4","0","1","1.000","0","0","0","-","https://www.koreabaseball.com/Record/Player/Defense/Basic.aspx"
"2025","69064","KBO-69064","KT 위즈","강민성","IF","KT","2루수","16","6","74 1/3","0","0","20","28","5","1.000","0","0","0","-","https://www.koreabaseball.com/Record/Player/Defense/Basic.aspx"
"2025","69064","KBO-69064","KT 위즈","강민성","IF","KT","3루수","6","0","9","0","0","2","4","1","1.000","0","0","0","-","https://www.koreabaseball.com/Record/Player/Defense/Basic.aspx"
"2025","68050","KBO-68050","KT 위즈","강백호","C","KT","1루수","4","0","10 1/3","0","0","10","1","0","1.000","0","0","0","-","https://www.koreabaseball.com/Record/Player/Defense/Basic.aspx"
"2025","68050","KBO-68050","KT 위즈","강백호","C","KT","투수","1","0","1","0","0","0","0","0","-","0","0","0","-","https://www.koreabaseball.com/Record/Player/Defense/Basic.aspx"
"2025","68050","KBO-68050","KT 위즈","강백호","C","KT","포수","5","4","32 2/3","1","0","22","2","1","0.960","0","2","2","50.0","https://www.koreabaseball.com/Record/Player/Defense/Basic.aspx"
"2025","50066","KBO-50066","KT 위즈","강현우","C","KT","포수","32","18","160 1/3","4","0","141","14","0","0.975","0","6","2","25.0","https://www.koreabaseball.com/Record/Player/Defense/Basic.aspx"
"2025","51003","KBO-51003","KT 위즈","권동진","IF","KT","2루수","4","2","24","0","0","4","9","0","1.000","0","0","0","-","https://www.koreabaseball.com/Record/Player/Defense/Basic.aspx"
"2025","51003","KBO-51003","KT 위즈","권동진","IF","KT","유격수","119","81","740 1/3","15","0","150","236","40","0.963","0","0","0","-","https://www.koreabaseball.com/Record/Player/Defense/Basic.aspx"
"2025","51005","KBO-51005","KT 위즈","김건형","OF","KT","좌익수","1","0","1","0","0","0","0","0","-","0","0","0","-","https://www.koreabaseball.com/Record/Player/Defense/Basic.aspx"
"2025","54097","KBO-54097","KT 위즈","김민석","C","KT","포수","2","0","2","0","0","1","0","0","1.000","0","1","0","0.0","https://www.koreabaseball.com/Record/Player/Defense/Basic.aspx"
"2025","64004","KBO-64004","KT 위즈","김민혁","OF","KT","우익수","1","1","8 1/3","1","0","1","0","0","0.500","0","0","0","-","https://www.koreabaseball.com/Record/Player/Defense/Basic.aspx"
"2025","64004","KBO-64004","KT 위즈","김민혁","OF","KT","좌익수","90","83","662 2/3","1","0","127","1","0","0.992","0","0","0","-","https://www.koreabaseball.com/Record/Player/Defense/Basic.aspx"
"2025","64004","KBO-64004","KT 위즈","김민혁","OF","KT","중견수","10","7","42","0","0","6","1","0","1.000","0","0","0","-","https://www.koreabaseball.com/Record/Player/Defense/Basic.aspx"
"2025","52002","KBO-52002","KT 위즈","김병준","OF","KT","우익수","2","0","4","0","0","1","0","0","1.000","0","0","0","-","https://www.koreabaseball.com/Record/Player/Defense/Basic.aspx"
"2025","52002","KBO-52002","KT 위즈","김병준","OF","KT","좌익수","3","0","5 1/3","0","0","1","0","0","1.000","0","0","0","-","https://www.koreabaseball.com/Record/Player/Defense/Basic.aspx"
"2025","52002","KBO-52002","KT 위즈","김병준","OF","KT","중견수","1","0","3","0","0","0","0","0","-","0","0","0","-","https://www.koreabaseball.com/Record/Player/Defense/Basic.aspx"
"2025","79402","KBO-79402","KT 위즈","김상수","IF","KT","2루수","99","90","742 1/3","6","0","167","268","45","0.986","0","0","0","-","https://www.koreabaseball.com/Record/Player/Defense/Basic.aspx"
"2025","79402","KBO-79402","KT 위즈","김상수","IF","KT","유격수","25","13","125 2/3","2","0","29","34","6","0.969","0","0","0","-","https://www.koreabaseball.com/Record/Player/Defense/Basic.aspx"
"2025","64007","KBO-64007","KT 위즈","문상철","IF","KT","1루수","61","45","382","0","0","351","30","31","1.000","0","0","0","-","https://www.koreabaseball.com/Record/Player/Defense/Basic.aspx"
"2025","69056","KBO-69056","KT 위즈","박민석","IF","KT","2루수","5","2","12","1","0","4","4","0","0.889","0","0","0","-","https://www.koreabaseball.com/Record/Player/Defense/Basic.aspx"
"2025","69056","KBO-69056","KT 위즈","박민석","IF","KT","유격수","11","3","43 1/3","1","0","7","11","7","0.947","0","0","0","-","https://www.koreabaseball.com/Record/Player/Defense/Basic.aspx"
"2025","64166","KBO-64166","KT 위즈","배정대","OF","KT","중견수","92","64","617 1/3","1","0","156","2","1","0.994","0","0","0","-","https://www.koreabaseball.com/Record/Player/Defense/Basic.aspx"
"2025","64012","KBO-64012","KT 위즈","송민섭","OF","KT","우익수","3","0","4","0","0","2","0","0","1.000","0","0","0","-","https://www.koreabaseball.com/Record/Player/Defense/Basic.aspx"
"2025","55013","KBO-55013","KT 위즈","스티븐슨","OF","KT","우익수","2","0","3","0","0","0","0","0","-","0","0","0","-","https://www.koreabaseball.com/Record/Player/Defense/Basic.aspx"
"2025","55013","KBO-55013","KT 위즈","스티븐슨","OF","KT","중견수","39","39","331 2/3","2","0","73","2","0","0.974","0","0","0","-","https://www.koreabaseball.com/Record/Player/Defense/Basic.aspx"
"2025","67006","KBO-67006","KT 위즈","안치영","OF","KT","우익수","17","1","35 1/3","0","0","10","0","0","1.000","0","0","0","-","https://www.koreabaseball.com/Record/Player/Defense/Basic.aspx"
"2025","67006","KBO-67006","KT 위즈","안치영","OF","KT","좌익수","23","9","87 2/3","0","0","22","0","0","1.000","0","0","0","-","https://www.koreabaseball.com/Record/Player/Defense/Basic.aspx"
"2025","67006","KBO-67006","KT 위즈","안치영","OF","KT","중견수","5","2","19","0","0","5","0","0","1.000","0","0","0","-","https://www.koreabaseball.com/Record/Player/Defense/Basic.aspx"
"2025","52001","KBO-52001","KT 위즈","안현민","OF","KT","우익수","93","84","699 2/3","7","0","149","14","1","0.959","0","0","0","-","https://www.koreabaseball.com/Record/Player/Defense/Basic.aspx"
"2025","52001","KBO-52001","KT 위즈","안현민","OF","KT","좌익수","1","0","1","0","0","0","0","0","-","0","0","0","-","https://www.koreabaseball.com/Record/Player/Defense/Basic.aspx"
"2025","52001","KBO-52001","KT 위즈","안현민","OF","KT","중견수","14","12","88 2/3","1","0","18","0","0","0.947","0","0","0","-","https://www.koreabaseball.com/Record/Player/Defense/Basic.aspx"
"2025","55005","KBO-55005","KT 위즈","오서진","IF","KT","2루수","1","0","1 1/3","1","0","0","0","0","0.000","0","0","0","-","https://www.koreabaseball.com/Record/Player/Defense/Basic.aspx"
"2025","55005","KBO-55005","KT 위즈","오서진","IF","KT","3루수","1","0","1","0","0","0","0","0","-","0","0","0","-","https://www.koreabaseball.com/Record/Player/Defense/Basic.aspx"
"2025","55005","KBO-55005","KT 위즈","오서진","IF","KT","유격수","2","0","2","0","0","2","1","1","1.000","0","0","0","-","https://www.koreabaseball.com/Record/Player/Defense/Basic.aspx"
"2025","64504","KBO-64504","KT 위즈","오윤석","IF","KT","1루수","34","22","190 1/3","0","0","171","15","16","1.000","0","0","0","-","https://www.koreabaseball.com/Record/Player/Defense/Basic.aspx"
"2025","64504","KBO-64504","KT 위즈","오윤석","IF","KT","2루수","48","21","215 1/3","1","0","48","76","12","0.992","0","0","0","-","https://www.koreabaseball.com/Record/Player/Defense/Basic.aspx"
"2025","64504","KBO-64504","KT 위즈","오윤석","IF","KT","3루수","1","0","1","0","0","0","0","0","-","0","0","0","-","https://www.koreabaseball.com/Record/Player/Defense/Basic.aspx"
"2025","51013","KBO-51013","KT 위즈","유준규","OF","KT","우익수","2","2","12","0","0","2","0","0","1.000","0","0","0","-","https://www.koreabaseball.com/Record/Player/Defense/Basic.aspx"
"2025","51013","KBO-51013","KT 위즈","유준규","OF","KT","좌익수","17","4","41 2/3","0","0","8","0","0","1.000","0","0","0","-","https://www.koreabaseball.com/Record/Player/Defense/Basic.aspx"
"2025","51013","KBO-51013","KT 위즈","유준규","OF","KT","중견수","8","1","25 2/3","0","0","8","1","0","1.000","0","0","0","-","https://www.koreabaseball.com/Record/Player/Defense/Basic.aspx"
"2025","50092","KBO-50092","KT 위즈","윤준혁","IF","KT","1루수","9","1","23","0","0","19","2","4","1.000","0","0","0","-","https://www.koreabaseball.com/Record/Player/Defense/Basic.aspx"
"2025","50092","KBO-50092","KT 위즈","윤준혁","IF","KT","3루수","2","0","5","0","0","0","0","0","-","0","0","0","-","https://www.koreabaseball.com/Record/Player/Defense/Basic.aspx"
"2025","50092","KBO-50092","KT 위즈","윤준혁","IF","KT","유격수","4","0","11","0","0","0","4","1","1.000","0","0","0","-","https://www.koreabaseball.com/Record/Player/Defense/Basic.aspx"
"2025","67644","KBO-67644","KT 위즈","이정훈","OF","KT","1루수","2","1","9","1","0","8","0","0","0.889","0","0","0","-","https://www.koreabaseball.com/Record/Player/Defense/Basic.aspx"
"2025","67644","KBO-67644","KT 위즈","이정훈","OF","KT","좌익수","24","17","132","0","0","23","0","0","1.000","0","0","0","-","https://www.koreabaseball.com/Record/Player/Defense/Basic.aspx"
"2025","68504","KBO-68504","KT 위즈","이호연","IF","KT","1루수","12","9","80","0","0","68","5","3","1.000","0","0","0","-","https://www.koreabaseball.com/Record/Player/Defense/Basic.aspx"
"2025","68504","KBO-68504","KT 위즈","이호연","IF","KT","2루수","5","0","8 2/3","0","0","1","2","1","1.000","0","0","0","-","https://www.koreabaseball.com/Record/Player/Defense/Basic.aspx"
"2025","68504","KBO-68504","KT 위즈","이호연","IF","KT","3루수","6","3","28","1","0","3","2","0","0.833","0","0","0","-","https://www.koreabaseball.com/Record/Player/Defense/Basic.aspx"
"2025","78548","KBO-78548","KT 위즈","장성우","C","KT","포수","112","98","836 2/3","5","0","708","43","5","0.993","4","104","11","9.6","https://www.koreabaseball.com/Record/Player/Defense/Basic.aspx"
"2025","64115","KBO-64115","KT 위즈","장준원","IF","KT","2루수","11","4","40 1/3","0","0","11","16","4","1.000","0","0","0","-","https://www.koreabaseball.com/Record/Player/Defense/Basic.aspx"
"2025","64115","KBO-64115","KT 위즈","장준원","IF","KT","3루수","11","0","26 1/3","0","0","2","4","1","1.000","0","0","0","-","https://www.koreabaseball.com/Record/Player/Defense/Basic.aspx"
"2025","64115","KBO-64115","KT 위즈","장준원","IF","KT","유격수","62","47","355","3","0","72","114","26","0.984","0","0","0","-","https://www.koreabaseball.com/Record/Player/Defense/Basic.aspx"
"2025","66706","KBO-66706","KT 위즈","장진혁","OF","KT","우익수","27","5","77","1","0","19","0","0","0.950","0","0","0","-","https://www.koreabaseball.com/Record/Player/Defense/Basic.aspx"
"2025","66706","KBO-66706","KT 위즈","장진혁","OF","KT","좌익수","41","11","159","0","0","37","3","1","1.000","0","0","0","-","https://www.koreabaseball.com/Record/Player/Defense/Basic.aspx"
"2025","66706","KBO-66706","KT 위즈","장진혁","OF","KT","중견수","20","13","109 1/3","0","0","36","1","0","1.000","0","0","0","-","https://www.koreabaseball.com/Record/Player/Defense/Basic.aspx"
"2025","68089","KBO-68089","KT 위즈","조대현","C","KT","포수","62","24","246 2/3","7","0","196","10","1","0.967","2","15","2","11.8","https://www.koreabaseball.com/Record/Player/Defense/Basic.aspx"
"2025","51007","KBO-51007","KT 위즈","최성민","OF","KT","우익수","21","2","50","0","0","10","0","0","1.000","0","0","0","-","https://www.koreabaseball.com/Record/Player/Defense/Basic.aspx"
"2025","51007","KBO-51007","KT 위즈","최성민","OF","KT","좌익수","10","1","17 1/3","0","0","6","1","0","1.000","0","0","0","-","https://www.koreabaseball.com/Record/Player/Defense/Basic.aspx"
"2025","51007","KBO-51007","KT 위즈","최성민","OF","KT","중견수","3","1","5 1/3","1","0","1","0","0","0.500","0","0","0","-","https://www.koreabaseball.com/Record/Player/Defense/Basic.aspx"
"2025","79240","KBO-79240","KT 위즈","허경민","IF","KT","3루수","113","110","936 1/3","10","0","75","161","10","0.959","0","0","0","-","https://www.koreabaseball.com/Record/Player/Defense/Basic.aspx"
"2025","76313","KBO-76313","KT 위즈","황재균","IF","KT","1루수","79","65","561 2/3","3","0","541","50","38","0.995","0","0","0","-","https://www.koreabaseball.com/Record/Player/Defense/Basic.aspx"
"2025","76313","KBO-76313","KT 위즈","황재균","IF","KT","2루수","3","1","11","1","0","2","2","0","0.800","0","0","0","-","https://www.koreabaseball.com/Record/Player/Defense/Basic.aspx"
"2025","76313","KBO-76313","KT 위즈","황재균","IF","KT","3루수","38","31","271 2/3","1","0","23","22","2","0.978","0","0","0","-","https://www.koreabaseball.com/Record/Player/Defense/Basic.aspx"
"2025","76313","KBO-76313","KT 위즈","황재균","IF","KT","유격수","1","0","1","0","0","0","1","0","1.000","0","0","0","-","https://www.koreabaseball.com/Record/Player/Defense/Basic.aspx"
"2025","69100","KBO-69100","LG 트윈스","구본혁","IF","LG","2루수","35","26","220 2/3","1","0","51","63","16","0.991","0","0","0","-","https://www.koreabaseball.com/Record/Player/Defense/Basic.aspx"
"2025","69100","KBO-69100","LG 트윈스","구본혁","IF","LG","3루수","68","33","328 2/3","2","0","21","72","9","0.979","0","0","0","-","https://www.koreabaseball.com/Record/Player/Defense/Basic.aspx"
"2025","69100","KBO-69100","LG 트윈스","구본혁","IF","LG","유격수","57","36","315","3","0","57","97","22","0.981","0","0","0","-","https://www.koreabaseball.com/Record/Player/Defense/Basic.aspx"
"2025","69100","KBO-69100","LG 트윈스","구본혁","IF","LG","좌익수","4","2","16","0","0","2","0","0","1.000","0","0","0","-","https://www.koreabaseball.com/Record/Player/Defense/Basic.aspx"
"2025","52105","KBO-52105","LG 트윈스","김성우","C","LG","포수","5","0","9","0","0","8","0","0","1.000","0","0","0","-","https://www.koreabaseball.com/Record/Player/Defense/Basic.aspx"
"2025","66162","KBO-66162","LG 트윈스","김주성","IF","LG","1루수","4","3","21","0","0","28","2","1","1.000","0","0","0","-","https://www.koreabaseball.com/Record/Player/Defense/Basic.aspx"
"2025","66162","KBO-66162","LG 트윈스","김주성","IF","LG","2루수","2","0","3","0","0","0","0","0","-","0","0","0","-","https://www.koreabaseball.com/Record/Player/Defense/Basic.aspx"
"2025","66162","KBO-66162","LG 트윈스","김주성","IF","LG","3루수","1","1","4","1","0","0","2","0","0.667","0","0","0","-","https://www.koreabaseball.com/Record/Player/Defense/Basic.aspx"
"2025","66162","KBO-66162","LG 트윈스","김주성","IF","LG","좌익수","1","0","1","0","0","0","0","0","-","0","0","0","-","https://www.koreabaseball.com/Record/Player/Defense/Basic.aspx"
"2025","76290","KBO-76290","LG 트윈스","김현수","OF","LG","1루수","12","9","83","2","0","73","9","6","0.976","0","0","0","-","https://www.koreabaseball.com/Record/Player/Defense/Basic.aspx"
"2025","76290","KBO-76290","LG 트윈스","김현수","OF","LG","좌익수","76","74","560 2/3","2","0","115","3","0","0.983","0","0","0","-","https://www.koreabaseball.com/Record/Player/Defense/Basic.aspx"
"2025","54166","KBO-54166","LG 트윈스","김현종","OF","LG","우익수","1","0","3","0","0","0","0","0","-","0","0","0","-","https://www.koreabaseball.com/Record/Player/Defense/Basic.aspx"
"2025","54166","KBO-54166","LG 트윈스","김현종","OF","LG","좌익수","9","1","14","0","0","1","0","0","1.000","0","0","0","-","https://www.koreabaseball.com/Record/Player/Defense/Basic.aspx"
"2025","69102","KBO-69102","LG 트윈스","문보경","IF","LG","1루수","37","18","190 1/3","2","0","191","10","28","0.990","0","0","0","-","https://www.koreabaseball.com/Record/Player/Defense/Basic.aspx"
"2025","69102","KBO-69102","LG 트윈스","문보경","IF","LG","3루수","95","91","753 2/3","14","0","48","153","13","0.935","0","0","0","-","https://www.koreabaseball.com/Record/Player/Defense/Basic.aspx"
"2025","68119","KBO-68119","LG 트윈스","문성주","OF","LG","우익수","80","76","644 1/3","1","0","144","4","0","0.993","0","0","0","-","https://www.koreabaseball.com/Record/Player/Defense/Basic.aspx"
"2025","68119","KBO-68119","LG 트윈스","문성주","OF","LG","좌익수","32","26","226","0","0","57","1","0","1.000","0","0","0","-","https://www.koreabaseball.com/Record/Player/Defense/Basic.aspx"
"2025","52121","KBO-52121","LG 트윈스","문정빈","IF","LG","1루수","6","2","18","0","0","18","2","2","1.000","0","0","0","-","https://www.koreabaseball.com/Record/Player/Defense/Basic.aspx"
"2025","52121","KBO-52121","LG 트윈스","문정빈","IF","LG","3루수","9","2","26","0","0","0","4","1","1.000","0","0","0","-","https://www.koreabaseball.com/Record/Player/Defense/Basic.aspx"
"2025","52121","KBO-52121","LG 트윈스","문정빈","IF","LG","우익수","2","1","8","0","0","0","0","0","-","0","0","0","-","https://www.koreabaseball.com/Record/Player/Defense/Basic.aspx"
"2025","52121","KBO-52121","LG 트윈스","문정빈","IF","LG","좌익수","2","2","7","0","0","4","0","0","1.000","0","0","0","-","https://www.koreabaseball.com/Record/Player/Defense/Basic.aspx"
"2025","55164","KBO-55164","LG 트윈스","박관우","OF","LG","우익수","15","0","27","1","0","2","0","0","0.667","0","0","0","-","https://www.koreabaseball.com/Record/Player/Defense/Basic.aspx"
"2025","55164","KBO-55164","LG 트윈스","박관우","OF","LG","좌익수","17","7","57 1/3","0","0","12","0","0","1.000","0","0","0","-","https://www.koreabaseball.com/Record/Player/Defense/Basic.aspx"
"2025","79365","KBO-79365","LG 트윈스","박동원","C","LG","포수","130","102","938 1/3","8","2","784","78","11","0.991","2","67","18","21.2","https://www.koreabaseball.com/Record/Player/Defense/Basic.aspx"
"2025","62415","KBO-62415","LG 트윈스","박해민","OF","LG","중견수","144","136","1179","1","0","310","6","2","0.997","0","0","0","-","https://www.koreabaseball.com/Record/Player/Defense/Basic.aspx"
"2025","54156","KBO-54156","LG 트윈스","손용준","IF","LG","1루수","2","2","8","0","0","11","1","1","1.000","0","0","0","-","https://www.koreabaseball.com/Record/Player/Defense/Basic.aspx"
"2025","54156","KBO-54156","LG 트윈스","손용준","IF","LG","3루수","2","2","13","1","0","1","3","2","0.800","0","0","0","-","https://www.koreabaseball.com/Record/Player/Defense/Basic.aspx"
"2025","68110","KBO-68110","LG 트윈스","송찬의","OF","LG","1루수","4","2","16","1","0","17","1","1","0.947","0","0","0","-","https://www.koreabaseball.com/Record/Player/Defense/Basic.aspx"
"2025","68110","KBO-68110","LG 트윈스","송찬의","OF","LG","3루수","3","0","6","0","0","0","0","0","-","0","0","0","-","https://www.koreabaseball.com/Record/Player/Defense/Basic.aspx"
"2025","68110","KBO-68110","LG 트윈스","송찬의","OF","LG","우익수","25","17","153","0","0","29","0","0","1.000","0","0","0","-","https://www.koreabaseball.com/Record/Player/Defense/Basic.aspx"
"2025","68110","KBO-68110","LG 트윈스","송찬의","OF","LG","좌익수","24","12","123 1/3","0","0","30","2","0","1.000","0","0","0","-","https://www.koreabaseball.com/Record/Player/Defense/Basic.aspx"
"2025","68110","KBO-68110","LG 트윈스","송찬의","OF","LG","중견수","4","2","15","0","0","2","0","0","1.000","0","0","0","-","https://www.koreabaseball.com/Record/Player/Defense/Basic.aspx"
"2025","65207","KBO-65207","LG 트윈스","신민재","IF","LG","2루수","130","113","992 2/3","12","0","245","320","87","0.979","0","0","0","-","https://www.koreabaseball.com/Record/Player/Defense/Basic.aspx"
"2025","65207","KBO-65207","LG 트윈스","신민재","IF","LG","유격수","1","0","6","0","0","0","2","0","1.000","0","0","0","-","https://www.koreabaseball.com/Record/Player/Defense/Basic.aspx"
"2025","65207","KBO-65207","LG 트윈스","신민재","IF","LG","중견수","2","1","6","0","0","0","0","0","-","0","0","0","-","https://www.koreabaseball.com/Record/Player/Defense/Basic.aspx"
"2025","53123","KBO-53123","LG 트윈스","오스틴","IF","LG","1루수","96","94","793","8","0","723","61","66","0.990","0","0","0","-","https://www.koreabaseball.com/Record/Player/Defense/Basic.aspx"
"2025","79109","KBO-79109","LG 트윈스","오지환","IF","LG","유격수","123","107","939 1/3","9","0","148","295","67","0.980","0","0","0","-","https://www.koreabaseball.com/Record/Player/Defense/Basic.aspx"
"2025","51100","KBO-51100","LG 트윈스","이영빈","IF","LG","1루수","14","2","37","0","0","45","2","4","1.000","0","0","0","-","https://www.koreabaseball.com/Record/Player/Defense/Basic.aspx"
"2025","51100","KBO-51100","LG 트윈스","이영빈","IF","LG","2루수","15","5","53","0","0","11","24","3","1.000","0","0","0","-","https://www.koreabaseball.com/Record/Player/Defense/Basic.aspx"
"2025","51100","KBO-51100","LG 트윈스","이영빈","IF","LG","3루수","11","5","50","0","0","2","8","1","1.000","0","0","0","-","https://www.koreabaseball.com/Record/Player/Defense/Basic.aspx"
"2025","51100","KBO-51100","LG 트윈스","이영빈","IF","LG","우익수","2","0","2","0","0","0","0","0","-","0","0","0","-","https://www.koreabaseball.com/Record/Player/Defense/Basic.aspx"
"2025","51100","KBO-51100","LG 트윈스","이영빈","IF","LG","유격수","8","1","18","0","0","1","5","1","1.000","0","0","0","-","https://www.koreabaseball.com/Record/Player/Defense/Basic.aspx"
"2025","52154","KBO-52154","LG 트윈스","이주헌","C","LG","포수","69","42","332","4","0","295","16","2","0.987","5","28","3","9.7","https://www.koreabaseball.com/Record/Player/Defense/Basic.aspx"
"2025","50054","KBO-50054","LG 트윈스","천성호","IF","LG","1루수","21","10","99","1","0","89","9","9","0.990","0","0","0","-","https://www.koreabaseball.com/Record/Player/Defense/Basic.aspx"
"2025","50054","KBO-50054","LG 트윈스","천성호","IF","LG","2루수","27","18","158 1/3","2","0","36","66","14","0.981","0","0","0","-","https://www.koreabaseball.com/Record/Player/Defense/Basic.aspx"
"2025","50054","KBO-50054","LG 트윈스","천성호","IF","LG","3루수","20","10","85","1","0","7","9","3","0.941","0","0","0","-","https://www.koreabaseball.com/Record/Player/Defense/Basic.aspx"
"2025","50054","KBO-50054","LG 트윈스","천성호","IF","LG","우익수","3","3","17","0","0","1","0","0","1.000","0","0","0","-","https://www.koreabaseball.com/Record/Player/Defense/Basic.aspx"
"2025","50054","KBO-50054","LG 트윈스","천성호","IF","LG","좌익수","8","5","29","0","0","6","0","0","1.000","0","0","0","-","https://www.koreabaseball.com/Record/Player/Defense/Basic.aspx"
"2025","65905","KBO-65905","LG 트윈스","최승민","OF","LG","우익수","2","0","2 1/3","0","0","0","0","0","-","0","0","0","-","https://www.koreabaseball.com/Record/Player/Defense/Basic.aspx"
"2025","65905","KBO-65905","LG 트윈스","최승민","OF","LG","좌익수","12","0","19 2/3","1","0","5","0","0","0.833","0","0","0","-","https://www.koreabaseball.com/Record/Player/Defense/Basic.aspx"
"2025","65905","KBO-65905","LG 트윈스","최승민","OF","LG","중견수","1","0","1","0","0","0","0","0","-","0","0","0","-","https://www.koreabaseball.com/Record/Player/Defense/Basic.aspx"
"2025","52103","KBO-52103","LG 트윈스","최원영","OF","LG","우익수","27","7","81","0","0","23","0","0","1.000","0","0","0","-","https://www.koreabaseball.com/Record/Player/Defense/Basic.aspx"
"2025","52103","KBO-52103","LG 트윈스","최원영","OF","LG","좌익수","60","8","169 1/3","1","0","41","0","0","0.976","0","0","0","-","https://www.koreabaseball.com/Record/Player/Defense/Basic.aspx"
"2025","52103","KBO-52103","LG 트윈스","최원영","OF","LG","중견수","34","5","78 1/3","0","0","29","0","0","1.000","0","0","0","-","https://www.koreabaseball.com/Record/Player/Defense/Basic.aspx"
"2025","50108","KBO-50108","LG 트윈스","함창건","OF","LG","우익수","6","0","12","0","0","3","0","0","1.000","0","0","0","-","https://www.koreabaseball.com/Record/Player/Defense/Basic.aspx"
"2025","50108","KBO-50108","LG 트윈스","함창건","OF","LG","좌익수","9","7","56","0","0","17","0","0","1.000","0","0","0","-","https://www.koreabaseball.com/Record/Player/Defense/Basic.aspx"
"2025","66108","KBO-66108","LG 트윈스","홍창기","OF","LG","우익수","42","40","329 2/3","0","0","58","2","0","1.000","0","0","0","-","https://www.koreabaseball.com/Record/Player/Defense/Basic.aspx"
"2025","54908","KBO-54908","NC 다이노스","고승완","OF","NC","우익수","1","0","3","0","0","0","0","0","-","0","0","0","-","https://www.koreabaseball.com/Record/Player/Defense/Basic.aspx"
"2025","54908","KBO-54908","NC 다이노스","고승완","OF","NC","좌익수","2","0","7","0","0","1","0","0","1.000","0","0","0","-","https://www.koreabaseball.com/Record/Player/Defense/Basic.aspx"
"2025","54908","KBO-54908","NC 다이노스","고승완","OF","NC","중견수","6","1","10 1/3","0","0","8","0","0","1.000","0","0","0","-","https://www.koreabaseball.com/Record/Player/Defense/Basic.aspx"
"2025","63963","KBO-63963","NC 다이노스","권희동","OF","NC","1루수","1","0","1/3","0","0","0","0","0","-","0","0","0","-","https://www.koreabaseball.com/Record/Player/Defense/Basic.aspx"
"2025","63963","KBO-63963","NC 다이노스","권희동","OF","NC","우익수","23","21","117","0","0","19","1","0","1.000","0","0","0","-","https://www.koreabaseball.com/Record/Player/Defense/Basic.aspx"
"2025","63963","KBO-63963","NC 다이노스","권희동","OF","NC","좌익수","103","82","669 1/3","1","0","135","7","0","0.993","0","0","0","-","https://www.koreabaseball.com/Record/Player/Defense/Basic.aspx"
"2025","63963","KBO-63963","NC 다이노스","권희동","OF","NC","중견수","6","4","22","0","0","5","0","0","1.000","0","0","0","-","https://www.koreabaseball.com/Record/Player/Defense/Basic.aspx"
"2025","63963","KBO-63963","NC 다이노스","권희동","OF","NC","포수","1","0","1","0","0","1","0","0","1.000","0","0","0","-","https://www.koreabaseball.com/Record/Player/Defense/Basic.aspx"
"2025","51903","KBO-51903","NC 다이노스","김정호","C","NC","포수","8","3","32","0","0","32","2","0","1.000","0","5","1","16.7","https://www.koreabaseball.com/Record/Player/Defense/Basic.aspx"
"2025","51907","KBO-51907","NC 다이노스","김주원","IF","NC","유격수","140","139","1166","29","0","246","336","79","0.953","0","0","0","-","https://www.koreabaseball.com/Record/Player/Defense/Basic.aspx"
"2025","50902","KBO-50902","NC 다이노스","김한별","IF","NC","2루수","27","7","85 1/3","0","0","10","26","5","1.000","0","0","0","-","https://www.koreabaseball.com/Record/Player/Defense/Basic.aspx"
"2025","50902","KBO-50902","NC 다이노스","김한별","IF","NC","3루수","27","3","56 1/3","0","0","7","8","2","1.000","0","0","0","-","https://www.koreabaseball.com/Record/Player/Defense/Basic.aspx"
"2025","50902","KBO-50902","NC 다이노스","김한별","IF","NC","유격수","28","5","82","2","0","17","29","5","0.958","0","0","0","-","https://www.koreabaseball.com/Record/Player/Defense/Basic.aspx"
"2025","68912","KBO-68912","NC 다이노스","김형준","C","NC","포수","123","107","906","4","1","782","78","8","0.995","6","47","26","35.6","https://www.koreabaseball.com/Record/Player/Defense/Basic.aspx"
"2025","51344","KBO-51344","NC 다이노스","김휘집","IF","NC","1루수","21","6","74 1/3","0","0","62","5","10","1.000","0","0","0","-","https://www.koreabaseball.com/Record/Player/Defense/Basic.aspx"
"2025","51344","KBO-51344","NC 다이노스","김휘집","IF","NC","3루수","130","119","1005","19","0","106","193","20","0.940","0","0","0","-","https://www.koreabaseball.com/Record/Player/Defense/Basic.aspx"
"2025","54944","KBO-54944","NC 다이노스","데이비슨","IF","NC","1루수","87","87","660 1/3","2","0","572","46","53","0.997","0","0","0","-","https://www.koreabaseball.com/Record/Player/Defense/Basic.aspx"
"2025","54944","KBO-54944","NC 다이노스","데이비슨","IF","NC","투수","1","0","1/3","0","0","0","0","0","-","0","0","0","-","https://www.koreabaseball.com/Record/Player/Defense/Basic.aspx"
"2025","66965","KBO-66965","NC 다이노스","도태훈","IF","NC","1루수","23","5","89","0","0","77","8","9","1.000","0","0","0","-","https://www.koreabaseball.com/Record/Player/Defense/Basic.aspx"
"2025","66965","KBO-66965","NC 다이노스","도태훈","IF","NC","2루수","22","9","93 1/3","1","0","20","38","4","0.983","0","0","0","-","https://www.koreabaseball.com/Record/Player/Defense/Basic.aspx"
"2025","66965","KBO-66965","NC 다이노스","도태훈","IF","NC","3루수","11","2","28","1","0","1","4","0","0.833","0","0","0","-","https://www.koreabaseball.com/Record/Player/Defense/Basic.aspx"
"2025","66965","KBO-66965","NC 다이노스","도태훈","IF","NC","유격수","6","0","21 2/3","1","0","2","9","1","0.917","0","0","0","-","https://www.koreabaseball.com/Record/Player/Defense/Basic.aspx"
"2025","66965","KBO-66965","NC 다이노스","도태훈","IF","NC","투수","1","0","1","0","0","0","0","0","-","0","0","0","-","https://www.koreabaseball.com/Record/Player/Defense/Basic.aspx"
"2025","79215","KBO-79215","NC 다이노스","박건우","OF","NC","우익수","69","64","458","1","0","83","5","1","0.989","0","0","0","-","https://www.koreabaseball.com/Record/Player/Defense/Basic.aspx"
"2025","79215","KBO-79215","NC 다이노스","박건우","OF","NC","중견수","7","7","51","1","0","13","0","0","0.929","0","0","0","-","https://www.koreabaseball.com/Record/Player/Defense/Basic.aspx"
"2025","62907","KBO-62907","NC 다이노스","박민우","IF","NC","1루수","7","1","20","0","0","20","0","1","1.000","0","0","0","-","https://www.koreabaseball.com/Record/Player/Defense/Basic.aspx"
"2025","62907","KBO-62907","NC 다이노스","박민우","IF","NC","2루수","100","96","766 1/3","10","0","205","259","58","0.979","0","0","0","-","https://www.koreabaseball.com/Record/Player/Defense/Basic.aspx"
"2025","62244","KBO-62244","NC 다이노스","박세혁","C","NC","포수","43","19","185 1/3","3","0","148","12","1","0.982","0","22","2","8.3","https://www.koreabaseball.com/Record/Player/Defense/Basic.aspx"
"2025","50996","KBO-50996","NC 다이노스","박시원","OF","NC","우익수","34","4","93 1/3","0","0","18","0","0","1.000","0","0","0","-","https://www.koreabaseball.com/Record/Player/Defense/Basic.aspx"
"2025","50996","KBO-50996","NC 다이노스","박시원","OF","NC","좌익수","2","1","12","0","0","6","0","0","1.000","0","0","0","-","https://www.koreabaseball.com/Record/Player/Defense/Basic.aspx"
"2025","50996","KBO-50996","NC 다이노스","박시원","OF","NC","중견수","8","6","41","0","0","9","0","0","1.000","0","0","0","-","https://www.koreabaseball.com/Record/Player/Defense/Basic.aspx"
"2025","50906","KBO-50906","NC 다이노스","박영빈","OF","NC","중견수","5","0","8","0","0","3","0","0","1.000","0","0","0","-","https://www.koreabaseball.com/Record/Player/Defense/Basic.aspx"
"2025","69995","KBO-69995","NC 다이노스","서호철","IF","NC","1루수","55","27","272","1","0","241","7","26","0.996","0","0","0","-","https://www.koreabaseball.com/Record/Player/Defense/Basic.aspx"
"2025","69995","KBO-69995","NC 다이노스","서호철","IF","NC","2루수","31","23","179","3","0","42","58","10","0.971","0","0","0","-","https://www.koreabaseball.com/Record/Player/Defense/Basic.aspx"
"2025","69995","KBO-69995","NC 다이노스","서호철","IF","NC","3루수","31","18","166 1/3","4","0","14","30","4","0.917","0","0","0","-","https://www.koreabaseball.com/Record/Player/Defense/Basic.aspx"
"2025","69203","KBO-69203","NC 다이노스","송승환","OF","NC","1루수","1","1","2","0","0","2","0","1","1.000","0","0","0","-","https://www.koreabaseball.com/Record/Player/Defense/Basic.aspx"
"2025","69203","KBO-69203","NC 다이노스","송승환","OF","NC","좌익수","3","1","6","0","0","1","0","0","1.000","0","0","0","-","https://www.koreabaseball.com/Record/Player/Defense/Basic.aspx"
"2025","50901","KBO-50901","NC 다이노스","안인산","IF","NC","1루수","2","0","2","0","0","2","0","0","1.000","0","0","0","-","https://www.koreabaseball.com/Record/Player/Defense/Basic.aspx"
"2025","64022","KBO-64022","NC 다이노스","안중열","C","NC","포수","32","15","145 2/3","2","0","99","11","0","0.982","1","6","1","14.3","https://www.koreabaseball.com/Record/Player/Defense/Basic.aspx"
"2025","68904","KBO-68904","NC 다이노스","오영수","IF","NC","1루수","16","7","64","1","0","52","3","6","0.982","0","0","0","-","https://www.koreabaseball.com/Record/Player/Defense/Basic.aspx"
"2025","51996","KBO-51996","NC 다이노스","오태양","IF","NC","2루수","5","0","8","1","0","2","4","1","0.857","0","0","0","-","https://www.koreabaseball.com/Record/Player/Defense/Basic.aspx"
"2025","51996","KBO-51996","NC 다이노스","오태양","IF","NC","중견수","5","3","25","0","0","6","0","0","1.000","0","0","0","-","https://www.koreabaseball.com/Record/Player/Defense/Basic.aspx"
"2025","63260","KBO-63260","NC 다이노스","이우성","OF","NC","1루수","9","8","63","1","0","53","6","3","0.983","0","0","0","-","https://www.koreabaseball.com/Record/Player/Defense/Basic.aspx"
"2025","63260","KBO-63260","NC 다이노스","이우성","OF","NC","우익수","14","9","91 2/3","0","0","13","0","0","1.000","0","0","0","-","https://www.koreabaseball.com/Record/Player/Defense/Basic.aspx"
"2025","63260","KBO-63260","NC 다이노스","이우성","OF","NC","좌익수","75","66","470 1/3","2","0","120","3","1","0.984","0","0","0","-","https://www.koreabaseball.com/Record/Player/Defense/Basic.aspx"
"2025","63260","KBO-63260","NC 다이노스","이우성","OF","NC","중견수","3","1","12","0","0","4","0","0","1.000","0","0","0","-","https://www.koreabaseball.com/Record/Player/Defense/Basic.aspx"
"2025","67905","KBO-67905","NC 다이노스","천재환","OF","NC","우익수","52","11","202","1","0","29","3","0","0.970","0","0","0","-","https://www.koreabaseball.com/Record/Player/Defense/Basic.aspx"
"2025","67905","KBO-67905","NC 다이노스","천재환","OF","NC","좌익수","53","5","174 1/3","1","0","43","0","0","0.977","0","0","0","-","https://www.koreabaseball.com/Record/Player/Defense/Basic.aspx"
"2025","67905","KBO-67905","NC 다이노스","천재환","OF","NC","중견수","60","39","314 2/3","0","0","87","1","0","1.000","0","0","0","-","https://www.koreabaseball.com/Record/Player/Defense/Basic.aspx"
"2025","66606","KBO-66606","NC 다이노스","최원준","OF","NC","1루수","1","0","2","0","0","1","0","0","1.000","0","0","0","-","https://www.koreabaseball.com/Record/Player/Defense/Basic.aspx"
"2025","66606","KBO-66606","NC 다이노스","최원준","OF","NC","우익수","66","29","324 2/3","2","0","62","4","0","0.971","0","0","0","-","https://www.koreabaseball.com/Record/Player/Defense/Basic.aspx"
"2025","66606","KBO-66606","NC 다이노스","최원준","OF","NC","좌익수","2","0","4","0","0","0","0","0","-","0","0","0","-","https://www.koreabaseball.com/Record/Player/Defense/Basic.aspx"
"2025","66606","KBO-66606","NC 다이노스","최원준","OF","NC","중견수","80","71","611 2/3","1","0","158","6","1","0.994","0","0","0","-","https://www.koreabaseball.com/Record/Player/Defense/Basic.aspx"
"2025","69992","KBO-69992","NC 다이노스","최정원","IF","NC","2루수","25","7","89 1/3","0","0","22","28","5","1.000","0","0","0","-","https://www.koreabaseball.com/Record/Player/Defense/Basic.aspx"
"2025","69992","KBO-69992","NC 다이노스","최정원","IF","NC","3루수","1","1","4","1","0","2","1","0","0.750","0","0","0","-","https://www.koreabaseball.com/Record/Player/Defense/Basic.aspx"
"2025","69992","KBO-69992","NC 다이노스","최정원","IF","NC","우익수","1","0","4","0","0","1","0","0","1.000","0","0","0","-","https://www.koreabaseball.com/Record/Player/Defense/Basic.aspx"
"2025","69992","KBO-69992","NC 다이노스","최정원","IF","NC","좌익수","13","3","47 1/3","0","0","11","1","1","1.000","0","0","0","-","https://www.koreabaseball.com/Record/Player/Defense/Basic.aspx"
"2025","69992","KBO-69992","NC 다이노스","최정원","IF","NC","중견수","45","18","210","0","0","52","2","0","1.000","0","0","0","-","https://www.koreabaseball.com/Record/Player/Defense/Basic.aspx"
"2025","64101","KBO-64101","NC 다이노스","한석현","OF","NC","우익수","18","3","70 1/3","0","0","20","2","0","1.000","0","0","0","-","https://www.koreabaseball.com/Record/Player/Defense/Basic.aspx"
"2025","64101","KBO-64101","NC 다이노스","한석현","OF","NC","좌익수","12","3","41 2/3","0","0","4","0","0","1.000","0","0","0","-","https://www.koreabaseball.com/Record/Player/Defense/Basic.aspx"
"2025","64101","KBO-64101","NC 다이노스","한석현","OF","NC","중견수","30","20","186 2/3","1","0","49","2","0","0.981","0","0","0","-","https://www.koreabaseball.com/Record/Player/Defense/Basic.aspx"
"2025","50903","KBO-50903","NC 다이노스","한재환","IF","NC","1루수","6","2","21","0","0","23","1","2","1.000","0","0","0","-","https://www.koreabaseball.com/Record/Player/Defense/Basic.aspx"
"2025","50903","KBO-50903","NC 다이노스","한재환","IF","NC","3루수","1","0","2 1/3","0","0","0","0","0","-","0","0","0","-","https://www.koreabaseball.com/Record/Player/Defense/Basic.aspx"
"2025","50903","KBO-50903","NC 다이노스","한재환","IF","NC","좌익수","3","1","9","0","0","2","0","0","1.000","0","0","0","-","https://www.koreabaseball.com/Record/Player/Defense/Basic.aspx"
"2025","50600","KBO-50600","NC 다이노스","홍종표","IF","NC","2루수","44","10","164 1/3","2","0","46","50","12","0.980","0","0","0","-","https://www.koreabaseball.com/Record/Player/Defense/Basic.aspx"
"2025","50600","KBO-50600","NC 다이노스","홍종표","IF","NC","3루수","7","3","29","0","0","4","6","0","1.000","0","0","0","-","https://www.koreabaseball.com/Record/Player/Defense/Basic.aspx"
"2025","50600","KBO-50600","NC 다이노스","홍종표","IF","NC","유격수","2","0","1 1/3","0","0","0","1","0","1.000","0","0","0","-","https://www.koreabaseball.com/Record/Player/Defense/Basic.aspx"
"2025","51868","KBO-51868","SSG 랜더스","고명준","IF","SSG","1루수","123","120","986","3","0","850","81","91","0.997","0","0","0","-","https://www.koreabaseball.com/Record/Player/Defense/Basic.aspx"
"2025","50848","KBO-50848","SSG 랜더스","김성민","IF","SSG","투수","2","0","2/3","0","0","0","0","0","-","0","0","0","-","https://www.koreabaseball.com/Record/Player/Defense/Basic.aspx"
"2025","62934","KBO-62934","SSG 랜더스","김성욱","OF","SSG","우익수","32","16","164 2/3","0","0","33","0","0","1.000","0","0","0","-","https://www.koreabaseball.com/Record/Player/Defense/Basic.aspx"
"2025","62934","KBO-62934","SSG 랜더스","김성욱","OF","SSG","좌익수","7","4","35","0","0","8","0","0","1.000","0","0","0","-","https://www.koreabaseball.com/Record/Player/Defense/Basic.aspx"
"2025","62934","KBO-62934","SSG 랜더스","김성욱","OF","SSG","중견수","17","11","92","0","0","22","1","0","1.000","0","0","0","-","https://www.koreabaseball.com/Record/Player/Defense/Basic.aspx"
"2025","76802","KBO-76802","SSG 랜더스","김성현","IF","SSG","2루수","17","10","83 1/3","1","0","23","34","7","0.983","0","0","0","-","https://www.koreabaseball.com/Record/Player/Defense/Basic.aspx"
"2025","76802","KBO-76802","SSG 랜더스","김성현","IF","SSG","3루수","37","17","182","4","0","9","30","1","0.907","0","0","0","-","https://www.koreabaseball.com/Record/Player/Defense/Basic.aspx"
"2025","76802","KBO-76802","SSG 랜더스","김성현","IF","SSG","유격수","9","2","25","0","0","2","10","1","1.000","0","0","0","-","https://www.koreabaseball.com/Record/Player/Defense/Basic.aspx"
"2025","67900","KBO-67900","SSG 랜더스","김수윤","IF","SSG","3루수","7","5","35","2","0","4","8","2","0.857","0","0","0","-","https://www.koreabaseball.com/Record/Player/Defense/Basic.aspx"
"2025","66917","KBO-66917","SSG 랜더스","김찬형","IF","SSG","2루수","6","3","22 2/3","0","0","5","4","0","1.000","0","0","0","-","https://www.koreabaseball.com/Record/Player/Defense/Basic.aspx"
"2025","66917","KBO-66917","SSG 랜더스","김찬형","IF","SSG","3루수","32","20","175 1/3","3","0","18","39","6","0.950","0","0","0","-","https://www.koreabaseball.com/Record/Player/Defense/Basic.aspx"
"2025","66917","KBO-66917","SSG 랜더스","김찬형","IF","SSG","유격수","8","1","18 2/3","1","0","3","6","2","0.900","0","0","0","-","https://www.koreabaseball.com/Record/Player/Defense/Basic.aspx"
"2025","69825","KBO-69825","SSG 랜더스","김창평","OF","SSG","우익수","2","0","4","0","0","0","0","0","-","0","0","0","-","https://www.koreabaseball.com/Record/Player/Defense/Basic.aspx"
"2025","69825","KBO-69825","SSG 랜더스","김창평","OF","SSG","중견수","1","0","2","0","0","0","0","0","-","0","0","0","-","https://www.koreabaseball.com/Record/Player/Defense/Basic.aspx"
"2025","52803","KBO-52803","SSG 랜더스","김태윤","IF","SSG","2루수","2","0","2","0","0","0","1","0","1.000","0","0","0","-","https://www.koreabaseball.com/Record/Player/Defense/Basic.aspx"
"2025","52803","KBO-52803","SSG 랜더스","김태윤","IF","SSG","3루수","2","0","5","0","0","0","2","0","1.000","0","0","0","-","https://www.koreabaseball.com/Record/Player/Defense/Basic.aspx"
"2025","52803","KBO-52803","SSG 랜더스","김태윤","IF","SSG","유격수","1","0","1","0","0","0","0","0","-","0","0","0","-","https://www.koreabaseball.com/Record/Player/Defense/Basic.aspx"
"2025","50868","KBO-50868","SSG 랜더스","류효승","OF","SSG","좌익수","2","1","5","0","0","0","0","0","-","0","0","0","-","https://www.koreabaseball.com/Record/Player/Defense/Basic.aspx"
"2025","67893","KBO-67893","SSG 랜더스","박성한","IF","SSG","유격수","127","124","1065 1/3","20","0","222","340","90","0.966","0","0","0","-","https://www.koreabaseball.com/Record/Player/Defense/Basic.aspx"
"2025","54805","KBO-54805","SSG 랜더스","박지환","IF","SSG","3루수","18","17","138 1/3","5","0","12","26","1","0.884","0","0","0","-","https://www.koreabaseball.com/Record/Player/Defense/Basic.aspx"
"2025","54805","KBO-54805","SSG 랜더스","박지환","IF","SSG","우익수","9","4","37","0","0","8","0","0","1.000","0","0","0","-","https://www.koreabaseball.com/Record/Player/Defense/Basic.aspx"
"2025","54805","KBO-54805","SSG 랜더스","박지환","IF","SSG","중견수","1","0","2","0","0","0","0","0","-","0","0","0","-","https://www.koreabaseball.com/Record/Player/Defense/Basic.aspx"
"2025","52804","KBO-52804","SSG 랜더스","석정우","IF","SSG","2루수","9","7","57","2","0","13","17","5","0.938","0","0","0","-","https://www.koreabaseball.com/Record/Player/Defense/Basic.aspx"
"2025","52804","KBO-52804","SSG 랜더스","석정우","IF","SSG","3루수","20","8","78 1/3","2","0","2","7","0","0.818","0","0","0","-","https://www.koreabaseball.com/Record/Player/Defense/Basic.aspx"
"2025","52804","KBO-52804","SSG 랜더스","석정우","IF","SSG","유격수","1","0","3","0","0","0","2","0","1.000","0","0","0","-","https://www.koreabaseball.com/Record/Player/Defense/Basic.aspx"
"2025","66662","KBO-66662","SSG 랜더스","신범수","C","SSG","포수","23","8","82 1/3","0","0","75","4","0","1.000","0","9","1","10.0","https://www.koreabaseball.com/Record/Player/Defense/Basic.aspx"
"2025","66864","KBO-66864","SSG 랜더스","안상현","IF","SSG","2루수","25","22","179 2/3","2","0","33","56","11","0.978","0","0","0","-","https://www.koreabaseball.com/Record/Player/Defense/Basic.aspx"
"2025","66864","KBO-66864","SSG 랜더스","안상현","IF","SSG","3루수","44","32","298 1/3","4","0","18","44","5","0.939","0","0","0","-","https://www.koreabaseball.com/Record/Player/Defense/Basic.aspx"
"2025","66864","KBO-66864","SSG 랜더스","안상현","IF","SSG","유격수","32","17","170 1/3","3","0","37","42","15","0.963","0","0","0","-","https://www.koreabaseball.com/Record/Player/Defense/Basic.aspx"
"2025","53827","KBO-53827","SSG 랜더스","에레디아","OF","SSG","좌익수","86","86","740 2/3","2","0","194","6","0","0.990","0","0","0","-","https://www.koreabaseball.com/Record/Player/Defense/Basic.aspx"
"2025","60558","KBO-60558","SSG 랜더스","오태곤","OF","SSG","1루수","58","10","178 1/3","0","0","154","10","23","1.000","0","0","0","-","https://www.koreabaseball.com/Record/Player/Defense/Basic.aspx"
"2025","60558","KBO-60558","SSG 랜더스","오태곤","OF","SSG","우익수","21","10","95 2/3","0","0","14","1","1","1.000","0","0","0","-","https://www.koreabaseball.com/Record/Player/Defense/Basic.aspx"
"2025","60558","KBO-60558","SSG 랜더스","오태곤","OF","SSG","좌익수","25","14","139","2","0","29","0","0","0.935","0","0","0","-","https://www.koreabaseball.com/Record/Player/Defense/Basic.aspx"
"2025","60558","KBO-60558","SSG 랜더스","오태곤","OF","SSG","중견수","12","5","49","0","0","11","0","0","1.000","0","0","0","-","https://www.koreabaseball.com/Record/Player/Defense/Basic.aspx"
"2025","55832","KBO-55832","SSG 랜더스","이율예","C","SSG","포수","6","1","22","2","0","13","2","0","0.882","0","0","0","-","https://www.koreabaseball.com/Record/Player/Defense/Basic.aspx"
"2025","67807","KBO-67807","SSG 랜더스","이정범","OF","SSG","1루수","1","0","2","0","0","1","0","0","1.000","0","0","0","-","https://www.koreabaseball.com/Record/Player/Defense/Basic.aspx"
"2025","79456","KBO-79456","SSG 랜더스","이지영","C","SSG","포수","72","55","482 2/3","3","1","454","32","5","0.994","1","45","10","18.2","https://www.koreabaseball.com/Record/Player/Defense/Basic.aspx"
"2025","52807","KBO-52807","SSG 랜더스","임근우","OF","SSG","우익수","2","1","12","0","0","5","0","0","1.000","0","0","0","-","https://www.koreabaseball.com/Record/Player/Defense/Basic.aspx"
"2025","54812","KBO-54812","SSG 랜더스","정준재","IF","SSG","2루수","123","102","932 2/3","9","0","214","297","78","0.983","0","0","0","-","https://www.koreabaseball.com/Record/Player/Defense/Basic.aspx"
"2025","51865","KBO-51865","SSG 랜더스","조형우","C","SSG","포수","102","80","696 1/3","4","5","659","60","7","0.994","3","56","22","28.2","https://www.koreabaseball.com/Record/Player/Defense/Basic.aspx"
"2025","69804","KBO-69804","SSG 랜더스","채현우","OF","SSG","우익수","19","3","53 1/3","0","0","10","0","0","1.000","0","0","0","-","https://www.koreabaseball.com/Record/Player/Defense/Basic.aspx"
"2025","69804","KBO-69804","SSG 랜더스","채현우","OF","SSG","좌익수","14","7","66","1","0","13","0","0","0.929","0","0","0","-","https://www.koreabaseball.com/Record/Player/Defense/Basic.aspx"
"2025","69804","KBO-69804","SSG 랜더스","채현우","OF","SSG","중견수","7","3","25","0","0","8","0","0","1.000","0","0","0","-","https://www.koreabaseball.com/Record/Player/Defense/Basic.aspx"
"2025","75847","KBO-75847","SSG 랜더스","최정","IF","SSG","3루수","45","45","371","4","0","25","50","3","0.949","0","0","0","-","https://www.koreabaseball.com/Record/Player/Defense/Basic.aspx"
"2025","68868","KBO-68868","SSG 랜더스","최준우","IF","SSG","1루수","2","0","10","0","0","7","1","0","1.000","0","0","0","-","https://www.koreabaseball.com/Record/Player/Defense/Basic.aspx"
"2025","68868","KBO-68868","SSG 랜더스","최준우","IF","SSG","우익수","19","11","98 1/3","1","0","22","0","0","0.957","0","0","0","-","https://www.koreabaseball.com/Record/Player/Defense/Basic.aspx"
"2025","68868","KBO-68868","SSG 랜더스","최준우","IF","SSG","좌익수","34","22","212","0","0","37","1","0","1.000","0","0","0","-","https://www.koreabaseball.com/Record/Player/Defense/Basic.aspx"
"2025","50854","KBO-50854","SSG 랜더스","최지훈","OF","SSG","중견수","136","128","1136","5","0","249","3","1","0.981","0","0","0","-","https://www.koreabaseball.com/Record/Player/Defense/Basic.aspx"
"2025","69813","KBO-69813","SSG 랜더스","하재훈","OF","SSG","우익수","11","10","79 1/3","1","0","13","0","0","0.929","0","0","0","-","https://www.koreabaseball.com/Record/Player/Defense/Basic.aspx"
"2025","69813","KBO-69813","SSG 랜더스","하재훈","OF","SSG","좌익수","5","4","36","0","0","10","0","0","1.000","0","0","0","-","https://www.koreabaseball.com/Record/Player/Defense/Basic.aspx"
"2025","69813","KBO-69813","SSG 랜더스","하재훈","OF","SSG","중견수","1","0","1","0","0","0","0","0","-","0","0","0","-","https://www.koreabaseball.com/Record/Player/Defense/Basic.aspx"
"2025","62895","KBO-62895","SSG 랜더스","한유섬","OF","SSG","우익수","81","79","642","2","0","122","3","1","0.984","0","0","0","-","https://www.koreabaseball.com/Record/Player/Defense/Basic.aspx"
"2025","62895","KBO-62895","SSG 랜더스","한유섬","OF","SSG","좌익수","6","6","44","0","0","10","0","0","1.000","0","0","0","-","https://www.koreabaseball.com/Record/Player/Defense/Basic.aspx"
"2025","50840","KBO-50840","SSG 랜더스","현원회","IF","SSG","1루수","11","9","62","0","0","62","9","6","1.000","0","0","0","-","https://www.koreabaseball.com/Record/Player/Defense/Basic.aspx"
"2025","55897","KBO-55897","SSG 랜더스","홍대인","IF","SSG","2루수","3","0","6","1","0","0","1","0","0.500","0","0","0","-","https://www.koreabaseball.com/Record/Player/Defense/Basic.aspx"
"2025","63123","KBO-63123","두산 베어스","강승호","IF","두산","1루수","60","33","331","3","0","293","25","30","0.991","0","0","0","-","https://www.koreabaseball.com/Record/Player/Defense/Basic.aspx"
"2025","63123","KBO-63123","두산 베어스","강승호","IF","두산","2루수","34","29","253 1/3","1","0","71","75","17","0.993","0","0","0","-","https://www.koreabaseball.com/Record/Player/Defense/Basic.aspx"
"2025","63123","KBO-63123","두산 베어스","강승호","IF","두산","3루수","30","29","244","5","0","24","53","5","0.939","0","0","0","-","https://www.koreabaseball.com/Record/Player/Defense/Basic.aspx"
"2025","66112","KBO-66112","두산 베어스","김기연","C","두산","포수","88","48","492 1/3","4","1","402","22","4","0.991","4","47","11","19.0","https://www.koreabaseball.com/Record/Player/Defense/Basic.aspx"
"2025","69238","KBO-69238","두산 베어스","김대한","OF","두산","우익수","3","1","11","0","0","2","0","0","1.000","0","0","0","-","https://www.koreabaseball.com/Record/Player/Defense/Basic.aspx"
"2025","69238","KBO-69238","두산 베어스","김대한","OF","두산","좌익수","8","4","34 1/3","1","0","11","0","0","0.917","0","0","0","-","https://www.koreabaseball.com/Record/Player/Defense/Basic.aspx"
"2025","69238","KBO-69238","두산 베어스","김대한","OF","두산","중견수","7","3","31 2/3","0","0","11","0","0","1.000","0","0","0","-","https://www.koreabaseball.com/Record/Player/Defense/Basic.aspx"
"2025","52267","KBO-52267","두산 베어스","김동준","IF","두산","1루수","1","0","3","1","0","3","0","1","0.750","0","0","0","-","https://www.koreabaseball.com/Record/Player/Defense/Basic.aspx"
"2025","52267","KBO-52267","두산 베어스","김동준","IF","두산","우익수","4","0","9","0","0","0","0","0","-","0","0","0","-","https://www.koreabaseball.com/Record/Player/Defense/Basic.aspx"
"2025","52267","KBO-52267","두산 베어스","김동준","IF","두산","좌익수","11","9","67","0","0","11","1","0","1.000","0","0","0","-","https://www.koreabaseball.com/Record/Player/Defense/Basic.aspx"
"2025","52267","KBO-52267","두산 베어스","김동준","IF","두산","중견수","1","0","2","0","0","0","0","0","-","0","0","0","-","https://www.koreabaseball.com/Record/Player/Defense/Basic.aspx"
"2025","53554","KBO-53554","두산 베어스","김민석","OF","두산","1루수","35","24","206 1/3","4","0","214","10","20","0.982","0","0","0","-","https://www.koreabaseball.com/Record/Player/Defense/Basic.aspx"
"2025","53554","KBO-53554","두산 베어스","김민석","OF","두산","우익수","1","0","1","0","0","0","0","0","-","0","0","0","-","https://www.koreabaseball.com/Record/Player/Defense/Basic.aspx"
"2025","53554","KBO-53554","두산 베어스","김민석","OF","두산","좌익수","51","36","285 1/3","2","0","62","2","1","0.970","0","0","0","-","https://www.koreabaseball.com/Record/Player/Defense/Basic.aspx"
"2025","53554","KBO-53554","두산 베어스","김민석","OF","두산","중견수","3","0","4","0","0","0","0","0","-","0","0","0","-","https://www.koreabaseball.com/Record/Player/Defense/Basic.aspx"
"2025","65269","KBO-65269","두산 베어스","김민혁","IF","두산","1루수","8","5","35","0","0","32","1","5","1.000","0","0","0","-","https://www.koreabaseball.com/Record/Player/Defense/Basic.aspx"
"2025","63257","KBO-63257","두산 베어스","김인태","OF","두산","우익수","8","0","11","0","0","3","0","0","1.000","0","0","0","-","https://www.koreabaseball.com/Record/Player/Defense/Basic.aspx"
"2025","63257","KBO-63257","두산 베어스","김인태","OF","두산","좌익수","47","34","261 1/3","1","0","62","1","1","0.984","0","0","0","-","https://www.koreabaseball.com/Record/Player/Defense/Basic.aspx"
"2025","78224","KBO-78224","두산 베어스","김재환","OF","두산","좌익수","37","35","256 1/3","0","0","56","1","1","1.000","0","0","0","-","https://www.koreabaseball.com/Record/Player/Defense/Basic.aspx"
"2025","55226","KBO-55226","두산 베어스","김준상","IF","두산","2루수","7","4","37","0","0","4","11","2","1.000","0","0","0","-","https://www.koreabaseball.com/Record/Player/Defense/Basic.aspx"
"2025","55226","KBO-55226","두산 베어스","김준상","IF","두산","유격수","1","0","1","0","0","0","0","0","-","0","0","0","-","https://www.koreabaseball.com/Record/Player/Defense/Basic.aspx"
"2025","54219","KBO-54219","두산 베어스","류현준","C","두산","포수","10","3","35 2/3","1","0","27","1","0","0.966","0","4","0","0.0","https://www.koreabaseball.com/Record/Player/Defense/Basic.aspx"
"2025","64468","KBO-64468","두산 베어스","박계범","IF","두산","1루수","6","3","26","0","0","23","1","1","1.000","0","0","0","-","https://www.koreabaseball.com/Record/Player/Defense/Basic.aspx"
"2025","64468","KBO-64468","두산 베어스","박계범","IF","두산","2루수","30","22","191","2","0","45","59","11","0.981","0","0","0","-","https://www.koreabaseball.com/Record/Player/Defense/Basic.aspx"
"2025","64468","KBO-64468","두산 베어스","박계범","IF","두산","3루수","29","10","121 1/3","3","0","8","23","3","0.912","0","0","0","-","https://www.koreabaseball.com/Record/Player/Defense/Basic.aspx"
"2025","64468","KBO-64468","두산 베어스","박계범","IF","두산","유격수","28","12","118 2/3","4","0","14","33","4","0.922","0","0","0","-","https://www.koreabaseball.com/Record/Player/Defense/Basic.aspx"
"2025","53204","KBO-53204","두산 베어스","박민준","C","두산","포수","7","0","10 2/3","0","0","7","0","0","1.000","2","2","0","0.0","https://www.koreabaseball.com/Record/Player/Defense/Basic.aspx"
"2025","51298","KBO-51298","두산 베어스","박성재","C","두산","1루수","2","2","13","0","0","8","0","1","1.000","0","0","0","-","https://www.koreabaseball.com/Record/Player/Defense/Basic.aspx"
"2025","51298","KBO-51298","두산 베어스","박성재","C","두산","포수","3","0","4 1/3","0","0","4","1","0","1.000","0","0","1","100","https://www.koreabaseball.com/Record/Player/Defense/Basic.aspx"
"2025","55252","KBO-55252","두산 베어스","박준순","IF","두산","2루수","29","22","182 2/3","4","0","44","55","13","0.961","0","0","0","-","https://www.koreabaseball.com/Record/Player/Defense/Basic.aspx"
"2025","55252","KBO-55252","두산 베어스","박준순","IF","두산","3루수","54","50","445 1/3","19","0","30","95","12","0.868","0","0","0","-","https://www.koreabaseball.com/Record/Player/Defense/Basic.aspx"
"2025","55252","KBO-55252","두산 베어스","박준순","IF","두산","유격수","4","1","16","1","0","3","6","3","0.900","0","0","0","-","https://www.koreabaseball.com/Record/Player/Defense/Basic.aspx"
"2025","66928","KBO-66928","두산 베어스","박준영","IF","두산","3루수","2","0","2 1/3","0","0","1","0","0","1.000","0","0","0","-","https://www.koreabaseball.com/Record/Player/Defense/Basic.aspx"
"2025","66928","KBO-66928","두산 베어스","박준영","IF","두산","유격수","38","34","287","8","0","54","75","20","0.942","0","0","0","-","https://www.koreabaseball.com/Record/Player/Defense/Basic.aspx"
"2025","50204","KBO-50204","두산 베어스","박지훈","IF","두산","1루수","9","1","20","0","0","8","1","3","1.000","0","0","0","-","https://www.koreabaseball.com/Record/Player/Defense/Basic.aspx"
"2025","50204","KBO-50204","두산 베어스","박지훈","IF","두산","3루수","15","9","88 1/3","1","0","11","12","1","0.958","0","0","0","-","https://www.koreabaseball.com/Record/Player/Defense/Basic.aspx"
"2025","50204","KBO-50204","두산 베어스","박지훈","IF","두산","유격수","5","1","18","1","0","2","5","1","0.875","0","0","0","-","https://www.koreabaseball.com/Record/Player/Defense/Basic.aspx"
"2025","50204","KBO-50204","두산 베어스","박지훈","IF","두산","중견수","2","0","2","0","0","0","0","0","-","0","0","0","-","https://www.koreabaseball.com/Record/Player/Defense/Basic.aspx"
"2025","51203","KBO-51203","두산 베어스","안재석","IF","두산","1루수","1","1","7","0","0","8","0","0","1.000","0","0","0","-","https://www.koreabaseball.com/Record/Player/Defense/Basic.aspx"
"2025","51203","KBO-51203","두산 베어스","안재석","IF","두산","2루수","1","0","3 2/3","0","0","0","2","0","1.000","0","0","0","-","https://www.koreabaseball.com/Record/Player/Defense/Basic.aspx"
"2025","51203","KBO-51203","두산 베어스","안재석","IF","두산","3루수","2","2","16","0","0","1","3","1","1.000","0","0","0","-","https://www.koreabaseball.com/Record/Player/Defense/Basic.aspx"
"2025","51203","KBO-51203","두산 베어스","안재석","IF","두산","유격수","18","18","156","1","0","23","46","16","0.986","0","0","0","-","https://www.koreabaseball.com/Record/Player/Defense/Basic.aspx"
"2025","64153","KBO-64153","두산 베어스","양석환","IF","두산","1루수","69","68","579 2/3","4","0","525","45","44","0.993","0","0","0","-","https://www.koreabaseball.com/Record/Player/Defense/Basic.aspx"
"2025","76232","KBO-76232","두산 베어스","양의지","C","두산","포수","94","92","726","5","2","636","49","5","0.993","6","49","17","25.8","https://www.koreabaseball.com/Record/Player/Defense/Basic.aspx"
"2025","54205","KBO-54205","두산 베어스","여동건","IF","두산","2루수","10","4","47 1/3","1","0","12","19","5","0.969","0","0","0","-","https://www.koreabaseball.com/Record/Player/Defense/Basic.aspx"
"2025","54205","KBO-54205","두산 베어스","여동건","IF","두산","3루수","1","0","2","0","0","0","1","0","1.000","0","0","0","-","https://www.koreabaseball.com/Record/Player/Defense/Basic.aspx"
"2025","50208","KBO-50208","두산 베어스","오명진","IF","두산","1루수","5","2","19 2/3","0","0","13","4","2","1.000","0","0","0","-","https://www.koreabaseball.com/Record/Player/Defense/Basic.aspx"
"2025","50208","KBO-50208","두산 베어스","오명진","IF","두산","2루수","69","55","488","7","0","127","161","38","0.976","0","0","0","-","https://www.koreabaseball.com/Record/Player/Defense/Basic.aspx"
"2025","50208","KBO-50208","두산 베어스","오명진","IF","두산","3루수","21","17","146","1","0","11","27","3","0.974","0","0","0","-","https://www.koreabaseball.com/Record/Player/Defense/Basic.aspx"
"2025","50208","KBO-50208","두산 베어스","오명진","IF","두산","유격수","17","15","129 1/3","2","0","28","39","3","0.971","0","0","0","-","https://www.koreabaseball.com/Record/Player/Defense/Basic.aspx"
"2025","55224","KBO-55224","두산 베어스","이선우","IF","두산","1루수","2","0","2","0","0","3","1","0","1.000","0","0","0","-","https://www.koreabaseball.com/Record/Player/Defense/Basic.aspx"
"2025","55224","KBO-55224","두산 베어스","이선우","IF","두산","2루수","3","1","13","0","0","5","4","1","1.000","0","0","0","-","https://www.koreabaseball.com/Record/Player/Defense/Basic.aspx"
"2025","55224","KBO-55224","두산 베어스","이선우","IF","두산","유격수","3","2","12 1/3","1","0","3","2","0","0.833","0","0","0","-","https://www.koreabaseball.com/Record/Player/Defense/Basic.aspx"
"2025","67207","KBO-67207","두산 베어스","이유찬","IF","두산","2루수","11","7","64","0","0","18","20","5","1.000","0","0","0","-","https://www.koreabaseball.com/Record/Player/Defense/Basic.aspx"
"2025","67207","KBO-67207","두산 베어스","이유찬","IF","두산","3루수","3","1","2 2/3","0","0","0","0","0","-","0","0","0","-","https://www.koreabaseball.com/Record/Player/Defense/Basic.aspx"
"2025","67207","KBO-67207","두산 베어스","이유찬","IF","두산","우익수","3","1","13","0","0","3","0","0","1.000","0","0","0","-","https://www.koreabaseball.com/Record/Player/Defense/Basic.aspx"
"2025","67207","KBO-67207","두산 베어스","이유찬","IF","두산","유격수","67","60","541","8","0","90","161","35","0.969","0","0","0","-","https://www.koreabaseball.com/Record/Player/Defense/Basic.aspx"
"2025","67207","KBO-67207","두산 베어스","이유찬","IF","두산","좌익수","7","4","40","0","0","11","0","0","1.000","0","0","0","-","https://www.koreabaseball.com/Record/Player/Defense/Basic.aspx"
"2025","67207","KBO-67207","두산 베어스","이유찬","IF","두산","중견수","3","3","17","0","0","2","0","0","1.000","0","0","0","-","https://www.koreabaseball.com/Record/Player/Defense/Basic.aspx"
"2025","54236","KBO-54236","두산 베어스","임종성","IF","두산","3루수","32","26","212","2","0","22","33","3","0.965","0","0","0","-","https://www.koreabaseball.com/Record/Player/Defense/Basic.aspx"
"2025","63202","KBO-63202","두산 베어스","장승현","C","두산","포수","4","1","11","0","0","10","1","0","1.000","0","1","0","0.0","https://www.koreabaseball.com/Record/Player/Defense/Basic.aspx"
"2025","54214","KBO-54214","두산 베어스","전다민","OF","두산","우익수","1","0","2","0","0","0","0","0","-","0","0","0","-","https://www.koreabaseball.com/Record/Player/Defense/Basic.aspx"
"2025","54214","KBO-54214","두산 베어스","전다민","OF","두산","좌익수","9","0","18 1/3","0","0","2","0","0","1.000","0","0","0","-","https://www.koreabaseball.com/Record/Player/Defense/Basic.aspx"
"2025","54214","KBO-54214","두산 베어스","전다민","OF","두산","중견수","7","0","17","1","0","6","0","0","0.857","0","0","0","-","https://www.koreabaseball.com/Record/Player/Defense/Basic.aspx"
"2025","79231","KBO-79231","두산 베어스","정수빈","OF","두산","중견수","131","128","1077 1/3","3","0","262","4","2","0.989","0","0","0","-","https://www.koreabaseball.com/Record/Player/Defense/Basic.aspx"
"2025","66209","KBO-66209","두산 베어스","조수행","OF","두산","우익수","13","5","53","0","0","16","0","0","1.000","0","0","0","-","https://www.koreabaseball.com/Record/Player/Defense/Basic.aspx"
"2025","66209","KBO-66209","두산 베어스","조수행","OF","두산","좌익수","65","11","203 1/3","0","0","54","1","0","1.000","0","0","0","-","https://www.koreabaseball.com/Record/Player/Defense/Basic.aspx"
"2025","66209","KBO-66209","두산 베어스","조수행","OF","두산","중견수","31","8","114 1/3","1","0","40","1","1","0.976","0","0","0","-","https://www.koreabaseball.com/Record/Player/Defense/Basic.aspx"
"2025","52208","KBO-52208","두산 베어스","천현재","OF","두산","중견수","1","1","7","0","0","0","0","0","-","0","0","0","-","https://www.koreabaseball.com/Record/Player/Defense/Basic.aspx"
"2025","68362","KBO-68362","두산 베어스","추재현","OF","두산","1루수","2","1","6 1/3","0","0","9","1","0","1.000","0","0","0","-","https://www.koreabaseball.com/Record/Player/Defense/Basic.aspx"
"2025","68362","KBO-68362","두산 베어스","추재현","OF","두산","우익수","8","5","44 2/3","0","0","6","0","0","1.000","0","0","0","-","https://www.koreabaseball.com/Record/Player/Defense/Basic.aspx"
"2025","68362","KBO-68362","두산 베어스","추재현","OF","두산","좌익수","16","11","113 2/3","0","0","31","0","0","1.000","0","0","0","-","https://www.koreabaseball.com/Record/Player/Defense/Basic.aspx"
"2025","68362","KBO-68362","두산 베어스","추재현","OF","두산","중견수","1","0","1","0","0","0","0","0","-","0","0","0","-","https://www.koreabaseball.com/Record/Player/Defense/Basic.aspx"
"2025","55208","KBO-55208","두산 베어스","케이브","OF","두산","1루수","1","0","1","0","0","1","0","0","1.000","0","0","0","-","https://www.koreabaseball.com/Record/Player/Defense/Basic.aspx"
"2025","55208","KBO-55208","두산 베어스","케이브","OF","두산","우익수","132","131","1127 1/3","2","0","228","6","0","0.992","0","0","0","-","https://www.koreabaseball.com/Record/Player/Defense/Basic.aspx"
"2025","55208","KBO-55208","두산 베어스","케이브","OF","두산","중견수","2","1","6 2/3","0","0","2","0","0","1.000","0","0","0","-","https://www.koreabaseball.com/Record/Player/Defense/Basic.aspx"
"2025","66233","KBO-66233","두산 베어스","홍성호","OF","두산","1루수","5","4","30","0","0","25","1","2","1.000","0","0","0","-","https://www.koreabaseball.com/Record/Player/Defense/Basic.aspx"
"2025","66233","KBO-66233","두산 베어스","홍성호","OF","두산","우익수","1","1","8","1","0","3","0","0","0.750","0","0","0","-","https://www.koreabaseball.com/Record/Player/Defense/Basic.aspx"
"2025","66233","KBO-66233","두산 베어스","홍성호","OF","두산","좌익수","1","0","1/3","0","0","0","0","0","-","0","0","0","-","https://www.koreabaseball.com/Record/Player/Defense/Basic.aspx"
"2025","54506","KBO-54506","롯데 자이언츠","강승구","C","롯데","포수","1","0","2","0","0","2","0","0","1.000","0","0","0","-","https://www.koreabaseball.com/Record/Player/Defense/Basic.aspx"
"2025","69517","KBO-69517","롯데 자이언츠","고승민","IF","롯데","1루수","45","33","299","1","0","268","18","24","0.997","0","0","0","-","https://www.koreabaseball.com/Record/Player/Defense/Basic.aspx"
"2025","69517","KBO-69517","롯데 자이언츠","고승민","IF","롯데","2루수","60","58","449 1/3","4","0","93","165","34","0.985","0","0","0","-","https://www.koreabaseball.com/Record/Player/Defense/Basic.aspx"
"2025","69517","KBO-69517","롯데 자이언츠","고승민","IF","롯데","우익수","22","21","165 2/3","1","0","40","1","0","0.976","0","0","0","-","https://www.koreabaseball.com/Record/Player/Defense/Basic.aspx"
"2025","69517","KBO-69517","롯데 자이언츠","고승민","IF","롯데","좌익수","2","1","10","0","0","4","0","0","1.000","0","0","0","-","https://www.koreabaseball.com/Record/Player/Defense/Basic.aspx"
"2025","52504","KBO-52504","롯데 자이언츠","김동혁","OF","롯데","우익수","23","8","102 2/3","0","0","29","3","2","1.000","0","0","0","-","https://www.koreabaseball.com/Record/Player/Defense/Basic.aspx"
"2025","52504","KBO-52504","롯데 자이언츠","김동혁","OF","롯데","좌익수","21","1","26","0","0","8","0","0","1.000","0","0","0","-","https://www.koreabaseball.com/Record/Player/Defense/Basic.aspx"
"2025","52504","KBO-52504","롯데 자이언츠","김동혁","OF","롯데","중견수","32","15","164","0","0","51","0","0","1.000","0","0","0","-","https://www.koreabaseball.com/Record/Player/Defense/Basic.aspx"
"2025","77564","KBO-77564","롯데 자이언츠","김민성","IF","롯데","1루수","11","2","25","1","0","28","0","6","0.966","0","0","0","-","https://www.koreabaseball.com/Record/Player/Defense/Basic.aspx"
"2025","77564","KBO-77564","롯데 자이언츠","김민성","IF","롯데","2루수","12","10","81","0","0","17","22","4","1.000","0","0","0","-","https://www.koreabaseball.com/Record/Player/Defense/Basic.aspx"
"2025","77564","KBO-77564","롯데 자이언츠","김민성","IF","롯데","3루수","58","43","358 1/3","5","0","17","75","5","0.948","0","0","0","-","https://www.koreabaseball.com/Record/Player/Defense/Basic.aspx"
"2025","51551","KBO-51551","롯데 자이언츠","나승엽","IF","롯데","1루수","94","91","738 1/3","8","0","667","44","54","0.989","0","0","0","-","https://www.koreabaseball.com/Record/Player/Defense/Basic.aspx"
"2025","62931","KBO-62931","롯데 자이언츠","노진혁","IF","롯데","1루수","7","2","29 2/3","2","0","30","1","6","0.939","0","0","0","-","https://www.koreabaseball.com/Record/Player/Defense/Basic.aspx"
"2025","62931","KBO-62931","롯데 자이언츠","노진혁","IF","롯데","3루수","4","1","10","0","0","2","0","0","1.000","0","0","0","-","https://www.koreabaseball.com/Record/Player/Defense/Basic.aspx"
"2025","54529","KBO-54529","롯데 자이언츠","레이예스","OF","롯데","우익수","30","30","236","1","0","45","0","0","0.978","0","0","0","-","https://www.koreabaseball.com/Record/Player/Defense/Basic.aspx"
"2025","54529","KBO-54529","롯데 자이언츠","레이예스","OF","롯데","좌익수","98","88","752 2/3","1","0","146","3","1","0.993","0","0","0","-","https://www.koreabaseball.com/Record/Player/Defense/Basic.aspx"
"2025","55509","KBO-55509","롯데 자이언츠","박건우","C","롯데","포수","6","0","11 1/3","0","0","10","1","0","1.000","1","0","0","-","https://www.koreabaseball.com/Record/Player/Defense/Basic.aspx"
"2025","62802","KBO-62802","롯데 자이언츠","박승욱","IF","롯데","1루수","10","0","16 1/3","0","0","10","2","3","1.000","0","0","0","-","https://www.koreabaseball.com/Record/Player/Defense/Basic.aspx"
"2025","62802","KBO-62802","롯데 자이언츠","박승욱","IF","롯데","2루수","15","0","22","0","0","5","13","1","1.000","0","0","0","-","https://www.koreabaseball.com/Record/Player/Defense/Basic.aspx"
"2025","62802","KBO-62802","롯데 자이언츠","박승욱","IF","롯데","3루수","5","2","19","0","0","1","4","0","1.000","0","0","0","-","https://www.koreabaseball.com/Record/Player/Defense/Basic.aspx"
"2025","62802","KBO-62802","롯데 자이언츠","박승욱","IF","롯데","유격수","30","22","174","2","0","21","51","10","0.973","0","0","0","-","https://www.koreabaseball.com/Record/Player/Defense/Basic.aspx"
"2025","55563","KBO-55563","롯데 자이언츠","박재엽","C","롯데","포수","9","3","39","1","0","42","1","1","0.977","0","3","1","25.0","https://www.koreabaseball.com/Record/Player/Defense/Basic.aspx"
"2025","55530","KBO-55530","롯데 자이언츠","박찬형","IF","롯데","2루수","8","5","45 1/3","2","0","14","19","4","0.943","0","0","0","-","https://www.koreabaseball.com/Record/Player/Defense/Basic.aspx"
"2025","55530","KBO-55530","롯데 자이언츠","박찬형","IF","롯데","3루수","28","21","195 1/3","3","0","15","33","4","0.941","0","0","0","-","https://www.koreabaseball.com/Record/Player/Defense/Basic.aspx"
"2025","55530","KBO-55530","롯데 자이언츠","박찬형","IF","롯데","유격수","2","1","13","1","0","3","3","2","0.857","0","0","0","-","https://www.koreabaseball.com/Record/Player/Defense/Basic.aspx"
"2025","51528","KBO-51528","롯데 자이언츠","손성빈","C","롯데","포수","50","15","189 1/3","1","0","150","15","0","0.994","1","7","5","41.7","https://www.koreabaseball.com/Record/Player/Defense/Basic.aspx"
"2025","50150","KBO-50150","롯데 자이언츠","손호영","IF","롯데","2루수","15","12","96","1","0","23","30","9","0.981","0","0","0","-","https://www.koreabaseball.com/Record/Player/Defense/Basic.aspx"
"2025","50150","KBO-50150","롯데 자이언츠","손호영","IF","롯데","3루수","74","71","614 2/3","16","0","55","117","14","0.915","0","0","0","-","https://www.koreabaseball.com/Record/Player/Defense/Basic.aspx"
"2025","50150","KBO-50150","롯데 자이언츠","손호영","IF","롯데","좌익수","1","0","1","0","0","0","0","0","-","0","0","0","-","https://www.koreabaseball.com/Record/Player/Defense/Basic.aspx"
"2025","69508","KBO-69508","롯데 자이언츠","신윤후","IF","롯데","우익수","4","0","6","0","0","0","0","0","-","0","0","0","-","https://www.koreabaseball.com/Record/Player/Defense/Basic.aspx"
"2025","69508","KBO-69508","롯데 자이언츠","신윤후","IF","롯데","좌익수","1","0","1","0","0","0","0","0","-","0","0","0","-","https://www.koreabaseball.com/Record/Player/Defense/Basic.aspx"
"2025","69508","KBO-69508","롯데 자이언츠","신윤후","IF","롯데","중견수","5","2","27 2/3","0","0","5","0","0","1.000","0","0","0","-","https://www.koreabaseball.com/Record/Player/Defense/Basic.aspx"
"2025","61102","KBO-61102","롯데 자이언츠","유강남","C","롯데","포수","98","92","641 1/3","2","0","588","47","3","0.997","5","66","6","8.3","https://www.koreabaseball.com/Record/Player/Defense/Basic.aspx"
"2025","52591","KBO-52591","롯데 자이언츠","윤동희","OF","롯데","우익수","85","73","646 2/3","3","0","130","2","0","0.978","0","0","0","-","https://www.koreabaseball.com/Record/Player/Defense/Basic.aspx"
"2025","52591","KBO-52591","롯데 자이언츠","윤동희","OF","롯데","중견수","19","18","121 2/3","0","0","37","0","0","1.000","0","0","0","-","https://www.koreabaseball.com/Record/Player/Defense/Basic.aspx"
"2025","50608","KBO-50608","롯데 자이언츠","이인한","OF","롯데","좌익수","2","0","2 1/3","0","0","0","0","0","-","0","0","0","-","https://www.koreabaseball.com/Record/Player/Defense/Basic.aspx"
"2025","55511","KBO-55511","롯데 자이언츠","이태경","IF","롯데","2루수","2","0","2","0","0","0","0","0","-","0","0","0","-","https://www.koreabaseball.com/Record/Player/Defense/Basic.aspx"
"2025","54598","KBO-54598","롯데 자이언츠","이호준","IF","롯데","2루수","33","1","64","0","0","11","21","7","1.000","0","0","0","-","https://www.koreabaseball.com/Record/Player/Defense/Basic.aspx"
"2025","54598","KBO-54598","롯데 자이언츠","이호준","IF","롯데","3루수","3","0","7 2/3","1","0","2","2","0","0.800","0","0","0","-","https://www.koreabaseball.com/Record/Player/Defense/Basic.aspx"
"2025","54598","KBO-54598","롯데 자이언츠","이호준","IF","롯데","유격수","63","32","340 1/3","9","0","47","105","18","0.944","0","0","0","-","https://www.koreabaseball.com/Record/Player/Defense/Basic.aspx"
"2025","68507","KBO-68507","롯데 자이언츠","장두성","OF","롯데","우익수","16","8","85","1","0","22","0","0","0.957","0","0","0","-","https://www.koreabaseball.com/Record/Player/Defense/Basic.aspx"
"2025","68507","KBO-68507","롯데 자이언츠","장두성","OF","롯데","좌익수","20","0","37","0","0","5","0","0","1.000","0","0","0","-","https://www.koreabaseball.com/Record/Player/Defense/Basic.aspx"
"2025","68507","KBO-68507","롯데 자이언츠","장두성","OF","롯데","중견수","82","46","467 1/3","2","0","135","2","0","0.986","0","0","0","-","https://www.koreabaseball.com/Record/Player/Defense/Basic.aspx"
"2025","68205","KBO-68205","롯데 자이언츠","전민재","IF","롯데","2루수","4","2","19","0","0","7","4","2","1.000","0","0","0","-","https://www.koreabaseball.com/Record/Player/Defense/Basic.aspx"
"2025","68205","KBO-68205","롯데 자이언츠","전민재","IF","롯데","3루수","7","5","48","1","0","8","13","1","0.955","0","0","0","-","https://www.koreabaseball.com/Record/Player/Defense/Basic.aspx"
"2025","68205","KBO-68205","롯데 자이언츠","전민재","IF","롯데","유격수","93","87","726 2/3","15","0","116","209","50","0.956","0","0","0","-","https://www.koreabaseball.com/Record/Player/Defense/Basic.aspx"
"2025","78513","KBO-78513","롯데 자이언츠","전준우","OF","롯데","좌익수","49","48","384","0","0","68","4","1","1.000","0","0","0","-","https://www.koreabaseball.com/Record/Player/Defense/Basic.aspx"
"2025","68518","KBO-68518","롯데 자이언츠","정보근","C","롯데","포수","93","34","397","2","0","374","21","1","0.995","6","28","5","15.2","https://www.koreabaseball.com/Record/Player/Defense/Basic.aspx"
"2025","60523","KBO-60523","롯데 자이언츠","정훈","IF","롯데","1루수","32","16","167 2/3","2","0","168","15","11","0.989","0","0","0","-","https://www.koreabaseball.com/Record/Player/Defense/Basic.aspx"
"2025","60523","KBO-60523","롯데 자이언츠","정훈","IF","롯데","좌익수","2","1","10","0","0","2","0","0","1.000","0","0","0","-","https://www.koreabaseball.com/Record/Player/Defense/Basic.aspx"
"2025","52516","KBO-52516","롯데 자이언츠","조세진","OF","롯데","우익수","7","1","8","0","0","1","0","0","1.000","0","0","0","-","https://www.koreabaseball.com/Record/Player/Defense/Basic.aspx"
"2025","52516","KBO-52516","롯데 자이언츠","조세진","OF","롯데","중견수","1","1","8","0","0","4","0","0","1.000","0","0","0","-","https://www.koreabaseball.com/Record/Player/Defense/Basic.aspx"
"2025","62884","KBO-62884","롯데 자이언츠","최항","IF","롯데","1루수","3","0","4","1","0","2","2","0","0.800","0","0","0","-","https://www.koreabaseball.com/Record/Player/Defense/Basic.aspx"
"2025","62884","KBO-62884","롯데 자이언츠","최항","IF","롯데","2루수","1","0","1","0","0","1","0","0","1.000","0","0","0","-","https://www.koreabaseball.com/Record/Player/Defense/Basic.aspx"
"2025","55506","KBO-55506","롯데 자이언츠","한승현","OF","롯데","우익수","9","3","30","0","0","7","1","0","1.000","0","0","0","-","https://www.koreabaseball.com/Record/Player/Defense/Basic.aspx"
"2025","55506","KBO-55506","롯데 자이언츠","한승현","OF","롯데","좌익수","8","2","23","0","0","3","0","0","1.000","0","0","0","-","https://www.koreabaseball.com/Record/Player/Defense/Basic.aspx"
"2025","55506","KBO-55506","롯데 자이언츠","한승현","OF","롯데","중견수","2","1","9","0","0","3","1","1","1.000","0","0","0","-","https://www.koreabaseball.com/Record/Player/Defense/Basic.aspx"
"2025","52568","KBO-52568","롯데 자이언츠","한태양","IF","롯데","2루수","71","56","500 1/3","6","0","127","143","30","0.978","0","0","0","-","https://www.koreabaseball.com/Record/Player/Defense/Basic.aspx"
"2025","52568","KBO-52568","롯데 자이언츠","한태양","IF","롯데","3루수","10","1","27","0","0","0","2","0","1.000","0","0","0","-","https://www.koreabaseball.com/Record/Player/Defense/Basic.aspx"
"2025","52568","KBO-52568","롯데 자이언츠","한태양","IF","롯데","유격수","11","2","26","1","0","10","12","5","0.957","0","0","0","-","https://www.koreabaseball.com/Record/Player/Defense/Basic.aspx"
"2025","50500","KBO-50500","롯데 자이언츠","황성빈","OF","롯데","좌익수","8","3","33","0","0","7","0","0","1.000","0","0","0","-","https://www.koreabaseball.com/Record/Player/Defense/Basic.aspx"
"2025","50500","KBO-50500","롯데 자이언츠","황성빈","OF","롯데","중견수","66","61","482 1/3","3","0","102","3","1","0.972","0","0","0","-","https://www.koreabaseball.com/Record/Player/Defense/Basic.aspx"
"2025","74540","KBO-74540","삼성 라이온즈","강민호","C","삼성","포수","123","104","876 2/3","2","0","740","40","3","0.997","8","72","11","13.3","https://www.koreabaseball.com/Record/Player/Defense/Basic.aspx"
"2025","62404","KBO-62404","삼성 라이온즈","구자욱","OF","삼성","좌익수","99","95","791 1/3","3","0","162","1","0","0.982","0","0","0","-","https://www.koreabaseball.com/Record/Player/Defense/Basic.aspx"
"2025","69442","KBO-69442","삼성 라이온즈","김도환","C","삼성","포수","6","5","31","0","0","23","1","0","1.000","0","4","1","20.0","https://www.koreabaseball.com/Record/Player/Defense/Basic.aspx"
"2025","67449","KBO-67449","삼성 라이온즈","김성윤","OF","삼성","우익수","73","64","535","1","0","97","3","0","0.990","0","0","0","-","https://www.koreabaseball.com/Record/Player/Defense/Basic.aspx"
"2025","67449","KBO-67449","삼성 라이온즈","김성윤","OF","삼성","좌익수","2","0","2","0","0","0","0","0","-","0","0","0","-","https://www.koreabaseball.com/Record/Player/Defense/Basic.aspx"
"2025","67449","KBO-67449","삼성 라이온즈","김성윤","OF","삼성","중견수","60","47","432 1/3","1","0","116","3","3","0.992","0","0","0","-","https://www.koreabaseball.com/Record/Player/Defense/Basic.aspx"
"2025","52430","KBO-52430","삼성 라이온즈","김영웅","IF","삼성","3루수","118","114","964 1/3","11","0","81","207","23","0.963","0","0","0","-","https://www.koreabaseball.com/Record/Player/Defense/Basic.aspx"
"2025","52430","KBO-52430","삼성 라이온즈","김영웅","IF","삼성","유격수","1","0","1 1/3","0","0","1","0","1","1.000","0","0","0","-","https://www.koreabaseball.com/Record/Player/Defense/Basic.aspx"
"2025","65132","KBO-65132","삼성 라이온즈","김재성","C","삼성","포수","43","22","176","0","0","147","13","5","1.000","2","15","6","28.6","https://www.koreabaseball.com/Record/Player/Defense/Basic.aspx"
"2025","52424","KBO-52424","삼성 라이온즈","김재혁","OF","삼성","좌익수","1","0","3 2/3","0","0","0","0","0","-","0","0","0","-","https://www.koreabaseball.com/Record/Player/Defense/Basic.aspx"
"2025","52424","KBO-52424","삼성 라이온즈","김재혁","OF","삼성","중견수","5","0","8","0","0","2","0","0","1.000","0","0","0","-","https://www.koreabaseball.com/Record/Player/Defense/Basic.aspx"
"2025","50458","KBO-50458","삼성 라이온즈","김지찬","OF","삼성","중견수","77","69","565","1","0","157","1","1","0.994","0","0","0","-","https://www.koreabaseball.com/Record/Player/Defense/Basic.aspx"
"2025","69207","KBO-69207","삼성 라이온즈","김태근","OF","삼성","우익수","3","1","11","0","0","3","0","0","1.000","0","0","0","-","https://www.koreabaseball.com/Record/Player/Defense/Basic.aspx"
"2025","69207","KBO-69207","삼성 라이온즈","김태근","OF","삼성","좌익수","4","1","18","0","0","2","0","0","1.000","0","0","0","-","https://www.koreabaseball.com/Record/Player/Defense/Basic.aspx"
"2025","69207","KBO-69207","삼성 라이온즈","김태근","OF","삼성","중견수","1","0","1","0","0","0","0","0","-","0","0","0","-","https://www.koreabaseball.com/Record/Player/Defense/Basic.aspx"
"2025","65040","KBO-65040","삼성 라이온즈","김태훈","OF","삼성","1루수","2","0","3","0","0","4","0","0","1.000","0","0","0","-","https://www.koreabaseball.com/Record/Player/Defense/Basic.aspx"
"2025","65040","KBO-65040","삼성 라이온즈","김태훈","OF","삼성","우익수","15","9","66","0","0","11","1","0","1.000","0","0","0","-","https://www.koreabaseball.com/Record/Player/Defense/Basic.aspx"
"2025","65040","KBO-65040","삼성 라이온즈","김태훈","OF","삼성","좌익수","15","10","75 2/3","2","0","20","0","0","0.909","0","0","0","-","https://www.koreabaseball.com/Record/Player/Defense/Basic.aspx"
"2025","61404","KBO-61404","삼성 라이온즈","김헌곤","OF","삼성","우익수","35","23","216","0","0","41","0","0","1.000","0","0","0","-","https://www.koreabaseball.com/Record/Player/Defense/Basic.aspx"
"2025","61404","KBO-61404","삼성 라이온즈","김헌곤","OF","삼성","좌익수","49","21","201","0","0","43","0","0","1.000","0","0","0","-","https://www.koreabaseball.com/Record/Player/Defense/Basic.aspx"
"2025","54400","KBO-54400","삼성 라이온즈","디아즈","IF","삼성","1루수","128","126","1085 1/3","4","0","1013","87","89","0.996","0","0","0","-","https://www.koreabaseball.com/Record/Player/Defense/Basic.aspx"
"2025","62234","KBO-62234","삼성 라이온즈","류지혁","IF","삼성","1루수","15","4","52","0","0","54","2","7","1.000","0","0","0","-","https://www.koreabaseball.com/Record/Player/Defense/Basic.aspx"
"2025","62234","KBO-62234","삼성 라이온즈","류지혁","IF","삼성","2루수","113","100","811 1/3","4","0","184","254","58","0.991","0","0","0","-","https://www.koreabaseball.com/Record/Player/Defense/Basic.aspx"
"2025","62234","KBO-62234","삼성 라이온즈","류지혁","IF","삼성","3루수","13","9","87","1","0","5","14","2","0.950","0","0","0","-","https://www.koreabaseball.com/Record/Player/Defense/Basic.aspx"
"2025","75125","KBO-75125","삼성 라이온즈","박병호","IF","삼성","1루수","14","12","84","2","0","56","12","6","0.971","0","0","0","-","https://www.koreabaseball.com/Record/Player/Defense/Basic.aspx"
"2025","69418","KBO-69418","삼성 라이온즈","박승규","OF","삼성","우익수","25","14","130","0","0","15","2","0","1.000","0","0","0","-","https://www.koreabaseball.com/Record/Player/Defense/Basic.aspx"
"2025","69418","KBO-69418","삼성 라이온즈","박승규","OF","삼성","좌익수","11","7","65","1","0","18","0","0","0.947","0","0","0","-","https://www.koreabaseball.com/Record/Player/Defense/Basic.aspx"
"2025","69418","KBO-69418","삼성 라이온즈","박승규","OF","삼성","중견수","32","20","177 1/3","0","0","49","1","0","1.000","0","0","0","-","https://www.koreabaseball.com/Record/Player/Defense/Basic.aspx"
"2025","53411","KBO-53411","삼성 라이온즈","박진우","C","삼성","포수","1","0","1","0","0","0","0","0","-","0","0","0","-","https://www.koreabaseball.com/Record/Player/Defense/Basic.aspx"
"2025","55438","KBO-55438","삼성 라이온즈","심재훈","IF","삼성","2루수","22","9","100 1/3","0","0","18","26","8","1.000","0","0","0","-","https://www.koreabaseball.com/Record/Player/Defense/Basic.aspx"
"2025","55438","KBO-55438","삼성 라이온즈","심재훈","IF","삼성","유격수","1","0","1","0","0","1","1","0","1.000","0","0","0","-","https://www.koreabaseball.com/Record/Player/Defense/Basic.aspx"
"2025","66406","KBO-66406","삼성 라이온즈","안주형","IF","삼성","2루수","6","4","31","2","0","8","8","0","0.889","0","0","0","-","https://www.koreabaseball.com/Record/Player/Defense/Basic.aspx"
"2025","66406","KBO-66406","삼성 라이온즈","안주형","IF","삼성","유격수","3","0","6","0","0","1","3","1","1.000","0","0","0","-","https://www.koreabaseball.com/Record/Player/Defense/Basic.aspx"
"2025","54408","KBO-54408","삼성 라이온즈","양도근","IF","삼성","2루수","63","26","285","2","0","80","86","22","0.988","0","0","0","-","https://www.koreabaseball.com/Record/Player/Defense/Basic.aspx"
"2025","54408","KBO-54408","삼성 라이온즈","양도근","IF","삼성","3루수","14","7","69 2/3","2","0","6","17","0","0.920","0","0","0","-","https://www.koreabaseball.com/Record/Player/Defense/Basic.aspx"
"2025","54408","KBO-54408","삼성 라이온즈","양도근","IF","삼성","유격수","35","9","125 1/3","1","0","23","43","4","0.985","0","0","0","-","https://www.koreabaseball.com/Record/Player/Defense/Basic.aspx"
"2025","54408","KBO-54408","삼성 라이온즈","양도근","IF","삼성","중견수","3","0","5","0","0","1","0","0","1.000","0","0","0","-","https://www.koreabaseball.com/Record/Player/Defense/Basic.aspx"
"2025","69403","KBO-69403","삼성 라이온즈","양우현","IF","삼성","2루수","6","1","21","1","0","4","5","1","0.900","0","0","0","-","https://www.koreabaseball.com/Record/Player/Defense/Basic.aspx"
"2025","69403","KBO-69403","삼성 라이온즈","양우현","IF","삼성","유격수","2","2","8","0","0","1","4","1","1.000","0","0","0","-","https://www.koreabaseball.com/Record/Player/Defense/Basic.aspx"
"2025","68463","KBO-68463","삼성 라이온즈","윤정빈","OF","삼성","1루수","1","0","3","0","0","0","1","0","1.000","0","0","0","-","https://www.koreabaseball.com/Record/Player/Defense/Basic.aspx"
"2025","68463","KBO-68463","삼성 라이온즈","윤정빈","OF","삼성","우익수","19","10","98","0","0","20","1","0","1.000","0","0","0","-","https://www.koreabaseball.com/Record/Player/Defense/Basic.aspx"
"2025","68463","KBO-68463","삼성 라이온즈","윤정빈","OF","삼성","좌익수","1","0","1","0","0","0","0","0","-","0","0","0","-","https://www.koreabaseball.com/Record/Player/Defense/Basic.aspx"
"2025","69428","KBO-69428","삼성 라이온즈","이병헌","C","삼성","포수","55","13","184","2","0","154","9","1","0.988","2","16","1","5.9","https://www.koreabaseball.com/Record/Player/Defense/Basic.aspx"
"2025","66409","KBO-66409","삼성 라이온즈","이성규","OF","삼성","1루수","4","1","8","0","0","6","0","2","1.000","0","0","0","-","https://www.koreabaseball.com/Record/Player/Defense/Basic.aspx"
"2025","66409","KBO-66409","삼성 라이온즈","이성규","OF","삼성","우익수","44","21","207 2/3","2","0","49","1","1","0.962","0","0","0","-","https://www.koreabaseball.com/Record/Player/Defense/Basic.aspx"
"2025","66409","KBO-66409","삼성 라이온즈","이성규","OF","삼성","좌익수","12","8","73","0","0","22","1","0","1.000","0","0","0","-","https://www.koreabaseball.com/Record/Player/Defense/Basic.aspx"
"2025","66409","KBO-66409","삼성 라이온즈","이성규","OF","삼성","중견수","6","2","34 1/3","0","0","9","1","0","1.000","0","0","0","-","https://www.koreabaseball.com/Record/Player/Defense/Basic.aspx"
"2025","52415","KBO-52415","삼성 라이온즈","이재현","IF","삼성","유격수","136","132","1117","23","0","217","333","73","0.960","0","0","0","-","https://www.koreabaseball.com/Record/Player/Defense/Basic.aspx"
"2025","51407","KBO-51407","삼성 라이온즈","이창용","IF","삼성","1루수","3","1","10","1","0","12","0","2","0.923","0","0","0","-","https://www.koreabaseball.com/Record/Player/Defense/Basic.aspx"
"2025","69416","KBO-69416","삼성 라이온즈","이해승","IF","삼성","3루수","2","0","7 1/3","1","0","1","1","0","0.667","0","0","0","-","https://www.koreabaseball.com/Record/Player/Defense/Basic.aspx"
"2025","69416","KBO-69416","삼성 라이온즈","이해승","IF","삼성","유격수","2","1","10","1","0","1","2","0","0.750","0","0","0","-","https://www.koreabaseball.com/Record/Player/Defense/Basic.aspx"
"2025","65586","KBO-65586","삼성 라이온즈","전병우","IF","삼성","1루수","12","0","23 1/3","1","0","21","1","3","0.957","0","0","0","-","https://www.koreabaseball.com/Record/Player/Defense/Basic.aspx"
"2025","65586","KBO-65586","삼성 라이온즈","전병우","IF","삼성","2루수","7","4","20","0","0","8","5","1","1.000","0","0","0","-","https://www.koreabaseball.com/Record/Player/Defense/Basic.aspx"
"2025","65586","KBO-65586","삼성 라이온즈","전병우","IF","삼성","3루수","36","14","140 1/3","0","0","10","23","2","1.000","0","0","0","-","https://www.koreabaseball.com/Record/Player/Defense/Basic.aspx"
"2025","55440","KBO-55440","삼성 라이온즈","함수호","OF","삼성","우익수","1","1","3","0","0","1","0","0","1.000","0","0","0","-","https://www.koreabaseball.com/Record/Player/Defense/Basic.aspx"
"2025","55440","KBO-55440","삼성 라이온즈","함수호","OF","삼성","좌익수","3","2","16","0","0","2","0","0","1.000","0","0","0","-","https://www.koreabaseball.com/Record/Player/Defense/Basic.aspx"
"2025","67005","KBO-67005","삼성 라이온즈","홍현빈","OF","삼성","우익수","2","0","2","0","0","0","0","0","-","0","0","0","-","https://www.koreabaseball.com/Record/Player/Defense/Basic.aspx"
"2025","67005","KBO-67005","삼성 라이온즈","홍현빈","OF","삼성","좌익수","12","0","22","1","0","6","0","0","0.857","0","0","0","-","https://www.koreabaseball.com/Record/Player/Defense/Basic.aspx"
"2025","67005","KBO-67005","삼성 라이온즈","홍현빈","OF","삼성","중견수","9","5","45 2/3","0","0","16","0","0","1.000","0","0","0","-","https://www.koreabaseball.com/Record/Player/Defense/Basic.aspx"
"2025","54344","KBO-54344","키움 히어로즈","고영우","IF","키움","2루수","6","2","32","1","0","8","11","0","0.950","0","0","0","-","https://www.koreabaseball.com/Record/Player/Defense/Basic.aspx"
"2025","54344","KBO-54344","키움 히어로즈","고영우","IF","키움","3루수","4","2","19","1","0","1","3","0","0.800","0","0","0","-","https://www.koreabaseball.com/Record/Player/Defense/Basic.aspx"
"2025","54344","KBO-54344","키움 히어로즈","고영우","IF","키움","유격수","1","0","1","0","0","0","0","0","-","0","0","0","-","https://www.koreabaseball.com/Record/Player/Defense/Basic.aspx"
"2025","55371","KBO-55371","키움 히어로즈","권혁빈","IF","키움","2루수","7","5","32","0","0","7","8","2","1.000","0","0","0","-","https://www.koreabaseball.com/Record/Player/Defense/Basic.aspx"
"2025","55371","KBO-55371","키움 히어로즈","권혁빈","IF","키움","유격수","6","3","30","0","0","6","4","0","1.000","0","0","0","-","https://www.koreabaseball.com/Record/Player/Defense/Basic.aspx"
"2025","55371","KBO-55371","키움 히어로즈","권혁빈","IF","키움","좌익수","1","0","2","0","0","2","0","0","1.000","0","0","0","-","https://www.koreabaseball.com/Record/Player/Defense/Basic.aspx"
"2025","55371","KBO-55371","키움 히어로즈","권혁빈","IF","키움","중견수","2","1","10","0","0","2","0","0","1.000","0","0","0","-","https://www.koreabaseball.com/Record/Player/Defense/Basic.aspx"
"2025","53312","KBO-53312","키움 히어로즈","김건희","C","키움","포수","104","85","731","5","2","532","64","7","0.992","11","54","28","34.1","https://www.koreabaseball.com/Record/Player/Defense/Basic.aspx"
"2025","53344","KBO-53344","키움 히어로즈","김동헌","C","키움","포수","45","18","185","1","0","152","6","0","0.994","1","22","1","4.3","https://www.koreabaseball.com/Record/Player/Defense/Basic.aspx"
"2025","50304","KBO-50304","키움 히어로즈","김병휘","IF","키움","2루수","5","2","19 2/3","0","0","4","8","1","1.000","0","0","0","-","https://www.koreabaseball.com/Record/Player/Defense/Basic.aspx"
"2025","50304","KBO-50304","키움 히어로즈","김병휘","IF","키움","유격수","2","0","4","0","0","0","2","0","1.000","0","0","0","-","https://www.koreabaseball.com/Record/Player/Defense/Basic.aspx"
"2025","65898","KBO-65898","키움 히어로즈","김웅빈","IF","키움","1루수","4","3","28","0","0","19","1","1","1.000","0","0","0","-","https://www.koreabaseball.com/Record/Player/Defense/Basic.aspx"
"2025","62332","KBO-62332","키움 히어로즈","김재현","C","키움","포수","62","41","353","4","0","277","28","6","0.987","1","31","12","27.9","https://www.koreabaseball.com/Record/Player/Defense/Basic.aspx"
"2025","64984","KBO-64984","키움 히어로즈","김태진","IF","키움","2루수","64","48","430 2/3","3","0","93","138","29","0.987","0","0","0","-","https://www.koreabaseball.com/Record/Player/Defense/Basic.aspx"
"2025","64984","KBO-64984","키움 히어로즈","김태진","IF","키움","3루수","1","0","1","0","0","0","0","0","-","0","0","0","-","https://www.koreabaseball.com/Record/Player/Defense/Basic.aspx"
"2025","64984","KBO-64984","키움 히어로즈","김태진","IF","키움","유격수","34","23","217","6","0","27","58","7","0.934","0","0","0","-","https://www.koreabaseball.com/Record/Player/Defense/Basic.aspx"
"2025","52305","KBO-52305","키움 히어로즈","박수종","OF","키움","우익수","9","3","35 2/3","0","0","11","1","1","1.000","0","0","0","-","https://www.koreabaseball.com/Record/Player/Defense/Basic.aspx"
"2025","52305","KBO-52305","키움 히어로즈","박수종","OF","키움","좌익수","8","0","23 1/3","0","0","11","0","0","1.000","0","0","0","-","https://www.koreabaseball.com/Record/Player/Defense/Basic.aspx"
"2025","52305","KBO-52305","키움 히어로즈","박수종","OF","키움","중견수","19","6","64","1","0","21","0","0","0.955","0","0","0","-","https://www.koreabaseball.com/Record/Player/Defense/Basic.aspx"
"2025","50357","KBO-50357","키움 히어로즈","박주홍","OF","키움","1루수","3","0","5","0","0","2","0","1","1.000","0","0","0","-","https://www.koreabaseball.com/Record/Player/Defense/Basic.aspx"
"2025","50357","KBO-50357","키움 히어로즈","박주홍","OF","키움","우익수","41","29","278 1/3","2","0","65","1","1","0.971","0","0","0","-","https://www.koreabaseball.com/Record/Player/Defense/Basic.aspx"
"2025","50357","KBO-50357","키움 히어로즈","박주홍","OF","키움","좌익수","41","25","236 2/3","0","0","70","1","1","1.000","0","0","0","-","https://www.koreabaseball.com/Record/Player/Defense/Basic.aspx"
"2025","50357","KBO-50357","키움 히어로즈","박주홍","OF","키움","중견수","14","8","66","1","0","28","1","1","0.967","0","0","0","-","https://www.koreabaseball.com/Record/Player/Defense/Basic.aspx"
"2025","68305","KBO-68305","키움 히어로즈","변상권","OF","키움","우익수","2","0","1 2/3","0","0","0","0","0","-","0","0","0","-","https://www.koreabaseball.com/Record/Player/Defense/Basic.aspx"
"2025","68305","KBO-68305","키움 히어로즈","변상권","OF","키움","좌익수","3","2","15","0","0","5","0","0","1.000","0","0","0","-","https://www.koreabaseball.com/Record/Player/Defense/Basic.aspx"
"2025","53309","KBO-53309","키움 히어로즈","서유신","IF","키움","2루수","2","2","17","0","0","3","4","0","1.000","0","0","0","-","https://www.koreabaseball.com/Record/Player/Defense/Basic.aspx"
"2025","53309","KBO-53309","키움 히어로즈","서유신","IF","키움","3루수","2","0","2","0","0","0","0","0","-","0","0","0","-","https://www.koreabaseball.com/Record/Player/Defense/Basic.aspx"
"2025","53309","KBO-53309","키움 히어로즈","서유신","IF","키움","유격수","1","0","1","1","0","0","0","0","0.000","0","0","0","-","https://www.koreabaseball.com/Record/Player/Defense/Basic.aspx"
"2025","65357","KBO-65357","키움 히어로즈","송성문","IF","키움","2루수","25","23","188","1","0","54","63","13","0.992","0","0","0","-","https://www.koreabaseball.com/Record/Player/Defense/Basic.aspx"
"2025","65357","KBO-65357","키움 히어로즈","송성문","IF","키움","3루수","111","108","935 1/3","13","0","103","202","29","0.959","0","0","0","-","https://www.koreabaseball.com/Record/Player/Defense/Basic.aspx"
"2025","54394","KBO-54394","키움 히어로즈","송지후","IF","키움","2루수","30","25","212 1/3","2","0","53","74","8","0.984","0","0","0","-","https://www.koreabaseball.com/Record/Player/Defense/Basic.aspx"
"2025","54394","KBO-54394","키움 히어로즈","송지후","IF","키움","3루수","1","0","3","0","0","0","1","0","1.000","0","0","0","-","https://www.koreabaseball.com/Record/Player/Defense/Basic.aspx"
"2025","54394","KBO-54394","키움 히어로즈","송지후","IF","키움","유격수","2","0","3","0","0","1","1","0","1.000","0","0","0","-","https://www.koreabaseball.com/Record/Player/Defense/Basic.aspx"
"2025","55370","KBO-55370","키움 히어로즈","양현종","IF","키움","1루수","2","2","14","0","0","11","0","0","1.000","0","0","0","-","https://www.koreabaseball.com/Record/Player/Defense/Basic.aspx"
"2025","55370","KBO-55370","키움 히어로즈","양현종","IF","키움","3루수","7","2","17","1","0","1","2","0","0.750","0","0","0","-","https://www.koreabaseball.com/Record/Player/Defense/Basic.aspx"
"2025","55392","KBO-55392","키움 히어로즈","어준서","IF","키움","3루수","4","4","26","3","0","2","1","0","0.500","0","0","0","-","https://www.koreabaseball.com/Record/Player/Defense/Basic.aspx"
"2025","55392","KBO-55392","키움 히어로즈","어준서","IF","키움","유격수","109","95","763","26","0","139","196","43","0.928","0","0","0","-","https://www.koreabaseball.com/Record/Player/Defense/Basic.aspx"
"2025","55393","KBO-55393","키움 히어로즈","여동욱","IF","키움","1루수","3","3","21","1","0","20","0","2","0.952","0","0","0","-","https://www.koreabaseball.com/Record/Player/Defense/Basic.aspx"
"2025","55393","KBO-55393","키움 히어로즈","여동욱","IF","키움","3루수","17","9","76","3","0","9","13","2","0.880","0","0","0","-","https://www.koreabaseball.com/Record/Player/Defense/Basic.aspx"
"2025","55339","KBO-55339","키움 히어로즈","염승원","IF","키움","2루수","5","4","27","0","0","6","7","1","1.000","0","0","0","-","https://www.koreabaseball.com/Record/Player/Defense/Basic.aspx"
"2025","78756","KBO-78756","키움 히어로즈","오선진","IF","키움","1루수","8","1","19","0","0","19","1","1","1.000","0","0","0","-","https://www.koreabaseball.com/Record/Player/Defense/Basic.aspx"
"2025","78756","KBO-78756","키움 히어로즈","오선진","IF","키움","2루수","23","9","97 1/3","1","0","27","25","7","0.981","0","0","0","-","https://www.koreabaseball.com/Record/Player/Defense/Basic.aspx"
"2025","78756","KBO-78756","키움 히어로즈","오선진","IF","키움","3루수","24","9","102 2/3","0","0","7","22","3","1.000","0","0","0","-","https://www.koreabaseball.com/Record/Player/Defense/Basic.aspx"
"2025","78756","KBO-78756","키움 히어로즈","오선진","IF","키움","유격수","51","20","228","3","0","40","48","11","0.967","0","0","0","-","https://www.koreabaseball.com/Record/Player/Defense/Basic.aspx"
"2025","54307","KBO-54307","키움 히어로즈","원성준","OF","키움","우익수","9","4","36","0","0","4","0","0","1.000","0","0","0","-","https://www.koreabaseball.com/Record/Player/Defense/Basic.aspx"
"2025","54307","KBO-54307","키움 히어로즈","원성준","OF","키움","좌익수","7","5","45","0","0","12","0","0","1.000","0","0","0","-","https://www.koreabaseball.com/Record/Player/Defense/Basic.aspx"
"2025","54307","KBO-54307","키움 히어로즈","원성준","OF","키움","중견수","1","0","2","0","0","0","0","0","-","0","0","0","-","https://www.koreabaseball.com/Record/Player/Defense/Basic.aspx"
"2025","74163","KBO-74163","키움 히어로즈","이용규","OF","키움","우익수","2","0","3","0","0","1","0","0","1.000","0","0","0","-","https://www.koreabaseball.com/Record/Player/Defense/Basic.aspx"
"2025","74163","KBO-74163","키움 히어로즈","이용규","OF","키움","좌익수","2","1","8","0","0","2","0","0","1.000","0","0","0","-","https://www.koreabaseball.com/Record/Player/Defense/Basic.aspx"
"2025","74163","KBO-74163","키움 히어로즈","이용규","OF","키움","중견수","7","7","52","1","0","17","0","0","0.944","0","0","0","-","https://www.koreabaseball.com/Record/Player/Defense/Basic.aspx"
"2025","75566","KBO-75566","키움 히어로즈","이원석","IF","키움","1루수","1","0","2","0","0","4","0","1","1.000","0","0","0","-","https://www.koreabaseball.com/Record/Player/Defense/Basic.aspx"
"2025","54305","KBO-54305","키움 히어로즈","이재상","IF","키움","3루수","1","0","2","0","0","0","0","0","-","0","0","0","-","https://www.koreabaseball.com/Record/Player/Defense/Basic.aspx"
"2025","54305","KBO-54305","키움 히어로즈","이재상","IF","키움","유격수","1","1","2","1","0","0","0","0","0.000","0","0","0","-","https://www.koreabaseball.com/Record/Player/Defense/Basic.aspx"
"2025","51302","KBO-51302","키움 히어로즈","이주형","IF","키움","1루수","2","0","2","0","0","1","0","0","1.000","0","0","0","-","https://www.koreabaseball.com/Record/Player/Defense/Basic.aspx"
"2025","50167","KBO-50167","키움 히어로즈","이주형","OF","키움","중견수","119","110","967","1","0","328","2","0","0.997","0","0","0","-","https://www.koreabaseball.com/Record/Player/Defense/Basic.aspx"
"2025","78135","KBO-78135","키움 히어로즈","이형종","OF","키움","우익수","12","6","63 1/3","0","0","16","1","0","1.000","0","0","0","-","https://www.koreabaseball.com/Record/Player/Defense/Basic.aspx"
"2025","78135","KBO-78135","키움 히어로즈","이형종","OF","키움","좌익수","12","10","80 2/3","0","0","21","0","0","1.000","0","0","0","-","https://www.koreabaseball.com/Record/Player/Defense/Basic.aspx"
"2025","64346","KBO-64346","키움 히어로즈","임병욱","OF","키움","우익수","19","11","106 2/3","1","0","19","0","0","0.950","0","0","0","-","https://www.koreabaseball.com/Record/Player/Defense/Basic.aspx"
"2025","64346","KBO-64346","키움 히어로즈","임병욱","OF","키움","좌익수","11","7","72 1/3","0","0","18","0","0","1.000","0","0","0","-","https://www.koreabaseball.com/Record/Player/Defense/Basic.aspx"
"2025","64346","KBO-64346","키움 히어로즈","임병욱","OF","키움","중견수","17","10","81","0","0","27","0","0","1.000","0","0","0","-","https://www.koreabaseball.com/Record/Player/Defense/Basic.aspx"
"2025","64340","KBO-64340","키움 히어로즈","임지열","OF","키움","1루수","38","32","285 2/3","2","0","276","20","17","0.993","0","0","0","-","https://www.koreabaseball.com/Record/Player/Defense/Basic.aspx"
"2025","64340","KBO-64340","키움 히어로즈","임지열","OF","키움","우익수","5","5","41","0","0","10","1","1","1.000","0","0","0","-","https://www.koreabaseball.com/Record/Player/Defense/Basic.aspx"
"2025","64340","KBO-64340","키움 히어로즈","임지열","OF","키움","좌익수","49","49","414","2","0","122","4","2","0.984","0","0","0","-","https://www.koreabaseball.com/Record/Player/Defense/Basic.aspx"
"2025","64340","KBO-64340","키움 히어로즈","임지열","OF","키움","중견수","1","0","3","0","0","1","0","0","1.000","0","0","0","-","https://www.koreabaseball.com/Record/Player/Defense/Basic.aspx"
"2025","55397","KBO-55397","키움 히어로즈","전태현","IF","키움","2루수","34","24","213","3","0","44","68","15","0.974","0","0","0","-","https://www.koreabaseball.com/Record/Player/Defense/Basic.aspx"
"2025","55397","KBO-55397","키움 히어로즈","전태현","IF","키움","3루수","13","9","80","1","0","5","13","1","0.947","0","0","0","-","https://www.koreabaseball.com/Record/Player/Defense/Basic.aspx"
"2025","55397","KBO-55397","키움 히어로즈","전태현","IF","키움","유격수","6","2","20","0","0","5","4","1","1.000","0","0","0","-","https://www.koreabaseball.com/Record/Player/Defense/Basic.aspx"
"2025","55397","KBO-55397","키움 히어로즈","전태현","IF","키움","좌익수","13","7","60","0","0","17","0","0","1.000","0","0","0","-","https://www.koreabaseball.com/Record/Player/Defense/Basic.aspx"
"2025","69332","KBO-69332","키움 히어로즈","주성원","OF","키움","우익수","37","32","257 1/3","1","0","60","2","0","0.984","0","0","0","-","https://www.koreabaseball.com/Record/Player/Defense/Basic.aspx"
"2025","69332","KBO-69332","키움 히어로즈","주성원","OF","키움","좌익수","5","5","32","1","0","11","1","0","0.923","0","0","0","-","https://www.koreabaseball.com/Record/Player/Defense/Basic.aspx"
"2025","76267","KBO-76267","키움 히어로즈","최주환","IF","키움","1루수","97","95","819 1/3","6","0","698","47","67","0.992","0","0","0","-","https://www.koreabaseball.com/Record/Player/Defense/Basic.aspx"
"2025","54444","KBO-54444","키움 히어로즈","카디네스","OF","키움","1루수","6","6","54","2","0","42","5","1","0.959","0","0","0","-","https://www.koreabaseball.com/Record/Player/Defense/Basic.aspx"
"2025","54444","KBO-54444","키움 히어로즈","카디네스","OF","키움","우익수","42","40","322","2","0","61","4","1","0.970","0","0","0","-","https://www.koreabaseball.com/Record/Player/Defense/Basic.aspx"
"2025","54444","KBO-54444","키움 히어로즈","카디네스","OF","키움","좌익수","2","2","17","0","0","2","0","0","1.000","0","0","0","-","https://www.koreabaseball.com/Record/Player/Defense/Basic.aspx"
"2025","52769","KBO-52769","한화 이글스","권광민","IF","한화","1루수","6","1","20 1/3","0","0","17","1","1","1.000","0","0","0","-","https://www.koreabaseball.com/Record/Player/Defense/Basic.aspx"
"2025","52769","KBO-52769","한화 이글스","권광민","IF","한화","우익수","1","1","3","0","0","0","0","0","-","0","0","0","-","https://www.koreabaseball.com/Record/Player/Defense/Basic.aspx"
"2025","52769","KBO-52769","한화 이글스","권광민","IF","한화","좌익수","1","0","1","0","0","0","0","0","-","0","0","0","-","https://www.koreabaseball.com/Record/Player/Defense/Basic.aspx"
"2025","66715","KBO-66715","한화 이글스","김인환","IF","한화","1루수","6","4","34 1/3","2","0","30","6","5","0.947","0","0","0","-","https://www.koreabaseball.com/Record/Player/Defense/Basic.aspx"
"2025","66704","KBO-66704","한화 이글스","김태연","OF","한화","1루수","56","26","294","3","0","249","27","21","0.989","0","0","0","-","https://www.koreabaseball.com/Record/Player/Defense/Basic.aspx"
"2025","66704","KBO-66704","한화 이글스","김태연","OF","한화","우익수","35","23","198 2/3","1","0","49","5","2","0.982","0","0","0","-","https://www.koreabaseball.com/Record/Player/Defense/Basic.aspx"
"2025","66704","KBO-66704","한화 이글스","김태연","OF","한화","좌익수","30","23","178 1/3","1","0","30","1","0","0.969","0","0","0","-","https://www.koreabaseball.com/Record/Player/Defense/Basic.aspx"
"2025","69737","KBO-69737","한화 이글스","노시환","IF","한화","3루수","143","143","1262 1/3","17","0","99","218","17","0.949","0","0","0","-","https://www.koreabaseball.com/Record/Player/Defense/Basic.aspx"
"2025","55703","KBO-55703","한화 이글스","리베라토","OF","한화","중견수","58","58","479","3","0","125","7","1","0.978","0","0","0","-","https://www.koreabaseball.com/Record/Player/Defense/Basic.aspx"
"2025","53764","KBO-53764","한화 이글스","문현빈","IF","한화","2루수","1","0","1","0","0","0","1","1","1.000","0","0","0","-","https://www.koreabaseball.com/Record/Player/Defense/Basic.aspx"
"2025","53764","KBO-53764","한화 이글스","문현빈","IF","한화","3루수","1","0","1","0","0","0","0","0","-","0","0","0","-","https://www.koreabaseball.com/Record/Player/Defense/Basic.aspx"
"2025","53764","KBO-53764","한화 이글스","문현빈","IF","한화","좌익수","105","104","876 1/3","3","0","137","8","0","0.980","0","0","0","-","https://www.koreabaseball.com/Record/Player/Defense/Basic.aspx"
"2025","53764","KBO-53764","한화 이글스","문현빈","IF","한화","중견수","4","1","14","0","0","3","1","0","1.000","0","0","0","-","https://www.koreabaseball.com/Record/Player/Defense/Basic.aspx"
"2025","50709","KBO-50709","한화 이글스","박정현","IF","한화","3루수","1","0","1","0","0","0","0","0","-","0","0","0","-","https://www.koreabaseball.com/Record/Player/Defense/Basic.aspx"
"2025","77532","KBO-77532","한화 이글스","손아섭","OF","한화","우익수","46","42","314","0","0","68","0","0","1.000","0","0","0","-","https://www.koreabaseball.com/Record/Player/Defense/Basic.aspx"
"2025","77532","KBO-77532","한화 이글스","손아섭","OF","한화","좌익수","12","8","47","0","0","15","1","1","1.000","0","0","0","-","https://www.koreabaseball.com/Record/Player/Defense/Basic.aspx"
"2025","64006","KBO-64006","한화 이글스","심우준","IF","한화","유격수","91","81","685","7","0","140","201","40","0.980","0","0","0","-","https://www.koreabaseball.com/Record/Player/Defense/Basic.aspx"
"2025","79608","KBO-79608","한화 이글스","안치홍","IF","한화","1루수","1","1","6","0","0","4","0","0","1.000","0","0","0","-","https://www.koreabaseball.com/Record/Player/Defense/Basic.aspx"
"2025","79608","KBO-79608","한화 이글스","안치홍","IF","한화","2루수","12","11","81","1","0","15","28","5","0.977","0","0","0","-","https://www.koreabaseball.com/Record/Player/Defense/Basic.aspx"
"2025","69766","KBO-69766","한화 이글스","유로결","OF","한화","우익수","2","1","13","0","0","3","0","0","1.000","0","0","0","-","https://www.koreabaseball.com/Record/Player/Defense/Basic.aspx"
"2025","69766","KBO-69766","한화 이글스","유로결","OF","한화","좌익수","1","0","3","0","0","0","0","0","-","0","0","0","-","https://www.koreabaseball.com/Record/Player/Defense/Basic.aspx"
"2025","69766","KBO-69766","한화 이글스","유로결","OF","한화","중견수","4","0","13","0","0","2","1","0","1.000","0","0","0","-","https://www.koreabaseball.com/Record/Player/Defense/Basic.aspx"
"2025","65703","KBO-65703","한화 이글스","이도윤","IF","한화","1루수","4","0","5","0","0","7","0","0","1.000","0","0","0","-","https://www.koreabaseball.com/Record/Player/Defense/Basic.aspx"
"2025","65703","KBO-65703","한화 이글스","이도윤","IF","한화","2루수","64","45","380 2/3","2","0","73","120","21","0.990","0","0","0","-","https://www.koreabaseball.com/Record/Player/Defense/Basic.aspx"
"2025","65703","KBO-65703","한화 이글스","이도윤","IF","한화","3루수","7","1","24","0","0","2","0","0","1.000","0","0","0","-","https://www.koreabaseball.com/Record/Player/Defense/Basic.aspx"
"2025","65703","KBO-65703","한화 이글스","이도윤","IF","한화","유격수","43","15","195 2/3","2","0","29","56","7","0.977","0","0","0","-","https://www.koreabaseball.com/Record/Player/Defense/Basic.aspx"
"2025","55710","KBO-55710","한화 이글스","이민재","OF","한화","우익수","1","1","5","0","0","1","0","0","1.000","0","0","0","-","https://www.koreabaseball.com/Record/Player/Defense/Basic.aspx"
"2025","52704","KBO-52704","한화 이글스","이상혁","OF","한화","우익수","9","0","19 2/3","0","0","2","0","0","1.000","0","0","0","-","https://www.koreabaseball.com/Record/Player/Defense/Basic.aspx"
"2025","52704","KBO-52704","한화 이글스","이상혁","OF","한화","좌익수","6","0","12","0","0","5","0","0","1.000","0","0","0","-","https://www.koreabaseball.com/Record/Player/Defense/Basic.aspx"
"2025","52704","KBO-52704","한화 이글스","이상혁","OF","한화","중견수","9","0","14","0","0","4","0","0","1.000","0","0","0","-","https://www.koreabaseball.com/Record/Player/Defense/Basic.aspx"
"2025","68700","KBO-68700","한화 이글스","이원석","OF","한화","우익수","61","24","279 1/3","0","0","50","4","1","1.000","0","0","0","-","https://www.koreabaseball.com/Record/Player/Defense/Basic.aspx"
"2025","68700","KBO-68700","한화 이글스","이원석","OF","한화","좌익수","20","2","61 1/3","1","0","17","0","0","0.944","0","0","0","-","https://www.koreabaseball.com/Record/Player/Defense/Basic.aspx"
"2025","68700","KBO-68700","한화 이글스","이원석","OF","한화","중견수","36","20","216","0","0","55","0","0","1.000","0","0","0","-","https://www.koreabaseball.com/Record/Player/Defense/Basic.aspx"
"2025","76812","KBO-76812","한화 이글스","이재원","C","한화","포수","98","35","409 2/3","6","0","406","33","4","0.987","2","35","8","18.6","https://www.koreabaseball.com/Record/Player/Defense/Basic.aspx"
"2025","66657","KBO-66657","한화 이글스","이진영","OF","한화","우익수","94","81","642 1/3","2","0","127","3","0","0.985","0","0","0","-","https://www.koreabaseball.com/Record/Player/Defense/Basic.aspx"
"2025","66657","KBO-66657","한화 이글스","이진영","OF","한화","좌익수","7","5","52","0","0","14","1","0","1.000","0","0","0","-","https://www.koreabaseball.com/Record/Player/Defense/Basic.aspx"
"2025","66657","KBO-66657","한화 이글스","이진영","OF","한화","중견수","3","2","15","0","0","3","0","0","1.000","0","0","0","-","https://www.koreabaseball.com/Record/Player/Defense/Basic.aspx"
"2025","50704","KBO-50704","한화 이글스","임종찬","OF","한화","우익수","13","10","86 1/3","1","0","16","0","0","0.941","0","0","0","-","https://www.koreabaseball.com/Record/Player/Defense/Basic.aspx"
"2025","51762","KBO-51762","한화 이글스","장규현","C","한화","포수","1","0","2 2/3","0","0","3","0","0","1.000","0","0","0","-","https://www.koreabaseball.com/Record/Player/Defense/Basic.aspx"
"2025","79192","KBO-79192","한화 이글스","채은성","IF","한화","1루수","113","112","929 2/3","6","0","816","31","59","0.993","0","0","0","-","https://www.koreabaseball.com/Record/Player/Defense/Basic.aspx"
"2025","50707","KBO-50707","한화 이글스","최인호","OF","한화","우익수","7","0","16","0","0","3","1","0","1.000","0","0","0","-","https://www.koreabaseball.com/Record/Player/Defense/Basic.aspx"
"2025","50707","KBO-50707","한화 이글스","최인호","OF","한화","좌익수","20","9","95 1/3","0","0","13","0","0","1.000","0","0","0","-","https://www.koreabaseball.com/Record/Player/Defense/Basic.aspx"
"2025","50707","KBO-50707","한화 이글스","최인호","OF","한화","중견수","2","0","2","0","0","0","0","0","-","0","0","0","-","https://www.koreabaseball.com/Record/Player/Defense/Basic.aspx"
"2025","78288","KBO-78288","한화 이글스","최재훈","C","한화","포수","121","107","813","5","1","856","68","8","0.995","8","58","18","23.7","https://www.koreabaseball.com/Record/Player/Defense/Basic.aspx"
"2025","62700","KBO-62700","한화 이글스","하주석","IF","한화","1루수","1","0","1","0","0","1","0","1","1.000","0","0","0","-","https://www.koreabaseball.com/Record/Player/Defense/Basic.aspx"
"2025","62700","KBO-62700","한화 이글스","하주석","IF","한화","2루수","28","27","197","1","0","33","51","10","0.988","0","0","0","-","https://www.koreabaseball.com/Record/Player/Defense/Basic.aspx"
"2025","62700","KBO-62700","한화 이글스","하주석","IF","한화","3루수","1","0","2","0","0","0","0","0","-","0","0","0","-","https://www.koreabaseball.com/Record/Player/Defense/Basic.aspx"
"2025","62700","KBO-62700","한화 이글스","하주석","IF","한화","유격수","61","48","407 2/3","1","0","59","103","21","0.994","0","0","0","-","https://www.koreabaseball.com/Record/Player/Defense/Basic.aspx"
"2025","52764","KBO-52764","한화 이글스","허인서","C","한화","포수","19","2","65","1","0","78","8","1","0.989","1","3","5","62.5","https://www.koreabaseball.com/Record/Player/Defense/Basic.aspx"
"2025","54795","KBO-54795","한화 이글스","황영묵","IF","한화","2루수","107","61","627 2/3","6","0","118","187","35","0.981","0","0","0","-","https://www.koreabaseball.com/Record/Player/Defense/Basic.aspx"
