kbo_player_id,player_name,birth_date,professional_entry_year,official_join,official_draft,source_url,level,role,verified_through
50030,소형준,2001-09-16,2020,20KT,20 KT 1차,https://www.koreabaseball.com/Record/Player/PitcherDetail/Total.aspx?playerId=50030,first_team,pitching,2025
50030,소형준,2001-09-16,2020,20KT,20 KT 1차,https://www.koreabaseball.com/Futures/Player/PitcherTotal.aspx?playerId=50030,futures,pitching,2025
50036,이강준,2001-12-14,2020,20KT,20 KT 2차 3라운드 22순위,https://www.koreabaseball.com/Record/Player/PitcherDetail/Total.aspx?playerId=50036,first_team,pitching,2025
50036,이강준,2001-12-14,2020,20KT,20 KT 2차 3라운드 22순위,https://www.koreabaseball.com/Futures/Player/PitcherTotal.aspx?playerId=50036,futures,pitching,2025
50054,천성호,1997-10-30,2020,20KT,20 KT 2차 2라운드 12순위,https://www.koreabaseball.com/Record/Player/HitterDetail/Total.aspx?playerId=50054,first_team,hitting,2025
50054,천성호,1997-10-30,2020,20KT,20 KT 2차 2라운드 12순위,https://www.koreabaseball.com/Futures/Player/HitterTotal.aspx?playerId=50054,futures,hitting,2025
50066,강현우,2001-04-13,2020,20KT,20 KT 2차 1라운드 2순위,https://www.koreabaseball.com/Record/Player/HitterDetail/Total.aspx?playerId=50066,first_team,hitting,2025
50066,강현우,2001-04-13,2020,20KT,20 KT 2차 1라운드 2순위,https://www.koreabaseball.com/Futures/Player/HitterTotal.aspx?playerId=50066,futures,hitting,2025
50092,윤준혁,2001-07-26,2020,20KT,20 KT 2차 4라운드 32순위,https://www.koreabaseball.com/Record/Player/HitterDetail/Total.aspx?playerId=50092,first_team,hitting,2025
50092,윤준혁,2001-07-26,2020,20KT,20 KT 2차 4라운드 32순위,https://www.koreabaseball.com/Futures/Player/HitterTotal.aspx?playerId=50092,futures,hitting,2025
50106,유영찬,1997-03-07,2020,23LG,20 LG 2차 5라운드 43순위,https://www.koreabaseball.com/Record/Player/PitcherDetail/Total.aspx?playerId=50106,first_team,pitching,2025
50106,유영찬,1997-03-07,2020,23LG,20 LG 2차 5라운드 43순위,https://www.koreabaseball.com/Futures/Player/PitcherTotal.aspx?playerId=50106,futures,pitching,2025
50108,함창건,2001-08-18,2020,24LG,20 LG 2차 7라운드 63순위,https://www.koreabaseball.com/Record/Player/HitterDetail/Total.aspx?playerId=50108,first_team,hitting,2025
50108,함창건,2001-08-18,2020,24LG,20 LG 2차 7라운드 63순위,https://www.koreabaseball.com/Futures/Player/HitterTotal.aspx?playerId=50108,futures,hitting,2025
50109,성재헌,1997-12-22,2020,20LG,20 LG 2차 8라운드 73순위,https://www.koreabaseball.com/Record/Player/PitcherDetail/Total.aspx?playerId=50109,first_team,pitching,2025
50109,성재헌,1997-12-22,2020,20LG,20 LG 2차 8라운드 73순위,https://www.koreabaseball.com/Futures/Player/PitcherTotal.aspx?playerId=50109,futures,pitching,2025
50150,손호영,1994-08-23,2014,14시카고컵스,20 LG 2차 3라운드 23순위,https://www.koreabaseball.com/Record/Player/HitterDetail/Total.aspx?playerId=50150,first_team,hitting,2025
50150,손호영,1994-08-23,2014,14시카고컵스,20 LG 2차 3라운드 23순위,https://www.koreabaseball.com/Futures/Player/HitterTotal.aspx?playerId=50150,futures,hitting,2025
50167,이주형,2001-04-02,2020,20LG,20 LG 2차 2라운드 13순위,https://www.koreabaseball.com/Record/Player/HitterDetail/Total.aspx?playerId=50167,first_team,hitting,2025
50167,이주형,2001-04-02,2020,20LG,20 LG 2차 2라운드 13순위,https://www.koreabaseball.com/Futures/Player/HitterTotal.aspx?playerId=50167,futures,hitting,2025
50204,박지훈,2000-09-07,2020,20두산,20 두산 2차 5라운드 49순위,https://www.koreabaseball.com/Record/Player/HitterDetail/Total.aspx?playerId=50204,first_team,hitting,2025
50204,박지훈,2000-09-07,2020,20두산,20 두산 2차 5라운드 49순위,https://www.koreabaseball.com/Futures/Player/HitterTotal.aspx?playerId=50204,futures,hitting,2025
50206,최종인,2001-05-01,2020,24두산,20 두산 2차 9라운드 89순위,https://www.koreabaseball.com/Record/Player/PitcherDetail/Total.aspx?playerId=50206,first_team,pitching,2025
50206,최종인,2001-05-01,2020,24두산,20 두산 2차 9라운드 89순위,https://www.koreabaseball.com/Futures/Player/PitcherTotal.aspx?playerId=50206,futures,pitching,2025
50208,오명진,2001-09-04,2020,20두산,20 두산 2차 6라운드 59순위,https://www.koreabaseball.com/Record/Player/HitterDetail/Total.aspx?playerId=50208,first_team,hitting,2025
50208,오명진,2001-09-04,2020,20두산,20 두산 2차 6라운드 59순위,https://www.koreabaseball.com/Futures/Player/HitterTotal.aspx?playerId=50208,futures,hitting,2025
50211,제환유,2000-09-30,2020,20두산,20 두산 2차 2라운드 19순위,https://www.koreabaseball.com/Record/Player/PitcherDetail/Total.aspx?playerId=50211,first_team,pitching,2025
50211,제환유,2000-09-30,2020,20두산,20 두산 2차 2라운드 19순위,https://www.koreabaseball.com/Futures/Player/PitcherTotal.aspx?playerId=50211,futures,pitching,2025
50304,김병휘,2001-02-16,2020,20키움,20 키움 2차 4라운드 37순위,https://www.koreabaseball.com/Record/Player/HitterDetail/Total.aspx?playerId=50304,first_team,hitting,2025
50304,김병휘,2001-02-16,2020,20키움,20 키움 2차 4라운드 37순위,https://www.koreabaseball.com/Futures/Player/HitterTotal.aspx?playerId=50304,futures,hitting,2025
50357,박주홍,2001-04-16,2020,20키움,20 키움 1차,https://www.koreabaseball.com/Record/Player/HitterDetail/Total.aspx?playerId=50357,first_team,hitting,2025
50357,박주홍,2001-04-16,2020,20키움,20 키움 1차,https://www.koreabaseball.com/Futures/Player/HitterTotal.aspx?playerId=50357,futures,hitting,2025
50430,홍원표,2001-03-27,2020,20삼성,20 삼성 2차 3라운드 25순위,https://www.koreabaseball.com/Record/Player/PitcherDetail/Total.aspx?playerId=50430,first_team,pitching,2025
50430,홍원표,2001-03-27,2020,20삼성,20 삼성 2차 3라운드 25순위,https://www.koreabaseball.com/Futures/Player/PitcherTotal.aspx?playerId=50430,futures,pitching,2025
50441,황동재,2001-11-03,2020,20삼성,20 삼성 1차,https://www.koreabaseball.com/Record/Player/PitcherDetail/Total.aspx?playerId=50441,first_team,pitching,2025
50441,황동재,2001-11-03,2020,20삼성,20 삼성 1차,https://www.koreabaseball.com/Futures/Player/PitcherTotal.aspx?playerId=50441,futures,pitching,2025
50458,김지찬,2001-03-08,2020,20삼성,20 삼성 2차 2라운드 15순위,https://www.koreabaseball.com/Record/Player/HitterDetail/Total.aspx?playerId=50458,first_team,hitting,2025
50458,김지찬,2001-03-08,2020,20삼성,20 삼성 2차 2라운드 15순위,https://www.koreabaseball.com/Futures/Player/HitterTotal.aspx?playerId=50458,futures,hitting,2025
50464,이승민,2000-08-26,2020,20삼성,20 삼성 2차 4라운드 35순위,https://www.koreabaseball.com/Record/Player/PitcherDetail/Total.aspx?playerId=50464,first_team,pitching,2025
50464,이승민,2000-08-26,2020,20삼성,20 삼성 2차 4라운드 35순위,https://www.koreabaseball.com/Futures/Player/PitcherTotal.aspx?playerId=50464,futures,pitching,2025
50500,황성빈,1997-12-19,2020,22롯데,20 롯데 2차 5라운드 44순위,https://www.koreabaseball.com/Record/Player/HitterDetail/Total.aspx?playerId=50500,first_team,hitting,2025
50500,황성빈,1997-12-19,2020,22롯데,20 롯데 2차 5라운드 44순위,https://www.koreabaseball.com/Futures/Player/HitterTotal.aspx?playerId=50500,futures,hitting,2025
50556,최준용,2001-10-10,2020,20롯데,20 롯데 1차,https://www.koreabaseball.com/Record/Player/PitcherDetail/Total.aspx?playerId=50556,first_team,pitching,2025
50556,최준용,2001-10-10,2020,20롯데,20 롯데 1차,https://www.koreabaseball.com/Futures/Player/PitcherTotal.aspx?playerId=50556,futures,pitching,2025
50596,홍민기,2001-07-20,2020,20롯데,20 롯데 2차 1라운드 4순위,https://www.koreabaseball.com/Record/Player/PitcherDetail/Total.aspx?playerId=50596,first_team,pitching,2025
50596,홍민기,2001-07-20,2020,20롯데,20 롯데 2차 1라운드 4순위,https://www.koreabaseball.com/Futures/Player/PitcherTotal.aspx?playerId=50596,futures,pitching,2025
50600,홍종표,2000-05-02,2020,20KIA,20 KIA 2차 2라운드 16순위,https://www.koreabaseball.com/Record/Player/HitterDetail/Total.aspx?playerId=50600,first_team,hitting,2025
50600,홍종표,2000-05-02,2020,20KIA,20 KIA 2차 2라운드 16순위,https://www.koreabaseball.com/Futures/Player/HitterTotal.aspx?playerId=50600,futures,hitting,2025
50604,유지성,2000-11-15,2020,20KIA,20 KIA 2차 4라운드 36순위,https://www.koreabaseball.com/Record/Player/PitcherDetail/Total.aspx?playerId=50604,first_team,pitching,2025
50604,유지성,2000-11-15,2020,20KIA,20 KIA 2차 4라운드 36순위,https://www.koreabaseball.com/Futures/Player/PitcherTotal.aspx?playerId=50604,futures,pitching,2025
50608,이인한,1998-12-24,2020,24롯데,20 KIA 2차 9라운드 86순위,https://www.koreabaseball.com/Record/Player/HitterDetail/Total.aspx?playerId=50608,first_team,hitting,2025
50608,이인한,1998-12-24,2020,24롯데,20 KIA 2차 9라운드 86순위,https://www.koreabaseball.com/Futures/Player/HitterTotal.aspx?playerId=50608,futures,hitting,2025
50641,장재혁,2001-08-02,2020,22KIA,20 KIA 2차 6라운드 56순위,https://www.koreabaseball.com/Record/Player/PitcherDetail/Total.aspx?playerId=50641,first_team,pitching,2025
50641,장재혁,2001-08-02,2020,22KIA,20 KIA 2차 6라운드 56순위,https://www.koreabaseball.com/Futures/Player/PitcherTotal.aspx?playerId=50641,futures,pitching,2025
50650,최용준,2001-12-19,2020,21KIA,20 KIA 2차 10라운드 96순위,https://www.koreabaseball.com/Record/Player/PitcherDetail/Total.aspx?playerId=50650,first_team,pitching,2025
50650,최용준,2001-12-19,2020,21KIA,20 KIA 2차 10라운드 96순위,https://www.koreabaseball.com/Futures/Player/PitcherTotal.aspx?playerId=50650,futures,pitching,2025
50657,박민,2001-06-05,2020,20KIA,20 KIA 2차 1라운드 6순위,https://www.koreabaseball.com/Record/Player/HitterDetail/Total.aspx?playerId=50657,first_team,hitting,2025
50657,박민,2001-06-05,2020,20KIA,20 KIA 2차 1라운드 6순위,https://www.koreabaseball.com/Futures/Player/HitterTotal.aspx?playerId=50657,futures,hitting,2025
50662,정해영,2001-08-23,2020,20KIA,20 KIA 1차,https://www.koreabaseball.com/Record/Player/PitcherDetail/Total.aspx?playerId=50662,first_team,pitching,2025
50662,정해영,2001-08-23,2020,20KIA,20 KIA 1차,https://www.koreabaseball.com/Futures/Player/PitcherTotal.aspx?playerId=50662,futures,pitching,2025
50704,임종찬,2001-09-28,2020,20한화,20 한화 2차 3라운드 28순위,https://www.koreabaseball.com/Record/Player/HitterDetail/Total.aspx?playerId=50704,first_team,hitting,2025
50704,임종찬,2001-09-28,2020,20한화,20 한화 2차 3라운드 28순위,https://www.koreabaseball.com/Futures/Player/HitterTotal.aspx?playerId=50704,futures,hitting,2025
50705,강재민,1997-04-03,2020,20한화,20 한화 2차 4라운드 38순위,https://www.koreabaseball.com/Record/Player/PitcherDetail/Total.aspx?playerId=50705,first_team,pitching,2025
50705,강재민,1997-04-03,2020,20한화,20 한화 2차 4라운드 38순위,https://www.koreabaseball.com/Futures/Player/PitcherTotal.aspx?playerId=50705,futures,pitching,2025
50707,최인호,2000-01-30,2020,20한화,20 한화 2차 6라운드 58순위,https://www.koreabaseball.com/Record/Player/HitterDetail/Total.aspx?playerId=50707,first_team,hitting,2025
50707,최인호,2000-01-30,2020,20한화,20 한화 2차 6라운드 58순위,https://www.koreabaseball.com/Futures/Player/HitterTotal.aspx?playerId=50707,futures,hitting,2025
50709,박정현,2001-07-27,2020,20한화,20 한화 2차 8라운드 78순위,https://www.koreabaseball.com/Record/Player/HitterDetail/Total.aspx?playerId=50709,first_team,hitting,2025
50709,박정현,2001-07-27,2020,20한화,20 한화 2차 8라운드 78순위,https://www.koreabaseball.com/Futures/Player/HitterTotal.aspx?playerId=50709,futures,hitting,2025
50711,김승일,2001-07-07,2020,24한화,20 한화 2차 10라운드 98순위,https://www.koreabaseball.com/Record/Player/PitcherDetail/Total.aspx?playerId=50711,first_team,pitching,2025
50711,김승일,2001-07-07,2020,24한화,20 한화 2차 10라운드 98순위,https://www.koreabaseball.com/Futures/Player/PitcherTotal.aspx?playerId=50711,futures,pitching,2025
50812,박시후,2001-05-10,2020,22SSG,20 SK 2차 10라운드 100순위,https://www.koreabaseball.com/Record/Player/PitcherDetail/Total.aspx?playerId=50812,first_team,pitching,2025
50812,박시후,2001-05-10,2020,22SSG,20 SK 2차 10라운드 100순위,https://www.koreabaseball.com/Futures/Player/PitcherTotal.aspx?playerId=50812,futures,pitching,2025
50840,현원회,2001-07-08,2020,20SK,20 SK 2차 4라운드 40순위,https://www.koreabaseball.com/Record/Player/HitterDetail/Total.aspx?playerId=50840,first_team,hitting,2025
50840,현원회,2001-07-08,2020,20SK,20 SK 2차 4라운드 40순위,https://www.koreabaseball.com/Futures/Player/HitterTotal.aspx?playerId=50840,futures,hitting,2025
50848,김성민,2001-04-30,2020,20SK,20 SK 2차 2라운드 20순위,https://www.koreabaseball.com/Record/Player/HitterDetail/Total.aspx?playerId=50848,first_team,hitting,2025
50848,김성민,2001-04-30,2020,20SK,20 SK 2차 2라운드 20순위,https://www.koreabaseball.com/Futures/Player/HitterTotal.aspx?playerId=50848,futures,hitting,2025
50854,최지훈,1997-07-23,2020,20SK,20 SK 2차 3라운드 30순위,https://www.koreabaseball.com/Record/Player/HitterDetail/Total.aspx?playerId=50854,first_team,hitting,2025
50854,최지훈,1997-07-23,2020,20SK,20 SK 2차 3라운드 30순위,https://www.koreabaseball.com/Futures/Player/HitterTotal.aspx?playerId=50854,futures,hitting,2025
50859,오원석,2001-04-23,2020,20SK,20 SK 1차,https://www.koreabaseball.com/Record/Player/PitcherDetail/Total.aspx?playerId=50859,first_team,pitching,2025
50859,오원석,2001-04-23,2020,20SK,20 SK 1차,https://www.koreabaseball.com/Futures/Player/PitcherTotal.aspx?playerId=50859,futures,pitching,2025
50868,류효승,1996-07-16,2020,20SK,20 SK 2차 6라운드 60순위,https://www.koreabaseball.com/Record/Player/HitterDetail/Total.aspx?playerId=50868,first_team,hitting,2025
50868,류효승,1996-07-16,2020,20SK,20 SK 2차 6라운드 60순위,https://www.koreabaseball.com/Futures/Player/HitterTotal.aspx?playerId=50868,futures,hitting,2025
50901,안인산,2001-02-27,2020,20NC,20 NC 2차 3라운드 21순위,https://www.koreabaseball.com/Record/Player/HitterDetail/Total.aspx?playerId=50901,first_team,hitting,2025
50901,안인산,2001-02-27,2020,20NC,20 NC 2차 3라운드 21순위,https://www.koreabaseball.com/Futures/Player/HitterTotal.aspx?playerId=50901,futures,hitting,2025
50902,김한별,2001-01-18,2020,22NC,20 NC 2차 7라운드 61순위,https://www.koreabaseball.com/Record/Player/HitterDetail/Total.aspx?playerId=50902,first_team,hitting,2025
50902,김한별,2001-01-18,2020,22NC,20 NC 2차 7라운드 61순위,https://www.koreabaseball.com/Futures/Player/HitterTotal.aspx?playerId=50902,futures,hitting,2025
50903,한재환,2001-10-19,2020,24NC,20 NC 2차 8라운드 71순위,https://www.koreabaseball.com/Record/Player/HitterDetail/Total.aspx?playerId=50903,first_team,hitting,2025
50903,한재환,2001-10-19,2020,24NC,20 NC 2차 8라운드 71순위,https://www.koreabaseball.com/Futures/Player/HitterTotal.aspx?playerId=50903,futures,hitting,2025
50904,이종준,2001-03-09,2020,24LG,20 NC 2차 9라운드 81순위,https://www.koreabaseball.com/Record/Player/PitcherDetail/Total.aspx?playerId=50904,first_team,pitching,2025
50904,이종준,2001-03-09,2020,24LG,20 NC 2차 9라운드 81순위,https://www.koreabaseball.com/Futures/Player/PitcherTotal.aspx?playerId=50904,futures,pitching,2025
50906,박영빈,1997-07-16,2020,23NC,20 NC 육성선수,https://www.koreabaseball.com/Record/Player/HitterDetail/Total.aspx?playerId=50906,first_team,hitting,2025
50906,박영빈,1997-07-16,2020,23NC,20 NC 육성선수,https://www.koreabaseball.com/Futures/Player/HitterTotal.aspx?playerId=50906,futures,hitting,2025
50992,김태경,2001-04-07,2020,20NC,20 NC 1차,https://www.koreabaseball.com/Record/Player/PitcherDetail/Total.aspx?playerId=50992,first_team,pitching,2025
50992,김태경,2001-04-07,2020,20NC,20 NC 1차,https://www.koreabaseball.com/Futures/Player/PitcherTotal.aspx?playerId=50992,futures,pitching,2025
50996,박시원,2001-05-30,2020,20NC,20 NC 2차 2라운드 11순위,https://www.koreabaseball.com/Record/Player/HitterDetail/Total.aspx?playerId=50996,first_team,hitting,2025
50996,박시원,2001-05-30,2020,20NC,20 NC 2차 2라운드 11순위,https://www.koreabaseball.com/Futures/Player/HitterTotal.aspx?playerId=50996,futures,hitting,2025
51003,권동진,1998-09-12,2021,21KT,21 KT 2차 1라운드 5순위,https://www.koreabaseball.com/Record/Player/HitterDetail/Total.aspx?playerId=51003,first_team,hitting,2025
51003,권동진,1998-09-12,2021,21KT,21 KT 2차 1라운드 5순위,https://www.koreabaseball.com/Futures/Player/HitterTotal.aspx?playerId=51003,futures,hitting,2025
51005,김건형,1996-07-12,2021,21KT,21 KT 2차 8라운드 75순위,https://www.koreabaseball.com/Record/Player/HitterDetail/Total.aspx?playerId=51005,first_team,hitting,2025
51005,김건형,1996-07-12,2021,21KT,21 KT 2차 8라운드 75순위,https://www.koreabaseball.com/Futures/Player/HitterTotal.aspx?playerId=51005,futures,hitting,2025
51007,최성민,2002-07-05,2021,23KT,21 KT 2차 6라운드 55순위,https://www.koreabaseball.com/Record/Player/HitterDetail/Total.aspx?playerId=51007,first_team,hitting,2025
51007,최성민,2002-07-05,2021,23KT,21 KT 2차 6라운드 55순위,https://www.koreabaseball.com/Futures/Player/HitterTotal.aspx?playerId=51007,futures,hitting,2025
51013,유준규,2002-08-16,2021,21KT,21 KT 2차 3라운드 25순위,https://www.koreabaseball.com/Record/Player/HitterDetail/Total.aspx?playerId=51013,first_team,hitting,2025
51013,유준규,2002-08-16,2021,21KT,21 KT 2차 3라운드 25순위,https://www.koreabaseball.com/Futures/Player/HitterTotal.aspx?playerId=51013,futures,hitting,2025
51058,한차현,1998-11-30,2021,21KT,21 KT 2차 2라운드 15순위,https://www.koreabaseball.com/Record/Player/PitcherDetail/Total.aspx?playerId=51058,first_team,pitching,2025
51058,한차현,1998-11-30,2021,21KT,21 KT 2차 2라운드 15순위,https://www.koreabaseball.com/Futures/Player/PitcherTotal.aspx?playerId=51058,futures,pitching,2025
51100,이영빈,2002-06-17,2021,21LG,21 LG 2차 1라운드 7순위,https://www.koreabaseball.com/Record/Player/HitterDetail/Total.aspx?playerId=51100,first_team,hitting,2025
51100,이영빈,2002-06-17,2021,21LG,21 LG 2차 1라운드 7순위,https://www.koreabaseball.com/Futures/Player/HitterTotal.aspx?playerId=51100,futures,hitting,2025
51111,송승기,2002-04-10,2021,22LG,21 LG 2차 9라운드 87순위,https://www.koreabaseball.com/Record/Player/PitcherDetail/Total.aspx?playerId=51111,first_team,pitching,2025
51111,송승기,2002-04-10,2021,22LG,21 LG 2차 9라운드 87순위,https://www.koreabaseball.com/Futures/Player/PitcherTotal.aspx?playerId=51111,futures,pitching,2025
51154,김진수,1998-08-31,2021,21LG,21 LG 2차 2라운드 17순위,https://www.koreabaseball.com/Record/Player/PitcherDetail/Total.aspx?playerId=51154,first_team,pitching,2025
51154,김진수,1998-08-31,2021,21LG,21 LG 2차 2라운드 17순위,https://www.koreabaseball.com/Futures/Player/PitcherTotal.aspx?playerId=51154,futures,pitching,2025
51203,안재석,2002-02-15,2021,21두산,21 두산 1차,https://www.koreabaseball.com/Record/Player/HitterDetail/Total.aspx?playerId=51203,first_team,hitting,2025
51203,안재석,2002-02-15,2021,21두산,21 두산 1차,https://www.koreabaseball.com/Futures/Player/HitterTotal.aspx?playerId=51203,futures,hitting,2025
51264,최승용,2001-05-11,2021,21두산,21 두산 2차 2라운드 20순위,https://www.koreabaseball.com/Record/Player/PitcherDetail/Total.aspx?playerId=51264,first_team,pitching,2025
51264,최승용,2001-05-11,2021,21두산,21 두산 2차 2라운드 20순위,https://www.koreabaseball.com/Futures/Player/PitcherTotal.aspx?playerId=51264,futures,pitching,2025
51269,강현구,2002-06-16,2021,21두산,21 두산 2차 3라운드 30순위,https://www.koreabaseball.com/Record/Player/HitterDetail/Total.aspx?playerId=51269,first_team,hitting,2025
51269,강현구,2002-06-16,2021,21두산,21 두산 2차 3라운드 30순위,https://www.koreabaseball.com/Futures/Player/HitterTotal.aspx?playerId=51269,futures,hitting,2025
51298,박성재,2002-11-18,2021,21두산,21 두산 2차 8라운드 80순위,https://www.koreabaseball.com/Record/Player/HitterDetail/Total.aspx?playerId=51298,first_team,hitting,2025
51298,박성재,2002-11-18,2021,21두산,21 두산 2차 8라운드 80순위,https://www.koreabaseball.com/Futures/Player/HitterTotal.aspx?playerId=51298,futures,hitting,2025
51299,김주완,1999-10-07,2021,24KT,21 두산 2차 9라운드 90순위,https://www.koreabaseball.com/Record/Player/PitcherDetail/Total.aspx?playerId=51299,first_team,pitching,2025
51299,김주완,1999-10-07,2021,24KT,21 두산 2차 9라운드 90순위,https://www.koreabaseball.com/Futures/Player/PitcherTotal.aspx?playerId=51299,futures,pitching,2025
51302,이주형,2002-07-05,2021,21키움,21 키움 2차 4라운드 39순위,https://www.koreabaseball.com/Record/Player/HitterDetail/Total.aspx?playerId=51302,first_team,hitting,2025
51302,이주형,2002-07-05,2021,21키움,21 키움 2차 4라운드 39순위,https://www.koreabaseball.com/Futures/Player/HitterTotal.aspx?playerId=51302,futures,hitting,2025
51344,김휘집,2002-01-01,2021,21키움,21 키움 2차 1라운드 9순위,https://www.koreabaseball.com/Record/Player/HitterDetail/Total.aspx?playerId=51344,first_team,hitting,2025
51344,김휘집,2002-01-01,2021,21키움,21 키움 2차 1라운드 9순위,https://www.koreabaseball.com/Futures/Player/HitterTotal.aspx?playerId=51344,futures,hitting,2025
51407,이창용,1999-06-03,2021,24삼성,21 삼성 2차 8라운드 73순위,https://www.koreabaseball.com/Record/Player/HitterDetail/Total.aspx?playerId=51407,first_team,hitting,2025
51407,이창용,1999-06-03,2021,24삼성,21 삼성 2차 8라운드 73순위,https://www.koreabaseball.com/Futures/Player/HitterTotal.aspx?playerId=51407,futures,hitting,2025
51454,이승현,2002-05-19,2021,21삼성,21 삼성 1차,https://www.koreabaseball.com/Record/Player/PitcherDetail/Total.aspx?playerId=51454,first_team,pitching,2025
51454,이승현,2002-05-19,2021,21삼성,21 삼성 1차,https://www.koreabaseball.com/Futures/Player/PitcherTotal.aspx?playerId=51454,futures,pitching,2025
51460,이재희,2001-10-11,2021,21삼성,21 삼성 2차 1라운드 3순위,https://www.koreabaseball.com/Record/Player/PitcherDetail/Total.aspx?playerId=51460,first_team,pitching,2025
51460,이재희,2001-10-11,2021,21삼성,21 삼성 2차 1라운드 3순위,https://www.koreabaseball.com/Futures/Player/PitcherTotal.aspx?playerId=51460,futures,pitching,2025
51516,김진욱,2002-07-05,2021,21롯데,21 롯데 2차 1라운드 1순위,https://www.koreabaseball.com/Record/Player/PitcherDetail/Total.aspx?playerId=51516,first_team,pitching,2025
51516,김진욱,2002-07-05,2021,21롯데,21 롯데 2차 1라운드 1순위,https://www.koreabaseball.com/Futures/Player/PitcherTotal.aspx?playerId=51516,futures,pitching,2025
51526,우강훈,2002-10-03,2021,23롯데,21 롯데 2차 5라운드 41순위,https://www.koreabaseball.com/Record/Player/PitcherDetail/Total.aspx?playerId=51526,first_team,pitching,2025
51526,우강훈,2002-10-03,2021,23롯데,21 롯데 2차 5라운드 41순위,https://www.koreabaseball.com/Futures/Player/PitcherTotal.aspx?playerId=51526,futures,pitching,2025
51528,손성빈,2002-01-14,2021,21롯데,21 롯데 1차,https://www.koreabaseball.com/Record/Player/HitterDetail/Total.aspx?playerId=51528,first_team,hitting,2025
51528,손성빈,2002-01-14,2021,21롯데,21 롯데 1차,https://www.koreabaseball.com/Futures/Player/HitterTotal.aspx?playerId=51528,futures,hitting,2025
51546,정우준,2000-03-17,2021,21롯데,21 롯데 2차 6라운드 51순위,https://www.koreabaseball.com/Record/Player/PitcherDetail/Total.aspx?playerId=51546,first_team,pitching,2025
51546,정우준,2000-03-17,2021,21롯데,21 롯데 2차 6라운드 51순위,https://www.koreabaseball.com/Futures/Player/PitcherTotal.aspx?playerId=51546,futures,pitching,2025
51551,나승엽,2002-02-15,2021,21롯데,21 롯데 2차 2라운드 11순위,https://www.koreabaseball.com/Record/Player/HitterDetail/Total.aspx?playerId=51551,first_team,hitting,2025
51551,나승엽,2002-02-15,2021,21롯데,21 롯데 2차 2라운드 11순위,https://www.koreabaseball.com/Futures/Player/HitterTotal.aspx?playerId=51551,futures,hitting,2025
51592,이병준,2002-05-28,2021,25롯데,21 롯데 2차 7라운드 61순위,https://www.koreabaseball.com/Record/Player/PitcherDetail/Total.aspx?playerId=51592,first_team,pitching,2025
51592,이병준,2002-05-28,2021,25롯데,21 롯데 2차 7라운드 61순위,https://www.koreabaseball.com/Futures/Player/PitcherTotal.aspx?playerId=51592,futures,pitching,2025
51594,송재영,2002-06-20,2021,21롯데,21 롯데 2차 4라운드 31순위,https://www.koreabaseball.com/Record/Player/PitcherDetail/Total.aspx?playerId=51594,first_team,pitching,2025
51594,송재영,2002-06-20,2021,21롯데,21 롯데 2차 4라운드 31순위,https://www.koreabaseball.com/Futures/Player/PitcherTotal.aspx?playerId=51594,futures,pitching,2025
51648,이의리,2002-06-16,2021,21KIA,21 KIA 1차,https://www.koreabaseball.com/Record/Player/PitcherDetail/Total.aspx?playerId=51648,first_team,pitching,2025
51648,이의리,2002-06-16,2021,21KIA,21 KIA 1차,https://www.koreabaseball.com/Futures/Player/PitcherTotal.aspx?playerId=51648,futures,pitching,2025
51715,김기중,2002-11-16,2021,21한화,21 한화 2차 1라운드 2순위,https://www.koreabaseball.com/Record/Player/PitcherDetail/Total.aspx?playerId=51715,first_team,pitching,2025
51715,김기중,2002-11-16,2021,21한화,21 한화 2차 1라운드 2순위,https://www.koreabaseball.com/Futures/Player/PitcherTotal.aspx?playerId=51715,futures,pitching,2025
51761,배동현,1998-03-16,2021,21한화,21 한화 2차 5라운드 42순위,https://www.koreabaseball.com/Record/Player/PitcherDetail/Total.aspx?playerId=51761,first_team,pitching,2025
51761,배동현,1998-03-16,2021,21한화,21 한화 2차 5라운드 42순위,https://www.koreabaseball.com/Futures/Player/PitcherTotal.aspx?playerId=51761,futures,pitching,2025
51762,장규현,2002-06-28,2021,21한화,21 한화 2차 4라운드 32순위,https://www.koreabaseball.com/Record/Player/HitterDetail/Total.aspx?playerId=51762,first_team,hitting,2025
51762,장규현,2002-06-28,2021,21한화,21 한화 2차 4라운드 32순위,https://www.koreabaseball.com/Futures/Player/HitterTotal.aspx?playerId=51762,futures,hitting,2025
51764,정민규,2003-01-10,2021,21한화,21 한화 1차,https://www.koreabaseball.com/Record/Player/HitterDetail/Total.aspx?playerId=51764,first_team,hitting,2025
51764,정민규,2003-01-10,2021,21한화,21 한화 1차,https://www.koreabaseball.com/Futures/Player/HitterTotal.aspx?playerId=51764,futures,hitting,2025
51860,박정빈,2002-06-14,2021,25SSG,21 SK 2차 5라운드 48순위,https://www.koreabaseball.com/Record/Player/HitterDetail/Total.aspx?playerId=51860,first_team,hitting,2025
51860,박정빈,2002-06-14,2021,25SSG,21 SK 2차 5라운드 48순위,https://www.koreabaseball.com/Futures/Player/HitterTotal.aspx?playerId=51860,futures,hitting,2025
51865,조형우,2002-04-04,2021,21SK,21 SK 2차 1라운드 8순위,https://www.koreabaseball.com/Record/Player/HitterDetail/Total.aspx?playerId=51865,first_team,hitting,2025
51865,조형우,2002-04-04,2021,21SK,21 SK 2차 1라운드 8순위,https://www.koreabaseball.com/Futures/Player/HitterTotal.aspx?playerId=51865,futures,hitting,2025
51867,김건우,2002-07-12,2021,21SK,21 SK 1차,https://www.koreabaseball.com/Record/Player/PitcherDetail/Total.aspx?playerId=51867,first_team,pitching,2025
51867,김건우,2002-07-12,2021,21SK,21 SK 1차,https://www.koreabaseball.com/Futures/Player/PitcherTotal.aspx?playerId=51867,futures,pitching,2025
51868,고명준,2002-07-08,2021,21SK,21 SK 2차 2라운드 18순위,https://www.koreabaseball.com/Record/Player/HitterDetail/Total.aspx?playerId=51868,first_team,hitting,2025
51868,고명준,2002-07-08,2021,21SK,21 SK 2차 2라운드 18순위,https://www.koreabaseball.com/Futures/Player/HitterTotal.aspx?playerId=51868,futures,hitting,2025
51895,장지훈,1998-12-06,2021,21SK,21 SK 2차 4라운드 38순위,https://www.koreabaseball.com/Record/Player/PitcherDetail/Total.aspx?playerId=51895,first_team,pitching,2025
51895,장지훈,1998-12-06,2021,21SK,21 SK 2차 4라운드 38순위,https://www.koreabaseball.com/Futures/Player/PitcherTotal.aspx?playerId=51895,futures,pitching,2025
51897,조병현,2002-05-08,2021,21SK,21 SK 2차 3라운드 28순위,https://www.koreabaseball.com/Record/Player/PitcherDetail/Total.aspx?playerId=51897,first_team,pitching,2025
51897,조병현,2002-05-08,2021,21SK,21 SK 2차 3라운드 28순위,https://www.koreabaseball.com/Futures/Player/PitcherTotal.aspx?playerId=51897,futures,pitching,2025
51903,김정호,1998-07-13,2021,25NC,21 NC 2차 8라운드 76순위,https://www.koreabaseball.com/Record/Player/HitterDetail/Total.aspx?playerId=51903,first_team,hitting,2025
51903,김정호,1998-07-13,2021,25NC,21 NC 2차 8라운드 76순위,https://www.koreabaseball.com/Futures/Player/HitterTotal.aspx?playerId=51903,futures,hitting,2025
51907,김주원,2002-07-30,2021,21NC,21 NC 2차 1라운드 6순위,https://www.koreabaseball.com/Record/Player/HitterDetail/Total.aspx?playerId=51907,first_team,hitting,2025
51907,김주원,2002-07-30,2021,21NC,21 NC 2차 1라운드 6순위,https://www.koreabaseball.com/Futures/Player/HitterTotal.aspx?playerId=51907,futures,hitting,2025
51994,한재승,2001-11-21,2021,21NC,21 NC 2차 4라운드 36순위,https://www.koreabaseball.com/Record/Player/PitcherDetail/Total.aspx?playerId=51994,first_team,pitching,2025
51994,한재승,2001-11-21,2021,21NC,21 NC 2차 4라운드 36순위,https://www.koreabaseball.com/Futures/Player/PitcherTotal.aspx?playerId=51994,futures,pitching,2025
51996,오태양,2002-04-25,2021,21NC,21 NC 2차 5라운드 46순위,https://www.koreabaseball.com/Record/Player/HitterDetail/Total.aspx?playerId=51996,first_team,hitting,2025
51996,오태양,2002-04-25,2021,21NC,21 NC 2차 5라운드 46순위,https://www.koreabaseball.com/Futures/Player/HitterTotal.aspx?playerId=51996,futures,hitting,2025
52001,안현민,2003-08-22,2022,22KT,22 KT 2차 4라운드 38순위,https://www.koreabaseball.com/Record/Player/HitterDetail/Total.aspx?playerId=52001,first_team,hitting,2025
52001,안현민,2003-08-22,2022,22KT,22 KT 2차 4라운드 38순위,https://www.koreabaseball.com/Futures/Player/HitterTotal.aspx?playerId=52001,futures,hitting,2025
52002,김병준,2003-07-03,2022,23KT,22 KT 2차 9라운드 88순위,https://www.koreabaseball.com/Record/Player/HitterDetail/Total.aspx?playerId=52002,first_team,hitting,2025
52002,김병준,2003-07-03,2022,23KT,22 KT 2차 9라운드 88순위,https://www.koreabaseball.com/Futures/Player/HitterTotal.aspx?playerId=52002,futures,hitting,2025
52060,박영현,2003-10-11,2022,22KT,22 KT 1차,https://www.koreabaseball.com/Record/Player/PitcherDetail/Total.aspx?playerId=52060,first_team,pitching,2025
52060,박영현,2003-10-11,2022,22KT,22 KT 1차,https://www.koreabaseball.com/Futures/Player/PitcherTotal.aspx?playerId=52060,futures,pitching,2025
52103,최원영,2003-07-18,2022,24LG,22 LG 2차 6라운드 57순위,https://www.koreabaseball.com/Record/Player/HitterDetail/Total.aspx?playerId=52103,first_team,hitting,2025
52103,최원영,2003-07-18,2022,24LG,22 LG 2차 6라운드 57순위,https://www.koreabaseball.com/Futures/Player/HitterTotal.aspx?playerId=52103,futures,hitting,2025
52105,김성우,2003-11-15,2022,24LG,22 LG 2차 7라운드 67순위,https://www.koreabaseball.com/Record/Player/HitterDetail/Total.aspx?playerId=52105,first_team,hitting,2025
52105,김성우,2003-11-15,2022,24LG,22 LG 2차 7라운드 67순위,https://www.koreabaseball.com/Futures/Player/HitterTotal.aspx?playerId=52105,futures,hitting,2025
52119,허준혁,1999-07-02,2022,22LG,22 LG 2차 5라운드 47순위,https://www.koreabaseball.com/Record/Player/PitcherDetail/Total.aspx?playerId=52119,first_team,pitching,2025
52119,허준혁,1999-07-02,2022,22LG,22 LG 2차 5라운드 47순위,https://www.koreabaseball.com/Futures/Player/PitcherTotal.aspx?playerId=52119,futures,pitching,2025
52121,문정빈,2003-08-15,2022,25LG,22 LG 2차 8라운드 77순위,https://www.koreabaseball.com/Record/Player/HitterDetail/Total.aspx?playerId=52121,first_team,hitting,2025
52121,문정빈,2003-08-15,2022,25LG,22 LG 2차 8라운드 77순위,https://www.koreabaseball.com/Futures/Player/HitterTotal.aspx?playerId=52121,futures,hitting,2025
52154,이주헌,2003-03-04,2022,22LG,22 LG 2차 3라운드 27순위,https://www.koreabaseball.com/Record/Player/HitterDetail/Total.aspx?playerId=52154,first_team,hitting,2025
52154,이주헌,2003-03-04,2022,22LG,22 LG 2차 3라운드 27순위,https://www.koreabaseball.com/Futures/Player/HitterTotal.aspx?playerId=52154,futures,hitting,2025
52202,윤태호,2003-10-10,2022,22두산,22 두산 2차 5라운드 49순위,https://www.koreabaseball.com/Record/Player/PitcherDetail/Total.aspx?playerId=52202,first_team,pitching,2025
52202,윤태호,2003-10-10,2022,22두산,22 두산 2차 5라운드 49순위,https://www.koreabaseball.com/Futures/Player/PitcherTotal.aspx?playerId=52202,futures,pitching,2025
52204,이병헌,2003-06-04,2022,22두산,22 두산 1차,https://www.koreabaseball.com/Record/Player/PitcherDetail/Total.aspx?playerId=52204,first_team,pitching,2025
52204,이병헌,2003-06-04,2022,22두산,22 두산 1차,https://www.koreabaseball.com/Futures/Player/PitcherTotal.aspx?playerId=52204,futures,pitching,2025
52206,최지강,2001-07-23,2022,22두산,22 두산 육성선수,https://www.koreabaseball.com/Record/Player/PitcherDetail/Total.aspx?playerId=52206,first_team,pitching,2025
52206,최지강,2001-07-23,2022,22두산,22 두산 육성선수,https://www.koreabaseball.com/Futures/Player/PitcherTotal.aspx?playerId=52206,futures,pitching,2025
52208,천현재,1999-07-05,2022,25두산,22 두산 육성선수,https://www.koreabaseball.com/Record/Player/HitterDetail/Total.aspx?playerId=52208,first_team,hitting,2025
52208,천현재,1999-07-05,2022,25두산,22 두산 육성선수,https://www.koreabaseball.com/Futures/Player/HitterTotal.aspx?playerId=52208,futures,hitting,2025
52267,김동준,2002-09-04,2022,22두산,22 두산 2차 1라운드 9순위,https://www.koreabaseball.com/Record/Player/HitterDetail/Total.aspx?playerId=52267,first_team,hitting,2025
52267,김동준,2002-09-04,2022,22두산,22 두산 2차 1라운드 9순위,https://www.koreabaseball.com/Futures/Player/HitterTotal.aspx?playerId=52267,futures,hitting,2025
52305,박수종,1999-02-25,2022,23키움,22 키움 육성선수,https://www.koreabaseball.com/Record/Player/HitterDetail/Total.aspx?playerId=52305,first_team,hitting,2025
52305,박수종,1999-02-25,2022,23키움,22 키움 육성선수,https://www.koreabaseball.com/Futures/Player/HitterTotal.aspx?playerId=52305,futures,hitting,2025
52330,주승우,2000-01-30,2022,22키움,22 키움 1차,https://www.koreabaseball.com/Record/Player/PitcherDetail/Total.aspx?playerId=52330,first_team,pitching,2025
52330,주승우,2000-01-30,2022,22키움,22 키움 1차,https://www.koreabaseball.com/Futures/Player/PitcherTotal.aspx?playerId=52330,futures,pitching,2025
52395,윤석원,2003-07-04,2022,23키움,22 키움 2차 4라운드 36순위,https://www.koreabaseball.com/Record/Player/PitcherDetail/Total.aspx?playerId=52395,first_team,pitching,2025
52395,윤석원,2003-07-04,2022,23키움,22 키움 2차 4라운드 36순위,https://www.koreabaseball.com/Futures/Player/PitcherTotal.aspx?playerId=52395,futures,pitching,2025
52415,이재현,2003-02-04,2022,22삼성,22 삼성 1차,https://www.koreabaseball.com/Record/Player/HitterDetail/Total.aspx?playerId=52415,first_team,hitting,2025
52415,이재현,2003-02-04,2022,22삼성,22 삼성 1차,https://www.koreabaseball.com/Futures/Player/HitterTotal.aspx?playerId=52415,futures,hitting,2025
52424,김재혁,1999-12-26,2022,22삼성,22 삼성 2차 2라운드 13순위,https://www.koreabaseball.com/Record/Player/HitterDetail/Total.aspx?playerId=52424,first_team,hitting,2025
52424,김재혁,1999-12-26,2022,22삼성,22 삼성 2차 2라운드 13순위,https://www.koreabaseball.com/Futures/Player/HitterTotal.aspx?playerId=52424,futures,hitting,2025
52430,김영웅,2003-08-24,2022,22삼성,22 삼성 2차 1라운드 3순위,https://www.koreabaseball.com/Record/Player/HitterDetail/Total.aspx?playerId=52430,first_team,hitting,2025
52430,김영웅,2003-08-24,2022,22삼성,22 삼성 2차 1라운드 3순위,https://www.koreabaseball.com/Futures/Player/HitterTotal.aspx?playerId=52430,futures,hitting,2025
52504,김동혁,2000-09-15,2022,23롯데,22 롯데 2차 7라운드 64순위,https://www.koreabaseball.com/Record/Player/HitterDetail/Total.aspx?playerId=52504,first_team,hitting,2025
52504,김동혁,2000-09-15,2022,23롯데,22 롯데 2차 7라운드 64순위,https://www.koreabaseball.com/Futures/Player/HitterTotal.aspx?playerId=52504,futures,hitting,2025
52514,김세민,2003-06-14,2022,22롯데,22 롯데 2차 3라운드 28순위,https://www.koreabaseball.com/Record/Player/HitterDetail/Total.aspx?playerId=52514,first_team,hitting,2025
52514,김세민,2003-06-14,2022,22롯데,22 롯데 2차 3라운드 28순위,https://www.koreabaseball.com/Futures/Player/HitterTotal.aspx?playerId=52514,futures,hitting,2025
52516,조세진,2003-11-21,2022,22롯데,22 롯데 2차 1라운드 4순위,https://www.koreabaseball.com/Record/Player/HitterDetail/Total.aspx?playerId=52516,first_team,hitting,2025
52516,조세진,2003-11-21,2022,22롯데,22 롯데 2차 1라운드 4순위,https://www.koreabaseball.com/Futures/Player/HitterTotal.aspx?playerId=52516,futures,hitting,2025
52530,이민석,2003-12-10,2022,22롯데,22 롯데 1차,https://www.koreabaseball.com/Record/Player/PitcherDetail/Total.aspx?playerId=52530,first_team,pitching,2025
52530,이민석,2003-12-10,2022,22롯데,22 롯데 1차,https://www.koreabaseball.com/Futures/Player/PitcherTotal.aspx?playerId=52530,futures,pitching,2025
52568,한태양,2003-09-15,2022,22롯데,22 롯데 2차 6라운드 54순위,https://www.koreabaseball.com/Record/Player/HitterDetail/Total.aspx?playerId=52568,first_team,hitting,2025
52568,한태양,2003-09-15,2022,22롯데,22 롯데 2차 6라운드 54순위,https://www.koreabaseball.com/Futures/Player/HitterTotal.aspx?playerId=52568,futures,hitting,2025
52591,윤동희,2003-09-18,2022,22롯데,22 롯데 2차 3라운드 24순위,https://www.koreabaseball.com/Record/Player/HitterDetail/Total.aspx?playerId=52591,first_team,hitting,2025
52591,윤동희,2003-09-18,2022,22롯데,22 롯데 2차 3라운드 24순위,https://www.koreabaseball.com/Futures/Player/HitterTotal.aspx?playerId=52591,futures,hitting,2025
52605,김도영,2003-10-02,2022,22KIA,22 KIA 1차,https://www.koreabaseball.com/Record/Player/HitterDetail/Total.aspx?playerId=52605,first_team,hitting,2025
52605,김도영,2003-10-02,2022,22KIA,22 KIA 1차,https://www.koreabaseball.com/Futures/Player/HitterTotal.aspx?playerId=52605,futures,hitting,2025
52639,최지민,2003-09-10,2022,22KIA,22 KIA 2차 1라운드 5순위,https://www.koreabaseball.com/Record/Player/PitcherDetail/Total.aspx?playerId=52639,first_team,pitching,2025
52639,최지민,2003-09-10,2022,22KIA,22 KIA 2차 1라운드 5순위,https://www.koreabaseball.com/Futures/Player/PitcherTotal.aspx?playerId=52639,futures,pitching,2025
52641,황동하,2002-07-30,2022,23KIA,22 KIA 2차 7라운드 65순위,https://www.koreabaseball.com/Record/Player/PitcherDetail/Total.aspx?playerId=52641,first_team,pitching,2025
52641,황동하,2002-07-30,2022,23KIA,22 KIA 2차 7라운드 65순위,https://www.koreabaseball.com/Futures/Player/PitcherTotal.aspx?playerId=52641,futures,pitching,2025
52667,윤도현,2003-05-07,2022,22KIA,22 KIA 2차 2라운드 15순위,https://www.koreabaseball.com/Record/Player/HitterDetail/Total.aspx?playerId=52667,first_team,hitting,2025
52667,윤도현,2003-05-07,2022,22KIA,22 KIA 2차 2라운드 15순위,https://www.koreabaseball.com/Futures/Player/HitterTotal.aspx?playerId=52667,futures,hitting,2025
52701,문동주,2003-12-23,2022,22한화,22 한화 1차,https://www.koreabaseball.com/Record/Player/PitcherDetail/Total.aspx?playerId=52701,first_team,pitching,2025
52701,문동주,2003-12-23,2022,22한화,22 한화 1차,https://www.koreabaseball.com/Futures/Player/PitcherTotal.aspx?playerId=52701,futures,pitching,2025
52704,이상혁,2001-09-14,2022,23한화,22 한화 육성선수,https://www.koreabaseball.com/Record/Player/HitterDetail/Total.aspx?playerId=52704,first_team,hitting,2025
52704,이상혁,2001-09-14,2022,23한화,22 한화 육성선수,https://www.koreabaseball.com/Futures/Player/HitterTotal.aspx?playerId=52704,futures,hitting,2025
52731,박준영,2003-03-02,2022,22한화,22 한화 2차 1라운드 1순위,https://www.koreabaseball.com/Record/Player/PitcherDetail/Total.aspx?playerId=52731,first_team,pitching,2025
52731,박준영,2003-03-02,2022,22한화,22 한화 2차 1라운드 1순위,https://www.koreabaseball.com/Futures/Player/PitcherTotal.aspx?playerId=52731,futures,pitching,2025
52764,허인서,2003-07-11,2022,22한화,22 한화 2차 2라운드 11순위,https://www.koreabaseball.com/Record/Player/HitterDetail/Total.aspx?playerId=52764,first_team,hitting,2025
52764,허인서,2003-07-11,2022,22한화,22 한화 2차 2라운드 11순위,https://www.koreabaseball.com/Futures/Player/HitterTotal.aspx?playerId=52764,futures,hitting,2025
52769,권광민,1997-12-12,2016,16시카고컵스,22 한화 2차 5라운드 41순위,https://www.koreabaseball.com/Record/Player/HitterDetail/Total.aspx?playerId=52769,first_team,hitting,2025
52769,권광민,1997-12-12,2016,16시카고컵스,22 한화 2차 5라운드 41순위,https://www.koreabaseball.com/Futures/Player/HitterTotal.aspx?playerId=52769,futures,hitting,2025
52803,김태윤,2003-02-28,2022,25SSG,22 SSG 2차 7라운드 62순위,https://www.koreabaseball.com/Record/Player/HitterDetail/Total.aspx?playerId=52803,first_team,hitting,2025
52803,김태윤,2003-02-28,2022,25SSG,22 SSG 2차 7라운드 62순위,https://www.koreabaseball.com/Futures/Player/HitterTotal.aspx?playerId=52803,futures,hitting,2025
52804,석정우,1999-01-20,2022,22SSG,22 SSG 육성선수,https://www.koreabaseball.com/Record/Player/HitterDetail/Total.aspx?playerId=52804,first_team,hitting,2025
52804,석정우,1999-01-20,2022,22SSG,22 SSG 육성선수,https://www.koreabaseball.com/Futures/Player/HitterTotal.aspx?playerId=52804,futures,hitting,2025
52807,임근우,1999-07-22,2022,25SSG,22 SSG 육성선수,https://www.koreabaseball.com/Record/Player/HitterDetail/Total.aspx?playerId=52807,first_team,hitting,2025
52807,임근우,1999-07-22,2022,25SSG,22 SSG 육성선수,https://www.koreabaseball.com/Futures/Player/HitterTotal.aspx?playerId=52807,futures,hitting,2025
52809,전영준,2002-04-16,2022,22SSG,22 SSG 2차 9라운드 82순위,https://www.koreabaseball.com/Record/Player/PitcherDetail/Total.aspx?playerId=52809,first_team,pitching,2025
52809,전영준,2002-04-16,2022,22SSG,22 SSG 2차 9라운드 82순위,https://www.koreabaseball.com/Futures/Player/PitcherTotal.aspx?playerId=52809,futures,pitching,2025
52902,임지민,2003-10-11,2022,22NC,22 NC 2차 5라운드 50순위,https://www.koreabaseball.com/Record/Player/PitcherDetail/Total.aspx?playerId=52902,first_team,pitching,2025
52902,임지민,2003-10-11,2022,22NC,22 NC 2차 5라운드 50순위,https://www.koreabaseball.com/Futures/Player/PitcherTotal.aspx?playerId=52902,futures,pitching,2025
52903,조민석,1998-12-21,2022,22NC,22 NC 2차 9라운드 90순위,https://www.koreabaseball.com/Record/Player/PitcherDetail/Total.aspx?playerId=52903,first_team,pitching,2025
52903,조민석,1998-12-21,2022,22NC,22 NC 2차 9라운드 90순위,https://www.koreabaseball.com/Futures/Player/PitcherTotal.aspx?playerId=52903,futures,pitching,2025
52992,이준혁,2003-06-30,2022,25NC,22 NC 2차 1라운드 10순위,https://www.koreabaseball.com/Record/Player/PitcherDetail/Total.aspx?playerId=52992,first_team,pitching,2025
52992,이준혁,2003-06-30,2022,25NC,22 NC 2차 1라운드 10순위,https://www.koreabaseball.com/Futures/Player/PitcherTotal.aspx?playerId=52992,futures,pitching,2025
52995,김녹원,2003-05-17,2022,22NC,22 NC 2차 3라운드 30순위,https://www.koreabaseball.com/Record/Player/PitcherDetail/Total.aspx?playerId=52995,first_team,pitching,2025
52995,김녹원,2003-05-17,2022,22NC,22 NC 2차 3라운드 30순위,https://www.koreabaseball.com/Futures/Player/PitcherTotal.aspx?playerId=52995,futures,pitching,2025
53006,강건,2004-07-12,2023,23KT,23 KT 11라운드 110순위,https://www.koreabaseball.com/Record/Player/PitcherDetail/Total.aspx?playerId=53006,first_team,pitching,2025
53006,강건,2004-07-12,2023,23KT,23 KT 11라운드 110순위,https://www.koreabaseball.com/Futures/Player/PitcherTotal.aspx?playerId=53006,futures,pitching,2025
53102,허용주,2003-06-05,2023,25LG,23 LG 7라운드 67순위,https://www.koreabaseball.com/Record/Player/PitcherDetail/Total.aspx?playerId=53102,first_team,pitching,2025
53102,허용주,2003-06-05,2023,25LG,23 LG 7라운드 67순위,https://www.koreabaseball.com/Futures/Player/PitcherTotal.aspx?playerId=53102,futures,pitching,2025
53123,오스틴,1993-10-14,,23LG,23 LG 자유선발,https://www.koreabaseball.com/Record/Player/HitterDetail/Total.aspx?playerId=53123,first_team,hitting,2025
53123,오스틴,1993-10-14,,23LG,23 LG 자유선발,https://www.koreabaseball.com/Futures/Player/HitterTotal.aspx?playerId=53123,futures,hitting,2025
53139,박명근,2004-03-27,2023,23LG,23 LG 3라운드 27순위,https://www.koreabaseball.com/Record/Player/PitcherDetail/Total.aspx?playerId=53139,first_team,pitching,2025
53139,박명근,2004-03-27,2023,23LG,23 LG 3라운드 27순위,https://www.koreabaseball.com/Futures/Player/PitcherTotal.aspx?playerId=53139,futures,pitching,2025
53144,김범석,2004-05-21,2023,23LG,23 LG 1라운드 7순위,https://www.koreabaseball.com/Record/Player/HitterDetail/Total.aspx?playerId=53144,first_team,hitting,2025
53144,김범석,2004-05-21,2023,23LG,23 LG 1라운드 7순위,https://www.koreabaseball.com/Futures/Player/HitterTotal.aspx?playerId=53144,futures,hitting,2025
53164,김동규,2004-07-09,2023,23LG,23 LG 2라운드 17순위,https://www.koreabaseball.com/Record/Player/PitcherDetail/Total.aspx?playerId=53164,first_team,pitching,2025
53164,김동규,2004-07-09,2023,23LG,23 LG 2라운드 17순위,https://www.koreabaseball.com/Futures/Player/PitcherTotal.aspx?playerId=53164,futures,pitching,2025
53204,박민준,2002-10-21,2023,24두산,23 두산 8라운드 79순위,https://www.koreabaseball.com/Record/Player/HitterDetail/Total.aspx?playerId=53204,first_team,hitting,2025
53204,박민준,2002-10-21,2023,24두산,23 두산 8라운드 79순위,https://www.koreabaseball.com/Futures/Player/HitterTotal.aspx?playerId=53204,futures,hitting,2025
53259,최준호,2004-06-03,2023,23두산,23 두산 1라운드 9순위,https://www.koreabaseball.com/Record/Player/PitcherDetail/Total.aspx?playerId=53259,first_team,pitching,2025
53259,최준호,2004-06-03,2023,23두산,23 두산 1라운드 9순위,https://www.koreabaseball.com/Futures/Player/PitcherTotal.aspx?playerId=53259,futures,pitching,2025
53262,김유성,2002-01-01,2023,23두산,23 두산 2라운드 19순위,https://www.koreabaseball.com/Record/Player/PitcherDetail/Total.aspx?playerId=53262,first_team,pitching,2025
53262,김유성,2002-01-01,2023,23두산,23 두산 2라운드 19순위,https://www.koreabaseball.com/Futures/Player/PitcherTotal.aspx?playerId=53262,futures,pitching,2025
53301,박윤성,2004-02-08,2023,24키움,23 키움 3라운드 26순위,https://www.koreabaseball.com/Record/Player/PitcherDetail/Total.aspx?playerId=53301,first_team,pitching,2025
53301,박윤성,2004-02-08,2023,24키움,23 키움 3라운드 26순위,https://www.koreabaseball.com/Futures/Player/PitcherTotal.aspx?playerId=53301,futures,pitching,2025
53305,박성빈,2004-04-21,2023,24키움,23 키움 7라운드 66순위,https://www.koreabaseball.com/Record/Player/HitterDetail/Total.aspx?playerId=53305,first_team,hitting,2025
53305,박성빈,2004-04-21,2023,24키움,23 키움 7라운드 66순위,https://www.koreabaseball.com/Futures/Player/HitterTotal.aspx?playerId=53305,futures,hitting,2025
53309,서유신,2000-08-17,2023,25키움,23 키움 11라운드 106순위,https://www.koreabaseball.com/Record/Player/HitterDetail/Total.aspx?playerId=53309,first_team,hitting,2025
53309,서유신,2000-08-17,2023,25키움,23 키움 11라운드 106순위,https://www.koreabaseball.com/Futures/Player/HitterTotal.aspx?playerId=53309,futures,hitting,2025
53312,김건희,2004-11-07,2023,23키움,23 키움 1라운드 6순위,https://www.koreabaseball.com/Record/Player/HitterDetail/Total.aspx?playerId=53312,first_team,hitting,2025
53312,김건희,2004-11-07,2023,23키움,23 키움 1라운드 6순위,https://www.koreabaseball.com/Futures/Player/HitterTotal.aspx?playerId=53312,futures,hitting,2025
53344,김동헌,2004-07-15,2023,23키움,23 키움 2라운드 12순위,https://www.koreabaseball.com/Record/Player/HitterDetail/Total.aspx?playerId=53344,first_team,hitting,2025
53344,김동헌,2004-07-15,2023,23키움,23 키움 2라운드 12순위,https://www.koreabaseball.com/Futures/Player/HitterTotal.aspx?playerId=53344,futures,hitting,2025
53375,후라도,1996-01-30,,23키움,23 키움 자유선발,https://www.koreabaseball.com/Record/Player/PitcherDetail/Total.aspx?playerId=53375,first_team,pitching,2025
53375,후라도,1996-01-30,,23키움,23 키움 자유선발,https://www.koreabaseball.com/Futures/Player/PitcherTotal.aspx?playerId=53375,futures,pitching,2025
53411,박진우,2003-10-14,2023,25삼성,23 삼성 11라운드 108순위,https://www.koreabaseball.com/Record/Player/HitterDetail/Total.aspx?playerId=53411,first_team,hitting,2025
53411,박진우,2003-10-14,2023,25삼성,23 삼성 11라운드 108순위,https://www.koreabaseball.com/Futures/Player/HitterTotal.aspx?playerId=53411,futures,hitting,2025
53455,이호성,2004-08-14,2023,23삼성,23 삼성 1라운드 8순위,https://www.koreabaseball.com/Record/Player/PitcherDetail/Total.aspx?playerId=53455,first_team,pitching,2025
53455,이호성,2004-08-14,2023,23삼성,23 삼성 1라운드 8순위,https://www.koreabaseball.com/Futures/Player/PitcherTotal.aspx?playerId=53455,futures,pitching,2025
53554,김민석,2004-05-09,2023,23롯데,23 롯데 1라운드 3순위,https://www.koreabaseball.com/Record/Player/HitterDetail/Total.aspx?playerId=53554,first_team,hitting,2025
53554,김민석,2004-05-09,2023,23롯데,23 롯데 1라운드 3순위,https://www.koreabaseball.com/Futures/Player/HitterTotal.aspx?playerId=53554,futures,hitting,2025
53609,곽도규,2004-04-12,2023,23KIA,23 KIA 5라운드 42순위,https://www.koreabaseball.com/Record/Player/PitcherDetail/Total.aspx?playerId=53609,first_team,pitching,2025
53609,곽도규,2004-04-12,2023,23KIA,23 KIA 5라운드 42순위,https://www.koreabaseball.com/Futures/Player/PitcherTotal.aspx?playerId=53609,futures,pitching,2025
53613,윤영철,2004-04-20,2023,23KIA,23 KIA 1라운드 2순위,https://www.koreabaseball.com/Record/Player/PitcherDetail/Total.aspx?playerId=53613,first_team,pitching,2025
53613,윤영철,2004-04-20,2023,23KIA,23 KIA 1라운드 2순위,https://www.koreabaseball.com/Futures/Player/PitcherTotal.aspx?playerId=53613,futures,pitching,2025
53615,이도현,2005-01-07,2023,25KIA,23 KIA 7라운드 62순위,https://www.koreabaseball.com/Record/Player/PitcherDetail/Total.aspx?playerId=53615,first_team,pitching,2025
53615,이도현,2005-01-07,2023,25KIA,23 KIA 7라운드 62순위,https://www.koreabaseball.com/Futures/Player/PitcherTotal.aspx?playerId=53615,futures,pitching,2025
53659,정해원,2004-05-21,2023,23KIA,23 KIA 3라운드 22순위,https://www.koreabaseball.com/Record/Player/HitterDetail/Total.aspx?playerId=53659,first_team,hitting,2025
53659,정해원,2004-05-21,2023,23KIA,23 KIA 3라운드 22순위,https://www.koreabaseball.com/Futures/Player/HitterTotal.aspx?playerId=53659,futures,hitting,2025
53754,김서현,2004-05-31,2023,23한화,23 한화 1라운드 1순위,https://www.koreabaseball.com/Record/Player/PitcherDetail/Total.aspx?playerId=53754,first_team,pitching,2025
53754,김서현,2004-05-31,2023,23한화,23 한화 1라운드 1순위,https://www.koreabaseball.com/Futures/Player/PitcherTotal.aspx?playerId=53754,futures,pitching,2025
53764,문현빈,2004-04-20,2023,23한화,23 한화 2라운드 11순위,https://www.koreabaseball.com/Record/Player/HitterDetail/Total.aspx?playerId=53764,first_team,hitting,2025
53764,문현빈,2004-04-20,2023,23한화,23 한화 2라운드 11순위,https://www.koreabaseball.com/Futures/Player/HitterTotal.aspx?playerId=53764,futures,hitting,2025
53827,에레디아,1991-01-31,,23SSG,23 SSG 자유선발,https://www.koreabaseball.com/Record/Player/HitterDetail/Total.aspx?playerId=53827,first_team,hitting,2025
53827,에레디아,1991-01-31,,23SSG,23 SSG 자유선발,https://www.koreabaseball.com/Futures/Player/HitterTotal.aspx?playerId=53827,futures,hitting,2025
53892,이로운,2004-09-11,2023,23SSG,23 SSG 1라운드 5순위,https://www.koreabaseball.com/Record/Player/PitcherDetail/Total.aspx?playerId=53892,first_team,pitching,2025
53892,이로운,2004-09-11,2023,23SSG,23 SSG 1라운드 5순위,https://www.koreabaseball.com/Futures/Player/PitcherTotal.aspx?playerId=53892,futures,pitching,2025
53898,송영진,2004-05-28,2023,23SSG,23 SSG 2라운드 15순위,https://www.koreabaseball.com/Record/Player/PitcherDetail/Total.aspx?playerId=53898,first_team,pitching,2025
53898,송영진,2004-05-28,2023,23SSG,23 SSG 2라운드 15순위,https://www.koreabaseball.com/Futures/Player/PitcherTotal.aspx?playerId=53898,futures,pitching,2025
53919,신영우,2004-04-21,2023,23NC,23 NC 1라운드 4순위,https://www.koreabaseball.com/Record/Player/PitcherDetail/Total.aspx?playerId=53919,first_team,pitching,2025
53919,신영우,2004-04-21,2023,23NC,23 NC 1라운드 4순위,https://www.koreabaseball.com/Futures/Player/PitcherTotal.aspx?playerId=53919,futures,pitching,2025
53973,목지훈,2004-05-11,2023,23NC,23 NC 4라운드 34순위,https://www.koreabaseball.com/Record/Player/PitcherDetail/Total.aspx?playerId=53973,first_team,pitching,2025
53973,목지훈,2004-05-11,2023,23NC,23 NC 4라운드 34순위,https://www.koreabaseball.com/Futures/Player/PitcherTotal.aspx?playerId=53973,futures,pitching,2025
54014,이현민,2001-10-13,2024,24KT,24 KT 육성선수,https://www.koreabaseball.com/Record/Player/PitcherDetail/Total.aspx?playerId=54014,first_team,pitching,2025
54014,이현민,2001-10-13,2024,24KT,24 KT 육성선수,https://www.koreabaseball.com/Futures/Player/PitcherTotal.aspx?playerId=54014,futures,pitching,2025
54063,원상현,2004-10-16,2024,24KT,24 KT 1라운드 7순위,https://www.koreabaseball.com/Record/Player/PitcherDetail/Total.aspx?playerId=54063,first_team,pitching,2025
54063,원상현,2004-10-16,2024,24KT,24 KT 1라운드 7순위,https://www.koreabaseball.com/Futures/Player/PitcherTotal.aspx?playerId=54063,futures,pitching,2025
54097,김민석,2005-07-22,2024,24KT,24 KT 10라운드 97순위,https://www.koreabaseball.com/Record/Player/HitterDetail/Total.aspx?playerId=54097,first_team,hitting,2025
54097,김민석,2005-07-22,2024,24KT,24 KT 10라운드 97순위,https://www.koreabaseball.com/Futures/Player/HitterTotal.aspx?playerId=54097,futures,hitting,2025
54148,진우영,2001-02-05,2024,24LG,24 LG 4라운드 38순위,https://www.koreabaseball.com/Record/Player/PitcherDetail/Total.aspx?playerId=54148,first_team,pitching,2025
54148,진우영,2001-02-05,2024,24LG,24 LG 4라운드 38순위,https://www.koreabaseball.com/Futures/Player/PitcherTotal.aspx?playerId=54148,futures,pitching,2025
54156,손용준,2000-02-15,2024,24LG,24 LG 3라운드 28순위,https://www.koreabaseball.com/Record/Player/HitterDetail/Total.aspx?playerId=54156,first_team,hitting,2025
54156,손용준,2000-02-15,2024,24LG,24 LG 3라운드 28순위,https://www.koreabaseball.com/Futures/Player/HitterTotal.aspx?playerId=54156,futures,hitting,2025
54166,김현종,2004-08-04,2024,24LG,24 LG 2라운드 18순위,https://www.koreabaseball.com/Record/Player/HitterDetail/Total.aspx?playerId=54166,first_team,hitting,2025
54166,김현종,2004-08-04,2024,24LG,24 LG 2라운드 18순위,https://www.koreabaseball.com/Futures/Player/HitterTotal.aspx?playerId=54166,futures,hitting,2025
54205,여동건,2005-08-04,2024,24두산,24 두산 2라운드 12순위,https://www.koreabaseball.com/Record/Player/HitterDetail/Total.aspx?playerId=54205,first_team,hitting,2025
54205,여동건,2005-08-04,2024,24두산,24 두산 2라운드 12순위,https://www.koreabaseball.com/Futures/Player/HitterTotal.aspx?playerId=54205,futures,hitting,2025
54213,박지호,2003-07-02,2024,24두산,24 두산 5라운드 42순위,https://www.koreabaseball.com/Record/Player/PitcherDetail/Total.aspx?playerId=54213,first_team,pitching,2025
54213,박지호,2003-07-02,2024,24두산,24 두산 5라운드 42순위,https://www.koreabaseball.com/Futures/Player/PitcherTotal.aspx?playerId=54213,futures,pitching,2025
54214,전다민,2001-08-21,2024,24두산,24 두산 6라운드 52순위,https://www.koreabaseball.com/Record/Player/HitterDetail/Total.aspx?playerId=54214,first_team,hitting,2025
54214,전다민,2001-08-21,2024,24두산,24 두산 6라운드 52순위,https://www.koreabaseball.com/Futures/Player/HitterTotal.aspx?playerId=54214,futures,hitting,2025
54219,류현준,2005-03-25,2024,24두산,24 두산 10라운드 92순위,https://www.koreabaseball.com/Record/Player/HitterDetail/Total.aspx?playerId=54219,first_team,hitting,2025
54219,류현준,2005-03-25,2024,24두산,24 두산 10라운드 92순위,https://www.koreabaseball.com/Futures/Player/HitterTotal.aspx?playerId=54219,futures,hitting,2025
54236,임종성,2005-03-03,2024,24두산,24 두산 3라운드 22순위,https://www.koreabaseball.com/Record/Player/HitterDetail/Total.aspx?playerId=54236,first_team,hitting,2025
54236,임종성,2005-03-03,2024,24두산,24 두산 3라운드 22순위,https://www.koreabaseball.com/Futures/Player/HitterTotal.aspx?playerId=54236,futures,hitting,2025
54263,김택연,2005-06-03,2024,24두산,24 두산 1라운드 2순위,https://www.koreabaseball.com/Record/Player/PitcherDetail/Total.aspx?playerId=54263,first_team,pitching,2025
54263,김택연,2005-06-03,2024,24두산,24 두산 1라운드 2순위,https://www.koreabaseball.com/Futures/Player/PitcherTotal.aspx?playerId=54263,futures,pitching,2025
54305,이재상,2005-04-17,2024,24키움,24 키움 2라운드 16순위,https://www.koreabaseball.com/Record/Player/HitterDetail/Total.aspx?playerId=54305,first_team,hitting,2025
54305,이재상,2005-04-17,2024,24키움,24 키움 2라운드 16순위,https://www.koreabaseball.com/Futures/Player/HitterTotal.aspx?playerId=54305,futures,hitting,2025
54307,원성준,2000-03-31,2024,24키움,24 키움 육성선수,https://www.koreabaseball.com/Record/Player/HitterDetail/Total.aspx?playerId=54307,first_team,hitting,2025
54307,원성준,2000-03-31,2024,24키움,24 키움 육성선수,https://www.koreabaseball.com/Futures/Player/HitterTotal.aspx?playerId=54307,futures,hitting,2025
54319,김윤하,2005-03-07,2024,24키움,24 키움 1라운드 9순위,https://www.koreabaseball.com/Record/Player/PitcherDetail/Total.aspx?playerId=54319,first_team,pitching,2025
54319,김윤하,2005-03-07,2024,24키움,24 키움 1라운드 9순위,https://www.koreabaseball.com/Futures/Player/PitcherTotal.aspx?playerId=54319,futures,pitching,2025
54344,고영우,2001-06-21,2024,24키움,24 키움 4라운드 39순위,https://www.koreabaseball.com/Record/Player/HitterDetail/Total.aspx?playerId=54344,first_team,hitting,2025
54344,고영우,2001-06-21,2024,24키움,24 키움 4라운드 39순위,https://www.koreabaseball.com/Futures/Player/HitterTotal.aspx?playerId=54344,futures,hitting,2025
54354,헤이수스,1996-12-10,,24키움,24 키움 자유선발,https://www.koreabaseball.com/Record/Player/PitcherDetail/Total.aspx?playerId=54354,first_team,pitching,2025
54354,헤이수스,1996-12-10,,24키움,24 키움 자유선발,https://www.koreabaseball.com/Futures/Player/PitcherTotal.aspx?playerId=54354,futures,pitching,2025
54362,전준표,2005-05-07,2024,24키움,24 키움 1라운드 8순위,https://www.koreabaseball.com/Record/Player/PitcherDetail/Total.aspx?playerId=54362,first_team,pitching,2025
54362,전준표,2005-05-07,2024,24키움,24 키움 1라운드 8순위,https://www.koreabaseball.com/Futures/Player/PitcherTotal.aspx?playerId=54362,futures,pitching,2025
54363,손현기,2005-10-22,2024,24키움,24 키움 2라운드 19순위,https://www.koreabaseball.com/Record/Player/PitcherDetail/Total.aspx?playerId=54363,first_team,pitching,2025
54363,손현기,2005-10-22,2024,24키움,24 키움 2라운드 19순위,https://www.koreabaseball.com/Futures/Player/PitcherTotal.aspx?playerId=54363,futures,pitching,2025
54368,김연주,2004-02-27,2024,24키움,24 키움 3라운드 29순위,https://www.koreabaseball.com/Record/Player/PitcherDetail/Total.aspx?playerId=54368,first_team,pitching,2025
54368,김연주,2004-02-27,2024,24키움,24 키움 3라운드 29순위,https://www.koreabaseball.com/Futures/Player/PitcherTotal.aspx?playerId=54368,futures,pitching,2025
54394,송지후,2005-01-08,2024,24키움,24 키움 6라운드 59순위,https://www.koreabaseball.com/Record/Player/HitterDetail/Total.aspx?playerId=54394,first_team,hitting,2025
54394,송지후,2005-01-08,2024,24키움,24 키움 6라운드 59순위,https://www.koreabaseball.com/Futures/Player/HitterTotal.aspx?playerId=54394,futures,hitting,2025
54400,디아즈,1996-11-19,,24삼성,24 삼성 자유선발,https://www.koreabaseball.com/Record/Player/HitterDetail/Total.aspx?playerId=54400,first_team,hitting,2025
54400,디아즈,1996-11-19,,24삼성,24 삼성 자유선발,https://www.koreabaseball.com/Futures/Player/HitterTotal.aspx?playerId=54400,futures,hitting,2025
54401,김대호,2001-10-15,2024,24삼성,24 삼성 육성선수,https://www.koreabaseball.com/Record/Player/PitcherDetail/Total.aspx?playerId=54401,first_team,pitching,2025
54401,김대호,2001-10-15,2024,24삼성,24 삼성 육성선수,https://www.koreabaseball.com/Futures/Player/PitcherTotal.aspx?playerId=54401,futures,pitching,2025
54404,육선엽,2005-07-13,2024,24삼성,24 삼성 1라운드 4순위,https://www.koreabaseball.com/Record/Player/PitcherDetail/Total.aspx?playerId=54404,first_team,pitching,2025
54404,육선엽,2005-07-13,2024,24삼성,24 삼성 1라운드 4순위,https://www.koreabaseball.com/Futures/Player/PitcherTotal.aspx?playerId=54404,futures,pitching,2025
54408,양도근,2003-02-06,2024,24삼성,24 삼성 육성선수,https://www.koreabaseball.com/Record/Player/HitterDetail/Total.aspx?playerId=54408,first_team,hitting,2025
54408,양도근,2003-02-06,2024,24삼성,24 삼성 육성선수,https://www.koreabaseball.com/Futures/Player/HitterTotal.aspx?playerId=54408,futures,hitting,2025
54444,카디네스,1997-10-10,,24삼성,24 삼성 자유선발,https://www.koreabaseball.com/Record/Player/HitterDetail/Total.aspx?playerId=54444,first_team,hitting,2025
54444,카디네스,1997-10-10,,24삼성,24 삼성 자유선발,https://www.koreabaseball.com/Futures/Player/HitterTotal.aspx?playerId=54444,futures,hitting,2025
54467,정민성,2005-05-09,2024,24삼성,24 삼성 4라운드 34순위,https://www.koreabaseball.com/Record/Player/PitcherDetail/Total.aspx?playerId=54467,first_team,pitching,2025
54467,정민성,2005-05-09,2024,24삼성,24 삼성 4라운드 34순위,https://www.koreabaseball.com/Futures/Player/PitcherTotal.aspx?playerId=54467,futures,pitching,2025
54503,박준우,2005-05-27,2024,24롯데,24 롯데 4라운드 33순위,https://www.koreabaseball.com/Record/Player/PitcherDetail/Total.aspx?playerId=54503,first_team,pitching,2025
54503,박준우,2005-05-27,2024,24롯데,24 롯데 4라운드 33순위,https://www.koreabaseball.com/Futures/Player/PitcherTotal.aspx?playerId=54503,futures,pitching,2025
54506,강승구,2003-10-19,2024,24롯데,24 롯데 육성선수,https://www.koreabaseball.com/Record/Player/HitterDetail/Total.aspx?playerId=54506,first_team,hitting,2025
54506,강승구,2003-10-19,2024,24롯데,24 롯데 육성선수,https://www.koreabaseball.com/Futures/Player/HitterTotal.aspx?playerId=54506,futures,hitting,2025
54507,백두산,2001-05-20,2024,24롯데,24 롯데 육성선수,https://www.koreabaseball.com/Record/Player/HitterDetail/Total.aspx?playerId=54507,first_team,hitting,2025
54507,백두산,2001-05-20,2024,24롯데,24 롯데 육성선수,https://www.koreabaseball.com/Futures/Player/HitterTotal.aspx?playerId=54507,futures,hitting,2025
54529,레이예스,1994-10-05,,24롯데,24 롯데 자유선발,https://www.koreabaseball.com/Record/Player/HitterDetail/Total.aspx?playerId=54529,first_team,hitting,2025
54529,레이예스,1994-10-05,,24롯데,24 롯데 자유선발,https://www.koreabaseball.com/Futures/Player/HitterTotal.aspx?playerId=54529,futures,hitting,2025
54537,정현수,2001-05-10,2024,24롯데,24 롯데 2라운드 13순위,https://www.koreabaseball.com/Record/Player/PitcherDetail/Total.aspx?playerId=54537,first_team,pitching,2025
54537,정현수,2001-05-10,2024,24롯데,24 롯데 2라운드 13순위,https://www.koreabaseball.com/Futures/Player/PitcherTotal.aspx?playerId=54537,futures,pitching,2025
54598,이호준,2004-03-20,2024,24롯데,24 롯데 3라운드 23순위,https://www.koreabaseball.com/Record/Player/HitterDetail/Total.aspx?playerId=54598,first_team,hitting,2025
54598,이호준,2004-03-20,2024,24롯데,24 롯데 3라운드 23순위,https://www.koreabaseball.com/Futures/Player/HitterTotal.aspx?playerId=54598,futures,hitting,2025
54610,성영탁,2004-07-28,2024,25KIA,24 KIA 10라운드 96순위,https://www.koreabaseball.com/Record/Player/PitcherDetail/Total.aspx?playerId=54610,first_team,pitching,2025
54610,성영탁,2004-07-28,2024,25KIA,24 KIA 10라운드 96순위,https://www.koreabaseball.com/Futures/Player/PitcherTotal.aspx?playerId=54610,futures,pitching,2025
54640,네일,1993-02-08,,24KIA,24 KIA 자유선발,https://www.koreabaseball.com/Record/Player/PitcherDetail/Total.aspx?playerId=54640,first_team,pitching,2025
54640,네일,1993-02-08,,24KIA,24 KIA 자유선발,https://www.koreabaseball.com/Futures/Player/PitcherTotal.aspx?playerId=54640,futures,pitching,2025
54645,김민주,2002-09-08,2024,24KIA,24 KIA 7라운드 66순위,https://www.koreabaseball.com/Record/Player/PitcherDetail/Total.aspx?playerId=54645,first_team,pitching,2025
54645,김민주,2002-09-08,2024,24KIA,24 KIA 7라운드 66순위,https://www.koreabaseball.com/Futures/Player/PitcherTotal.aspx?playerId=54645,futures,pitching,2025
54702,원종혁,2005-08-27,2024,25한화,24 한화 9라운드 81순위,https://www.koreabaseball.com/Record/Player/PitcherDetail/Total.aspx?playerId=54702,first_team,pitching,2025
54702,원종혁,2005-08-27,2024,25한화,24 한화 9라운드 81순위,https://www.koreabaseball.com/Futures/Player/PitcherTotal.aspx?playerId=54702,futures,pitching,2025
54705,김도빈,2001-01-05,2024,24한화,24 한화 육성선수,https://www.koreabaseball.com/Record/Player/PitcherDetail/Total.aspx?playerId=54705,first_team,pitching,2025
54705,김도빈,2001-01-05,2024,24한화,24 한화 육성선수,https://www.koreabaseball.com/Futures/Player/PitcherTotal.aspx?playerId=54705,futures,pitching,2025
54706,이승현,2005-06-08,2024,,24 한화 8라운드 71순위,https://www.koreabaseball.com/Record/Player/HitterDetail/Total.aspx?playerId=54706,first_team,hitting,2025
54706,이승현,2005-06-08,2024,,24 한화 8라운드 71순위,https://www.koreabaseball.com/Futures/Player/HitterTotal.aspx?playerId=54706,futures,hitting,2025
54729,황준서,2005-08-22,2024,24한화,24 한화 1라운드 1순위,https://www.koreabaseball.com/Record/Player/PitcherDetail/Total.aspx?playerId=54729,first_team,pitching,2025
54729,황준서,2005-08-22,2024,24한화,24 한화 1라운드 1순위,https://www.koreabaseball.com/Futures/Player/PitcherTotal.aspx?playerId=54729,futures,pitching,2025
54755,와이스,1996-12-10,,24한화,24 한화 부상 대체 외국인선수,https://www.koreabaseball.com/Record/Player/PitcherDetail/Total.aspx?playerId=54755,first_team,pitching,2025
54755,와이스,1996-12-10,,24한화,24 한화 부상 대체 외국인선수,https://www.koreabaseball.com/Futures/Player/PitcherTotal.aspx?playerId=54755,futures,pitching,2025
54768,조동욱,2004-11-02,2024,24한화,24 한화 2라운드 11순위,https://www.koreabaseball.com/Record/Player/PitcherDetail/Total.aspx?playerId=54768,first_team,pitching,2025
54768,조동욱,2004-11-02,2024,24한화,24 한화 2라운드 11순위,https://www.koreabaseball.com/Futures/Player/PitcherTotal.aspx?playerId=54768,futures,pitching,2025
54795,황영묵,1999-10-16,2024,24한화,24 한화 4라운드 31순위,https://www.koreabaseball.com/Record/Player/HitterDetail/Total.aspx?playerId=54795,first_team,hitting,2025
54795,황영묵,1999-10-16,2024,24한화,24 한화 4라운드 31순위,https://www.koreabaseball.com/Futures/Player/HitterTotal.aspx?playerId=54795,futures,hitting,2025
54802,박기호,2005-07-26,2024,24SSG,24 SSG 3라운드 30순위,https://www.koreabaseball.com/Record/Player/PitcherDetail/Total.aspx?playerId=54802,first_team,pitching,2025
54802,박기호,2005-07-26,2024,24SSG,24 SSG 3라운드 30순위,https://www.koreabaseball.com/Futures/Player/PitcherTotal.aspx?playerId=54802,futures,pitching,2025
54803,최현석,2003-10-16,2024,24SSG,24 SSG 4라운드 40순위,https://www.koreabaseball.com/Record/Player/PitcherDetail/Total.aspx?playerId=54803,first_team,pitching,2025
54803,최현석,2003-10-16,2024,24SSG,24 SSG 4라운드 40순위,https://www.koreabaseball.com/Futures/Player/PitcherTotal.aspx?playerId=54803,futures,pitching,2025
54805,박지환,2005-07-12,2024,24SSG,24 SSG 1라운드 10순위,https://www.koreabaseball.com/Record/Player/HitterDetail/Total.aspx?playerId=54805,first_team,hitting,2025
54805,박지환,2005-07-12,2024,24SSG,24 SSG 1라운드 10순위,https://www.koreabaseball.com/Futures/Player/HitterTotal.aspx?playerId=54805,futures,hitting,2025
54806,이승민,2005-01-06,2024,24SSG,24 SSG 2라운드 20순위,https://www.koreabaseball.com/Record/Player/HitterDetail/Total.aspx?playerId=54806,first_team,hitting,2025
54806,이승민,2005-01-06,2024,24SSG,24 SSG 2라운드 20순위,https://www.koreabaseball.com/Futures/Player/HitterTotal.aspx?playerId=54806,futures,hitting,2025
54807,박성빈,2003-12-29,2024,24SSG,24 SSG 7라운드 70순위,https://www.koreabaseball.com/Record/Player/PitcherDetail/Total.aspx?playerId=54807,first_team,pitching,2025
54807,박성빈,2003-12-29,2024,24SSG,24 SSG 7라운드 70순위,https://www.koreabaseball.com/Futures/Player/PitcherTotal.aspx?playerId=54807,futures,pitching,2025
54810,김규민,2002-08-23,2024,25SSG,24 SSG 10라운드 100순위,https://www.koreabaseball.com/Record/Player/HitterDetail/Total.aspx?playerId=54810,first_team,hitting,2025
54810,김규민,2002-08-23,2024,25SSG,24 SSG 10라운드 100순위,https://www.koreabaseball.com/Futures/Player/HitterTotal.aspx?playerId=54810,futures,hitting,2025
54812,정준재,2003-01-03,2024,24SSG,24 SSG 5라운드 50순위,https://www.koreabaseball.com/Record/Player/HitterDetail/Total.aspx?playerId=54812,first_team,hitting,2025
54812,정준재,2003-01-03,2024,24SSG,24 SSG 5라운드 50순위,https://www.koreabaseball.com/Futures/Player/HitterTotal.aspx?playerId=54812,futures,hitting,2025
54833,앤더슨,1994-03-22,,24SSG,24 SSG 자유선발,https://www.koreabaseball.com/Record/Player/PitcherDetail/Total.aspx?playerId=54833,first_team,pitching,2025
54833,앤더슨,1994-03-22,,24SSG,24 SSG 자유선발,https://www.koreabaseball.com/Futures/Player/PitcherTotal.aspx?playerId=54833,futures,pitching,2025
54900,임상현,2005-07-16,2024,24NC,24 NC 2라운드 15순위,https://www.koreabaseball.com/Record/Player/PitcherDetail/Total.aspx?playerId=54900,first_team,pitching,2025
54900,임상현,2005-07-16,2024,24NC,24 NC 2라운드 15순위,https://www.koreabaseball.com/Futures/Player/PitcherTotal.aspx?playerId=54900,futures,pitching,2025
54903,최우석,2005-03-31,2024,24NC,24 NC 5라운드 45순위,https://www.koreabaseball.com/Record/Player/PitcherDetail/Total.aspx?playerId=54903,first_team,pitching,2025
54903,최우석,2005-03-31,2024,24NC,24 NC 5라운드 45순위,https://www.koreabaseball.com/Futures/Player/PitcherTotal.aspx?playerId=54903,futures,pitching,2025
54904,손주환,2002-01-05,2024,24NC,24 NC 6라운드 55순위,https://www.koreabaseball.com/Record/Player/PitcherDetail/Total.aspx?playerId=54904,first_team,pitching,2025
54904,손주환,2002-01-05,2024,24NC,24 NC 6라운드 55순위,https://www.koreabaseball.com/Futures/Player/PitcherTotal.aspx?playerId=54904,futures,pitching,2025
54905,김세훈,2005-04-04,2024,24NC,24 NC 7라운드 61순위,https://www.koreabaseball.com/Record/Player/HitterDetail/Total.aspx?playerId=54905,first_team,hitting,2025
54905,김세훈,2005-04-04,2024,24NC,24 NC 7라운드 61순위,https://www.koreabaseball.com/Futures/Player/HitterTotal.aspx?playerId=54905,futures,hitting,2025
54906,원종해,2005-04-09,2024,25NC,24 NC 7라운드 65순위,https://www.koreabaseball.com/Record/Player/PitcherDetail/Total.aspx?playerId=54906,first_team,pitching,2025
54906,원종해,2005-04-09,2024,25NC,24 NC 7라운드 65순위,https://www.koreabaseball.com/Futures/Player/PitcherTotal.aspx?playerId=54906,futures,pitching,2025
54908,고승완,2001-03-15,2024,25NC,24 NC 9라운드 85순위,https://www.koreabaseball.com/Record/Player/HitterDetail/Total.aspx?playerId=54908,first_team,hitting,2025
54908,고승완,2001-03-15,2024,25NC,24 NC 9라운드 85순위,https://www.koreabaseball.com/Futures/Player/HitterTotal.aspx?playerId=54908,futures,hitting,2025
54913,김민규,2001-09-07,2024,24NC,24 NC 육성선수,https://www.koreabaseball.com/Record/Player/PitcherDetail/Total.aspx?playerId=54913,first_team,pitching,2025
54913,김민규,2001-09-07,2024,24NC,24 NC 육성선수,https://www.koreabaseball.com/Futures/Player/PitcherTotal.aspx?playerId=54913,futures,pitching,2025
54944,데이비슨,1991-03-26,,24NC,24 NC 자유선발,https://www.koreabaseball.com/Record/Player/HitterDetail/Total.aspx?playerId=54944,first_team,hitting,2025
54944,데이비슨,1991-03-26,,24NC,24 NC 자유선발,https://www.koreabaseball.com/Futures/Player/HitterTotal.aspx?playerId=54944,futures,hitting,2025
55004,박민석,2006-07-27,2025,25KT,25 KT 5라운드 49순위,https://www.koreabaseball.com/Record/Player/HitterDetail/Total.aspx?playerId=55004,first_team,hitting,2025
55004,박민석,2006-07-27,2025,25KT,25 KT 5라운드 49순위,https://www.koreabaseball.com/Futures/Player/HitterTotal.aspx?playerId=55004,futures,hitting,2025
55005,오서진,2006-02-22,2025,25KT,25 KT 6라운드 59순위,https://www.koreabaseball.com/Record/Player/HitterDetail/Total.aspx?playerId=55005,first_team,hitting,2025
55005,오서진,2006-02-22,2025,25KT,25 KT 6라운드 59순위,https://www.koreabaseball.com/Futures/Player/HitterTotal.aspx?playerId=55005,futures,hitting,2025
55013,스티븐슨,1994-06-01,,25KT,25 KT 자유선발,https://www.koreabaseball.com/Record/Player/HitterDetail/Total.aspx?playerId=55013,first_team,hitting,2025
55013,스티븐슨,1994-06-01,,25KT,25 KT 자유선발,https://www.koreabaseball.com/Futures/Player/HitterTotal.aspx?playerId=55013,futures,hitting,2025
55032,패트릭,1995-06-10,,25KT,25 KT 자유선발,https://www.koreabaseball.com/Record/Player/PitcherDetail/Total.aspx?playerId=55032,first_team,pitching,2025
55032,패트릭,1995-06-10,,25KT,25 KT 자유선발,https://www.koreabaseball.com/Futures/Player/PitcherTotal.aspx?playerId=55032,futures,pitching,2025
55040,김동현,2006-01-21,2025,25KT,25 KT 1라운드 9순위,https://www.koreabaseball.com/Record/Player/PitcherDetail/Total.aspx?playerId=55040,first_team,pitching,2025
55040,김동현,2006-01-21,2025,25KT,25 KT 1라운드 9순위,https://www.koreabaseball.com/Futures/Player/PitcherTotal.aspx?playerId=55040,futures,pitching,2025
55043,김재원,2006-08-21,2025,25KT,25 KT 3라운드 29순위,https://www.koreabaseball.com/Record/Player/PitcherDetail/Total.aspx?playerId=55043,first_team,pitching,2025
55043,김재원,2006-08-21,2025,25KT,25 KT 3라운드 29순위,https://www.koreabaseball.com/Futures/Player/PitcherTotal.aspx?playerId=55043,futures,pitching,2025
55046,박건우,2006-11-28,2025,25KT,25 KT 2라운드 19순위,https://www.koreabaseball.com/Record/Player/PitcherDetail/Total.aspx?playerId=55046,first_team,pitching,2025
55046,박건우,2006-11-28,2025,25KT,25 KT 2라운드 19순위,https://www.koreabaseball.com/Futures/Player/PitcherTotal.aspx?playerId=55046,futures,pitching,2025
55100,이한림,2006-11-18,2025,25LG,25 LG 3라운드 30순위,https://www.koreabaseball.com/Record/Player/HitterDetail/Total.aspx?playerId=55100,first_team,hitting,2025
55100,이한림,2006-11-18,2025,25LG,25 LG 3라운드 30순위,https://www.koreabaseball.com/Futures/Player/HitterTotal.aspx?playerId=55100,futures,hitting,2025
55121,박시원,2006-04-12,2025,25LG,25 LG 6라운드 60순위,https://www.koreabaseball.com/Record/Player/PitcherDetail/Total.aspx?playerId=55121,first_team,pitching,2025
55121,박시원,2006-04-12,2025,25LG,25 LG 6라운드 60순위,https://www.koreabaseball.com/Futures/Player/PitcherTotal.aspx?playerId=55121,futures,pitching,2025
55122,김종운,2006-09-11,2025,25LG,25 LG 7라운드 70순위,https://www.koreabaseball.com/Record/Player/PitcherDetail/Total.aspx?playerId=55122,first_team,pitching,2025
55122,김종운,2006-09-11,2025,25LG,25 LG 7라운드 70순위,https://www.koreabaseball.com/Futures/Player/PitcherTotal.aspx?playerId=55122,futures,pitching,2025
55130,톨허스트,1999-09-13,,25LG,25 LG 자유선발,https://www.koreabaseball.com/Record/Player/PitcherDetail/Total.aspx?playerId=55130,first_team,pitching,2025
55130,톨허스트,1999-09-13,,25LG,25 LG 자유선발,https://www.koreabaseball.com/Futures/Player/PitcherTotal.aspx?playerId=55130,futures,pitching,2025
55146,치리노스,1993-12-26,,25LG,25 LG 자유선발,https://www.koreabaseball.com/Record/Player/PitcherDetail/Total.aspx?playerId=55146,first_team,pitching,2025
55146,치리노스,1993-12-26,,25LG,25 LG 자유선발,https://www.koreabaseball.com/Futures/Player/PitcherTotal.aspx?playerId=55146,futures,pitching,2025
55160,서영준,2006-03-18,2025,25LG,25 LG 5라운드 44순위,https://www.koreabaseball.com/Record/Player/HitterDetail/Total.aspx?playerId=55160,first_team,hitting,2025
55160,서영준,2006-03-18,2025,25LG,25 LG 5라운드 44순위,https://www.koreabaseball.com/Futures/Player/HitterTotal.aspx?playerId=55160,futures,hitting,2025
55163,추세현,2006-04-19,2025,25LG,25 LG 2라운드 20순위,https://www.koreabaseball.com/Record/Player/PitcherDetail/Total.aspx?playerId=55163,first_team,pitching,2025
55163,추세현,2006-04-19,2025,25LG,25 LG 2라운드 20순위,https://www.koreabaseball.com/Futures/Player/PitcherTotal.aspx?playerId=55163,futures,pitching,2025
55164,박관우,2006-03-22,2025,25LG,25 LG 5라운드 50순위,https://www.koreabaseball.com/Record/Player/HitterDetail/Total.aspx?playerId=55164,first_team,hitting,2025
55164,박관우,2006-03-22,2025,25LG,25 LG 5라운드 50순위,https://www.koreabaseball.com/Futures/Player/HitterTotal.aspx?playerId=55164,futures,hitting,2025
55165,이태훈,2006-08-21,2025,25LG,25 LG 4라운드 40순위,https://www.koreabaseball.com/Record/Player/HitterDetail/Total.aspx?playerId=55165,first_team,hitting,2025
55165,이태훈,2006-08-21,2025,25LG,25 LG 4라운드 40순위,https://www.koreabaseball.com/Futures/Player/HitterTotal.aspx?playerId=55165,futures,hitting,2025
55167,김영우,2005-01-14,2025,25LG,25 LG 1라운드 10순위,https://www.koreabaseball.com/Record/Player/PitcherDetail/Total.aspx?playerId=55167,first_team,pitching,2025
55167,김영우,2005-01-14,2025,25LG,25 LG 1라운드 10순위,https://www.koreabaseball.com/Futures/Player/PitcherTotal.aspx?playerId=55167,futures,pitching,2025
55208,케이브,1992-12-04,,25두산,25 두산 자유선발,https://www.koreabaseball.com/Record/Player/HitterDetail/Total.aspx?playerId=55208,first_team,hitting,2025
55208,케이브,1992-12-04,,25두산,25 두산 자유선발,https://www.koreabaseball.com/Futures/Player/HitterTotal.aspx?playerId=55208,futures,hitting,2025
55215,양재훈,2003-05-01,2025,25두산,25 두산 7라운드 66순위,https://www.koreabaseball.com/Record/Player/PitcherDetail/Total.aspx?playerId=55215,first_team,pitching,2025
55215,양재훈,2003-05-01,2025,25두산,25 두산 7라운드 66순위,https://www.koreabaseball.com/Futures/Player/PitcherTotal.aspx?playerId=55215,futures,pitching,2025
55216,김성재,2006-05-16,2025,25두산,25 두산 8라운드 76순위,https://www.koreabaseball.com/Record/Player/HitterDetail/Total.aspx?playerId=55216,first_team,hitting,2025
55216,김성재,2006-05-16,2025,25두산,25 두산 8라운드 76순위,https://www.koreabaseball.com/Futures/Player/HitterTotal.aspx?playerId=55216,futures,hitting,2025
55221,김한중,2004-11-03,2025,25두산,25 두산 육성선수,https://www.koreabaseball.com/Record/Player/PitcherDetail/Total.aspx?playerId=55221,first_team,pitching,2025
55221,김한중,2004-11-03,2025,25두산,25 두산 육성선수,https://www.koreabaseball.com/Futures/Player/PitcherTotal.aspx?playerId=55221,futures,pitching,2025
55224,이선우,2006-04-04,2025,25두산,25 두산 5라운드 46순위,https://www.koreabaseball.com/Record/Player/HitterDetail/Total.aspx?playerId=55224,first_team,hitting,2025
55224,이선우,2006-04-04,2025,25두산,25 두산 5라운드 46순위,https://www.koreabaseball.com/Futures/Player/HitterTotal.aspx?playerId=55224,futures,hitting,2025
55226,김준상,2004-08-02,2025,25두산,25 두산 육성선수,https://www.koreabaseball.com/Record/Player/HitterDetail/Total.aspx?playerId=55226,first_team,hitting,2025
55226,김준상,2004-08-02,2025,25두산,25 두산 육성선수,https://www.koreabaseball.com/Futures/Player/HitterTotal.aspx?playerId=55226,futures,hitting,2025
55239,잭로그,1996-04-23,,25두산,25 두산 자유선발,https://www.koreabaseball.com/Record/Player/PitcherDetail/Total.aspx?playerId=55239,first_team,pitching,2025
55239,잭로그,1996-04-23,,25두산,25 두산 자유선발,https://www.koreabaseball.com/Futures/Player/PitcherTotal.aspx?playerId=55239,futures,pitching,2025
55252,박준순,2006-07-13,2025,25두산,25 두산 1라운드 6순위,https://www.koreabaseball.com/Record/Player/HitterDetail/Total.aspx?playerId=55252,first_team,hitting,2025
55252,박준순,2006-07-13,2025,25두산,25 두산 1라운드 6순위,https://www.koreabaseball.com/Futures/Player/HitterTotal.aspx?playerId=55252,futures,hitting,2025
55257,콜어빈,1994-01-31,,25두산,25 두산 자유선발,https://www.koreabaseball.com/Record/Player/PitcherDetail/Total.aspx?playerId=55257,first_team,pitching,2025
55257,콜어빈,1994-01-31,,25두산,25 두산 자유선발,https://www.koreabaseball.com/Futures/Player/PitcherTotal.aspx?playerId=55257,futures,pitching,2025
55258,황희천,2006-11-06,2025,25두산,25 두산 4라운드 36순위,https://www.koreabaseball.com/Record/Player/PitcherDetail/Total.aspx?playerId=55258,first_team,pitching,2025
55258,황희천,2006-11-06,2025,25두산,25 두산 4라운드 36순위,https://www.koreabaseball.com/Futures/Player/PitcherTotal.aspx?playerId=55258,futures,pitching,2025
55267,홍민규,2006-09-11,2025,25두산,25 두산 3라운드 26순위,https://www.koreabaseball.com/Record/Player/PitcherDetail/Total.aspx?playerId=55267,first_team,pitching,2025
55267,홍민규,2006-09-11,2025,25두산,25 두산 3라운드 26순위,https://www.koreabaseball.com/Futures/Player/PitcherTotal.aspx?playerId=55267,futures,pitching,2025
55268,최민석,2006-07-02,2025,25두산,25 두산 2라운드 16순위,https://www.koreabaseball.com/Record/Player/PitcherDetail/Total.aspx?playerId=55268,first_team,pitching,2025
55268,최민석,2006-07-02,2025,25두산,25 두산 2라운드 16순위,https://www.koreabaseball.com/Futures/Player/PitcherTotal.aspx?playerId=55268,futures,pitching,2025
55300,손힘찬,2002-07-17,2025,25키움,25 키움 육성선수,https://www.koreabaseball.com/Record/Player/PitcherDetail/Total.aspx?playerId=55300,first_team,pitching,2025
55300,손힘찬,2002-07-17,2025,25키움,25 키움 육성선수,https://www.koreabaseball.com/Futures/Player/PitcherTotal.aspx?playerId=55300,futures,pitching,2025
55301,이준우,2001-03-02,2025,25키움,25 키움 육성선수,https://www.koreabaseball.com/Record/Player/PitcherDetail/Total.aspx?playerId=55301,first_team,pitching,2025
55301,이준우,2001-03-02,2025,25키움,25 키움 육성선수,https://www.koreabaseball.com/Futures/Player/PitcherTotal.aspx?playerId=55301,futures,pitching,2025
55313,정현우,2006-04-13,2025,25키움,25 키움 1라운드 1순위,https://www.koreabaseball.com/Record/Player/PitcherDetail/Total.aspx?playerId=55313,first_team,pitching,2025
55313,정현우,2006-04-13,2025,25키움,25 키움 1라운드 1순위,https://www.koreabaseball.com/Futures/Player/PitcherTotal.aspx?playerId=55313,futures,pitching,2025
55339,염승원,2006-03-20,2025,25키움,25 키움 2라운드 11순위,https://www.koreabaseball.com/Record/Player/HitterDetail/Total.aspx?playerId=55339,first_team,hitting,2025
55339,염승원,2006-03-20,2025,25키움,25 키움 2라운드 11순위,https://www.koreabaseball.com/Futures/Player/HitterTotal.aspx?playerId=55339,futures,hitting,2025
55342,메르세데스,1994-03-08,,25키움,25 키움 자유선발,https://www.koreabaseball.com/Record/Player/PitcherDetail/Total.aspx?playerId=55342,first_team,pitching,2025
55342,메르세데스,1994-03-08,,25키움,25 키움 자유선발,https://www.koreabaseball.com/Futures/Player/PitcherTotal.aspx?playerId=55342,futures,pitching,2025
55359,김서준,2006-12-22,2025,25키움,25 키움 1라운드 7순위,https://www.koreabaseball.com/Record/Player/PitcherDetail/Total.aspx?playerId=55359,first_team,pitching,2025
55359,김서준,2006-12-22,2025,25키움,25 키움 1라운드 7순위,https://www.koreabaseball.com/Futures/Player/PitcherTotal.aspx?playerId=55359,futures,pitching,2025
55370,양현종,2006-08-15,2025,25키움,25 키움 6라운드 51순위,https://www.koreabaseball.com/Record/Player/HitterDetail/Total.aspx?playerId=55370,first_team,hitting,2025
55370,양현종,2006-08-15,2025,25키움,25 키움 6라운드 51순위,https://www.koreabaseball.com/Futures/Player/HitterTotal.aspx?playerId=55370,futures,hitting,2025
55371,권혁빈,2005-11-04,2025,25키움,25 키움 7라운드 61순위,https://www.koreabaseball.com/Record/Player/HitterDetail/Total.aspx?playerId=55371,first_team,hitting,2025
55371,권혁빈,2005-11-04,2025,25키움,25 키움 7라운드 61순위,https://www.koreabaseball.com/Futures/Player/HitterTotal.aspx?playerId=55371,futures,hitting,2025
55377,정세영,2006-09-23,2025,25키움,25 키움 8라운드 71순위,https://www.koreabaseball.com/Record/Player/PitcherDetail/Total.aspx?playerId=55377,first_team,pitching,2025
55377,정세영,2006-09-23,2025,25키움,25 키움 8라운드 71순위,https://www.koreabaseball.com/Futures/Player/PitcherTotal.aspx?playerId=55377,futures,pitching,2025
55382,임진묵,2006-04-23,2025,25키움,25 키움 9라운드 81순위,https://www.koreabaseball.com/Record/Player/PitcherDetail/Total.aspx?playerId=55382,first_team,pitching,2025
55382,임진묵,2006-04-23,2025,25키움,25 키움 9라운드 81순위,https://www.koreabaseball.com/Futures/Player/PitcherTotal.aspx?playerId=55382,futures,pitching,2025
55392,어준서,2006-11-27,2025,25키움,25 키움 3라운드 21순위,https://www.koreabaseball.com/Record/Player/HitterDetail/Total.aspx?playerId=55392,first_team,hitting,2025
55392,어준서,2006-11-27,2025,25키움,25 키움 3라운드 21순위,https://www.koreabaseball.com/Futures/Player/HitterTotal.aspx?playerId=55392,futures,hitting,2025
55393,여동욱,2005-11-10,2025,25키움,25 키움 3라운드 27순위,https://www.koreabaseball.com/Record/Player/HitterDetail/Total.aspx?playerId=55393,first_team,hitting,2025
55393,여동욱,2005-11-10,2025,25키움,25 키움 3라운드 27순위,https://www.koreabaseball.com/Futures/Player/HitterTotal.aspx?playerId=55393,futures,hitting,2025
55394,박정훈,2006-03-23,2025,25키움,25 키움 3라운드 28순위,https://www.koreabaseball.com/Record/Player/PitcherDetail/Total.aspx?playerId=55394,first_team,pitching,2025
55394,박정훈,2006-03-23,2025,25키움,25 키움 3라운드 28순위,https://www.koreabaseball.com/Futures/Player/PitcherTotal.aspx?playerId=55394,futures,pitching,2025
55396,윤현,2006-10-20,2025,25키움,25 키움 4라운드 31순위,https://www.koreabaseball.com/Record/Player/PitcherDetail/Total.aspx?playerId=55396,first_team,pitching,2025
55396,윤현,2006-10-20,2025,25키움,25 키움 4라운드 31순위,https://www.koreabaseball.com/Futures/Player/PitcherTotal.aspx?playerId=55396,futures,pitching,2025
55397,전태현,2006-03-02,2025,25키움,25 키움 5라운드 41순위,https://www.koreabaseball.com/Record/Player/HitterDetail/Total.aspx?playerId=55397,first_team,hitting,2025
55397,전태현,2006-03-02,2025,25키움,25 키움 5라운드 41순위,https://www.koreabaseball.com/Futures/Player/HitterTotal.aspx?playerId=55397,futures,hitting,2025
55435,차승준,2006-11-20,2025,25삼성,25 삼성 3라운드 23순위,https://www.koreabaseball.com/Record/Player/HitterDetail/Total.aspx?playerId=55435,first_team,hitting,2025
55435,차승준,2006-11-20,2025,25삼성,25 삼성 3라운드 23순위,https://www.koreabaseball.com/Futures/Player/HitterTotal.aspx?playerId=55435,futures,hitting,2025
55438,심재훈,2006-03-03,2025,25삼성,25 삼성 2라운드 13순위,https://www.koreabaseball.com/Record/Player/HitterDetail/Total.aspx?playerId=55438,first_team,hitting,2025
55438,심재훈,2006-03-03,2025,25삼성,25 삼성 2라운드 13순위,https://www.koreabaseball.com/Futures/Player/HitterTotal.aspx?playerId=55438,futures,hitting,2025
55440,함수호,2006-03-10,2025,25삼성,25 삼성 4라운드 33순위,https://www.koreabaseball.com/Record/Player/HitterDetail/Total.aspx?playerId=55440,first_team,hitting,2025
55440,함수호,2006-03-10,2025,25삼성,25 삼성 4라운드 33순위,https://www.koreabaseball.com/Futures/Player/HitterTotal.aspx?playerId=55440,futures,hitting,2025
55441,권현우,2006-03-28,2025,25삼성,25 삼성 5라운드 43순위,https://www.koreabaseball.com/Record/Player/PitcherDetail/Total.aspx?playerId=55441,first_team,pitching,2025
55441,권현우,2006-03-28,2025,25삼성,25 삼성 5라운드 43순위,https://www.koreabaseball.com/Futures/Player/PitcherTotal.aspx?playerId=55441,futures,pitching,2025
55455,배찬승,2006-01-01,2025,25삼성,25 삼성 1라운드 3순위,https://www.koreabaseball.com/Record/Player/PitcherDetail/Total.aspx?playerId=55455,first_team,pitching,2025
55455,배찬승,2006-01-01,2025,25삼성,25 삼성 1라운드 3순위,https://www.koreabaseball.com/Futures/Player/PitcherTotal.aspx?playerId=55455,futures,pitching,2025
55460,가라비토,1995-08-19,,25삼성,25 삼성 자유선발,https://www.koreabaseball.com/Record/Player/PitcherDetail/Total.aspx?playerId=55460,first_team,pitching,2025
55460,가라비토,1995-08-19,,25삼성,25 삼성 자유선발,https://www.koreabaseball.com/Futures/Player/PitcherTotal.aspx?playerId=55460,futures,pitching,2025
55502,김동현,2004-12-30,2025,25롯데,25 롯데 6라운드 54순위,https://www.koreabaseball.com/Record/Player/HitterDetail/Total.aspx?playerId=55502,first_team,hitting,2025
55502,김동현,2004-12-30,2025,25롯데,25 롯데 6라운드 54순위,https://www.koreabaseball.com/Futures/Player/HitterTotal.aspx?playerId=55502,futures,hitting,2025
55503,이영재,2006-10-20,2025,25롯데,25 롯데 7라운드 64순위,https://www.koreabaseball.com/Record/Player/PitcherDetail/Total.aspx?playerId=55503,first_team,pitching,2025
55503,이영재,2006-10-20,2025,25롯데,25 롯데 7라운드 64순위,https://www.koreabaseball.com/Futures/Player/PitcherTotal.aspx?playerId=55503,futures,pitching,2025
55506,한승현,2006-10-29,2025,25롯데,25 롯데 9라운드 84순위,https://www.koreabaseball.com/Record/Player/HitterDetail/Total.aspx?playerId=55506,first_team,hitting,2025
55506,한승현,2006-10-29,2025,25롯데,25 롯데 9라운드 84순위,https://www.koreabaseball.com/Futures/Player/HitterTotal.aspx?playerId=55506,futures,hitting,2025
55509,박건우,2003-02-01,2025,25롯데,25 롯데 육성선수,https://www.koreabaseball.com/Record/Player/HitterDetail/Total.aspx?playerId=55509,first_team,hitting,2025
55509,박건우,2003-02-01,2025,25롯데,25 롯데 육성선수,https://www.koreabaseball.com/Futures/Player/HitterTotal.aspx?playerId=55509,futures,hitting,2025
55511,이태경,2002-11-24,2025,25롯데,25 롯데 육성선수,https://www.koreabaseball.com/Record/Player/HitterDetail/Total.aspx?playerId=55511,first_team,hitting,2025
55511,이태경,2002-11-24,2025,25롯데,25 롯데 육성선수,https://www.koreabaseball.com/Futures/Player/HitterTotal.aspx?playerId=55511,futures,hitting,2025
55526,벨라스케즈,1992-06-07,,25롯데,25 롯데 자유선발,https://www.koreabaseball.com/Record/Player/PitcherDetail/Total.aspx?playerId=55526,first_team,pitching,2025
55526,벨라스케즈,1992-06-07,,25롯데,25 롯데 자유선발,https://www.koreabaseball.com/Futures/Player/PitcherTotal.aspx?playerId=55526,futures,pitching,2025
55530,박찬형,2002-10-17,2025,25롯데,25 롯데 육성선수,https://www.koreabaseball.com/Record/Player/HitterDetail/Total.aspx?playerId=55530,first_team,hitting,2025
55530,박찬형,2002-10-17,2025,25롯데,25 롯데 육성선수,https://www.koreabaseball.com/Futures/Player/HitterTotal.aspx?playerId=55530,futures,hitting,2025
55532,감보아,1997-01-17,,25롯데,25 롯데 자유선발,https://www.koreabaseball.com/Record/Player/PitcherDetail/Total.aspx?playerId=55532,first_team,pitching,2025
55532,감보아,1997-01-17,,25롯데,25 롯데 자유선발,https://www.koreabaseball.com/Futures/Player/PitcherTotal.aspx?playerId=55532,futures,pitching,2025
55563,박재엽,2006-01-23,2025,25롯데,25 롯데 4라운드 34순위,https://www.koreabaseball.com/Record/Player/HitterDetail/Total.aspx?playerId=55563,first_team,hitting,2025
55563,박재엽,2006-01-23,2025,25롯데,25 롯데 4라운드 34순위,https://www.koreabaseball.com/Futures/Player/HitterTotal.aspx?playerId=55563,futures,hitting,2025
55566,김태현,2005-11-16,2025,25롯데,25 롯데 1라운드 4순위,https://www.koreabaseball.com/Record/Player/PitcherDetail/Total.aspx?playerId=55566,first_team,pitching,2025
55566,김태현,2005-11-16,2025,25롯데,25 롯데 1라운드 4순위,https://www.koreabaseball.com/Futures/Player/PitcherTotal.aspx?playerId=55566,futures,pitching,2025
55568,박세현,2006-01-21,2025,25롯데,25 롯데 2라운드 14순위,https://www.koreabaseball.com/Record/Player/PitcherDetail/Total.aspx?playerId=55568,first_team,pitching,2025
55568,박세현,2006-01-21,2025,25롯데,25 롯데 2라운드 14순위,https://www.koreabaseball.com/Futures/Player/PitcherTotal.aspx?playerId=55568,futures,pitching,2025
55610,김태형,2006-12-15,2025,25KIA,25 KIA 1라운드 5순위,https://www.koreabaseball.com/Record/Player/PitcherDetail/Total.aspx?playerId=55610,first_team,pitching,2025
55610,김태형,2006-12-15,2025,25KIA,25 KIA 1라운드 5순위,https://www.koreabaseball.com/Futures/Player/PitcherTotal.aspx?playerId=55610,futures,pitching,2025
55632,이성원,2006-05-18,2025,25KIA,25 KIA 10라운드 95순위,https://www.koreabaseball.com/Record/Player/PitcherDetail/Total.aspx?playerId=55632,first_team,pitching,2025
55632,이성원,2006-05-18,2025,25KIA,25 KIA 10라운드 95순위,https://www.koreabaseball.com/Futures/Player/PitcherTotal.aspx?playerId=55632,futures,pitching,2025
55633,올러,1994-10-17,,25KIA,25 KIA 자유선발,https://www.koreabaseball.com/Record/Player/PitcherDetail/Total.aspx?playerId=55633,first_team,pitching,2025
55633,올러,1994-10-17,,25KIA,25 KIA 자유선발,https://www.koreabaseball.com/Futures/Player/PitcherTotal.aspx?playerId=55633,futures,pitching,2025
55636,박재현,2006-12-08,2025,25KIA,25 KIA 3라운드 25순위,https://www.koreabaseball.com/Record/Player/HitterDetail/Total.aspx?playerId=55636,first_team,hitting,2025
55636,박재현,2006-12-08,2025,25KIA,25 KIA 3라운드 25순위,https://www.koreabaseball.com/Futures/Player/HitterTotal.aspx?playerId=55636,futures,hitting,2025
55637,박헌,2006-01-05,2025,25KIA,25 KIA 11라운드 105순위,https://www.koreabaseball.com/Record/Player/HitterDetail/Total.aspx?playerId=55637,first_team,hitting,2025
55637,박헌,2006-01-05,2025,25KIA,25 KIA 11라운드 105순위,https://www.koreabaseball.com/Futures/Player/HitterTotal.aspx?playerId=55637,futures,hitting,2025
55645,위즈덤,1991-08-27,,25KIA,25 KIA 자유선발,https://www.koreabaseball.com/Record/Player/HitterDetail/Total.aspx?playerId=55645,first_team,hitting,2025
55645,위즈덤,1991-08-27,,25KIA,25 KIA 자유선발,https://www.koreabaseball.com/Futures/Player/HitterTotal.aspx?playerId=55645,futures,hitting,2025
55646,김정엽,2006-04-18,2025,25KIA,25 KIA 5라운드 45순위,https://www.koreabaseball.com/Record/Player/PitcherDetail/Total.aspx?playerId=55646,first_team,pitching,2025
55646,김정엽,2006-04-18,2025,25KIA,25 KIA 5라운드 45순위,https://www.koreabaseball.com/Futures/Player/PitcherTotal.aspx?playerId=55646,futures,pitching,2025
55659,양수호,2006-09-09,2025,25KIA,25 KIA 4라운드 35순위,https://www.koreabaseball.com/Record/Player/PitcherDetail/Total.aspx?playerId=55659,first_team,pitching,2025
55659,양수호,2006-09-09,2025,25KIA,25 KIA 4라운드 35순위,https://www.koreabaseball.com/Futures/Player/PitcherTotal.aspx?playerId=55659,futures,pitching,2025
55663,이호민,2006-08-26,2025,25KIA,25 KIA 2라운드 15순위,https://www.koreabaseball.com/Record/Player/PitcherDetail/Total.aspx?playerId=55663,first_team,pitching,2025
55663,이호민,2006-08-26,2025,25KIA,25 KIA 2라운드 15순위,https://www.koreabaseball.com/Futures/Player/PitcherTotal.aspx?playerId=55663,futures,pitching,2025
55703,리베라토,1995-12-18,,25한화,25 한화 부상 대체 외국인선수,https://www.koreabaseball.com/Record/Player/HitterDetail/Total.aspx?playerId=55703,first_team,hitting,2025
55703,리베라토,1995-12-18,,25한화,25 한화 부상 대체 외국인선수,https://www.koreabaseball.com/Futures/Player/HitterTotal.aspx?playerId=55703,futures,hitting,2025
55710,이민재,2004-03-07,2025,25한화,25 한화 11라운드 102순위,https://www.koreabaseball.com/Record/Player/HitterDetail/Total.aspx?playerId=55710,first_team,hitting,2025
55710,이민재,2004-03-07,2025,25한화,25 한화 11라운드 102순위,https://www.koreabaseball.com/Futures/Player/HitterTotal.aspx?playerId=55710,futures,hitting,2025
55730,폰세,1994-04-25,,25한화,25 한화 자유선발,https://www.koreabaseball.com/Record/Player/PitcherDetail/Total.aspx?playerId=55730,first_team,pitching,2025
55730,폰세,1994-04-25,,25한화,25 한화 자유선발,https://www.koreabaseball.com/Futures/Player/PitcherTotal.aspx?playerId=55730,futures,pitching,2025
55743,정우주,2006-11-07,2025,25한화,25 한화 1라운드 2순위,https://www.koreabaseball.com/Record/Player/PitcherDetail/Total.aspx?playerId=55743,first_team,pitching,2025
55743,정우주,2006-11-07,2025,25한화,25 한화 1라운드 2순위,https://www.koreabaseball.com/Futures/Player/PitcherTotal.aspx?playerId=55743,futures,pitching,2025
55764,권민규,2006-05-13,2025,25한화,25 한화 2라운드 12순위,https://www.koreabaseball.com/Record/Player/PitcherDetail/Total.aspx?playerId=55764,first_team,pitching,2025
55764,권민규,2006-05-13,2025,25한화,25 한화 2라운드 12순위,https://www.koreabaseball.com/Futures/Player/PitcherTotal.aspx?playerId=55764,futures,pitching,2025
55767,한지윤,2006-04-10,2025,25한화,25 한화 3라운드 22순위,https://www.koreabaseball.com/Record/Player/HitterDetail/Total.aspx?playerId=55767,first_team,hitting,2025
55767,한지윤,2006-04-10,2025,25한화,25 한화 3라운드 22순위,https://www.koreabaseball.com/Futures/Player/HitterTotal.aspx?playerId=55767,futures,hitting,2025
55798,배승수,2006-05-15,2025,25한화,25 한화 4라운드 32순위,https://www.koreabaseball.com/Record/Player/HitterDetail/Total.aspx?playerId=55798,first_team,hitting,2025
55798,배승수,2006-05-15,2025,25한화,25 한화 4라운드 32순위,https://www.koreabaseball.com/Futures/Player/HitterTotal.aspx?playerId=55798,futures,hitting,2025
55832,이율예,2006-11-21,2025,25SSG,25 SSG 1라운드 8순위,https://www.koreabaseball.com/Record/Player/HitterDetail/Total.aspx?playerId=55832,first_team,hitting,2025
55832,이율예,2006-11-21,2025,25SSG,25 SSG 1라운드 8순위,https://www.koreabaseball.com/Futures/Player/HitterTotal.aspx?playerId=55832,futures,hitting,2025
55855,화이트,1994-12-28,,25SSG,25 SSG 자유선발,https://www.koreabaseball.com/Record/Player/PitcherDetail/Total.aspx?playerId=55855,first_team,pitching,2025
55855,화이트,1994-12-28,,25SSG,25 SSG 자유선발,https://www.koreabaseball.com/Futures/Player/PitcherTotal.aspx?playerId=55855,futures,pitching,2025
55860,신지환,2006-04-17,2025,25SSG,25 SSG 2라운드 18순위,https://www.koreabaseball.com/Record/Player/PitcherDetail/Total.aspx?playerId=55860,first_team,pitching,2025
55860,신지환,2006-04-17,2025,25SSG,25 SSG 2라운드 18순위,https://www.koreabaseball.com/Futures/Player/PitcherTotal.aspx?playerId=55860,futures,pitching,2025
55890,천범석,2006-03-06,2025,25SSG,25 SSG 4라운드 38순위,https://www.koreabaseball.com/Record/Player/PitcherDetail/Total.aspx?playerId=55890,first_team,pitching,2025
55890,천범석,2006-03-06,2025,25SSG,25 SSG 4라운드 38순위,https://www.koreabaseball.com/Futures/Player/PitcherTotal.aspx?playerId=55890,futures,pitching,2025
55894,최윤석,2006-04-25,2025,25SSG,25 SSG 6라운드 58순위,https://www.koreabaseball.com/Record/Player/HitterDetail/Total.aspx?playerId=55894,first_team,hitting,2025
55894,최윤석,2006-04-25,2025,25SSG,25 SSG 6라운드 58순위,https://www.koreabaseball.com/Futures/Player/HitterTotal.aspx?playerId=55894,futures,hitting,2025
55897,홍대인,2001-11-23,2025,25SSG,25 SSG 9라운드 88순위,https://www.koreabaseball.com/Record/Player/HitterDetail/Total.aspx?playerId=55897,first_team,hitting,2025
55897,홍대인,2001-11-23,2025,25SSG,25 SSG 9라운드 88순위,https://www.koreabaseball.com/Futures/Player/HitterTotal.aspx?playerId=55897,futures,hitting,2025
55903,라일리,1996-07-09,,25NC,25 NC 자유선발,https://www.koreabaseball.com/Record/Player/PitcherDetail/Total.aspx?playerId=55903,first_team,pitching,2025
55903,라일리,1996-07-09,,25NC,25 NC 자유선발,https://www.koreabaseball.com/Futures/Player/PitcherTotal.aspx?playerId=55903,futures,pitching,2025
55912,로건,1997-05-23,,25NC,25 NC 자유선발,https://www.koreabaseball.com/Record/Player/PitcherDetail/Total.aspx?playerId=55912,first_team,pitching,2025
55912,로건,1997-05-23,,25NC,25 NC 자유선발,https://www.koreabaseball.com/Futures/Player/PitcherTotal.aspx?playerId=55912,futures,pitching,2025
55926,정현창,2006-07-14,2025,25NC,25 NC 7라운드 67순위,https://www.koreabaseball.com/Record/Player/HitterDetail/Total.aspx?playerId=55926,first_team,hitting,2025
55926,정현창,2006-07-14,2025,25NC,25 NC 7라운드 67순위,https://www.koreabaseball.com/Futures/Player/HitterTotal.aspx?playerId=55926,futures,hitting,2025
55993,장창훈,2000-05-22,2025,25NC,25 NC 9라운드 87순위,https://www.koreabaseball.com/Record/Player/HitterDetail/Total.aspx?playerId=55993,first_team,hitting,2025
55993,장창훈,2000-05-22,2025,25NC,25 NC 9라운드 87순위,https://www.koreabaseball.com/Futures/Player/HitterTotal.aspx?playerId=55993,futures,hitting,2025
55995,김태훈,2006-10-26,2025,25NC,25 NC 2라운드 17순위,https://www.koreabaseball.com/Record/Player/PitcherDetail/Total.aspx?playerId=55995,first_team,pitching,2025
55995,김태훈,2006-10-26,2025,25NC,25 NC 2라운드 17순위,https://www.koreabaseball.com/Futures/Player/PitcherTotal.aspx?playerId=55995,futures,pitching,2025
55996,홍재문,2004-07-09,2025,25NC,25 NC 4라운드 37순위,https://www.koreabaseball.com/Record/Player/PitcherDetail/Total.aspx?playerId=55996,first_team,pitching,2025
55996,홍재문,2004-07-09,2025,25NC,25 NC 4라운드 37순위,https://www.koreabaseball.com/Futures/Player/PitcherTotal.aspx?playerId=55996,futures,pitching,2025
55997,이세민,2005-08-08,2025,25NC,25 NC 6라운드 57순위,https://www.koreabaseball.com/Record/Player/PitcherDetail/Total.aspx?playerId=55997,first_team,pitching,2025
55997,이세민,2005-08-08,2025,25NC,25 NC 6라운드 57순위,https://www.koreabaseball.com/Futures/Player/PitcherTotal.aspx?playerId=55997,futures,pitching,2025
60146,이승현,1991-11-20,2010,10LG,10 LG 2라운드 16순위,https://www.koreabaseball.com/Record/Player/PitcherDetail/Total.aspx?playerId=60146,first_team,pitching,2025
60146,이승현,1991-11-20,2010,10LG,10 LG 2라운드 16순위,https://www.koreabaseball.com/Futures/Player/PitcherTotal.aspx?playerId=60146,futures,pitching,2025
60263,이재학,1990-10-04,2010,10두산,10 두산 2라운드 10순위,https://www.koreabaseball.com/Record/Player/PitcherDetail/Total.aspx?playerId=60263,first_team,pitching,2025
60263,이재학,1990-10-04,2010,10두산,10 두산 2라운드 10순위,https://www.koreabaseball.com/Futures/Player/PitcherTotal.aspx?playerId=60263,futures,pitching,2025
60337,김대유,1991-05-08,2010,10넥센,10 넥센 3라운드 18순위,https://www.koreabaseball.com/Record/Player/PitcherDetail/Total.aspx?playerId=60337,first_team,pitching,2025
60337,김대유,1991-05-08,2010,10넥센,10 넥센 3라운드 18순위,https://www.koreabaseball.com/Futures/Player/PitcherTotal.aspx?playerId=60337,futures,pitching,2025
60523,정훈,1987-07-18,2006,10롯데,06 현대 육성선수,https://www.koreabaseball.com/Record/Player/HitterDetail/Total.aspx?playerId=60523,first_team,hitting,2025
60523,정훈,1987-07-18,2006,10롯데,06 현대 육성선수,https://www.koreabaseball.com/Futures/Player/HitterTotal.aspx?playerId=60523,futures,hitting,2025
60558,오태곤,1991-11-18,2010,10롯데,10 롯데 3라운드 22순위,https://www.koreabaseball.com/Record/Player/HitterDetail/Total.aspx?playerId=60558,first_team,hitting,2025
60558,오태곤,1991-11-18,2010,10롯데,10 롯데 3라운드 22순위,https://www.koreabaseball.com/Futures/Player/HitterTotal.aspx?playerId=60558,futures,hitting,2025
60559,박시영,1989-03-10,2008,10롯데,08 롯데 2차 4라운드 31순위,https://www.koreabaseball.com/Record/Player/PitcherDetail/Total.aspx?playerId=60559,first_team,pitching,2025
60559,박시영,1989-03-10,2008,10롯데,08 롯데 2차 4라운드 31순위,https://www.koreabaseball.com/Futures/Player/PitcherTotal.aspx?playerId=60559,futures,pitching,2025
60768,이태양,1990-07-03,2010,10한화,10 한화 5라운드 36순위,https://www.koreabaseball.com/Record/Player/PitcherDetail/Total.aspx?playerId=60768,first_team,pitching,2025
60768,이태양,1990-07-03,2010,10한화,10 한화 5라운드 36순위,https://www.koreabaseball.com/Futures/Player/PitcherTotal.aspx?playerId=60768,futures,pitching,2025
60841,박종훈,1991-08-13,2010,10SK,10 SK 2라운드 9순위,https://www.koreabaseball.com/Record/Player/PitcherDetail/Total.aspx?playerId=60841,first_team,pitching,2025
60841,박종훈,1991-08-13,2010,10SK,10 SK 2라운드 9순위,https://www.koreabaseball.com/Futures/Player/PitcherTotal.aspx?playerId=60841,futures,pitching,2025
61101,임찬규,1992-11-20,2011,11LG,11 LG 1라운드 2순위,https://www.koreabaseball.com/Record/Player/PitcherDetail/Total.aspx?playerId=61101,first_team,pitching,2025
61101,임찬규,1992-11-20,2011,11LG,11 LG 1라운드 2순위,https://www.koreabaseball.com/Futures/Player/PitcherTotal.aspx?playerId=61101,futures,pitching,2025
61102,유강남,1992-07-15,2011,11LG,11 LG 7라운드 50순위,https://www.koreabaseball.com/Record/Player/HitterDetail/Total.aspx?playerId=61102,first_team,hitting,2025
61102,유강남,1992-07-15,2011,11LG,11 LG 7라운드 50순위,https://www.koreabaseball.com/Futures/Player/HitterTotal.aspx?playerId=61102,futures,hitting,2025
61145,이우찬,1992-08-04,2011,11LG,11 LG 2라운드 15순위,https://www.koreabaseball.com/Record/Player/PitcherDetail/Total.aspx?playerId=61145,first_team,pitching,2025
61145,이우찬,1992-08-04,2011,11LG,11 LG 2라운드 15순위,https://www.koreabaseball.com/Futures/Player/PitcherTotal.aspx?playerId=61145,futures,pitching,2025
61268,양현,1992-08-23,2011,11두산,11 두산 10라운드 73순위,https://www.koreabaseball.com/Record/Player/PitcherDetail/Total.aspx?playerId=61268,first_team,pitching,2025
61268,양현,1992-08-23,2011,11두산,11 두산 10라운드 73순위,https://www.koreabaseball.com/Futures/Player/PitcherTotal.aspx?playerId=61268,futures,pitching,2025
61353,고종욱,1989-01-11,2011,11넥센,11 넥센 3라운드 19순위,https://www.koreabaseball.com/Record/Player/HitterDetail/Total.aspx?playerId=61353,first_team,hitting,2025
61353,고종욱,1989-01-11,2011,11넥센,11 넥센 3라운드 19순위,https://www.koreabaseball.com/Futures/Player/HitterTotal.aspx?playerId=61353,futures,hitting,2025
61365,김대우,1988-11-21,2011,11넥센,11 넥센 9라운드 67순위,https://www.koreabaseball.com/Record/Player/PitcherDetail/Total.aspx?playerId=61365,first_team,pitching,2025
61365,김대우,1988-11-21,2011,11넥센,11 넥센 9라운드 67순위,https://www.koreabaseball.com/Futures/Player/PitcherTotal.aspx?playerId=61365,futures,pitching,2025
61404,김헌곤,1988-11-09,2011,11삼성,11 삼성 5라운드 36순위,https://www.koreabaseball.com/Record/Player/HitterDetail/Total.aspx?playerId=61404,first_team,hitting,2025
61404,김헌곤,1988-11-09,2011,11삼성,11 삼성 5라운드 36순위,https://www.koreabaseball.com/Futures/Player/HitterTotal.aspx?playerId=61404,futures,hitting,2025
61411,심창민,1993-02-01,2011,11삼성,11 삼성 1라운드 4순위,https://www.koreabaseball.com/Record/Player/PitcherDetail/Total.aspx?playerId=61411,first_team,pitching,2025
61411,심창민,1993-02-01,2011,11삼성,11 삼성 1라운드 4순위,https://www.koreabaseball.com/Futures/Player/PitcherTotal.aspx?playerId=61411,futures,pitching,2025
61643,홍건희,1992-09-29,2011,11KIA,11 KIA 2라운드 9순위,https://www.koreabaseball.com/Record/Player/PitcherDetail/Total.aspx?playerId=61643,first_team,pitching,2025
61643,홍건희,1992-09-29,2011,11KIA,11 KIA 2라운드 9순위,https://www.koreabaseball.com/Futures/Player/PitcherTotal.aspx?playerId=61643,futures,pitching,2025
61666,한승혁,1993-01-03,2011,11KIA,11 KIA 1라운드 8순위,https://www.koreabaseball.com/Record/Player/PitcherDetail/Total.aspx?playerId=61666,first_team,pitching,2025
61666,한승혁,1993-01-03,2011,11KIA,11 KIA 1라운드 8순위,https://www.koreabaseball.com/Futures/Player/PitcherTotal.aspx?playerId=61666,futures,pitching,2025
61895,서진용,1992-10-02,2011,13상무,11 SK 1라운드 7순위,https://www.koreabaseball.com/Record/Player/PitcherDetail/Total.aspx?playerId=61895,first_team,pitching,2025
61895,서진용,1992-10-02,2011,13상무,11 SK 1라운드 7순위,https://www.koreabaseball.com/Futures/Player/PitcherTotal.aspx?playerId=61895,futures,pitching,2025
62146,최성훈,1989-10-11,2012,12LG,12 LG 2라운드 16순위,https://www.koreabaseball.com/Record/Player/PitcherDetail/Total.aspx?playerId=62146,first_team,pitching,2025
62146,최성훈,1989-10-11,2012,12LG,12 LG 2라운드 16순위,https://www.koreabaseball.com/Futures/Player/PitcherTotal.aspx?playerId=62146,futures,pitching,2025
62234,류지혁,1994-01-13,2012,12두산,12 두산 4라운드 36순위,https://www.koreabaseball.com/Record/Player/HitterDetail/Total.aspx?playerId=62234,first_team,hitting,2025
62234,류지혁,1994-01-13,2012,12두산,12 두산 4라운드 36순위,https://www.koreabaseball.com/Futures/Player/HitterTotal.aspx?playerId=62234,futures,hitting,2025
62244,박세혁,1990-01-09,2012,12두산,12 두산 5라운드 47순위,https://www.koreabaseball.com/Record/Player/HitterDetail/Total.aspx?playerId=62244,first_team,hitting,2025
62244,박세혁,1990-01-09,2012,12두산,12 두산 5라운드 47순위,https://www.koreabaseball.com/Futures/Player/HitterTotal.aspx?playerId=62244,futures,hitting,2025
62332,김재현,1993-03-18,2012,12넥센,12 넥센 8라운드 76순위,https://www.koreabaseball.com/Record/Player/HitterDetail/Total.aspx?playerId=62332,first_team,hitting,2025
62332,김재현,1993-03-18,2012,12넥센,12 넥센 8라운드 76순위,https://www.koreabaseball.com/Futures/Player/HitterTotal.aspx?playerId=62332,futures,hitting,2025
62360,김태훈,1992-03-02,2012,12넥센,12 넥센 9라운드 79순위,https://www.koreabaseball.com/Record/Player/PitcherDetail/Total.aspx?playerId=62360,first_team,pitching,2025
62360,김태훈,1992-03-02,2012,12넥센,12 넥센 9라운드 79순위,https://www.koreabaseball.com/Futures/Player/PitcherTotal.aspx?playerId=62360,futures,pitching,2025
62363,한현희,1993-06-25,2012,12넥센,12 넥센 1라운드 2순위,https://www.koreabaseball.com/Record/Player/PitcherDetail/Total.aspx?playerId=62363,first_team,pitching,2025
62363,한현희,1993-06-25,2012,12넥센,12 넥센 1라운드 2순위,https://www.koreabaseball.com/Futures/Player/PitcherTotal.aspx?playerId=62363,futures,pitching,2025
62404,구자욱,1993-02-12,2012,12삼성,12 삼성 2라운드 12순위,https://www.koreabaseball.com/Record/Player/HitterDetail/Total.aspx?playerId=62404,first_team,hitting,2025
62404,구자욱,1993-02-12,2012,12삼성,12 삼성 2라운드 12순위,https://www.koreabaseball.com/Futures/Player/HitterTotal.aspx?playerId=62404,futures,hitting,2025
62415,박해민,1990-02-24,2012,12삼성,12 삼성 육성선수,https://www.koreabaseball.com/Record/Player/HitterDetail/Total.aspx?playerId=62415,first_team,hitting,2025
62415,박해민,1990-02-24,2012,12삼성,12 삼성 육성선수,https://www.koreabaseball.com/Futures/Player/HitterTotal.aspx?playerId=62415,futures,hitting,2025
62528,김원중,1993-06-14,2012,12롯데,12 롯데 1라운드 5순위,https://www.koreabaseball.com/Record/Player/PitcherDetail/Total.aspx?playerId=62528,first_team,pitching,2025
62528,김원중,1993-06-14,2012,12롯데,12 롯데 1라운드 5순위,https://www.koreabaseball.com/Futures/Player/PitcherTotal.aspx?playerId=62528,futures,pitching,2025
62558,김준태,1994-07-31,2012,13롯데,12 롯데 육성선수,https://www.koreabaseball.com/Record/Player/HitterDetail/Total.aspx?playerId=62558,first_team,hitting,2025
62558,김준태,1994-07-31,2012,13롯데,12 롯데 육성선수,https://www.koreabaseball.com/Futures/Player/HitterTotal.aspx?playerId=62558,futures,hitting,2025
62700,하주석,1994-02-25,2012,12한화,12 한화 1라운드 1순위,https://www.koreabaseball.com/Record/Player/HitterDetail/Total.aspx?playerId=62700,first_team,hitting,2025
62700,하주석,1994-02-25,2012,12한화,12 한화 1라운드 1순위,https://www.koreabaseball.com/Futures/Player/HitterTotal.aspx?playerId=62700,futures,hitting,2025
62754,임기영,1993-04-16,2012,12한화,12 한화 2라운드 18순위,https://www.koreabaseball.com/Record/Player/PitcherDetail/Total.aspx?playerId=62754,first_team,pitching,2025
62754,임기영,1993-04-16,2012,12한화,12 한화 2라운드 18순위,https://www.koreabaseball.com/Futures/Player/PitcherTotal.aspx?playerId=62754,futures,pitching,2025
62802,박승욱,1992-12-04,2012,12SK,12 SK 3라운드 31순위,https://www.koreabaseball.com/Record/Player/HitterDetail/Total.aspx?playerId=62802,first_team,hitting,2025
62802,박승욱,1992-12-04,2012,12SK,12 SK 3라운드 31순위,https://www.koreabaseball.com/Futures/Player/HitterTotal.aspx?playerId=62802,futures,hitting,2025
62864,김민식,1989-06-28,2012,12SK,12 SK 2라운드 11순위,https://www.koreabaseball.com/Record/Player/HitterDetail/Total.aspx?playerId=62864,first_team,hitting,2025
62864,김민식,1989-06-28,2012,12SK,12 SK 2라운드 11순위,https://www.koreabaseball.com/Futures/Player/HitterTotal.aspx?playerId=62864,futures,hitting,2025
62869,문승원,1989-11-28,2012,12SK,12 SK 1라운드 8순위,https://www.koreabaseball.com/Record/Player/PitcherDetail/Total.aspx?playerId=62869,first_team,pitching,2025
62869,문승원,1989-11-28,2012,12SK,12 SK 1라운드 8순위,https://www.koreabaseball.com/Futures/Player/PitcherTotal.aspx?playerId=62869,futures,pitching,2025
62884,최항,1994-01-03,2012,17SK,12 SK 8라운드 70순위,https://www.koreabaseball.com/Record/Player/HitterDetail/Total.aspx?playerId=62884,first_team,hitting,2025
62884,최항,1994-01-03,2012,17SK,12 SK 8라운드 70순위,https://www.koreabaseball.com/Futures/Player/HitterTotal.aspx?playerId=62884,futures,hitting,2025
62895,한유섬,1989-08-09,2012,12SK,12 SK 9라운드 85순위,https://www.koreabaseball.com/Record/Player/HitterDetail/Total.aspx?playerId=62895,first_team,hitting,2025
62895,한유섬,1989-08-09,2012,12SK,12 SK 9라운드 85순위,https://www.koreabaseball.com/Futures/Player/HitterTotal.aspx?playerId=62895,futures,hitting,2025
62907,박민우,1993-02-06,2012,12NC,12 NC 1라운드 9순위,https://www.koreabaseball.com/Record/Player/HitterDetail/Total.aspx?playerId=62907,first_team,hitting,2025
62907,박민우,1993-02-06,2012,12NC,12 NC 1라운드 9순위,https://www.koreabaseball.com/Futures/Player/HitterTotal.aspx?playerId=62907,futures,hitting,2025
62931,노진혁,1989-07-15,2012,12NC,12 NC 특별 20순위,https://www.koreabaseball.com/Record/Player/HitterDetail/Total.aspx?playerId=62931,first_team,hitting,2025
62931,노진혁,1989-07-15,2012,12NC,12 NC 특별 20순위,https://www.koreabaseball.com/Futures/Player/HitterTotal.aspx?playerId=62931,futures,hitting,2025
62934,김성욱,1993-05-01,2012,12NC,12 NC 3라운드 32순위,https://www.koreabaseball.com/Record/Player/HitterDetail/Total.aspx?playerId=62934,first_team,hitting,2025
62934,김성욱,1993-05-01,2012,12NC,12 NC 3라운드 32순위,https://www.koreabaseball.com/Futures/Player/HitterTotal.aspx?playerId=62934,futures,hitting,2025
62947,나성범,1989-10-03,2012,12NC,12 NC 2라운드 10순위,https://www.koreabaseball.com/Record/Player/HitterDetail/Total.aspx?playerId=62947,first_team,hitting,2025
62947,나성범,1989-10-03,2012,12NC,12 NC 2라운드 10순위,https://www.koreabaseball.com/Futures/Player/HitterTotal.aspx?playerId=62947,futures,hitting,2025
62951,이형범,1994-02-27,2012,12NC,12 NC 특별 23순위,https://www.koreabaseball.com/Record/Player/PitcherDetail/Total.aspx?playerId=62951,first_team,pitching,2025
62951,이형범,1994-02-27,2012,12NC,12 NC 특별 23순위,https://www.koreabaseball.com/Futures/Player/PitcherTotal.aspx?playerId=62951,futures,pitching,2025
63123,강승호,1994-02-09,2013,13LG,13 LG 1라운드 3순위,https://www.koreabaseball.com/Record/Player/HitterDetail/Total.aspx?playerId=63123,first_team,hitting,2025
63123,강승호,1994-02-09,2013,13LG,13 LG 1라운드 3순위,https://www.koreabaseball.com/Futures/Player/HitterTotal.aspx?playerId=63123,futures,hitting,2025
63145,배재준,1994-11-24,2013,16LG,13 LG 2라운드 16순위,https://www.koreabaseball.com/Record/Player/PitcherDetail/Total.aspx?playerId=63145,first_team,pitching,2025
63145,배재준,1994-11-24,2013,16LG,13 LG 2라운드 16순위,https://www.koreabaseball.com/Futures/Player/PitcherTotal.aspx?playerId=63145,futures,pitching,2025
63202,장승현,1994-03-07,2013,13두산,13 두산 4라운드 36순위,https://www.koreabaseball.com/Record/Player/HitterDetail/Total.aspx?playerId=63202,first_team,hitting,2025
63202,장승현,1994-03-07,2013,13두산,13 두산 4라운드 36순위,https://www.koreabaseball.com/Futures/Player/HitterTotal.aspx?playerId=63202,futures,hitting,2025
63248,함덕주,1995-01-13,2013,13두산,13 두산 5라운드 43순위,https://www.koreabaseball.com/Record/Player/PitcherDetail/Total.aspx?playerId=63248,first_team,pitching,2025
63248,함덕주,1995-01-13,2013,13두산,13 두산 5라운드 43순위,https://www.koreabaseball.com/Futures/Player/PitcherTotal.aspx?playerId=63248,futures,pitching,2025
63257,김인태,1994-07-03,2013,13두산,13 두산 1라운드 4순위,https://www.koreabaseball.com/Record/Player/HitterDetail/Total.aspx?playerId=63257,first_team,hitting,2025
63257,김인태,1994-07-03,2013,13두산,13 두산 1라운드 4순위,https://www.koreabaseball.com/Futures/Player/HitterTotal.aspx?playerId=63257,futures,hitting,2025
63260,이우성,1994-07-17,2013,13두산,13 두산 2라운드 15순위,https://www.koreabaseball.com/Record/Player/HitterDetail/Total.aspx?playerId=63260,first_team,hitting,2025
63260,이우성,1994-07-17,2013,13두산,13 두산 2라운드 15순위,https://www.koreabaseball.com/Futures/Player/HitterTotal.aspx?playerId=63260,futures,hitting,2025
63342,조상우,1994-09-04,2013,13넥센,13 넥센 1라운드 1순위,https://www.koreabaseball.com/Record/Player/PitcherDetail/Total.aspx?playerId=63342,first_team,pitching,2025
63342,조상우,1994-09-04,2013,13넥센,13 넥센 1라운드 1순위,https://www.koreabaseball.com/Futures/Player/PitcherTotal.aspx?playerId=63342,futures,pitching,2025
63464,윤대경,1994-04-09,2013,13삼성,13 삼성 7라운드 65순위,https://www.koreabaseball.com/Record/Player/PitcherDetail/Total.aspx?playerId=63464,first_team,pitching,2025
63464,윤대경,1994-04-09,2013,13삼성,13 삼성 7라운드 65순위,https://www.koreabaseball.com/Futures/Player/PitcherTotal.aspx?playerId=63464,futures,pitching,2025
63492,이재익,1994-03-18,2013,20삼성,13 삼성 8라운드 68순위,https://www.koreabaseball.com/Record/Player/PitcherDetail/Total.aspx?playerId=63492,first_team,pitching,2025
63492,이재익,1994-03-18,2013,20삼성,13 삼성 8라운드 68순위,https://www.koreabaseball.com/Futures/Player/PitcherTotal.aspx?playerId=63492,futures,pitching,2025
63512,박진형,1994-06-10,2013,15롯데,13 롯데 2라운드 13순위,https://www.koreabaseball.com/Record/Player/PitcherDetail/Total.aspx?playerId=63512,first_team,pitching,2025
63512,박진형,1994-06-10,2013,15롯데,13 롯데 2라운드 13순위,https://www.koreabaseball.com/Futures/Player/PitcherTotal.aspx?playerId=63512,futures,pitching,2025
63543,구승민,1990-06-12,2013,14롯데,13 롯데 6라운드 52순위,https://www.koreabaseball.com/Record/Player/PitcherDetail/Total.aspx?playerId=63543,first_team,pitching,2025
63543,구승민,1990-06-12,2013,14롯데,13 롯데 6라운드 52순위,https://www.koreabaseball.com/Futures/Player/PitcherTotal.aspx?playerId=63543,futures,pitching,2025
63638,박준표,1992-06-26,2013,13KIA,13 KIA 7라운드 62순위,https://www.koreabaseball.com/Record/Player/PitcherDetail/Total.aspx?playerId=63638,first_team,pitching,2025
63638,박준표,1992-06-26,2013,13KIA,13 KIA 7라운드 62순위,https://www.koreabaseball.com/Futures/Player/PitcherTotal.aspx?playerId=63638,futures,pitching,2025
63722,한승택,1994-06-21,2013,13한화,13 한화 3라운드 23순위,https://www.koreabaseball.com/Record/Player/HitterDetail/Total.aspx?playerId=63722,first_team,hitting,2025
63722,한승택,1994-06-21,2013,13한화,13 한화 3라운드 23순위,https://www.koreabaseball.com/Futures/Player/HitterTotal.aspx?playerId=63722,futures,hitting,2025
63765,김종수,1994-06-03,2013,13한화,13 한화 8라운드 74순위,https://www.koreabaseball.com/Record/Player/PitcherDetail/Total.aspx?playerId=63765,first_team,pitching,2025
63765,김종수,1994-06-03,2013,13한화,13 한화 8라운드 74순위,https://www.koreabaseball.com/Futures/Player/PitcherTotal.aspx?playerId=63765,futures,pitching,2025
63894,김사윤,1994-06-08,2013,15SK,13 SK 3라운드 28순위,https://www.koreabaseball.com/Record/Player/PitcherDetail/Total.aspx?playerId=63894,first_team,pitching,2025
63894,김사윤,1994-06-08,2013,15SK,13 SK 3라운드 28순위,https://www.koreabaseball.com/Futures/Player/PitcherTotal.aspx?playerId=63894,futures,pitching,2025
63950,장현식,1995-02-24,2013,13NC,13 NC 1라운드 9순위,https://www.koreabaseball.com/Record/Player/PitcherDetail/Total.aspx?playerId=63950,first_team,pitching,2025
63950,장현식,1995-02-24,2013,13NC,13 NC 1라운드 9순위,https://www.koreabaseball.com/Futures/Player/PitcherTotal.aspx?playerId=63950,futures,pitching,2025
63959,임정호,1990-04-16,2013,13NC,13 NC 3라운드 30순위,https://www.koreabaseball.com/Record/Player/PitcherDetail/Total.aspx?playerId=63959,first_team,pitching,2025
63959,임정호,1990-04-16,2013,13NC,13 NC 3라운드 30순위,https://www.koreabaseball.com/Futures/Player/PitcherTotal.aspx?playerId=63959,futures,pitching,2025
63960,이상민,1990-11-04,2013,13NC,13 NC 7라운드 66순위,https://www.koreabaseball.com/Record/Player/PitcherDetail/Total.aspx?playerId=63960,first_team,pitching,2025
63960,이상민,1990-11-04,2013,13NC,13 NC 7라운드 66순위,https://www.koreabaseball.com/Futures/Player/PitcherTotal.aspx?playerId=63960,futures,pitching,2025
63963,권희동,1990-12-30,2013,13NC,13 NC 9라운드 84순위,https://www.koreabaseball.com/Record/Player/HitterDetail/Total.aspx?playerId=63963,first_team,hitting,2025
63963,권희동,1990-12-30,2013,13NC,13 NC 9라운드 84순위,https://www.koreabaseball.com/Futures/Player/HitterTotal.aspx?playerId=63963,futures,hitting,2025
64001,고영표,1991-09-16,2014,14KT,14 KT 2차 1라운드 10순위,https://www.koreabaseball.com/Record/Player/PitcherDetail/Total.aspx?playerId=64001,first_team,pitching,2025
64001,고영표,1991-09-16,2014,14KT,14 KT 2차 1라운드 10순위,https://www.koreabaseball.com/Futures/Player/PitcherTotal.aspx?playerId=64001,futures,pitching,2025
64004,김민혁,1995-11-21,2014,14KT,14 KT 2차 6라운드 56순위,https://www.koreabaseball.com/Record/Player/HitterDetail/Total.aspx?playerId=64004,first_team,hitting,2025
64004,김민혁,1995-11-21,2014,14KT,14 KT 2차 6라운드 56순위,https://www.koreabaseball.com/Futures/Player/HitterTotal.aspx?playerId=64004,futures,hitting,2025
64006,심우준,1995-04-28,2014,14KT,14 KT 2차 특별 14순위,https://www.koreabaseball.com/Record/Player/HitterDetail/Total.aspx?playerId=64006,first_team,hitting,2025
64006,심우준,1995-04-28,2014,14KT,14 KT 2차 특별 14순위,https://www.koreabaseball.com/Futures/Player/HitterTotal.aspx?playerId=64006,futures,hitting,2025
64007,문상철,1991-04-06,2014,14KT,14 KT 2차 특별 11순위,https://www.koreabaseball.com/Record/Player/HitterDetail/Total.aspx?playerId=64007,first_team,hitting,2025
64007,문상철,1991-04-06,2014,14KT,14 KT 2차 특별 11순위,https://www.koreabaseball.com/Futures/Player/HitterTotal.aspx?playerId=64007,futures,hitting,2025
64012,송민섭,1991-08-02,2014,15KT,14 KT 육성선수,https://www.koreabaseball.com/Record/Player/HitterDetail/Total.aspx?playerId=64012,first_team,hitting,2025
64012,송민섭,1991-08-02,2014,15KT,14 KT 육성선수,https://www.koreabaseball.com/Futures/Player/HitterTotal.aspx?playerId=64012,futures,hitting,2025
64017,심재민,1994-02-18,2014,14KT,14 KT 우선지명,https://www.koreabaseball.com/Record/Player/PitcherDetail/Total.aspx?playerId=64017,first_team,pitching,2025
64017,심재민,1994-02-18,2014,14KT,14 KT 우선지명,https://www.koreabaseball.com/Futures/Player/PitcherTotal.aspx?playerId=64017,futures,pitching,2025
64021,박세웅,1995-11-30,2014,14KT,14 KT 1차,https://www.koreabaseball.com/Record/Player/PitcherDetail/Total.aspx?playerId=64021,first_team,pitching,2025
64021,박세웅,1995-11-30,2014,14KT,14 KT 1차,https://www.koreabaseball.com/Futures/Player/PitcherTotal.aspx?playerId=64021,futures,pitching,2025
64022,안중열,1995-09-01,2014,14KT,14 KT 2차 특별 15순위,https://www.koreabaseball.com/Record/Player/HitterDetail/Total.aspx?playerId=64022,first_team,hitting,2025
64022,안중열,1995-09-01,2014,14KT,14 KT 2차 특별 15순위,https://www.koreabaseball.com/Futures/Player/HitterTotal.aspx?playerId=64022,futures,hitting,2025
64101,한석현,1994-05-17,2014,20LG,14 LG 2차 5라운드 48순위,https://www.koreabaseball.com/Record/Player/HitterDetail/Total.aspx?playerId=64101,first_team,hitting,2025
64101,한석현,1994-05-17,2014,20LG,14 LG 2차 5라운드 48순위,https://www.koreabaseball.com/Futures/Player/HitterTotal.aspx?playerId=64101,futures,hitting,2025
64115,장준원,1995-11-21,2014,14LG,14 LG 2차 2라운드 23순위,https://www.koreabaseball.com/Record/Player/HitterDetail/Total.aspx?playerId=64115,first_team,hitting,2025
64115,장준원,1995-11-21,2014,14LG,14 LG 2차 2라운드 23순위,https://www.koreabaseball.com/Futures/Player/HitterTotal.aspx?playerId=64115,futures,hitting,2025
64153,양석환,1991-07-15,2014,14LG,14 LG 2차 3라운드 28순위,https://www.koreabaseball.com/Record/Player/HitterDetail/Total.aspx?playerId=64153,first_team,hitting,2025
64153,양석환,1991-07-15,2014,14LG,14 LG 2차 3라운드 28순위,https://www.koreabaseball.com/Futures/Player/HitterTotal.aspx?playerId=64153,futures,hitting,2025
64166,배정대,1995-06-12,2014,14LG,14 LG 2차 1라운드 3순위,https://www.koreabaseball.com/Record/Player/HitterDetail/Total.aspx?playerId=64166,first_team,hitting,2025
64166,배정대,1995-06-12,2014,14LG,14 LG 2차 1라운드 3순위,https://www.koreabaseball.com/Futures/Player/HitterTotal.aspx?playerId=64166,futures,hitting,2025
64340,임지열,1995-08-22,2014,14넥센,14 넥센 2차 2라운드 22순위,https://www.koreabaseball.com/Record/Player/HitterDetail/Total.aspx?playerId=64340,first_team,hitting,2025
64340,임지열,1995-08-22,2014,14넥센,14 넥센 2차 2라운드 22순위,https://www.koreabaseball.com/Futures/Player/HitterTotal.aspx?playerId=64340,futures,hitting,2025
64346,임병욱,1995-09-30,2014,14넥센,14 넥센 1차,https://www.koreabaseball.com/Record/Player/HitterDetail/Total.aspx?playerId=64346,first_team,hitting,2025
64346,임병욱,1995-09-30,2014,14넥센,14 넥센 1차,https://www.koreabaseball.com/Futures/Player/HitterTotal.aspx?playerId=64346,futures,hitting,2025
64350,하영민,1995-05-07,2014,14넥센,14 넥센 2차 1라운드 4순위,https://www.koreabaseball.com/Record/Player/PitcherDetail/Total.aspx?playerId=64350,first_team,pitching,2025
64350,하영민,1995-05-07,2014,14넥센,14 넥센 2차 1라운드 4순위,https://www.koreabaseball.com/Futures/Player/PitcherTotal.aspx?playerId=64350,futures,pitching,2025
64468,박계범,1996-01-11,2014,14삼성,14 삼성 2차 2라운드 17순위,https://www.koreabaseball.com/Record/Player/HitterDetail/Total.aspx?playerId=64468,first_team,hitting,2025
64468,박계범,1996-01-11,2014,14삼성,14 삼성 2차 2라운드 17순위,https://www.koreabaseball.com/Futures/Player/HitterTotal.aspx?playerId=64468,futures,hitting,2025
64504,오윤석,1992-02-24,2014,15롯데,14 롯데 육성선수,https://www.koreabaseball.com/Record/Player/HitterDetail/Total.aspx?playerId=64504,first_team,hitting,2025
64504,오윤석,1992-02-24,2014,15롯데,14 롯데 육성선수,https://www.koreabaseball.com/Futures/Player/HitterTotal.aspx?playerId=64504,futures,hitting,2025
64560,이창진,1991-03-04,2014,14롯데,14 롯데 2차 6라운드 60순위,https://www.koreabaseball.com/Record/Player/HitterDetail/Total.aspx?playerId=64560,first_team,hitting,2025
64560,이창진,1991-03-04,2014,14롯데,14 롯데 2차 6라운드 60순위,https://www.koreabaseball.com/Futures/Player/HitterTotal.aspx?playerId=64560,futures,hitting,2025
64580,김재열,1996-01-02,2014,20KIA,14 롯데 2차 7라운드 71순위,https://www.koreabaseball.com/Record/Player/PitcherDetail/Total.aspx?playerId=64580,first_team,pitching,2025
64580,김재열,1996-01-02,2014,20KIA,14 롯데 2차 7라운드 71순위,https://www.koreabaseball.com/Futures/Player/PitcherTotal.aspx?playerId=64580,futures,pitching,2025
64596,김유영,1994-05-02,2014,14롯데,14 롯데 1차,https://www.koreabaseball.com/Record/Player/PitcherDetail/Total.aspx?playerId=64596,first_team,pitching,2025
64596,김유영,1994-05-02,2014,14롯데,14 롯데 1차,https://www.koreabaseball.com/Futures/Player/PitcherTotal.aspx?playerId=64596,futures,pitching,2025
64610,강한울,1991-09-12,2014,14KIA,14 KIA 2차 1라운드 5순위,https://www.koreabaseball.com/Record/Player/HitterDetail/Total.aspx?playerId=64610,first_team,hitting,2025
64610,강한울,1991-09-12,2014,14KIA,14 KIA 2차 1라운드 5순위,https://www.koreabaseball.com/Futures/Player/HitterTotal.aspx?playerId=64610,futures,hitting,2025
64646,박찬호,1995-06-05,2014,14KIA,14 KIA 2차 5라운드 50순위,https://www.koreabaseball.com/Record/Player/HitterDetail/Total.aspx?playerId=64646,first_team,hitting,2025
64646,박찬호,1995-06-05,2014,14KIA,14 KIA 2차 5라운드 50순위,https://www.koreabaseball.com/Futures/Player/HitterTotal.aspx?playerId=64646,futures,hitting,2025
64768,조이현,1995-06-27,2014,14한화,14 한화 2차 5라운드 47순위,https://www.koreabaseball.com/Record/Player/PitcherDetail/Total.aspx?playerId=64768,first_team,pitching,2025
64768,조이현,1995-06-27,2014,14한화,14 한화 2차 5라운드 47순위,https://www.koreabaseball.com/Futures/Player/PitcherTotal.aspx?playerId=64768,futures,pitching,2025
64793,김민수,1991-03-02,2014,14한화,14 한화 2차 2라운드 24순위,https://www.koreabaseball.com/Record/Player/HitterDetail/Total.aspx?playerId=64793,first_team,hitting,2025
64793,김민수,1991-03-02,2014,14한화,14 한화 2차 2라운드 24순위,https://www.koreabaseball.com/Futures/Player/HitterTotal.aspx?playerId=64793,futures,hitting,2025
64805,이승진,1995-01-07,2014,16상무,14 SK 2차 7라운드 73순위,https://www.koreabaseball.com/Record/Player/PitcherDetail/Total.aspx?playerId=64805,first_team,pitching,2025
64805,이승진,1995-01-07,2014,16상무,14 SK 2차 7라운드 73순위,https://www.koreabaseball.com/Futures/Player/PitcherTotal.aspx?playerId=64805,futures,pitching,2025
64861,이건욱,1995-02-13,2014,14SK,14 SK 1차,https://www.koreabaseball.com/Record/Player/PitcherDetail/Total.aspx?playerId=64861,first_team,pitching,2025
64861,이건욱,1995-02-13,2014,14SK,14 SK 1차,https://www.koreabaseball.com/Futures/Player/PitcherTotal.aspx?playerId=64861,futures,pitching,2025
64984,김태진,1995-10-07,2014,14NC,14 NC 2차 4라운드 45순위,https://www.koreabaseball.com/Record/Player/HitterDetail/Total.aspx?playerId=64984,first_team,hitting,2025
64984,김태진,1995-10-07,2014,14NC,14 NC 2차 4라운드 45순위,https://www.koreabaseball.com/Futures/Player/HitterTotal.aspx?playerId=64984,futures,hitting,2025
64995,배재환,1995-02-24,2014,14NC,14 NC 2차 1라운드 1순위,https://www.koreabaseball.com/Record/Player/PitcherDetail/Total.aspx?playerId=64995,first_team,pitching,2025
64995,배재환,1995-02-24,2014,14NC,14 NC 2차 1라운드 1순위,https://www.koreabaseball.com/Futures/Player/PitcherTotal.aspx?playerId=64995,futures,pitching,2025
65040,김태훈,1996-03-31,2015,15KT,15 KT 2차 5라운드 53순위,https://www.koreabaseball.com/Record/Player/HitterDetail/Total.aspx?playerId=65040,first_team,hitting,2025
65040,김태훈,1996-03-31,2015,15KT,15 KT 2차 5라운드 53순위,https://www.koreabaseball.com/Futures/Player/HitterTotal.aspx?playerId=65040,futures,hitting,2025
65048,김민수,1992-07-24,2015,15KT,15 KT 2차 특별 11순위,https://www.koreabaseball.com/Record/Player/PitcherDetail/Total.aspx?playerId=65048,first_team,pitching,2025
65048,김민수,1992-07-24,2015,15KT,15 KT 2차 특별 11순위,https://www.koreabaseball.com/Futures/Player/PitcherTotal.aspx?playerId=65048,futures,pitching,2025
65056,엄상백,1996-10-04,2015,15KT,15 KT 1차,https://www.koreabaseball.com/Record/Player/PitcherDetail/Total.aspx?playerId=65056,first_team,pitching,2025
65056,엄상백,1996-10-04,2015,15KT,15 KT 1차,https://www.koreabaseball.com/Futures/Player/PitcherTotal.aspx?playerId=65056,futures,pitching,2025
65060,주권,1995-05-31,2015,15KT,15 KT 우선지명,https://www.koreabaseball.com/Record/Player/PitcherDetail/Total.aspx?playerId=65060,first_team,pitching,2025
65060,주권,1995-05-31,2015,15KT,15 KT 우선지명,https://www.koreabaseball.com/Futures/Player/PitcherTotal.aspx?playerId=65060,futures,pitching,2025
65062,김재윤,1990-09-16,2009,09애리조나,15 KT 2차 특별 13순위,https://www.koreabaseball.com/Record/Player/PitcherDetail/Total.aspx?playerId=65062,first_team,pitching,2025
65062,김재윤,1990-09-16,2009,09애리조나,15 KT 2차 특별 13순위,https://www.koreabaseball.com/Futures/Player/PitcherTotal.aspx?playerId=65062,futures,pitching,2025
65109,백승현,1995-05-26,2015,17LG,15 LG 2차 3라운드 30순위,https://www.koreabaseball.com/Record/Player/PitcherDetail/Total.aspx?playerId=65109,first_team,pitching,2025
65109,백승현,1995-05-26,2015,17LG,15 LG 2차 3라운드 30순위,https://www.koreabaseball.com/Futures/Player/PitcherTotal.aspx?playerId=65109,futures,pitching,2025
65115,안익훈,1996-02-12,2015,15LG,15 LG 2차 1라운드 7순위,https://www.koreabaseball.com/Record/Player/HitterDetail/Total.aspx?playerId=65115,first_team,hitting,2025
65115,안익훈,1996-02-12,2015,15LG,15 LG 2차 1라운드 7순위,https://www.koreabaseball.com/Futures/Player/HitterTotal.aspx?playerId=65115,futures,hitting,2025
65117,이상규,1996-10-20,2015,19LG,15 LG 2차 7라운드 70순위,https://www.koreabaseball.com/Record/Player/PitcherDetail/Total.aspx?playerId=65117,first_team,pitching,2025
65117,이상규,1996-10-20,2015,19LG,15 LG 2차 7라운드 70순위,https://www.koreabaseball.com/Futures/Player/PitcherTotal.aspx?playerId=65117,futures,pitching,2025
65132,김재성,1996-10-30,2015,15LG,15 LG 1차,https://www.koreabaseball.com/Record/Player/HitterDetail/Total.aspx?playerId=65132,first_team,hitting,2025
65132,김재성,1996-10-30,2015,15LG,15 LG 1차,https://www.koreabaseball.com/Futures/Player/HitterTotal.aspx?playerId=65132,futures,hitting,2025
65207,신민재,1996-01-21,2015,19LG,15 두산 육성선수,https://www.koreabaseball.com/Record/Player/HitterDetail/Total.aspx?playerId=65207,first_team,hitting,2025
65207,신민재,1996-01-21,2015,19LG,15 두산 육성선수,https://www.koreabaseball.com/Futures/Player/HitterTotal.aspx?playerId=65207,futures,hitting,2025
65269,김민혁,1996-05-03,2015,17두산,15 두산 2차 2라운드 16순위,https://www.koreabaseball.com/Record/Player/HitterDetail/Total.aspx?playerId=65269,first_team,hitting,2025
65269,김민혁,1996-05-03,2015,17두산,15 두산 2차 2라운드 16순위,https://www.koreabaseball.com/Futures/Player/HitterTotal.aspx?playerId=65269,futures,hitting,2025
65320,최원태,1997-01-07,2015,15넥센,15 넥센 1차,https://www.koreabaseball.com/Record/Player/PitcherDetail/Total.aspx?playerId=65320,first_team,pitching,2025
65320,최원태,1997-01-07,2015,15넥센,15 넥센 1차,https://www.koreabaseball.com/Futures/Player/PitcherTotal.aspx?playerId=65320,futures,pitching,2025
65343,김택형,1996-10-10,2015,15넥센,15 넥센 2차 2라운드 18순위,https://www.koreabaseball.com/Record/Player/PitcherDetail/Total.aspx?playerId=65343,first_team,pitching,2025
65343,김택형,1996-10-10,2015,15넥센,15 넥센 2차 2라운드 18순위,https://www.koreabaseball.com/Futures/Player/PitcherTotal.aspx?playerId=65343,futures,pitching,2025
65357,송성문,1996-08-29,2015,15넥센,15 넥센 2차 5라운드 49순위,https://www.koreabaseball.com/Record/Player/HitterDetail/Total.aspx?playerId=65357,first_team,hitting,2025
65357,송성문,1996-08-29,2015,15넥센,15 넥센 2차 5라운드 49순위,https://www.koreabaseball.com/Futures/Player/HitterTotal.aspx?playerId=65357,futures,hitting,2025
65411,김주온,1996-12-08,2015,20SK,15 삼성 2차 7라운드 72순위,https://www.koreabaseball.com/Record/Player/PitcherDetail/Total.aspx?playerId=65411,first_team,pitching,2025
65411,김주온,1996-12-08,2015,20SK,15 삼성 2차 7라운드 72순위,https://www.koreabaseball.com/Futures/Player/PitcherTotal.aspx?playerId=65411,futures,pitching,2025
65464,최정용,1996-10-24,2015,15삼성,15 삼성 2차 2라운드 15순위,https://www.koreabaseball.com/Record/Player/HitterDetail/Total.aspx?playerId=65464,first_team,hitting,2025
65464,최정용,1996-10-24,2015,15삼성,15 삼성 2차 2라운드 15순위,https://www.koreabaseball.com/Futures/Player/HitterTotal.aspx?playerId=65464,futures,hitting,2025
65516,배제성,1996-09-29,2015,15롯데,15 롯데 2차 9라운드 88순위,https://www.koreabaseball.com/Record/Player/PitcherDetail/Total.aspx?playerId=65516,first_team,pitching,2025
65516,배제성,1996-09-29,2015,15롯데,15 롯데 2차 9라운드 88순위,https://www.koreabaseball.com/Futures/Player/PitcherTotal.aspx?playerId=65516,futures,pitching,2025
65522,김강현,1995-02-27,2015,16롯데,15 롯데 육성선수,https://www.koreabaseball.com/Record/Player/PitcherDetail/Total.aspx?playerId=65522,first_team,pitching,2025
65522,김강현,1995-02-27,2015,16롯데,15 롯데 육성선수,https://www.koreabaseball.com/Futures/Player/PitcherTotal.aspx?playerId=65522,futures,pitching,2025
65586,전병우,1992-10-24,2015,18롯데,15 롯데 2차 3라운드 28순위,https://www.koreabaseball.com/Record/Player/HitterDetail/Total.aspx?playerId=65586,first_team,hitting,2025
65586,전병우,1992-10-24,2015,18롯데,15 롯데 2차 3라운드 28순위,https://www.koreabaseball.com/Futures/Player/HitterTotal.aspx?playerId=65586,futures,hitting,2025
65610,황대인,1996-02-10,2015,15KIA,15 KIA 2차 1라운드 2순위,https://www.koreabaseball.com/Record/Player/HitterDetail/Total.aspx?playerId=65610,first_team,hitting,2025
65610,황대인,1996-02-10,2015,15KIA,15 KIA 2차 1라운드 2순위,https://www.koreabaseball.com/Futures/Player/HitterTotal.aspx?playerId=65610,futures,hitting,2025
65616,이민우,1993-02-09,2015,17KIA,15 KIA 1차,https://www.koreabaseball.com/Record/Player/PitcherDetail/Total.aspx?playerId=65616,first_team,pitching,2025
65616,이민우,1993-02-09,2015,17KIA,15 KIA 1차,https://www.koreabaseball.com/Futures/Player/PitcherTotal.aspx?playerId=65616,futures,pitching,2025
65639,박정수,1996-01-29,2015,15KIA,15 KIA 2차 7라운드 65순위,https://www.koreabaseball.com/Record/Player/PitcherDetail/Total.aspx?playerId=65639,first_team,pitching,2025
65639,박정수,1996-01-29,2015,15KIA,15 KIA 2차 7라운드 65순위,https://www.koreabaseball.com/Futures/Player/PitcherTotal.aspx?playerId=65639,futures,pitching,2025
65653,김호령,1992-04-30,2015,15KIA,15 KIA 2차 10라운드 102순위,https://www.koreabaseball.com/Record/Player/HitterDetail/Total.aspx?playerId=65653,first_team,hitting,2025
65653,김호령,1992-04-30,2015,15KIA,15 KIA 2차 10라운드 102순위,https://www.koreabaseball.com/Futures/Player/HitterTotal.aspx?playerId=65653,futures,hitting,2025
65665,이준영,1992-08-10,2015,15KIA,15 KIA 2차 4라운드 42순위,https://www.koreabaseball.com/Record/Player/PitcherDetail/Total.aspx?playerId=65665,first_team,pitching,2025
65665,이준영,1992-08-10,2015,15KIA,15 KIA 2차 4라운드 42순위,https://www.koreabaseball.com/Futures/Player/PitcherTotal.aspx?playerId=65665,futures,pitching,2025
65703,이도윤,1996-10-07,2015,15한화,15 한화 2차 3라운드 24순위,https://www.koreabaseball.com/Record/Player/HitterDetail/Total.aspx?playerId=65703,first_team,hitting,2025
65703,이도윤,1996-10-07,2015,15한화,15 한화 2차 3라운드 24순위,https://www.koreabaseball.com/Futures/Player/HitterTotal.aspx?playerId=65703,futures,hitting,2025
65707,주현상,1992-08-10,2015,15한화,15 한화 2차 7라운드 64순위,https://www.koreabaseball.com/Record/Player/PitcherDetail/Total.aspx?playerId=65707,first_team,pitching,2025
65707,주현상,1992-08-10,2015,15한화,15 한화 2차 7라운드 64순위,https://www.koreabaseball.com/Futures/Player/PitcherTotal.aspx?playerId=65707,futures,pitching,2025
65764,김민우,1995-07-25,2015,15한화,15 한화 2차 1라운드 1순위,https://www.koreabaseball.com/Record/Player/PitcherDetail/Total.aspx?playerId=65764,first_team,pitching,2025
65764,김민우,1995-07-25,2015,15한화,15 한화 2차 1라운드 1순위,https://www.koreabaseball.com/Futures/Player/PitcherTotal.aspx?playerId=65764,futures,pitching,2025
65769,김범수,1995-10-03,2015,15한화,15 한화 1차,https://www.koreabaseball.com/Record/Player/PitcherDetail/Total.aspx?playerId=65769,first_team,pitching,2025
65769,김범수,1995-10-03,2015,15한화,15 한화 1차,https://www.koreabaseball.com/Futures/Player/PitcherTotal.aspx?playerId=65769,futures,pitching,2025
65898,김웅빈,1996-02-09,2015,16넥센,15 SK 2차 3라운드 27순위,https://www.koreabaseball.com/Record/Player/HitterDetail/Total.aspx?playerId=65898,first_team,hitting,2025
65898,김웅빈,1996-02-09,2015,16넥센,15 SK 2차 3라운드 27순위,https://www.koreabaseball.com/Futures/Player/HitterTotal.aspx?playerId=65898,futures,hitting,2025
65905,최승민,1996-07-01,2015,17상무,15 NC 육성선수,https://www.koreabaseball.com/Record/Player/HitterDetail/Total.aspx?playerId=65905,first_team,hitting,2025
65905,최승민,1996-07-01,2015,17상무,15 NC 육성선수,https://www.koreabaseball.com/Futures/Player/HitterTotal.aspx?playerId=65905,futures,hitting,2025
65933,구창모,1997-02-17,2015,15NC,15 NC 2차 1라운드 3순위,https://www.koreabaseball.com/Record/Player/PitcherDetail/Total.aspx?playerId=65933,first_team,pitching,2025
65933,구창모,1997-02-17,2015,15NC,15 NC 2차 1라운드 3순위,https://www.koreabaseball.com/Futures/Player/PitcherTotal.aspx?playerId=65933,futures,pitching,2025
65949,류진욱,1996-10-10,2015,15NC,15 NC 2차 2라운드 21순위,https://www.koreabaseball.com/Record/Player/PitcherDetail/Total.aspx?playerId=65949,first_team,pitching,2025
65949,류진욱,1996-10-10,2015,15NC,15 NC 2차 2라운드 21순위,https://www.koreabaseball.com/Futures/Player/PitcherTotal.aspx?playerId=65949,futures,pitching,2025
66018,김선기,1991-09-01,2009,09시애틀,18 넥센 2차 1라운드 8순위,https://www.koreabaseball.com/Record/Player/PitcherDetail/Total.aspx?playerId=66018,first_team,pitching,2025
66018,김선기,1991-09-01,2009,09시애틀,18 넥센 2차 1라운드 8순위,https://www.koreabaseball.com/Futures/Player/PitcherTotal.aspx?playerId=66018,futures,pitching,2025
66047,박세진,1997-06-27,2016,16KT,16 KT 1차,https://www.koreabaseball.com/Record/Player/PitcherDetail/Total.aspx?playerId=66047,first_team,pitching,2025
66047,박세진,1997-06-27,2016,16KT,16 KT 1차,https://www.koreabaseball.com/Futures/Player/PitcherTotal.aspx?playerId=66047,futures,pitching,2025
66068,서의태,1997-09-05,2016,16KT,16 KT 2차 3라운드 21순위,https://www.koreabaseball.com/Record/Player/PitcherDetail/Total.aspx?playerId=66068,first_team,pitching,2025
66068,서의태,1997-09-05,2016,16KT,16 KT 2차 3라운드 21순위,https://www.koreabaseball.com/Futures/Player/PitcherTotal.aspx?playerId=66068,futures,pitching,2025
66108,홍창기,1993-11-21,2016,16LG,16 LG 2차 3라운드 27순위,https://www.koreabaseball.com/Record/Player/HitterDetail/Total.aspx?playerId=66108,first_team,hitting,2025
66108,홍창기,1993-11-21,2016,16LG,16 LG 2차 3라운드 27순위,https://www.koreabaseball.com/Futures/Player/HitterTotal.aspx?playerId=66108,futures,hitting,2025
66112,김기연,1997-09-07,2016,17LG,16 LG 2차 4라운드 34순위,https://www.koreabaseball.com/Record/Player/HitterDetail/Total.aspx?playerId=66112,first_team,hitting,2025
66112,김기연,1997-09-07,2016,17LG,16 LG 2차 4라운드 34순위,https://www.koreabaseball.com/Futures/Player/HitterTotal.aspx?playerId=66112,futures,hitting,2025
66145,김대현,1997-03-08,2016,16LG,16 LG 1차,https://www.koreabaseball.com/Record/Player/PitcherDetail/Total.aspx?playerId=66145,first_team,pitching,2025
66145,김대현,1997-03-08,2016,16LG,16 LG 1차,https://www.koreabaseball.com/Futures/Player/PitcherTotal.aspx?playerId=66145,futures,pitching,2025
66162,김주성,1998-01-30,2016,16LG,16 LG 2차 2라운드 14순위,https://www.koreabaseball.com/Record/Player/HitterDetail/Total.aspx?playerId=66162,first_team,hitting,2025
66162,김주성,1998-01-30,2016,16LG,16 LG 2차 2라운드 14순위,https://www.koreabaseball.com/Futures/Player/HitterTotal.aspx?playerId=66162,futures,hitting,2025
66209,조수행,1993-08-30,2016,16두산,16 두산 2차 1라운드 5순위,https://www.koreabaseball.com/Record/Player/HitterDetail/Total.aspx?playerId=66209,first_team,hitting,2025
66209,조수행,1993-08-30,2016,16두산,16 두산 2차 1라운드 5순위,https://www.koreabaseball.com/Futures/Player/HitterTotal.aspx?playerId=66209,futures,hitting,2025
66233,홍성호,1997-07-15,2016,16두산,16 두산 2차 4라운드 36순위,https://www.koreabaseball.com/Record/Player/HitterDetail/Total.aspx?playerId=66233,first_team,hitting,2025
66233,홍성호,1997-07-15,2016,16두산,16 두산 2차 4라운드 36순위,https://www.koreabaseball.com/Futures/Player/HitterTotal.aspx?playerId=66233,futures,hitting,2025
66291,이영하,1997-11-01,2016,17두산,16 두산 1차,https://www.koreabaseball.com/Record/Player/PitcherDetail/Total.aspx?playerId=66291,first_team,pitching,2025
66291,이영하,1997-11-01,2016,17두산,16 두산 1차,https://www.koreabaseball.com/Futures/Player/PitcherTotal.aspx?playerId=66291,futures,pitching,2025
66354,주효상,1997-11-11,2016,16넥센,16 넥센 1차,https://www.koreabaseball.com/Record/Player/HitterDetail/Total.aspx?playerId=66354,first_team,hitting,2025
66354,주효상,1997-11-11,2016,16넥센,16 넥센 1차,https://www.koreabaseball.com/Futures/Player/HitterTotal.aspx?playerId=66354,futures,hitting,2025
66406,안주형,1993-08-14,2016,17삼성,16 삼성 육성선수,https://www.koreabaseball.com/Record/Player/HitterDetail/Total.aspx?playerId=66406,first_team,hitting,2025
66406,안주형,1993-08-14,2016,17삼성,16 삼성 육성선수,https://www.koreabaseball.com/Futures/Player/HitterTotal.aspx?playerId=66406,futures,hitting,2025
66409,이성규,1993-08-03,2016,16삼성,16 삼성 2차 4라운드 31순위,https://www.koreabaseball.com/Record/Player/HitterDetail/Total.aspx?playerId=66409,first_team,hitting,2025
66409,이성규,1993-08-03,2016,16삼성,16 삼성 2차 4라운드 31순위,https://www.koreabaseball.com/Futures/Player/HitterTotal.aspx?playerId=66409,futures,hitting,2025
66451,최충연,1997-03-05,2016,16삼성,16 삼성 1차,https://www.koreabaseball.com/Record/Player/PitcherDetail/Total.aspx?playerId=66451,first_team,pitching,2025
66451,최충연,1997-03-05,2016,16삼성,16 삼성 1차,https://www.koreabaseball.com/Futures/Player/PitcherTotal.aspx?playerId=66451,futures,pitching,2025
66492,김승현,1992-07-09,2016,16삼성,16 삼성 2차 1라운드 10순위,https://www.koreabaseball.com/Record/Player/PitcherDetail/Total.aspx?playerId=66492,first_team,pitching,2025
66492,김승현,1992-07-09,2016,16삼성,16 삼성 2차 1라운드 10순위,https://www.koreabaseball.com/Futures/Player/PitcherTotal.aspx?playerId=66492,futures,pitching,2025
66606,최원준,1997-03-23,2016,16KIA,16 KIA 2차 1라운드 3순위,https://www.koreabaseball.com/Record/Player/HitterDetail/Total.aspx?playerId=66606,first_team,hitting,2025
66606,최원준,1997-03-23,2016,16KIA,16 KIA 2차 1라운드 3순위,https://www.koreabaseball.com/Futures/Player/HitterTotal.aspx?playerId=66606,futures,hitting,2025
66609,전상현,1996-04-18,2016,16KIA,16 KIA 2차 4라운드 38순위,https://www.koreabaseball.com/Record/Player/PitcherDetail/Total.aspx?playerId=66609,first_team,pitching,2025
66609,전상현,1996-04-18,2016,16KIA,16 KIA 2차 4라운드 38순위,https://www.koreabaseball.com/Futures/Player/PitcherTotal.aspx?playerId=66609,futures,pitching,2025
66614,김규성,1997-03-08,2016,17KIA,16 KIA 2차 7라운드 63순위,https://www.koreabaseball.com/Record/Player/HitterDetail/Total.aspx?playerId=66614,first_team,hitting,2025
66614,김규성,1997-03-08,2016,17KIA,16 KIA 2차 7라운드 63순위,https://www.koreabaseball.com/Futures/Player/HitterTotal.aspx?playerId=66614,futures,hitting,2025
66657,이진영,1997-07-21,2016,16KIA,16 KIA 2차 6라운드 58순위,https://www.koreabaseball.com/Record/Player/HitterDetail/Total.aspx?playerId=66657,first_team,hitting,2025
66657,이진영,1997-07-21,2016,16KIA,16 KIA 2차 6라운드 58순위,https://www.koreabaseball.com/Futures/Player/HitterTotal.aspx?playerId=66657,futures,hitting,2025
66662,신범수,1998-01-25,2016,16KIA,16 KIA 2차 8라운드 78순위,https://www.koreabaseball.com/Record/Player/HitterDetail/Total.aspx?playerId=66662,first_team,hitting,2025
66662,신범수,1998-01-25,2016,16KIA,16 KIA 2차 8라운드 78순위,https://www.koreabaseball.com/Futures/Player/HitterTotal.aspx?playerId=66662,futures,hitting,2025
66704,김태연,1997-06-10,2016,17한화,16 한화 2차 6라운드 59순위,https://www.koreabaseball.com/Record/Player/HitterDetail/Total.aspx?playerId=66704,first_team,hitting,2025
66704,김태연,1997-06-10,2016,17한화,16 한화 2차 6라운드 59순위,https://www.koreabaseball.com/Futures/Player/HitterTotal.aspx?playerId=66704,futures,hitting,2025
66706,장진혁,1993-09-30,2016,18한화,16 한화 2차 4라운드 39순위,https://www.koreabaseball.com/Record/Player/HitterDetail/Total.aspx?playerId=66706,first_team,hitting,2025
66706,장진혁,1993-09-30,2016,18한화,16 한화 2차 4라운드 39순위,https://www.koreabaseball.com/Futures/Player/HitterTotal.aspx?playerId=66706,futures,hitting,2025
66707,박상언,1997-03-03,2016,17한화,16 한화 2차 8라운드 79순위,https://www.koreabaseball.com/Record/Player/HitterDetail/Total.aspx?playerId=66707,first_team,hitting,2025
66707,박상언,1997-03-03,2016,17한화,16 한화 2차 8라운드 79순위,https://www.koreabaseball.com/Futures/Player/HitterTotal.aspx?playerId=66707,futures,hitting,2025
66715,김인환,1994-01-28,2016,18한화,16 한화 육성선수,https://www.koreabaseball.com/Record/Player/HitterDetail/Total.aspx?playerId=66715,first_team,hitting,2025
66715,김인환,1994-01-28,2016,18한화,16 한화 육성선수,https://www.koreabaseball.com/Futures/Player/HitterTotal.aspx?playerId=66715,futures,hitting,2025
66838,김동엽,1990-07-24,2009,09시카고컵스,16 SK 2차 9라운드 86순위,https://www.koreabaseball.com/Record/Player/HitterDetail/Total.aspx?playerId=66838,first_team,hitting,2025
66838,김동엽,1990-07-24,2009,09시카고컵스,16 SK 2차 9라운드 86순위,https://www.koreabaseball.com/Futures/Player/HitterTotal.aspx?playerId=66838,futures,hitting,2025
66858,정동윤,1997-10-22,2016,16SK,16 SK 1차,https://www.koreabaseball.com/Record/Player/PitcherDetail/Total.aspx?playerId=66858,first_team,pitching,2025
66858,정동윤,1997-10-22,2016,16SK,16 SK 1차,https://www.koreabaseball.com/Futures/Player/PitcherTotal.aspx?playerId=66858,futures,pitching,2025
66864,안상현,1997-01-27,2016,16SK,16 SK 2차 3라운드 26순위,https://www.koreabaseball.com/Record/Player/HitterDetail/Total.aspx?playerId=66864,first_team,hitting,2025
66864,안상현,1997-01-27,2016,16SK,16 SK 2차 3라운드 26순위,https://www.koreabaseball.com/Futures/Player/HitterTotal.aspx?playerId=66864,futures,hitting,2025
66917,김찬형,1997-12-29,2016,16NC,16 NC 2차 6라운드 53순위,https://www.koreabaseball.com/Record/Player/HitterDetail/Total.aspx?playerId=66917,first_team,hitting,2025
66917,김찬형,1997-12-29,2016,16NC,16 NC 2차 6라운드 53순위,https://www.koreabaseball.com/Futures/Player/HitterTotal.aspx?playerId=66917,futures,hitting,2025
66920,최성영,1997-04-28,2016,16NC,16 NC 2차 2라운드 13순위,https://www.koreabaseball.com/Record/Player/PitcherDetail/Total.aspx?playerId=66920,first_team,pitching,2025
66920,최성영,1997-04-28,2016,16NC,16 NC 2차 2라운드 13순위,https://www.koreabaseball.com/Futures/Player/PitcherTotal.aspx?playerId=66920,futures,pitching,2025
66928,박준영,1997-08-05,2016,16NC,16 NC 1차,https://www.koreabaseball.com/Record/Player/HitterDetail/Total.aspx?playerId=66928,first_team,hitting,2025
66928,박준영,1997-08-05,2016,16NC,16 NC 1차,https://www.koreabaseball.com/Futures/Player/HitterTotal.aspx?playerId=66928,futures,hitting,2025
66965,도태훈,1993-03-18,2016,16NC,16 NC 육성선수,https://www.koreabaseball.com/Record/Player/HitterDetail/Total.aspx?playerId=66965,first_team,hitting,2025
66965,도태훈,1993-03-18,2016,16NC,16 NC 육성선수,https://www.koreabaseball.com/Futures/Player/HitterTotal.aspx?playerId=66965,futures,hitting,2025
67005,홍현빈,1997-08-29,2017,17KT,17 KT 2차 3라운드 21순위,https://www.koreabaseball.com/Record/Player/HitterDetail/Total.aspx?playerId=67005,first_team,hitting,2025
67005,홍현빈,1997-08-29,2017,17KT,17 KT 2차 3라운드 21순위,https://www.koreabaseball.com/Futures/Player/HitterTotal.aspx?playerId=67005,futures,hitting,2025
67006,안치영,1998-05-29,2017,17KT,17 KT 2차 6라운드 51순위,https://www.koreabaseball.com/Record/Player/HitterDetail/Total.aspx?playerId=67006,first_team,hitting,2025
67006,안치영,1998-05-29,2017,17KT,17 KT 2차 6라운드 51순위,https://www.koreabaseball.com/Futures/Player/HitterTotal.aspx?playerId=67006,futures,hitting,2025
67048,이정현,1997-12-05,2017,17KT,17 KT 2차 1라운드 1순위,https://www.koreabaseball.com/Record/Player/PitcherDetail/Total.aspx?playerId=67048,first_team,pitching,2025
67048,이정현,1997-12-05,2017,17KT,17 KT 2차 1라운드 1순위,https://www.koreabaseball.com/Futures/Player/PitcherTotal.aspx?playerId=67048,futures,pitching,2025
67116,오석주,1998-04-14,2017,19LG,17 LG 2차 6라운드 52순위,https://www.koreabaseball.com/Record/Player/PitcherDetail/Total.aspx?playerId=67116,first_team,pitching,2025
67116,오석주,1998-04-14,2017,19LG,17 LG 2차 6라운드 52순위,https://www.koreabaseball.com/Futures/Player/PitcherTotal.aspx?playerId=67116,futures,pitching,2025
67143,손주영,1998-12-02,2017,17LG,17 LG 2차 1라운드 2순위,https://www.koreabaseball.com/Record/Player/PitcherDetail/Total.aspx?playerId=67143,first_team,pitching,2025
67143,손주영,1998-12-02,2017,17LG,17 LG 2차 1라운드 2순위,https://www.koreabaseball.com/Futures/Player/PitcherTotal.aspx?playerId=67143,futures,pitching,2025
67207,이유찬,1998-08-05,2017,17두산,17 두산 2차 5라운드 50순위,https://www.koreabaseball.com/Record/Player/HitterDetail/Total.aspx?playerId=67207,first_team,hitting,2025
67207,이유찬,1998-08-05,2017,17두산,17 두산 2차 5라운드 50순위,https://www.koreabaseball.com/Futures/Player/HitterTotal.aspx?playerId=67207,futures,hitting,2025
67246,김명신,1993-11-29,2017,17두산,17 두산 2차 2라운드 20순위,https://www.koreabaseball.com/Record/Player/PitcherDetail/Total.aspx?playerId=67246,first_team,pitching,2025
67246,김명신,1993-11-29,2017,17두산,17 두산 2차 2라운드 20순위,https://www.koreabaseball.com/Futures/Player/PitcherTotal.aspx?playerId=67246,futures,pitching,2025
67263,최원준,1994-12-21,2017,18두산,17 두산 1차,https://www.koreabaseball.com/Record/Player/PitcherDetail/Total.aspx?playerId=67263,first_team,pitching,2025
67263,최원준,1994-12-21,2017,18두산,17 두산 1차,https://www.koreabaseball.com/Futures/Player/PitcherTotal.aspx?playerId=67263,futures,pitching,2025
67266,박치국,1998-03-10,2017,17두산,17 두산 2차 1라운드 10순위,https://www.koreabaseball.com/Record/Player/PitcherDetail/Total.aspx?playerId=67266,first_team,pitching,2025
67266,박치국,1998-03-10,2017,17두산,17 두산 2차 1라운드 10순위,https://www.koreabaseball.com/Futures/Player/PitcherTotal.aspx?playerId=67266,futures,pitching,2025
67365,양지율,1998-12-16,2017,19키움,17 넥센 2차 2라운드 17순위,https://www.koreabaseball.com/Record/Player/PitcherDetail/Total.aspx?playerId=67365,first_team,pitching,2025
67365,양지율,1998-12-16,2017,19키움,17 넥센 2차 2라운드 17순위,https://www.koreabaseball.com/Futures/Player/PitcherTotal.aspx?playerId=67365,futures,pitching,2025
67419,문용익,1995-02-04,2017,19삼성,17 삼성 2차 6라운드 59순위,https://www.koreabaseball.com/Record/Player/PitcherDetail/Total.aspx?playerId=67419,first_team,pitching,2025
67419,문용익,1995-02-04,2017,19삼성,17 삼성 2차 6라운드 59순위,https://www.koreabaseball.com/Futures/Player/PitcherTotal.aspx?playerId=67419,futures,pitching,2025
67421,최지광,1998-03-13,2017,17삼성,17 삼성 2차 1라운드 9순위,https://www.koreabaseball.com/Record/Player/PitcherDetail/Total.aspx?playerId=67421,first_team,pitching,2025
67421,최지광,1998-03-13,2017,17삼성,17 삼성 2차 1라운드 9순위,https://www.koreabaseball.com/Futures/Player/PitcherTotal.aspx?playerId=67421,futures,pitching,2025
67449,김성윤,1999-02-02,2017,17삼성,17 삼성 2차 4라운드 39순위,https://www.koreabaseball.com/Record/Player/HitterDetail/Total.aspx?playerId=67449,first_team,hitting,2025
67449,김성윤,1999-02-02,2017,17삼성,17 삼성 2차 4라운드 39순위,https://www.koreabaseball.com/Futures/Player/HitterTotal.aspx?playerId=67449,futures,hitting,2025
67539,나균안,1998-03-16,2017,17롯데,17 롯데 2차 1라운드 3순위,https://www.koreabaseball.com/Record/Player/PitcherDetail/Total.aspx?playerId=67539,first_team,pitching,2025
67539,나균안,1998-03-16,2017,17롯데,17 롯데 2차 1라운드 3순위,https://www.koreabaseball.com/Futures/Player/PitcherTotal.aspx?playerId=67539,futures,pitching,2025
67588,윤성빈,1999-02-26,2017,17롯데,17 롯데 1차,https://www.koreabaseball.com/Record/Player/PitcherDetail/Total.aspx?playerId=67588,first_team,pitching,2025
67588,윤성빈,1999-02-26,2017,17롯데,17 롯데 1차,https://www.koreabaseball.com/Futures/Player/PitcherTotal.aspx?playerId=67588,futures,pitching,2025
67609,박정우,1998-02-01,2017,21KIA,17 KIA 2차 7라운드 64순위,https://www.koreabaseball.com/Record/Player/HitterDetail/Total.aspx?playerId=67609,first_team,hitting,2025
67609,박정우,1998-02-01,2017,21KIA,17 KIA 2차 7라운드 64순위,https://www.koreabaseball.com/Futures/Player/HitterTotal.aspx?playerId=67609,futures,hitting,2025
67610,김석환,1999-02-28,2017,17KIA,17 KIA 2차 3라운드 24순위,https://www.koreabaseball.com/Record/Player/HitterDetail/Total.aspx?playerId=67610,first_team,hitting,2025
67610,김석환,1999-02-28,2017,17KIA,17 KIA 2차 3라운드 24순위,https://www.koreabaseball.com/Futures/Player/HitterTotal.aspx?playerId=67610,futures,hitting,2025
67640,유승철,1998-03-02,2017,17KIA,17 KIA 1차,https://www.koreabaseball.com/Record/Player/PitcherDetail/Total.aspx?playerId=67640,first_team,pitching,2025
67640,유승철,1998-03-02,2017,17KIA,17 KIA 1차,https://www.koreabaseball.com/Futures/Player/PitcherTotal.aspx?playerId=67640,futures,pitching,2025
67644,이정훈,1994-12-07,2017,17KIA,17 KIA 2차 10라운드 94순위,https://www.koreabaseball.com/Record/Player/HitterDetail/Total.aspx?playerId=67644,first_team,hitting,2025
67644,이정훈,1994-12-07,2017,17KIA,17 KIA 2차 10라운드 94순위,https://www.koreabaseball.com/Futures/Player/HitterTotal.aspx?playerId=67644,futures,hitting,2025
67703,박상원,1994-09-09,2017,17한화,17 한화 2차 3라운드 25순위,https://www.koreabaseball.com/Record/Player/PitcherDetail/Total.aspx?playerId=67703,first_team,pitching,2025
67703,박상원,1994-09-09,2017,17한화,17 한화 2차 3라운드 25순위,https://www.koreabaseball.com/Futures/Player/PitcherTotal.aspx?playerId=67703,futures,pitching,2025
67807,이정범,1998-04-10,2017,21SSG,17 SK 2차 5라운드 46순위,https://www.koreabaseball.com/Record/Player/HitterDetail/Total.aspx?playerId=67807,first_team,hitting,2025
67807,이정범,1998-04-10,2017,21SSG,17 SK 2차 5라운드 46순위,https://www.koreabaseball.com/Futures/Player/HitterTotal.aspx?playerId=67807,futures,hitting,2025
67828,김성민,1994-04-26,2017,17SK,17 SK 2차 1라운드 6순위,https://www.koreabaseball.com/Record/Player/PitcherDetail/Total.aspx?playerId=67828,first_team,pitching,2025
67828,김성민,1994-04-26,2017,17SK,17 SK 2차 1라운드 6순위,https://www.koreabaseball.com/Futures/Player/PitcherTotal.aspx?playerId=67828,futures,pitching,2025
67893,박성한,1998-03-30,2017,17SK,17 SK 2차 2라운드 16순위,https://www.koreabaseball.com/Record/Player/HitterDetail/Total.aspx?playerId=67893,first_team,hitting,2025
67893,박성한,1998-03-30,2017,17SK,17 SK 2차 2라운드 16순위,https://www.koreabaseball.com/Futures/Player/HitterTotal.aspx?playerId=67893,futures,hitting,2025
67900,김수윤,1998-07-16,2017,17NC,17 NC 2차 7라운드 68순위,https://www.koreabaseball.com/Record/Player/HitterDetail/Total.aspx?playerId=67900,first_team,hitting,2025
67900,김수윤,1998-07-16,2017,17NC,17 NC 2차 7라운드 68순위,https://www.koreabaseball.com/Futures/Player/HitterTotal.aspx?playerId=67900,futures,hitting,2025
67905,천재환,1994-04-01,2017,22NC,17 NC 육성선수,https://www.koreabaseball.com/Record/Player/HitterDetail/Total.aspx?playerId=67905,first_team,hitting,2025
67905,천재환,1994-04-01,2017,22NC,17 NC 육성선수,https://www.koreabaseball.com/Futures/Player/HitterTotal.aspx?playerId=67905,futures,hitting,2025
67954,김진호,1998-06-07,2017,17NC,17 NC 2차 2라운드 18순위,https://www.koreabaseball.com/Record/Player/PitcherDetail/Total.aspx?playerId=67954,first_team,pitching,2025
67954,김진호,1998-06-07,2017,17NC,17 NC 2차 2라운드 18순위,https://www.koreabaseball.com/Futures/Player/PitcherTotal.aspx?playerId=67954,futures,pitching,2025
67956,김태현,1998-03-21,2017,17NC,17 NC 1차,https://www.koreabaseball.com/Record/Player/PitcherDetail/Total.aspx?playerId=67956,first_team,pitching,2025
67956,김태현,1998-03-21,2017,17NC,17 NC 1차,https://www.koreabaseball.com/Futures/Player/PitcherTotal.aspx?playerId=67956,futures,pitching,2025
67962,소이현,1999-02-09,2017,17NC,17 NC 2차 3라운드 28순위,https://www.koreabaseball.com/Record/Player/PitcherDetail/Total.aspx?playerId=67962,first_team,pitching,2025
67962,소이현,1999-02-09,2017,17NC,17 NC 2차 3라운드 28순위,https://www.koreabaseball.com/Futures/Player/PitcherTotal.aspx?playerId=67962,futures,pitching,2025
68043,김민,1999-04-14,2018,18KT,18 KT 1차,https://www.koreabaseball.com/Record/Player/PitcherDetail/Total.aspx?playerId=68043,first_team,pitching,2025
68043,김민,1999-04-14,2018,18KT,18 KT 1차,https://www.koreabaseball.com/Futures/Player/PitcherTotal.aspx?playerId=68043,futures,pitching,2025
68050,강백호,1999-07-29,2018,18KT,18 KT 2차 1라운드 1순위,https://www.koreabaseball.com/Record/Player/HitterDetail/Total.aspx?playerId=68050,first_team,hitting,2025
68050,강백호,1999-07-29,2018,18KT,18 KT 2차 1라운드 1순위,https://www.koreabaseball.com/Futures/Player/HitterTotal.aspx?playerId=68050,futures,hitting,2025
68067,신병률,1996-01-30,2018,18KT,18 KT 2차 6라운드 51순위,https://www.koreabaseball.com/Record/Player/PitcherDetail/Total.aspx?playerId=68067,first_team,pitching,2025
68067,신병률,1996-01-30,2018,18KT,18 KT 2차 6라운드 51순위,https://www.koreabaseball.com/Futures/Player/PitcherTotal.aspx?playerId=68067,futures,pitching,2025
68089,조대현,1999-08-06,2018,21KT,18 KT 2차 10라운드 91순위,https://www.koreabaseball.com/Record/Player/HitterDetail/Total.aspx?playerId=68089,first_team,hitting,2025
68089,조대현,1999-08-06,2018,21KT,18 KT 2차 10라운드 91순위,https://www.koreabaseball.com/Futures/Player/HitterTotal.aspx?playerId=68089,futures,hitting,2025
68092,한두솔,1997-01-15,2018,18KT,18 KT 육성선수,https://www.koreabaseball.com/Record/Player/PitcherDetail/Total.aspx?playerId=68092,first_team,pitching,2025
68092,한두솔,1997-01-15,2018,18KT,18 KT 육성선수,https://www.koreabaseball.com/Futures/Player/PitcherTotal.aspx?playerId=68092,futures,pitching,2025
68097,박주현,1999-08-03,2018,18KT,18 KT 2차 8라운드 71순위,https://www.koreabaseball.com/Record/Player/PitcherDetail/Total.aspx?playerId=68097,first_team,pitching,2025
68097,박주현,1999-08-03,2018,18KT,18 KT 2차 8라운드 71순위,https://www.koreabaseball.com/Futures/Player/PitcherTotal.aspx?playerId=68097,futures,pitching,2025
68110,송찬의,1999-02-20,2018,22LG,18 LG 2차 7라운드 67순위,https://www.koreabaseball.com/Record/Player/HitterDetail/Total.aspx?playerId=68110,first_team,hitting,2025
68110,송찬의,1999-02-20,2018,22LG,18 LG 2차 7라운드 67순위,https://www.koreabaseball.com/Futures/Player/HitterTotal.aspx?playerId=68110,futures,hitting,2025
68119,문성주,1997-02-20,2018,18LG,18 LG 2차 10라운드 97순위,https://www.koreabaseball.com/Record/Player/HitterDetail/Total.aspx?playerId=68119,first_team,hitting,2025
68119,문성주,1997-02-20,2018,18LG,18 LG 2차 10라운드 97순위,https://www.koreabaseball.com/Futures/Player/HitterTotal.aspx?playerId=68119,futures,hitting,2025
68130,김영준,1999-01-12,2018,18LG,18 LG 1차,https://www.koreabaseball.com/Record/Player/PitcherDetail/Total.aspx?playerId=68130,first_team,pitching,2025
68130,김영준,1999-01-12,2018,18LG,18 LG 1차,https://www.koreabaseball.com/Futures/Player/PitcherTotal.aspx?playerId=68130,futures,pitching,2025
68159,성동현,1999-05-18,2018,18LG,18 LG 2차 1라운드 7순위,https://www.koreabaseball.com/Record/Player/PitcherDetail/Total.aspx?playerId=68159,first_team,pitching,2025
68159,성동현,1999-05-18,2018,18LG,18 LG 2차 1라운드 7순위,https://www.koreabaseball.com/Futures/Player/PitcherTotal.aspx?playerId=68159,futures,pitching,2025
68200,김민규,1999-05-07,2018,18두산,18 두산 2차 3라운드 30순위,https://www.koreabaseball.com/Record/Player/PitcherDetail/Total.aspx?playerId=68200,first_team,pitching,2025
68200,김민규,1999-05-07,2018,18두산,18 두산 2차 3라운드 30순위,https://www.koreabaseball.com/Futures/Player/PitcherTotal.aspx?playerId=68200,futures,pitching,2025
68205,전민재,1999-06-30,2018,18두산,18 두산 2차 4라운드 40순위,https://www.koreabaseball.com/Record/Player/HitterDetail/Total.aspx?playerId=68205,first_team,hitting,2025
68205,전민재,1999-06-30,2018,18두산,18 두산 2차 4라운드 40순위,https://www.koreabaseball.com/Futures/Player/HitterTotal.aspx?playerId=68205,futures,hitting,2025
68220,곽빈,1999-05-28,2018,18두산,18 두산 1차,https://www.koreabaseball.com/Record/Player/PitcherDetail/Total.aspx?playerId=68220,first_team,pitching,2025
68220,곽빈,1999-05-28,2018,18두산,18 두산 1차,https://www.koreabaseball.com/Futures/Player/PitcherTotal.aspx?playerId=68220,futures,pitching,2025
68242,정철원,1999-03-27,2018,18두산,18 두산 2차 2라운드 20순위,https://www.koreabaseball.com/Record/Player/PitcherDetail/Total.aspx?playerId=68242,first_team,pitching,2025
68242,정철원,1999-03-27,2018,18두산,18 두산 2차 2라운드 20순위,https://www.koreabaseball.com/Futures/Player/PitcherTotal.aspx?playerId=68242,futures,pitching,2025
68249,박신지,1999-07-16,2018,18두산,18 두산 2차 1라운드 10순위,https://www.koreabaseball.com/Record/Player/PitcherDetail/Total.aspx?playerId=68249,first_team,pitching,2025
68249,박신지,1999-07-16,2018,18두산,18 두산 2차 1라운드 10순위,https://www.koreabaseball.com/Futures/Player/PitcherTotal.aspx?playerId=68249,futures,pitching,2025
68260,현도훈,1993-01-13,2018,18두산,18 두산 육성선수,https://www.koreabaseball.com/Record/Player/PitcherDetail/Total.aspx?playerId=68260,first_team,pitching,2025
68260,현도훈,1993-01-13,2018,18두산,18 두산 육성선수,https://www.koreabaseball.com/Futures/Player/PitcherTotal.aspx?playerId=68260,futures,pitching,2025
68269,김호준,1998-05-17,2018,19두산,18 두산 육성선수,https://www.koreabaseball.com/Record/Player/PitcherDetail/Total.aspx?playerId=68269,first_team,pitching,2025
68269,김호준,1998-05-17,2018,19두산,18 두산 육성선수,https://www.koreabaseball.com/Futures/Player/PitcherTotal.aspx?playerId=68269,futures,pitching,2025
68305,변상권,1997-04-04,2018,20키움,18 넥센 육성선수,https://www.koreabaseball.com/Record/Player/HitterDetail/Total.aspx?playerId=68305,first_team,hitting,2025
68305,변상권,1997-04-04,2018,20키움,18 넥센 육성선수,https://www.koreabaseball.com/Futures/Player/HitterTotal.aspx?playerId=68305,futures,hitting,2025
68341,안우진,1999-08-30,2018,18넥센,18 넥센 1차,https://www.koreabaseball.com/Record/Player/PitcherDetail/Total.aspx?playerId=68341,first_team,pitching,2025
68341,안우진,1999-08-30,2018,18넥센,18 넥센 1차,https://www.koreabaseball.com/Futures/Player/PitcherTotal.aspx?playerId=68341,futures,pitching,2025
68362,추재현,1999-02-22,2018,18넥센,18 넥센 2차 3라운드 28순위,https://www.koreabaseball.com/Record/Player/HitterDetail/Total.aspx?playerId=68362,first_team,hitting,2025
68362,추재현,1999-02-22,2018,18넥센,18 넥센 2차 3라운드 28순위,https://www.koreabaseball.com/Futures/Player/HitterTotal.aspx?playerId=68362,futures,hitting,2025
68403,김무신,1999-12-08,2018,19삼성,18 삼성 2차 6라운드 52순위,https://www.koreabaseball.com/Record/Player/PitcherDetail/Total.aspx?playerId=68403,first_team,pitching,2025
68403,김무신,1999-12-08,2018,19삼성,18 삼성 2차 6라운드 52순위,https://www.koreabaseball.com/Futures/Player/PitcherTotal.aspx?playerId=68403,futures,pitching,2025
68407,공민규,1999-09-27,2018,19삼성,18 삼성 2차 8라운드 72순위,https://www.koreabaseball.com/Record/Player/HitterDetail/Total.aspx?playerId=68407,first_team,hitting,2025
68407,공민규,1999-09-27,2018,19삼성,18 삼성 2차 8라운드 72순위,https://www.koreabaseball.com/Futures/Player/HitterTotal.aspx?playerId=68407,futures,hitting,2025
68415,양창섭,1999-09-22,2018,18삼성,18 삼성 2차 1라운드 2순위,https://www.koreabaseball.com/Record/Player/PitcherDetail/Total.aspx?playerId=68415,first_team,pitching,2025
68415,양창섭,1999-09-22,2018,18삼성,18 삼성 2차 1라운드 2순위,https://www.koreabaseball.com/Futures/Player/PitcherTotal.aspx?playerId=68415,futures,pitching,2025
68419,최지명,1995-01-22,2018,18삼성,18 삼성 1차,https://www.koreabaseball.com/Record/Player/PitcherDetail/Total.aspx?playerId=68419,first_team,pitching,2025
68419,최지명,1995-01-22,2018,18삼성,18 삼성 1차,https://www.koreabaseball.com/Futures/Player/PitcherTotal.aspx?playerId=68419,futures,pitching,2025
68463,윤정빈,1999-06-24,2018,18삼성,18 삼성 2차 5라운드 42순위,https://www.koreabaseball.com/Record/Player/HitterDetail/Total.aspx?playerId=68463,first_team,hitting,2025
68463,윤정빈,1999-06-24,2018,18삼성,18 삼성 2차 5라운드 42순위,https://www.koreabaseball.com/Futures/Player/HitterTotal.aspx?playerId=68463,futures,hitting,2025
68501,최하늘,1999-03-26,2018,19롯데,18 롯데 2차 7라운드 63순위,https://www.koreabaseball.com/Record/Player/PitcherDetail/Total.aspx?playerId=68501,first_team,pitching,2025
68501,최하늘,1999-03-26,2018,19롯데,18 롯데 2차 7라운드 63순위,https://www.koreabaseball.com/Futures/Player/PitcherTotal.aspx?playerId=68501,futures,pitching,2025
68504,이호연,1995-06-03,2018,18롯데,18 롯데 2차 6라운드 53순위,https://www.koreabaseball.com/Record/Player/HitterDetail/Total.aspx?playerId=68504,first_team,hitting,2025
68504,이호연,1995-06-03,2018,18롯데,18 롯데 2차 6라운드 53순위,https://www.koreabaseball.com/Futures/Player/HitterTotal.aspx?playerId=68504,futures,hitting,2025
68507,장두성,1999-09-16,2018,21롯데,18 롯데 2차 10라운드 93순위,https://www.koreabaseball.com/Record/Player/HitterDetail/Total.aspx?playerId=68507,first_team,hitting,2025
68507,장두성,1999-09-16,2018,21롯데,18 롯데 2차 10라운드 93순위,https://www.koreabaseball.com/Futures/Player/HitterTotal.aspx?playerId=68507,futures,hitting,2025
68518,정보근,1999-08-31,2018,19롯데,18 롯데 2차 9라운드 83순위,https://www.koreabaseball.com/Record/Player/HitterDetail/Total.aspx?playerId=68518,first_team,hitting,2025
68518,정보근,1999-08-31,2018,19롯데,18 롯데 2차 9라운드 83순위,https://www.koreabaseball.com/Futures/Player/HitterTotal.aspx?playerId=68518,futures,hitting,2025
68556,정성종,1995-11-16,2018,18롯데,18 롯데 2차 2라운드 13순위,https://www.koreabaseball.com/Record/Player/PitcherDetail/Total.aspx?playerId=68556,first_team,pitching,2025
68556,정성종,1995-11-16,2018,18롯데,18 롯데 2차 2라운드 13순위,https://www.koreabaseball.com/Futures/Player/PitcherTotal.aspx?playerId=68556,futures,pitching,2025
68585,김도규,1998-07-11,2018,18롯데,18 롯데 2차 3라운드 23순위,https://www.koreabaseball.com/Record/Player/PitcherDetail/Total.aspx?playerId=68585,first_team,pitching,2025
68585,김도규,1998-07-11,2018,18롯데,18 롯데 2차 3라운드 23순위,https://www.koreabaseball.com/Futures/Player/PitcherTotal.aspx?playerId=68585,futures,pitching,2025
68619,윤중현,1995-04-25,2018,21KIA,18 KIA 2차 9라운드 86순위,https://www.koreabaseball.com/Record/Player/PitcherDetail/Total.aspx?playerId=68619,first_team,pitching,2025
68619,윤중현,1995-04-25,2018,21KIA,18 KIA 2차 9라운드 86순위,https://www.koreabaseball.com/Futures/Player/PitcherTotal.aspx?playerId=68619,futures,pitching,2025
68639,하준영,1999-09-06,2018,18KIA,18 KIA 2차 2라운드 16순위,https://www.koreabaseball.com/Record/Player/PitcherDetail/Total.aspx?playerId=68639,first_team,pitching,2025
68639,하준영,1999-09-06,2018,18KIA,18 KIA 2차 2라운드 16순위,https://www.koreabaseball.com/Futures/Player/PitcherTotal.aspx?playerId=68639,futures,pitching,2025
68646,한준수,1999-02-13,2018,18KIA,18 KIA 1차,https://www.koreabaseball.com/Record/Player/HitterDetail/Total.aspx?playerId=68646,first_team,hitting,2025
68646,한준수,1999-02-13,2018,18KIA,18 KIA 1차,https://www.koreabaseball.com/Futures/Player/HitterTotal.aspx?playerId=68646,futures,hitting,2025
68700,이원석,1999-03-31,2018,19한화,18 한화 2차 4라운드 34순위,https://www.koreabaseball.com/Record/Player/HitterDetail/Total.aspx?playerId=68700,first_team,hitting,2025
68700,이원석,1999-03-31,2018,19한화,18 한화 2차 4라운드 34순위,https://www.koreabaseball.com/Futures/Player/HitterTotal.aspx?playerId=68700,futures,hitting,2025
68830,김정우,1999-05-15,2018,18SK,18 SK 1차,https://www.koreabaseball.com/Record/Player/PitcherDetail/Total.aspx?playerId=68830,first_team,pitching,2025
68830,김정우,1999-05-15,2018,18SK,18 SK 1차,https://www.koreabaseball.com/Futures/Player/PitcherTotal.aspx?playerId=68830,futures,pitching,2025
68856,최민준,1999-06-11,2018,18SK,18 SK 2차 2라운드 15순위,https://www.koreabaseball.com/Record/Player/PitcherDetail/Total.aspx?playerId=68856,first_team,pitching,2025
68856,최민준,1999-06-11,2018,18SK,18 SK 2차 2라운드 15순위,https://www.koreabaseball.com/Futures/Player/PitcherTotal.aspx?playerId=68856,futures,pitching,2025
68868,최준우,1999-03-25,2018,18SK,18 SK 2차 4라운드 35순위,https://www.koreabaseball.com/Record/Player/HitterDetail/Total.aspx?playerId=68868,first_team,hitting,2025
68868,최준우,1999-03-25,2018,18SK,18 SK 2차 4라운드 35순위,https://www.koreabaseball.com/Futures/Player/HitterTotal.aspx?playerId=68868,futures,hitting,2025
68896,이채호,1998-11-23,2018,18SK,18 SK 2차 6라운드 55순위,https://www.koreabaseball.com/Record/Player/PitcherDetail/Total.aspx?playerId=68896,first_team,pitching,2025
68896,이채호,1998-11-23,2018,18SK,18 SK 2차 6라운드 55순위,https://www.koreabaseball.com/Futures/Player/PitcherTotal.aspx?playerId=68896,futures,pitching,2025
68900,김영규,2000-02-10,2018,18NC,18 NC 2차 8라운드 79순위,https://www.koreabaseball.com/Record/Player/PitcherDetail/Total.aspx?playerId=68900,first_team,pitching,2025
68900,김영규,2000-02-10,2018,18NC,18 NC 2차 8라운드 79순위,https://www.koreabaseball.com/Futures/Player/PitcherTotal.aspx?playerId=68900,futures,pitching,2025
68902,신민혁,1999-02-04,2018,20NC,18 NC 2차 5라운드 49순위,https://www.koreabaseball.com/Record/Player/PitcherDetail/Total.aspx?playerId=68902,first_team,pitching,2025
68902,신민혁,1999-02-04,2018,20NC,18 NC 2차 5라운드 49순위,https://www.koreabaseball.com/Futures/Player/PitcherTotal.aspx?playerId=68902,futures,pitching,2025
68904,오영수,2000-01-30,2018,18NC,18 NC 2차 2라운드 19순위,https://www.koreabaseball.com/Record/Player/HitterDetail/Total.aspx?playerId=68904,first_team,hitting,2025
68904,오영수,2000-01-30,2018,18NC,18 NC 2차 2라운드 19순위,https://www.koreabaseball.com/Futures/Player/HitterTotal.aspx?playerId=68904,futures,hitting,2025
68912,김형준,1999-11-02,2018,18NC,18 NC 2차 1라운드 9순위,https://www.koreabaseball.com/Record/Player/HitterDetail/Total.aspx?playerId=68912,first_team,hitting,2025
68912,김형준,1999-11-02,2018,18NC,18 NC 2차 1라운드 9순위,https://www.koreabaseball.com/Futures/Player/HitterTotal.aspx?playerId=68912,futures,hitting,2025
68928,김시훈,1999-02-24,2018,18NC,18 NC 1차,https://www.koreabaseball.com/Record/Player/PitcherDetail/Total.aspx?playerId=68928,first_team,pitching,2025
68928,김시훈,1999-02-24,2018,18NC,18 NC 1차,https://www.koreabaseball.com/Futures/Player/PitcherTotal.aspx?playerId=68928,futures,pitching,2025
69041,손동현,2001-01-23,2019,19KT,19 KT 2차 3라운드 21순위,https://www.koreabaseball.com/Record/Player/PitcherDetail/Total.aspx?playerId=69041,first_team,pitching,2025
69041,손동현,2001-01-23,2019,19KT,19 KT 2차 3라운드 21순위,https://www.koreabaseball.com/Futures/Player/PitcherTotal.aspx?playerId=69041,futures,pitching,2025
69045,알칸타라,1992-12-04,,19KT,19 KT 자유선발,https://www.koreabaseball.com/Record/Player/PitcherDetail/Total.aspx?playerId=69045,first_team,pitching,2025
69045,알칸타라,1992-12-04,,19KT,19 KT 자유선발,https://www.koreabaseball.com/Futures/Player/PitcherTotal.aspx?playerId=69045,futures,pitching,2025
69047,전용주,2000-02-12,2019,19KT,19 KT 1차,https://www.koreabaseball.com/Record/Player/PitcherDetail/Total.aspx?playerId=69047,first_team,pitching,2025
69047,전용주,2000-02-12,2019,19KT,19 KT 1차,https://www.koreabaseball.com/Futures/Player/PitcherTotal.aspx?playerId=69047,futures,pitching,2025
69054,이상동,1995-11-24,2019,19KT,19 KT 2차 4라운드 31순위,https://www.koreabaseball.com/Record/Player/PitcherDetail/Total.aspx?playerId=69054,first_team,pitching,2025
69054,이상동,1995-11-24,2019,19KT,19 KT 2차 4라운드 31순위,https://www.koreabaseball.com/Futures/Player/PitcherTotal.aspx?playerId=69054,futures,pitching,2025
69056,박민석,2000-04-13,2019,19KT,19 KT 2차 5라운드 41순위,https://www.koreabaseball.com/Record/Player/HitterDetail/Total.aspx?playerId=69056,first_team,hitting,2025
69056,박민석,2000-04-13,2019,19KT,19 KT 2차 5라운드 41순위,https://www.koreabaseball.com/Futures/Player/HitterTotal.aspx?playerId=69056,futures,hitting,2025
69064,강민성,1999-12-08,2019,23KT,19 KT 2차 6라운드 51순위,https://www.koreabaseball.com/Record/Player/HitterDetail/Total.aspx?playerId=69064,first_team,hitting,2025
69064,강민성,1999-12-08,2019,23KT,19 KT 2차 6라운드 51순위,https://www.koreabaseball.com/Futures/Player/HitterTotal.aspx?playerId=69064,futures,hitting,2025
69068,이선우,2000-09-19,2019,19KT,19 KT 2차 7라운드 61순위,https://www.koreabaseball.com/Record/Player/PitcherDetail/Total.aspx?playerId=69068,first_team,pitching,2025
69068,이선우,2000-09-19,2019,19KT,19 KT 2차 7라운드 61순위,https://www.koreabaseball.com/Futures/Player/PitcherTotal.aspx?playerId=69068,futures,pitching,2025
69100,구본혁,1997-01-11,2019,19LG,19 LG 2차 6라운드 55순위,https://www.koreabaseball.com/Record/Player/HitterDetail/Total.aspx?playerId=69100,first_team,hitting,2025
69100,구본혁,1997-01-11,2019,19LG,19 LG 2차 6라운드 55순위,https://www.koreabaseball.com/Futures/Player/HitterTotal.aspx?playerId=69100,futures,hitting,2025
69102,문보경,2000-07-19,2019,21LG,19 LG 2차 3라운드 25순위,https://www.koreabaseball.com/Record/Player/HitterDetail/Total.aspx?playerId=69102,first_team,hitting,2025
69102,문보경,2000-07-19,2019,21LG,19 LG 2차 3라운드 25순위,https://www.koreabaseball.com/Futures/Player/HitterTotal.aspx?playerId=69102,futures,hitting,2025
69105,김성진,2000-03-17,2019,20LG,19 LG 2차 7라운드 65순위,https://www.koreabaseball.com/Record/Player/HitterDetail/Total.aspx?playerId=69105,first_team,hitting,2025
69105,김성진,2000-03-17,2019,20LG,19 LG 2차 7라운드 65순위,https://www.koreabaseball.com/Futures/Player/HitterTotal.aspx?playerId=69105,futures,hitting,2025
69108,이지강,1999-07-02,2019,22LG,19 LG 2차 9라운드 85순위,https://www.koreabaseball.com/Record/Player/PitcherDetail/Total.aspx?playerId=69108,first_team,pitching,2025
69108,이지강,1999-07-02,2019,22LG,19 LG 2차 9라운드 85순위,https://www.koreabaseball.com/Futures/Player/PitcherTotal.aspx?playerId=69108,futures,pitching,2025
69113,임준형,2000-11-16,2019,21LG,19 LG 2차 8라운드 75순위,https://www.koreabaseball.com/Record/Player/PitcherDetail/Total.aspx?playerId=69113,first_team,pitching,2025
69113,임준형,2000-11-16,2019,21LG,19 LG 2차 8라운드 75순위,https://www.koreabaseball.com/Futures/Player/PitcherTotal.aspx?playerId=69113,futures,pitching,2025
69134,이정용,1996-03-26,2019,19LG,19 LG 1차,https://www.koreabaseball.com/Record/Player/PitcherDetail/Total.aspx?playerId=69134,first_team,pitching,2025
69134,이정용,1996-03-26,2019,19LG,19 LG 1차,https://www.koreabaseball.com/Futures/Player/PitcherTotal.aspx?playerId=69134,futures,pitching,2025
69159,정우영,1999-08-19,2019,19LG,19 LG 2차 2라운드 15순위,https://www.koreabaseball.com/Record/Player/PitcherDetail/Total.aspx?playerId=69159,first_team,pitching,2025
69159,정우영,1999-08-19,2019,19LG,19 LG 2차 2라운드 15순위,https://www.koreabaseball.com/Futures/Player/PitcherTotal.aspx?playerId=69159,futures,pitching,2025
69203,송승환,2000-10-28,2019,19두산,19 두산 2차 2라운드 19순위,https://www.koreabaseball.com/Record/Player/HitterDetail/Total.aspx?playerId=69203,first_team,hitting,2025
69203,송승환,2000-10-28,2019,19두산,19 두산 2차 2라운드 19순위,https://www.koreabaseball.com/Futures/Player/HitterTotal.aspx?playerId=69203,futures,hitting,2025
69204,전루건,2000-06-09,2019,19두산,19 두산 2차 1라운드 9순위,https://www.koreabaseball.com/Record/Player/PitcherDetail/Total.aspx?playerId=69204,first_team,pitching,2025
69204,전루건,2000-06-09,2019,19두산,19 두산 2차 1라운드 9순위,https://www.koreabaseball.com/Futures/Player/PitcherTotal.aspx?playerId=69204,futures,pitching,2025
69205,이교훈,2000-05-29,2019,19두산,19 두산 2차 3라운드 29순위,https://www.koreabaseball.com/Record/Player/PitcherDetail/Total.aspx?playerId=69205,first_team,pitching,2025
69205,이교훈,2000-05-29,2019,19두산,19 두산 2차 3라운드 29순위,https://www.koreabaseball.com/Futures/Player/PitcherTotal.aspx?playerId=69205,futures,pitching,2025
69207,김태근,1996-08-10,2019,19두산,19 두산 2차 5라운드 49순위,https://www.koreabaseball.com/Record/Player/HitterDetail/Total.aspx?playerId=69207,first_team,hitting,2025
69207,김태근,1996-08-10,2019,19두산,19 두산 2차 5라운드 49순위,https://www.koreabaseball.com/Futures/Player/HitterTotal.aspx?playerId=69207,futures,hitting,2025
69213,윤산흠,1999-05-15,2019,21한화,19 두산 육성선수,https://www.koreabaseball.com/Record/Player/PitcherDetail/Total.aspx?playerId=69213,first_team,pitching,2025
69213,윤산흠,1999-05-15,2019,21한화,19 두산 육성선수,https://www.koreabaseball.com/Futures/Player/PitcherTotal.aspx?playerId=69213,futures,pitching,2025
69238,김대한,2000-12-06,2019,19두산,19 두산 1차,https://www.koreabaseball.com/Record/Player/HitterDetail/Total.aspx?playerId=69238,first_team,hitting,2025
69238,김대한,2000-12-06,2019,19두산,19 두산 1차,https://www.koreabaseball.com/Futures/Player/HitterTotal.aspx?playerId=69238,futures,hitting,2025
69328,박주성,2000-11-09,2019,19키움,19 넥센 1차,https://www.koreabaseball.com/Record/Player/PitcherDetail/Total.aspx?playerId=69328,first_team,pitching,2025
69328,박주성,2000-11-09,2019,19키움,19 넥센 1차,https://www.koreabaseball.com/Futures/Player/PitcherTotal.aspx?playerId=69328,futures,pitching,2025
69332,주성원,2000-08-30,2019,19키움,19 넥센 2차 3라운드 24순위,https://www.koreabaseball.com/Record/Player/HitterDetail/Total.aspx?playerId=69332,first_team,hitting,2025
69332,주성원,2000-08-30,2019,19키움,19 넥센 2차 3라운드 24순위,https://www.koreabaseball.com/Futures/Player/HitterTotal.aspx?playerId=69332,futures,hitting,2025
69360,조영건,1999-02-04,2019,19키움,19 넥센 2차 2라운드 14순위,https://www.koreabaseball.com/Record/Player/PitcherDetail/Total.aspx?playerId=69360,first_team,pitching,2025
69360,조영건,1999-02-04,2019,19키움,19 넥센 2차 2라운드 14순위,https://www.koreabaseball.com/Futures/Player/PitcherTotal.aspx?playerId=69360,futures,pitching,2025
69367,김인범,2000-01-12,2019,21키움,19 넥센 2차 4라운드 34순위,https://www.koreabaseball.com/Record/Player/PitcherDetail/Total.aspx?playerId=69367,first_team,pitching,2025
69367,김인범,2000-01-12,2019,21키움,19 넥센 2차 4라운드 34순위,https://www.koreabaseball.com/Futures/Player/PitcherTotal.aspx?playerId=69367,futures,pitching,2025
69403,양우현,2000-04-13,2019,19삼성,19 삼성 2차 3라운드 22순위,https://www.koreabaseball.com/Record/Player/HitterDetail/Total.aspx?playerId=69403,first_team,hitting,2025
69403,양우현,2000-04-13,2019,19삼성,19 삼성 2차 3라운드 22순위,https://www.koreabaseball.com/Futures/Player/HitterTotal.aspx?playerId=69403,futures,hitting,2025
69416,이해승,2000-08-01,2019,22삼성,19 삼성 2차 8라운드 72순위,https://www.koreabaseball.com/Record/Player/HitterDetail/Total.aspx?playerId=69416,first_team,hitting,2025
69416,이해승,2000-08-01,2019,22삼성,19 삼성 2차 8라운드 72순위,https://www.koreabaseball.com/Futures/Player/HitterTotal.aspx?playerId=69416,futures,hitting,2025
69418,박승규,2000-09-02,2019,19삼성,19 삼성 2차 9라운드 82순위,https://www.koreabaseball.com/Record/Player/HitterDetail/Total.aspx?playerId=69418,first_team,hitting,2025
69418,박승규,2000-09-02,2019,19삼성,19 삼성 2차 9라운드 82순위,https://www.koreabaseball.com/Futures/Player/HitterTotal.aspx?playerId=69418,futures,hitting,2025
69428,이병헌,1999-10-26,2019,19삼성,19 삼성 2차 4라운드 32순위,https://www.koreabaseball.com/Record/Player/HitterDetail/Total.aspx?playerId=69428,first_team,hitting,2025
69428,이병헌,1999-10-26,2019,19삼성,19 삼성 2차 4라운드 32순위,https://www.koreabaseball.com/Futures/Player/HitterTotal.aspx?playerId=69428,futures,hitting,2025
69442,김도환,2000-04-14,2019,19삼성,19 삼성 2차 2라운드 12순위,https://www.koreabaseball.com/Record/Player/HitterDetail/Total.aspx?playerId=69442,first_team,hitting,2025
69442,김도환,2000-04-14,2019,19삼성,19 삼성 2차 2라운드 12순위,https://www.koreabaseball.com/Futures/Player/HitterTotal.aspx?playerId=69442,futures,hitting,2025
69446,원태인,2000-04-06,2019,19삼성,19 삼성 1차,https://www.koreabaseball.com/Record/Player/PitcherDetail/Total.aspx?playerId=69446,first_team,pitching,2025
69446,원태인,2000-04-06,2019,19삼성,19 삼성 1차,https://www.koreabaseball.com/Futures/Player/PitcherTotal.aspx?playerId=69446,futures,pitching,2025
69508,신윤후,1996-01-05,2019,19롯데,19 롯데 2차 10라운드 98순위,https://www.koreabaseball.com/Record/Player/HitterDetail/Total.aspx?playerId=69508,first_team,hitting,2025
69508,신윤후,1996-01-05,2019,19롯데,19 롯데 2차 10라운드 98순위,https://www.koreabaseball.com/Futures/Player/HitterTotal.aspx?playerId=69508,futures,hitting,2025
69516,김현수,2000-07-10,2019,19롯데,19 롯데 2차 3라운드 28순위,https://www.koreabaseball.com/Record/Player/PitcherDetail/Total.aspx?playerId=69516,first_team,pitching,2025
69516,김현수,2000-07-10,2019,19롯데,19 롯데 2차 3라운드 28순위,https://www.koreabaseball.com/Futures/Player/PitcherTotal.aspx?playerId=69516,futures,pitching,2025
69517,고승민,2000-08-11,2019,19롯데,19 롯데 2차 1라운드 8순위,https://www.koreabaseball.com/Record/Player/HitterDetail/Total.aspx?playerId=69517,first_team,hitting,2025
69517,고승민,2000-08-11,2019,19롯데,19 롯데 2차 1라운드 8순위,https://www.koreabaseball.com/Futures/Player/HitterTotal.aspx?playerId=69517,futures,hitting,2025
69594,박진,1999-04-02,2019,19롯데,19 롯데 2차 4라운드 38순위,https://www.koreabaseball.com/Record/Player/PitcherDetail/Total.aspx?playerId=69594,first_team,pitching,2025
69594,박진,1999-04-02,2019,19롯데,19 롯데 2차 4라운드 38순위,https://www.koreabaseball.com/Futures/Player/PitcherTotal.aspx?playerId=69594,futures,pitching,2025
69620,김기훈,2000-01-03,2019,19KIA,19 KIA 1차,https://www.koreabaseball.com/Record/Player/PitcherDetail/Total.aspx?playerId=69620,first_team,pitching,2025
69620,김기훈,2000-01-03,2019,19KIA,19 KIA 1차,https://www.koreabaseball.com/Futures/Player/PitcherTotal.aspx?playerId=69620,futures,pitching,2025
69623,이태규,2000-02-21,2019,23KIA,19 KIA 2차 3라운드 30순위,https://www.koreabaseball.com/Record/Player/PitcherDetail/Total.aspx?playerId=69623,first_team,pitching,2025
69623,이태규,2000-02-21,2019,23KIA,19 KIA 2차 3라운드 30순위,https://www.koreabaseball.com/Futures/Player/PitcherTotal.aspx?playerId=69623,futures,pitching,2025
69636,오선우,1996-12-13,2019,19KIA,19 KIA 2차 5라운드 50순위,https://www.koreabaseball.com/Record/Player/HitterDetail/Total.aspx?playerId=69636,first_team,hitting,2025
69636,오선우,1996-12-13,2019,19KIA,19 KIA 2차 5라운드 50순위,https://www.koreabaseball.com/Futures/Player/HitterTotal.aspx?playerId=69636,futures,hitting,2025
69645,장유호,2000-05-25,2019,19KIA,19 KIA 2차 2라운드 20순위,https://www.koreabaseball.com/Record/Player/PitcherDetail/Total.aspx?playerId=69645,first_team,pitching,2025
69645,장유호,2000-05-25,2019,19KIA,19 KIA 2차 2라운드 20순위,https://www.koreabaseball.com/Futures/Player/PitcherTotal.aspx?playerId=69645,futures,pitching,2025
69727,변우혁,2000-03-18,2019,19한화,19 한화 1차,https://www.koreabaseball.com/Record/Player/HitterDetail/Total.aspx?playerId=69727,first_team,hitting,2025
69727,변우혁,2000-03-18,2019,19한화,19 한화 1차,https://www.koreabaseball.com/Futures/Player/HitterTotal.aspx?playerId=69727,futures,hitting,2025
69737,노시환,2000-12-03,2019,19한화,19 한화 2차 1라운드 3순위,https://www.koreabaseball.com/Record/Player/HitterDetail/Total.aspx?playerId=69737,first_team,hitting,2025
69737,노시환,2000-12-03,2019,19한화,19 한화 2차 1라운드 3순위,https://www.koreabaseball.com/Futures/Player/HitterTotal.aspx?playerId=69737,futures,hitting,2025
69745,김도현,2000-09-15,2019,19한화,19 한화 2차 4라운드 33순위,https://www.koreabaseball.com/Record/Player/PitcherDetail/Total.aspx?playerId=69745,first_team,pitching,2025
69745,김도현,2000-09-15,2019,19한화,19 한화 2차 4라운드 33순위,https://www.koreabaseball.com/Futures/Player/PitcherTotal.aspx?playerId=69745,futures,pitching,2025
69766,유로결,2000-05-30,2019,19한화,19 한화 2차 2라운드 13순위,https://www.koreabaseball.com/Record/Player/HitterDetail/Total.aspx?playerId=69766,first_team,hitting,2025
69766,유로결,2000-05-30,2019,19한화,19 한화 2차 2라운드 13순위,https://www.koreabaseball.com/Futures/Player/HitterTotal.aspx?playerId=69766,futures,hitting,2025
69804,채현우,1995-11-21,2019,19SK,19 SK 2차 8라운드 76순위,https://www.koreabaseball.com/Record/Player/HitterDetail/Total.aspx?playerId=69804,first_team,hitting,2025
69804,채현우,1995-11-21,2019,19SK,19 SK 2차 8라운드 76순위,https://www.koreabaseball.com/Futures/Player/HitterTotal.aspx?playerId=69804,futures,hitting,2025
69813,하재훈,1990-10-29,2009,09시카고컵스,19 SK 2차 2라운드 16순위,https://www.koreabaseball.com/Record/Player/HitterDetail/Total.aspx?playerId=69813,first_team,hitting,2025
69813,하재훈,1990-10-29,2009,09시카고컵스,19 SK 2차 2라운드 16순위,https://www.koreabaseball.com/Futures/Player/HitterTotal.aspx?playerId=69813,futures,hitting,2025
69825,김창평,2000-06-14,2019,19SK,19 SK 2차 1라운드 6순위,https://www.koreabaseball.com/Record/Player/HitterDetail/Total.aspx?playerId=69825,first_team,hitting,2025
69825,김창평,2000-06-14,2019,19SK,19 SK 2차 1라운드 6순위,https://www.koreabaseball.com/Futures/Player/HitterTotal.aspx?playerId=69825,futures,hitting,2025
69839,백승건,2000-10-29,2019,19SK,19 SK 1차,https://www.koreabaseball.com/Record/Player/PitcherDetail/Total.aspx?playerId=69839,first_team,pitching,2025
69839,백승건,2000-10-29,2019,19SK,19 SK 1차,https://www.koreabaseball.com/Futures/Player/PitcherTotal.aspx?playerId=69839,futures,pitching,2025
69969,전사민,1999-07-06,2019,19NC,19 NC 2차 2라운드 17순위,https://www.koreabaseball.com/Record/Player/PitcherDetail/Total.aspx?playerId=69969,first_team,pitching,2025
69969,전사민,1999-07-06,2019,19NC,19 NC 2차 2라운드 17순위,https://www.koreabaseball.com/Futures/Player/PitcherTotal.aspx?playerId=69969,futures,pitching,2025
69974,배민서,1999-11-18,2019,19NC,19 NC 2차 4라운드 37순위,https://www.koreabaseball.com/Record/Player/PitcherDetail/Total.aspx?playerId=69974,first_team,pitching,2025
69974,배민서,1999-11-18,2019,19NC,19 NC 2차 4라운드 37순위,https://www.koreabaseball.com/Futures/Player/PitcherTotal.aspx?playerId=69974,futures,pitching,2025
69980,김범준,2000-04-20,2019,24NC,19 NC 2차 5라운드 47순위,https://www.koreabaseball.com/Record/Player/HitterDetail/Total.aspx?playerId=69980,first_team,hitting,2025
69980,김범준,2000-04-20,2019,24NC,19 NC 2차 5라운드 47순위,https://www.koreabaseball.com/Futures/Player/HitterTotal.aspx?playerId=69980,futures,hitting,2025
69992,최정원,2000-06-24,2019,20NC,19 NC 2차 7라운드 67순위,https://www.koreabaseball.com/Record/Player/HitterDetail/Total.aspx?playerId=69992,first_team,hitting,2025
69992,최정원,2000-06-24,2019,20NC,19 NC 2차 7라운드 67순위,https://www.koreabaseball.com/Futures/Player/HitterTotal.aspx?playerId=69992,futures,hitting,2025
69995,서호철,1996-10-16,2019,20NC,19 NC 2차 9라운드 87순위,https://www.koreabaseball.com/Record/Player/HitterDetail/Total.aspx?playerId=69995,first_team,hitting,2025
69995,서호철,1996-10-16,2019,20NC,19 NC 2차 9라운드 87순위,https://www.koreabaseball.com/Futures/Player/HitterTotal.aspx?playerId=69995,futures,hitting,2025
72443,최형우,1983-12-16,2002,02삼성,02 삼성 2차 6라운드 48순위,https://www.koreabaseball.com/Record/Player/HitterDetail/Total.aspx?playerId=72443,first_team,hitting,2025
72443,최형우,1983-12-16,2002,02삼성,02 삼성 2차 6라운드 48순위,https://www.koreabaseball.com/Futures/Player/HitterTotal.aspx?playerId=72443,futures,hitting,2025
72457,김민수,1979-08-01,,,,https://www.koreabaseball.com/Record/Player/HitterDetail/Total.aspx?playerId=72457,first_team,hitting,2025
72457,김민수,1979-08-01,,,,https://www.koreabaseball.com/Futures/Player/HitterTotal.aspx?playerId=72457,futures,hitting,2025
72523,고효준,1983-02-08,2002,02롯데,02 롯데 2차 1라운드 6순위,https://www.koreabaseball.com/Record/Player/PitcherDetail/Total.aspx?playerId=72523,first_team,pitching,2025
72523,고효준,1983-02-08,2002,02롯데,02 롯데 2차 1라운드 6순위,https://www.koreabaseball.com/Futures/Player/PitcherTotal.aspx?playerId=72523,futures,pitching,2025
73117,우규민,1985-01-21,2003,03LG,03 LG 2차 3라운드 19순위,https://www.koreabaseball.com/Record/Player/PitcherDetail/Total.aspx?playerId=73117,first_team,pitching,2025
73117,우규민,1985-01-21,2003,03LG,03 LG 2차 3라운드 19순위,https://www.koreabaseball.com/Futures/Player/PitcherTotal.aspx?playerId=73117,futures,pitching,2025
73211,노경은,1984-03-11,2003,03두산,03 두산 1차,https://www.koreabaseball.com/Record/Player/PitcherDetail/Total.aspx?playerId=73211,first_team,pitching,2025
73211,노경은,1984-03-11,2003,03두산,03 두산 1차,https://www.koreabaseball.com/Futures/Player/PitcherTotal.aspx?playerId=73211,futures,pitching,2025
73801,송은범,1984-03-17,2003,03SK,03 SK 1차,https://www.koreabaseball.com/Record/Player/PitcherDetail/Total.aspx?playerId=73801,first_team,pitching,2025
73801,송은범,1984-03-17,2003,03SK,03 SK 1차,https://www.koreabaseball.com/Futures/Player/PitcherTotal.aspx?playerId=73801,futures,pitching,2025
74163,이용규,1985-08-26,2004,04LG,04 LG 2차 2라운드 15순위,https://www.koreabaseball.com/Record/Player/HitterDetail/Total.aspx?playerId=74163,first_team,hitting,2025
74163,이용규,1985-08-26,2004,04LG,04 LG 2차 2라운드 15순위,https://www.koreabaseball.com/Futures/Player/HitterTotal.aspx?playerId=74163,futures,hitting,2025
74540,강민호,1985-08-18,2004,04롯데,04 롯데 2차 3라운드 17순위,https://www.koreabaseball.com/Record/Player/HitterDetail/Total.aspx?playerId=74540,first_team,hitting,2025
74540,강민호,1985-08-18,2004,04롯데,04 롯데 2차 3라운드 17순위,https://www.koreabaseball.com/Futures/Player/HitterTotal.aspx?playerId=74540,futures,hitting,2025
75125,박병호,1986-07-10,2005,05LG,05 LG 1차,https://www.koreabaseball.com/Record/Player/HitterDetail/Total.aspx?playerId=75125,first_team,hitting,2025
75125,박병호,1986-07-10,2005,05LG,05 LG 1차,https://www.koreabaseball.com/Futures/Player/HitterTotal.aspx?playerId=75125,futures,hitting,2025
75334,오재일,1986-10-29,2005,05현대,05 현대 2차 3라운드 24순위,https://www.koreabaseball.com/Record/Player/HitterDetail/Total.aspx?playerId=75334,first_team,hitting,2025
75334,오재일,1986-10-29,2005,05현대,05 현대 2차 3라운드 24순위,https://www.koreabaseball.com/Futures/Player/HitterTotal.aspx?playerId=75334,futures,hitting,2025
75421,오승환,1982-07-15,2005,05삼성,05 삼성 2차 1라운드 5순위,https://www.koreabaseball.com/Record/Player/PitcherDetail/Total.aspx?playerId=75421,first_team,pitching,2025
75421,오승환,1982-07-15,2005,05삼성,05 삼성 2차 1라운드 5순위,https://www.koreabaseball.com/Futures/Player/PitcherTotal.aspx?playerId=75421,futures,pitching,2025
75566,이원석,1986-10-21,2005,05롯데,05 롯데 2차 2라운드 9순위,https://www.koreabaseball.com/Record/Player/HitterDetail/Total.aspx?playerId=75566,first_team,hitting,2025
75566,이원석,1986-10-21,2005,05롯데,05 롯데 2차 2라운드 9순위,https://www.koreabaseball.com/Futures/Player/HitterTotal.aspx?playerId=75566,futures,hitting,2025
75847,최정,1987-02-28,2005,05SK,05 SK 1차,https://www.koreabaseball.com/Record/Player/HitterDetail/Total.aspx?playerId=75847,first_team,hitting,2025
75847,최정,1987-02-28,2005,05SK,05 SK 1차,https://www.koreabaseball.com/Futures/Player/HitterTotal.aspx?playerId=75847,futures,hitting,2025
75867,김진성,1985-03-07,2004,05SK,04 SK 2차 6라운드 42순위,https://www.koreabaseball.com/Record/Player/PitcherDetail/Total.aspx?playerId=75867,first_team,pitching,2025
75867,김진성,1985-03-07,2004,05SK,04 SK 2차 6라운드 42순위,https://www.koreabaseball.com/Futures/Player/PitcherTotal.aspx?playerId=75867,futures,pitching,2025
76118,원종현,1987-07-31,2006,06LG,06 LG 2차 2라운드 11순위,https://www.koreabaseball.com/Record/Player/PitcherDetail/Total.aspx?playerId=76118,first_team,pitching,2025
76118,원종현,1987-07-31,2006,06LG,06 LG 2차 2라운드 11순위,https://www.koreabaseball.com/Futures/Player/PitcherTotal.aspx?playerId=76118,futures,pitching,2025
76225,김건국,1988-02-02,2006,06두산,06 두산 2차 1라운드 6순위,https://www.koreabaseball.com/Record/Player/PitcherDetail/Total.aspx?playerId=76225,first_team,pitching,2025
76225,김건국,1988-02-02,2006,06두산,06 두산 2차 1라운드 6순위,https://www.koreabaseball.com/Futures/Player/PitcherTotal.aspx?playerId=76225,futures,pitching,2025
76232,양의지,1987-06-05,2006,06두산,06 두산 2차 8라운드 59순위,https://www.koreabaseball.com/Record/Player/HitterDetail/Total.aspx?playerId=76232,first_team,hitting,2025
76232,양의지,1987-06-05,2006,06두산,06 두산 2차 8라운드 59순위,https://www.koreabaseball.com/Futures/Player/HitterTotal.aspx?playerId=76232,futures,hitting,2025
76267,최주환,1988-02-28,2006,06두산,06 두산 2차 6라운드 46순위,https://www.koreabaseball.com/Record/Player/HitterDetail/Total.aspx?playerId=76267,first_team,hitting,2025
76267,최주환,1988-02-28,2006,06두산,06 두산 2차 6라운드 46순위,https://www.koreabaseball.com/Futures/Player/HitterTotal.aspx?playerId=76267,futures,hitting,2025
76290,김현수,1988-01-12,2006,06두산,06 두산 육성선수,https://www.koreabaseball.com/Record/Player/HitterDetail/Total.aspx?playerId=76290,first_team,hitting,2025
76290,김현수,1988-01-12,2006,06두산,06 두산 육성선수,https://www.koreabaseball.com/Futures/Player/HitterTotal.aspx?playerId=76290,futures,hitting,2025
76313,황재균,1987-07-28,2006,06현대,06 현대 2차 3라운드 24순위,https://www.koreabaseball.com/Record/Player/HitterDetail/Total.aspx?playerId=76313,first_team,hitting,2025
76313,황재균,1987-07-28,2006,06현대,06 현대 2차 3라운드 24순위,https://www.koreabaseball.com/Futures/Player/HitterTotal.aspx?playerId=76313,futures,hitting,2025
76430,김태혁,1988-01-02,2006,06삼성,06 삼성 2차 2라운드 15순위,https://www.koreabaseball.com/Record/Player/PitcherDetail/Total.aspx?playerId=76430,first_team,pitching,2025
76430,김태혁,1988-01-02,2006,06삼성,06 삼성 2차 2라운드 15순위,https://www.koreabaseball.com/Futures/Player/PitcherTotal.aspx?playerId=76430,futures,pitching,2025
76650,진해수,1986-06-26,2005,06KIA,05 KIA 2차 7라운드 50순위,https://www.koreabaseball.com/Record/Player/PitcherDetail/Total.aspx?playerId=76650,first_team,pitching,2025
76650,진해수,1986-06-26,2005,06KIA,05 KIA 2차 7라운드 50순위,https://www.koreabaseball.com/Futures/Player/PitcherTotal.aspx?playerId=76650,futures,pitching,2025
76715,류현진,1987-03-25,2006,06한화,06 한화 2차 1라운드 2순위,https://www.koreabaseball.com/Record/Player/PitcherDetail/Total.aspx?playerId=76715,first_team,pitching,2025
76715,류현진,1987-03-25,2006,06한화,06 한화 2차 1라운드 2순위,https://www.koreabaseball.com/Futures/Player/PitcherTotal.aspx?playerId=76715,futures,pitching,2025
76802,김성현,1987-03-09,2006,06SK,06 SK 2차 3라운드 20순위,https://www.koreabaseball.com/Record/Player/HitterDetail/Total.aspx?playerId=76802,first_team,hitting,2025
76802,김성현,1987-03-09,2006,06SK,06 SK 2차 3라운드 20순위,https://www.koreabaseball.com/Futures/Player/HitterTotal.aspx?playerId=76802,futures,hitting,2025
76812,이재원,1988-02-24,2006,06SK,06 SK 1차,https://www.koreabaseball.com/Record/Player/HitterDetail/Total.aspx?playerId=76812,first_team,hitting,2025
76812,이재원,1988-02-24,2006,06SK,06 SK 1차,https://www.koreabaseball.com/Futures/Player/HitterTotal.aspx?playerId=76812,futures,hitting,2025
77211,이용찬,1989-01-02,2007,07두산,07 두산 1차,https://www.koreabaseball.com/Record/Player/PitcherDetail/Total.aspx?playerId=77211,first_team,pitching,2025
77211,이용찬,1989-01-02,2007,07두산,07 두산 1차,https://www.koreabaseball.com/Futures/Player/PitcherTotal.aspx?playerId=77211,futures,pitching,2025
77263,김강률,1988-08-28,2007,07두산,07 두산 2차 4라운드 26순위,https://www.koreabaseball.com/Record/Player/PitcherDetail/Total.aspx?playerId=77263,first_team,pitching,2025
77263,김강률,1988-08-28,2007,07두산,07 두산 2차 4라운드 26순위,https://www.koreabaseball.com/Futures/Player/PitcherTotal.aspx?playerId=77263,futures,pitching,2025
77318,장시환,1987-11-01,2007,07현대,07 현대 2차 1라운드 2순위,https://www.koreabaseball.com/Record/Player/PitcherDetail/Total.aspx?playerId=77318,first_team,pitching,2025
77318,장시환,1987-11-01,2007,07현대,07 현대 2차 1라운드 2순위,https://www.koreabaseball.com/Futures/Player/PitcherTotal.aspx?playerId=77318,futures,pitching,2025
77446,백정현,1987-07-13,2007,07삼성,07 삼성 2차 1라운드 8순위,https://www.koreabaseball.com/Record/Player/PitcherDetail/Total.aspx?playerId=77446,first_team,pitching,2025
77446,백정현,1987-07-13,2007,07삼성,07 삼성 2차 1라운드 8순위,https://www.koreabaseball.com/Futures/Player/PitcherTotal.aspx?playerId=77446,futures,pitching,2025
77532,손아섭,1988-03-18,2007,07롯데,07 롯데 2차 4라운드 29순위,https://www.koreabaseball.com/Record/Player/HitterDetail/Total.aspx?playerId=77532,first_team,hitting,2025
77532,손아섭,1988-03-18,2007,07롯데,07 롯데 2차 4라운드 29순위,https://www.koreabaseball.com/Futures/Player/HitterTotal.aspx?playerId=77532,futures,hitting,2025
77564,김민성,1988-12-17,2007,07롯데,07 롯데 2차 2라운드 13순위,https://www.koreabaseball.com/Record/Player/HitterDetail/Total.aspx?playerId=77564,first_team,hitting,2025
77564,김민성,1988-12-17,2007,07롯데,07 롯데 2차 2라운드 13순위,https://www.koreabaseball.com/Futures/Player/HitterTotal.aspx?playerId=77564,futures,hitting,2025
77637,양현종,1988-03-01,2007,07KIA,07 KIA 2차 1라운드 1순위,https://www.koreabaseball.com/Record/Player/PitcherDetail/Total.aspx?playerId=77637,first_team,pitching,2025
77637,양현종,1988-03-01,2007,07KIA,07 KIA 2차 1라운드 1순위,https://www.koreabaseball.com/Futures/Player/PitcherTotal.aspx?playerId=77637,futures,pitching,2025
77829,김광현,1988-07-22,2007,07SK,07 SK 1차,https://www.koreabaseball.com/Record/Player/PitcherDetail/Total.aspx?playerId=77829,first_team,pitching,2025
77829,김광현,1988-07-22,2007,07SK,07 SK 1차,https://www.koreabaseball.com/Futures/Player/PitcherTotal.aspx?playerId=77829,futures,pitching,2025
78122,김태군,1989-12-30,2008,08LG,08 LG 2차 3라운드 17순위,https://www.koreabaseball.com/Record/Player/HitterDetail/Total.aspx?playerId=78122,first_team,hitting,2025
78122,김태군,1989-12-30,2008,08LG,08 LG 2차 3라운드 17순위,https://www.koreabaseball.com/Futures/Player/HitterTotal.aspx?playerId=78122,futures,hitting,2025
78135,이형종,1989-06-07,2008,08LG,08 LG 1차,https://www.koreabaseball.com/Record/Player/HitterDetail/Total.aspx?playerId=78135,first_team,hitting,2025
78135,이형종,1989-06-07,2008,08LG,08 LG 1차,https://www.koreabaseball.com/Futures/Player/HitterTotal.aspx?playerId=78135,futures,hitting,2025
78168,서건창,1989-08-22,2008,08LG,08 LG 육성선수,https://www.koreabaseball.com/Record/Player/HitterDetail/Total.aspx?playerId=78168,first_team,hitting,2025
78168,서건창,1989-08-22,2008,08LG,08 LG 육성선수,https://www.koreabaseball.com/Futures/Player/HitterTotal.aspx?playerId=78168,futures,hitting,2025
78224,김재환,1988-09-22,2008,08두산,08 두산 2차 1라운드 4순위,https://www.koreabaseball.com/Record/Player/HitterDetail/Total.aspx?playerId=78224,first_team,hitting,2025
78224,김재환,1988-09-22,2008,08두산,08 두산 2차 1라운드 4순위,https://www.koreabaseball.com/Futures/Player/HitterTotal.aspx?playerId=78224,futures,hitting,2025
78288,최재훈,1989-08-27,2008,08두산,08 두산 육성선수,https://www.koreabaseball.com/Record/Player/HitterDetail/Total.aspx?playerId=78288,first_team,hitting,2025
78288,최재훈,1989-08-27,2008,08두산,08 두산 육성선수,https://www.koreabaseball.com/Futures/Player/HitterTotal.aspx?playerId=78288,futures,hitting,2025
78352,임창민,1985-08-25,2008,08우리,08 현대 2차 2라운드 11순위,https://www.koreabaseball.com/Record/Player/PitcherDetail/Total.aspx?playerId=78352,first_team,pitching,2025
78352,임창민,1985-08-25,2008,08우리,08 현대 2차 2라운드 11순위,https://www.koreabaseball.com/Futures/Player/PitcherTotal.aspx?playerId=78352,futures,pitching,2025
78513,전준우,1986-02-25,2008,08롯데,08 롯데 2차 2라운드 15순위,https://www.koreabaseball.com/Record/Player/HitterDetail/Total.aspx?playerId=78513,first_team,hitting,2025
78513,전준우,1986-02-25,2008,08롯데,08 롯데 2차 2라운드 15순위,https://www.koreabaseball.com/Futures/Player/HitterTotal.aspx?playerId=78513,futures,hitting,2025
78548,장성우,1990-01-17,2008,08롯데,08 롯데 1차,https://www.koreabaseball.com/Record/Player/HitterDetail/Total.aspx?playerId=78548,first_team,hitting,2025
78548,장성우,1990-01-17,2008,08롯데,08 롯데 1차,https://www.koreabaseball.com/Futures/Player/HitterTotal.aspx?playerId=78548,futures,hitting,2025
78603,김선빈,1989-12-18,2008,08KIA,08 KIA 2차 6라운드 43순위,https://www.koreabaseball.com/Record/Player/HitterDetail/Total.aspx?playerId=78603,first_team,hitting,2025
78603,김선빈,1989-12-18,2008,08KIA,08 KIA 2차 6라운드 43순위,https://www.koreabaseball.com/Futures/Player/HitterTotal.aspx?playerId=78603,futures,hitting,2025
78756,오선진,1989-07-07,2008,08한화,08 한화 2차 4라운드 26순위,https://www.koreabaseball.com/Record/Player/HitterDetail/Total.aspx?playerId=78756,first_team,hitting,2025
78756,오선진,1989-07-07,2008,08한화,08 한화 2차 4라운드 26순위,https://www.koreabaseball.com/Futures/Player/HitterTotal.aspx?playerId=78756,futures,hitting,2025
79109,오지환,1990-03-12,2009,09LG,09 LG 1차,https://www.koreabaseball.com/Record/Player/HitterDetail/Total.aspx?playerId=79109,first_team,hitting,2025
79109,오지환,1990-03-12,2009,09LG,09 LG 1차,https://www.koreabaseball.com/Futures/Player/HitterTotal.aspx?playerId=79109,futures,hitting,2025
79140,최동환,1989-09-19,2009,09LG,09 LG 2차 2라운드 13순위,https://www.koreabaseball.com/Record/Player/PitcherDetail/Total.aspx?playerId=79140,first_team,pitching,2025
79140,최동환,1989-09-19,2009,09LG,09 LG 2차 2라운드 13순위,https://www.koreabaseball.com/Futures/Player/PitcherTotal.aspx?playerId=79140,futures,pitching,2025
79192,채은성,1990-02-06,2009,14LG,09 LG 육성선수,https://www.koreabaseball.com/Record/Player/HitterDetail/Total.aspx?playerId=79192,first_team,hitting,2025
79192,채은성,1990-02-06,2009,14LG,09 LG 육성선수,https://www.koreabaseball.com/Futures/Player/HitterTotal.aspx?playerId=79192,futures,hitting,2025
79215,박건우,1990-09-08,2009,09두산,09 두산 2차 2라운드 10순위,https://www.koreabaseball.com/Record/Player/HitterDetail/Total.aspx?playerId=79215,first_team,hitting,2025
79215,박건우,1990-09-08,2009,09두산,09 두산 2차 2라운드 10순위,https://www.koreabaseball.com/Futures/Player/HitterTotal.aspx?playerId=79215,futures,hitting,2025
79231,정수빈,1990-10-07,2009,09두산,09 두산 2차 5라운드 39순위,https://www.koreabaseball.com/Record/Player/HitterDetail/Total.aspx?playerId=79231,first_team,hitting,2025
79231,정수빈,1990-10-07,2009,09두산,09 두산 2차 5라운드 39순위,https://www.koreabaseball.com/Futures/Player/HitterTotal.aspx?playerId=79231,futures,hitting,2025
79240,허경민,1990-08-26,2009,09두산,09 두산 2차 1라운드 7순위,https://www.koreabaseball.com/Record/Player/HitterDetail/Total.aspx?playerId=79240,first_team,hitting,2025
79240,허경민,1990-08-26,2009,09두산,09 두산 2차 1라운드 7순위,https://www.koreabaseball.com/Futures/Player/HitterTotal.aspx?playerId=79240,futures,hitting,2025
79365,박동원,1990-04-07,2009,09히어로즈,09 히어로즈 2차 3라운드 19순위,https://www.koreabaseball.com/Record/Player/HitterDetail/Total.aspx?playerId=79365,first_team,hitting,2025
79365,박동원,1990-04-07,2009,09히어로즈,09 히어로즈 2차 3라운드 19순위,https://www.koreabaseball.com/Futures/Player/HitterTotal.aspx?playerId=79365,futures,hitting,2025
79402,김상수,1990-03-23,2009,09삼성,09 삼성 1차,https://www.koreabaseball.com/Record/Player/HitterDetail/Total.aspx?playerId=79402,first_team,hitting,2025
79402,김상수,1990-03-23,2009,09삼성,09 삼성 1차,https://www.koreabaseball.com/Futures/Player/HitterTotal.aspx?playerId=79402,futures,hitting,2025
79456,이지영,1986-02-27,2008,09삼성,08 삼성 육성선수,https://www.koreabaseball.com/Record/Player/HitterDetail/Total.aspx?playerId=79456,first_team,hitting,2025
79456,이지영,1986-02-27,2008,09삼성,08 삼성 육성선수,https://www.koreabaseball.com/Futures/Player/HitterTotal.aspx?playerId=79456,futures,hitting,2025
79608,안치홍,1990-07-02,2009,09KIA,09 KIA 2차 1라운드 1순위,https://www.koreabaseball.com/Record/Player/HitterDetail/Total.aspx?playerId=79608,first_team,hitting,2025
79608,안치홍,1990-07-02,2009,09KIA,09 KIA 2차 1라운드 1순위,https://www.koreabaseball.com/Futures/Player/HitterTotal.aspx?playerId=79608,futures,hitting,2025
79764,장민재,1990-03-19,2009,09한화,09 한화 2차 3라운드 22순위,https://www.koreabaseball.com/Record/Player/PitcherDetail/Total.aspx?playerId=79764,first_team,pitching,2025
79764,장민재,1990-03-19,2009,09한화,09 한화 2차 3라운드 22순위,https://www.koreabaseball.com/Futures/Player/PitcherTotal.aspx?playerId=79764,futures,pitching,2025
