"kbo_player_id","team","season","registration_days","national_team","national_team_days","snapshot_date","source_url"
"50030","KT","2020","162","","0","2026-08-03","https://www.koreabaseball.com/Record/Player/PitcherDetail/SeasonReg.aspx?playerId=50030"
"50030","KT","2021","171","","0","2026-08-03","https://www.koreabaseball.com/Record/Player/PitcherDetail/SeasonReg.aspx?playerId=50030"
"50030","KT","2022","192","","0","2026-08-03","https://www.koreabaseball.com/Record/Player/PitcherDetail/SeasonReg.aspx?playerId=50030"
"50030","KT","2023","40","WBC 10(1라운드)","10","2026-08-03","https://www.koreabaseball.com/Record/Player/PitcherDetail/SeasonReg.aspx?playerId=50030"
"50030","KT","2024","19","프리미어12 10(5위)","10","2026-08-03","https://www.koreabaseball.com/Record/Player/PitcherDetail/SeasonReg.aspx?playerId=50030"
"50030","KT","2025","170","","0","2026-08-03","https://www.koreabaseball.com/Record/Player/PitcherDetail/SeasonReg.aspx?playerId=50030"
"50036","KT","2020","27","","0","2026-08-03","https://www.koreabaseball.com/Record/Player/PitcherDetail/SeasonReg.aspx?playerId=50036"
"50036","롯데","2021","69","","0","2026-08-03","https://www.koreabaseball.com/Record/Player/PitcherDetail/SeasonReg.aspx?playerId=50036"
"50036","롯데","2022","82","","0","2026-08-03","https://www.koreabaseball.com/Record/Player/PitcherDetail/SeasonReg.aspx?playerId=50036"
"50036","키움","2023","0","","0","2026-08-03","https://www.koreabaseball.com/Record/Player/PitcherDetail/SeasonReg.aspx?playerId=50036"
"50036","키움","2025","113","","0","2026-08-03","https://www.koreabaseball.com/Record/Player/PitcherDetail/SeasonReg.aspx?playerId=50036"
"50054","KT","2020","123","","0","2026-08-03","https://www.koreabaseball.com/Record/Player/PitcherDetail/SeasonReg.aspx?playerId=50054"
"50054","KT","2021","94","","0","2026-08-03","https://www.koreabaseball.com/Record/Player/PitcherDetail/SeasonReg.aspx?playerId=50054"
"50054","KT","2022","0","","0","2026-08-03","https://www.koreabaseball.com/Record/Player/PitcherDetail/SeasonReg.aspx?playerId=50054"
"50054","KT","2024","104","","0","2026-08-03","https://www.koreabaseball.com/Record/Player/PitcherDetail/SeasonReg.aspx?playerId=50054"
"50054","LG","2025","155","","0","2026-08-03","https://www.koreabaseball.com/Record/Player/PitcherDetail/SeasonReg.aspx?playerId=50054"
"50066","KT","2020","57","","0","2026-08-03","https://www.koreabaseball.com/Record/Player/PitcherDetail/SeasonReg.aspx?playerId=50066"
"50066","KT","2021","0","","0","2026-08-03","https://www.koreabaseball.com/Record/Player/PitcherDetail/SeasonReg.aspx?playerId=50066"
"50066","KT","2023","123","","0","2026-08-03","https://www.koreabaseball.com/Record/Player/PitcherDetail/SeasonReg.aspx?playerId=50066"
"50066","KT","2024","54","","0","2026-08-03","https://www.koreabaseball.com/Record/Player/PitcherDetail/SeasonReg.aspx?playerId=50066"
"50066","KT","2025","99","","0","2026-08-03","https://www.koreabaseball.com/Record/Player/PitcherDetail/SeasonReg.aspx?playerId=50066"
"50092","KT","2020","0","","0","2026-08-03","https://www.koreabaseball.com/Record/Player/PitcherDetail/SeasonReg.aspx?playerId=50092"
"50092","KT","2021","0","","0","2026-08-03","https://www.koreabaseball.com/Record/Player/PitcherDetail/SeasonReg.aspx?playerId=50092"
"50092","KT","2022","0","","0","2026-08-03","https://www.koreabaseball.com/Record/Player/PitcherDetail/SeasonReg.aspx?playerId=50092"
"50092","KT","2024","48","","0","2026-08-03","https://www.koreabaseball.com/Record/Player/PitcherDetail/SeasonReg.aspx?playerId=50092"
"50092","KT","2025","64","","0","2026-08-03","https://www.koreabaseball.com/Record/Player/PitcherDetail/SeasonReg.aspx?playerId=50092"
"50106","LG","2023","193","","0","2026-08-03","https://www.koreabaseball.com/Record/Player/PitcherDetail/SeasonReg.aspx?playerId=50106"
"50106","LG","2024","190","프리미어12 10(5위)","10","2026-08-03","https://www.koreabaseball.com/Record/Player/PitcherDetail/SeasonReg.aspx?playerId=50106"
"50106","LG","2025","123","","0","2026-08-03","https://www.koreabaseball.com/Record/Player/PitcherDetail/SeasonReg.aspx?playerId=50106"
"50108","LG","2024","36","","0","2026-08-03","https://www.koreabaseball.com/Record/Player/PitcherDetail/SeasonReg.aspx?playerId=50108"
"50108","LG","2025","26","","0","2026-08-03","https://www.koreabaseball.com/Record/Player/PitcherDetail/SeasonReg.aspx?playerId=50108"
"50109","LG","2020","12","","0","2026-08-03","https://www.koreabaseball.com/Record/Player/PitcherDetail/SeasonReg.aspx?playerId=50109"
"50109","KT","2024","101","","0","2026-08-03","https://www.koreabaseball.com/Record/Player/PitcherDetail/SeasonReg.aspx?playerId=50109"
"50109","KT","2025","0","","0","2026-08-03","https://www.koreabaseball.com/Record/Player/PitcherDetail/SeasonReg.aspx?playerId=50109"
"50150","LG","2020","61","","0","2026-08-03","https://www.koreabaseball.com/Record/Player/PitcherDetail/SeasonReg.aspx?playerId=50150"
"50150","LG","2021","19","","0","2026-08-03","https://www.koreabaseball.com/Record/Player/PitcherDetail/SeasonReg.aspx?playerId=50150"
"50150","LG","2022","101","","0","2026-08-03","https://www.koreabaseball.com/Record/Player/PitcherDetail/SeasonReg.aspx?playerId=50150"
"50150","LG","2023","76","","0","2026-08-03","https://www.koreabaseball.com/Record/Player/PitcherDetail/SeasonReg.aspx?playerId=50150"
"50150","롯데","2024","167","","0","2026-08-03","https://www.koreabaseball.com/Record/Player/PitcherDetail/SeasonReg.aspx?playerId=50150"
"50150","롯데","2025","171","","0","2026-08-03","https://www.koreabaseball.com/Record/Player/PitcherDetail/SeasonReg.aspx?playerId=50150"
"50167","LG","2020","0","","0","2026-08-03","https://www.koreabaseball.com/Record/Player/PitcherDetail/SeasonReg.aspx?playerId=50167"
"50167","LG","2021","26","","0","2026-08-03","https://www.koreabaseball.com/Record/Player/PitcherDetail/SeasonReg.aspx?playerId=50167"
"50167","키움","2023","130","","0","2026-08-03","https://www.koreabaseball.com/Record/Player/PitcherDetail/SeasonReg.aspx?playerId=50167"
"50167","키움","2024","175","프리미어12 10(5위)","10","2026-08-03","https://www.koreabaseball.com/Record/Player/PitcherDetail/SeasonReg.aspx?playerId=50167"
"50167","키움","2025","181","","0","2026-08-03","https://www.koreabaseball.com/Record/Player/PitcherDetail/SeasonReg.aspx?playerId=50167"
"50204","두산","2020","18","","0","2026-08-03","https://www.koreabaseball.com/Record/Player/PitcherDetail/SeasonReg.aspx?playerId=50204"
"50204","두산","2021","56","","0","2026-08-03","https://www.koreabaseball.com/Record/Player/PitcherDetail/SeasonReg.aspx?playerId=50204"
"50204","두산","2023","50","","0","2026-08-03","https://www.koreabaseball.com/Record/Player/PitcherDetail/SeasonReg.aspx?playerId=50204"
"50204","두산","2024","0","","0","2026-08-03","https://www.koreabaseball.com/Record/Player/PitcherDetail/SeasonReg.aspx?playerId=50204"
"50204","두산","2025","60","","0","2026-08-03","https://www.koreabaseball.com/Record/Player/PitcherDetail/SeasonReg.aspx?playerId=50204"
"50206","두산","2024","43","","0","2026-08-03","https://www.koreabaseball.com/Record/Player/PitcherDetail/SeasonReg.aspx?playerId=50206"
"50206","두산","2025","14","","0","2026-08-03","https://www.koreabaseball.com/Record/Player/PitcherDetail/SeasonReg.aspx?playerId=50206"
"50208","두산","2020","10","","0","2026-08-03","https://www.koreabaseball.com/Record/Player/PitcherDetail/SeasonReg.aspx?playerId=50208"
"50208","두산","2021","2","","0","2026-08-03","https://www.koreabaseball.com/Record/Player/PitcherDetail/SeasonReg.aspx?playerId=50208"
"50208","두산","2024","13","","0","2026-08-03","https://www.koreabaseball.com/Record/Player/PitcherDetail/SeasonReg.aspx?playerId=50208"
"50208","두산","2025","178","","0","2026-08-03","https://www.koreabaseball.com/Record/Player/PitcherDetail/SeasonReg.aspx?playerId=50208"
"50211","두산","2020","0","","0","2026-08-03","https://www.koreabaseball.com/Record/Player/PitcherDetail/SeasonReg.aspx?playerId=50211"
"50211","두산","2023","5","","0","2026-08-03","https://www.koreabaseball.com/Record/Player/PitcherDetail/SeasonReg.aspx?playerId=50211"
"50211","두산","2025","33","","0","2026-08-03","https://www.koreabaseball.com/Record/Player/PitcherDetail/SeasonReg.aspx?playerId=50211"
"50304","키움","2020","3","","0","2026-08-03","https://www.koreabaseball.com/Record/Player/PitcherDetail/SeasonReg.aspx?playerId=50304"
"50304","키움","2021","28","","0","2026-08-03","https://www.koreabaseball.com/Record/Player/PitcherDetail/SeasonReg.aspx?playerId=50304"
"50304","키움","2023","24","","0","2026-08-03","https://www.koreabaseball.com/Record/Player/PitcherDetail/SeasonReg.aspx?playerId=50304"
"50304","키움","2024","59","","0","2026-08-03","https://www.koreabaseball.com/Record/Player/PitcherDetail/SeasonReg.aspx?playerId=50304"
"50304","키움","2025","11","","0","2026-08-03","https://www.koreabaseball.com/Record/Player/PitcherDetail/SeasonReg.aspx?playerId=50304"
"50357","키움","2020","55","","0","2026-08-03","https://www.koreabaseball.com/Record/Player/PitcherDetail/SeasonReg.aspx?playerId=50357"
"50357","키움","2021","46","세계야구선수권 5(8위)","5","2026-08-03","https://www.koreabaseball.com/Record/Player/PitcherDetail/SeasonReg.aspx?playerId=50357"
"50357","키움","2022","42","","0","2026-08-03","https://www.koreabaseball.com/Record/Player/PitcherDetail/SeasonReg.aspx?playerId=50357"
"50357","키움","2023","56","","0","2026-08-03","https://www.koreabaseball.com/Record/Player/PitcherDetail/SeasonReg.aspx?playerId=50357"
"50357","키움","2024","52","","0","2026-08-03","https://www.koreabaseball.com/Record/Player/PitcherDetail/SeasonReg.aspx?playerId=50357"
"50357","키움","2025","142","","0","2026-08-03","https://www.koreabaseball.com/Record/Player/PitcherDetail/SeasonReg.aspx?playerId=50357"
"50430","삼성","2020","4","","0","2026-08-03","https://www.koreabaseball.com/Record/Player/PitcherDetail/SeasonReg.aspx?playerId=50430"
"50430","삼성","2021","0","","0","2026-08-03","https://www.koreabaseball.com/Record/Player/PitcherDetail/SeasonReg.aspx?playerId=50430"
"50430","삼성","2023","9","","0","2026-08-03","https://www.koreabaseball.com/Record/Player/PitcherDetail/SeasonReg.aspx?playerId=50430"
"50430","삼성","2024","21","세계야구선수권 5(6위)","5","2026-08-03","https://www.koreabaseball.com/Record/Player/PitcherDetail/SeasonReg.aspx?playerId=50430"
"50430","삼성","2025","3","","0","2026-08-03","https://www.koreabaseball.com/Record/Player/PitcherDetail/SeasonReg.aspx?playerId=50430"
"50441","삼성","2020","5","","0","2026-08-03","https://www.koreabaseball.com/Record/Player/PitcherDetail/SeasonReg.aspx?playerId=50441"
"50441","삼성","2021","0","","0","2026-08-03","https://www.koreabaseball.com/Record/Player/PitcherDetail/SeasonReg.aspx?playerId=50441"
"50441","삼성","2022","80","","0","2026-08-03","https://www.koreabaseball.com/Record/Player/PitcherDetail/SeasonReg.aspx?playerId=50441"
"50441","삼성","2023","59","","0","2026-08-03","https://www.koreabaseball.com/Record/Player/PitcherDetail/SeasonReg.aspx?playerId=50441"
"50441","삼성","2024","78","","0","2026-08-03","https://www.koreabaseball.com/Record/Player/PitcherDetail/SeasonReg.aspx?playerId=50441"
"50441","삼성","2025","60","","0","2026-08-03","https://www.koreabaseball.com/Record/Player/PitcherDetail/SeasonReg.aspx?playerId=50441"
"50458","삼성","2020","179","","0","2026-08-03","https://www.koreabaseball.com/Record/Player/PitcherDetail/SeasonReg.aspx?playerId=50458"
"50458","삼성","2021","173","","0","2026-08-03","https://www.koreabaseball.com/Record/Player/PitcherDetail/SeasonReg.aspx?playerId=50458"
"50458","삼성","2022","182","","0","2026-08-03","https://www.koreabaseball.com/Record/Player/PitcherDetail/SeasonReg.aspx?playerId=50458"
"50458","삼성","2023","183","아시안게임 병역(금메달)","0","2026-08-03","https://www.koreabaseball.com/Record/Player/PitcherDetail/SeasonReg.aspx?playerId=50458"
"50458","삼성","2024","190","","0","2026-08-03","https://www.koreabaseball.com/Record/Player/PitcherDetail/SeasonReg.aspx?playerId=50458"
"50458","삼성","2025","166","","0","2026-08-03","https://www.koreabaseball.com/Record/Player/PitcherDetail/SeasonReg.aspx?playerId=50458"
"50464","삼성","2020","34","","0","2026-08-03","https://www.koreabaseball.com/Record/Player/PitcherDetail/SeasonReg.aspx?playerId=50464"
"50464","삼성","2021","49","","0","2026-08-03","https://www.koreabaseball.com/Record/Player/PitcherDetail/SeasonReg.aspx?playerId=50464"
"50464","삼성","2022","14","","0","2026-08-03","https://www.koreabaseball.com/Record/Player/PitcherDetail/SeasonReg.aspx?playerId=50464"
"50464","삼성","2024","91","","0","2026-08-03","https://www.koreabaseball.com/Record/Player/PitcherDetail/SeasonReg.aspx?playerId=50464"
"50464","삼성","2025","184","","0","2026-08-03","https://www.koreabaseball.com/Record/Player/PitcherDetail/SeasonReg.aspx?playerId=50464"
"50500","롯데","2022","161","","0","2026-08-03","https://www.koreabaseball.com/Record/Player/PitcherDetail/SeasonReg.aspx?playerId=50500"
"50500","롯데","2023","140","","0","2026-08-03","https://www.koreabaseball.com/Record/Player/PitcherDetail/SeasonReg.aspx?playerId=50500"
"50500","롯데","2024","193","","0","2026-08-03","https://www.koreabaseball.com/Record/Player/PitcherDetail/SeasonReg.aspx?playerId=50500"
"50500","롯데","2025","149","","0","2026-08-03","https://www.koreabaseball.com/Record/Player/PitcherDetail/SeasonReg.aspx?playerId=50500"
"50556","롯데","2020","112","","0","2026-08-03","https://www.koreabaseball.com/Record/Player/PitcherDetail/SeasonReg.aspx?playerId=50556"
"50556","롯데","2021","149","","0","2026-08-03","https://www.koreabaseball.com/Record/Player/PitcherDetail/SeasonReg.aspx?playerId=50556"
"50556","롯데","2022","190","","0","2026-08-03","https://www.koreabaseball.com/Record/Player/PitcherDetail/SeasonReg.aspx?playerId=50556"
"50556","롯데","2023","161","APBC 10(준우승)","10","2026-08-03","https://www.koreabaseball.com/Record/Player/PitcherDetail/SeasonReg.aspx?playerId=50556"
"50556","롯데","2024","62","","0","2026-08-03","https://www.koreabaseball.com/Record/Player/PitcherDetail/SeasonReg.aspx?playerId=50556"
"50556","롯데","2025","137","","0","2026-08-03","https://www.koreabaseball.com/Record/Player/PitcherDetail/SeasonReg.aspx?playerId=50556"
"50596","롯데","2020","0","","0","2026-08-03","https://www.koreabaseball.com/Record/Player/PitcherDetail/SeasonReg.aspx?playerId=50596"
"50596","롯데","2021","3","","0","2026-08-03","https://www.koreabaseball.com/Record/Player/PitcherDetail/SeasonReg.aspx?playerId=50596"
"50596","롯데","2023","0","","0","2026-08-03","https://www.koreabaseball.com/Record/Player/PitcherDetail/SeasonReg.aspx?playerId=50596"
"50596","롯데","2024","7","","0","2026-08-03","https://www.koreabaseball.com/Record/Player/PitcherDetail/SeasonReg.aspx?playerId=50596"
"50596","롯데","2025","76","","0","2026-08-03","https://www.koreabaseball.com/Record/Player/PitcherDetail/SeasonReg.aspx?playerId=50596"
"50600","KIA","2020","74","","0","2026-08-03","https://www.koreabaseball.com/Record/Player/PitcherDetail/SeasonReg.aspx?playerId=50600"
"50600","KIA","2023","116","","0","2026-08-03","https://www.koreabaseball.com/Record/Player/PitcherDetail/SeasonReg.aspx?playerId=50600"
"50600","KIA","2024","164","","0","2026-08-03","https://www.koreabaseball.com/Record/Player/PitcherDetail/SeasonReg.aspx?playerId=50600"
"50600","NC","2025","102","","0","2026-08-03","https://www.koreabaseball.com/Record/Player/PitcherDetail/SeasonReg.aspx?playerId=50600"
"50604","KIA","2020","0","","0","2026-08-03","https://www.koreabaseball.com/Record/Player/PitcherDetail/SeasonReg.aspx?playerId=50604"
"50604","KIA","2023","0","","0","2026-08-03","https://www.koreabaseball.com/Record/Player/PitcherDetail/SeasonReg.aspx?playerId=50604"
"50604","KIA","2024","15","","0","2026-08-03","https://www.koreabaseball.com/Record/Player/PitcherDetail/SeasonReg.aspx?playerId=50604"
"50604","KIA","2025","11","","0","2026-08-03","https://www.koreabaseball.com/Record/Player/PitcherDetail/SeasonReg.aspx?playerId=50604"
"50608","롯데","2024","19","","0","2026-08-03","https://www.koreabaseball.com/Record/Player/PitcherDetail/SeasonReg.aspx?playerId=50608"
"50608","롯데","2025","21","","0","2026-08-03","https://www.koreabaseball.com/Record/Player/PitcherDetail/SeasonReg.aspx?playerId=50608"
"50641","KIA","2022","20","","0","2026-08-03","https://www.koreabaseball.com/Record/Player/PitcherDetail/SeasonReg.aspx?playerId=50641"
"50641","KIA","2024","8","","0","2026-08-03","https://www.koreabaseball.com/Record/Player/PitcherDetail/SeasonReg.aspx?playerId=50641"
"50641","KIA","2025","51","","0","2026-08-03","https://www.koreabaseball.com/Record/Player/PitcherDetail/SeasonReg.aspx?playerId=50641"
"50650","KIA","2021","6","","0","2026-08-03","https://www.koreabaseball.com/Record/Player/PitcherDetail/SeasonReg.aspx?playerId=50650"
"50650","KIA","2022","0","","0","2026-08-03","https://www.koreabaseball.com/Record/Player/PitcherDetail/SeasonReg.aspx?playerId=50650"
"50650","KT","2025","19","","0","2026-08-03","https://www.koreabaseball.com/Record/Player/PitcherDetail/SeasonReg.aspx?playerId=50650"
"50657","KIA","2020","14","","0","2026-08-03","https://www.koreabaseball.com/Record/Player/PitcherDetail/SeasonReg.aspx?playerId=50657"
"50657","KIA","2021","54","","0","2026-08-03","https://www.koreabaseball.com/Record/Player/PitcherDetail/SeasonReg.aspx?playerId=50657"
"50657","KIA","2022","13","","0","2026-08-03","https://www.koreabaseball.com/Record/Player/PitcherDetail/SeasonReg.aspx?playerId=50657"
"50657","KIA","2024","65","","0","2026-08-03","https://www.koreabaseball.com/Record/Player/PitcherDetail/SeasonReg.aspx?playerId=50657"
"50657","KIA","2025","119","","0","2026-08-03","https://www.koreabaseball.com/Record/Player/PitcherDetail/SeasonReg.aspx?playerId=50657"
"50662","KIA","2020","129","","0","2026-08-03","https://www.koreabaseball.com/Record/Player/PitcherDetail/SeasonReg.aspx?playerId=50662"
"50662","KIA","2021","183","","0","2026-08-03","https://www.koreabaseball.com/Record/Player/PitcherDetail/SeasonReg.aspx?playerId=50662"
"50662","KIA","2022","187","","0","2026-08-03","https://www.koreabaseball.com/Record/Player/PitcherDetail/SeasonReg.aspx?playerId=50662"
"50662","KIA","2023","166","APBC 10(준우승)","10","2026-08-03","https://www.koreabaseball.com/Record/Player/PitcherDetail/SeasonReg.aspx?playerId=50662"
"50662","KIA","2024","179","프리미어12 10(5위)","10","2026-08-03","https://www.koreabaseball.com/Record/Player/PitcherDetail/SeasonReg.aspx?playerId=50662"
"50662","KIA","2025","187","","0","2026-08-03","https://www.koreabaseball.com/Record/Player/PitcherDetail/SeasonReg.aspx?playerId=50662"
"50704","한화","2020","99","","0","2026-08-03","https://www.koreabaseball.com/Record/Player/PitcherDetail/SeasonReg.aspx?playerId=50704"
"50704","한화","2021","75","세계야구선수권 5(8위)","5","2026-08-03","https://www.koreabaseball.com/Record/Player/PitcherDetail/SeasonReg.aspx?playerId=50704"
"50704","한화","2022","35","","0","2026-08-03","https://www.koreabaseball.com/Record/Player/PitcherDetail/SeasonReg.aspx?playerId=50704"
"50704","한화","2024","38","","0","2026-08-03","https://www.koreabaseball.com/Record/Player/PitcherDetail/SeasonReg.aspx?playerId=50704"
"50704","한화","2025","27","","0","2026-08-03","https://www.koreabaseball.com/Record/Player/PitcherDetail/SeasonReg.aspx?playerId=50704"
"50705","한화","2020","129","","0","2026-08-03","https://www.koreabaseball.com/Record/Player/PitcherDetail/SeasonReg.aspx?playerId=50705"
"50705","한화","2021","183","","0","2026-08-03","https://www.koreabaseball.com/Record/Player/PitcherDetail/SeasonReg.aspx?playerId=50705"
"50705","한화","2022","167","","0","2026-08-03","https://www.koreabaseball.com/Record/Player/PitcherDetail/SeasonReg.aspx?playerId=50705"
"50705","한화","2023","149","","0","2026-08-03","https://www.koreabaseball.com/Record/Player/PitcherDetail/SeasonReg.aspx?playerId=50705"
"50705","한화","2025","16","","0","2026-08-03","https://www.koreabaseball.com/Record/Player/PitcherDetail/SeasonReg.aspx?playerId=50705"
"50707","한화","2020","94","","0","2026-08-03","https://www.koreabaseball.com/Record/Player/PitcherDetail/SeasonReg.aspx?playerId=50707"
"50707","한화","2021","98","","0","2026-08-03","https://www.koreabaseball.com/Record/Player/PitcherDetail/SeasonReg.aspx?playerId=50707"
"50707","한화","2023","60","","0","2026-08-03","https://www.koreabaseball.com/Record/Player/PitcherDetail/SeasonReg.aspx?playerId=50707"
"50707","한화","2024","121","","0","2026-08-03","https://www.koreabaseball.com/Record/Player/PitcherDetail/SeasonReg.aspx?playerId=50707"
"50707","한화","2025","158","","0","2026-08-03","https://www.koreabaseball.com/Record/Player/PitcherDetail/SeasonReg.aspx?playerId=50707"
"50709","한화","2020","77","","0","2026-08-03","https://www.koreabaseball.com/Record/Player/PitcherDetail/SeasonReg.aspx?playerId=50709"
"50709","한화","2021","59","세계야구선수권 5(8위)","5","2026-08-03","https://www.koreabaseball.com/Record/Player/PitcherDetail/SeasonReg.aspx?playerId=50709"
"50709","한화","2022","149","","0","2026-08-03","https://www.koreabaseball.com/Record/Player/PitcherDetail/SeasonReg.aspx?playerId=50709"
"50709","한화","2023","89","","0","2026-08-03","https://www.koreabaseball.com/Record/Player/PitcherDetail/SeasonReg.aspx?playerId=50709"
"50709","한화","2025","13","","0","2026-08-03","https://www.koreabaseball.com/Record/Player/PitcherDetail/SeasonReg.aspx?playerId=50709"
"50711","한화","2024","13","","0","2026-08-03","https://www.koreabaseball.com/Record/Player/PitcherDetail/SeasonReg.aspx?playerId=50711"
"50711","한화","2025","37","","0","2026-08-03","https://www.koreabaseball.com/Record/Player/PitcherDetail/SeasonReg.aspx?playerId=50711"
"50812","SSG","2022","10","","0","2026-08-03","https://www.koreabaseball.com/Record/Player/PitcherDetail/SeasonReg.aspx?playerId=50812"
"50812","SSG","2023","0","","0","2026-08-03","https://www.koreabaseball.com/Record/Player/PitcherDetail/SeasonReg.aspx?playerId=50812"
"50812","SSG","2024","57","","0","2026-08-03","https://www.koreabaseball.com/Record/Player/PitcherDetail/SeasonReg.aspx?playerId=50812"
"50812","SSG","2025","164","","0","2026-08-03","https://www.koreabaseball.com/Record/Player/PitcherDetail/SeasonReg.aspx?playerId=50812"
"50840","SK","2020","8","","0","2026-08-03","https://www.koreabaseball.com/Record/Player/PitcherDetail/SeasonReg.aspx?playerId=50840"
"50840","SSG","2021","0","","0","2026-08-03","https://www.koreabaseball.com/Record/Player/PitcherDetail/SeasonReg.aspx?playerId=50840"
"50840","SSG","2024","12","","0","2026-08-03","https://www.koreabaseball.com/Record/Player/PitcherDetail/SeasonReg.aspx?playerId=50840"
"50840","SSG","2025","31","","0","2026-08-03","https://www.koreabaseball.com/Record/Player/PitcherDetail/SeasonReg.aspx?playerId=50840"
"50848","SK","2020","15","","0","2026-08-03","https://www.koreabaseball.com/Record/Player/PitcherDetail/SeasonReg.aspx?playerId=50848"
"50848","SSG","2021","0","","0","2026-08-03","https://www.koreabaseball.com/Record/Player/PitcherDetail/SeasonReg.aspx?playerId=50848"
"50848","SSG","2023","0","","0","2026-08-03","https://www.koreabaseball.com/Record/Player/PitcherDetail/SeasonReg.aspx?playerId=50848"
"50848","SSG","2024","0","","0","2026-08-03","https://www.koreabaseball.com/Record/Player/PitcherDetail/SeasonReg.aspx?playerId=50848"
"50848","SSG","2025","5","","0","2026-08-03","https://www.koreabaseball.com/Record/Player/PitcherDetail/SeasonReg.aspx?playerId=50848"
"50854","SK","2020","161","","0","2026-08-03","https://www.koreabaseball.com/Record/Player/PitcherDetail/SeasonReg.aspx?playerId=50854"
"50854","SSG","2021","173","","0","2026-08-03","https://www.koreabaseball.com/Record/Player/PitcherDetail/SeasonReg.aspx?playerId=50854"
"50854","SSG","2022","190","","0","2026-08-03","https://www.koreabaseball.com/Record/Player/PitcherDetail/SeasonReg.aspx?playerId=50854"
"50854","SSG","2023","195","WBC 10(1라운드), 아시안게임 병역(금메달), APBC 10(준우승)","20","2026-08-03","https://www.koreabaseball.com/Record/Player/PitcherDetail/SeasonReg.aspx?playerId=50854"
"50854","SSG","2024","192","","0","2026-08-03","https://www.koreabaseball.com/Record/Player/PitcherDetail/SeasonReg.aspx?playerId=50854"
"50854","SSG","2025","197","","0","2026-08-03","https://www.koreabaseball.com/Record/Player/PitcherDetail/SeasonReg.aspx?playerId=50854"
"50859","SK","2020","40","","0","2026-08-03","https://www.koreabaseball.com/Record/Player/PitcherDetail/SeasonReg.aspx?playerId=50859"
"50859","SSG","2021","171","","0","2026-08-03","https://www.koreabaseball.com/Record/Player/PitcherDetail/SeasonReg.aspx?playerId=50859"
"50859","SSG","2022","172","","0","2026-08-03","https://www.koreabaseball.com/Record/Player/PitcherDetail/SeasonReg.aspx?playerId=50859"
"50859","SSG","2023","175","APBC 10(준우승)","10","2026-08-03","https://www.koreabaseball.com/Record/Player/PitcherDetail/SeasonReg.aspx?playerId=50859"
"50859","SSG","2024","179","","0","2026-08-03","https://www.koreabaseball.com/Record/Player/PitcherDetail/SeasonReg.aspx?playerId=50859"
"50859","KT","2025","167","","0","2026-08-03","https://www.koreabaseball.com/Record/Player/PitcherDetail/SeasonReg.aspx?playerId=50859"
"50868","SK","2020","14","","0","2026-08-03","https://www.koreabaseball.com/Record/Player/PitcherDetail/SeasonReg.aspx?playerId=50868"
"50868","SSG","2021","0","","0","2026-08-03","https://www.koreabaseball.com/Record/Player/PitcherDetail/SeasonReg.aspx?playerId=50868"
"50868","SSG","2023","9","","0","2026-08-03","https://www.koreabaseball.com/Record/Player/PitcherDetail/SeasonReg.aspx?playerId=50868"
"50868","SSG","2024","1","","0","2026-08-03","https://www.koreabaseball.com/Record/Player/PitcherDetail/SeasonReg.aspx?playerId=50868"
"50868","SSG","2025","50","","0","2026-08-03","https://www.koreabaseball.com/Record/Player/PitcherDetail/SeasonReg.aspx?playerId=50868"
"50901","NC","2020","1","","0","2026-08-03","https://www.koreabaseball.com/Record/Player/PitcherDetail/SeasonReg.aspx?playerId=50901"
"50901","NC","2021","23","","0","2026-08-03","https://www.koreabaseball.com/Record/Player/PitcherDetail/SeasonReg.aspx?playerId=50901"
"50901","NC","2025","12","","0","2026-08-03","https://www.koreabaseball.com/Record/Player/PitcherDetail/SeasonReg.aspx?playerId=50901"
"50902","NC","2022","95","세계야구선수권 10(준우승)","10","2026-08-03","https://www.koreabaseball.com/Record/Player/PitcherDetail/SeasonReg.aspx?playerId=50902"
"50902","NC","2023","190","","0","2026-08-03","https://www.koreabaseball.com/Record/Player/PitcherDetail/SeasonReg.aspx?playerId=50902"
"50902","NC","2024","129","","0","2026-08-03","https://www.koreabaseball.com/Record/Player/PitcherDetail/SeasonReg.aspx?playerId=50902"
"50902","NC","2025","150","","0","2026-08-03","https://www.koreabaseball.com/Record/Player/PitcherDetail/SeasonReg.aspx?playerId=50902"
"50903","NC","2024","12","","0","2026-08-03","https://www.koreabaseball.com/Record/Player/PitcherDetail/SeasonReg.aspx?playerId=50903"
"50903","NC","2025","28","","0","2026-08-03","https://www.koreabaseball.com/Record/Player/PitcherDetail/SeasonReg.aspx?playerId=50903"
"50904","LG","2024","93","","0","2026-08-03","https://www.koreabaseball.com/Record/Player/PitcherDetail/SeasonReg.aspx?playerId=50904"
"50904","LG","2025","35","","0","2026-08-03","https://www.koreabaseball.com/Record/Player/PitcherDetail/SeasonReg.aspx?playerId=50904"
"50906","NC","2023","87","","0","2026-08-03","https://www.koreabaseball.com/Record/Player/PitcherDetail/SeasonReg.aspx?playerId=50906"
"50906","NC","2024","82","","0","2026-08-03","https://www.koreabaseball.com/Record/Player/PitcherDetail/SeasonReg.aspx?playerId=50906"
"50906","NC","2025","31","","0","2026-08-03","https://www.koreabaseball.com/Record/Player/PitcherDetail/SeasonReg.aspx?playerId=50906"
"50992","NC","2020","2","","0","2026-08-03","https://www.koreabaseball.com/Record/Player/PitcherDetail/SeasonReg.aspx?playerId=50992"
"50992","NC","2021","29","","0","2026-08-03","https://www.koreabaseball.com/Record/Player/PitcherDetail/SeasonReg.aspx?playerId=50992"
"50992","NC","2022","88","","0","2026-08-03","https://www.koreabaseball.com/Record/Player/PitcherDetail/SeasonReg.aspx?playerId=50992"
"50992","NC","2025","39","","0","2026-08-03","https://www.koreabaseball.com/Record/Player/PitcherDetail/SeasonReg.aspx?playerId=50992"
"50996","NC","2020","1","","0","2026-08-03","https://www.koreabaseball.com/Record/Player/PitcherDetail/SeasonReg.aspx?playerId=50996"
"50996","NC","2021","4","","0","2026-08-03","https://www.koreabaseball.com/Record/Player/PitcherDetail/SeasonReg.aspx?playerId=50996"
"50996","NC","2024","97","","0","2026-08-03","https://www.koreabaseball.com/Record/Player/PitcherDetail/SeasonReg.aspx?playerId=50996"
"50996","NC","2025","86","","0","2026-08-03","https://www.koreabaseball.com/Record/Player/PitcherDetail/SeasonReg.aspx?playerId=50996"
"51003","KT","2021","157","","0","2026-08-03","https://www.koreabaseball.com/Record/Player/PitcherDetail/SeasonReg.aspx?playerId=51003"
"51003","KT","2022","115","","0","2026-08-03","https://www.koreabaseball.com/Record/Player/PitcherDetail/SeasonReg.aspx?playerId=51003"
"51003","KT","2024","26","","0","2026-08-03","https://www.koreabaseball.com/Record/Player/PitcherDetail/SeasonReg.aspx?playerId=51003"
"51003","KT","2025","196","","0","2026-08-03","https://www.koreabaseball.com/Record/Player/PitcherDetail/SeasonReg.aspx?playerId=51003"
"51005","KT","2021","21","","0","2026-08-03","https://www.koreabaseball.com/Record/Player/PitcherDetail/SeasonReg.aspx?playerId=51005"
"51005","KT","2023","0","","0","2026-08-03","https://www.koreabaseball.com/Record/Player/PitcherDetail/SeasonReg.aspx?playerId=51005"
"51005","KT","2024","30","","0","2026-08-03","https://www.koreabaseball.com/Record/Player/PitcherDetail/SeasonReg.aspx?playerId=51005"
"51005","KT","2025","5","","0","2026-08-03","https://www.koreabaseball.com/Record/Player/PitcherDetail/SeasonReg.aspx?playerId=51005"
"51007","KT","2023","0","","0","2026-08-03","https://www.koreabaseball.com/Record/Player/PitcherDetail/SeasonReg.aspx?playerId=51007"
"51007","KT","2025","56","","0","2026-08-03","https://www.koreabaseball.com/Record/Player/PitcherDetail/SeasonReg.aspx?playerId=51007"
"51013","KT","2021","0","","0","2026-08-03","https://www.koreabaseball.com/Record/Player/PitcherDetail/SeasonReg.aspx?playerId=51013"
"51013","KT","2022","9","","0","2026-08-03","https://www.koreabaseball.com/Record/Player/PitcherDetail/SeasonReg.aspx?playerId=51013"
"51013","KT","2025","66","","0","2026-08-03","https://www.koreabaseball.com/Record/Player/PitcherDetail/SeasonReg.aspx?playerId=51013"
"51058","KT","2021","9","","0","2026-08-03","https://www.koreabaseball.com/Record/Player/PitcherDetail/SeasonReg.aspx?playerId=51058"
"51058","KT","2024","51","","0","2026-08-03","https://www.koreabaseball.com/Record/Player/PitcherDetail/SeasonReg.aspx?playerId=51058"
"51058","KT","2025","4","","0","2026-08-03","https://www.koreabaseball.com/Record/Player/PitcherDetail/SeasonReg.aspx?playerId=51058"
"51100","LG","2021","136","","0","2026-08-03","https://www.koreabaseball.com/Record/Player/PitcherDetail/SeasonReg.aspx?playerId=51100"
"51100","LG","2022","151","","0","2026-08-03","https://www.koreabaseball.com/Record/Player/PitcherDetail/SeasonReg.aspx?playerId=51100"
"51100","LG","2024","55","","0","2026-08-03","https://www.koreabaseball.com/Record/Player/PitcherDetail/SeasonReg.aspx?playerId=51100"
"51100","LG","2025","97","","0","2026-08-03","https://www.koreabaseball.com/Record/Player/PitcherDetail/SeasonReg.aspx?playerId=51100"
"51111","LG","2022","24","","0","2026-08-03","https://www.koreabaseball.com/Record/Player/PitcherDetail/SeasonReg.aspx?playerId=51111"
"51111","LG","2023","5","","0","2026-08-03","https://www.koreabaseball.com/Record/Player/PitcherDetail/SeasonReg.aspx?playerId=51111"
"51111","LG","2025","189","","0","2026-08-03","https://www.koreabaseball.com/Record/Player/PitcherDetail/SeasonReg.aspx?playerId=51111"
"51154","LG","2021","7","","0","2026-08-03","https://www.koreabaseball.com/Record/Player/PitcherDetail/SeasonReg.aspx?playerId=51154"
"51154","LG","2023","0","","0","2026-08-03","https://www.koreabaseball.com/Record/Player/PitcherDetail/SeasonReg.aspx?playerId=51154"
"51154","LG","2024","39","","0","2026-08-03","https://www.koreabaseball.com/Record/Player/PitcherDetail/SeasonReg.aspx?playerId=51154"
"51154","LG","2025","42","","0","2026-08-03","https://www.koreabaseball.com/Record/Player/PitcherDetail/SeasonReg.aspx?playerId=51154"
"51203","두산","2021","173","","0","2026-08-03","https://www.koreabaseball.com/Record/Player/PitcherDetail/SeasonReg.aspx?playerId=51203"
"51203","두산","2022","158","","0","2026-08-03","https://www.koreabaseball.com/Record/Player/PitcherDetail/SeasonReg.aspx?playerId=51203"
"51203","두산","2023","75","","0","2026-08-03","https://www.koreabaseball.com/Record/Player/PitcherDetail/SeasonReg.aspx?playerId=51203"
"51203","두산","2025","50","","0","2026-08-03","https://www.koreabaseball.com/Record/Player/PitcherDetail/SeasonReg.aspx?playerId=51203"
"51264","두산","2021","64","","0","2026-08-03","https://www.koreabaseball.com/Record/Player/PitcherDetail/SeasonReg.aspx?playerId=51264"
"51264","두산","2022","190","","0","2026-08-03","https://www.koreabaseball.com/Record/Player/PitcherDetail/SeasonReg.aspx?playerId=51264"
"51264","두산","2023","177","APBC 10(준우승)","10","2026-08-03","https://www.koreabaseball.com/Record/Player/PitcherDetail/SeasonReg.aspx?playerId=51264"
"51264","두산","2024","63","프리미어12 10(5위)","10","2026-08-03","https://www.koreabaseball.com/Record/Player/PitcherDetail/SeasonReg.aspx?playerId=51264"
"51264","두산","2025","146","","0","2026-08-03","https://www.koreabaseball.com/Record/Player/PitcherDetail/SeasonReg.aspx?playerId=51264"
"51269","두산","2021","0","","0","2026-08-03","https://www.koreabaseball.com/Record/Player/PitcherDetail/SeasonReg.aspx?playerId=51269"
"51269","두산","2022","5","","0","2026-08-03","https://www.koreabaseball.com/Record/Player/PitcherDetail/SeasonReg.aspx?playerId=51269"
"51269","두산","2025","2","","0","2026-08-03","https://www.koreabaseball.com/Record/Player/PitcherDetail/SeasonReg.aspx?playerId=51269"
"51298","두산","2021","7","","0","2026-08-03","https://www.koreabaseball.com/Record/Player/PitcherDetail/SeasonReg.aspx?playerId=51298"
"51298","두산","2022","1","","0","2026-08-03","https://www.koreabaseball.com/Record/Player/PitcherDetail/SeasonReg.aspx?playerId=51298"
"51298","두산","2023","0","","0","2026-08-03","https://www.koreabaseball.com/Record/Player/PitcherDetail/SeasonReg.aspx?playerId=51298"
"51298","두산","2025","28","","0","2026-08-03","https://www.koreabaseball.com/Record/Player/PitcherDetail/SeasonReg.aspx?playerId=51298"
"51302","키움","2021","25","","0","2026-08-03","https://www.koreabaseball.com/Record/Player/PitcherDetail/SeasonReg.aspx?playerId=51302"
"51302","키움","2022","70","","0","2026-08-03","https://www.koreabaseball.com/Record/Player/PitcherDetail/SeasonReg.aspx?playerId=51302"
"51302","키움","2023","0","","0","2026-08-03","https://www.koreabaseball.com/Record/Player/PitcherDetail/SeasonReg.aspx?playerId=51302"
"51302","키움","2025","27","","0","2026-08-03","https://www.koreabaseball.com/Record/Player/PitcherDetail/SeasonReg.aspx?playerId=51302"
"51344","키움","2021","58","","0","2026-08-03","https://www.koreabaseball.com/Record/Player/PitcherDetail/SeasonReg.aspx?playerId=51344"
"51344","키움","2022","168","","0","2026-08-03","https://www.koreabaseball.com/Record/Player/PitcherDetail/SeasonReg.aspx?playerId=51344"
"51344","키움","2023","186","APBC 10(준우승)","10","2026-08-03","https://www.koreabaseball.com/Record/Player/PitcherDetail/SeasonReg.aspx?playerId=51344"
"51344","NC","2024","193","프리미어12 10(5위)","10","2026-08-03","https://www.koreabaseball.com/Record/Player/PitcherDetail/SeasonReg.aspx?playerId=51344"
"51344","NC","2025","197","","0","2026-08-03","https://www.koreabaseball.com/Record/Player/PitcherDetail/SeasonReg.aspx?playerId=51344"
"51407","삼성","2024","17","","0","2026-08-03","https://www.koreabaseball.com/Record/Player/PitcherDetail/SeasonReg.aspx?playerId=51407"
"51407","삼성","2025","29","","0","2026-08-03","https://www.koreabaseball.com/Record/Player/PitcherDetail/SeasonReg.aspx?playerId=51407"
"51454","삼성","2021","117","","0","2026-08-03","https://www.koreabaseball.com/Record/Player/PitcherDetail/SeasonReg.aspx?playerId=51454"
"51454","삼성","2022","150","","0","2026-08-03","https://www.koreabaseball.com/Record/Player/PitcherDetail/SeasonReg.aspx?playerId=51454"
"51454","삼성","2023","137","","0","2026-08-03","https://www.koreabaseball.com/Record/Player/PitcherDetail/SeasonReg.aspx?playerId=51454"
"51454","삼성","2024","146","","0","2026-08-03","https://www.koreabaseball.com/Record/Player/PitcherDetail/SeasonReg.aspx?playerId=51454"
"51454","삼성","2025","168","","0","2026-08-03","https://www.koreabaseball.com/Record/Player/PitcherDetail/SeasonReg.aspx?playerId=51454"
"51460","삼성","2021","31","","0","2026-08-03","https://www.koreabaseball.com/Record/Player/PitcherDetail/SeasonReg.aspx?playerId=51460"
"51460","삼성","2022","0","","0","2026-08-03","https://www.koreabaseball.com/Record/Player/PitcherDetail/SeasonReg.aspx?playerId=51460"
"51460","삼성","2023","9","","0","2026-08-03","https://www.koreabaseball.com/Record/Player/PitcherDetail/SeasonReg.aspx?playerId=51460"
"51460","삼성","2025","54","","0","2026-08-03","https://www.koreabaseball.com/Record/Player/PitcherDetail/SeasonReg.aspx?playerId=51460"
"51516","롯데","2021","127","올림픽 10(4위)","10","2026-08-03","https://www.koreabaseball.com/Record/Player/PitcherDetail/SeasonReg.aspx?playerId=51516"
"51516","롯데","2022","82","","0","2026-08-03","https://www.koreabaseball.com/Record/Player/PitcherDetail/SeasonReg.aspx?playerId=51516"
"51516","롯데","2023","154","","0","2026-08-03","https://www.koreabaseball.com/Record/Player/PitcherDetail/SeasonReg.aspx?playerId=51516"
"51516","롯데","2024","130","","0","2026-08-03","https://www.koreabaseball.com/Record/Player/PitcherDetail/SeasonReg.aspx?playerId=51516"
"51516","롯데","2025","46","","0","2026-08-03","https://www.koreabaseball.com/Record/Player/PitcherDetail/SeasonReg.aspx?playerId=51516"
"51526","롯데","2023","9","아시아 야구선수권 5(동메달)","5","2026-08-03","https://www.koreabaseball.com/Record/Player/PitcherDetail/SeasonReg.aspx?playerId=51526"
"51526","LG","2024","71","","0","2026-08-03","https://www.koreabaseball.com/Record/Player/PitcherDetail/SeasonReg.aspx?playerId=51526"
"51526","LG","2025","45","","0","2026-08-03","https://www.koreabaseball.com/Record/Player/PitcherDetail/SeasonReg.aspx?playerId=51526"
"51528","롯데","2021","58","","0","2026-08-03","https://www.koreabaseball.com/Record/Player/PitcherDetail/SeasonReg.aspx?playerId=51528"
"51528","롯데","2023","112","APBC 10(준우승)","10","2026-08-03","https://www.koreabaseball.com/Record/Player/PitcherDetail/SeasonReg.aspx?playerId=51528"
"51528","롯데","2024","149","","0","2026-08-03","https://www.koreabaseball.com/Record/Player/PitcherDetail/SeasonReg.aspx?playerId=51528"
"51528","롯데","2025","91","","0","2026-08-03","https://www.koreabaseball.com/Record/Player/PitcherDetail/SeasonReg.aspx?playerId=51528"
"51546","롯데","2021","31","","0","2026-08-03","https://www.koreabaseball.com/Record/Player/PitcherDetail/SeasonReg.aspx?playerId=51546"
"51546","롯데","2022","2","","0","2026-08-03","https://www.koreabaseball.com/Record/Player/PitcherDetail/SeasonReg.aspx?playerId=51546"
"51546","롯데","2024","50","","0","2026-08-03","https://www.koreabaseball.com/Record/Player/PitcherDetail/SeasonReg.aspx?playerId=51546"
"51546","롯데","2025","24","","0","2026-08-03","https://www.koreabaseball.com/Record/Player/PitcherDetail/SeasonReg.aspx?playerId=51546"
"51551","롯데","2021","96","","0","2026-08-03","https://www.koreabaseball.com/Record/Player/PitcherDetail/SeasonReg.aspx?playerId=51551"
"51551","롯데","2022","0","","0","2026-08-03","https://www.koreabaseball.com/Record/Player/PitcherDetail/SeasonReg.aspx?playerId=51551"
"51551","롯데","2024","165","프리미어12 10(5위)","10","2026-08-03","https://www.koreabaseball.com/Record/Player/PitcherDetail/SeasonReg.aspx?playerId=51551"
"51551","롯데","2025","154","","0","2026-08-03","https://www.koreabaseball.com/Record/Player/PitcherDetail/SeasonReg.aspx?playerId=51551"
"51594","롯데","2021","53","","0","2026-08-03","https://www.koreabaseball.com/Record/Player/PitcherDetail/SeasonReg.aspx?playerId=51594"
"51594","롯데","2022","0","","0","2026-08-03","https://www.koreabaseball.com/Record/Player/PitcherDetail/SeasonReg.aspx?playerId=51594"
"51594","롯데","2024","44","세계야구선수권 5(6위)","5","2026-08-03","https://www.koreabaseball.com/Record/Player/PitcherDetail/SeasonReg.aspx?playerId=51594"
"51594","롯데","2025","116","","0","2026-08-03","https://www.koreabaseball.com/Record/Player/PitcherDetail/SeasonReg.aspx?playerId=51594"
"51648","KIA","2021","150","올림픽 10(4위)","10","2026-08-03","https://www.koreabaseball.com/Record/Player/PitcherDetail/SeasonReg.aspx?playerId=51648"
"51648","KIA","2022","184","","0","2026-08-03","https://www.koreabaseball.com/Record/Player/PitcherDetail/SeasonReg.aspx?playerId=51648"
"51648","KIA","2023","169","WBC 10(1라운드), APBC 10(준우승)","20","2026-08-03","https://www.koreabaseball.com/Record/Player/PitcherDetail/SeasonReg.aspx?playerId=51648"
"51648","KIA","2024","48","","0","2026-08-03","https://www.koreabaseball.com/Record/Player/PitcherDetail/SeasonReg.aspx?playerId=51648"
"51648","KIA","2025","80","","0","2026-08-03","https://www.koreabaseball.com/Record/Player/PitcherDetail/SeasonReg.aspx?playerId=51648"
"51715","한화","2021","117","","0","2026-08-03","https://www.koreabaseball.com/Record/Player/PitcherDetail/SeasonReg.aspx?playerId=51715"
"51715","한화","2022","27","세계야구선수권 10(준우승)","10","2026-08-03","https://www.koreabaseball.com/Record/Player/PitcherDetail/SeasonReg.aspx?playerId=51715"
"51715","한화","2023","125","","0","2026-08-03","https://www.koreabaseball.com/Record/Player/PitcherDetail/SeasonReg.aspx?playerId=51715"
"51715","한화","2024","141","","0","2026-08-03","https://www.koreabaseball.com/Record/Player/PitcherDetail/SeasonReg.aspx?playerId=51715"
"51715","한화","2025","37","","0","2026-08-03","https://www.koreabaseball.com/Record/Player/PitcherDetail/SeasonReg.aspx?playerId=51715"
"51761","한화","2021","96","","0","2026-08-03","https://www.koreabaseball.com/Record/Player/PitcherDetail/SeasonReg.aspx?playerId=51761"
"51761","한화","2025","0","","0","2026-08-03","https://www.koreabaseball.com/Record/Player/PitcherDetail/SeasonReg.aspx?playerId=51761"
"51762","한화","2021","29","","0","2026-08-03","https://www.koreabaseball.com/Record/Player/PitcherDetail/SeasonReg.aspx?playerId=51762"
"51762","한화","2022","0","","0","2026-08-03","https://www.koreabaseball.com/Record/Player/PitcherDetail/SeasonReg.aspx?playerId=51762"
"51762","한화","2024","36","","0","2026-08-03","https://www.koreabaseball.com/Record/Player/PitcherDetail/SeasonReg.aspx?playerId=51762"
"51762","한화","2025","6","","0","2026-08-03","https://www.koreabaseball.com/Record/Player/PitcherDetail/SeasonReg.aspx?playerId=51762"
"51764","한화","2021","9","세계야구선수권 5(8위)","5","2026-08-03","https://www.koreabaseball.com/Record/Player/PitcherDetail/SeasonReg.aspx?playerId=51764"
"51764","한화","2022","20","","0","2026-08-03","https://www.koreabaseball.com/Record/Player/PitcherDetail/SeasonReg.aspx?playerId=51764"
"51764","한화","2023","0","","0","2026-08-03","https://www.koreabaseball.com/Record/Player/PitcherDetail/SeasonReg.aspx?playerId=51764"
"51764","한화","2025","0","","0","2026-08-03","https://www.koreabaseball.com/Record/Player/PitcherDetail/SeasonReg.aspx?playerId=51764"
"51865","SSG","2021","0","세계야구선수권 5(8위)","5","2026-08-03","https://www.koreabaseball.com/Record/Player/PitcherDetail/SeasonReg.aspx?playerId=51865"
"51865","SSG","2022","57","","0","2026-08-03","https://www.koreabaseball.com/Record/Player/PitcherDetail/SeasonReg.aspx?playerId=51865"
"51865","SSG","2023","149","","0","2026-08-03","https://www.koreabaseball.com/Record/Player/PitcherDetail/SeasonReg.aspx?playerId=51865"
"51865","SSG","2024","86","","0","2026-08-03","https://www.koreabaseball.com/Record/Player/PitcherDetail/SeasonReg.aspx?playerId=51865"
"51865","SSG","2025","194","","0","2026-08-03","https://www.koreabaseball.com/Record/Player/PitcherDetail/SeasonReg.aspx?playerId=51865"
"51867","SSG","2021","30","세계야구선수권 5(8위)","5","2026-08-03","https://www.koreabaseball.com/Record/Player/PitcherDetail/SeasonReg.aspx?playerId=51867"
"51867","SSG","2022","19","","0","2026-08-03","https://www.koreabaseball.com/Record/Player/PitcherDetail/SeasonReg.aspx?playerId=51867"
"51867","SSG","2024","0","","0","2026-08-03","https://www.koreabaseball.com/Record/Player/PitcherDetail/SeasonReg.aspx?playerId=51867"
"51867","SSG","2025","128","","0","2026-08-03","https://www.koreabaseball.com/Record/Player/PitcherDetail/SeasonReg.aspx?playerId=51867"
"51868","SSG","2021","12","세계야구선수권 5(8위)","5","2026-08-03","https://www.koreabaseball.com/Record/Player/PitcherDetail/SeasonReg.aspx?playerId=51868"
"51868","SSG","2022","0","","0","2026-08-03","https://www.koreabaseball.com/Record/Player/PitcherDetail/SeasonReg.aspx?playerId=51868"
"51868","SSG","2023","3","","0","2026-08-03","https://www.koreabaseball.com/Record/Player/PitcherDetail/SeasonReg.aspx?playerId=51868"
"51868","SSG","2024","167","","0","2026-08-03","https://www.koreabaseball.com/Record/Player/PitcherDetail/SeasonReg.aspx?playerId=51868"
"51868","SSG","2025","185","","0","2026-08-03","https://www.koreabaseball.com/Record/Player/PitcherDetail/SeasonReg.aspx?playerId=51868"
"51895","SSG","2021","159","","0","2026-08-03","https://www.koreabaseball.com/Record/Player/PitcherDetail/SeasonReg.aspx?playerId=51895"
"51895","SSG","2022","175","","0","2026-08-03","https://www.koreabaseball.com/Record/Player/PitcherDetail/SeasonReg.aspx?playerId=51895"
"51895","SSG","2024","70","","0","2026-08-03","https://www.koreabaseball.com/Record/Player/PitcherDetail/SeasonReg.aspx?playerId=51895"
"51895","SSG","2025","0","","0","2026-08-03","https://www.koreabaseball.com/Record/Player/PitcherDetail/SeasonReg.aspx?playerId=51895"
"51897","SSG","2021","14","","0","2026-08-03","https://www.koreabaseball.com/Record/Player/PitcherDetail/SeasonReg.aspx?playerId=51897"
"51897","SSG","2022","0","","0","2026-08-03","https://www.koreabaseball.com/Record/Player/PitcherDetail/SeasonReg.aspx?playerId=51897"
"51897","SSG","2024","192","프리미어12 10(5위)","10","2026-08-03","https://www.koreabaseball.com/Record/Player/PitcherDetail/SeasonReg.aspx?playerId=51897"
"51897","SSG","2025","197","","0","2026-08-03","https://www.koreabaseball.com/Record/Player/PitcherDetail/SeasonReg.aspx?playerId=51897"
"51903","NC","2025","26","","0","2026-08-03","https://www.koreabaseball.com/Record/Player/PitcherDetail/SeasonReg.aspx?playerId=51903"
"51907","NC","2021","92","","0","2026-08-03","https://www.koreabaseball.com/Record/Player/PitcherDetail/SeasonReg.aspx?playerId=51907"
"51907","NC","2022","147","","0","2026-08-03","https://www.koreabaseball.com/Record/Player/PitcherDetail/SeasonReg.aspx?playerId=51907"
"51907","NC","2023","200","아시안게임 병역(금메달), APBC 10(준우승)","10","2026-08-03","https://www.koreabaseball.com/Record/Player/PitcherDetail/SeasonReg.aspx?playerId=51907"
"51907","NC","2024","193","프리미어12 10(5위)","10","2026-08-03","https://www.koreabaseball.com/Record/Player/PitcherDetail/SeasonReg.aspx?playerId=51907"
"51907","NC","2025","197","","0","2026-08-03","https://www.koreabaseball.com/Record/Player/PitcherDetail/SeasonReg.aspx?playerId=51907"
"51994","NC","2021","0","","0","2026-08-03","https://www.koreabaseball.com/Record/Player/PitcherDetail/SeasonReg.aspx?playerId=51994"
"51994","NC","2022","52","","0","2026-08-03","https://www.koreabaseball.com/Record/Player/PitcherDetail/SeasonReg.aspx?playerId=51994"
"51994","NC","2023","53","","0","2026-08-03","https://www.koreabaseball.com/Record/Player/PitcherDetail/SeasonReg.aspx?playerId=51994"
"51994","NC","2024","149","","0","2026-08-03","https://www.koreabaseball.com/Record/Player/PitcherDetail/SeasonReg.aspx?playerId=51994"
"51994","KIA","2025","133","","0","2026-08-03","https://www.koreabaseball.com/Record/Player/PitcherDetail/SeasonReg.aspx?playerId=51994"
"51996","NC","2021","2","","0","2026-08-03","https://www.koreabaseball.com/Record/Player/PitcherDetail/SeasonReg.aspx?playerId=51996"
"51996","NC","2022","49","","0","2026-08-03","https://www.koreabaseball.com/Record/Player/PitcherDetail/SeasonReg.aspx?playerId=51996"
"51996","NC","2023","48","","0","2026-08-03","https://www.koreabaseball.com/Record/Player/PitcherDetail/SeasonReg.aspx?playerId=51996"
"51996","NC","2025","19","","0","2026-08-03","https://www.koreabaseball.com/Record/Player/PitcherDetail/SeasonReg.aspx?playerId=51996"
"52001","KT","2022","0","","0","2026-08-03","https://www.koreabaseball.com/Record/Player/PitcherDetail/SeasonReg.aspx?playerId=52001"
"52001","KT","2024","68","","0","2026-08-03","https://www.koreabaseball.com/Record/Player/PitcherDetail/SeasonReg.aspx?playerId=52001"
"52001","KT","2025","166","","0","2026-08-03","https://www.koreabaseball.com/Record/Player/PitcherDetail/SeasonReg.aspx?playerId=52001"
"52002","KT","2023","10","","0","2026-08-03","https://www.koreabaseball.com/Record/Player/PitcherDetail/SeasonReg.aspx?playerId=52002"
"52002","KT","2024","69","","0","2026-08-03","https://www.koreabaseball.com/Record/Player/PitcherDetail/SeasonReg.aspx?playerId=52002"
"52002","KT","2025","13","","0","2026-08-03","https://www.koreabaseball.com/Record/Player/PitcherDetail/SeasonReg.aspx?playerId=52002"
"52060","KT","2022","175","","0","2026-08-03","https://www.koreabaseball.com/Record/Player/PitcherDetail/SeasonReg.aspx?playerId=52060"
"52060","KT","2023","192","아시안게임 병역(금메달)","0","2026-08-03","https://www.koreabaseball.com/Record/Player/PitcherDetail/SeasonReg.aspx?playerId=52060"
"52060","KT","2024","190","프리미어12 10(5위)","10","2026-08-03","https://www.koreabaseball.com/Record/Player/PitcherDetail/SeasonReg.aspx?playerId=52060"
"52060","KT","2025","196","","0","2026-08-03","https://www.koreabaseball.com/Record/Player/PitcherDetail/SeasonReg.aspx?playerId=52060"
"52103","LG","2024","114","","0","2026-08-03","https://www.koreabaseball.com/Record/Player/PitcherDetail/SeasonReg.aspx?playerId=52103"
"52103","LG","2025","194","","0","2026-08-03","https://www.koreabaseball.com/Record/Player/PitcherDetail/SeasonReg.aspx?playerId=52103"
"52105","LG","2024","21","","0","2026-08-03","https://www.koreabaseball.com/Record/Player/PitcherDetail/SeasonReg.aspx?playerId=52105"
"52105","LG","2025","48","","0","2026-08-03","https://www.koreabaseball.com/Record/Player/PitcherDetail/SeasonReg.aspx?playerId=52105"
"52119","LG","2022","18","","0","2026-08-03","https://www.koreabaseball.com/Record/Player/PitcherDetail/SeasonReg.aspx?playerId=52119"
"52119","LG","2023","0","","0","2026-08-03","https://www.koreabaseball.com/Record/Player/PitcherDetail/SeasonReg.aspx?playerId=52119"
"52119","LG","2025","1","","0","2026-08-03","https://www.koreabaseball.com/Record/Player/PitcherDetail/SeasonReg.aspx?playerId=52119"
"52121","LG","2025","43","","0","2026-08-03","https://www.koreabaseball.com/Record/Player/PitcherDetail/SeasonReg.aspx?playerId=52121"
"52154","LG","2022","0","","0","2026-08-03","https://www.koreabaseball.com/Record/Player/PitcherDetail/SeasonReg.aspx?playerId=52154"
"52154","LG","2024","4","","0","2026-08-03","https://www.koreabaseball.com/Record/Player/PitcherDetail/SeasonReg.aspx?playerId=52154"
"52154","LG","2025","194","","0","2026-08-03","https://www.koreabaseball.com/Record/Player/PitcherDetail/SeasonReg.aspx?playerId=52154"
"52202","두산","2022","0","","0","2026-08-03","https://www.koreabaseball.com/Record/Player/PitcherDetail/SeasonReg.aspx?playerId=52202"
"52202","두산","2025","37","","0","2026-08-03","https://www.koreabaseball.com/Record/Player/PitcherDetail/SeasonReg.aspx?playerId=52202"
"52204","두산","2022","36","","0","2026-08-03","https://www.koreabaseball.com/Record/Player/PitcherDetail/SeasonReg.aspx?playerId=52204"
"52204","두산","2023","105","아시아 야구선수권 5(동메달)","5","2026-08-03","https://www.koreabaseball.com/Record/Player/PitcherDetail/SeasonReg.aspx?playerId=52204"
"52204","두산","2024","190","","0","2026-08-03","https://www.koreabaseball.com/Record/Player/PitcherDetail/SeasonReg.aspx?playerId=52204"
"52204","두산","2025","74","","0","2026-08-03","https://www.koreabaseball.com/Record/Player/PitcherDetail/SeasonReg.aspx?playerId=52204"
"52206","두산","2022","9","","0","2026-08-03","https://www.koreabaseball.com/Record/Player/PitcherDetail/SeasonReg.aspx?playerId=52206"
"52206","두산","2023","82","","0","2026-08-03","https://www.koreabaseball.com/Record/Player/PitcherDetail/SeasonReg.aspx?playerId=52206"
"52206","두산","2024","170","","0","2026-08-03","https://www.koreabaseball.com/Record/Player/PitcherDetail/SeasonReg.aspx?playerId=52206"
"52206","두산","2025","140","","0","2026-08-03","https://www.koreabaseball.com/Record/Player/PitcherDetail/SeasonReg.aspx?playerId=52206"
"52208","두산","2025","3","","0","2026-08-03","https://www.koreabaseball.com/Record/Player/PitcherDetail/SeasonReg.aspx?playerId=52208"
"52267","두산","2022","0","","0","2026-08-03","https://www.koreabaseball.com/Record/Player/PitcherDetail/SeasonReg.aspx?playerId=52267"
"52267","두산","2025","59","","0","2026-08-03","https://www.koreabaseball.com/Record/Player/PitcherDetail/SeasonReg.aspx?playerId=52267"
"52305","키움","2023","54","","0","2026-08-03","https://www.koreabaseball.com/Record/Player/PitcherDetail/SeasonReg.aspx?playerId=52305"
"52305","키움","2024","166","","0","2026-08-03","https://www.koreabaseball.com/Record/Player/PitcherDetail/SeasonReg.aspx?playerId=52305"
"52305","키움","2025","96","","0","2026-08-03","https://www.koreabaseball.com/Record/Player/PitcherDetail/SeasonReg.aspx?playerId=52305"
"52330","키움","2022","25","","0","2026-08-03","https://www.koreabaseball.com/Record/Player/PitcherDetail/SeasonReg.aspx?playerId=52330"
"52330","키움","2023","50","","0","2026-08-03","https://www.koreabaseball.com/Record/Player/PitcherDetail/SeasonReg.aspx?playerId=52330"
"52330","키움","2024","182","","0","2026-08-03","https://www.koreabaseball.com/Record/Player/PitcherDetail/SeasonReg.aspx?playerId=52330"
"52330","키움","2025","172","","0","2026-08-03","https://www.koreabaseball.com/Record/Player/PitcherDetail/SeasonReg.aspx?playerId=52330"
"52395","키움","2023","84","","0","2026-08-03","https://www.koreabaseball.com/Record/Player/PitcherDetail/SeasonReg.aspx?playerId=52395"
"52395","키움","2024","45","","0","2026-08-03","https://www.koreabaseball.com/Record/Player/PitcherDetail/SeasonReg.aspx?playerId=52395"
"52395","키움","2025","114","","0","2026-08-03","https://www.koreabaseball.com/Record/Player/PitcherDetail/SeasonReg.aspx?playerId=52395"
"52415","삼성","2022","139","","0","2026-08-03","https://www.koreabaseball.com/Record/Player/PitcherDetail/SeasonReg.aspx?playerId=52415"
"52415","삼성","2023","198","","0","2026-08-03","https://www.koreabaseball.com/Record/Player/PitcherDetail/SeasonReg.aspx?playerId=52415"
"52415","삼성","2024","162","","0","2026-08-03","https://www.koreabaseball.com/Record/Player/PitcherDetail/SeasonReg.aspx?playerId=52415"
"52415","삼성","2025","197","","0","2026-08-03","https://www.koreabaseball.com/Record/Player/PitcherDetail/SeasonReg.aspx?playerId=52415"
"52424","삼성","2022","24","","0","2026-08-03","https://www.koreabaseball.com/Record/Player/PitcherDetail/SeasonReg.aspx?playerId=52424"
"52424","삼성","2024","68","","0","2026-08-03","https://www.koreabaseball.com/Record/Player/PitcherDetail/SeasonReg.aspx?playerId=52424"
"52424","삼성","2025","19","","0","2026-08-03","https://www.koreabaseball.com/Record/Player/PitcherDetail/SeasonReg.aspx?playerId=52424"
"52430","삼성","2022","26","","0","2026-08-03","https://www.koreabaseball.com/Record/Player/PitcherDetail/SeasonReg.aspx?playerId=52430"
"52430","삼성","2023","116","","0","2026-08-03","https://www.koreabaseball.com/Record/Player/PitcherDetail/SeasonReg.aspx?playerId=52430"
"52430","삼성","2024","183","","0","2026-08-03","https://www.koreabaseball.com/Record/Player/PitcherDetail/SeasonReg.aspx?playerId=52430"
"52430","삼성","2025","186","","0","2026-08-03","https://www.koreabaseball.com/Record/Player/PitcherDetail/SeasonReg.aspx?playerId=52430"
"52504","롯데","2023","25","","0","2026-08-03","https://www.koreabaseball.com/Record/Player/PitcherDetail/SeasonReg.aspx?playerId=52504"
"52504","롯데","2024","68","","0","2026-08-03","https://www.koreabaseball.com/Record/Player/PitcherDetail/SeasonReg.aspx?playerId=52504"
"52504","롯데","2025","136","","0","2026-08-03","https://www.koreabaseball.com/Record/Player/PitcherDetail/SeasonReg.aspx?playerId=52504"
"52514","롯데","2022","16","","0","2026-08-03","https://www.koreabaseball.com/Record/Player/PitcherDetail/SeasonReg.aspx?playerId=52514"
"52514","롯데","2023","0","","0","2026-08-03","https://www.koreabaseball.com/Record/Player/PitcherDetail/SeasonReg.aspx?playerId=52514"
"52514","롯데","2025","4","","0","2026-08-03","https://www.koreabaseball.com/Record/Player/PitcherDetail/SeasonReg.aspx?playerId=52514"
"52516","롯데","2022","85","세계야구선수권 10(준우승)","10","2026-08-03","https://www.koreabaseball.com/Record/Player/PitcherDetail/SeasonReg.aspx?playerId=52516"
"52516","롯데","2023","0","","0","2026-08-03","https://www.koreabaseball.com/Record/Player/PitcherDetail/SeasonReg.aspx?playerId=52516"
"52516","롯데","2025","47","","0","2026-08-03","https://www.koreabaseball.com/Record/Player/PitcherDetail/SeasonReg.aspx?playerId=52516"
"52530","롯데","2022","82","","0","2026-08-03","https://www.koreabaseball.com/Record/Player/PitcherDetail/SeasonReg.aspx?playerId=52530"
"52530","롯데","2023","31","","0","2026-08-03","https://www.koreabaseball.com/Record/Player/PitcherDetail/SeasonReg.aspx?playerId=52530"
"52530","롯데","2024","72","","0","2026-08-03","https://www.koreabaseball.com/Record/Player/PitcherDetail/SeasonReg.aspx?playerId=52530"
"52530","롯데","2025","141","","0","2026-08-03","https://www.koreabaseball.com/Record/Player/PitcherDetail/SeasonReg.aspx?playerId=52530"
"52568","롯데","2022","85","세계야구선수권 10(준우승)","10","2026-08-03","https://www.koreabaseball.com/Record/Player/PitcherDetail/SeasonReg.aspx?playerId=52568"
"52568","롯데","2023","0","","0","2026-08-03","https://www.koreabaseball.com/Record/Player/PitcherDetail/SeasonReg.aspx?playerId=52568"
"52568","롯데","2025","168","","0","2026-08-03","https://www.koreabaseball.com/Record/Player/PitcherDetail/SeasonReg.aspx?playerId=52568"
"52591","롯데","2022","19","세계야구선수권 10(준우승)","10","2026-08-03","https://www.koreabaseball.com/Record/Player/PitcherDetail/SeasonReg.aspx?playerId=52591"
"52591","롯데","2023","177","아시안게임 병역(금메달), APBC 10(준우승)","10","2026-08-03","https://www.koreabaseball.com/Record/Player/PitcherDetail/SeasonReg.aspx?playerId=52591"
"52591","롯데","2024","193","프리미어12 10(5위)","10","2026-08-03","https://www.koreabaseball.com/Record/Player/PitcherDetail/SeasonReg.aspx?playerId=52591"
"52591","롯데","2025","159","","0","2026-08-03","https://www.koreabaseball.com/Record/Player/PitcherDetail/SeasonReg.aspx?playerId=52591"
"52605","KIA","2022","167","","0","2026-08-03","https://www.koreabaseball.com/Record/Player/PitcherDetail/SeasonReg.aspx?playerId=52605"
"52605","KIA","2023","149","APBC 10(준우승)","10","2026-08-03","https://www.koreabaseball.com/Record/Player/PitcherDetail/SeasonReg.aspx?playerId=52605"
"52605","KIA","2024","192","프리미어12 10(5위)","10","2026-08-03","https://www.koreabaseball.com/Record/Player/PitcherDetail/SeasonReg.aspx?playerId=52605"
"52605","KIA","2025","70","","0","2026-08-03","https://www.koreabaseball.com/Record/Player/PitcherDetail/SeasonReg.aspx?playerId=52605"
"52639","KIA","2022","24","","0","2026-08-03","https://www.koreabaseball.com/Record/Player/PitcherDetail/SeasonReg.aspx?playerId=52639"
"52639","KIA","2023","199","아시안게임 병역(금메달), APBC 10(준우승)","10","2026-08-03","https://www.koreabaseball.com/Record/Player/PitcherDetail/SeasonReg.aspx?playerId=52639"
"52639","KIA","2024","158","프리미어12 10(5위)","10","2026-08-03","https://www.koreabaseball.com/Record/Player/PitcherDetail/SeasonReg.aspx?playerId=52639"
"52639","KIA","2025","187","","0","2026-08-03","https://www.koreabaseball.com/Record/Player/PitcherDetail/SeasonReg.aspx?playerId=52639"
"52641","KIA","2023","65","","0","2026-08-03","https://www.koreabaseball.com/Record/Player/PitcherDetail/SeasonReg.aspx?playerId=52641"
"52641","KIA","2024","167","","0","2026-08-03","https://www.koreabaseball.com/Record/Player/PitcherDetail/SeasonReg.aspx?playerId=52641"
"52641","KIA","2025","60","","0","2026-08-03","https://www.koreabaseball.com/Record/Player/PitcherDetail/SeasonReg.aspx?playerId=52641"
"52667","KIA","2022","0","","0","2026-08-03","https://www.koreabaseball.com/Record/Player/PitcherDetail/SeasonReg.aspx?playerId=52667"
"52667","KIA","2023","1","","0","2026-08-03","https://www.koreabaseball.com/Record/Player/PitcherDetail/SeasonReg.aspx?playerId=52667"
"52667","KIA","2024","10","","0","2026-08-03","https://www.koreabaseball.com/Record/Player/PitcherDetail/SeasonReg.aspx?playerId=52667"
"52667","KIA","2025","89","","0","2026-08-03","https://www.koreabaseball.com/Record/Player/PitcherDetail/SeasonReg.aspx?playerId=52667"
"52701","한화","2022","87","","0","2026-08-03","https://www.koreabaseball.com/Record/Player/PitcherDetail/SeasonReg.aspx?playerId=52701"
"52701","한화","2023","157","아시안게임 병역(금메달), APBC 10(준우승)","10","2026-08-03","https://www.koreabaseball.com/Record/Player/PitcherDetail/SeasonReg.aspx?playerId=52701"
"52701","한화","2024","149","","0","2026-08-03","https://www.koreabaseball.com/Record/Player/PitcherDetail/SeasonReg.aspx?playerId=52701"
"52701","한화","2025","168","","0","2026-08-03","https://www.koreabaseball.com/Record/Player/PitcherDetail/SeasonReg.aspx?playerId=52701"
"52704","한화","2023","16","","0","2026-08-03","https://www.koreabaseball.com/Record/Player/PitcherDetail/SeasonReg.aspx?playerId=52704"
"52704","한화","2024","85","","0","2026-08-03","https://www.koreabaseball.com/Record/Player/PitcherDetail/SeasonReg.aspx?playerId=52704"
"52704","한화","2025","66","","0","2026-08-03","https://www.koreabaseball.com/Record/Player/PitcherDetail/SeasonReg.aspx?playerId=52704"
"52731","한화","2022","25","","0","2026-08-03","https://www.koreabaseball.com/Record/Player/PitcherDetail/SeasonReg.aspx?playerId=52731"
"52731","한화","2023","35","","0","2026-08-03","https://www.koreabaseball.com/Record/Player/PitcherDetail/SeasonReg.aspx?playerId=52731"
"52731","한화","2025","1","","0","2026-08-03","https://www.koreabaseball.com/Record/Player/PitcherDetail/SeasonReg.aspx?playerId=52731"
"52764","한화","2022","27","세계야구선수권 10(준우승)","10","2026-08-03","https://www.koreabaseball.com/Record/Player/PitcherDetail/SeasonReg.aspx?playerId=52764"
"52764","한화","2025","77","","0","2026-08-03","https://www.koreabaseball.com/Record/Player/PitcherDetail/SeasonReg.aspx?playerId=52764"
"52769","한화","2022","59","","0","2026-08-03","https://www.koreabaseball.com/Record/Player/PitcherDetail/SeasonReg.aspx?playerId=52769"
"52769","한화","2023","126","","0","2026-08-03","https://www.koreabaseball.com/Record/Player/PitcherDetail/SeasonReg.aspx?playerId=52769"
"52769","한화","2024","27","","0","2026-08-03","https://www.koreabaseball.com/Record/Player/PitcherDetail/SeasonReg.aspx?playerId=52769"
"52769","한화","2025","30","","0","2026-08-03","https://www.koreabaseball.com/Record/Player/PitcherDetail/SeasonReg.aspx?playerId=52769"
"52803","SSG","2025","37","","0","2026-08-03","https://www.koreabaseball.com/Record/Player/PitcherDetail/SeasonReg.aspx?playerId=52803"
"52804","SSG","2022","20","","0","2026-08-03","https://www.koreabaseball.com/Record/Player/PitcherDetail/SeasonReg.aspx?playerId=52804"
"52804","SSG","2025","63","","0","2026-08-03","https://www.koreabaseball.com/Record/Player/PitcherDetail/SeasonReg.aspx?playerId=52804"
"52807","SSG","2025","5","","0","2026-08-03","https://www.koreabaseball.com/Record/Player/PitcherDetail/SeasonReg.aspx?playerId=52807"
"52809","SSG","2022","20","","0","2026-08-03","https://www.koreabaseball.com/Record/Player/PitcherDetail/SeasonReg.aspx?playerId=52809"
"52809","SSG","2023","0","","0","2026-08-03","https://www.koreabaseball.com/Record/Player/PitcherDetail/SeasonReg.aspx?playerId=52809"
"52809","SSG","2025","138","","0","2026-08-03","https://www.koreabaseball.com/Record/Player/PitcherDetail/SeasonReg.aspx?playerId=52809"
"52902","NC","2022","0","","0","2026-08-03","https://www.koreabaseball.com/Record/Player/PitcherDetail/SeasonReg.aspx?playerId=52902"
"52902","NC","2023","5","","0","2026-08-03","https://www.koreabaseball.com/Record/Player/PitcherDetail/SeasonReg.aspx?playerId=52902"
"52902","NC","2025","26","","0","2026-08-03","https://www.koreabaseball.com/Record/Player/PitcherDetail/SeasonReg.aspx?playerId=52902"
"52903","NC","2022","76","","0","2026-08-03","https://www.koreabaseball.com/Record/Player/PitcherDetail/SeasonReg.aspx?playerId=52903"
"52903","NC","2023","116","","0","2026-08-03","https://www.koreabaseball.com/Record/Player/PitcherDetail/SeasonReg.aspx?playerId=52903"
"52903","NC","2025","21","","0","2026-08-03","https://www.koreabaseball.com/Record/Player/PitcherDetail/SeasonReg.aspx?playerId=52903"
"52992","NC","2025","96","","0","2026-08-03","https://www.koreabaseball.com/Record/Player/PitcherDetail/SeasonReg.aspx?playerId=52992"
"52995","NC","2022","0","","0","2026-08-03","https://www.koreabaseball.com/Record/Player/PitcherDetail/SeasonReg.aspx?playerId=52995"
"52995","NC","2023","0","","0","2026-08-03","https://www.koreabaseball.com/Record/Player/PitcherDetail/SeasonReg.aspx?playerId=52995"
"52995","NC","2025","122","","0","2026-08-03","https://www.koreabaseball.com/Record/Player/PitcherDetail/SeasonReg.aspx?playerId=52995"
"53006","KT","2023","8","","0","2026-08-03","https://www.koreabaseball.com/Record/Player/PitcherDetail/SeasonReg.aspx?playerId=53006"
"53006","KT","2024","6","","0","2026-08-03","https://www.koreabaseball.com/Record/Player/PitcherDetail/SeasonReg.aspx?playerId=53006"
"53006","KT","2025","19","","0","2026-08-03","https://www.koreabaseball.com/Record/Player/PitcherDetail/SeasonReg.aspx?playerId=53006"
"53123","LG","2023","198","","0","2026-08-03","https://www.koreabaseball.com/Record/Player/PitcherDetail/SeasonReg.aspx?playerId=53123"
"53123","LG","2024","190","","0","2026-08-03","https://www.koreabaseball.com/Record/Player/PitcherDetail/SeasonReg.aspx?playerId=53123"
"53123","LG","2025","161","","0","2026-08-03","https://www.koreabaseball.com/Record/Player/PitcherDetail/SeasonReg.aspx?playerId=53123"
"53139","LG","2023","189","","0","2026-08-03","https://www.koreabaseball.com/Record/Player/PitcherDetail/SeasonReg.aspx?playerId=53139"
"53139","LG","2024","137","","0","2026-08-03","https://www.koreabaseball.com/Record/Player/PitcherDetail/SeasonReg.aspx?playerId=53139"
"53139","LG","2025","156","","0","2026-08-03","https://www.koreabaseball.com/Record/Player/PitcherDetail/SeasonReg.aspx?playerId=53139"
"53144","LG","2023","21","아시아 야구선수권 5(동메달)","5","2026-08-03","https://www.koreabaseball.com/Record/Player/PitcherDetail/SeasonReg.aspx?playerId=53144"
"53144","LG","2024","126","","0","2026-08-03","https://www.koreabaseball.com/Record/Player/PitcherDetail/SeasonReg.aspx?playerId=53144"
"53144","LG","2025","0","","0","2026-08-03","https://www.koreabaseball.com/Record/Player/PitcherDetail/SeasonReg.aspx?playerId=53144"
"53164","키움","2023","16","","0","2026-08-03","https://www.koreabaseball.com/Record/Player/PitcherDetail/SeasonReg.aspx?playerId=53164"
"53164","키움","2024","7","","0","2026-08-03","https://www.koreabaseball.com/Record/Player/PitcherDetail/SeasonReg.aspx?playerId=53164"
"53164","키움","2025","42","","0","2026-08-03","https://www.koreabaseball.com/Record/Player/PitcherDetail/SeasonReg.aspx?playerId=53164"
"53204","두산","2024","22","","0","2026-08-03","https://www.koreabaseball.com/Record/Player/PitcherDetail/SeasonReg.aspx?playerId=53204"
"53204","두산","2025","31","","0","2026-08-03","https://www.koreabaseball.com/Record/Player/PitcherDetail/SeasonReg.aspx?playerId=53204"
"53259","두산","2023","0","","0","2026-08-03","https://www.koreabaseball.com/Record/Player/PitcherDetail/SeasonReg.aspx?playerId=53259"
"53259","두산","2024","110","","0","2026-08-03","https://www.koreabaseball.com/Record/Player/PitcherDetail/SeasonReg.aspx?playerId=53259"
"53259","두산","2025","37","","0","2026-08-03","https://www.koreabaseball.com/Record/Player/PitcherDetail/SeasonReg.aspx?playerId=53259"
"53262","두산","2023","43","","0","2026-08-03","https://www.koreabaseball.com/Record/Player/PitcherDetail/SeasonReg.aspx?playerId=53262"
"53262","두산","2024","66","","0","2026-08-03","https://www.koreabaseball.com/Record/Player/PitcherDetail/SeasonReg.aspx?playerId=53262"
"53262","두산","2025","36","","0","2026-08-03","https://www.koreabaseball.com/Record/Player/PitcherDetail/SeasonReg.aspx?playerId=53262"
"53301","키움","2024","56","","0","2026-08-03","https://www.koreabaseball.com/Record/Player/PitcherDetail/SeasonReg.aspx?playerId=53301"
"53301","키움","2025","177","","0","2026-08-03","https://www.koreabaseball.com/Record/Player/PitcherDetail/SeasonReg.aspx?playerId=53301"
"53305","키움","2024","49","","0","2026-08-03","https://www.koreabaseball.com/Record/Player/PitcherDetail/SeasonReg.aspx?playerId=53305"
"53305","키움","2025","7","","0","2026-08-03","https://www.koreabaseball.com/Record/Player/PitcherDetail/SeasonReg.aspx?playerId=53305"
"53309","키움","2025","22","","0","2026-08-03","https://www.koreabaseball.com/Record/Player/PitcherDetail/SeasonReg.aspx?playerId=53309"
"53312","키움","2023","39","","0","2026-08-03","https://www.koreabaseball.com/Record/Player/PitcherDetail/SeasonReg.aspx?playerId=53312"
"53312","키움","2024","135","","0","2026-08-03","https://www.koreabaseball.com/Record/Player/PitcherDetail/SeasonReg.aspx?playerId=53312"
"53312","키움","2025","160","","0","2026-08-03","https://www.koreabaseball.com/Record/Player/PitcherDetail/SeasonReg.aspx?playerId=53312"
"53344","키움","2023","177","아시안게임 병역(금메달), APBC 10(준우승)","10","2026-08-03","https://www.koreabaseball.com/Record/Player/PitcherDetail/SeasonReg.aspx?playerId=53344"
"53344","키움","2024","4","","0","2026-08-03","https://www.koreabaseball.com/Record/Player/PitcherDetail/SeasonReg.aspx?playerId=53344"
"53344","키움","2025","124","","0","2026-08-03","https://www.koreabaseball.com/Record/Player/PitcherDetail/SeasonReg.aspx?playerId=53344"
"53375","키움","2023","186","","0","2026-08-03","https://www.koreabaseball.com/Record/Player/PitcherDetail/SeasonReg.aspx?playerId=53375"
"53375","키움","2024","176","","0","2026-08-03","https://www.koreabaseball.com/Record/Player/PitcherDetail/SeasonReg.aspx?playerId=53375"
"53375","삼성","2025","164","","0","2026-08-03","https://www.koreabaseball.com/Record/Player/PitcherDetail/SeasonReg.aspx?playerId=53375"
"53411","삼성","2025","5","","0","2026-08-03","https://www.koreabaseball.com/Record/Player/PitcherDetail/SeasonReg.aspx?playerId=53411"
"53455","삼성","2023","21","","0","2026-08-03","https://www.koreabaseball.com/Record/Player/PitcherDetail/SeasonReg.aspx?playerId=53455"
"53455","삼성","2024","86","","0","2026-08-03","https://www.koreabaseball.com/Record/Player/PitcherDetail/SeasonReg.aspx?playerId=53455"
"53455","삼성","2025","196","","0","2026-08-03","https://www.koreabaseball.com/Record/Player/PitcherDetail/SeasonReg.aspx?playerId=53455"
"53554","롯데","2023","199","","0","2026-08-03","https://www.koreabaseball.com/Record/Player/PitcherDetail/SeasonReg.aspx?playerId=53554"
"53554","롯데","2024","71","","0","2026-08-03","https://www.koreabaseball.com/Record/Player/PitcherDetail/SeasonReg.aspx?playerId=53554"
"53554","두산","2025","154","","0","2026-08-03","https://www.koreabaseball.com/Record/Player/PitcherDetail/SeasonReg.aspx?playerId=53554"
"53609","KIA","2023","71","","0","2026-08-03","https://www.koreabaseball.com/Record/Player/PitcherDetail/SeasonReg.aspx?playerId=53609"
"53609","KIA","2024","177","프리미어12 10(5위)","10","2026-08-03","https://www.koreabaseball.com/Record/Player/PitcherDetail/SeasonReg.aspx?playerId=53609"
"53609","KIA","2025","51","","0","2026-08-03","https://www.koreabaseball.com/Record/Player/PitcherDetail/SeasonReg.aspx?playerId=53609"
"53613","KIA","2023","153","","0","2026-08-03","https://www.koreabaseball.com/Record/Player/PitcherDetail/SeasonReg.aspx?playerId=53613"
"53613","KIA","2024","145","","0","2026-08-03","https://www.koreabaseball.com/Record/Player/PitcherDetail/SeasonReg.aspx?playerId=53613"
"53613","KIA","2025","124","","0","2026-08-03","https://www.koreabaseball.com/Record/Player/PitcherDetail/SeasonReg.aspx?playerId=53613"
"53615","KIA","2025","32","","0","2026-08-03","https://www.koreabaseball.com/Record/Player/PitcherDetail/SeasonReg.aspx?playerId=53615"
"53659","KIA","2023","0","","0","2026-08-03","https://www.koreabaseball.com/Record/Player/PitcherDetail/SeasonReg.aspx?playerId=53659"
"53659","KIA","2024","0","","0","2026-08-03","https://www.koreabaseball.com/Record/Player/PitcherDetail/SeasonReg.aspx?playerId=53659"
"53659","KIA","2025","48","","0","2026-08-03","https://www.koreabaseball.com/Record/Player/PitcherDetail/SeasonReg.aspx?playerId=53659"
"53754","한화","2023","58","","0","2026-08-03","https://www.koreabaseball.com/Record/Player/PitcherDetail/SeasonReg.aspx?playerId=53754"
"53754","한화","2024","126","프리미어12 10(5위)","10","2026-08-03","https://www.koreabaseball.com/Record/Player/PitcherDetail/SeasonReg.aspx?playerId=53754"
"53754","한화","2025","196","","0","2026-08-03","https://www.koreabaseball.com/Record/Player/PitcherDetail/SeasonReg.aspx?playerId=53754"
"53764","한화","2023","199","APBC 10(준우승)","10","2026-08-03","https://www.koreabaseball.com/Record/Player/PitcherDetail/SeasonReg.aspx?playerId=53764"
"53764","한화","2024","181","","0","2026-08-03","https://www.koreabaseball.com/Record/Player/PitcherDetail/SeasonReg.aspx?playerId=53764"
"53764","한화","2025","196","","0","2026-08-03","https://www.koreabaseball.com/Record/Player/PitcherDetail/SeasonReg.aspx?playerId=53764"
"53827","SSG","2023","160","","0","2026-08-03","https://www.koreabaseball.com/Record/Player/PitcherDetail/SeasonReg.aspx?playerId=53827"
"53827","SSG","2024","191","","0","2026-08-03","https://www.koreabaseball.com/Record/Player/PitcherDetail/SeasonReg.aspx?playerId=53827"
"53827","SSG","2025","140","","0","2026-08-03","https://www.koreabaseball.com/Record/Player/PitcherDetail/SeasonReg.aspx?playerId=53827"
"53892","SSG","2023","190","","0","2026-08-03","https://www.koreabaseball.com/Record/Player/PitcherDetail/SeasonReg.aspx?playerId=53892"
"53892","SSG","2024","171","","0","2026-08-03","https://www.koreabaseball.com/Record/Player/PitcherDetail/SeasonReg.aspx?playerId=53892"
"53892","SSG","2025","197","","0","2026-08-03","https://www.koreabaseball.com/Record/Player/PitcherDetail/SeasonReg.aspx?playerId=53892"
"53898","SSG","2023","103","","0","2026-08-03","https://www.koreabaseball.com/Record/Player/PitcherDetail/SeasonReg.aspx?playerId=53898"
"53898","SSG","2024","168","","0","2026-08-03","https://www.koreabaseball.com/Record/Player/PitcherDetail/SeasonReg.aspx?playerId=53898"
"53898","SSG","2025","113","","0","2026-08-03","https://www.koreabaseball.com/Record/Player/PitcherDetail/SeasonReg.aspx?playerId=53898"
"53919","NC","2023","0","","0","2026-08-03","https://www.koreabaseball.com/Record/Player/PitcherDetail/SeasonReg.aspx?playerId=53919"
"53919","NC","2024","17","","0","2026-08-03","https://www.koreabaseball.com/Record/Player/PitcherDetail/SeasonReg.aspx?playerId=53919"
"53919","NC","2025","40","","0","2026-08-03","https://www.koreabaseball.com/Record/Player/PitcherDetail/SeasonReg.aspx?playerId=53919"
"53973","NC","2023","0","","0","2026-08-03","https://www.koreabaseball.com/Record/Player/PitcherDetail/SeasonReg.aspx?playerId=53973"
"53973","NC","2024","14","","0","2026-08-03","https://www.koreabaseball.com/Record/Player/PitcherDetail/SeasonReg.aspx?playerId=53973"
"53973","NC","2025","92","","0","2026-08-03","https://www.koreabaseball.com/Record/Player/PitcherDetail/SeasonReg.aspx?playerId=53973"
"54063","KT","2024","127","","0","2026-08-03","https://www.koreabaseball.com/Record/Player/PitcherDetail/SeasonReg.aspx?playerId=54063"
"54063","KT","2025","176","","0","2026-08-03","https://www.koreabaseball.com/Record/Player/PitcherDetail/SeasonReg.aspx?playerId=54063"
"54097","KT","2024","0","","0","2026-08-03","https://www.koreabaseball.com/Record/Player/PitcherDetail/SeasonReg.aspx?playerId=54097"
"54097","KT","2025","5","","0","2026-08-03","https://www.koreabaseball.com/Record/Player/PitcherDetail/SeasonReg.aspx?playerId=54097"
"54148","LG","2024","35","","0","2026-08-03","https://www.koreabaseball.com/Record/Player/PitcherDetail/SeasonReg.aspx?playerId=54148"
"54148","LG","2025","0","","0","2026-08-03","https://www.koreabaseball.com/Record/Player/PitcherDetail/SeasonReg.aspx?playerId=54148"
"54156","LG","2024","0","","0","2026-08-03","https://www.koreabaseball.com/Record/Player/PitcherDetail/SeasonReg.aspx?playerId=54156"
"54156","LG","2025","16","","0","2026-08-03","https://www.koreabaseball.com/Record/Player/PitcherDetail/SeasonReg.aspx?playerId=54156"
"54166","LG","2024","42","세계야구선수권 5(6위)","5","2026-08-03","https://www.koreabaseball.com/Record/Player/PitcherDetail/SeasonReg.aspx?playerId=54166"
"54166","LG","2025","36","","0","2026-08-03","https://www.koreabaseball.com/Record/Player/PitcherDetail/SeasonReg.aspx?playerId=54166"
"54205","두산","2024","28","","0","2026-08-03","https://www.koreabaseball.com/Record/Player/PitcherDetail/SeasonReg.aspx?playerId=54205"
"54205","두산","2025","40","","0","2026-08-03","https://www.koreabaseball.com/Record/Player/PitcherDetail/SeasonReg.aspx?playerId=54205"
"54213","두산","2024","1","","0","2026-08-03","https://www.koreabaseball.com/Record/Player/PitcherDetail/SeasonReg.aspx?playerId=54213"
"54213","두산","2025","0","","0","2026-08-03","https://www.koreabaseball.com/Record/Player/PitcherDetail/SeasonReg.aspx?playerId=54213"
"54214","두산","2024","61","","0","2026-08-03","https://www.koreabaseball.com/Record/Player/PitcherDetail/SeasonReg.aspx?playerId=54214"
"54214","두산","2025","34","","0","2026-08-03","https://www.koreabaseball.com/Record/Player/PitcherDetail/SeasonReg.aspx?playerId=54214"
"54219","두산","2024","10","세계야구선수권 5(6위)","5","2026-08-03","https://www.koreabaseball.com/Record/Player/PitcherDetail/SeasonReg.aspx?playerId=54219"
"54219","두산","2025","57","","0","2026-08-03","https://www.koreabaseball.com/Record/Player/PitcherDetail/SeasonReg.aspx?playerId=54219"
"54236","두산","2024","7","","0","2026-08-03","https://www.koreabaseball.com/Record/Player/PitcherDetail/SeasonReg.aspx?playerId=54236"
"54236","두산","2025","74","","0","2026-08-03","https://www.koreabaseball.com/Record/Player/PitcherDetail/SeasonReg.aspx?playerId=54236"
"54263","두산","2024","180","프리미어12 10(5위)","10","2026-08-03","https://www.koreabaseball.com/Record/Player/PitcherDetail/SeasonReg.aspx?playerId=54263"
"54263","두산","2025","193","","0","2026-08-03","https://www.koreabaseball.com/Record/Player/PitcherDetail/SeasonReg.aspx?playerId=54263"
"54305","키움","2024","105","","0","2026-08-03","https://www.koreabaseball.com/Record/Player/PitcherDetail/SeasonReg.aspx?playerId=54305"
"54305","키움","2025","2","","0","2026-08-03","https://www.koreabaseball.com/Record/Player/PitcherDetail/SeasonReg.aspx?playerId=54305"
"54307","키움","2024","85","","0","2026-08-03","https://www.koreabaseball.com/Record/Player/PitcherDetail/SeasonReg.aspx?playerId=54307"
"54307","키움","2025","42","","0","2026-08-03","https://www.koreabaseball.com/Record/Player/PitcherDetail/SeasonReg.aspx?playerId=54307"
"54319","키움","2024","120","","0","2026-08-03","https://www.koreabaseball.com/Record/Player/PitcherDetail/SeasonReg.aspx?playerId=54319"
"54319","키움","2025","107","","0","2026-08-03","https://www.koreabaseball.com/Record/Player/PitcherDetail/SeasonReg.aspx?playerId=54319"
"54344","키움","2024","170","","0","2026-08-03","https://www.koreabaseball.com/Record/Player/PitcherDetail/SeasonReg.aspx?playerId=54344"
"54344","키움","2025","17","","0","2026-08-03","https://www.koreabaseball.com/Record/Player/PitcherDetail/SeasonReg.aspx?playerId=54344"
"54354","키움","2024","178","","0","2026-08-03","https://www.koreabaseball.com/Record/Player/PitcherDetail/SeasonReg.aspx?playerId=54354"
"54354","KT","2025","170","","0","2026-08-03","https://www.koreabaseball.com/Record/Player/PitcherDetail/SeasonReg.aspx?playerId=54354"
"54362","키움","2024","56","","0","2026-08-03","https://www.koreabaseball.com/Record/Player/PitcherDetail/SeasonReg.aspx?playerId=54362"
"54362","키움","2025","93","","0","2026-08-03","https://www.koreabaseball.com/Record/Player/PitcherDetail/SeasonReg.aspx?playerId=54362"
"54363","키움","2024","28","","0","2026-08-03","https://www.koreabaseball.com/Record/Player/PitcherDetail/SeasonReg.aspx?playerId=54363"
"54363","키움","2025","3","","0","2026-08-03","https://www.koreabaseball.com/Record/Player/PitcherDetail/SeasonReg.aspx?playerId=54363"
"54368","키움","2024","122","","0","2026-08-03","https://www.koreabaseball.com/Record/Player/PitcherDetail/SeasonReg.aspx?playerId=54368"
"54368","키움","2025","83","","0","2026-08-03","https://www.koreabaseball.com/Record/Player/PitcherDetail/SeasonReg.aspx?playerId=54368"
"54394","키움","2024","6","","0","2026-08-03","https://www.koreabaseball.com/Record/Player/PitcherDetail/SeasonReg.aspx?playerId=54394"
"54394","키움","2025","65","","0","2026-08-03","https://www.koreabaseball.com/Record/Player/PitcherDetail/SeasonReg.aspx?playerId=54394"
"54400","삼성","2024","43","","0","2026-08-03","https://www.koreabaseball.com/Record/Player/PitcherDetail/SeasonReg.aspx?playerId=54400"
"54400","삼성","2025","197","","0","2026-08-03","https://www.koreabaseball.com/Record/Player/PitcherDetail/SeasonReg.aspx?playerId=54400"
"54401","삼성","2024","1","","0","2026-08-03","https://www.koreabaseball.com/Record/Player/PitcherDetail/SeasonReg.aspx?playerId=54401"
"54401","삼성","2025","60","","0","2026-08-03","https://www.koreabaseball.com/Record/Player/PitcherDetail/SeasonReg.aspx?playerId=54401"
"54404","삼성","2024","70","","0","2026-08-03","https://www.koreabaseball.com/Record/Player/PitcherDetail/SeasonReg.aspx?playerId=54404"
"54404","삼성","2025","130","","0","2026-08-03","https://www.koreabaseball.com/Record/Player/PitcherDetail/SeasonReg.aspx?playerId=54404"
"54408","삼성","2024","31","","0","2026-08-03","https://www.koreabaseball.com/Record/Player/PitcherDetail/SeasonReg.aspx?playerId=54408"
"54408","삼성","2025","185","","0","2026-08-03","https://www.koreabaseball.com/Record/Player/PitcherDetail/SeasonReg.aspx?playerId=54408"
"54444","삼성","2024","19","","0","2026-08-03","https://www.koreabaseball.com/Record/Player/PitcherDetail/SeasonReg.aspx?playerId=54444"
"54444","키움","2025","111","","0","2026-08-03","https://www.koreabaseball.com/Record/Player/PitcherDetail/SeasonReg.aspx?playerId=54444"
"54467","삼성","2024","0","","0","2026-08-03","https://www.koreabaseball.com/Record/Player/PitcherDetail/SeasonReg.aspx?playerId=54467"
"54467","삼성","2025","4","","0","2026-08-03","https://www.koreabaseball.com/Record/Player/PitcherDetail/SeasonReg.aspx?playerId=54467"
"54503","롯데","2024","25","","0","2026-08-03","https://www.koreabaseball.com/Record/Player/PitcherDetail/SeasonReg.aspx?playerId=54503"
"54503","롯데","2025","34","","0","2026-08-03","https://www.koreabaseball.com/Record/Player/PitcherDetail/SeasonReg.aspx?playerId=54503"
"54506","롯데","2024","7","","0","2026-08-03","https://www.koreabaseball.com/Record/Player/PitcherDetail/SeasonReg.aspx?playerId=54506"
"54506","롯데","2025","9","","0","2026-08-03","https://www.koreabaseball.com/Record/Player/PitcherDetail/SeasonReg.aspx?playerId=54506"
"54507","롯데","2024","1","","0","2026-08-03","https://www.koreabaseball.com/Record/Player/PitcherDetail/SeasonReg.aspx?playerId=54507"
"54507","롯데","2025","0","","0","2026-08-03","https://www.koreabaseball.com/Record/Player/PitcherDetail/SeasonReg.aspx?playerId=54507"
"54529","롯데","2024","193","","0","2026-08-03","https://www.koreabaseball.com/Record/Player/PitcherDetail/SeasonReg.aspx?playerId=54529"
"54529","롯데","2025","193","","0","2026-08-03","https://www.koreabaseball.com/Record/Player/PitcherDetail/SeasonReg.aspx?playerId=54529"
"54537","롯데","2024","51","","0","2026-08-03","https://www.koreabaseball.com/Record/Player/PitcherDetail/SeasonReg.aspx?playerId=54537"
"54537","롯데","2025","193","","0","2026-08-03","https://www.koreabaseball.com/Record/Player/PitcherDetail/SeasonReg.aspx?playerId=54537"
"54598","롯데","2024","36","","0","2026-08-03","https://www.koreabaseball.com/Record/Player/PitcherDetail/SeasonReg.aspx?playerId=54598"
"54598","롯데","2025","173","","0","2026-08-03","https://www.koreabaseball.com/Record/Player/PitcherDetail/SeasonReg.aspx?playerId=54598"
"54610","KIA","2025","124","","0","2026-08-03","https://www.koreabaseball.com/Record/Player/PitcherDetail/SeasonReg.aspx?playerId=54610"
"54640","KIA","2024","155","","0","2026-08-03","https://www.koreabaseball.com/Record/Player/PitcherDetail/SeasonReg.aspx?playerId=54640"
"54640","KIA","2025","169","","0","2026-08-03","https://www.koreabaseball.com/Record/Player/PitcherDetail/SeasonReg.aspx?playerId=54640"
"54645","KIA","2024","7","","0","2026-08-03","https://www.koreabaseball.com/Record/Player/PitcherDetail/SeasonReg.aspx?playerId=54645"
"54645","KIA","2025","36","","0","2026-08-03","https://www.koreabaseball.com/Record/Player/PitcherDetail/SeasonReg.aspx?playerId=54645"
"54702","한화","2025","8","","0","2026-08-03","https://www.koreabaseball.com/Record/Player/PitcherDetail/SeasonReg.aspx?playerId=54702"
"54705","한화","2024","1","세계야구선수권 5(6위)","5","2026-08-03","https://www.koreabaseball.com/Record/Player/PitcherDetail/SeasonReg.aspx?playerId=54705"
"54705","한화","2025","1","","0","2026-08-03","https://www.koreabaseball.com/Record/Player/PitcherDetail/SeasonReg.aspx?playerId=54705"
"54729","한화","2024","160","","0","2026-08-03","https://www.koreabaseball.com/Record/Player/PitcherDetail/SeasonReg.aspx?playerId=54729"
"54729","한화","2025","126","","0","2026-08-03","https://www.koreabaseball.com/Record/Player/PitcherDetail/SeasonReg.aspx?playerId=54729"
"54755","한화","2024","97","","0","2026-08-03","https://www.koreabaseball.com/Record/Player/PitcherDetail/SeasonReg.aspx?playerId=54755"
"54755","한화","2025","184","","0","2026-08-03","https://www.koreabaseball.com/Record/Player/PitcherDetail/SeasonReg.aspx?playerId=54755"
"54768","한화","2024","87","","0","2026-08-03","https://www.koreabaseball.com/Record/Player/PitcherDetail/SeasonReg.aspx?playerId=54768"
"54768","한화","2025","191","","0","2026-08-03","https://www.koreabaseball.com/Record/Player/PitcherDetail/SeasonReg.aspx?playerId=54768"
"54795","한화","2024","178","","0","2026-08-03","https://www.koreabaseball.com/Record/Player/PitcherDetail/SeasonReg.aspx?playerId=54795"
"54795","한화","2025","186","","0","2026-08-03","https://www.koreabaseball.com/Record/Player/PitcherDetail/SeasonReg.aspx?playerId=54795"
"54802","SSG","2024","0","세계야구선수권 5(6위)","5","2026-08-03","https://www.koreabaseball.com/Record/Player/PitcherDetail/SeasonReg.aspx?playerId=54802"
"54802","SSG","2025","54","","0","2026-08-03","https://www.koreabaseball.com/Record/Player/PitcherDetail/SeasonReg.aspx?playerId=54802"
"54803","SSG","2024","19","세계야구선수권 5(6위)","5","2026-08-03","https://www.koreabaseball.com/Record/Player/PitcherDetail/SeasonReg.aspx?playerId=54803"
"54803","SSG","2025","54","","0","2026-08-03","https://www.koreabaseball.com/Record/Player/PitcherDetail/SeasonReg.aspx?playerId=54803"
"54805","SSG","2024","134","","0","2026-08-03","https://www.koreabaseball.com/Record/Player/PitcherDetail/SeasonReg.aspx?playerId=54805"
"54805","SSG","2025","61","","0","2026-08-03","https://www.koreabaseball.com/Record/Player/PitcherDetail/SeasonReg.aspx?playerId=54805"
"54806","SSG","2024","0","","0","2026-08-03","https://www.koreabaseball.com/Record/Player/PitcherDetail/SeasonReg.aspx?playerId=54806"
"54806","SSG","2025","3","","0","2026-08-03","https://www.koreabaseball.com/Record/Player/PitcherDetail/SeasonReg.aspx?playerId=54806"
"54807","SSG","2024","22","","0","2026-08-03","https://www.koreabaseball.com/Record/Player/PitcherDetail/SeasonReg.aspx?playerId=54807"
"54807","SSG","2025","0","","0","2026-08-03","https://www.koreabaseball.com/Record/Player/PitcherDetail/SeasonReg.aspx?playerId=54807"
"54812","SSG","2024","143","","0","2026-08-03","https://www.koreabaseball.com/Record/Player/PitcherDetail/SeasonReg.aspx?playerId=54812"
"54812","SSG","2025","197","","0","2026-08-03","https://www.koreabaseball.com/Record/Player/PitcherDetail/SeasonReg.aspx?playerId=54812"
"54833","SSG","2024","144","","0","2026-08-03","https://www.koreabaseball.com/Record/Player/PitcherDetail/SeasonReg.aspx?playerId=54833"
"54833","SSG","2025","187","","0","2026-08-03","https://www.koreabaseball.com/Record/Player/PitcherDetail/SeasonReg.aspx?playerId=54833"
"54900","NC","2024","69","","0","2026-08-03","https://www.koreabaseball.com/Record/Player/PitcherDetail/SeasonReg.aspx?playerId=54900"
"54900","NC","2025","2","","0","2026-08-03","https://www.koreabaseball.com/Record/Player/PitcherDetail/SeasonReg.aspx?playerId=54900"
"54903","NC","2024","49","","0","2026-08-03","https://www.koreabaseball.com/Record/Player/PitcherDetail/SeasonReg.aspx?playerId=54903"
"54903","NC","2025","56","","0","2026-08-03","https://www.koreabaseball.com/Record/Player/PitcherDetail/SeasonReg.aspx?playerId=54903"
"54904","NC","2024","18","세계야구선수권 5(6위)","5","2026-08-03","https://www.koreabaseball.com/Record/Player/PitcherDetail/SeasonReg.aspx?playerId=54904"
"54904","NC","2025","147","","0","2026-08-03","https://www.koreabaseball.com/Record/Player/PitcherDetail/SeasonReg.aspx?playerId=54904"
"54905","NC","2024","33","","0","2026-08-03","https://www.koreabaseball.com/Record/Player/PitcherDetail/SeasonReg.aspx?playerId=54905"
"54905","NC","2025","2","","0","2026-08-03","https://www.koreabaseball.com/Record/Player/PitcherDetail/SeasonReg.aspx?playerId=54905"
"54908","NC","2025","40","","0","2026-08-03","https://www.koreabaseball.com/Record/Player/PitcherDetail/SeasonReg.aspx?playerId=54908"
"54913","NC","2024","39","","0","2026-08-03","https://www.koreabaseball.com/Record/Player/PitcherDetail/SeasonReg.aspx?playerId=54913"
"54913","NC","2025","35","","0","2026-08-03","https://www.koreabaseball.com/Record/Player/PitcherDetail/SeasonReg.aspx?playerId=54913"
"54944","NC","2024","193","","0","2026-08-03","https://www.koreabaseball.com/Record/Player/PitcherDetail/SeasonReg.aspx?playerId=54944"
"54944","NC","2025","152","","0","2026-08-03","https://www.koreabaseball.com/Record/Player/PitcherDetail/SeasonReg.aspx?playerId=54944"
"55005","KT","2025","21","","0","2026-08-03","https://www.koreabaseball.com/Record/Player/PitcherDetail/SeasonReg.aspx?playerId=55005"
"55013","KT","2025","59","","0","2026-08-03","https://www.koreabaseball.com/Record/Player/PitcherDetail/SeasonReg.aspx?playerId=55013"
"55032","KT","2025","79","","0","2026-08-03","https://www.koreabaseball.com/Record/Player/PitcherDetail/SeasonReg.aspx?playerId=55032"
"55040","KT","2025","17","","0","2026-08-03","https://www.koreabaseball.com/Record/Player/PitcherDetail/SeasonReg.aspx?playerId=55040"
"55043","KT","2025","37","","0","2026-08-03","https://www.koreabaseball.com/Record/Player/PitcherDetail/SeasonReg.aspx?playerId=55043"
"55046","KT","2025","39","","0","2026-08-03","https://www.koreabaseball.com/Record/Player/PitcherDetail/SeasonReg.aspx?playerId=55046"
"55121","LG","2025","38","","0","2026-08-03","https://www.koreabaseball.com/Record/Player/PitcherDetail/SeasonReg.aspx?playerId=55121"
"55122","LG","2025","15","","0","2026-08-03","https://www.koreabaseball.com/Record/Player/PitcherDetail/SeasonReg.aspx?playerId=55122"
"55130","LG","2025","51","","0","2026-08-03","https://www.koreabaseball.com/Record/Player/PitcherDetail/SeasonReg.aspx?playerId=55130"
"55146","LG","2025","177","","0","2026-08-03","https://www.koreabaseball.com/Record/Player/PitcherDetail/SeasonReg.aspx?playerId=55146"
"55164","LG","2025","86","","0","2026-08-03","https://www.koreabaseball.com/Record/Player/PitcherDetail/SeasonReg.aspx?playerId=55164"
"55167","LG","2025","194","","0","2026-08-03","https://www.koreabaseball.com/Record/Player/PitcherDetail/SeasonReg.aspx?playerId=55167"
"55208","두산","2025","183","","0","2026-08-03","https://www.koreabaseball.com/Record/Player/PitcherDetail/SeasonReg.aspx?playerId=55208"
"55215","두산","2025","59","","0","2026-08-03","https://www.koreabaseball.com/Record/Player/PitcherDetail/SeasonReg.aspx?playerId=55215"
"55216","두산","2025","3","","0","2026-08-03","https://www.koreabaseball.com/Record/Player/PitcherDetail/SeasonReg.aspx?playerId=55216"
"55221","두산","2025","20","","0","2026-08-03","https://www.koreabaseball.com/Record/Player/PitcherDetail/SeasonReg.aspx?playerId=55221"
"55224","두산","2025","26","","0","2026-08-03","https://www.koreabaseball.com/Record/Player/PitcherDetail/SeasonReg.aspx?playerId=55224"
"55226","두산","2025","13","","0","2026-08-03","https://www.koreabaseball.com/Record/Player/PitcherDetail/SeasonReg.aspx?playerId=55226"
"55239","두산","2025","193","","0","2026-08-03","https://www.koreabaseball.com/Record/Player/PitcherDetail/SeasonReg.aspx?playerId=55239"
"55252","두산","2025","143","","0","2026-08-03","https://www.koreabaseball.com/Record/Player/PitcherDetail/SeasonReg.aspx?playerId=55252"
"55257","두산","2025","182","","0","2026-08-03","https://www.koreabaseball.com/Record/Player/PitcherDetail/SeasonReg.aspx?playerId=55257"
"55267","두산","2025","80","","0","2026-08-03","https://www.koreabaseball.com/Record/Player/PitcherDetail/SeasonReg.aspx?playerId=55267"
"55268","두산","2025","97","","0","2026-08-03","https://www.koreabaseball.com/Record/Player/PitcherDetail/SeasonReg.aspx?playerId=55268"
"55300","키움","2025","11","","0","2026-08-03","https://www.koreabaseball.com/Record/Player/PitcherDetail/SeasonReg.aspx?playerId=55300"
"55301","키움","2025","78","","0","2026-08-03","https://www.koreabaseball.com/Record/Player/PitcherDetail/SeasonReg.aspx?playerId=55301"
"55313","키움","2025","167","","0","2026-08-03","https://www.koreabaseball.com/Record/Player/PitcherDetail/SeasonReg.aspx?playerId=55313"
"55339","키움","2025","36","","0","2026-08-03","https://www.koreabaseball.com/Record/Player/PitcherDetail/SeasonReg.aspx?playerId=55339"
"55342","키움","2025","53","","0","2026-08-03","https://www.koreabaseball.com/Record/Player/PitcherDetail/SeasonReg.aspx?playerId=55342"
"55359","키움","2025","10","","0","2026-08-03","https://www.koreabaseball.com/Record/Player/PitcherDetail/SeasonReg.aspx?playerId=55359"
"55370","키움","2025","32","","0","2026-08-03","https://www.koreabaseball.com/Record/Player/PitcherDetail/SeasonReg.aspx?playerId=55370"
"55371","키움","2025","66","","0","2026-08-03","https://www.koreabaseball.com/Record/Player/PitcherDetail/SeasonReg.aspx?playerId=55371"
"55377","키움","2025","19","","0","2026-08-03","https://www.koreabaseball.com/Record/Player/PitcherDetail/SeasonReg.aspx?playerId=55377"
"55382","키움","2025","16","","0","2026-08-03","https://www.koreabaseball.com/Record/Player/PitcherDetail/SeasonReg.aspx?playerId=55382"
"55392","키움","2025","177","","0","2026-08-03","https://www.koreabaseball.com/Record/Player/PitcherDetail/SeasonReg.aspx?playerId=55392"
"55393","키움","2025","71","","0","2026-08-03","https://www.koreabaseball.com/Record/Player/PitcherDetail/SeasonReg.aspx?playerId=55393"
"55394","키움","2025","77","","0","2026-08-03","https://www.koreabaseball.com/Record/Player/PitcherDetail/SeasonReg.aspx?playerId=55394"
"55396","키움","2025","44","","0","2026-08-03","https://www.koreabaseball.com/Record/Player/PitcherDetail/SeasonReg.aspx?playerId=55396"
"55397","키움","2025","145","","0","2026-08-03","https://www.koreabaseball.com/Record/Player/PitcherDetail/SeasonReg.aspx?playerId=55397"
"55435","삼성","2025","4","","0","2026-08-03","https://www.koreabaseball.com/Record/Player/PitcherDetail/SeasonReg.aspx?playerId=55435"
"55438","삼성","2025","83","","0","2026-08-03","https://www.koreabaseball.com/Record/Player/PitcherDetail/SeasonReg.aspx?playerId=55438"
"55440","삼성","2025","18","","0","2026-08-03","https://www.koreabaseball.com/Record/Player/PitcherDetail/SeasonReg.aspx?playerId=55440"
"55455","삼성","2025","197","","0","2026-08-03","https://www.koreabaseball.com/Record/Player/PitcherDetail/SeasonReg.aspx?playerId=55455"
"55460","삼성","2025","89","","0","2026-08-03","https://www.koreabaseball.com/Record/Player/PitcherDetail/SeasonReg.aspx?playerId=55460"
"55503","롯데","2025","7","","0","2026-08-03","https://www.koreabaseball.com/Record/Player/PitcherDetail/SeasonReg.aspx?playerId=55503"
"55506","롯데","2025","37","","0","2026-08-03","https://www.koreabaseball.com/Record/Player/PitcherDetail/SeasonReg.aspx?playerId=55506"
"55509","롯데","2025","19","","0","2026-08-03","https://www.koreabaseball.com/Record/Player/PitcherDetail/SeasonReg.aspx?playerId=55509"
"55511","롯데","2025","10","","0","2026-08-03","https://www.koreabaseball.com/Record/Player/PitcherDetail/SeasonReg.aspx?playerId=55511"
"55526","롯데","2025","49","","0","2026-08-03","https://www.koreabaseball.com/Record/Player/PitcherDetail/SeasonReg.aspx?playerId=55526"
"55530","롯데","2025","82","","0","2026-08-03","https://www.koreabaseball.com/Record/Player/PitcherDetail/SeasonReg.aspx?playerId=55530"
"55532","롯데","2025","113","","0","2026-08-03","https://www.koreabaseball.com/Record/Player/PitcherDetail/SeasonReg.aspx?playerId=55532"
"55563","롯데","2025","33","","0","2026-08-03","https://www.koreabaseball.com/Record/Player/PitcherDetail/SeasonReg.aspx?playerId=55563"
"55566","롯데","2025","2","","0","2026-08-03","https://www.koreabaseball.com/Record/Player/PitcherDetail/SeasonReg.aspx?playerId=55566"
"55568","롯데","2025","12","","0","2026-08-03","https://www.koreabaseball.com/Record/Player/PitcherDetail/SeasonReg.aspx?playerId=55568"
"55610","KIA","2025","48","","0","2026-08-03","https://www.koreabaseball.com/Record/Player/PitcherDetail/SeasonReg.aspx?playerId=55610"
"55632","KIA","2025","33","","0","2026-08-03","https://www.koreabaseball.com/Record/Player/PitcherDetail/SeasonReg.aspx?playerId=55632"
"55633","KIA","2025","161","","0","2026-08-03","https://www.koreabaseball.com/Record/Player/PitcherDetail/SeasonReg.aspx?playerId=55633"
"55636","KIA","2025","89","","0","2026-08-03","https://www.koreabaseball.com/Record/Player/PitcherDetail/SeasonReg.aspx?playerId=55636"
"55637","KIA","2025","14","","0","2026-08-03","https://www.koreabaseball.com/Record/Player/PitcherDetail/SeasonReg.aspx?playerId=55637"
"55645","KIA","2025","178","","0","2026-08-03","https://www.koreabaseball.com/Record/Player/PitcherDetail/SeasonReg.aspx?playerId=55645"
"55646","KIA","2025","6","","0","2026-08-03","https://www.koreabaseball.com/Record/Player/PitcherDetail/SeasonReg.aspx?playerId=55646"
"55663","KIA","2025","47","","0","2026-08-03","https://www.koreabaseball.com/Record/Player/PitcherDetail/SeasonReg.aspx?playerId=55663"
"55703","한화","2025","106","","0","2026-08-03","https://www.koreabaseball.com/Record/Player/PitcherDetail/SeasonReg.aspx?playerId=55703"
"55710","한화","2025","8","","0","2026-08-03","https://www.koreabaseball.com/Record/Player/PitcherDetail/SeasonReg.aspx?playerId=55710"
"55730","한화","2025","184","","0","2026-08-03","https://www.koreabaseball.com/Record/Player/PitcherDetail/SeasonReg.aspx?playerId=55730"
"55743","한화","2025","169","","0","2026-08-03","https://www.koreabaseball.com/Record/Player/PitcherDetail/SeasonReg.aspx?playerId=55743"
"55764","한화","2025","16","","0","2026-08-03","https://www.koreabaseball.com/Record/Player/PitcherDetail/SeasonReg.aspx?playerId=55764"
"55832","SSG","2025","49","","0","2026-08-03","https://www.koreabaseball.com/Record/Player/PitcherDetail/SeasonReg.aspx?playerId=55832"
"55855","SSG","2025","154","","0","2026-08-03","https://www.koreabaseball.com/Record/Player/PitcherDetail/SeasonReg.aspx?playerId=55855"
"55860","SSG","2025","5","","0","2026-08-03","https://www.koreabaseball.com/Record/Player/PitcherDetail/SeasonReg.aspx?playerId=55860"
"55897","SSG","2025","41","","0","2026-08-03","https://www.koreabaseball.com/Record/Player/PitcherDetail/SeasonReg.aspx?playerId=55897"
"55903","NC","2025","187","","0","2026-08-03","https://www.koreabaseball.com/Record/Player/PitcherDetail/SeasonReg.aspx?playerId=55903"
"55912","NC","2025","197","","0","2026-08-03","https://www.koreabaseball.com/Record/Player/PitcherDetail/SeasonReg.aspx?playerId=55912"
"55926","KIA","2025","28","","0","2026-08-03","https://www.koreabaseball.com/Record/Player/PitcherDetail/SeasonReg.aspx?playerId=55926"
"55995","NC","2025","79","","0","2026-08-03","https://www.koreabaseball.com/Record/Player/PitcherDetail/SeasonReg.aspx?playerId=55995"
"60146","LG","2015","66","","0","2026-08-03","https://www.koreabaseball.com/Record/Player/PitcherDetail/SeasonReg.aspx?playerId=60146"
"60146","LG","2016","117","","0","2026-08-03","https://www.koreabaseball.com/Record/Player/PitcherDetail/SeasonReg.aspx?playerId=60146"
"60146","삼성","2017","121","","0","2026-08-03","https://www.koreabaseball.com/Record/Player/PitcherDetail/SeasonReg.aspx?playerId=60146"
"60146","삼성","2018","74","","0","2026-08-03","https://www.koreabaseball.com/Record/Player/PitcherDetail/SeasonReg.aspx?playerId=60146"
"60146","삼성","2019","88","","0","2026-08-03","https://www.koreabaseball.com/Record/Player/PitcherDetail/SeasonReg.aspx?playerId=60146"
"60146","삼성","2020","169","","0","2026-08-03","https://www.koreabaseball.com/Record/Player/PitcherDetail/SeasonReg.aspx?playerId=60146"
"60146","삼성","2021","67","","0","2026-08-03","https://www.koreabaseball.com/Record/Player/PitcherDetail/SeasonReg.aspx?playerId=60146"
"60146","삼성","2022","179","","0","2026-08-03","https://www.koreabaseball.com/Record/Player/PitcherDetail/SeasonReg.aspx?playerId=60146"
"60146","삼성","2023","168","","0","2026-08-03","https://www.koreabaseball.com/Record/Player/PitcherDetail/SeasonReg.aspx?playerId=60146"
"60146","삼성","2024","170","","0","2026-08-03","https://www.koreabaseball.com/Record/Player/PitcherDetail/SeasonReg.aspx?playerId=60146"
"60146","삼성","2025","157","","0","2026-08-03","https://www.koreabaseball.com/Record/Player/PitcherDetail/SeasonReg.aspx?playerId=60146"
"60263","두산","2010","71","","0","2026-08-03","https://www.koreabaseball.com/Record/Player/PitcherDetail/SeasonReg.aspx?playerId=60263"
"60263","두산","2011","0","","0","2026-08-03","https://www.koreabaseball.com/Record/Player/PitcherDetail/SeasonReg.aspx?playerId=60263"
"60263","","2012","0","","0","2026-08-03","https://www.koreabaseball.com/Record/Player/PitcherDetail/SeasonReg.aspx?playerId=60263"
"60263","NC","2013","172","","0","2026-08-03","https://www.koreabaseball.com/Record/Player/PitcherDetail/SeasonReg.aspx?playerId=60263"
"60263","NC","2014","174","아시안게임 병역(금메달)","0","2026-08-03","https://www.koreabaseball.com/Record/Player/PitcherDetail/SeasonReg.aspx?playerId=60263"
"60263","NC","2015","179","","0","2026-08-03","https://www.koreabaseball.com/Record/Player/PitcherDetail/SeasonReg.aspx?playerId=60263"
"60263","NC","2016","165","","0","2026-08-03","https://www.koreabaseball.com/Record/Player/PitcherDetail/SeasonReg.aspx?playerId=60263"
"60263","NC","2017","153","","0","2026-08-03","https://www.koreabaseball.com/Record/Player/PitcherDetail/SeasonReg.aspx?playerId=60263"
"60263","NC","2018","168","","0","2026-08-03","https://www.koreabaseball.com/Record/Player/PitcherDetail/SeasonReg.aspx?playerId=60263"
"60263","NC","2019","162","","0","2026-08-03","https://www.koreabaseball.com/Record/Player/PitcherDetail/SeasonReg.aspx?playerId=60263"
"60263","NC","2020","116","","0","2026-08-03","https://www.koreabaseball.com/Record/Player/PitcherDetail/SeasonReg.aspx?playerId=60263"
"60263","NC","2021","106","","0","2026-08-03","https://www.koreabaseball.com/Record/Player/PitcherDetail/SeasonReg.aspx?playerId=60263"
"60263","NC","2022","160","","0","2026-08-03","https://www.koreabaseball.com/Record/Player/PitcherDetail/SeasonReg.aspx?playerId=60263"
"60263","NC","2023","119","","0","2026-08-03","https://www.koreabaseball.com/Record/Player/PitcherDetail/SeasonReg.aspx?playerId=60263"
"60263","NC","2024","152","","0","2026-08-03","https://www.koreabaseball.com/Record/Player/PitcherDetail/SeasonReg.aspx?playerId=60263"
"60263","NC","2025","0","","0","2026-08-03","https://www.koreabaseball.com/Record/Player/PitcherDetail/SeasonReg.aspx?playerId=60263"
"60337","넥센","2010","0","","0","2026-08-03","https://www.koreabaseball.com/Record/Player/PitcherDetail/SeasonReg.aspx?playerId=60337"
"60337","넥센","2013","0","","0","2026-08-03","https://www.koreabaseball.com/Record/Player/PitcherDetail/SeasonReg.aspx?playerId=60337"
"60337","SK","2014","32","","0","2026-08-03","https://www.koreabaseball.com/Record/Player/PitcherDetail/SeasonReg.aspx?playerId=60337"
"60337","SK","2015","0","","0","2026-08-03","https://www.koreabaseball.com/Record/Player/PitcherDetail/SeasonReg.aspx?playerId=60337"
"60337","SK","2016","0","","0","2026-08-03","https://www.koreabaseball.com/Record/Player/PitcherDetail/SeasonReg.aspx?playerId=60337"
"60337","SK","2017","31","","0","2026-08-03","https://www.koreabaseball.com/Record/Player/PitcherDetail/SeasonReg.aspx?playerId=60337"
"60337","KT","2019","145","","0","2026-08-03","https://www.koreabaseball.com/Record/Player/PitcherDetail/SeasonReg.aspx?playerId=60337"
"60337","LG","2020","7","","0","2026-08-03","https://www.koreabaseball.com/Record/Player/PitcherDetail/SeasonReg.aspx?playerId=60337"
"60337","LG","2021","183","","0","2026-08-03","https://www.koreabaseball.com/Record/Player/PitcherDetail/SeasonReg.aspx?playerId=60337"
"60337","LG","2022","161","","0","2026-08-03","https://www.koreabaseball.com/Record/Player/PitcherDetail/SeasonReg.aspx?playerId=60337"
"60337","KIA","2023","105","","0","2026-08-03","https://www.koreabaseball.com/Record/Player/PitcherDetail/SeasonReg.aspx?playerId=60337"
"60337","KIA","2024","126","","0","2026-08-03","https://www.koreabaseball.com/Record/Player/PitcherDetail/SeasonReg.aspx?playerId=60337"
"60337","KIA","2025","58","","0","2026-08-03","https://www.koreabaseball.com/Record/Player/PitcherDetail/SeasonReg.aspx?playerId=60337"
"60523","롯데","2010","60","","0","2026-08-03","https://www.koreabaseball.com/Record/Player/PitcherDetail/SeasonReg.aspx?playerId=60523"
"60523","롯데","2011","62","","0","2026-08-03","https://www.koreabaseball.com/Record/Player/PitcherDetail/SeasonReg.aspx?playerId=60523"
"60523","롯데","2012","132","","0","2026-08-03","https://www.koreabaseball.com/Record/Player/PitcherDetail/SeasonReg.aspx?playerId=60523"
"60523","롯데","2013","176","","0","2026-08-03","https://www.koreabaseball.com/Record/Player/PitcherDetail/SeasonReg.aspx?playerId=60523"
"60523","롯데","2014","187","","0","2026-08-03","https://www.koreabaseball.com/Record/Player/PitcherDetail/SeasonReg.aspx?playerId=60523"
"60523","롯데","2015","191","","0","2026-08-03","https://www.koreabaseball.com/Record/Player/PitcherDetail/SeasonReg.aspx?playerId=60523"
"60523","롯데","2016","178","","0","2026-08-03","https://www.koreabaseball.com/Record/Player/PitcherDetail/SeasonReg.aspx?playerId=60523"
"60523","롯데","2017","125","","0","2026-08-03","https://www.koreabaseball.com/Record/Player/PitcherDetail/SeasonReg.aspx?playerId=60523"
"60523","롯데","2018","136","","0","2026-08-03","https://www.koreabaseball.com/Record/Player/PitcherDetail/SeasonReg.aspx?playerId=60523"
"60523","롯데","2019","134","","0","2026-08-03","https://www.koreabaseball.com/Record/Player/PitcherDetail/SeasonReg.aspx?playerId=60523"
"60523","롯데","2020","178","","0","2026-08-03","https://www.koreabaseball.com/Record/Player/PitcherDetail/SeasonReg.aspx?playerId=60523"
"60523","롯데","2021","180","","0","2026-08-03","https://www.koreabaseball.com/Record/Player/PitcherDetail/SeasonReg.aspx?playerId=60523"
"60523","롯데","2022","174","","0","2026-08-03","https://www.koreabaseball.com/Record/Player/PitcherDetail/SeasonReg.aspx?playerId=60523"
"60523","롯데","2023","160","","0","2026-08-03","https://www.koreabaseball.com/Record/Player/PitcherDetail/SeasonReg.aspx?playerId=60523"
"60523","롯데","2024","187","","0","2026-08-03","https://www.koreabaseball.com/Record/Player/PitcherDetail/SeasonReg.aspx?playerId=60523"
"60523","롯데","2025","130","","0","2026-08-03","https://www.koreabaseball.com/Record/Player/PitcherDetail/SeasonReg.aspx?playerId=60523"
"60558","롯데","2010","0","","0","2026-08-03","https://www.koreabaseball.com/Record/Player/PitcherDetail/SeasonReg.aspx?playerId=60558"
"60558","롯데","2011","13","","0","2026-08-03","https://www.koreabaseball.com/Record/Player/PitcherDetail/SeasonReg.aspx?playerId=60558"
"60558","롯데","2014","115","","0","2026-08-03","https://www.koreabaseball.com/Record/Player/PitcherDetail/SeasonReg.aspx?playerId=60558"
"60558","롯데","2015","179","","0","2026-08-03","https://www.koreabaseball.com/Record/Player/PitcherDetail/SeasonReg.aspx?playerId=60558"
"60558","롯데","2016","67","","0","2026-08-03","https://www.koreabaseball.com/Record/Player/PitcherDetail/SeasonReg.aspx?playerId=60558"
"60558","KT","2017","187","","0","2026-08-03","https://www.koreabaseball.com/Record/Player/PitcherDetail/SeasonReg.aspx?playerId=60558"
"60558","KT","2018","186","","0","2026-08-03","https://www.koreabaseball.com/Record/Player/PitcherDetail/SeasonReg.aspx?playerId=60558"
"60558","KT","2019","181","","0","2026-08-03","https://www.koreabaseball.com/Record/Player/PitcherDetail/SeasonReg.aspx?playerId=60558"
"60558","SK","2020","157","","0","2026-08-03","https://www.koreabaseball.com/Record/Player/PitcherDetail/SeasonReg.aspx?playerId=60558"
"60558","SSG","2021","183","","0","2026-08-03","https://www.koreabaseball.com/Record/Player/PitcherDetail/SeasonReg.aspx?playerId=60558"
"60558","SSG","2022","190","","0","2026-08-03","https://www.koreabaseball.com/Record/Player/PitcherDetail/SeasonReg.aspx?playerId=60558"
"60558","SSG","2023","196","","0","2026-08-03","https://www.koreabaseball.com/Record/Player/PitcherDetail/SeasonReg.aspx?playerId=60558"
"60558","SSG","2024","192","","0","2026-08-03","https://www.koreabaseball.com/Record/Player/PitcherDetail/SeasonReg.aspx?playerId=60558"
"60558","SSG","2025","192","","0","2026-08-03","https://www.koreabaseball.com/Record/Player/PitcherDetail/SeasonReg.aspx?playerId=60558"
"60559","롯데","2010","4","","0","2026-08-03","https://www.koreabaseball.com/Record/Player/PitcherDetail/SeasonReg.aspx?playerId=60559"
"60559","롯데","2011","4","","0","2026-08-03","https://www.koreabaseball.com/Record/Player/PitcherDetail/SeasonReg.aspx?playerId=60559"
"60559","롯데","2016","136","","0","2026-08-03","https://www.koreabaseball.com/Record/Player/PitcherDetail/SeasonReg.aspx?playerId=60559"
"60559","롯데","2017","149","","0","2026-08-03","https://www.koreabaseball.com/Record/Player/PitcherDetail/SeasonReg.aspx?playerId=60559"
"60559","롯데","2018","87","","0","2026-08-03","https://www.koreabaseball.com/Record/Player/PitcherDetail/SeasonReg.aspx?playerId=60559"
"60559","롯데","2019","150","","0","2026-08-03","https://www.koreabaseball.com/Record/Player/PitcherDetail/SeasonReg.aspx?playerId=60559"
"60559","롯데","2020","106","","0","2026-08-03","https://www.koreabaseball.com/Record/Player/PitcherDetail/SeasonReg.aspx?playerId=60559"
"60559","KT","2021","127","","0","2026-08-03","https://www.koreabaseball.com/Record/Player/PitcherDetail/SeasonReg.aspx?playerId=60559"
"60559","KT","2022","41","","0","2026-08-03","https://www.koreabaseball.com/Record/Player/PitcherDetail/SeasonReg.aspx?playerId=60559"
"60559","KT","2023","0","","0","2026-08-03","https://www.koreabaseball.com/Record/Player/PitcherDetail/SeasonReg.aspx?playerId=60559"
"60559","KT","2024","120","","0","2026-08-03","https://www.koreabaseball.com/Record/Player/PitcherDetail/SeasonReg.aspx?playerId=60559"
"60559","롯데","2025","25","","0","2026-08-03","https://www.koreabaseball.com/Record/Player/PitcherDetail/SeasonReg.aspx?playerId=60559"
"60768","한화","2010","0","","0","2026-08-03","https://www.koreabaseball.com/Record/Player/PitcherDetail/SeasonReg.aspx?playerId=60768"
"60768","한화","2011","0","","0","2026-08-03","https://www.koreabaseball.com/Record/Player/PitcherDetail/SeasonReg.aspx?playerId=60768"
"60768","한화","2012","9","","0","2026-08-03","https://www.koreabaseball.com/Record/Player/PitcherDetail/SeasonReg.aspx?playerId=60768"
"60768","한화","2013","153","","0","2026-08-03","https://www.koreabaseball.com/Record/Player/PitcherDetail/SeasonReg.aspx?playerId=60768"
"60768","한화","2014","180","아시안게임 병역(금메달)","0","2026-08-03","https://www.koreabaseball.com/Record/Player/PitcherDetail/SeasonReg.aspx?playerId=60768"
"60768","한화","2015","0","","0","2026-08-03","https://www.koreabaseball.com/Record/Player/PitcherDetail/SeasonReg.aspx?playerId=60768"
"60768","한화","2016","159","","0","2026-08-03","https://www.koreabaseball.com/Record/Player/PitcherDetail/SeasonReg.aspx?playerId=60768"
"60768","한화","2017","83","","0","2026-08-03","https://www.koreabaseball.com/Record/Player/PitcherDetail/SeasonReg.aspx?playerId=60768"
"60768","한화","2018","180","","0","2026-08-03","https://www.koreabaseball.com/Record/Player/PitcherDetail/SeasonReg.aspx?playerId=60768"
"60768","한화","2019","165","","0","2026-08-03","https://www.koreabaseball.com/Record/Player/PitcherDetail/SeasonReg.aspx?playerId=60768"
"60768","SK","2020","139","","0","2026-08-03","https://www.koreabaseball.com/Record/Player/PitcherDetail/SeasonReg.aspx?playerId=60768"
"60768","SSG","2021","159","","0","2026-08-03","https://www.koreabaseball.com/Record/Player/PitcherDetail/SeasonReg.aspx?playerId=60768"
"60768","SSG","2022","166","","0","2026-08-03","https://www.koreabaseball.com/Record/Player/PitcherDetail/SeasonReg.aspx?playerId=60768"
"60768","한화","2023","199","","0","2026-08-03","https://www.koreabaseball.com/Record/Player/PitcherDetail/SeasonReg.aspx?playerId=60768"
"60768","한화","2024","29","","0","2026-08-03","https://www.koreabaseball.com/Record/Player/PitcherDetail/SeasonReg.aspx?playerId=60768"
"60768","한화","2025","41","","0","2026-08-03","https://www.koreabaseball.com/Record/Player/PitcherDetail/SeasonReg.aspx?playerId=60768"
"60841","SK","2011","36","","0","2026-08-03","https://www.koreabaseball.com/Record/Player/PitcherDetail/SeasonReg.aspx?playerId=60841"
"60841","SK","2012","40","","0","2026-08-03","https://www.koreabaseball.com/Record/Player/PitcherDetail/SeasonReg.aspx?playerId=60841"
"60841","SK","2015","190","","0","2026-08-03","https://www.koreabaseball.com/Record/Player/PitcherDetail/SeasonReg.aspx?playerId=60841"
"60841","SK","2016","177","","0","2026-08-03","https://www.koreabaseball.com/Record/Player/PitcherDetail/SeasonReg.aspx?playerId=60841"
"60841","SK","2017","172","","0","2026-08-03","https://www.koreabaseball.com/Record/Player/PitcherDetail/SeasonReg.aspx?playerId=60841"
"60841","SK","2018","179","아시안게임 25(금메달)","25","2026-08-03","https://www.koreabaseball.com/Record/Player/PitcherDetail/SeasonReg.aspx?playerId=60841"
"60841","SK","2019","177","프리미어12 60(준우승)","60","2026-08-03","https://www.koreabaseball.com/Record/Player/PitcherDetail/SeasonReg.aspx?playerId=60841"
"60841","SK","2020","179","","0","2026-08-03","https://www.koreabaseball.com/Record/Player/PitcherDetail/SeasonReg.aspx?playerId=60841"
"60841","SSG","2021","86","","0","2026-08-03","https://www.koreabaseball.com/Record/Player/PitcherDetail/SeasonReg.aspx?playerId=60841"
"60841","SSG","2022","70","","0","2026-08-03","https://www.koreabaseball.com/Record/Player/PitcherDetail/SeasonReg.aspx?playerId=60841"
"60841","SSG","2023","103","","0","2026-08-03","https://www.koreabaseball.com/Record/Player/PitcherDetail/SeasonReg.aspx?playerId=60841"
"60841","SSG","2024","68","","0","2026-08-03","https://www.koreabaseball.com/Record/Player/PitcherDetail/SeasonReg.aspx?playerId=60841"
"60841","SSG","2025","39","","0","2026-08-03","https://www.koreabaseball.com/Record/Player/PitcherDetail/SeasonReg.aspx?playerId=60841"
"61101","LG","2011","188","","0","2026-08-03","https://www.koreabaseball.com/Record/Player/PitcherDetail/SeasonReg.aspx?playerId=61101"
"61101","LG","2012","94","","0","2026-08-03","https://www.koreabaseball.com/Record/Player/PitcherDetail/SeasonReg.aspx?playerId=61101"
"61101","LG","2013","97","","0","2026-08-03","https://www.koreabaseball.com/Record/Player/PitcherDetail/SeasonReg.aspx?playerId=61101"
"61101","LG","2016","78","","0","2026-08-03","https://www.koreabaseball.com/Record/Player/PitcherDetail/SeasonReg.aspx?playerId=61101"
"61101","LG","2017","170","","0","2026-08-03","https://www.koreabaseball.com/Record/Player/PitcherDetail/SeasonReg.aspx?playerId=61101"
"61101","LG","2018","167","아시안게임 25(금메달)","25","2026-08-03","https://www.koreabaseball.com/Record/Player/PitcherDetail/SeasonReg.aspx?playerId=61101"
"61101","LG","2019","144","","0","2026-08-03","https://www.koreabaseball.com/Record/Player/PitcherDetail/SeasonReg.aspx?playerId=61101"
"61101","LG","2020","175","","0","2026-08-03","https://www.koreabaseball.com/Record/Player/PitcherDetail/SeasonReg.aspx?playerId=61101"
"61101","LG","2021","125","","0","2026-08-03","https://www.koreabaseball.com/Record/Player/PitcherDetail/SeasonReg.aspx?playerId=61101"
"61101","LG","2022","190","","0","2026-08-03","https://www.koreabaseball.com/Record/Player/PitcherDetail/SeasonReg.aspx?playerId=61101"
"61101","LG","2023","198","","0","2026-08-03","https://www.koreabaseball.com/Record/Player/PitcherDetail/SeasonReg.aspx?playerId=61101"
"61101","LG","2024","177","프리미어12 10(5위)","10","2026-08-03","https://www.koreabaseball.com/Record/Player/PitcherDetail/SeasonReg.aspx?playerId=61101"
"61101","LG","2025","180","","0","2026-08-03","https://www.koreabaseball.com/Record/Player/PitcherDetail/SeasonReg.aspx?playerId=61101"
"61102","LG","2011","19","","0","2026-08-03","https://www.koreabaseball.com/Record/Player/PitcherDetail/SeasonReg.aspx?playerId=61102"
"61102","LG","2012","30","","0","2026-08-03","https://www.koreabaseball.com/Record/Player/PitcherDetail/SeasonReg.aspx?playerId=61102"
"61102","LG","2015","193","","0","2026-08-03","https://www.koreabaseball.com/Record/Player/PitcherDetail/SeasonReg.aspx?playerId=61102"
"61102","LG","2016","142","","0","2026-08-03","https://www.koreabaseball.com/Record/Player/PitcherDetail/SeasonReg.aspx?playerId=61102"
"61102","LG","2017","169","","0","2026-08-03","https://www.koreabaseball.com/Record/Player/PitcherDetail/SeasonReg.aspx?playerId=61102"
"61102","LG","2018","186","","0","2026-08-03","https://www.koreabaseball.com/Record/Player/PitcherDetail/SeasonReg.aspx?playerId=61102"
"61102","LG","2019","181","","0","2026-08-03","https://www.koreabaseball.com/Record/Player/PitcherDetail/SeasonReg.aspx?playerId=61102"
"61102","LG","2020","179","","0","2026-08-03","https://www.koreabaseball.com/Record/Player/PitcherDetail/SeasonReg.aspx?playerId=61102"
"61102","LG","2021","183","","0","2026-08-03","https://www.koreabaseball.com/Record/Player/PitcherDetail/SeasonReg.aspx?playerId=61102"
"61102","LG","2022","193","","0","2026-08-03","https://www.koreabaseball.com/Record/Player/PitcherDetail/SeasonReg.aspx?playerId=61102"
"61102","롯데","2023","195","","0","2026-08-03","https://www.koreabaseball.com/Record/Player/PitcherDetail/SeasonReg.aspx?playerId=61102"
"61102","롯데","2024","103","","0","2026-08-03","https://www.koreabaseball.com/Record/Player/PitcherDetail/SeasonReg.aspx?playerId=61102"
"61102","롯데","2025","182","","0","2026-08-03","https://www.koreabaseball.com/Record/Player/PitcherDetail/SeasonReg.aspx?playerId=61102"
"61145","LG","2011","0","","0","2026-08-03","https://www.koreabaseball.com/Record/Player/PitcherDetail/SeasonReg.aspx?playerId=61145"
"61145","LG","2014","0","","0","2026-08-03","https://www.koreabaseball.com/Record/Player/PitcherDetail/SeasonReg.aspx?playerId=61145"
"61145","LG","2016","1","","0","2026-08-03","https://www.koreabaseball.com/Record/Player/PitcherDetail/SeasonReg.aspx?playerId=61145"
"61145","LG","2018","8","","0","2026-08-03","https://www.koreabaseball.com/Record/Player/PitcherDetail/SeasonReg.aspx?playerId=61145"
"61145","LG","2019","143","","0","2026-08-03","https://www.koreabaseball.com/Record/Player/PitcherDetail/SeasonReg.aspx?playerId=61145"
"61145","LG","2020","12","","0","2026-08-03","https://www.koreabaseball.com/Record/Player/PitcherDetail/SeasonReg.aspx?playerId=61145"
"61145","LG","2021","77","","0","2026-08-03","https://www.koreabaseball.com/Record/Player/PitcherDetail/SeasonReg.aspx?playerId=61145"
"61145","LG","2022","136","","0","2026-08-03","https://www.koreabaseball.com/Record/Player/PitcherDetail/SeasonReg.aspx?playerId=61145"
"61145","LG","2023","134","","0","2026-08-03","https://www.koreabaseball.com/Record/Player/PitcherDetail/SeasonReg.aspx?playerId=61145"
"61145","LG","2024","130","","0","2026-08-03","https://www.koreabaseball.com/Record/Player/PitcherDetail/SeasonReg.aspx?playerId=61145"
"61145","LG","2025","96","","0","2026-08-03","https://www.koreabaseball.com/Record/Player/PitcherDetail/SeasonReg.aspx?playerId=61145"
"61268","두산","2011","36","","0","2026-08-03","https://www.koreabaseball.com/Record/Player/PitcherDetail/SeasonReg.aspx?playerId=61268"
"61268","두산","2015","60","","0","2026-08-03","https://www.koreabaseball.com/Record/Player/PitcherDetail/SeasonReg.aspx?playerId=61268"
"61268","넥센","2018","102","","0","2026-08-03","https://www.koreabaseball.com/Record/Player/PitcherDetail/SeasonReg.aspx?playerId=61268"
"61268","키움","2019","121","","0","2026-08-03","https://www.koreabaseball.com/Record/Player/PitcherDetail/SeasonReg.aspx?playerId=61268"
"61268","키움","2020","168","","0","2026-08-03","https://www.koreabaseball.com/Record/Player/PitcherDetail/SeasonReg.aspx?playerId=61268"
"61268","키움","2021","173","","0","2026-08-03","https://www.koreabaseball.com/Record/Player/PitcherDetail/SeasonReg.aspx?playerId=61268"
"61268","키움","2022","110","","0","2026-08-03","https://www.koreabaseball.com/Record/Player/PitcherDetail/SeasonReg.aspx?playerId=61268"
"61268","키움","2023","188","","0","2026-08-03","https://www.koreabaseball.com/Record/Player/PitcherDetail/SeasonReg.aspx?playerId=61268"
"61268","삼성","2024","70","","0","2026-08-03","https://www.koreabaseball.com/Record/Player/PitcherDetail/SeasonReg.aspx?playerId=61268"
"61268","삼성","2025","64","","0","2026-08-03","https://www.koreabaseball.com/Record/Player/PitcherDetail/SeasonReg.aspx?playerId=61268"
"61353","넥센","2011","82","","0","2026-08-03","https://www.koreabaseball.com/Record/Player/PitcherDetail/SeasonReg.aspx?playerId=61353"
"61353","넥센","2014","30","","0","2026-08-03","https://www.koreabaseball.com/Record/Player/PitcherDetail/SeasonReg.aspx?playerId=61353"
"61353","넥센","2015","177","","0","2026-08-03","https://www.koreabaseball.com/Record/Player/PitcherDetail/SeasonReg.aspx?playerId=61353"
"61353","넥센","2016","192","","0","2026-08-03","https://www.koreabaseball.com/Record/Player/PitcherDetail/SeasonReg.aspx?playerId=61353"
"61353","넥센","2017","171","","0","2026-08-03","https://www.koreabaseball.com/Record/Player/PitcherDetail/SeasonReg.aspx?playerId=61353"
"61353","넥센","2018","154","","0","2026-08-03","https://www.koreabaseball.com/Record/Player/PitcherDetail/SeasonReg.aspx?playerId=61353"
"61353","SK","2019","192","","0","2026-08-03","https://www.koreabaseball.com/Record/Player/PitcherDetail/SeasonReg.aspx?playerId=61353"
"61353","SK","2020","123","","0","2026-08-03","https://www.koreabaseball.com/Record/Player/PitcherDetail/SeasonReg.aspx?playerId=61353"
"61353","SSG","2021","147","","0","2026-08-03","https://www.koreabaseball.com/Record/Player/PitcherDetail/SeasonReg.aspx?playerId=61353"
"61353","KIA","2022","153","","0","2026-08-03","https://www.koreabaseball.com/Record/Player/PitcherDetail/SeasonReg.aspx?playerId=61353"
"61353","KIA","2023","200","","0","2026-08-03","https://www.koreabaseball.com/Record/Player/PitcherDetail/SeasonReg.aspx?playerId=61353"
"61353","KIA","2024","50","","0","2026-08-03","https://www.koreabaseball.com/Record/Player/PitcherDetail/SeasonReg.aspx?playerId=61353"
"61353","KIA","2025","79","","0","2026-08-03","https://www.koreabaseball.com/Record/Player/PitcherDetail/SeasonReg.aspx?playerId=61353"
"61365","넥센","2011","88","","0","2026-08-03","https://www.koreabaseball.com/Record/Player/PitcherDetail/SeasonReg.aspx?playerId=61365"
"61365","넥센","2014","151","","0","2026-08-03","https://www.koreabaseball.com/Record/Player/PitcherDetail/SeasonReg.aspx?playerId=61365"
"61365","넥센","2015","165","","0","2026-08-03","https://www.koreabaseball.com/Record/Player/PitcherDetail/SeasonReg.aspx?playerId=61365"
"61365","삼성","2016","180","","0","2026-08-03","https://www.koreabaseball.com/Record/Player/PitcherDetail/SeasonReg.aspx?playerId=61365"
"61365","삼성","2017","104","","0","2026-08-03","https://www.koreabaseball.com/Record/Player/PitcherDetail/SeasonReg.aspx?playerId=61365"
"61365","삼성","2018","34","","0","2026-08-03","https://www.koreabaseball.com/Record/Player/PitcherDetail/SeasonReg.aspx?playerId=61365"
"61365","삼성","2019","156","","0","2026-08-03","https://www.koreabaseball.com/Record/Player/PitcherDetail/SeasonReg.aspx?playerId=61365"
"61365","삼성","2020","177","","0","2026-08-03","https://www.koreabaseball.com/Record/Player/PitcherDetail/SeasonReg.aspx?playerId=61365"
"61365","삼성","2021","178","","0","2026-08-03","https://www.koreabaseball.com/Record/Player/PitcherDetail/SeasonReg.aspx?playerId=61365"
"61365","삼성","2022","11","","0","2026-08-03","https://www.koreabaseball.com/Record/Player/PitcherDetail/SeasonReg.aspx?playerId=61365"
"61365","삼성","2023","173","","0","2026-08-03","https://www.koreabaseball.com/Record/Player/PitcherDetail/SeasonReg.aspx?playerId=61365"
"61365","삼성","2024","137","","0","2026-08-03","https://www.koreabaseball.com/Record/Player/PitcherDetail/SeasonReg.aspx?playerId=61365"
"61365","삼성","2025","11","","0","2026-08-03","https://www.koreabaseball.com/Record/Player/PitcherDetail/SeasonReg.aspx?playerId=61365"
"61404","삼성","2011","27","","0","2026-08-03","https://www.koreabaseball.com/Record/Player/PitcherDetail/SeasonReg.aspx?playerId=61404"
"61404","삼성","2012","15","","0","2026-08-03","https://www.koreabaseball.com/Record/Player/PitcherDetail/SeasonReg.aspx?playerId=61404"
"61404","삼성","2013","23","","0","2026-08-03","https://www.koreabaseball.com/Record/Player/PitcherDetail/SeasonReg.aspx?playerId=61404"
"61404","삼성","2014","143","","0","2026-08-03","https://www.koreabaseball.com/Record/Player/PitcherDetail/SeasonReg.aspx?playerId=61404"
"61404","삼성","2017","172","","0","2026-08-03","https://www.koreabaseball.com/Record/Player/PitcherDetail/SeasonReg.aspx?playerId=61404"
"61404","삼성","2018","186","","0","2026-08-03","https://www.koreabaseball.com/Record/Player/PitcherDetail/SeasonReg.aspx?playerId=61404"
"61404","삼성","2019","153","","0","2026-08-03","https://www.koreabaseball.com/Record/Player/PitcherDetail/SeasonReg.aspx?playerId=61404"
"61404","삼성","2020","160","","0","2026-08-03","https://www.koreabaseball.com/Record/Player/PitcherDetail/SeasonReg.aspx?playerId=61404"
"61404","삼성","2021","181","","0","2026-08-03","https://www.koreabaseball.com/Record/Player/PitcherDetail/SeasonReg.aspx?playerId=61404"
"61404","삼성","2022","149","","0","2026-08-03","https://www.koreabaseball.com/Record/Player/PitcherDetail/SeasonReg.aspx?playerId=61404"
"61404","삼성","2023","11","","0","2026-08-03","https://www.koreabaseball.com/Record/Player/PitcherDetail/SeasonReg.aspx?playerId=61404"
"61404","삼성","2024","185","","0","2026-08-03","https://www.koreabaseball.com/Record/Player/PitcherDetail/SeasonReg.aspx?playerId=61404"
"61404","삼성","2025","136","","0","2026-08-03","https://www.koreabaseball.com/Record/Player/PitcherDetail/SeasonReg.aspx?playerId=61404"
"61411","삼성","2011","0","","0","2026-08-03","https://www.koreabaseball.com/Record/Player/PitcherDetail/SeasonReg.aspx?playerId=61411"
"61411","삼성","2012","110","","0","2026-08-03","https://www.koreabaseball.com/Record/Player/PitcherDetail/SeasonReg.aspx?playerId=61411"
"61411","삼성","2013","155","","0","2026-08-03","https://www.koreabaseball.com/Record/Player/PitcherDetail/SeasonReg.aspx?playerId=61411"
"61411","삼성","2014","157","","0","2026-08-03","https://www.koreabaseball.com/Record/Player/PitcherDetail/SeasonReg.aspx?playerId=61411"
"61411","삼성","2015","148","프리미어12 21(우승)","21","2026-08-03","https://www.koreabaseball.com/Record/Player/PitcherDetail/SeasonReg.aspx?playerId=61411"
"61411","삼성","2016","161","","0","2026-08-03","https://www.koreabaseball.com/Record/Player/PitcherDetail/SeasonReg.aspx?playerId=61411"
"61411","삼성","2017","187","WBC 28(1라운드)","28","2026-08-03","https://www.koreabaseball.com/Record/Player/PitcherDetail/SeasonReg.aspx?playerId=61411"
"61411","삼성","2018","172","","0","2026-08-03","https://www.koreabaseball.com/Record/Player/PitcherDetail/SeasonReg.aspx?playerId=61411"
"61411","삼성","2020","64","","0","2026-08-03","https://www.koreabaseball.com/Record/Player/PitcherDetail/SeasonReg.aspx?playerId=61411"
"61411","삼성","2021","170","","0","2026-08-03","https://www.koreabaseball.com/Record/Player/PitcherDetail/SeasonReg.aspx?playerId=61411"
"61411","NC","2022","28","","0","2026-08-03","https://www.koreabaseball.com/Record/Player/PitcherDetail/SeasonReg.aspx?playerId=61411"
"61411","NC","2023","12","","0","2026-08-03","https://www.koreabaseball.com/Record/Player/PitcherDetail/SeasonReg.aspx?playerId=61411"
"61411","NC","2024","0","","0","2026-08-03","https://www.koreabaseball.com/Record/Player/PitcherDetail/SeasonReg.aspx?playerId=61411"
"61411","LG","2025","0","","0","2026-08-03","https://www.koreabaseball.com/Record/Player/PitcherDetail/SeasonReg.aspx?playerId=61411"
"61643","KIA","2011","33","","0","2026-08-03","https://www.koreabaseball.com/Record/Player/PitcherDetail/SeasonReg.aspx?playerId=61643"
"61643","KIA","2015","177","","0","2026-08-03","https://www.koreabaseball.com/Record/Player/PitcherDetail/SeasonReg.aspx?playerId=61643"
"61643","KIA","2016","179","","0","2026-08-03","https://www.koreabaseball.com/Record/Player/PitcherDetail/SeasonReg.aspx?playerId=61643"
"61643","KIA","2017","124","","0","2026-08-03","https://www.koreabaseball.com/Record/Player/PitcherDetail/SeasonReg.aspx?playerId=61643"
"61643","KIA","2018","39","","0","2026-08-03","https://www.koreabaseball.com/Record/Player/PitcherDetail/SeasonReg.aspx?playerId=61643"
"61643","KIA","2019","118","","0","2026-08-03","https://www.koreabaseball.com/Record/Player/PitcherDetail/SeasonReg.aspx?playerId=61643"
"61643","두산","2020","168","","0","2026-08-03","https://www.koreabaseball.com/Record/Player/PitcherDetail/SeasonReg.aspx?playerId=61643"
"61643","두산","2021","183","","0","2026-08-03","https://www.koreabaseball.com/Record/Player/PitcherDetail/SeasonReg.aspx?playerId=61643"
"61643","두산","2022","180","","0","2026-08-03","https://www.koreabaseball.com/Record/Player/PitcherDetail/SeasonReg.aspx?playerId=61643"
"61643","두산","2023","200","","0","2026-08-03","https://www.koreabaseball.com/Record/Player/PitcherDetail/SeasonReg.aspx?playerId=61643"
"61643","두산","2024","171","","0","2026-08-03","https://www.koreabaseball.com/Record/Player/PitcherDetail/SeasonReg.aspx?playerId=61643"
"61643","두산","2025","91","","0","2026-08-03","https://www.koreabaseball.com/Record/Player/PitcherDetail/SeasonReg.aspx?playerId=61643"
"61666","KIA","2011","0","","0","2026-08-03","https://www.koreabaseball.com/Record/Player/PitcherDetail/SeasonReg.aspx?playerId=61666"
"61666","KIA","2012","66","","0","2026-08-03","https://www.koreabaseball.com/Record/Player/PitcherDetail/SeasonReg.aspx?playerId=61666"
"61666","KIA","2013","61","","0","2026-08-03","https://www.koreabaseball.com/Record/Player/PitcherDetail/SeasonReg.aspx?playerId=61666"
"61666","KIA","2014","111","","0","2026-08-03","https://www.koreabaseball.com/Record/Player/PitcherDetail/SeasonReg.aspx?playerId=61666"
"61666","KIA","2015","148","","0","2026-08-03","https://www.koreabaseball.com/Record/Player/PitcherDetail/SeasonReg.aspx?playerId=61666"
"61666","KIA","2016","102","","0","2026-08-03","https://www.koreabaseball.com/Record/Player/PitcherDetail/SeasonReg.aspx?playerId=61666"
"61666","KIA","2017","103","","0","2026-08-03","https://www.koreabaseball.com/Record/Player/PitcherDetail/SeasonReg.aspx?playerId=61666"
"61666","KIA","2018","115","","0","2026-08-03","https://www.koreabaseball.com/Record/Player/PitcherDetail/SeasonReg.aspx?playerId=61666"
"61666","KIA","2021","60","","0","2026-08-03","https://www.koreabaseball.com/Record/Player/PitcherDetail/SeasonReg.aspx?playerId=61666"
"61666","KIA","2022","119","","0","2026-08-03","https://www.koreabaseball.com/Record/Player/PitcherDetail/SeasonReg.aspx?playerId=61666"
"61666","한화","2023","98","","0","2026-08-03","https://www.koreabaseball.com/Record/Player/PitcherDetail/SeasonReg.aspx?playerId=61666"
"61666","한화","2024","176","","0","2026-08-03","https://www.koreabaseball.com/Record/Player/PitcherDetail/SeasonReg.aspx?playerId=61666"
"61666","한화","2025","184","","0","2026-08-03","https://www.koreabaseball.com/Record/Player/PitcherDetail/SeasonReg.aspx?playerId=61666"
"61895","SK","2015","47","","0","2026-08-03","https://www.koreabaseball.com/Record/Player/PitcherDetail/SeasonReg.aspx?playerId=61895"
"61895","SK","2016","79","","0","2026-08-03","https://www.koreabaseball.com/Record/Player/PitcherDetail/SeasonReg.aspx?playerId=61895"
"61895","SK","2017","144","","0","2026-08-03","https://www.koreabaseball.com/Record/Player/PitcherDetail/SeasonReg.aspx?playerId=61895"
"61895","SK","2018","140","","0","2026-08-03","https://www.koreabaseball.com/Record/Player/PitcherDetail/SeasonReg.aspx?playerId=61895"
"61895","SK","2019","192","","0","2026-08-03","https://www.koreabaseball.com/Record/Player/PitcherDetail/SeasonReg.aspx?playerId=61895"
"61895","SK","2020","179","","0","2026-08-03","https://www.koreabaseball.com/Record/Player/PitcherDetail/SeasonReg.aspx?playerId=61895"
"61895","SSG","2021","181","","0","2026-08-03","https://www.koreabaseball.com/Record/Player/PitcherDetail/SeasonReg.aspx?playerId=61895"
"61895","SSG","2022","190","","0","2026-08-03","https://www.koreabaseball.com/Record/Player/PitcherDetail/SeasonReg.aspx?playerId=61895"
"61895","SSG","2023","200","","0","2026-08-03","https://www.koreabaseball.com/Record/Player/PitcherDetail/SeasonReg.aspx?playerId=61895"
"61895","SSG","2024","161","","0","2026-08-03","https://www.koreabaseball.com/Record/Player/PitcherDetail/SeasonReg.aspx?playerId=61895"
"61895","SSG","2025","28","","0","2026-08-03","https://www.koreabaseball.com/Record/Player/PitcherDetail/SeasonReg.aspx?playerId=61895"
"62146","LG","2012","153","","0","2026-08-03","https://www.koreabaseball.com/Record/Player/PitcherDetail/SeasonReg.aspx?playerId=62146"
"62146","LG","2013","23","","0","2026-08-03","https://www.koreabaseball.com/Record/Player/PitcherDetail/SeasonReg.aspx?playerId=62146"
"62146","LG","2016","80","","0","2026-08-03","https://www.koreabaseball.com/Record/Player/PitcherDetail/SeasonReg.aspx?playerId=62146"
"62146","LG","2017","81","","0","2026-08-03","https://www.koreabaseball.com/Record/Player/PitcherDetail/SeasonReg.aspx?playerId=62146"
"62146","LG","2018","75","","0","2026-08-03","https://www.koreabaseball.com/Record/Player/PitcherDetail/SeasonReg.aspx?playerId=62146"
"62146","LG","2019","2","","0","2026-08-03","https://www.koreabaseball.com/Record/Player/PitcherDetail/SeasonReg.aspx?playerId=62146"
"62146","LG","2020","148","","0","2026-08-03","https://www.koreabaseball.com/Record/Player/PitcherDetail/SeasonReg.aspx?playerId=62146"
"62146","LG","2021","149","","0","2026-08-03","https://www.koreabaseball.com/Record/Player/PitcherDetail/SeasonReg.aspx?playerId=62146"
"62146","LG","2022","152","","0","2026-08-03","https://www.koreabaseball.com/Record/Player/PitcherDetail/SeasonReg.aspx?playerId=62146"
"62146","LG","2023","36","","0","2026-08-03","https://www.koreabaseball.com/Record/Player/PitcherDetail/SeasonReg.aspx?playerId=62146"
"62146","삼성","2024","82","","0","2026-08-03","https://www.koreabaseball.com/Record/Player/PitcherDetail/SeasonReg.aspx?playerId=62146"
"62146","삼성","2025","7","","0","2026-08-03","https://www.koreabaseball.com/Record/Player/PitcherDetail/SeasonReg.aspx?playerId=62146"
"62234","두산","2012","6","","0","2026-08-03","https://www.koreabaseball.com/Record/Player/PitcherDetail/SeasonReg.aspx?playerId=62234"
"62234","두산","2015","47","","0","2026-08-03","https://www.koreabaseball.com/Record/Player/PitcherDetail/SeasonReg.aspx?playerId=62234"
"62234","두산","2016","162","","0","2026-08-03","https://www.koreabaseball.com/Record/Player/PitcherDetail/SeasonReg.aspx?playerId=62234"
"62234","두산","2017","187","APBC 10(준우승)","10","2026-08-03","https://www.koreabaseball.com/Record/Player/PitcherDetail/SeasonReg.aspx?playerId=62234"
"62234","두산","2018","187","","0","2026-08-03","https://www.koreabaseball.com/Record/Player/PitcherDetail/SeasonReg.aspx?playerId=62234"
"62234","두산","2019","193","","0","2026-08-03","https://www.koreabaseball.com/Record/Player/PitcherDetail/SeasonReg.aspx?playerId=62234"
"62234","KIA","2020","70","","0","2026-08-03","https://www.koreabaseball.com/Record/Player/PitcherDetail/SeasonReg.aspx?playerId=62234"
"62234","KIA","2021","160","","0","2026-08-03","https://www.koreabaseball.com/Record/Player/PitcherDetail/SeasonReg.aspx?playerId=62234"
"62234","KIA","2022","190","","0","2026-08-03","https://www.koreabaseball.com/Record/Player/PitcherDetail/SeasonReg.aspx?playerId=62234"
"62234","삼성","2023","198","","0","2026-08-03","https://www.koreabaseball.com/Record/Player/PitcherDetail/SeasonReg.aspx?playerId=62234"
"62234","삼성","2024","168","","0","2026-08-03","https://www.koreabaseball.com/Record/Player/PitcherDetail/SeasonReg.aspx?playerId=62234"
"62234","삼성","2025","197","","0","2026-08-03","https://www.koreabaseball.com/Record/Player/PitcherDetail/SeasonReg.aspx?playerId=62234"
"62244","두산","2012","16","","0","2026-08-03","https://www.koreabaseball.com/Record/Player/PitcherDetail/SeasonReg.aspx?playerId=62244"
"62244","두산","2013","65","","0","2026-08-03","https://www.koreabaseball.com/Record/Player/PitcherDetail/SeasonReg.aspx?playerId=62244"
"62244","두산","2016","181","","0","2026-08-03","https://www.koreabaseball.com/Record/Player/PitcherDetail/SeasonReg.aspx?playerId=62244"
"62244","두산","2017","187","","0","2026-08-03","https://www.koreabaseball.com/Record/Player/PitcherDetail/SeasonReg.aspx?playerId=62244"
"62244","두산","2018","166","","0","2026-08-03","https://www.koreabaseball.com/Record/Player/PitcherDetail/SeasonReg.aspx?playerId=62244"
"62244","두산","2019","193","프리미어12 60(준우승)","60","2026-08-03","https://www.koreabaseball.com/Record/Player/PitcherDetail/SeasonReg.aspx?playerId=62244"
"62244","두산","2020","169","","0","2026-08-03","https://www.koreabaseball.com/Record/Player/PitcherDetail/SeasonReg.aspx?playerId=62244"
"62244","두산","2021","160","","0","2026-08-03","https://www.koreabaseball.com/Record/Player/PitcherDetail/SeasonReg.aspx?playerId=62244"
"62244","두산","2022","190","","0","2026-08-03","https://www.koreabaseball.com/Record/Player/PitcherDetail/SeasonReg.aspx?playerId=62244"
"62244","NC","2023","159","","0","2026-08-03","https://www.koreabaseball.com/Record/Player/PitcherDetail/SeasonReg.aspx?playerId=62244"
"62244","NC","2024","193","","0","2026-08-03","https://www.koreabaseball.com/Record/Player/PitcherDetail/SeasonReg.aspx?playerId=62244"
"62244","NC","2025","134","","0","2026-08-03","https://www.koreabaseball.com/Record/Player/PitcherDetail/SeasonReg.aspx?playerId=62244"
"62332","넥센","2012","0","","0","2026-08-03","https://www.koreabaseball.com/Record/Player/PitcherDetail/SeasonReg.aspx?playerId=62332"
"62332","넥센","2013","0","","0","2026-08-03","https://www.koreabaseball.com/Record/Player/PitcherDetail/SeasonReg.aspx?playerId=62332"
"62332","넥센","2014","0","","0","2026-08-03","https://www.koreabaseball.com/Record/Player/PitcherDetail/SeasonReg.aspx?playerId=62332"
"62332","넥센","2015","166","","0","2026-08-03","https://www.koreabaseball.com/Record/Player/PitcherDetail/SeasonReg.aspx?playerId=62332"
"62332","넥센","2016","172","","0","2026-08-03","https://www.koreabaseball.com/Record/Player/PitcherDetail/SeasonReg.aspx?playerId=62332"
"62332","넥센","2017","136","","0","2026-08-03","https://www.koreabaseball.com/Record/Player/PitcherDetail/SeasonReg.aspx?playerId=62332"
"62332","넥센","2018","186","","0","2026-08-03","https://www.koreabaseball.com/Record/Player/PitcherDetail/SeasonReg.aspx?playerId=62332"
"62332","키움","2020","9","","0","2026-08-03","https://www.koreabaseball.com/Record/Player/PitcherDetail/SeasonReg.aspx?playerId=62332"
"62332","키움","2021","123","","0","2026-08-03","https://www.koreabaseball.com/Record/Player/PitcherDetail/SeasonReg.aspx?playerId=62332"
"62332","키움","2022","159","","0","2026-08-03","https://www.koreabaseball.com/Record/Player/PitcherDetail/SeasonReg.aspx?playerId=62332"
"62332","키움","2023","35","","0","2026-08-03","https://www.koreabaseball.com/Record/Player/PitcherDetail/SeasonReg.aspx?playerId=62332"
"62332","키움","2024","192","","0","2026-08-03","https://www.koreabaseball.com/Record/Player/PitcherDetail/SeasonReg.aspx?playerId=62332"
"62332","키움","2025","138","","0","2026-08-03","https://www.koreabaseball.com/Record/Player/PitcherDetail/SeasonReg.aspx?playerId=62332"
"62360","넥센","2012","0","","0","2026-08-03","https://www.koreabaseball.com/Record/Player/PitcherDetail/SeasonReg.aspx?playerId=62360"
"62360","넥센","2013","0","","0","2026-08-03","https://www.koreabaseball.com/Record/Player/PitcherDetail/SeasonReg.aspx?playerId=62360"
"62360","넥센","2014","37","","0","2026-08-03","https://www.koreabaseball.com/Record/Player/PitcherDetail/SeasonReg.aspx?playerId=62360"
"62360","넥센","2015","110","","0","2026-08-03","https://www.koreabaseball.com/Record/Player/PitcherDetail/SeasonReg.aspx?playerId=62360"
"62360","넥센","2018","133","","0","2026-08-03","https://www.koreabaseball.com/Record/Player/PitcherDetail/SeasonReg.aspx?playerId=62360"
"62360","키움","2019","155","","0","2026-08-03","https://www.koreabaseball.com/Record/Player/PitcherDetail/SeasonReg.aspx?playerId=62360"
"62360","키움","2020","174","","0","2026-08-03","https://www.koreabaseball.com/Record/Player/PitcherDetail/SeasonReg.aspx?playerId=62360"
"62360","키움","2021","183","","0","2026-08-03","https://www.koreabaseball.com/Record/Player/PitcherDetail/SeasonReg.aspx?playerId=62360"
"62360","키움","2022","151","","0","2026-08-03","https://www.koreabaseball.com/Record/Player/PitcherDetail/SeasonReg.aspx?playerId=62360"
"62360","삼성","2023","186","","0","2026-08-03","https://www.koreabaseball.com/Record/Player/PitcherDetail/SeasonReg.aspx?playerId=62360"
"62360","삼성","2024","153","","0","2026-08-03","https://www.koreabaseball.com/Record/Player/PitcherDetail/SeasonReg.aspx?playerId=62360"
"62360","삼성","2025","185","","0","2026-08-03","https://www.koreabaseball.com/Record/Player/PitcherDetail/SeasonReg.aspx?playerId=62360"
"62363","넥센","2012","166","","0","2026-08-03","https://www.koreabaseball.com/Record/Player/PitcherDetail/SeasonReg.aspx?playerId=62363"
"62363","넥센","2013","190","","0","2026-08-03","https://www.koreabaseball.com/Record/Player/PitcherDetail/SeasonReg.aspx?playerId=62363"
"62363","넥센","2014","187","아시안게임 병역(금메달)","0","2026-08-03","https://www.koreabaseball.com/Record/Player/PitcherDetail/SeasonReg.aspx?playerId=62363"
"62363","넥센","2015","180","","0","2026-08-03","https://www.koreabaseball.com/Record/Player/PitcherDetail/SeasonReg.aspx?playerId=62363"
"62363","넥센","2016","0","","0","2026-08-03","https://www.koreabaseball.com/Record/Player/PitcherDetail/SeasonReg.aspx?playerId=62363"
"62363","넥센","2017","149","","0","2026-08-03","https://www.koreabaseball.com/Record/Player/PitcherDetail/SeasonReg.aspx?playerId=62363"
"62363","넥센","2018","181","","0","2026-08-03","https://www.koreabaseball.com/Record/Player/PitcherDetail/SeasonReg.aspx?playerId=62363"
"62363","키움","2019","193","","0","2026-08-03","https://www.koreabaseball.com/Record/Player/PitcherDetail/SeasonReg.aspx?playerId=62363"
"62363","키움","2020","174","","0","2026-08-03","https://www.koreabaseball.com/Record/Player/PitcherDetail/SeasonReg.aspx?playerId=62363"
"62363","키움","2021","103","","0","2026-08-03","https://www.koreabaseball.com/Record/Player/PitcherDetail/SeasonReg.aspx?playerId=62363"
"62363","키움","2022","88","","0","2026-08-03","https://www.koreabaseball.com/Record/Player/PitcherDetail/SeasonReg.aspx?playerId=62363"
"62363","롯데","2023","193","","0","2026-08-03","https://www.koreabaseball.com/Record/Player/PitcherDetail/SeasonReg.aspx?playerId=62363"
"62363","롯데","2024","173","","0","2026-08-03","https://www.koreabaseball.com/Record/Player/PitcherDetail/SeasonReg.aspx?playerId=62363"
"62363","롯데","2025","7","","0","2026-08-03","https://www.koreabaseball.com/Record/Player/PitcherDetail/SeasonReg.aspx?playerId=62363"
"62404","삼성","2015","164","","0","2026-08-03","https://www.koreabaseball.com/Record/Player/PitcherDetail/SeasonReg.aspx?playerId=62404"
"62404","삼성","2016","146","","0","2026-08-03","https://www.koreabaseball.com/Record/Player/PitcherDetail/SeasonReg.aspx?playerId=62404"
"62404","삼성","2017","187","APBC 10(준우승)","10","2026-08-03","https://www.koreabaseball.com/Record/Player/PitcherDetail/SeasonReg.aspx?playerId=62404"
"62404","삼성","2018","155","","0","2026-08-03","https://www.koreabaseball.com/Record/Player/PitcherDetail/SeasonReg.aspx?playerId=62404"
"62404","삼성","2019","156","","0","2026-08-03","https://www.koreabaseball.com/Record/Player/PitcherDetail/SeasonReg.aspx?playerId=62404"
"62404","삼성","2020","175","","0","2026-08-03","https://www.koreabaseball.com/Record/Player/PitcherDetail/SeasonReg.aspx?playerId=62404"
"62404","삼성","2021","183","","0","2026-08-03","https://www.koreabaseball.com/Record/Player/PitcherDetail/SeasonReg.aspx?playerId=62404"
"62404","삼성","2022","167","","0","2026-08-03","https://www.koreabaseball.com/Record/Player/PitcherDetail/SeasonReg.aspx?playerId=62404"
"62404","삼성","2023","198","","0","2026-08-03","https://www.koreabaseball.com/Record/Player/PitcherDetail/SeasonReg.aspx?playerId=62404"
"62404","삼성","2024","188","","0","2026-08-03","https://www.koreabaseball.com/Record/Player/PitcherDetail/SeasonReg.aspx?playerId=62404"
"62404","삼성","2025","197","","0","2026-08-03","https://www.koreabaseball.com/Record/Player/PitcherDetail/SeasonReg.aspx?playerId=62404"
"62415","삼성","2012","0","","0","2026-08-03","https://www.koreabaseball.com/Record/Player/PitcherDetail/SeasonReg.aspx?playerId=62415"
"62415","삼성","2013","4","","0","2026-08-03","https://www.koreabaseball.com/Record/Player/PitcherDetail/SeasonReg.aspx?playerId=62415"
"62415","삼성","2014","172","","0","2026-08-03","https://www.koreabaseball.com/Record/Player/PitcherDetail/SeasonReg.aspx?playerId=62415"
"62415","삼성","2015","192","","0","2026-08-03","https://www.koreabaseball.com/Record/Player/PitcherDetail/SeasonReg.aspx?playerId=62415"
"62415","삼성","2016","191","","0","2026-08-03","https://www.koreabaseball.com/Record/Player/PitcherDetail/SeasonReg.aspx?playerId=62415"
"62415","삼성","2017","187","","0","2026-08-03","https://www.koreabaseball.com/Record/Player/PitcherDetail/SeasonReg.aspx?playerId=62415"
"62415","삼성","2018","186","아시안게임 병역(금메달)","0","2026-08-03","https://www.koreabaseball.com/Record/Player/PitcherDetail/SeasonReg.aspx?playerId=62415"
"62415","삼성","2019","191","","0","2026-08-03","https://www.koreabaseball.com/Record/Player/PitcherDetail/SeasonReg.aspx?playerId=62415"
"62415","삼성","2020","166","","0","2026-08-03","https://www.koreabaseball.com/Record/Player/PitcherDetail/SeasonReg.aspx?playerId=62415"
"62415","삼성","2021","180","올림픽 10(4위)","10","2026-08-03","https://www.koreabaseball.com/Record/Player/PitcherDetail/SeasonReg.aspx?playerId=62415"
"62415","LG","2022","193","","0","2026-08-03","https://www.koreabaseball.com/Record/Player/PitcherDetail/SeasonReg.aspx?playerId=62415"
"62415","LG","2023","198","WBC 10(1라운드)","10","2026-08-03","https://www.koreabaseball.com/Record/Player/PitcherDetail/SeasonReg.aspx?playerId=62415"
"62415","LG","2024","190","","0","2026-08-03","https://www.koreabaseball.com/Record/Player/PitcherDetail/SeasonReg.aspx?playerId=62415"
"62415","LG","2025","194","","0","2026-08-03","https://www.koreabaseball.com/Record/Player/PitcherDetail/SeasonReg.aspx?playerId=62415"
"62528","롯데","2015","58","","0","2026-08-03","https://www.koreabaseball.com/Record/Player/PitcherDetail/SeasonReg.aspx?playerId=62528"
"62528","롯데","2016","8","","0","2026-08-03","https://www.koreabaseball.com/Record/Player/PitcherDetail/SeasonReg.aspx?playerId=62528"
"62528","롯데","2017","150","","0","2026-08-03","https://www.koreabaseball.com/Record/Player/PitcherDetail/SeasonReg.aspx?playerId=62528"
"62528","롯데","2018","179","","0","2026-08-03","https://www.koreabaseball.com/Record/Player/PitcherDetail/SeasonReg.aspx?playerId=62528"
"62528","롯데","2019","137","","0","2026-08-03","https://www.koreabaseball.com/Record/Player/PitcherDetail/SeasonReg.aspx?playerId=62528"
"62528","롯데","2020","179","","0","2026-08-03","https://www.koreabaseball.com/Record/Player/PitcherDetail/SeasonReg.aspx?playerId=62528"
"62528","롯데","2021","183","","0","2026-08-03","https://www.koreabaseball.com/Record/Player/PitcherDetail/SeasonReg.aspx?playerId=62528"
"62528","롯데","2022","149","","0","2026-08-03","https://www.koreabaseball.com/Record/Player/PitcherDetail/SeasonReg.aspx?playerId=62528"
"62528","롯데","2023","199","WBC 10(1라운드)","10","2026-08-03","https://www.koreabaseball.com/Record/Player/PitcherDetail/SeasonReg.aspx?playerId=62528"
"62528","롯데","2024","193","","0","2026-08-03","https://www.koreabaseball.com/Record/Player/PitcherDetail/SeasonReg.aspx?playerId=62528"
"62528","롯데","2025","193","","0","2026-08-03","https://www.koreabaseball.com/Record/Player/PitcherDetail/SeasonReg.aspx?playerId=62528"
"62558","롯데","2013","11","","0","2026-08-03","https://www.koreabaseball.com/Record/Player/PitcherDetail/SeasonReg.aspx?playerId=62558"
"62558","롯데","2014","0","","0","2026-08-03","https://www.koreabaseball.com/Record/Player/PitcherDetail/SeasonReg.aspx?playerId=62558"
"62558","롯데","2015","79","","0","2026-08-03","https://www.koreabaseball.com/Record/Player/PitcherDetail/SeasonReg.aspx?playerId=62558"
"62558","롯데","2016","132","","0","2026-08-03","https://www.koreabaseball.com/Record/Player/PitcherDetail/SeasonReg.aspx?playerId=62558"
"62558","롯데","2019","67","","0","2026-08-03","https://www.koreabaseball.com/Record/Player/PitcherDetail/SeasonReg.aspx?playerId=62558"
"62558","롯데","2020","179","","0","2026-08-03","https://www.koreabaseball.com/Record/Player/PitcherDetail/SeasonReg.aspx?playerId=62558"
"62558","KT","2021","103","","0","2026-08-03","https://www.koreabaseball.com/Record/Player/PitcherDetail/SeasonReg.aspx?playerId=62558"
"62558","KT","2022","193","","0","2026-08-03","https://www.koreabaseball.com/Record/Player/PitcherDetail/SeasonReg.aspx?playerId=62558"
"62558","KT","2023","175","","0","2026-08-03","https://www.koreabaseball.com/Record/Player/PitcherDetail/SeasonReg.aspx?playerId=62558"
"62558","KT","2024","47","","0","2026-08-03","https://www.koreabaseball.com/Record/Player/PitcherDetail/SeasonReg.aspx?playerId=62558"
"62558","LG","2025","18","","0","2026-08-03","https://www.koreabaseball.com/Record/Player/PitcherDetail/SeasonReg.aspx?playerId=62558"
"62700","한화","2012","104","","0","2026-08-03","https://www.koreabaseball.com/Record/Player/PitcherDetail/SeasonReg.aspx?playerId=62700"
"62700","한화","2013","12","","0","2026-08-03","https://www.koreabaseball.com/Record/Player/PitcherDetail/SeasonReg.aspx?playerId=62700"
"62700","한화","2015","5","","0","2026-08-03","https://www.koreabaseball.com/Record/Player/PitcherDetail/SeasonReg.aspx?playerId=62700"
"62700","한화","2016","151","","0","2026-08-03","https://www.koreabaseball.com/Record/Player/PitcherDetail/SeasonReg.aspx?playerId=62700"
"62700","한화","2017","147","APBC 10(준우승)","10","2026-08-03","https://www.koreabaseball.com/Record/Player/PitcherDetail/SeasonReg.aspx?playerId=62700"
"62700","한화","2018","186","","0","2026-08-03","https://www.koreabaseball.com/Record/Player/PitcherDetail/SeasonReg.aspx?playerId=62700"
"62700","한화","2019","6","","0","2026-08-03","https://www.koreabaseball.com/Record/Player/PitcherDetail/SeasonReg.aspx?playerId=62700"
"62700","한화","2020","123","","0","2026-08-03","https://www.koreabaseball.com/Record/Player/PitcherDetail/SeasonReg.aspx?playerId=62700"
"62700","한화","2021","183","","0","2026-08-03","https://www.koreabaseball.com/Record/Player/PitcherDetail/SeasonReg.aspx?playerId=62700"
"62700","한화","2022","172","","0","2026-08-03","https://www.koreabaseball.com/Record/Player/PitcherDetail/SeasonReg.aspx?playerId=62700"
"62700","한화","2023","43","","0","2026-08-03","https://www.koreabaseball.com/Record/Player/PitcherDetail/SeasonReg.aspx?playerId=62700"
"62700","한화","2024","165","","0","2026-08-03","https://www.koreabaseball.com/Record/Player/PitcherDetail/SeasonReg.aspx?playerId=62700"
"62700","한화","2025","161","","0","2026-08-03","https://www.koreabaseball.com/Record/Player/PitcherDetail/SeasonReg.aspx?playerId=62700"
"62754","한화","2012","10","","0","2026-08-03","https://www.koreabaseball.com/Record/Player/PitcherDetail/SeasonReg.aspx?playerId=62754"
"62754","한화","2013","102","","0","2026-08-03","https://www.koreabaseball.com/Record/Player/PitcherDetail/SeasonReg.aspx?playerId=62754"
"62754","한화","2014","61","","0","2026-08-03","https://www.koreabaseball.com/Record/Player/PitcherDetail/SeasonReg.aspx?playerId=62754"
"62754","KIA","2017","128","APBC 10(준우승)","10","2026-08-03","https://www.koreabaseball.com/Record/Player/PitcherDetail/SeasonReg.aspx?playerId=62754"
"62754","KIA","2018","143","아시안게임 25(금메달)","25","2026-08-03","https://www.koreabaseball.com/Record/Player/PitcherDetail/SeasonReg.aspx?playerId=62754"
"62754","KIA","2019","98","","0","2026-08-03","https://www.koreabaseball.com/Record/Player/PitcherDetail/SeasonReg.aspx?playerId=62754"
"62754","KIA","2020","167","","0","2026-08-03","https://www.koreabaseball.com/Record/Player/PitcherDetail/SeasonReg.aspx?playerId=62754"
"62754","KIA","2021","166","","0","2026-08-03","https://www.koreabaseball.com/Record/Player/PitcherDetail/SeasonReg.aspx?playerId=62754"
"62754","KIA","2022","164","","0","2026-08-03","https://www.koreabaseball.com/Record/Player/PitcherDetail/SeasonReg.aspx?playerId=62754"
"62754","KIA","2023","200","","0","2026-08-03","https://www.koreabaseball.com/Record/Player/PitcherDetail/SeasonReg.aspx?playerId=62754"
"62754","KIA","2024","150","","0","2026-08-03","https://www.koreabaseball.com/Record/Player/PitcherDetail/SeasonReg.aspx?playerId=62754"
"62754","KIA","2025","27","","0","2026-08-03","https://www.koreabaseball.com/Record/Player/PitcherDetail/SeasonReg.aspx?playerId=62754"
"62802","SK","2012","7","","0","2026-08-03","https://www.koreabaseball.com/Record/Player/PitcherDetail/SeasonReg.aspx?playerId=62802"
"62802","SK","2013","45","","0","2026-08-03","https://www.koreabaseball.com/Record/Player/PitcherDetail/SeasonReg.aspx?playerId=62802"
"62802","SK","2014","0","","0","2026-08-03","https://www.koreabaseball.com/Record/Player/PitcherDetail/SeasonReg.aspx?playerId=62802"
"62802","SK","2016","59","","0","2026-08-03","https://www.koreabaseball.com/Record/Player/PitcherDetail/SeasonReg.aspx?playerId=62802"
"62802","SK","2017","133","","0","2026-08-03","https://www.koreabaseball.com/Record/Player/PitcherDetail/SeasonReg.aspx?playerId=62802"
"62802","SK","2018","94","","0","2026-08-03","https://www.koreabaseball.com/Record/Player/PitcherDetail/SeasonReg.aspx?playerId=62802"
"62802","KT","2019","149","","0","2026-08-03","https://www.koreabaseball.com/Record/Player/PitcherDetail/SeasonReg.aspx?playerId=62802"
"62802","KT","2020","147","","0","2026-08-03","https://www.koreabaseball.com/Record/Player/PitcherDetail/SeasonReg.aspx?playerId=62802"
"62802","KT","2021","15","","0","2026-08-03","https://www.koreabaseball.com/Record/Player/PitcherDetail/SeasonReg.aspx?playerId=62802"
"62802","롯데","2022","175","","0","2026-08-03","https://www.koreabaseball.com/Record/Player/PitcherDetail/SeasonReg.aspx?playerId=62802"
"62802","롯데","2023","199","","0","2026-08-03","https://www.koreabaseball.com/Record/Player/PitcherDetail/SeasonReg.aspx?playerId=62802"
"62802","롯데","2024","193","","0","2026-08-03","https://www.koreabaseball.com/Record/Player/PitcherDetail/SeasonReg.aspx?playerId=62802"
"62802","롯데","2025","106","","0","2026-08-03","https://www.koreabaseball.com/Record/Player/PitcherDetail/SeasonReg.aspx?playerId=62802"
"62864","SK","2015","55","","0","2026-08-03","https://www.koreabaseball.com/Record/Player/PitcherDetail/SeasonReg.aspx?playerId=62864"
"62864","SK","2016","191","","0","2026-08-03","https://www.koreabaseball.com/Record/Player/PitcherDetail/SeasonReg.aspx?playerId=62864"
"62864","KIA","2017","187","","0","2026-08-03","https://www.koreabaseball.com/Record/Player/PitcherDetail/SeasonReg.aspx?playerId=62864"
"62864","KIA","2018","176","","0","2026-08-03","https://www.koreabaseball.com/Record/Player/PitcherDetail/SeasonReg.aspx?playerId=62864"
"62864","KIA","2019","104","","0","2026-08-03","https://www.koreabaseball.com/Record/Player/PitcherDetail/SeasonReg.aspx?playerId=62864"
"62864","KIA","2020","112","","0","2026-08-03","https://www.koreabaseball.com/Record/Player/PitcherDetail/SeasonReg.aspx?playerId=62864"
"62864","KIA","2021","183","","0","2026-08-03","https://www.koreabaseball.com/Record/Player/PitcherDetail/SeasonReg.aspx?playerId=62864"
"62864","SSG","2022","190","","0","2026-08-03","https://www.koreabaseball.com/Record/Player/PitcherDetail/SeasonReg.aspx?playerId=62864"
"62864","SSG","2023","186","","0","2026-08-03","https://www.koreabaseball.com/Record/Player/PitcherDetail/SeasonReg.aspx?playerId=62864"
"62864","SSG","2024","118","","0","2026-08-03","https://www.koreabaseball.com/Record/Player/PitcherDetail/SeasonReg.aspx?playerId=62864"
"62864","SSG","2025","0","","0","2026-08-03","https://www.koreabaseball.com/Record/Player/PitcherDetail/SeasonReg.aspx?playerId=62864"
"62869","SK","2012","14","","0","2026-08-03","https://www.koreabaseball.com/Record/Player/PitcherDetail/SeasonReg.aspx?playerId=62869"
"62869","SK","2013","102","","0","2026-08-03","https://www.koreabaseball.com/Record/Player/PitcherDetail/SeasonReg.aspx?playerId=62869"
"62869","SK","2016","136","","0","2026-08-03","https://www.koreabaseball.com/Record/Player/PitcherDetail/SeasonReg.aspx?playerId=62869"
"62869","SK","2017","174","","0","2026-08-03","https://www.koreabaseball.com/Record/Player/PitcherDetail/SeasonReg.aspx?playerId=62869"
"62869","SK","2018","179","","0","2026-08-03","https://www.koreabaseball.com/Record/Player/PitcherDetail/SeasonReg.aspx?playerId=62869"
"62869","SK","2019","158","","0","2026-08-03","https://www.koreabaseball.com/Record/Player/PitcherDetail/SeasonReg.aspx?playerId=62869"
"62869","SK","2020","151","","0","2026-08-03","https://www.koreabaseball.com/Record/Player/PitcherDetail/SeasonReg.aspx?playerId=62869"
"62869","SSG","2021","88","","0","2026-08-03","https://www.koreabaseball.com/Record/Player/PitcherDetail/SeasonReg.aspx?playerId=62869"
"62869","SSG","2022","81","","0","2026-08-03","https://www.koreabaseball.com/Record/Player/PitcherDetail/SeasonReg.aspx?playerId=62869"
"62869","SSG","2023","184","","0","2026-08-03","https://www.koreabaseball.com/Record/Player/PitcherDetail/SeasonReg.aspx?playerId=62869"
"62869","SSG","2024","192","","0","2026-08-03","https://www.koreabaseball.com/Record/Player/PitcherDetail/SeasonReg.aspx?playerId=62869"
"62869","SSG","2025","171","","0","2026-08-03","https://www.koreabaseball.com/Record/Player/PitcherDetail/SeasonReg.aspx?playerId=62869"
"62884","SK","2017","63","","0","2026-08-03","https://www.koreabaseball.com/Record/Player/PitcherDetail/SeasonReg.aspx?playerId=62884"
"62884","SK","2018","186","","0","2026-08-03","https://www.koreabaseball.com/Record/Player/PitcherDetail/SeasonReg.aspx?playerId=62884"
"62884","SK","2019","106","","0","2026-08-03","https://www.koreabaseball.com/Record/Player/PitcherDetail/SeasonReg.aspx?playerId=62884"
"62884","SK","2020","85","","0","2026-08-03","https://www.koreabaseball.com/Record/Player/PitcherDetail/SeasonReg.aspx?playerId=62884"
"62884","SSG","2021","68","","0","2026-08-03","https://www.koreabaseball.com/Record/Player/PitcherDetail/SeasonReg.aspx?playerId=62884"
"62884","SSG","2022","34","","0","2026-08-03","https://www.koreabaseball.com/Record/Player/PitcherDetail/SeasonReg.aspx?playerId=62884"
"62884","SSG","2023","53","","0","2026-08-03","https://www.koreabaseball.com/Record/Player/PitcherDetail/SeasonReg.aspx?playerId=62884"
"62884","롯데","2024","168","","0","2026-08-03","https://www.koreabaseball.com/Record/Player/PitcherDetail/SeasonReg.aspx?playerId=62884"
"62884","롯데","2025","32","","0","2026-08-03","https://www.koreabaseball.com/Record/Player/PitcherDetail/SeasonReg.aspx?playerId=62884"
"62895","SK","2012","24","","0","2026-08-03","https://www.koreabaseball.com/Record/Player/PitcherDetail/SeasonReg.aspx?playerId=62895"
"62895","SK","2013","153","","0","2026-08-03","https://www.koreabaseball.com/Record/Player/PitcherDetail/SeasonReg.aspx?playerId=62895"
"62895","SK","2014","127","","0","2026-08-03","https://www.koreabaseball.com/Record/Player/PitcherDetail/SeasonReg.aspx?playerId=62895"
"62895","SK","2016","16","","0","2026-08-03","https://www.koreabaseball.com/Record/Player/PitcherDetail/SeasonReg.aspx?playerId=62895"
"62895","SK","2017","131","","0","2026-08-03","https://www.koreabaseball.com/Record/Player/PitcherDetail/SeasonReg.aspx?playerId=62895"
"62895","SK","2018","186","","0","2026-08-03","https://www.koreabaseball.com/Record/Player/PitcherDetail/SeasonReg.aspx?playerId=62895"
"62895","SK","2019","182","","0","2026-08-03","https://www.koreabaseball.com/Record/Player/PitcherDetail/SeasonReg.aspx?playerId=62895"
"62895","SK","2020","109","","0","2026-08-03","https://www.koreabaseball.com/Record/Player/PitcherDetail/SeasonReg.aspx?playerId=62895"
"62895","SSG","2021","183","","0","2026-08-03","https://www.koreabaseball.com/Record/Player/PitcherDetail/SeasonReg.aspx?playerId=62895"
"62895","SSG","2022","190","","0","2026-08-03","https://www.koreabaseball.com/Record/Player/PitcherDetail/SeasonReg.aspx?playerId=62895"
"62895","SSG","2023","176","","0","2026-08-03","https://www.koreabaseball.com/Record/Player/PitcherDetail/SeasonReg.aspx?playerId=62895"
"62895","SSG","2024","192","","0","2026-08-03","https://www.koreabaseball.com/Record/Player/PitcherDetail/SeasonReg.aspx?playerId=62895"
"62895","SSG","2025","183","","0","2026-08-03","https://www.koreabaseball.com/Record/Player/PitcherDetail/SeasonReg.aspx?playerId=62895"
"62907","","2012","0","","0","2026-08-03","https://www.koreabaseball.com/Record/Player/PitcherDetail/SeasonReg.aspx?playerId=62907"
"62907","NC","2013","62","","0","2026-08-03","https://www.koreabaseball.com/Record/Player/PitcherDetail/SeasonReg.aspx?playerId=62907"
"62907","NC","2014","177","","0","2026-08-03","https://www.koreabaseball.com/Record/Player/PitcherDetail/SeasonReg.aspx?playerId=62907"
"62907","NC","2015","192","","0","2026-08-03","https://www.koreabaseball.com/Record/Player/PitcherDetail/SeasonReg.aspx?playerId=62907"
"62907","NC","2016","179","","0","2026-08-03","https://www.koreabaseball.com/Record/Player/PitcherDetail/SeasonReg.aspx?playerId=62907"
"62907","NC","2017","156","APBC 10(준우승)","10","2026-08-03","https://www.koreabaseball.com/Record/Player/PitcherDetail/SeasonReg.aspx?playerId=62907"
"62907","NC","2018","160","아시안게임 병역(금메달)","0","2026-08-03","https://www.koreabaseball.com/Record/Player/PitcherDetail/SeasonReg.aspx?playerId=62907"
"62907","NC","2019","173","프리미어12 60(준우승)","60","2026-08-03","https://www.koreabaseball.com/Record/Player/PitcherDetail/SeasonReg.aspx?playerId=62907"
"62907","NC","2020","172","","0","2026-08-03","https://www.koreabaseball.com/Record/Player/PitcherDetail/SeasonReg.aspx?playerId=62907"
"62907","NC","2021","90","","0","2026-08-03","https://www.koreabaseball.com/Record/Player/PitcherDetail/SeasonReg.aspx?playerId=62907"
"62907","NC","2022","150","","0","2026-08-03","https://www.koreabaseball.com/Record/Player/PitcherDetail/SeasonReg.aspx?playerId=62907"
"62907","NC","2023","199","","0","2026-08-03","https://www.koreabaseball.com/Record/Player/PitcherDetail/SeasonReg.aspx?playerId=62907"
"62907","NC","2024","191","","0","2026-08-03","https://www.koreabaseball.com/Record/Player/PitcherDetail/SeasonReg.aspx?playerId=62907"
"62907","NC","2025","176","","0","2026-08-03","https://www.koreabaseball.com/Record/Player/PitcherDetail/SeasonReg.aspx?playerId=62907"
"62931","","2012","0","","0","2026-08-03","https://www.koreabaseball.com/Record/Player/PitcherDetail/SeasonReg.aspx?playerId=62931"
"62931","NC","2013","190","","0","2026-08-03","https://www.koreabaseball.com/Record/Player/PitcherDetail/SeasonReg.aspx?playerId=62931"
"62931","NC","2014","64","","0","2026-08-03","https://www.koreabaseball.com/Record/Player/PitcherDetail/SeasonReg.aspx?playerId=62931"
"62931","NC","2015","139","","0","2026-08-03","https://www.koreabaseball.com/Record/Player/PitcherDetail/SeasonReg.aspx?playerId=62931"
"62931","NC","2017","11","","0","2026-08-03","https://www.koreabaseball.com/Record/Player/PitcherDetail/SeasonReg.aspx?playerId=62931"
"62931","NC","2018","168","","0","2026-08-03","https://www.koreabaseball.com/Record/Player/PitcherDetail/SeasonReg.aspx?playerId=62931"
"62931","NC","2019","161","","0","2026-08-03","https://www.koreabaseball.com/Record/Player/PitcherDetail/SeasonReg.aspx?playerId=62931"
"62931","NC","2020","180","","0","2026-08-03","https://www.koreabaseball.com/Record/Player/PitcherDetail/SeasonReg.aspx?playerId=62931"
"62931","NC","2021","144","","0","2026-08-03","https://www.koreabaseball.com/Record/Player/PitcherDetail/SeasonReg.aspx?playerId=62931"
"62931","NC","2022","170","","0","2026-08-03","https://www.koreabaseball.com/Record/Player/PitcherDetail/SeasonReg.aspx?playerId=62931"
"62931","롯데","2023","194","","0","2026-08-03","https://www.koreabaseball.com/Record/Player/PitcherDetail/SeasonReg.aspx?playerId=62931"
"62931","롯데","2024","135","","0","2026-08-03","https://www.koreabaseball.com/Record/Player/PitcherDetail/SeasonReg.aspx?playerId=62931"
"62931","롯데","2025","42","","0","2026-08-03","https://www.koreabaseball.com/Record/Player/PitcherDetail/SeasonReg.aspx?playerId=62931"
"62934","","2012","0","","0","2026-08-03","https://www.koreabaseball.com/Record/Player/PitcherDetail/SeasonReg.aspx?playerId=62934"
"62934","NC","2013","18","","0","2026-08-03","https://www.koreabaseball.com/Record/Player/PitcherDetail/SeasonReg.aspx?playerId=62934"
"62934","NC","2014","56","","0","2026-08-03","https://www.koreabaseball.com/Record/Player/PitcherDetail/SeasonReg.aspx?playerId=62934"
"62934","NC","2015","192","","0","2026-08-03","https://www.koreabaseball.com/Record/Player/PitcherDetail/SeasonReg.aspx?playerId=62934"
"62934","NC","2016","192","","0","2026-08-03","https://www.koreabaseball.com/Record/Player/PitcherDetail/SeasonReg.aspx?playerId=62934"
"62934","NC","2017","167","APBC 10(준우승)","10","2026-08-03","https://www.koreabaseball.com/Record/Player/PitcherDetail/SeasonReg.aspx?playerId=62934"
"62934","NC","2018","146","","0","2026-08-03","https://www.koreabaseball.com/Record/Player/PitcherDetail/SeasonReg.aspx?playerId=62934"
"62934","NC","2019","162","","0","2026-08-03","https://www.koreabaseball.com/Record/Player/PitcherDetail/SeasonReg.aspx?playerId=62934"
"62934","NC","2020","164","","0","2026-08-03","https://www.koreabaseball.com/Record/Player/PitcherDetail/SeasonReg.aspx?playerId=62934"
"62934","NC","2023","167","","0","2026-08-03","https://www.koreabaseball.com/Record/Player/PitcherDetail/SeasonReg.aspx?playerId=62934"
"62934","NC","2024","193","","0","2026-08-03","https://www.koreabaseball.com/Record/Player/PitcherDetail/SeasonReg.aspx?playerId=62934"
"62934","SSG","2025","104","","0","2026-08-03","https://www.koreabaseball.com/Record/Player/PitcherDetail/SeasonReg.aspx?playerId=62934"
"62947","","2012","0","","0","2026-08-03","https://www.koreabaseball.com/Record/Player/PitcherDetail/SeasonReg.aspx?playerId=62947"
"62947","NC","2013","158","","0","2026-08-03","https://www.koreabaseball.com/Record/Player/PitcherDetail/SeasonReg.aspx?playerId=62947"
"62947","NC","2014","187","아시안게임 병역(금메달)","0","2026-08-03","https://www.koreabaseball.com/Record/Player/PitcherDetail/SeasonReg.aspx?playerId=62947"
"62947","NC","2015","192","프리미어12 28(우승)","28","2026-08-03","https://www.koreabaseball.com/Record/Player/PitcherDetail/SeasonReg.aspx?playerId=62947"
"62947","NC","2016","192","","0","2026-08-03","https://www.koreabaseball.com/Record/Player/PitcherDetail/SeasonReg.aspx?playerId=62947"
"62947","NC","2017","167","","0","2026-08-03","https://www.koreabaseball.com/Record/Player/PitcherDetail/SeasonReg.aspx?playerId=62947"
"62947","NC","2018","186","","0","2026-08-03","https://www.koreabaseball.com/Record/Player/PitcherDetail/SeasonReg.aspx?playerId=62947"
"62947","NC","2019","30","","0","2026-08-03","https://www.koreabaseball.com/Record/Player/PitcherDetail/SeasonReg.aspx?playerId=62947"
"62947","NC","2020","180","","0","2026-08-03","https://www.koreabaseball.com/Record/Player/PitcherDetail/SeasonReg.aspx?playerId=62947"
"62947","NC","2021","183","","0","2026-08-03","https://www.koreabaseball.com/Record/Player/PitcherDetail/SeasonReg.aspx?playerId=62947"
"62947","KIA","2022","190","","0","2026-08-03","https://www.koreabaseball.com/Record/Player/PitcherDetail/SeasonReg.aspx?playerId=62947"
"62947","KIA","2023","159","WBC 10(1라운드)","10","2026-08-03","https://www.koreabaseball.com/Record/Player/PitcherDetail/SeasonReg.aspx?playerId=62947"
"62947","KIA","2024","146","","0","2026-08-03","https://www.koreabaseball.com/Record/Player/PitcherDetail/SeasonReg.aspx?playerId=62947"
"62947","KIA","2025","146","","0","2026-08-03","https://www.koreabaseball.com/Record/Player/PitcherDetail/SeasonReg.aspx?playerId=62947"
"62951","NC","2013","12","","0","2026-08-03","https://www.koreabaseball.com/Record/Player/PitcherDetail/SeasonReg.aspx?playerId=62951"
"62951","NC","2016","0","","0","2026-08-03","https://www.koreabaseball.com/Record/Player/PitcherDetail/SeasonReg.aspx?playerId=62951"
"62951","NC","2017","51","","0","2026-08-03","https://www.koreabaseball.com/Record/Player/PitcherDetail/SeasonReg.aspx?playerId=62951"
"62951","NC","2018","134","","0","2026-08-03","https://www.koreabaseball.com/Record/Player/PitcherDetail/SeasonReg.aspx?playerId=62951"
"62951","두산","2019","193","","0","2026-08-03","https://www.koreabaseball.com/Record/Player/PitcherDetail/SeasonReg.aspx?playerId=62951"
"62951","두산","2020","104","","0","2026-08-03","https://www.koreabaseball.com/Record/Player/PitcherDetail/SeasonReg.aspx?playerId=62951"
"62951","두산","2021","9","","0","2026-08-03","https://www.koreabaseball.com/Record/Player/PitcherDetail/SeasonReg.aspx?playerId=62951"
"62951","두산","2022","93","","0","2026-08-03","https://www.koreabaseball.com/Record/Player/PitcherDetail/SeasonReg.aspx?playerId=62951"
"62951","두산","2023","81","","0","2026-08-03","https://www.koreabaseball.com/Record/Player/PitcherDetail/SeasonReg.aspx?playerId=62951"
"62951","KIA","2024","59","","0","2026-08-03","https://www.koreabaseball.com/Record/Player/PitcherDetail/SeasonReg.aspx?playerId=62951"
"62951","KIA","2025","81","","0","2026-08-03","https://www.koreabaseball.com/Record/Player/PitcherDetail/SeasonReg.aspx?playerId=62951"
"63123","LG","2016","37","","0","2026-08-03","https://www.koreabaseball.com/Record/Player/PitcherDetail/SeasonReg.aspx?playerId=63123"
"63123","LG","2017","131","","0","2026-08-03","https://www.koreabaseball.com/Record/Player/PitcherDetail/SeasonReg.aspx?playerId=63123"
"63123","SK","2018","94","","0","2026-08-03","https://www.koreabaseball.com/Record/Player/PitcherDetail/SeasonReg.aspx?playerId=63123"
"63123","SK","2019","23","","0","2026-08-03","https://www.koreabaseball.com/Record/Player/PitcherDetail/SeasonReg.aspx?playerId=63123"
"63123","SK","2020","0","","0","2026-08-03","https://www.koreabaseball.com/Record/Player/PitcherDetail/SeasonReg.aspx?playerId=63123"
"63123","두산","2021","150","","0","2026-08-03","https://www.koreabaseball.com/Record/Player/PitcherDetail/SeasonReg.aspx?playerId=63123"
"63123","두산","2022","175","","0","2026-08-03","https://www.koreabaseball.com/Record/Player/PitcherDetail/SeasonReg.aspx?playerId=63123"
"63123","두산","2023","184","","0","2026-08-03","https://www.koreabaseball.com/Record/Player/PitcherDetail/SeasonReg.aspx?playerId=63123"
"63123","두산","2024","190","","0","2026-08-03","https://www.koreabaseball.com/Record/Player/PitcherDetail/SeasonReg.aspx?playerId=63123"
"63123","두산","2025","173","","0","2026-08-03","https://www.koreabaseball.com/Record/Player/PitcherDetail/SeasonReg.aspx?playerId=63123"
"63145","LG","2016","1","","0","2026-08-03","https://www.koreabaseball.com/Record/Player/PitcherDetail/SeasonReg.aspx?playerId=63145"
"63145","LG","2018","68","","0","2026-08-03","https://www.koreabaseball.com/Record/Player/PitcherDetail/SeasonReg.aspx?playerId=63145"
"63145","LG","2019","105","","0","2026-08-03","https://www.koreabaseball.com/Record/Player/PitcherDetail/SeasonReg.aspx?playerId=63145"
"63145","LG","2020","0","","0","2026-08-03","https://www.koreabaseball.com/Record/Player/PitcherDetail/SeasonReg.aspx?playerId=63145"
"63145","LG","2021","60","","0","2026-08-03","https://www.koreabaseball.com/Record/Player/PitcherDetail/SeasonReg.aspx?playerId=63145"
"63145","LG","2022","87","","0","2026-08-03","https://www.koreabaseball.com/Record/Player/PitcherDetail/SeasonReg.aspx?playerId=63145"
"63145","LG","2023","11","","0","2026-08-03","https://www.koreabaseball.com/Record/Player/PitcherDetail/SeasonReg.aspx?playerId=63145"
"63145","LG","2024","0","","0","2026-08-03","https://www.koreabaseball.com/Record/Player/PitcherDetail/SeasonReg.aspx?playerId=63145"
"63145","LG","2025","90","","0","2026-08-03","https://www.koreabaseball.com/Record/Player/PitcherDetail/SeasonReg.aspx?playerId=63145"
"63202","두산","2013","0","","0","2026-08-03","https://www.koreabaseball.com/Record/Player/PitcherDetail/SeasonReg.aspx?playerId=63202"
"63202","두산","2014","0","","0","2026-08-03","https://www.koreabaseball.com/Record/Player/PitcherDetail/SeasonReg.aspx?playerId=63202"
"63202","두산","2015","4","","0","2026-08-03","https://www.koreabaseball.com/Record/Player/PitcherDetail/SeasonReg.aspx?playerId=63202"
"63202","두산","2017","10","APBC 10(준우승)","10","2026-08-03","https://www.koreabaseball.com/Record/Player/PitcherDetail/SeasonReg.aspx?playerId=63202"
"63202","두산","2018","71","","0","2026-08-03","https://www.koreabaseball.com/Record/Player/PitcherDetail/SeasonReg.aspx?playerId=63202"
"63202","두산","2019","133","","0","2026-08-03","https://www.koreabaseball.com/Record/Player/PitcherDetail/SeasonReg.aspx?playerId=63202"
"63202","두산","2020","107","","0","2026-08-03","https://www.koreabaseball.com/Record/Player/PitcherDetail/SeasonReg.aspx?playerId=63202"
"63202","두산","2021","180","","0","2026-08-03","https://www.koreabaseball.com/Record/Player/PitcherDetail/SeasonReg.aspx?playerId=63202"
"63202","두산","2022","124","","0","2026-08-03","https://www.koreabaseball.com/Record/Player/PitcherDetail/SeasonReg.aspx?playerId=63202"
"63202","두산","2023","200","","0","2026-08-03","https://www.koreabaseball.com/Record/Player/PitcherDetail/SeasonReg.aspx?playerId=63202"
"63202","두산","2024","30","","0","2026-08-03","https://www.koreabaseball.com/Record/Player/PitcherDetail/SeasonReg.aspx?playerId=63202"
"63202","두산","2025","20","","0","2026-08-03","https://www.koreabaseball.com/Record/Player/PitcherDetail/SeasonReg.aspx?playerId=63202"
"63248","두산","2013","26","","0","2026-08-03","https://www.koreabaseball.com/Record/Player/PitcherDetail/SeasonReg.aspx?playerId=63248"
"63248","두산","2014","104","","0","2026-08-03","https://www.koreabaseball.com/Record/Player/PitcherDetail/SeasonReg.aspx?playerId=63248"
"63248","두산","2015","174","","0","2026-08-03","https://www.koreabaseball.com/Record/Player/PitcherDetail/SeasonReg.aspx?playerId=63248"
"63248","두산","2016","31","","0","2026-08-03","https://www.koreabaseball.com/Record/Player/PitcherDetail/SeasonReg.aspx?playerId=63248"
"63248","두산","2017","182","APBC 10(준우승)","10","2026-08-03","https://www.koreabaseball.com/Record/Player/PitcherDetail/SeasonReg.aspx?playerId=63248"
"63248","두산","2018","187","아시안게임 병역(금메달)","0","2026-08-03","https://www.koreabaseball.com/Record/Player/PitcherDetail/SeasonReg.aspx?playerId=63248"
"63248","두산","2019","183","프리미어12 60(준우승)","60","2026-08-03","https://www.koreabaseball.com/Record/Player/PitcherDetail/SeasonReg.aspx?playerId=63248"
"63248","두산","2020","159","","0","2026-08-03","https://www.koreabaseball.com/Record/Player/PitcherDetail/SeasonReg.aspx?playerId=63248"
"63248","LG","2021","91","","0","2026-08-03","https://www.koreabaseball.com/Record/Player/PitcherDetail/SeasonReg.aspx?playerId=63248"
"63248","LG","2022","35","","0","2026-08-03","https://www.koreabaseball.com/Record/Player/PitcherDetail/SeasonReg.aspx?playerId=63248"
"63248","LG","2023","150","","0","2026-08-03","https://www.koreabaseball.com/Record/Player/PitcherDetail/SeasonReg.aspx?playerId=63248"
"63248","LG","2024","47","","0","2026-08-03","https://www.koreabaseball.com/Record/Player/PitcherDetail/SeasonReg.aspx?playerId=63248"
"63248","LG","2025","95","","0","2026-08-03","https://www.koreabaseball.com/Record/Player/PitcherDetail/SeasonReg.aspx?playerId=63248"
"63257","두산","2016","19","","0","2026-08-03","https://www.koreabaseball.com/Record/Player/PitcherDetail/SeasonReg.aspx?playerId=63257"
"63257","두산","2017","65","","0","2026-08-03","https://www.koreabaseball.com/Record/Player/PitcherDetail/SeasonReg.aspx?playerId=63257"
"63257","두산","2018","85","","0","2026-08-03","https://www.koreabaseball.com/Record/Player/PitcherDetail/SeasonReg.aspx?playerId=63257"
"63257","두산","2019","51","","0","2026-08-03","https://www.koreabaseball.com/Record/Player/PitcherDetail/SeasonReg.aspx?playerId=63257"
"63257","두산","2020","144","","0","2026-08-03","https://www.koreabaseball.com/Record/Player/PitcherDetail/SeasonReg.aspx?playerId=63257"
"63257","두산","2021","183","","0","2026-08-03","https://www.koreabaseball.com/Record/Player/PitcherDetail/SeasonReg.aspx?playerId=63257"
"63257","두산","2022","146","","0","2026-08-03","https://www.koreabaseball.com/Record/Player/PitcherDetail/SeasonReg.aspx?playerId=63257"
"63257","두산","2023","112","","0","2026-08-03","https://www.koreabaseball.com/Record/Player/PitcherDetail/SeasonReg.aspx?playerId=63257"
"63257","두산","2024","30","","0","2026-08-03","https://www.koreabaseball.com/Record/Player/PitcherDetail/SeasonReg.aspx?playerId=63257"
"63257","두산","2025","178","","0","2026-08-03","https://www.koreabaseball.com/Record/Player/PitcherDetail/SeasonReg.aspx?playerId=63257"
"63260","두산","2016","5","","0","2026-08-03","https://www.koreabaseball.com/Record/Player/PitcherDetail/SeasonReg.aspx?playerId=63260"
"63260","두산","2017","5","","0","2026-08-03","https://www.koreabaseball.com/Record/Player/PitcherDetail/SeasonReg.aspx?playerId=63260"
"63260","NC","2018","110","","0","2026-08-03","https://www.koreabaseball.com/Record/Player/PitcherDetail/SeasonReg.aspx?playerId=63260"
"63260","KIA","2019","107","","0","2026-08-03","https://www.koreabaseball.com/Record/Player/PitcherDetail/SeasonReg.aspx?playerId=63260"
"63260","KIA","2020","104","","0","2026-08-03","https://www.koreabaseball.com/Record/Player/PitcherDetail/SeasonReg.aspx?playerId=63260"
"63260","KIA","2021","109","","0","2026-08-03","https://www.koreabaseball.com/Record/Player/PitcherDetail/SeasonReg.aspx?playerId=63260"
"63260","KIA","2022","178","","0","2026-08-03","https://www.koreabaseball.com/Record/Player/PitcherDetail/SeasonReg.aspx?playerId=63260"
"63260","KIA","2023","200","","0","2026-08-03","https://www.koreabaseball.com/Record/Player/PitcherDetail/SeasonReg.aspx?playerId=63260"
"63260","KIA","2024","182","","0","2026-08-03","https://www.koreabaseball.com/Record/Player/PitcherDetail/SeasonReg.aspx?playerId=63260"
"63260","NC","2025","160","","0","2026-08-03","https://www.koreabaseball.com/Record/Player/PitcherDetail/SeasonReg.aspx?playerId=63260"
"63342","넥센","2013","23","","0","2026-08-03","https://www.koreabaseball.com/Record/Player/PitcherDetail/SeasonReg.aspx?playerId=63342"
"63342","넥센","2014","131","","0","2026-08-03","https://www.koreabaseball.com/Record/Player/PitcherDetail/SeasonReg.aspx?playerId=63342"
"63342","넥센","2015","180","프리미어12 28(우승)","28","2026-08-03","https://www.koreabaseball.com/Record/Player/PitcherDetail/SeasonReg.aspx?playerId=63342"
"63342","넥센","2016","0","","0","2026-08-03","https://www.koreabaseball.com/Record/Player/PitcherDetail/SeasonReg.aspx?playerId=63342"
"63342","넥센","2017","64","","0","2026-08-03","https://www.koreabaseball.com/Record/Player/PitcherDetail/SeasonReg.aspx?playerId=63342"
"63342","넥센","2018","60","","0","2026-08-03","https://www.koreabaseball.com/Record/Player/PitcherDetail/SeasonReg.aspx?playerId=63342"
"63342","키움","2019","158","프리미어12 60(준우승)","60","2026-08-03","https://www.koreabaseball.com/Record/Player/PitcherDetail/SeasonReg.aspx?playerId=63342"
"63342","키움","2020","179","","0","2026-08-03","https://www.koreabaseball.com/Record/Player/PitcherDetail/SeasonReg.aspx?playerId=63342"
"63342","키움","2021","171","올림픽 10(4위)","10","2026-08-03","https://www.koreabaseball.com/Record/Player/PitcherDetail/SeasonReg.aspx?playerId=63342"
"63342","키움","2022","0","","0","2026-08-03","https://www.koreabaseball.com/Record/Player/PitcherDetail/SeasonReg.aspx?playerId=63342"
"63342","키움","2024","151","","0","2026-08-03","https://www.koreabaseball.com/Record/Player/PitcherDetail/SeasonReg.aspx?playerId=63342"
"63342","KIA","2025","187","","0","2026-08-03","https://www.koreabaseball.com/Record/Player/PitcherDetail/SeasonReg.aspx?playerId=63342"
"63464","삼성","2015","0","","0","2026-08-03","https://www.koreabaseball.com/Record/Player/PitcherDetail/SeasonReg.aspx?playerId=63464"
"63464","삼성","2016","0","","0","2026-08-03","https://www.koreabaseball.com/Record/Player/PitcherDetail/SeasonReg.aspx?playerId=63464"
"63464","한화","2020","150","","0","2026-08-03","https://www.koreabaseball.com/Record/Player/PitcherDetail/SeasonReg.aspx?playerId=63464"
"63464","한화","2021","156","","0","2026-08-03","https://www.koreabaseball.com/Record/Player/PitcherDetail/SeasonReg.aspx?playerId=63464"
"63464","한화","2022","124","","0","2026-08-03","https://www.koreabaseball.com/Record/Player/PitcherDetail/SeasonReg.aspx?playerId=63464"
"63464","한화","2023","156","","0","2026-08-03","https://www.koreabaseball.com/Record/Player/PitcherDetail/SeasonReg.aspx?playerId=63464"
"63464","한화","2024","29","","0","2026-08-03","https://www.koreabaseball.com/Record/Player/PitcherDetail/SeasonReg.aspx?playerId=63464"
"63464","한화","2025","0","","0","2026-08-03","https://www.koreabaseball.com/Record/Player/PitcherDetail/SeasonReg.aspx?playerId=63464"
"63492","삼성","2020","24","","0","2026-08-03","https://www.koreabaseball.com/Record/Player/PitcherDetail/SeasonReg.aspx?playerId=63492"
"63492","삼성","2021","69","","0","2026-08-03","https://www.koreabaseball.com/Record/Player/PitcherDetail/SeasonReg.aspx?playerId=63492"
"63492","삼성","2022","105","","0","2026-08-03","https://www.koreabaseball.com/Record/Player/PitcherDetail/SeasonReg.aspx?playerId=63492"
"63492","삼성","2023","145","","0","2026-08-03","https://www.koreabaseball.com/Record/Player/PitcherDetail/SeasonReg.aspx?playerId=63492"
"63492","삼성","2024","28","","0","2026-08-03","https://www.koreabaseball.com/Record/Player/PitcherDetail/SeasonReg.aspx?playerId=63492"
"63492","삼성","2025","42","","0","2026-08-03","https://www.koreabaseball.com/Record/Player/PitcherDetail/SeasonReg.aspx?playerId=63492"
"63512","롯데","2015","10","","0","2026-08-03","https://www.koreabaseball.com/Record/Player/PitcherDetail/SeasonReg.aspx?playerId=63512"
"63512","롯데","2016","180","","0","2026-08-03","https://www.koreabaseball.com/Record/Player/PitcherDetail/SeasonReg.aspx?playerId=63512"
"63512","롯데","2017","148","APBC 10(준우승)","10","2026-08-03","https://www.koreabaseball.com/Record/Player/PitcherDetail/SeasonReg.aspx?playerId=63512"
"63512","롯데","2018","38","","0","2026-08-03","https://www.koreabaseball.com/Record/Player/PitcherDetail/SeasonReg.aspx?playerId=63512"
"63512","롯데","2019","133","","0","2026-08-03","https://www.koreabaseball.com/Record/Player/PitcherDetail/SeasonReg.aspx?playerId=63512"
"63512","롯데","2020","162","","0","2026-08-03","https://www.koreabaseball.com/Record/Player/PitcherDetail/SeasonReg.aspx?playerId=63512"
"63512","롯데","2021","60","","0","2026-08-03","https://www.koreabaseball.com/Record/Player/PitcherDetail/SeasonReg.aspx?playerId=63512"
"63512","롯데","2024","18","","0","2026-08-03","https://www.koreabaseball.com/Record/Player/PitcherDetail/SeasonReg.aspx?playerId=63512"
"63512","롯데","2025","28","","0","2026-08-03","https://www.koreabaseball.com/Record/Player/PitcherDetail/SeasonReg.aspx?playerId=63512"
"63543","롯데","2014","12","","0","2026-08-03","https://www.koreabaseball.com/Record/Player/PitcherDetail/SeasonReg.aspx?playerId=63543"
"63543","롯데","2015","67","","0","2026-08-03","https://www.koreabaseball.com/Record/Player/PitcherDetail/SeasonReg.aspx?playerId=63543"
"63543","롯데","2018","165","","0","2026-08-03","https://www.koreabaseball.com/Record/Player/PitcherDetail/SeasonReg.aspx?playerId=63543"
"63543","롯데","2019","104","","0","2026-08-03","https://www.koreabaseball.com/Record/Player/PitcherDetail/SeasonReg.aspx?playerId=63543"
"63543","롯데","2020","179","","0","2026-08-03","https://www.koreabaseball.com/Record/Player/PitcherDetail/SeasonReg.aspx?playerId=63543"
"63543","롯데","2021","183","","0","2026-08-03","https://www.koreabaseball.com/Record/Player/PitcherDetail/SeasonReg.aspx?playerId=63543"
"63543","롯데","2022","190","","0","2026-08-03","https://www.koreabaseball.com/Record/Player/PitcherDetail/SeasonReg.aspx?playerId=63543"
"63543","롯데","2023","191","","0","2026-08-03","https://www.koreabaseball.com/Record/Player/PitcherDetail/SeasonReg.aspx?playerId=63543"
"63543","롯데","2024","169","","0","2026-08-03","https://www.koreabaseball.com/Record/Player/PitcherDetail/SeasonReg.aspx?playerId=63543"
"63543","롯데","2025","48","","0","2026-08-03","https://www.koreabaseball.com/Record/Player/PitcherDetail/SeasonReg.aspx?playerId=63543"
"63638","KIA","2013","29","","0","2026-08-03","https://www.koreabaseball.com/Record/Player/PitcherDetail/SeasonReg.aspx?playerId=63638"
"63638","KIA","2014","50","","0","2026-08-03","https://www.koreabaseball.com/Record/Player/PitcherDetail/SeasonReg.aspx?playerId=63638"
"63638","KIA","2015","113","","0","2026-08-03","https://www.koreabaseball.com/Record/Player/PitcherDetail/SeasonReg.aspx?playerId=63638"
"63638","KIA","2016","133","","0","2026-08-03","https://www.koreabaseball.com/Record/Player/PitcherDetail/SeasonReg.aspx?playerId=63638"
"63638","KIA","2018","3","","0","2026-08-03","https://www.koreabaseball.com/Record/Player/PitcherDetail/SeasonReg.aspx?playerId=63638"
"63638","KIA","2019","129","","0","2026-08-03","https://www.koreabaseball.com/Record/Player/PitcherDetail/SeasonReg.aspx?playerId=63638"
"63638","KIA","2020","150","","0","2026-08-03","https://www.koreabaseball.com/Record/Player/PitcherDetail/SeasonReg.aspx?playerId=63638"
"63638","KIA","2021","122","","0","2026-08-03","https://www.koreabaseball.com/Record/Player/PitcherDetail/SeasonReg.aspx?playerId=63638"
"63638","KIA","2022","104","","0","2026-08-03","https://www.koreabaseball.com/Record/Player/PitcherDetail/SeasonReg.aspx?playerId=63638"
"63638","KIA","2023","92","","0","2026-08-03","https://www.koreabaseball.com/Record/Player/PitcherDetail/SeasonReg.aspx?playerId=63638"
"63638","KIA","2024","40","","0","2026-08-03","https://www.koreabaseball.com/Record/Player/PitcherDetail/SeasonReg.aspx?playerId=63638"
"63638","KIA","2025","0","","0","2026-08-03","https://www.koreabaseball.com/Record/Player/PitcherDetail/SeasonReg.aspx?playerId=63638"
"63722","한화","2013","50","","0","2026-08-03","https://www.koreabaseball.com/Record/Player/PitcherDetail/SeasonReg.aspx?playerId=63722"
"63722","KIA","2016","56","","0","2026-08-03","https://www.koreabaseball.com/Record/Player/PitcherDetail/SeasonReg.aspx?playerId=63722"
"63722","KIA","2017","177","APBC 10(준우승)","10","2026-08-03","https://www.koreabaseball.com/Record/Player/PitcherDetail/SeasonReg.aspx?playerId=63722"
"63722","KIA","2018","111","","0","2026-08-03","https://www.koreabaseball.com/Record/Player/PitcherDetail/SeasonReg.aspx?playerId=63722"
"63722","KIA","2019","179","","0","2026-08-03","https://www.koreabaseball.com/Record/Player/PitcherDetail/SeasonReg.aspx?playerId=63722"
"63722","KIA","2020","180","","0","2026-08-03","https://www.koreabaseball.com/Record/Player/PitcherDetail/SeasonReg.aspx?playerId=63722"
"63722","KIA","2021","183","","0","2026-08-03","https://www.koreabaseball.com/Record/Player/PitcherDetail/SeasonReg.aspx?playerId=63722"
"63722","KIA","2022","175","","0","2026-08-03","https://www.koreabaseball.com/Record/Player/PitcherDetail/SeasonReg.aspx?playerId=63722"
"63722","KIA","2023","151","","0","2026-08-03","https://www.koreabaseball.com/Record/Player/PitcherDetail/SeasonReg.aspx?playerId=63722"
"63722","KIA","2024","43","","0","2026-08-03","https://www.koreabaseball.com/Record/Player/PitcherDetail/SeasonReg.aspx?playerId=63722"
"63722","KIA","2025","38","","0","2026-08-03","https://www.koreabaseball.com/Record/Player/PitcherDetail/SeasonReg.aspx?playerId=63722"
"63765","한화","2013","0","","0","2026-08-03","https://www.koreabaseball.com/Record/Player/PitcherDetail/SeasonReg.aspx?playerId=63765"
"63765","한화","2014","0","","0","2026-08-03","https://www.koreabaseball.com/Record/Player/PitcherDetail/SeasonReg.aspx?playerId=63765"
"63765","한화","2018","25","","0","2026-08-03","https://www.koreabaseball.com/Record/Player/PitcherDetail/SeasonReg.aspx?playerId=63765"
"63765","한화","2019","119","","0","2026-08-03","https://www.koreabaseball.com/Record/Player/PitcherDetail/SeasonReg.aspx?playerId=63765"
"63765","한화","2020","143","","0","2026-08-03","https://www.koreabaseball.com/Record/Player/PitcherDetail/SeasonReg.aspx?playerId=63765"
"63765","한화","2021","145","","0","2026-08-03","https://www.koreabaseball.com/Record/Player/PitcherDetail/SeasonReg.aspx?playerId=63765"
"63765","한화","2022","160","","0","2026-08-03","https://www.koreabaseball.com/Record/Player/PitcherDetail/SeasonReg.aspx?playerId=63765"
"63765","한화","2023","0","","0","2026-08-03","https://www.koreabaseball.com/Record/Player/PitcherDetail/SeasonReg.aspx?playerId=63765"
"63765","한화","2025","183","","0","2026-08-03","https://www.koreabaseball.com/Record/Player/PitcherDetail/SeasonReg.aspx?playerId=63765"
"63894","SK","2015","0","","0","2026-08-03","https://www.koreabaseball.com/Record/Player/PitcherDetail/SeasonReg.aspx?playerId=63894"
"63894","SK","2016","0","","0","2026-08-03","https://www.koreabaseball.com/Record/Player/PitcherDetail/SeasonReg.aspx?playerId=63894"
"63894","SK","2017","18","아시아 야구선수권 5(3위)","5","2026-08-03","https://www.koreabaseball.com/Record/Player/PitcherDetail/SeasonReg.aspx?playerId=63894"
"63894","SK","2020","161","","0","2026-08-03","https://www.koreabaseball.com/Record/Player/PitcherDetail/SeasonReg.aspx?playerId=63894"
"63894","SSG","2021","21","","0","2026-08-03","https://www.koreabaseball.com/Record/Player/PitcherDetail/SeasonReg.aspx?playerId=63894"
"63894","KIA","2022","94","","0","2026-08-03","https://www.koreabaseball.com/Record/Player/PitcherDetail/SeasonReg.aspx?playerId=63894"
"63894","KIA","2023","0","","0","2026-08-03","https://www.koreabaseball.com/Record/Player/PitcherDetail/SeasonReg.aspx?playerId=63894"
"63894","KIA","2024","98","","0","2026-08-03","https://www.koreabaseball.com/Record/Player/PitcherDetail/SeasonReg.aspx?playerId=63894"
"63894","KIA","2025","0","","0","2026-08-03","https://www.koreabaseball.com/Record/Player/PitcherDetail/SeasonReg.aspx?playerId=63894"
"63950","NC","2013","23","","0","2026-08-03","https://www.koreabaseball.com/Record/Player/PitcherDetail/SeasonReg.aspx?playerId=63950"
"63950","NC","2015","6","","0","2026-08-03","https://www.koreabaseball.com/Record/Player/PitcherDetail/SeasonReg.aspx?playerId=63950"
"63950","NC","2016","132","","0","2026-08-03","https://www.koreabaseball.com/Record/Player/PitcherDetail/SeasonReg.aspx?playerId=63950"
"63950","NC","2017","163","APBC 10(준우승)","10","2026-08-03","https://www.koreabaseball.com/Record/Player/PitcherDetail/SeasonReg.aspx?playerId=63950"
"63950","NC","2018","62","","0","2026-08-03","https://www.koreabaseball.com/Record/Player/PitcherDetail/SeasonReg.aspx?playerId=63950"
"63950","NC","2019","143","","0","2026-08-03","https://www.koreabaseball.com/Record/Player/PitcherDetail/SeasonReg.aspx?playerId=63950"
"63950","KIA","2020","111","","0","2026-08-03","https://www.koreabaseball.com/Record/Player/PitcherDetail/SeasonReg.aspx?playerId=63950"
"63950","KIA","2021","183","","0","2026-08-03","https://www.koreabaseball.com/Record/Player/PitcherDetail/SeasonReg.aspx?playerId=63950"
"63950","KIA","2022","167","","0","2026-08-03","https://www.koreabaseball.com/Record/Player/PitcherDetail/SeasonReg.aspx?playerId=63950"
"63950","KIA","2023","178","","0","2026-08-03","https://www.koreabaseball.com/Record/Player/PitcherDetail/SeasonReg.aspx?playerId=63950"
"63950","KIA","2024","192","","0","2026-08-03","https://www.koreabaseball.com/Record/Player/PitcherDetail/SeasonReg.aspx?playerId=63950"
"63950","LG","2025","167","","0","2026-08-03","https://www.koreabaseball.com/Record/Player/PitcherDetail/SeasonReg.aspx?playerId=63950"
"63959","NC","2013","2","","0","2026-08-03","https://www.koreabaseball.com/Record/Player/PitcherDetail/SeasonReg.aspx?playerId=63959"
"63959","NC","2014","0","","0","2026-08-03","https://www.koreabaseball.com/Record/Player/PitcherDetail/SeasonReg.aspx?playerId=63959"
"63959","NC","2015","192","","0","2026-08-03","https://www.koreabaseball.com/Record/Player/PitcherDetail/SeasonReg.aspx?playerId=63959"
"63959","NC","2016","112","","0","2026-08-03","https://www.koreabaseball.com/Record/Player/PitcherDetail/SeasonReg.aspx?playerId=63959"
"63959","NC","2017","177","","0","2026-08-03","https://www.koreabaseball.com/Record/Player/PitcherDetail/SeasonReg.aspx?playerId=63959"
"63959","NC","2019","14","","0","2026-08-03","https://www.koreabaseball.com/Record/Player/PitcherDetail/SeasonReg.aspx?playerId=63959"
"63959","NC","2020","180","","0","2026-08-03","https://www.koreabaseball.com/Record/Player/PitcherDetail/SeasonReg.aspx?playerId=63959"
"63959","NC","2021","172","","0","2026-08-03","https://www.koreabaseball.com/Record/Player/PitcherDetail/SeasonReg.aspx?playerId=63959"
"63959","NC","2022","114","","0","2026-08-03","https://www.koreabaseball.com/Record/Player/PitcherDetail/SeasonReg.aspx?playerId=63959"
"63959","NC","2023","195","","0","2026-08-03","https://www.koreabaseball.com/Record/Player/PitcherDetail/SeasonReg.aspx?playerId=63959"
"63959","NC","2024","181","","0","2026-08-03","https://www.koreabaseball.com/Record/Player/PitcherDetail/SeasonReg.aspx?playerId=63959"
"63959","NC","2025","73","","0","2026-08-03","https://www.koreabaseball.com/Record/Player/PitcherDetail/SeasonReg.aspx?playerId=63959"
"63960","NC","2013","36","","0","2026-08-03","https://www.koreabaseball.com/Record/Player/PitcherDetail/SeasonReg.aspx?playerId=63960"
"63960","넥센","2014","19","","0","2026-08-03","https://www.koreabaseball.com/Record/Player/PitcherDetail/SeasonReg.aspx?playerId=63960"
"63960","넥센","2015","100","","0","2026-08-03","https://www.koreabaseball.com/Record/Player/PitcherDetail/SeasonReg.aspx?playerId=63960"
"63960","넥센","2018","35","","0","2026-08-03","https://www.koreabaseball.com/Record/Player/PitcherDetail/SeasonReg.aspx?playerId=63960"
"63960","삼성","2020","67","","0","2026-08-03","https://www.koreabaseball.com/Record/Player/PitcherDetail/SeasonReg.aspx?playerId=63960"
"63960","삼성","2021","96","","0","2026-08-03","https://www.koreabaseball.com/Record/Player/PitcherDetail/SeasonReg.aspx?playerId=63960"
"63960","삼성","2022","124","","0","2026-08-03","https://www.koreabaseball.com/Record/Player/PitcherDetail/SeasonReg.aspx?playerId=63960"
"63960","삼성","2023","80","","0","2026-08-03","https://www.koreabaseball.com/Record/Player/PitcherDetail/SeasonReg.aspx?playerId=63960"
"63960","삼성","2024","140","","0","2026-08-03","https://www.koreabaseball.com/Record/Player/PitcherDetail/SeasonReg.aspx?playerId=63960"
"63960","삼성","2025","5","","0","2026-08-03","https://www.koreabaseball.com/Record/Player/PitcherDetail/SeasonReg.aspx?playerId=63960"
"63963","NC","2013","190","","0","2026-08-03","https://www.koreabaseball.com/Record/Player/PitcherDetail/SeasonReg.aspx?playerId=63963"
"63963","NC","2014","187","","0","2026-08-03","https://www.koreabaseball.com/Record/Player/PitcherDetail/SeasonReg.aspx?playerId=63963"
"63963","NC","2016","18","","0","2026-08-03","https://www.koreabaseball.com/Record/Player/PitcherDetail/SeasonReg.aspx?playerId=63963"
"63963","NC","2017","187","","0","2026-08-03","https://www.koreabaseball.com/Record/Player/PitcherDetail/SeasonReg.aspx?playerId=63963"
"63963","NC","2018","139","","0","2026-08-03","https://www.koreabaseball.com/Record/Player/PitcherDetail/SeasonReg.aspx?playerId=63963"
"63963","NC","2019","166","","0","2026-08-03","https://www.koreabaseball.com/Record/Player/PitcherDetail/SeasonReg.aspx?playerId=63963"
"63963","NC","2020","180","","0","2026-08-03","https://www.koreabaseball.com/Record/Player/PitcherDetail/SeasonReg.aspx?playerId=63963"
"63963","NC","2021","101","","0","2026-08-03","https://www.koreabaseball.com/Record/Player/PitcherDetail/SeasonReg.aspx?playerId=63963"
"63963","NC","2022","146","","0","2026-08-03","https://www.koreabaseball.com/Record/Player/PitcherDetail/SeasonReg.aspx?playerId=63963"
"63963","NC","2023","167","","0","2026-08-03","https://www.koreabaseball.com/Record/Player/PitcherDetail/SeasonReg.aspx?playerId=63963"
"63963","NC","2024","181","","0","2026-08-03","https://www.koreabaseball.com/Record/Player/PitcherDetail/SeasonReg.aspx?playerId=63963"
"63963","NC","2025","197","","0","2026-08-03","https://www.koreabaseball.com/Record/Player/PitcherDetail/SeasonReg.aspx?playerId=63963"
"64001","KT","2015","118","","0","2026-08-03","https://www.koreabaseball.com/Record/Player/PitcherDetail/SeasonReg.aspx?playerId=64001"
"64001","KT","2016","119","","0","2026-08-03","https://www.koreabaseball.com/Record/Player/PitcherDetail/SeasonReg.aspx?playerId=64001"
"64001","KT","2017","162","","0","2026-08-03","https://www.koreabaseball.com/Record/Player/PitcherDetail/SeasonReg.aspx?playerId=64001"
"64001","KT","2018","154","","0","2026-08-03","https://www.koreabaseball.com/Record/Player/PitcherDetail/SeasonReg.aspx?playerId=64001"
"64001","KT","2021","178","올림픽 10(4위)","10","2026-08-03","https://www.koreabaseball.com/Record/Player/PitcherDetail/SeasonReg.aspx?playerId=64001"
"64001","KT","2022","193","","0","2026-08-03","https://www.koreabaseball.com/Record/Player/PitcherDetail/SeasonReg.aspx?playerId=64001"
"64001","KT","2023","182","WBC 10(1라운드)","10","2026-08-03","https://www.koreabaseball.com/Record/Player/PitcherDetail/SeasonReg.aspx?playerId=64001"
"64001","KT","2024","130","프리미어12 10(5위)","10","2026-08-03","https://www.koreabaseball.com/Record/Player/PitcherDetail/SeasonReg.aspx?playerId=64001"
"64001","KT","2025","186","","0","2026-08-03","https://www.koreabaseball.com/Record/Player/PitcherDetail/SeasonReg.aspx?playerId=64001"
"64004","KT","2015","138","","0","2026-08-03","https://www.koreabaseball.com/Record/Player/PitcherDetail/SeasonReg.aspx?playerId=64004"
"64004","KT","2016","47","","0","2026-08-03","https://www.koreabaseball.com/Record/Player/PitcherDetail/SeasonReg.aspx?playerId=64004"
"64004","KT","2017","0","아시아 야구선수권 5(3위)","5","2026-08-03","https://www.koreabaseball.com/Record/Player/PitcherDetail/SeasonReg.aspx?playerId=64004"
"64004","KT","2019","181","","0","2026-08-03","https://www.koreabaseball.com/Record/Player/PitcherDetail/SeasonReg.aspx?playerId=64004"
"64004","KT","2020","169","","0","2026-08-03","https://www.koreabaseball.com/Record/Player/PitcherDetail/SeasonReg.aspx?playerId=64004"
"64004","KT","2021","129","","0","2026-08-03","https://www.koreabaseball.com/Record/Player/PitcherDetail/SeasonReg.aspx?playerId=64004"
"64004","KT","2022","193","","0","2026-08-03","https://www.koreabaseball.com/Record/Player/PitcherDetail/SeasonReg.aspx?playerId=64004"
"64004","KT","2023","191","","0","2026-08-03","https://www.koreabaseball.com/Record/Player/PitcherDetail/SeasonReg.aspx?playerId=64004"
"64004","KT","2024","187","","0","2026-08-03","https://www.koreabaseball.com/Record/Player/PitcherDetail/SeasonReg.aspx?playerId=64004"
"64004","KT","2025","175","","0","2026-08-03","https://www.koreabaseball.com/Record/Player/PitcherDetail/SeasonReg.aspx?playerId=64004"
"64006","KT","2015","178","","0","2026-08-03","https://www.koreabaseball.com/Record/Player/PitcherDetail/SeasonReg.aspx?playerId=64006"
"64006","KT","2016","192","","0","2026-08-03","https://www.koreabaseball.com/Record/Player/PitcherDetail/SeasonReg.aspx?playerId=64006"
"64006","KT","2017","149","","0","2026-08-03","https://www.koreabaseball.com/Record/Player/PitcherDetail/SeasonReg.aspx?playerId=64006"
"64006","KT","2018","186","","0","2026-08-03","https://www.koreabaseball.com/Record/Player/PitcherDetail/SeasonReg.aspx?playerId=64006"
"64006","KT","2019","191","","0","2026-08-03","https://www.koreabaseball.com/Record/Player/PitcherDetail/SeasonReg.aspx?playerId=64006"
"64006","KT","2020","179","","0","2026-08-03","https://www.koreabaseball.com/Record/Player/PitcherDetail/SeasonReg.aspx?playerId=64006"
"64006","KT","2021","183","","0","2026-08-03","https://www.koreabaseball.com/Record/Player/PitcherDetail/SeasonReg.aspx?playerId=64006"
"64006","KT","2022","193","","0","2026-08-03","https://www.koreabaseball.com/Record/Player/PitcherDetail/SeasonReg.aspx?playerId=64006"
"64006","KT","2024","75","","0","2026-08-03","https://www.koreabaseball.com/Record/Player/PitcherDetail/SeasonReg.aspx?playerId=64006"
"64006","한화","2025","187","","0","2026-08-03","https://www.koreabaseball.com/Record/Player/PitcherDetail/SeasonReg.aspx?playerId=64006"
"64007","KT","2015","89","","0","2026-08-03","https://www.koreabaseball.com/Record/Player/PitcherDetail/SeasonReg.aspx?playerId=64007"
"64007","KT","2016","82","","0","2026-08-03","https://www.koreabaseball.com/Record/Player/PitcherDetail/SeasonReg.aspx?playerId=64007"
"64007","KT","2017","0","아시아 야구선수권 5(3위)","5","2026-08-03","https://www.koreabaseball.com/Record/Player/PitcherDetail/SeasonReg.aspx?playerId=64007"
"64007","KT","2019","87","","0","2026-08-03","https://www.koreabaseball.com/Record/Player/PitcherDetail/SeasonReg.aspx?playerId=64007"
"64007","KT","2020","109","","0","2026-08-03","https://www.koreabaseball.com/Record/Player/PitcherDetail/SeasonReg.aspx?playerId=64007"
"64007","KT","2021","104","","0","2026-08-03","https://www.koreabaseball.com/Record/Player/PitcherDetail/SeasonReg.aspx?playerId=64007"
"64007","KT","2022","74","","0","2026-08-03","https://www.koreabaseball.com/Record/Player/PitcherDetail/SeasonReg.aspx?playerId=64007"
"64007","KT","2023","182","","0","2026-08-03","https://www.koreabaseball.com/Record/Player/PitcherDetail/SeasonReg.aspx?playerId=64007"
"64007","KT","2024","190","","0","2026-08-03","https://www.koreabaseball.com/Record/Player/PitcherDetail/SeasonReg.aspx?playerId=64007"
"64007","KT","2025","142","","0","2026-08-03","https://www.koreabaseball.com/Record/Player/PitcherDetail/SeasonReg.aspx?playerId=64007"
"64012","KT","2015","46","","0","2026-08-03","https://www.koreabaseball.com/Record/Player/PitcherDetail/SeasonReg.aspx?playerId=64012"
"64012","KT","2018","81","","0","2026-08-03","https://www.koreabaseball.com/Record/Player/PitcherDetail/SeasonReg.aspx?playerId=64012"
"64012","KT","2019","162","","0","2026-08-03","https://www.koreabaseball.com/Record/Player/PitcherDetail/SeasonReg.aspx?playerId=64012"
"64012","KT","2020","169","","0","2026-08-03","https://www.koreabaseball.com/Record/Player/PitcherDetail/SeasonReg.aspx?playerId=64012"
"64012","KT","2021","183","","0","2026-08-03","https://www.koreabaseball.com/Record/Player/PitcherDetail/SeasonReg.aspx?playerId=64012"
"64012","KT","2022","193","","0","2026-08-03","https://www.koreabaseball.com/Record/Player/PitcherDetail/SeasonReg.aspx?playerId=64012"
"64012","KT","2023","108","","0","2026-08-03","https://www.koreabaseball.com/Record/Player/PitcherDetail/SeasonReg.aspx?playerId=64012"
"64012","KT","2024","69","","0","2026-08-03","https://www.koreabaseball.com/Record/Player/PitcherDetail/SeasonReg.aspx?playerId=64012"
"64012","KT","2025","10","","0","2026-08-03","https://www.koreabaseball.com/Record/Player/PitcherDetail/SeasonReg.aspx?playerId=64012"
"64017","KT","2015","155","","0","2026-08-03","https://www.koreabaseball.com/Record/Player/PitcherDetail/SeasonReg.aspx?playerId=64017"
"64017","KT","2016","165","","0","2026-08-03","https://www.koreabaseball.com/Record/Player/PitcherDetail/SeasonReg.aspx?playerId=64017"
"64017","KT","2017","181","APBC 10(준우승)","10","2026-08-03","https://www.koreabaseball.com/Record/Player/PitcherDetail/SeasonReg.aspx?playerId=64017"
"64017","KT","2018","115","","0","2026-08-03","https://www.koreabaseball.com/Record/Player/PitcherDetail/SeasonReg.aspx?playerId=64017"
"64017","KT","2020","0","","0","2026-08-03","https://www.koreabaseball.com/Record/Player/PitcherDetail/SeasonReg.aspx?playerId=64017"
"64017","KT","2021","118","","0","2026-08-03","https://www.koreabaseball.com/Record/Player/PitcherDetail/SeasonReg.aspx?playerId=64017"
"64017","KT","2022","183","","0","2026-08-03","https://www.koreabaseball.com/Record/Player/PitcherDetail/SeasonReg.aspx?playerId=64017"
"64017","롯데","2023","130","","0","2026-08-03","https://www.koreabaseball.com/Record/Player/PitcherDetail/SeasonReg.aspx?playerId=64017"
"64017","롯데","2024","0","","0","2026-08-03","https://www.koreabaseball.com/Record/Player/PitcherDetail/SeasonReg.aspx?playerId=64017"
"64017","롯데","2025","22","","0","2026-08-03","https://www.koreabaseball.com/Record/Player/PitcherDetail/SeasonReg.aspx?playerId=64017"
"64021","롯데","2015","172","","0","2026-08-03","https://www.koreabaseball.com/Record/Player/PitcherDetail/SeasonReg.aspx?playerId=64021"
"64021","롯데","2016","182","","0","2026-08-03","https://www.koreabaseball.com/Record/Player/PitcherDetail/SeasonReg.aspx?playerId=64021"
"64021","롯데","2017","183","APBC 10(준우승)","10","2026-08-03","https://www.koreabaseball.com/Record/Player/PitcherDetail/SeasonReg.aspx?playerId=64021"
"64021","롯데","2018","72","","0","2026-08-03","https://www.koreabaseball.com/Record/Player/PitcherDetail/SeasonReg.aspx?playerId=64021"
"64021","롯데","2019","83","","0","2026-08-03","https://www.koreabaseball.com/Record/Player/PitcherDetail/SeasonReg.aspx?playerId=64021"
"64021","롯데","2020","175","","0","2026-08-03","https://www.koreabaseball.com/Record/Player/PitcherDetail/SeasonReg.aspx?playerId=64021"
"64021","롯데","2021","180","올림픽 10(4위)","10","2026-08-03","https://www.koreabaseball.com/Record/Player/PitcherDetail/SeasonReg.aspx?playerId=64021"
"64021","롯데","2022","179","","0","2026-08-03","https://www.koreabaseball.com/Record/Player/PitcherDetail/SeasonReg.aspx?playerId=64021"
"64021","롯데","2023","182","WBC 10(1라운드), 아시안게임 병역(금메달)","10","2026-08-03","https://www.koreabaseball.com/Record/Player/PitcherDetail/SeasonReg.aspx?playerId=64021"
"64021","롯데","2024","188","","0","2026-08-03","https://www.koreabaseball.com/Record/Player/PitcherDetail/SeasonReg.aspx?playerId=64021"
"64021","롯데","2025","171","","0","2026-08-03","https://www.koreabaseball.com/Record/Player/PitcherDetail/SeasonReg.aspx?playerId=64021"
"64022","롯데","2015","162","","0","2026-08-03","https://www.koreabaseball.com/Record/Player/PitcherDetail/SeasonReg.aspx?playerId=64022"
"64022","롯데","2016","55","","0","2026-08-03","https://www.koreabaseball.com/Record/Player/PitcherDetail/SeasonReg.aspx?playerId=64022"
"64022","롯데","2018","81","","0","2026-08-03","https://www.koreabaseball.com/Record/Player/PitcherDetail/SeasonReg.aspx?playerId=64022"
"64022","롯데","2019","120","","0","2026-08-03","https://www.koreabaseball.com/Record/Player/PitcherDetail/SeasonReg.aspx?playerId=64022"
"64022","롯데","2021","82","","0","2026-08-03","https://www.koreabaseball.com/Record/Player/PitcherDetail/SeasonReg.aspx?playerId=64022"
"64022","롯데","2022","78","","0","2026-08-03","https://www.koreabaseball.com/Record/Player/PitcherDetail/SeasonReg.aspx?playerId=64022"
"64022","NC","2023","190","","0","2026-08-03","https://www.koreabaseball.com/Record/Player/PitcherDetail/SeasonReg.aspx?playerId=64022"
"64022","NC","2024","27","","0","2026-08-03","https://www.koreabaseball.com/Record/Player/PitcherDetail/SeasonReg.aspx?playerId=64022"
"64022","NC","2025","106","","0","2026-08-03","https://www.koreabaseball.com/Record/Player/PitcherDetail/SeasonReg.aspx?playerId=64022"
"64101","LG","2020","22","","0","2026-08-03","https://www.koreabaseball.com/Record/Player/PitcherDetail/SeasonReg.aspx?playerId=64101"
"64101","LG","2021","21","","0","2026-08-03","https://www.koreabaseball.com/Record/Player/PitcherDetail/SeasonReg.aspx?playerId=64101"
"64101","LG","2022","8","","0","2026-08-03","https://www.koreabaseball.com/Record/Player/PitcherDetail/SeasonReg.aspx?playerId=64101"
"64101","NC","2023","42","","0","2026-08-03","https://www.koreabaseball.com/Record/Player/PitcherDetail/SeasonReg.aspx?playerId=64101"
"64101","NC","2024","61","","0","2026-08-03","https://www.koreabaseball.com/Record/Player/PitcherDetail/SeasonReg.aspx?playerId=64101"
"64101","NC","2025","79","","0","2026-08-03","https://www.koreabaseball.com/Record/Player/PitcherDetail/SeasonReg.aspx?playerId=64101"
"64115","LG","2014","0","","0","2026-08-03","https://www.koreabaseball.com/Record/Player/PitcherDetail/SeasonReg.aspx?playerId=64115"
"64115","LG","2015","45","","0","2026-08-03","https://www.koreabaseball.com/Record/Player/PitcherDetail/SeasonReg.aspx?playerId=64115"
"64115","LG","2016","30","","0","2026-08-03","https://www.koreabaseball.com/Record/Player/PitcherDetail/SeasonReg.aspx?playerId=64115"
"64115","LG","2017","30","","0","2026-08-03","https://www.koreabaseball.com/Record/Player/PitcherDetail/SeasonReg.aspx?playerId=64115"
"64115","LG","2020","81","","0","2026-08-03","https://www.koreabaseball.com/Record/Player/PitcherDetail/SeasonReg.aspx?playerId=64115"
"64115","LG","2021","7","","0","2026-08-03","https://www.koreabaseball.com/Record/Player/PitcherDetail/SeasonReg.aspx?playerId=64115"
"64115","KT","2022","60","","0","2026-08-03","https://www.koreabaseball.com/Record/Player/PitcherDetail/SeasonReg.aspx?playerId=64115"
"64115","KT","2023","144","","0","2026-08-03","https://www.koreabaseball.com/Record/Player/PitcherDetail/SeasonReg.aspx?playerId=64115"
"64115","KT","2024","30","","0","2026-08-03","https://www.koreabaseball.com/Record/Player/PitcherDetail/SeasonReg.aspx?playerId=64115"
"64115","KT","2025","144","","0","2026-08-03","https://www.koreabaseball.com/Record/Player/PitcherDetail/SeasonReg.aspx?playerId=64115"
"64153","LG","2014","0","","0","2026-08-03","https://www.koreabaseball.com/Record/Player/PitcherDetail/SeasonReg.aspx?playerId=64153"
"64153","LG","2015","177","","0","2026-08-03","https://www.koreabaseball.com/Record/Player/PitcherDetail/SeasonReg.aspx?playerId=64153"
"64153","LG","2016","117","","0","2026-08-03","https://www.koreabaseball.com/Record/Player/PitcherDetail/SeasonReg.aspx?playerId=64153"
"64153","LG","2017","177","","0","2026-08-03","https://www.koreabaseball.com/Record/Player/PitcherDetail/SeasonReg.aspx?playerId=64153"
"64153","LG","2018","186","","0","2026-08-03","https://www.koreabaseball.com/Record/Player/PitcherDetail/SeasonReg.aspx?playerId=64153"
"64153","LG","2020","64","","0","2026-08-03","https://www.koreabaseball.com/Record/Player/PitcherDetail/SeasonReg.aspx?playerId=64153"
"64153","두산","2021","181","","0","2026-08-03","https://www.koreabaseball.com/Record/Player/PitcherDetail/SeasonReg.aspx?playerId=64153"
"64153","두산","2022","178","","0","2026-08-03","https://www.koreabaseball.com/Record/Player/PitcherDetail/SeasonReg.aspx?playerId=64153"
"64153","두산","2023","200","","0","2026-08-03","https://www.koreabaseball.com/Record/Player/PitcherDetail/SeasonReg.aspx?playerId=64153"
"64153","두산","2024","190","","0","2026-08-03","https://www.koreabaseball.com/Record/Player/PitcherDetail/SeasonReg.aspx?playerId=64153"
"64153","두산","2025","111","","0","2026-08-03","https://www.koreabaseball.com/Record/Player/PitcherDetail/SeasonReg.aspx?playerId=64153"
"64166","LG","2014","0","","0","2026-08-03","https://www.koreabaseball.com/Record/Player/PitcherDetail/SeasonReg.aspx?playerId=64166"
"64166","KT","2015","123","","0","2026-08-03","https://www.koreabaseball.com/Record/Player/PitcherDetail/SeasonReg.aspx?playerId=64166"
"64166","KT","2016","123","","0","2026-08-03","https://www.koreabaseball.com/Record/Player/PitcherDetail/SeasonReg.aspx?playerId=64166"
"64166","KT","2018","32","","0","2026-08-03","https://www.koreabaseball.com/Record/Player/PitcherDetail/SeasonReg.aspx?playerId=64166"
"64166","KT","2019","109","","0","2026-08-03","https://www.koreabaseball.com/Record/Player/PitcherDetail/SeasonReg.aspx?playerId=64166"
"64166","KT","2020","179","","0","2026-08-03","https://www.koreabaseball.com/Record/Player/PitcherDetail/SeasonReg.aspx?playerId=64166"
"64166","KT","2021","183","","0","2026-08-03","https://www.koreabaseball.com/Record/Player/PitcherDetail/SeasonReg.aspx?playerId=64166"
"64166","KT","2022","193","","0","2026-08-03","https://www.koreabaseball.com/Record/Player/PitcherDetail/SeasonReg.aspx?playerId=64166"
"64166","KT","2023","132","","0","2026-08-03","https://www.koreabaseball.com/Record/Player/PitcherDetail/SeasonReg.aspx?playerId=64166"
"64166","KT","2024","180","","0","2026-08-03","https://www.koreabaseball.com/Record/Player/PitcherDetail/SeasonReg.aspx?playerId=64166"
"64166","KT","2025","172","","0","2026-08-03","https://www.koreabaseball.com/Record/Player/PitcherDetail/SeasonReg.aspx?playerId=64166"
"64340","넥센","2014","0","","0","2026-08-03","https://www.koreabaseball.com/Record/Player/PitcherDetail/SeasonReg.aspx?playerId=64340"
"64340","넥센","2015","0","","0","2026-08-03","https://www.koreabaseball.com/Record/Player/PitcherDetail/SeasonReg.aspx?playerId=64340"
"64340","넥센","2016","0","","0","2026-08-03","https://www.koreabaseball.com/Record/Player/PitcherDetail/SeasonReg.aspx?playerId=64340"
"64340","키움","2019","45","","0","2026-08-03","https://www.koreabaseball.com/Record/Player/PitcherDetail/SeasonReg.aspx?playerId=64340"
"64340","키움","2020","4","","0","2026-08-03","https://www.koreabaseball.com/Record/Player/PitcherDetail/SeasonReg.aspx?playerId=64340"
"64340","키움","2021","71","","0","2026-08-03","https://www.koreabaseball.com/Record/Player/PitcherDetail/SeasonReg.aspx?playerId=64340"
"64340","키움","2022","81","","0","2026-08-03","https://www.koreabaseball.com/Record/Player/PitcherDetail/SeasonReg.aspx?playerId=64340"
"64340","키움","2023","138","","0","2026-08-03","https://www.koreabaseball.com/Record/Player/PitcherDetail/SeasonReg.aspx?playerId=64340"
"64340","키움","2024","38","","0","2026-08-03","https://www.koreabaseball.com/Record/Player/PitcherDetail/SeasonReg.aspx?playerId=64340"
"64340","키움","2025","143","","0","2026-08-03","https://www.koreabaseball.com/Record/Player/PitcherDetail/SeasonReg.aspx?playerId=64340"
"64346","넥센","2014","0","","0","2026-08-03","https://www.koreabaseball.com/Record/Player/PitcherDetail/SeasonReg.aspx?playerId=64346"
"64346","넥센","2015","97","","0","2026-08-03","https://www.koreabaseball.com/Record/Player/PitcherDetail/SeasonReg.aspx?playerId=64346"
"64346","넥센","2016","155","","0","2026-08-03","https://www.koreabaseball.com/Record/Player/PitcherDetail/SeasonReg.aspx?playerId=64346"
"64346","넥센","2017","39","","0","2026-08-03","https://www.koreabaseball.com/Record/Player/PitcherDetail/SeasonReg.aspx?playerId=64346"
"64346","넥센","2018","186","","0","2026-08-03","https://www.koreabaseball.com/Record/Player/PitcherDetail/SeasonReg.aspx?playerId=64346"
"64346","키움","2019","164","","0","2026-08-03","https://www.koreabaseball.com/Record/Player/PitcherDetail/SeasonReg.aspx?playerId=64346"
"64346","키움","2020","44","","0","2026-08-03","https://www.koreabaseball.com/Record/Player/PitcherDetail/SeasonReg.aspx?playerId=64346"
"64346","키움","2022","0","","0","2026-08-03","https://www.koreabaseball.com/Record/Player/PitcherDetail/SeasonReg.aspx?playerId=64346"
"64346","키움","2023","160","","0","2026-08-03","https://www.koreabaseball.com/Record/Player/PitcherDetail/SeasonReg.aspx?playerId=64346"
"64346","키움","2024","78","","0","2026-08-03","https://www.koreabaseball.com/Record/Player/PitcherDetail/SeasonReg.aspx?playerId=64346"
"64346","키움","2025","77","","0","2026-08-03","https://www.koreabaseball.com/Record/Player/PitcherDetail/SeasonReg.aspx?playerId=64346"
"64350","넥센","2014","80","","0","2026-08-03","https://www.koreabaseball.com/Record/Player/PitcherDetail/SeasonReg.aspx?playerId=64350"
"64350","넥센","2015","68","","0","2026-08-03","https://www.koreabaseball.com/Record/Player/PitcherDetail/SeasonReg.aspx?playerId=64350"
"64350","넥센","2016","41","","0","2026-08-03","https://www.koreabaseball.com/Record/Player/PitcherDetail/SeasonReg.aspx?playerId=64350"
"64350","넥센","2017","98","","0","2026-08-03","https://www.koreabaseball.com/Record/Player/PitcherDetail/SeasonReg.aspx?playerId=64350"
"64350","넥센","2018","50","","0","2026-08-03","https://www.koreabaseball.com/Record/Player/PitcherDetail/SeasonReg.aspx?playerId=64350"
"64350","키움","2022","129","","0","2026-08-03","https://www.koreabaseball.com/Record/Player/PitcherDetail/SeasonReg.aspx?playerId=64350"
"64350","키움","2023","180","","0","2026-08-03","https://www.koreabaseball.com/Record/Player/PitcherDetail/SeasonReg.aspx?playerId=64350"
"64350","키움","2024","169","","0","2026-08-03","https://www.koreabaseball.com/Record/Player/PitcherDetail/SeasonReg.aspx?playerId=64350"
"64350","키움","2025","172","","0","2026-08-03","https://www.koreabaseball.com/Record/Player/PitcherDetail/SeasonReg.aspx?playerId=64350"
"64468","삼성","2014","0","","0","2026-08-03","https://www.koreabaseball.com/Record/Player/PitcherDetail/SeasonReg.aspx?playerId=64468"
"64468","삼성","2015","32","","0","2026-08-03","https://www.koreabaseball.com/Record/Player/PitcherDetail/SeasonReg.aspx?playerId=64468"
"64468","삼성","2016","16","","0","2026-08-03","https://www.koreabaseball.com/Record/Player/PitcherDetail/SeasonReg.aspx?playerId=64468"
"64468","삼성","2019","91","","0","2026-08-03","https://www.koreabaseball.com/Record/Player/PitcherDetail/SeasonReg.aspx?playerId=64468"
"64468","삼성","2020","128","","0","2026-08-03","https://www.koreabaseball.com/Record/Player/PitcherDetail/SeasonReg.aspx?playerId=64468"
"64468","두산","2021","172","","0","2026-08-03","https://www.koreabaseball.com/Record/Player/PitcherDetail/SeasonReg.aspx?playerId=64468"
"64468","두산","2022","134","","0","2026-08-03","https://www.koreabaseball.com/Record/Player/PitcherDetail/SeasonReg.aspx?playerId=64468"
"64468","두산","2023","162","","0","2026-08-03","https://www.koreabaseball.com/Record/Player/PitcherDetail/SeasonReg.aspx?playerId=64468"
"64468","두산","2024","40","","0","2026-08-03","https://www.koreabaseball.com/Record/Player/PitcherDetail/SeasonReg.aspx?playerId=64468"
"64468","두산","2025","165","","0","2026-08-03","https://www.koreabaseball.com/Record/Player/PitcherDetail/SeasonReg.aspx?playerId=64468"
"64504","롯데","2015","62","","0","2026-08-03","https://www.koreabaseball.com/Record/Player/PitcherDetail/SeasonReg.aspx?playerId=64504"
"64504","롯데","2018","22","","0","2026-08-03","https://www.koreabaseball.com/Record/Player/PitcherDetail/SeasonReg.aspx?playerId=64504"
"64504","롯데","2019","112","","0","2026-08-03","https://www.koreabaseball.com/Record/Player/PitcherDetail/SeasonReg.aspx?playerId=64504"
"64504","롯데","2020","122","","0","2026-08-03","https://www.koreabaseball.com/Record/Player/PitcherDetail/SeasonReg.aspx?playerId=64504"
"64504","KT","2021","152","","0","2026-08-03","https://www.koreabaseball.com/Record/Player/PitcherDetail/SeasonReg.aspx?playerId=64504"
"64504","KT","2022","188","","0","2026-08-03","https://www.koreabaseball.com/Record/Player/PitcherDetail/SeasonReg.aspx?playerId=64504"
"64504","KT","2023","150","","0","2026-08-03","https://www.koreabaseball.com/Record/Player/PitcherDetail/SeasonReg.aspx?playerId=64504"
"64504","KT","2024","124","","0","2026-08-03","https://www.koreabaseball.com/Record/Player/PitcherDetail/SeasonReg.aspx?playerId=64504"
"64504","KT","2025","152","","0","2026-08-03","https://www.koreabaseball.com/Record/Player/PitcherDetail/SeasonReg.aspx?playerId=64504"
"64560","롯데","2014","9","","0","2026-08-03","https://www.koreabaseball.com/Record/Player/PitcherDetail/SeasonReg.aspx?playerId=64560"
"64560","KT","2015","27","","0","2026-08-03","https://www.koreabaseball.com/Record/Player/PitcherDetail/SeasonReg.aspx?playerId=64560"
"64560","KIA","2018","28","","0","2026-08-03","https://www.koreabaseball.com/Record/Player/PitcherDetail/SeasonReg.aspx?playerId=64560"
"64560","KIA","2019","190","","0","2026-08-03","https://www.koreabaseball.com/Record/Player/PitcherDetail/SeasonReg.aspx?playerId=64560"
"64560","KIA","2020","61","","0","2026-08-03","https://www.koreabaseball.com/Record/Player/PitcherDetail/SeasonReg.aspx?playerId=64560"
"64560","KIA","2021","182","","0","2026-08-03","https://www.koreabaseball.com/Record/Player/PitcherDetail/SeasonReg.aspx?playerId=64560"
"64560","KIA","2022","171","","0","2026-08-03","https://www.koreabaseball.com/Record/Player/PitcherDetail/SeasonReg.aspx?playerId=64560"
"64560","KIA","2023","200","","0","2026-08-03","https://www.koreabaseball.com/Record/Player/PitcherDetail/SeasonReg.aspx?playerId=64560"
"64560","KIA","2024","184","","0","2026-08-03","https://www.koreabaseball.com/Record/Player/PitcherDetail/SeasonReg.aspx?playerId=64560"
"64560","KIA","2025","87","","0","2026-08-03","https://www.koreabaseball.com/Record/Player/PitcherDetail/SeasonReg.aspx?playerId=64560"
"64580","KIA","2020","57","","0","2026-08-03","https://www.koreabaseball.com/Record/Player/PitcherDetail/SeasonReg.aspx?playerId=64580"
"64580","KIA","2021","121","","0","2026-08-03","https://www.koreabaseball.com/Record/Player/PitcherDetail/SeasonReg.aspx?playerId=64580"
"64580","KIA","2022","128","","0","2026-08-03","https://www.koreabaseball.com/Record/Player/PitcherDetail/SeasonReg.aspx?playerId=64580"
"64580","KIA","2023","38","","0","2026-08-03","https://www.koreabaseball.com/Record/Player/PitcherDetail/SeasonReg.aspx?playerId=64580"
"64580","NC","2024","193","","0","2026-08-03","https://www.koreabaseball.com/Record/Player/PitcherDetail/SeasonReg.aspx?playerId=64580"
"64580","NC","2025","61","","0","2026-08-03","https://www.koreabaseball.com/Record/Player/PitcherDetail/SeasonReg.aspx?playerId=64580"
"64596","롯데","2014","32","","0","2026-08-03","https://www.koreabaseball.com/Record/Player/PitcherDetail/SeasonReg.aspx?playerId=64596"
"64596","롯데","2015","0","","0","2026-08-03","https://www.koreabaseball.com/Record/Player/PitcherDetail/SeasonReg.aspx?playerId=64596"
"64596","롯데","2016","132","","0","2026-08-03","https://www.koreabaseball.com/Record/Player/PitcherDetail/SeasonReg.aspx?playerId=64596"
"64596","롯데","2017","136","","0","2026-08-03","https://www.koreabaseball.com/Record/Player/PitcherDetail/SeasonReg.aspx?playerId=64596"
"64596","롯데","2020","21","","0","2026-08-03","https://www.koreabaseball.com/Record/Player/PitcherDetail/SeasonReg.aspx?playerId=64596"
"64596","롯데","2021","70","","0","2026-08-03","https://www.koreabaseball.com/Record/Player/PitcherDetail/SeasonReg.aspx?playerId=64596"
"64596","롯데","2022","190","","0","2026-08-03","https://www.koreabaseball.com/Record/Player/PitcherDetail/SeasonReg.aspx?playerId=64596"
"64596","LG","2023","0","","0","2026-08-03","https://www.koreabaseball.com/Record/Player/PitcherDetail/SeasonReg.aspx?playerId=64596"
"64596","LG","2024","174","","0","2026-08-03","https://www.koreabaseball.com/Record/Player/PitcherDetail/SeasonReg.aspx?playerId=64596"
"64596","LG","2025","27","","0","2026-08-03","https://www.koreabaseball.com/Record/Player/PitcherDetail/SeasonReg.aspx?playerId=64596"
"64610","KIA","2014","147","","0","2026-08-03","https://www.koreabaseball.com/Record/Player/PitcherDetail/SeasonReg.aspx?playerId=64610"
"64610","KIA","2015","127","","0","2026-08-03","https://www.koreabaseball.com/Record/Player/PitcherDetail/SeasonReg.aspx?playerId=64610"
"64610","KIA","2016","141","","0","2026-08-03","https://www.koreabaseball.com/Record/Player/PitcherDetail/SeasonReg.aspx?playerId=64610"
"64610","삼성","2017","187","","0","2026-08-03","https://www.koreabaseball.com/Record/Player/PitcherDetail/SeasonReg.aspx?playerId=64610"
"64610","삼성","2018","129","","0","2026-08-03","https://www.koreabaseball.com/Record/Player/PitcherDetail/SeasonReg.aspx?playerId=64610"
"64610","삼성","2020","51","","0","2026-08-03","https://www.koreabaseball.com/Record/Player/PitcherDetail/SeasonReg.aspx?playerId=64610"
"64610","삼성","2021","183","","0","2026-08-03","https://www.koreabaseball.com/Record/Player/PitcherDetail/SeasonReg.aspx?playerId=64610"
"64610","삼성","2022","164","","0","2026-08-03","https://www.koreabaseball.com/Record/Player/PitcherDetail/SeasonReg.aspx?playerId=64610"
"64610","삼성","2023","150","","0","2026-08-03","https://www.koreabaseball.com/Record/Player/PitcherDetail/SeasonReg.aspx?playerId=64610"
"64610","삼성","2024","30","","0","2026-08-03","https://www.koreabaseball.com/Record/Player/PitcherDetail/SeasonReg.aspx?playerId=64610"
"64610","삼성","2025","0","","0","2026-08-03","https://www.koreabaseball.com/Record/Player/PitcherDetail/SeasonReg.aspx?playerId=64610"
"64646","KIA","2014","30","","0","2026-08-03","https://www.koreabaseball.com/Record/Player/PitcherDetail/SeasonReg.aspx?playerId=64646"
"64646","KIA","2015","97","","0","2026-08-03","https://www.koreabaseball.com/Record/Player/PitcherDetail/SeasonReg.aspx?playerId=64646"
"64646","KIA","2016","118","","0","2026-08-03","https://www.koreabaseball.com/Record/Player/PitcherDetail/SeasonReg.aspx?playerId=64646"
"64646","KIA","2019","177","","0","2026-08-03","https://www.koreabaseball.com/Record/Player/PitcherDetail/SeasonReg.aspx?playerId=64646"
"64646","KIA","2020","180","","0","2026-08-03","https://www.koreabaseball.com/Record/Player/PitcherDetail/SeasonReg.aspx?playerId=64646"
"64646","KIA","2021","183","","0","2026-08-03","https://www.koreabaseball.com/Record/Player/PitcherDetail/SeasonReg.aspx?playerId=64646"
"64646","KIA","2022","179","","0","2026-08-03","https://www.koreabaseball.com/Record/Player/PitcherDetail/SeasonReg.aspx?playerId=64646"
"64646","KIA","2023","187","","0","2026-08-03","https://www.koreabaseball.com/Record/Player/PitcherDetail/SeasonReg.aspx?playerId=64646"
"64646","KIA","2024","192","","0","2026-08-03","https://www.koreabaseball.com/Record/Player/PitcherDetail/SeasonReg.aspx?playerId=64646"
"64646","KIA","2025","197","","0","2026-08-03","https://www.koreabaseball.com/Record/Player/PitcherDetail/SeasonReg.aspx?playerId=64646"
"64768","한화","2014","31","","0","2026-08-03","https://www.koreabaseball.com/Record/Player/PitcherDetail/SeasonReg.aspx?playerId=64768"
"64768","한화","2015","31","","0","2026-08-03","https://www.koreabaseball.com/Record/Player/PitcherDetail/SeasonReg.aspx?playerId=64768"
"64768","SK","2016","0","","0","2026-08-03","https://www.koreabaseball.com/Record/Player/PitcherDetail/SeasonReg.aspx?playerId=64768"
"64768","SK","2019","40","","0","2026-08-03","https://www.koreabaseball.com/Record/Player/PitcherDetail/SeasonReg.aspx?playerId=64768"
"64768","SK","2020","152","","0","2026-08-03","https://www.koreabaseball.com/Record/Player/PitcherDetail/SeasonReg.aspx?playerId=64768"
"64768","SSG","2021","116","","0","2026-08-03","https://www.koreabaseball.com/Record/Player/PitcherDetail/SeasonReg.aspx?playerId=64768"
"64768","SSG","2022","0","","0","2026-08-03","https://www.koreabaseball.com/Record/Player/PitcherDetail/SeasonReg.aspx?playerId=64768"
"64768","KT","2023","92","","0","2026-08-03","https://www.koreabaseball.com/Record/Player/PitcherDetail/SeasonReg.aspx?playerId=64768"
"64768","KT","2024","98","","0","2026-08-03","https://www.koreabaseball.com/Record/Player/PitcherDetail/SeasonReg.aspx?playerId=64768"
"64768","KT","2025","3","","0","2026-08-03","https://www.koreabaseball.com/Record/Player/PitcherDetail/SeasonReg.aspx?playerId=64768"
"64793","한화","2014","83","","0","2026-08-03","https://www.koreabaseball.com/Record/Player/PitcherDetail/SeasonReg.aspx?playerId=64793"
"64793","삼성","2017","33","","0","2026-08-03","https://www.koreabaseball.com/Record/Player/PitcherDetail/SeasonReg.aspx?playerId=64793"
"64793","삼성","2018","65","","0","2026-08-03","https://www.koreabaseball.com/Record/Player/PitcherDetail/SeasonReg.aspx?playerId=64793"
"64793","삼성","2019","102","","0","2026-08-03","https://www.koreabaseball.com/Record/Player/PitcherDetail/SeasonReg.aspx?playerId=64793"
"64793","삼성","2020","52","","0","2026-08-03","https://www.koreabaseball.com/Record/Player/PitcherDetail/SeasonReg.aspx?playerId=64793"
"64793","삼성","2021","158","","0","2026-08-03","https://www.koreabaseball.com/Record/Player/PitcherDetail/SeasonReg.aspx?playerId=64793"
"64793","삼성","2022","0","","0","2026-08-03","https://www.koreabaseball.com/Record/Player/PitcherDetail/SeasonReg.aspx?playerId=64793"
"64793","삼성","2023","16","","0","2026-08-03","https://www.koreabaseball.com/Record/Player/PitcherDetail/SeasonReg.aspx?playerId=64793"
"64793","삼성","2024","33","","0","2026-08-03","https://www.koreabaseball.com/Record/Player/PitcherDetail/SeasonReg.aspx?playerId=64793"
"64793","삼성","2025","0","","0","2026-08-03","https://www.koreabaseball.com/Record/Player/PitcherDetail/SeasonReg.aspx?playerId=64793"
"64805","SK","2018","141","","0","2026-08-03","https://www.koreabaseball.com/Record/Player/PitcherDetail/SeasonReg.aspx?playerId=64805"
"64805","SK","2019","53","","0","2026-08-03","https://www.koreabaseball.com/Record/Player/PitcherDetail/SeasonReg.aspx?playerId=64805"
"64805","두산","2020","97","","0","2026-08-03","https://www.koreabaseball.com/Record/Player/PitcherDetail/SeasonReg.aspx?playerId=64805"
"64805","두산","2021","131","","0","2026-08-03","https://www.koreabaseball.com/Record/Player/PitcherDetail/SeasonReg.aspx?playerId=64805"
"64805","두산","2022","94","","0","2026-08-03","https://www.koreabaseball.com/Record/Player/PitcherDetail/SeasonReg.aspx?playerId=64805"
"64805","두산","2023","16","","0","2026-08-03","https://www.koreabaseball.com/Record/Player/PitcherDetail/SeasonReg.aspx?playerId=64805"
"64805","두산","2024","0","","0","2026-08-03","https://www.koreabaseball.com/Record/Player/PitcherDetail/SeasonReg.aspx?playerId=64805"
"64805","두산","2025","0","","0","2026-08-03","https://www.koreabaseball.com/Record/Player/PitcherDetail/SeasonReg.aspx?playerId=64805"
"64861","SK","2015","0","","0","2026-08-03","https://www.koreabaseball.com/Record/Player/PitcherDetail/SeasonReg.aspx?playerId=64861"
"64861","SK","2016","6","","0","2026-08-03","https://www.koreabaseball.com/Record/Player/PitcherDetail/SeasonReg.aspx?playerId=64861"
"64861","SK","2017","7","아시아 야구선수권 5(3위)","5","2026-08-03","https://www.koreabaseball.com/Record/Player/PitcherDetail/SeasonReg.aspx?playerId=64861"
"64861","SK","2020","155","","0","2026-08-03","https://www.koreabaseball.com/Record/Player/PitcherDetail/SeasonReg.aspx?playerId=64861"
"64861","SSG","2021","20","","0","2026-08-03","https://www.koreabaseball.com/Record/Player/PitcherDetail/SeasonReg.aspx?playerId=64861"
"64861","SSG","2022","1","","0","2026-08-03","https://www.koreabaseball.com/Record/Player/PitcherDetail/SeasonReg.aspx?playerId=64861"
"64861","SSG","2023","142","","0","2026-08-03","https://www.koreabaseball.com/Record/Player/PitcherDetail/SeasonReg.aspx?playerId=64861"
"64861","SSG","2024","57","","0","2026-08-03","https://www.koreabaseball.com/Record/Player/PitcherDetail/SeasonReg.aspx?playerId=64861"
"64861","SSG","2025","0","","0","2026-08-03","https://www.koreabaseball.com/Record/Player/PitcherDetail/SeasonReg.aspx?playerId=64861"
"64984","NC","2014","0","","0","2026-08-03","https://www.koreabaseball.com/Record/Player/PitcherDetail/SeasonReg.aspx?playerId=64984"
"64984","NC","2015","10","","0","2026-08-03","https://www.koreabaseball.com/Record/Player/PitcherDetail/SeasonReg.aspx?playerId=64984"
"64984","NC","2016","4","","0","2026-08-03","https://www.koreabaseball.com/Record/Player/PitcherDetail/SeasonReg.aspx?playerId=64984"
"64984","NC","2018","33","","0","2026-08-03","https://www.koreabaseball.com/Record/Player/PitcherDetail/SeasonReg.aspx?playerId=64984"
"64984","NC","2019","193","","0","2026-08-03","https://www.koreabaseball.com/Record/Player/PitcherDetail/SeasonReg.aspx?playerId=64984"
"64984","KIA","2020","133","","0","2026-08-03","https://www.koreabaseball.com/Record/Player/PitcherDetail/SeasonReg.aspx?playerId=64984"
"64984","KIA","2021","158","","0","2026-08-03","https://www.koreabaseball.com/Record/Player/PitcherDetail/SeasonReg.aspx?playerId=64984"
"64984","키움","2022","145","","0","2026-08-03","https://www.koreabaseball.com/Record/Player/PitcherDetail/SeasonReg.aspx?playerId=64984"
"64984","키움","2023","136","","0","2026-08-03","https://www.koreabaseball.com/Record/Player/PitcherDetail/SeasonReg.aspx?playerId=64984"
"64984","키움","2024","129","","0","2026-08-03","https://www.koreabaseball.com/Record/Player/PitcherDetail/SeasonReg.aspx?playerId=64984"
"64984","키움","2025","163","","0","2026-08-03","https://www.koreabaseball.com/Record/Player/PitcherDetail/SeasonReg.aspx?playerId=64984"
"64995","NC","2014","0","","0","2026-08-03","https://www.koreabaseball.com/Record/Player/PitcherDetail/SeasonReg.aspx?playerId=64995"
"64995","NC","2015","4","","0","2026-08-03","https://www.koreabaseball.com/Record/Player/PitcherDetail/SeasonReg.aspx?playerId=64995"
"64995","NC","2016","46","","0","2026-08-03","https://www.koreabaseball.com/Record/Player/PitcherDetail/SeasonReg.aspx?playerId=64995"
"64995","NC","2017","11","","0","2026-08-03","https://www.koreabaseball.com/Record/Player/PitcherDetail/SeasonReg.aspx?playerId=64995"
"64995","NC","2018","83","","0","2026-08-03","https://www.koreabaseball.com/Record/Player/PitcherDetail/SeasonReg.aspx?playerId=64995"
"64995","NC","2019","170","","0","2026-08-03","https://www.koreabaseball.com/Record/Player/PitcherDetail/SeasonReg.aspx?playerId=64995"
"64995","NC","2020","133","","0","2026-08-03","https://www.koreabaseball.com/Record/Player/PitcherDetail/SeasonReg.aspx?playerId=64995"
"64995","NC","2023","3","","0","2026-08-03","https://www.koreabaseball.com/Record/Player/PitcherDetail/SeasonReg.aspx?playerId=64995"
"64995","NC","2024","93","","0","2026-08-03","https://www.koreabaseball.com/Record/Player/PitcherDetail/SeasonReg.aspx?playerId=64995"
"64995","NC","2025","171","","0","2026-08-03","https://www.koreabaseball.com/Record/Player/PitcherDetail/SeasonReg.aspx?playerId=64995"
"65040","KT","2015","46","","0","2026-08-03","https://www.koreabaseball.com/Record/Player/PitcherDetail/SeasonReg.aspx?playerId=65040"
"65040","KT","2016","3","","0","2026-08-03","https://www.koreabaseball.com/Record/Player/PitcherDetail/SeasonReg.aspx?playerId=65040"
"65040","KT","2020","11","","0","2026-08-03","https://www.koreabaseball.com/Record/Player/PitcherDetail/SeasonReg.aspx?playerId=65040"
"65040","KT","2021","85","","0","2026-08-03","https://www.koreabaseball.com/Record/Player/PitcherDetail/SeasonReg.aspx?playerId=65040"
"65040","KT","2022","14","","0","2026-08-03","https://www.koreabaseball.com/Record/Player/PitcherDetail/SeasonReg.aspx?playerId=65040"
"65040","삼성","2023","46","","0","2026-08-03","https://www.koreabaseball.com/Record/Player/PitcherDetail/SeasonReg.aspx?playerId=65040"
"65040","삼성","2024","25","","0","2026-08-03","https://www.koreabaseball.com/Record/Player/PitcherDetail/SeasonReg.aspx?playerId=65040"
"65040","삼성","2025","102","","0","2026-08-03","https://www.koreabaseball.com/Record/Player/PitcherDetail/SeasonReg.aspx?playerId=65040"
"65048","KT","2015","65","","0","2026-08-03","https://www.koreabaseball.com/Record/Player/PitcherDetail/SeasonReg.aspx?playerId=65048"
"65048","KT","2016","20","","0","2026-08-03","https://www.koreabaseball.com/Record/Player/PitcherDetail/SeasonReg.aspx?playerId=65048"
"65048","KT","2018","12","","0","2026-08-03","https://www.koreabaseball.com/Record/Player/PitcherDetail/SeasonReg.aspx?playerId=65048"
"65048","KT","2019","115","","0","2026-08-03","https://www.koreabaseball.com/Record/Player/PitcherDetail/SeasonReg.aspx?playerId=65048"
"65048","KT","2020","169","","0","2026-08-03","https://www.koreabaseball.com/Record/Player/PitcherDetail/SeasonReg.aspx?playerId=65048"
"65048","KT","2021","183","","0","2026-08-03","https://www.koreabaseball.com/Record/Player/PitcherDetail/SeasonReg.aspx?playerId=65048"
"65048","KT","2022","193","","0","2026-08-03","https://www.koreabaseball.com/Record/Player/PitcherDetail/SeasonReg.aspx?playerId=65048"
"65048","KT","2023","61","","0","2026-08-03","https://www.koreabaseball.com/Record/Player/PitcherDetail/SeasonReg.aspx?playerId=65048"
"65048","KT","2024","190","","0","2026-08-03","https://www.koreabaseball.com/Record/Player/PitcherDetail/SeasonReg.aspx?playerId=65048"
"65048","KT","2025","173","","0","2026-08-03","https://www.koreabaseball.com/Record/Player/PitcherDetail/SeasonReg.aspx?playerId=65048"
"65056","KT","2015","153","","0","2026-08-03","https://www.koreabaseball.com/Record/Player/PitcherDetail/SeasonReg.aspx?playerId=65056"
"65056","KT","2016","177","","0","2026-08-03","https://www.koreabaseball.com/Record/Player/PitcherDetail/SeasonReg.aspx?playerId=65056"
"65056","KT","2017","146","","0","2026-08-03","https://www.koreabaseball.com/Record/Player/PitcherDetail/SeasonReg.aspx?playerId=65056"
"65056","KT","2018","155","","0","2026-08-03","https://www.koreabaseball.com/Record/Player/PitcherDetail/SeasonReg.aspx?playerId=65056"
"65056","KT","2019","80","","0","2026-08-03","https://www.koreabaseball.com/Record/Player/PitcherDetail/SeasonReg.aspx?playerId=65056"
"65056","KT","2021","78","","0","2026-08-03","https://www.koreabaseball.com/Record/Player/PitcherDetail/SeasonReg.aspx?playerId=65056"
"65056","KT","2022","193","","0","2026-08-03","https://www.koreabaseball.com/Record/Player/PitcherDetail/SeasonReg.aspx?playerId=65056"
"65056","KT","2023","148","","0","2026-08-03","https://www.koreabaseball.com/Record/Player/PitcherDetail/SeasonReg.aspx?playerId=65056"
"65056","KT","2024","190","","0","2026-08-03","https://www.koreabaseball.com/Record/Player/PitcherDetail/SeasonReg.aspx?playerId=65056"
"65056","한화","2025","144","","0","2026-08-03","https://www.koreabaseball.com/Record/Player/PitcherDetail/SeasonReg.aspx?playerId=65056"
"65060","KT","2015","81","","0","2026-08-03","https://www.koreabaseball.com/Record/Player/PitcherDetail/SeasonReg.aspx?playerId=65060"
"65060","KT","2016","186","","0","2026-08-03","https://www.koreabaseball.com/Record/Player/PitcherDetail/SeasonReg.aspx?playerId=65060"
"65060","KT","2017","146","","0","2026-08-03","https://www.koreabaseball.com/Record/Player/PitcherDetail/SeasonReg.aspx?playerId=65060"
"65060","KT","2018","159","","0","2026-08-03","https://www.koreabaseball.com/Record/Player/PitcherDetail/SeasonReg.aspx?playerId=65060"
"65060","KT","2019","191","","0","2026-08-03","https://www.koreabaseball.com/Record/Player/PitcherDetail/SeasonReg.aspx?playerId=65060"
"65060","KT","2020","179","","0","2026-08-03","https://www.koreabaseball.com/Record/Player/PitcherDetail/SeasonReg.aspx?playerId=65060"
"65060","KT","2021","183","","0","2026-08-03","https://www.koreabaseball.com/Record/Player/PitcherDetail/SeasonReg.aspx?playerId=65060"
"65060","KT","2022","193","","0","2026-08-03","https://www.koreabaseball.com/Record/Player/PitcherDetail/SeasonReg.aspx?playerId=65060"
"65060","KT","2023","148","","0","2026-08-03","https://www.koreabaseball.com/Record/Player/PitcherDetail/SeasonReg.aspx?playerId=65060"
"65060","KT","2024","178","","0","2026-08-03","https://www.koreabaseball.com/Record/Player/PitcherDetail/SeasonReg.aspx?playerId=65060"
"65060","KT","2025","186","","0","2026-08-03","https://www.koreabaseball.com/Record/Player/PitcherDetail/SeasonReg.aspx?playerId=65060"
"65062","KT","2015","142","","0","2026-08-03","https://www.koreabaseball.com/Record/Player/PitcherDetail/SeasonReg.aspx?playerId=65062"
"65062","KT","2016","176","","0","2026-08-03","https://www.koreabaseball.com/Record/Player/PitcherDetail/SeasonReg.aspx?playerId=65062"
"65062","KT","2017","153","","0","2026-08-03","https://www.koreabaseball.com/Record/Player/PitcherDetail/SeasonReg.aspx?playerId=65062"
"65062","KT","2018","186","","0","2026-08-03","https://www.koreabaseball.com/Record/Player/PitcherDetail/SeasonReg.aspx?playerId=65062"
"65062","KT","2019","106","","0","2026-08-03","https://www.koreabaseball.com/Record/Player/PitcherDetail/SeasonReg.aspx?playerId=65062"
"65062","KT","2020","167","","0","2026-08-03","https://www.koreabaseball.com/Record/Player/PitcherDetail/SeasonReg.aspx?playerId=65062"
"65062","KT","2021","183","","0","2026-08-03","https://www.koreabaseball.com/Record/Player/PitcherDetail/SeasonReg.aspx?playerId=65062"
"65062","KT","2022","193","","0","2026-08-03","https://www.koreabaseball.com/Record/Player/PitcherDetail/SeasonReg.aspx?playerId=65062"
"65062","KT","2023","193","","0","2026-08-03","https://www.koreabaseball.com/Record/Player/PitcherDetail/SeasonReg.aspx?playerId=65062"
"65062","삼성","2024","190","","0","2026-08-03","https://www.koreabaseball.com/Record/Player/PitcherDetail/SeasonReg.aspx?playerId=65062"
"65062","삼성","2025","194","","0","2026-08-03","https://www.koreabaseball.com/Record/Player/PitcherDetail/SeasonReg.aspx?playerId=65062"
"65109","LG","2017","12","","0","2026-08-03","https://www.koreabaseball.com/Record/Player/PitcherDetail/SeasonReg.aspx?playerId=65109"
"65109","LG","2018","16","","0","2026-08-03","https://www.koreabaseball.com/Record/Player/PitcherDetail/SeasonReg.aspx?playerId=65109"
"65109","LG","2019","23","","0","2026-08-03","https://www.koreabaseball.com/Record/Player/PitcherDetail/SeasonReg.aspx?playerId=65109"
"65109","LG","2020","44","","0","2026-08-03","https://www.koreabaseball.com/Record/Player/PitcherDetail/SeasonReg.aspx?playerId=65109"
"65109","LG","2021","41","","0","2026-08-03","https://www.koreabaseball.com/Record/Player/PitcherDetail/SeasonReg.aspx?playerId=65109"
"65109","LG","2022","38","","0","2026-08-03","https://www.koreabaseball.com/Record/Player/PitcherDetail/SeasonReg.aspx?playerId=65109"
"65109","LG","2023","140","","0","2026-08-03","https://www.koreabaseball.com/Record/Player/PitcherDetail/SeasonReg.aspx?playerId=65109"
"65109","LG","2024","124","","0","2026-08-03","https://www.koreabaseball.com/Record/Player/PitcherDetail/SeasonReg.aspx?playerId=65109"
"65109","LG","2025","155","","0","2026-08-03","https://www.koreabaseball.com/Record/Player/PitcherDetail/SeasonReg.aspx?playerId=65109"
"65115","LG","2015","87","","0","2026-08-03","https://www.koreabaseball.com/Record/Player/PitcherDetail/SeasonReg.aspx?playerId=65115"
"65115","LG","2016","108","","0","2026-08-03","https://www.koreabaseball.com/Record/Player/PitcherDetail/SeasonReg.aspx?playerId=65115"
"65115","LG","2017","161","APBC 10(준우승)","10","2026-08-03","https://www.koreabaseball.com/Record/Player/PitcherDetail/SeasonReg.aspx?playerId=65115"
"65115","LG","2018","109","","0","2026-08-03","https://www.koreabaseball.com/Record/Player/PitcherDetail/SeasonReg.aspx?playerId=65115"
"65115","LG","2021","65","","0","2026-08-03","https://www.koreabaseball.com/Record/Player/PitcherDetail/SeasonReg.aspx?playerId=65115"
"65115","LG","2022","32","","0","2026-08-03","https://www.koreabaseball.com/Record/Player/PitcherDetail/SeasonReg.aspx?playerId=65115"
"65115","LG","2023","43","","0","2026-08-03","https://www.koreabaseball.com/Record/Player/PitcherDetail/SeasonReg.aspx?playerId=65115"
"65115","LG","2024","84","","0","2026-08-03","https://www.koreabaseball.com/Record/Player/PitcherDetail/SeasonReg.aspx?playerId=65115"
"65115","LG","2025","0","","0","2026-08-03","https://www.koreabaseball.com/Record/Player/PitcherDetail/SeasonReg.aspx?playerId=65115"
"65117","LG","2019","3","","0","2026-08-03","https://www.koreabaseball.com/Record/Player/PitcherDetail/SeasonReg.aspx?playerId=65117"
"65117","LG","2020","94","","0","2026-08-03","https://www.koreabaseball.com/Record/Player/PitcherDetail/SeasonReg.aspx?playerId=65117"
"65117","LG","2021","34","","0","2026-08-03","https://www.koreabaseball.com/Record/Player/PitcherDetail/SeasonReg.aspx?playerId=65117"
"65117","LG","2022","0","","0","2026-08-03","https://www.koreabaseball.com/Record/Player/PitcherDetail/SeasonReg.aspx?playerId=65117"
"65117","LG","2023","54","","0","2026-08-03","https://www.koreabaseball.com/Record/Player/PitcherDetail/SeasonReg.aspx?playerId=65117"
"65117","한화","2024","83","","0","2026-08-03","https://www.koreabaseball.com/Record/Player/PitcherDetail/SeasonReg.aspx?playerId=65117"
"65117","한화","2025","20","","0","2026-08-03","https://www.koreabaseball.com/Record/Player/PitcherDetail/SeasonReg.aspx?playerId=65117"
"65132","LG","2015","36","","0","2026-08-03","https://www.koreabaseball.com/Record/Player/PitcherDetail/SeasonReg.aspx?playerId=65132"
"65132","LG","2019","28","","0","2026-08-03","https://www.koreabaseball.com/Record/Player/PitcherDetail/SeasonReg.aspx?playerId=65132"
"65132","LG","2020","0","","0","2026-08-03","https://www.koreabaseball.com/Record/Player/PitcherDetail/SeasonReg.aspx?playerId=65132"
"65132","LG","2021","160","","0","2026-08-03","https://www.koreabaseball.com/Record/Player/PitcherDetail/SeasonReg.aspx?playerId=65132"
"65132","삼성","2022","127","","0","2026-08-03","https://www.koreabaseball.com/Record/Player/PitcherDetail/SeasonReg.aspx?playerId=65132"
"65132","삼성","2023","132","","0","2026-08-03","https://www.koreabaseball.com/Record/Player/PitcherDetail/SeasonReg.aspx?playerId=65132"
"65132","삼성","2024","20","","0","2026-08-03","https://www.koreabaseball.com/Record/Player/PitcherDetail/SeasonReg.aspx?playerId=65132"
"65132","삼성","2025","127","","0","2026-08-03","https://www.koreabaseball.com/Record/Player/PitcherDetail/SeasonReg.aspx?playerId=65132"
"65207","LG","2019","172","","0","2026-08-03","https://www.koreabaseball.com/Record/Player/PitcherDetail/SeasonReg.aspx?playerId=65207"
"65207","LG","2020","129","","0","2026-08-03","https://www.koreabaseball.com/Record/Player/PitcherDetail/SeasonReg.aspx?playerId=65207"
"65207","LG","2021","62","","0","2026-08-03","https://www.koreabaseball.com/Record/Player/PitcherDetail/SeasonReg.aspx?playerId=65207"
"65207","LG","2022","29","","0","2026-08-03","https://www.koreabaseball.com/Record/Player/PitcherDetail/SeasonReg.aspx?playerId=65207"
"65207","LG","2023","198","","0","2026-08-03","https://www.koreabaseball.com/Record/Player/PitcherDetail/SeasonReg.aspx?playerId=65207"
"65207","LG","2024","183","프리미어12 10(5위)","10","2026-08-03","https://www.koreabaseball.com/Record/Player/PitcherDetail/SeasonReg.aspx?playerId=65207"
"65207","LG","2025","184","","0","2026-08-03","https://www.koreabaseball.com/Record/Player/PitcherDetail/SeasonReg.aspx?playerId=65207"
"65269","두산","2017","48","아시아 야구선수권 5(3위)","5","2026-08-03","https://www.koreabaseball.com/Record/Player/PitcherDetail/SeasonReg.aspx?playerId=65269"
"65269","두산","2018","61","세계야구선수권 5(4위)","5","2026-08-03","https://www.koreabaseball.com/Record/Player/PitcherDetail/SeasonReg.aspx?playerId=65269"
"65269","두산","2020","0","","0","2026-08-03","https://www.koreabaseball.com/Record/Player/PitcherDetail/SeasonReg.aspx?playerId=65269"
"65269","두산","2021","13","","0","2026-08-03","https://www.koreabaseball.com/Record/Player/PitcherDetail/SeasonReg.aspx?playerId=65269"
"65269","두산","2022","71","","0","2026-08-03","https://www.koreabaseball.com/Record/Player/PitcherDetail/SeasonReg.aspx?playerId=65269"
"65269","두산","2023","42","","0","2026-08-03","https://www.koreabaseball.com/Record/Player/PitcherDetail/SeasonReg.aspx?playerId=65269"
"65269","두산","2024","11","","0","2026-08-03","https://www.koreabaseball.com/Record/Player/PitcherDetail/SeasonReg.aspx?playerId=65269"
"65269","두산","2025","15","","0","2026-08-03","https://www.koreabaseball.com/Record/Player/PitcherDetail/SeasonReg.aspx?playerId=65269"
"65320","넥센","2015","0","","0","2026-08-03","https://www.koreabaseball.com/Record/Player/PitcherDetail/SeasonReg.aspx?playerId=65320"
"65320","넥센","2016","100","","0","2026-08-03","https://www.koreabaseball.com/Record/Player/PitcherDetail/SeasonReg.aspx?playerId=65320"
"65320","넥센","2017","158","","0","2026-08-03","https://www.koreabaseball.com/Record/Player/PitcherDetail/SeasonReg.aspx?playerId=65320"
"65320","넥센","2018","147","아시안게임 병역(금메달)","0","2026-08-03","https://www.koreabaseball.com/Record/Player/PitcherDetail/SeasonReg.aspx?playerId=65320"
"65320","키움","2019","171","","0","2026-08-03","https://www.koreabaseball.com/Record/Player/PitcherDetail/SeasonReg.aspx?playerId=65320"
"65320","키움","2020","164","","0","2026-08-03","https://www.koreabaseball.com/Record/Player/PitcherDetail/SeasonReg.aspx?playerId=65320"
"65320","키움","2021","183","","0","2026-08-03","https://www.koreabaseball.com/Record/Player/PitcherDetail/SeasonReg.aspx?playerId=65320"
"65320","키움","2022","163","","0","2026-08-03","https://www.koreabaseball.com/Record/Player/PitcherDetail/SeasonReg.aspx?playerId=65320"
"65320","LG","2023","169","","0","2026-08-03","https://www.koreabaseball.com/Record/Player/PitcherDetail/SeasonReg.aspx?playerId=65320"
"65320","LG","2024","162","","0","2026-08-03","https://www.koreabaseball.com/Record/Player/PitcherDetail/SeasonReg.aspx?playerId=65320"
"65320","삼성","2025","193","","0","2026-08-03","https://www.koreabaseball.com/Record/Player/PitcherDetail/SeasonReg.aspx?playerId=65320"
"65343","넥센","2015","164","","0","2026-08-03","https://www.koreabaseball.com/Record/Player/PitcherDetail/SeasonReg.aspx?playerId=65343"
"65343","넥센","2016","100","","0","2026-08-03","https://www.koreabaseball.com/Record/Player/PitcherDetail/SeasonReg.aspx?playerId=65343"
"65343","SK","2018","40","","0","2026-08-03","https://www.koreabaseball.com/Record/Player/PitcherDetail/SeasonReg.aspx?playerId=65343"
"65343","SK","2019","89","","0","2026-08-03","https://www.koreabaseball.com/Record/Player/PitcherDetail/SeasonReg.aspx?playerId=65343"
"65343","SK","2020","88","","0","2026-08-03","https://www.koreabaseball.com/Record/Player/PitcherDetail/SeasonReg.aspx?playerId=65343"
"65343","SSG","2021","170","","0","2026-08-03","https://www.koreabaseball.com/Record/Player/PitcherDetail/SeasonReg.aspx?playerId=65343"
"65343","SSG","2022","179","","0","2026-08-03","https://www.koreabaseball.com/Record/Player/PitcherDetail/SeasonReg.aspx?playerId=65343"
"65343","SSG","2024","24","","0","2026-08-03","https://www.koreabaseball.com/Record/Player/PitcherDetail/SeasonReg.aspx?playerId=65343"
"65343","SSG","2025","117","","0","2026-08-03","https://www.koreabaseball.com/Record/Player/PitcherDetail/SeasonReg.aspx?playerId=65343"
"65357","넥센","2015","13","","0","2026-08-03","https://www.koreabaseball.com/Record/Player/PitcherDetail/SeasonReg.aspx?playerId=65357"
"65357","넥센","2016","0","","0","2026-08-03","https://www.koreabaseball.com/Record/Player/PitcherDetail/SeasonReg.aspx?playerId=65357"
"65357","넥센","2017","61","","0","2026-08-03","https://www.koreabaseball.com/Record/Player/PitcherDetail/SeasonReg.aspx?playerId=65357"
"65357","넥센","2018","145","","0","2026-08-03","https://www.koreabaseball.com/Record/Player/PitcherDetail/SeasonReg.aspx?playerId=65357"
"65357","키움","2019","178","","0","2026-08-03","https://www.koreabaseball.com/Record/Player/PitcherDetail/SeasonReg.aspx?playerId=65357"
"65357","키움","2021","88","","0","2026-08-03","https://www.koreabaseball.com/Record/Player/PitcherDetail/SeasonReg.aspx?playerId=65357"
"65357","키움","2022","190","","0","2026-08-03","https://www.koreabaseball.com/Record/Player/PitcherDetail/SeasonReg.aspx?playerId=65357"
"65357","키움","2023","150","","0","2026-08-03","https://www.koreabaseball.com/Record/Player/PitcherDetail/SeasonReg.aspx?playerId=65357"
"65357","키움","2024","192","프리미어12 10(5위)","10","2026-08-03","https://www.koreabaseball.com/Record/Player/PitcherDetail/SeasonReg.aspx?playerId=65357"
"65357","키움","2025","193","","0","2026-08-03","https://www.koreabaseball.com/Record/Player/PitcherDetail/SeasonReg.aspx?playerId=65357"
"65411","SK","2020","117","","0","2026-08-03","https://www.koreabaseball.com/Record/Player/PitcherDetail/SeasonReg.aspx?playerId=65411"
"65411","SSG","2021","15","","0","2026-08-03","https://www.koreabaseball.com/Record/Player/PitcherDetail/SeasonReg.aspx?playerId=65411"
"65411","SSG","2022","26","","0","2026-08-03","https://www.koreabaseball.com/Record/Player/PitcherDetail/SeasonReg.aspx?playerId=65411"
"65411","SSG","2023","10","","0","2026-08-03","https://www.koreabaseball.com/Record/Player/PitcherDetail/SeasonReg.aspx?playerId=65411"
"65411","LG","2024","3","","0","2026-08-03","https://www.koreabaseball.com/Record/Player/PitcherDetail/SeasonReg.aspx?playerId=65411"
"65411","LG","2025","1","","0","2026-08-03","https://www.koreabaseball.com/Record/Player/PitcherDetail/SeasonReg.aspx?playerId=65411"
"65464","삼성","2015","0","","0","2026-08-03","https://www.koreabaseball.com/Record/Player/PitcherDetail/SeasonReg.aspx?playerId=65464"
"65464","SK","2016","115","","0","2026-08-03","https://www.koreabaseball.com/Record/Player/PitcherDetail/SeasonReg.aspx?playerId=65464"
"65464","SK","2017","6","","0","2026-08-03","https://www.koreabaseball.com/Record/Player/PitcherDetail/SeasonReg.aspx?playerId=65464"
"65464","KIA","2019","11","","0","2026-08-03","https://www.koreabaseball.com/Record/Player/PitcherDetail/SeasonReg.aspx?playerId=65464"
"65464","KIA","2020","87","","0","2026-08-03","https://www.koreabaseball.com/Record/Player/PitcherDetail/SeasonReg.aspx?playerId=65464"
"65464","KIA","2021","120","","0","2026-08-03","https://www.koreabaseball.com/Record/Player/PitcherDetail/SeasonReg.aspx?playerId=65464"
"65464","KIA","2022","85","","0","2026-08-03","https://www.koreabaseball.com/Record/Player/PitcherDetail/SeasonReg.aspx?playerId=65464"
"65464","KIA","2023","127","","0","2026-08-03","https://www.koreabaseball.com/Record/Player/PitcherDetail/SeasonReg.aspx?playerId=65464"
"65464","KIA","2024","10","","0","2026-08-03","https://www.koreabaseball.com/Record/Player/PitcherDetail/SeasonReg.aspx?playerId=65464"
"65464","KIA","2025","10","","0","2026-08-03","https://www.koreabaseball.com/Record/Player/PitcherDetail/SeasonReg.aspx?playerId=65464"
"65516","롯데","2015","0","","0","2026-08-03","https://www.koreabaseball.com/Record/Player/PitcherDetail/SeasonReg.aspx?playerId=65516"
"65516","롯데","2016","0","","0","2026-08-03","https://www.koreabaseball.com/Record/Player/PitcherDetail/SeasonReg.aspx?playerId=65516"
"65516","KT","2017","104","","0","2026-08-03","https://www.koreabaseball.com/Record/Player/PitcherDetail/SeasonReg.aspx?playerId=65516"
"65516","KT","2018","18","","0","2026-08-03","https://www.koreabaseball.com/Record/Player/PitcherDetail/SeasonReg.aspx?playerId=65516"
"65516","KT","2019","191","","0","2026-08-03","https://www.koreabaseball.com/Record/Player/PitcherDetail/SeasonReg.aspx?playerId=65516"
"65516","KT","2020","166","","0","2026-08-03","https://www.koreabaseball.com/Record/Player/PitcherDetail/SeasonReg.aspx?playerId=65516"
"65516","KT","2021","183","","0","2026-08-03","https://www.koreabaseball.com/Record/Player/PitcherDetail/SeasonReg.aspx?playerId=65516"
"65516","KT","2022","180","","0","2026-08-03","https://www.koreabaseball.com/Record/Player/PitcherDetail/SeasonReg.aspx?playerId=65516"
"65516","KT","2023","175","","0","2026-08-03","https://www.koreabaseball.com/Record/Player/PitcherDetail/SeasonReg.aspx?playerId=65516"
"65516","KT","2025","82","","0","2026-08-03","https://www.koreabaseball.com/Record/Player/PitcherDetail/SeasonReg.aspx?playerId=65516"
"65522","롯데","2016","8","","0","2026-08-03","https://www.koreabaseball.com/Record/Player/PitcherDetail/SeasonReg.aspx?playerId=65522"
"65522","롯데","2020","15","","0","2026-08-03","https://www.koreabaseball.com/Record/Player/PitcherDetail/SeasonReg.aspx?playerId=65522"
"65522","롯데","2021","0","","0","2026-08-03","https://www.koreabaseball.com/Record/Player/PitcherDetail/SeasonReg.aspx?playerId=65522"
"65522","롯데","2022","0","","0","2026-08-03","https://www.koreabaseball.com/Record/Player/PitcherDetail/SeasonReg.aspx?playerId=65522"
"65522","롯데","2023","19","","0","2026-08-03","https://www.koreabaseball.com/Record/Player/PitcherDetail/SeasonReg.aspx?playerId=65522"
"65522","롯데","2024","98","","0","2026-08-03","https://www.koreabaseball.com/Record/Player/PitcherDetail/SeasonReg.aspx?playerId=65522"
"65522","롯데","2025","193","","0","2026-08-03","https://www.koreabaseball.com/Record/Player/PitcherDetail/SeasonReg.aspx?playerId=65522"
"65586","롯데","2018","41","","0","2026-08-03","https://www.koreabaseball.com/Record/Player/PitcherDetail/SeasonReg.aspx?playerId=65586"
"65586","롯데","2019","58","","0","2026-08-03","https://www.koreabaseball.com/Record/Player/PitcherDetail/SeasonReg.aspx?playerId=65586"
"65586","키움","2020","169","","0","2026-08-03","https://www.koreabaseball.com/Record/Player/PitcherDetail/SeasonReg.aspx?playerId=65586"
"65586","키움","2021","183","","0","2026-08-03","https://www.koreabaseball.com/Record/Player/PitcherDetail/SeasonReg.aspx?playerId=65586"
"65586","키움","2022","190","","0","2026-08-03","https://www.koreabaseball.com/Record/Player/PitcherDetail/SeasonReg.aspx?playerId=65586"
"65586","키움","2023","95","","0","2026-08-03","https://www.koreabaseball.com/Record/Player/PitcherDetail/SeasonReg.aspx?playerId=65586"
"65586","삼성","2024","146","","0","2026-08-03","https://www.koreabaseball.com/Record/Player/PitcherDetail/SeasonReg.aspx?playerId=65586"
"65586","삼성","2025","178","","0","2026-08-03","https://www.koreabaseball.com/Record/Player/PitcherDetail/SeasonReg.aspx?playerId=65586"
"65610","KIA","2015","39","","0","2026-08-03","https://www.koreabaseball.com/Record/Player/PitcherDetail/SeasonReg.aspx?playerId=65610"
"65610","KIA","2016","6","","0","2026-08-03","https://www.koreabaseball.com/Record/Player/PitcherDetail/SeasonReg.aspx?playerId=65610"
"65610","KIA","2017","0","아시아 야구선수권 5(3위)","5","2026-08-03","https://www.koreabaseball.com/Record/Player/PitcherDetail/SeasonReg.aspx?playerId=65610"
"65610","KIA","2019","19","","0","2026-08-03","https://www.koreabaseball.com/Record/Player/PitcherDetail/SeasonReg.aspx?playerId=65610"
"65610","KIA","2020","149","","0","2026-08-03","https://www.koreabaseball.com/Record/Player/PitcherDetail/SeasonReg.aspx?playerId=65610"
"65610","KIA","2021","143","","0","2026-08-03","https://www.koreabaseball.com/Record/Player/PitcherDetail/SeasonReg.aspx?playerId=65610"
"65610","KIA","2022","190","","0","2026-08-03","https://www.koreabaseball.com/Record/Player/PitcherDetail/SeasonReg.aspx?playerId=65610"
"65610","KIA","2023","118","","0","2026-08-03","https://www.koreabaseball.com/Record/Player/PitcherDetail/SeasonReg.aspx?playerId=65610"
"65610","KIA","2024","35","","0","2026-08-03","https://www.koreabaseball.com/Record/Player/PitcherDetail/SeasonReg.aspx?playerId=65610"
"65610","KIA","2025","33","","0","2026-08-03","https://www.koreabaseball.com/Record/Player/PitcherDetail/SeasonReg.aspx?playerId=65610"
"65616","KIA","2017","26","","0","2026-08-03","https://www.koreabaseball.com/Record/Player/PitcherDetail/SeasonReg.aspx?playerId=65616"
"65616","KIA","2018","100","","0","2026-08-03","https://www.koreabaseball.com/Record/Player/PitcherDetail/SeasonReg.aspx?playerId=65616"
"65616","KIA","2019","107","","0","2026-08-03","https://www.koreabaseball.com/Record/Player/PitcherDetail/SeasonReg.aspx?playerId=65616"
"65616","KIA","2020","155","","0","2026-08-03","https://www.koreabaseball.com/Record/Player/PitcherDetail/SeasonReg.aspx?playerId=65616"
"65616","KIA","2021","75","","0","2026-08-03","https://www.koreabaseball.com/Record/Player/PitcherDetail/SeasonReg.aspx?playerId=65616"
"65616","한화","2022","110","","0","2026-08-03","https://www.koreabaseball.com/Record/Player/PitcherDetail/SeasonReg.aspx?playerId=65616"
"65616","한화","2023","40","","0","2026-08-03","https://www.koreabaseball.com/Record/Player/PitcherDetail/SeasonReg.aspx?playerId=65616"
"65616","한화","2024","178","","0","2026-08-03","https://www.koreabaseball.com/Record/Player/PitcherDetail/SeasonReg.aspx?playerId=65616"
"65616","한화","2025","0","","0","2026-08-03","https://www.koreabaseball.com/Record/Player/PitcherDetail/SeasonReg.aspx?playerId=65616"
"65639","KIA","2015","77","","0","2026-08-03","https://www.koreabaseball.com/Record/Player/PitcherDetail/SeasonReg.aspx?playerId=65639"
"65639","KIA","2018","38","","0","2026-08-03","https://www.koreabaseball.com/Record/Player/PitcherDetail/SeasonReg.aspx?playerId=65639"
"65639","KIA","2019","6","","0","2026-08-03","https://www.koreabaseball.com/Record/Player/PitcherDetail/SeasonReg.aspx?playerId=65639"
"65639","NC","2020","73","","0","2026-08-03","https://www.koreabaseball.com/Record/Player/PitcherDetail/SeasonReg.aspx?playerId=65639"
"65639","두산","2021","82","","0","2026-08-03","https://www.koreabaseball.com/Record/Player/PitcherDetail/SeasonReg.aspx?playerId=65639"
"65639","두산","2022","62","","0","2026-08-03","https://www.koreabaseball.com/Record/Player/PitcherDetail/SeasonReg.aspx?playerId=65639"
"65639","두산","2023","137","","0","2026-08-03","https://www.koreabaseball.com/Record/Player/PitcherDetail/SeasonReg.aspx?playerId=65639"
"65639","두산","2024","121","","0","2026-08-03","https://www.koreabaseball.com/Record/Player/PitcherDetail/SeasonReg.aspx?playerId=65639"
"65639","두산","2025","99","","0","2026-08-03","https://www.koreabaseball.com/Record/Player/PitcherDetail/SeasonReg.aspx?playerId=65639"
"65653","KIA","2015","143","","0","2026-08-03","https://www.koreabaseball.com/Record/Player/PitcherDetail/SeasonReg.aspx?playerId=65653"
"65653","KIA","2016","166","","0","2026-08-03","https://www.koreabaseball.com/Record/Player/PitcherDetail/SeasonReg.aspx?playerId=65653"
"65653","KIA","2017","147","","0","2026-08-03","https://www.koreabaseball.com/Record/Player/PitcherDetail/SeasonReg.aspx?playerId=65653"
"65653","KIA","2020","152","","0","2026-08-03","https://www.koreabaseball.com/Record/Player/PitcherDetail/SeasonReg.aspx?playerId=65653"
"65653","KIA","2021","128","","0","2026-08-03","https://www.koreabaseball.com/Record/Player/PitcherDetail/SeasonReg.aspx?playerId=65653"
"65653","KIA","2022","139","","0","2026-08-03","https://www.koreabaseball.com/Record/Player/PitcherDetail/SeasonReg.aspx?playerId=65653"
"65653","KIA","2023","135","","0","2026-08-03","https://www.koreabaseball.com/Record/Player/PitcherDetail/SeasonReg.aspx?playerId=65653"
"65653","KIA","2024","92","","0","2026-08-03","https://www.koreabaseball.com/Record/Player/PitcherDetail/SeasonReg.aspx?playerId=65653"
"65653","KIA","2025","151","","0","2026-08-03","https://www.koreabaseball.com/Record/Player/PitcherDetail/SeasonReg.aspx?playerId=65653"
"65665","KIA","2015","0","","0","2026-08-03","https://www.koreabaseball.com/Record/Player/PitcherDetail/SeasonReg.aspx?playerId=65665"
"65665","KIA","2016","44","","0","2026-08-03","https://www.koreabaseball.com/Record/Player/PitcherDetail/SeasonReg.aspx?playerId=65665"
"65665","KIA","2019","150","","0","2026-08-03","https://www.koreabaseball.com/Record/Player/PitcherDetail/SeasonReg.aspx?playerId=65665"
"65665","KIA","2020","116","","0","2026-08-03","https://www.koreabaseball.com/Record/Player/PitcherDetail/SeasonReg.aspx?playerId=65665"
"65665","KIA","2021","146","","0","2026-08-03","https://www.koreabaseball.com/Record/Player/PitcherDetail/SeasonReg.aspx?playerId=65665"
"65665","KIA","2022","189","","0","2026-08-03","https://www.koreabaseball.com/Record/Player/PitcherDetail/SeasonReg.aspx?playerId=65665"
"65665","KIA","2023","200","","0","2026-08-03","https://www.koreabaseball.com/Record/Player/PitcherDetail/SeasonReg.aspx?playerId=65665"
"65665","KIA","2024","169","","0","2026-08-03","https://www.koreabaseball.com/Record/Player/PitcherDetail/SeasonReg.aspx?playerId=65665"
"65665","KIA","2025","177","","0","2026-08-03","https://www.koreabaseball.com/Record/Player/PitcherDetail/SeasonReg.aspx?playerId=65665"
"65703","한화","2015","0","","0","2026-08-03","https://www.koreabaseball.com/Record/Player/PitcherDetail/SeasonReg.aspx?playerId=65703"
"65703","한화","2018","5","","0","2026-08-03","https://www.koreabaseball.com/Record/Player/PitcherDetail/SeasonReg.aspx?playerId=65703"
"65703","한화","2020","22","","0","2026-08-03","https://www.koreabaseball.com/Record/Player/PitcherDetail/SeasonReg.aspx?playerId=65703"
"65703","한화","2021","125","","0","2026-08-03","https://www.koreabaseball.com/Record/Player/PitcherDetail/SeasonReg.aspx?playerId=65703"
"65703","한화","2022","149","","0","2026-08-03","https://www.koreabaseball.com/Record/Player/PitcherDetail/SeasonReg.aspx?playerId=65703"
"65703","한화","2023","150","","0","2026-08-03","https://www.koreabaseball.com/Record/Player/PitcherDetail/SeasonReg.aspx?playerId=65703"
"65703","한화","2024","191","","0","2026-08-03","https://www.koreabaseball.com/Record/Player/PitcherDetail/SeasonReg.aspx?playerId=65703"
"65703","한화","2025","196","","0","2026-08-03","https://www.koreabaseball.com/Record/Player/PitcherDetail/SeasonReg.aspx?playerId=65703"
"65707","한화","2015","158","","0","2026-08-03","https://www.koreabaseball.com/Record/Player/PitcherDetail/SeasonReg.aspx?playerId=65707"
"65707","한화","2016","32","","0","2026-08-03","https://www.koreabaseball.com/Record/Player/PitcherDetail/SeasonReg.aspx?playerId=65707"
"65707","한화","2021","156","","0","2026-08-03","https://www.koreabaseball.com/Record/Player/PitcherDetail/SeasonReg.aspx?playerId=65707"
"65707","한화","2022","159","","0","2026-08-03","https://www.koreabaseball.com/Record/Player/PitcherDetail/SeasonReg.aspx?playerId=65707"
"65707","한화","2023","141","","0","2026-08-03","https://www.koreabaseball.com/Record/Player/PitcherDetail/SeasonReg.aspx?playerId=65707"
"65707","한화","2024","191","","0","2026-08-03","https://www.koreabaseball.com/Record/Player/PitcherDetail/SeasonReg.aspx?playerId=65707"
"65707","한화","2025","130","","0","2026-08-03","https://www.koreabaseball.com/Record/Player/PitcherDetail/SeasonReg.aspx?playerId=65707"
"65764","한화","2015","157","","0","2026-08-03","https://www.koreabaseball.com/Record/Player/PitcherDetail/SeasonReg.aspx?playerId=65764"
"65764","한화","2016","31","","0","2026-08-03","https://www.koreabaseball.com/Record/Player/PitcherDetail/SeasonReg.aspx?playerId=65764"
"65764","한화","2017","19","","0","2026-08-03","https://www.koreabaseball.com/Record/Player/PitcherDetail/SeasonReg.aspx?playerId=65764"
"65764","한화","2018","129","","0","2026-08-03","https://www.koreabaseball.com/Record/Player/PitcherDetail/SeasonReg.aspx?playerId=65764"
"65764","한화","2019","85","","0","2026-08-03","https://www.koreabaseball.com/Record/Player/PitcherDetail/SeasonReg.aspx?playerId=65764"
"65764","한화","2020","153","","0","2026-08-03","https://www.koreabaseball.com/Record/Player/PitcherDetail/SeasonReg.aspx?playerId=65764"
"65764","한화","2021","173","올림픽 10(4위)","10","2026-08-03","https://www.koreabaseball.com/Record/Player/PitcherDetail/SeasonReg.aspx?playerId=65764"
"65764","한화","2022","179","","0","2026-08-03","https://www.koreabaseball.com/Record/Player/PitcherDetail/SeasonReg.aspx?playerId=65764"
"65764","한화","2023","90","","0","2026-08-03","https://www.koreabaseball.com/Record/Player/PitcherDetail/SeasonReg.aspx?playerId=65764"
"65764","한화","2024","52","","0","2026-08-03","https://www.koreabaseball.com/Record/Player/PitcherDetail/SeasonReg.aspx?playerId=65764"
"65764","한화","2025","0","","0","2026-08-03","https://www.koreabaseball.com/Record/Player/PitcherDetail/SeasonReg.aspx?playerId=65764"
"65769","한화","2015","58","","0","2026-08-03","https://www.koreabaseball.com/Record/Player/PitcherDetail/SeasonReg.aspx?playerId=65769"
"65769","한화","2016","20","","0","2026-08-03","https://www.koreabaseball.com/Record/Player/PitcherDetail/SeasonReg.aspx?playerId=65769"
"65769","한화","2017","68","","0","2026-08-03","https://www.koreabaseball.com/Record/Player/PitcherDetail/SeasonReg.aspx?playerId=65769"
"65769","한화","2018","147","","0","2026-08-03","https://www.koreabaseball.com/Record/Player/PitcherDetail/SeasonReg.aspx?playerId=65769"
"65769","한화","2019","192","","0","2026-08-03","https://www.koreabaseball.com/Record/Player/PitcherDetail/SeasonReg.aspx?playerId=65769"
"65769","한화","2020","106","","0","2026-08-03","https://www.koreabaseball.com/Record/Player/PitcherDetail/SeasonReg.aspx?playerId=65769"
"65769","한화","2021","173","","0","2026-08-03","https://www.koreabaseball.com/Record/Player/PitcherDetail/SeasonReg.aspx?playerId=65769"
"65769","한화","2022","190","","0","2026-08-03","https://www.koreabaseball.com/Record/Player/PitcherDetail/SeasonReg.aspx?playerId=65769"
"65769","한화","2023","199","","0","2026-08-03","https://www.koreabaseball.com/Record/Player/PitcherDetail/SeasonReg.aspx?playerId=65769"
"65769","한화","2024","120","","0","2026-08-03","https://www.koreabaseball.com/Record/Player/PitcherDetail/SeasonReg.aspx?playerId=65769"
"65769","한화","2025","183","","0","2026-08-03","https://www.koreabaseball.com/Record/Player/PitcherDetail/SeasonReg.aspx?playerId=65769"
"65898","넥센","2016","26","","0","2026-08-03","https://www.koreabaseball.com/Record/Player/PitcherDetail/SeasonReg.aspx?playerId=65898"
"65898","넥센","2017","128","","0","2026-08-03","https://www.koreabaseball.com/Record/Player/PitcherDetail/SeasonReg.aspx?playerId=65898"
"65898","키움","2019","12","","0","2026-08-03","https://www.koreabaseball.com/Record/Player/PitcherDetail/SeasonReg.aspx?playerId=65898"
"65898","키움","2020","139","","0","2026-08-03","https://www.koreabaseball.com/Record/Player/PitcherDetail/SeasonReg.aspx?playerId=65898"
"65898","키움","2021","146","","0","2026-08-03","https://www.koreabaseball.com/Record/Player/PitcherDetail/SeasonReg.aspx?playerId=65898"
"65898","키움","2022","100","","0","2026-08-03","https://www.koreabaseball.com/Record/Player/PitcherDetail/SeasonReg.aspx?playerId=65898"
"65898","키움","2023","50","","0","2026-08-03","https://www.koreabaseball.com/Record/Player/PitcherDetail/SeasonReg.aspx?playerId=65898"
"65898","키움","2024","18","","0","2026-08-03","https://www.koreabaseball.com/Record/Player/PitcherDetail/SeasonReg.aspx?playerId=65898"
"65898","키움","2025","13","","0","2026-08-03","https://www.koreabaseball.com/Record/Player/PitcherDetail/SeasonReg.aspx?playerId=65898"
"65905","NC","2019","48","","0","2026-08-03","https://www.koreabaseball.com/Record/Player/PitcherDetail/SeasonReg.aspx?playerId=65905"
"65905","NC","2020","0","","0","2026-08-03","https://www.koreabaseball.com/Record/Player/PitcherDetail/SeasonReg.aspx?playerId=65905"
"65905","NC","2021","82","","0","2026-08-03","https://www.koreabaseball.com/Record/Player/PitcherDetail/SeasonReg.aspx?playerId=65905"
"65905","NC","2022","104","","0","2026-08-03","https://www.koreabaseball.com/Record/Player/PitcherDetail/SeasonReg.aspx?playerId=65905"
"65905","LG","2023","80","","0","2026-08-03","https://www.koreabaseball.com/Record/Player/PitcherDetail/SeasonReg.aspx?playerId=65905"
"65905","LG","2024","131","","0","2026-08-03","https://www.koreabaseball.com/Record/Player/PitcherDetail/SeasonReg.aspx?playerId=65905"
"65905","LG","2025","52","","0","2026-08-03","https://www.koreabaseball.com/Record/Player/PitcherDetail/SeasonReg.aspx?playerId=65905"
"65933","NC","2015","0","","0","2026-08-03","https://www.koreabaseball.com/Record/Player/PitcherDetail/SeasonReg.aspx?playerId=65933"
"65933","NC","2016","149","","0","2026-08-03","https://www.koreabaseball.com/Record/Player/PitcherDetail/SeasonReg.aspx?playerId=65933"
"65933","NC","2017","167","APBC 10(준우승)","10","2026-08-03","https://www.koreabaseball.com/Record/Player/PitcherDetail/SeasonReg.aspx?playerId=65933"
"65933","NC","2018","171","","0","2026-08-03","https://www.koreabaseball.com/Record/Player/PitcherDetail/SeasonReg.aspx?playerId=65933"
"65933","NC","2019","147","","0","2026-08-03","https://www.koreabaseball.com/Record/Player/PitcherDetail/SeasonReg.aspx?playerId=65933"
"65933","NC","2020","110","","0","2026-08-03","https://www.koreabaseball.com/Record/Player/PitcherDetail/SeasonReg.aspx?playerId=65933"
"65933","NC","2021","0","","0","2026-08-03","https://www.koreabaseball.com/Record/Player/PitcherDetail/SeasonReg.aspx?playerId=65933"
"65933","NC","2022","136","","0","2026-08-03","https://www.koreabaseball.com/Record/Player/PitcherDetail/SeasonReg.aspx?playerId=65933"
"65933","NC","2023","86","WBC 10(1라운드)","10","2026-08-03","https://www.koreabaseball.com/Record/Player/PitcherDetail/SeasonReg.aspx?playerId=65933"
"65933","NC","2025","24","","0","2026-08-03","https://www.koreabaseball.com/Record/Player/PitcherDetail/SeasonReg.aspx?playerId=65933"
"65949","NC","2015","0","","0","2026-08-03","https://www.koreabaseball.com/Record/Player/PitcherDetail/SeasonReg.aspx?playerId=65949"
"65949","NC","2016","0","","0","2026-08-03","https://www.koreabaseball.com/Record/Player/PitcherDetail/SeasonReg.aspx?playerId=65949"
"65949","NC","2020","10","","0","2026-08-03","https://www.koreabaseball.com/Record/Player/PitcherDetail/SeasonReg.aspx?playerId=65949"
"65949","NC","2021","154","","0","2026-08-03","https://www.koreabaseball.com/Record/Player/PitcherDetail/SeasonReg.aspx?playerId=65949"
"65949","NC","2022","142","","0","2026-08-03","https://www.koreabaseball.com/Record/Player/PitcherDetail/SeasonReg.aspx?playerId=65949"
"65949","NC","2023","200","","0","2026-08-03","https://www.koreabaseball.com/Record/Player/PitcherDetail/SeasonReg.aspx?playerId=65949"
"65949","NC","2024","163","","0","2026-08-03","https://www.koreabaseball.com/Record/Player/PitcherDetail/SeasonReg.aspx?playerId=65949"
"65949","NC","2025","172","","0","2026-08-03","https://www.koreabaseball.com/Record/Player/PitcherDetail/SeasonReg.aspx?playerId=65949"
"66018","넥센","2018","92","","0","2026-08-03","https://www.koreabaseball.com/Record/Player/PitcherDetail/SeasonReg.aspx?playerId=66018"
"66018","키움","2019","65","","0","2026-08-03","https://www.koreabaseball.com/Record/Player/PitcherDetail/SeasonReg.aspx?playerId=66018"
"66018","키움","2020","73","","0","2026-08-03","https://www.koreabaseball.com/Record/Player/PitcherDetail/SeasonReg.aspx?playerId=66018"
"66018","키움","2021","103","","0","2026-08-03","https://www.koreabaseball.com/Record/Player/PitcherDetail/SeasonReg.aspx?playerId=66018"
"66018","키움","2022","90","","0","2026-08-03","https://www.koreabaseball.com/Record/Player/PitcherDetail/SeasonReg.aspx?playerId=66018"
"66018","키움","2023","109","","0","2026-08-03","https://www.koreabaseball.com/Record/Player/PitcherDetail/SeasonReg.aspx?playerId=66018"
"66018","키움","2024","167","","0","2026-08-03","https://www.koreabaseball.com/Record/Player/PitcherDetail/SeasonReg.aspx?playerId=66018"
"66018","키움","2025","193","","0","2026-08-03","https://www.koreabaseball.com/Record/Player/PitcherDetail/SeasonReg.aspx?playerId=66018"
"66047","KT","2016","40","","0","2026-08-03","https://www.koreabaseball.com/Record/Player/PitcherDetail/SeasonReg.aspx?playerId=66047"
"66047","KT","2017","17","아시아 야구선수권 5(3위)","5","2026-08-03","https://www.koreabaseball.com/Record/Player/PitcherDetail/SeasonReg.aspx?playerId=66047"
"66047","KT","2018","36","","0","2026-08-03","https://www.koreabaseball.com/Record/Player/PitcherDetail/SeasonReg.aspx?playerId=66047"
"66047","KT","2020","9","","0","2026-08-03","https://www.koreabaseball.com/Record/Player/PitcherDetail/SeasonReg.aspx?playerId=66047"
"66047","KT","2023","85","","0","2026-08-03","https://www.koreabaseball.com/Record/Player/PitcherDetail/SeasonReg.aspx?playerId=66047"
"66047","KT","2024","23","","0","2026-08-03","https://www.koreabaseball.com/Record/Player/PitcherDetail/SeasonReg.aspx?playerId=66047"
"66047","롯데","2025","0","","0","2026-08-03","https://www.koreabaseball.com/Record/Player/PitcherDetail/SeasonReg.aspx?playerId=66047"
"66068","KT","2016","0","","0","2026-08-03","https://www.koreabaseball.com/Record/Player/PitcherDetail/SeasonReg.aspx?playerId=66068"
"66068","넥센","2018","13","","0","2026-08-03","https://www.koreabaseball.com/Record/Player/PitcherDetail/SeasonReg.aspx?playerId=66068"
"66068","NC","2024","54","","0","2026-08-03","https://www.koreabaseball.com/Record/Player/PitcherDetail/SeasonReg.aspx?playerId=66068"
"66068","NC","2025","0","","0","2026-08-03","https://www.koreabaseball.com/Record/Player/PitcherDetail/SeasonReg.aspx?playerId=66068"
"66108","LG","2016","6","","0","2026-08-03","https://www.koreabaseball.com/Record/Player/PitcherDetail/SeasonReg.aspx?playerId=66108"
"66108","LG","2018","31","","0","2026-08-03","https://www.koreabaseball.com/Record/Player/PitcherDetail/SeasonReg.aspx?playerId=66108"
"66108","LG","2019","47","","0","2026-08-03","https://www.koreabaseball.com/Record/Player/PitcherDetail/SeasonReg.aspx?playerId=66108"
"66108","LG","2020","179","","0","2026-08-03","https://www.koreabaseball.com/Record/Player/PitcherDetail/SeasonReg.aspx?playerId=66108"
"66108","LG","2021","183","","0","2026-08-03","https://www.koreabaseball.com/Record/Player/PitcherDetail/SeasonReg.aspx?playerId=66108"
"66108","LG","2022","183","","0","2026-08-03","https://www.koreabaseball.com/Record/Player/PitcherDetail/SeasonReg.aspx?playerId=66108"
"66108","LG","2023","198","","0","2026-08-03","https://www.koreabaseball.com/Record/Player/PitcherDetail/SeasonReg.aspx?playerId=66108"
"66108","LG","2024","190","프리미어12 10(5위)","10","2026-08-03","https://www.koreabaseball.com/Record/Player/PitcherDetail/SeasonReg.aspx?playerId=66108"
"66108","LG","2025","102","","0","2026-08-03","https://www.koreabaseball.com/Record/Player/PitcherDetail/SeasonReg.aspx?playerId=66108"
"66112","LG","2018","16","","0","2026-08-03","https://www.koreabaseball.com/Record/Player/PitcherDetail/SeasonReg.aspx?playerId=66112"
"66112","LG","2022","43","","0","2026-08-03","https://www.koreabaseball.com/Record/Player/PitcherDetail/SeasonReg.aspx?playerId=66112"
"66112","LG","2023","102","","0","2026-08-03","https://www.koreabaseball.com/Record/Player/PitcherDetail/SeasonReg.aspx?playerId=66112"
"66112","두산","2024","180","","0","2026-08-03","https://www.koreabaseball.com/Record/Player/PitcherDetail/SeasonReg.aspx?playerId=66112"
"66112","두산","2025","183","","0","2026-08-03","https://www.koreabaseball.com/Record/Player/PitcherDetail/SeasonReg.aspx?playerId=66112"
"66145","LG","2016","6","","0","2026-08-03","https://www.koreabaseball.com/Record/Player/PitcherDetail/SeasonReg.aspx?playerId=66145"
"66145","LG","2017","138","APBC 10(준우승)","10","2026-08-03","https://www.koreabaseball.com/Record/Player/PitcherDetail/SeasonReg.aspx?playerId=66145"
"66145","LG","2018","153","","0","2026-08-03","https://www.koreabaseball.com/Record/Player/PitcherDetail/SeasonReg.aspx?playerId=66145"
"66145","LG","2019","136","","0","2026-08-03","https://www.koreabaseball.com/Record/Player/PitcherDetail/SeasonReg.aspx?playerId=66145"
"66145","LG","2020","109","","0","2026-08-03","https://www.koreabaseball.com/Record/Player/PitcherDetail/SeasonReg.aspx?playerId=66145"
"66145","LG","2021","9","","0","2026-08-03","https://www.koreabaseball.com/Record/Player/PitcherDetail/SeasonReg.aspx?playerId=66145"
"66145","LG","2023","36","","0","2026-08-03","https://www.koreabaseball.com/Record/Player/PitcherDetail/SeasonReg.aspx?playerId=66145"
"66145","LG","2024","102","","0","2026-08-03","https://www.koreabaseball.com/Record/Player/PitcherDetail/SeasonReg.aspx?playerId=66145"
"66145","LG","2025","0","","0","2026-08-03","https://www.koreabaseball.com/Record/Player/PitcherDetail/SeasonReg.aspx?playerId=66145"
"66162","LG","2016","0","","0","2026-08-03","https://www.koreabaseball.com/Record/Player/PitcherDetail/SeasonReg.aspx?playerId=66162"
"66162","LG","2017","5","","0","2026-08-03","https://www.koreabaseball.com/Record/Player/PitcherDetail/SeasonReg.aspx?playerId=66162"
"66162","LG","2020","0","","0","2026-08-03","https://www.koreabaseball.com/Record/Player/PitcherDetail/SeasonReg.aspx?playerId=66162"
"66162","LG","2021","7","","0","2026-08-03","https://www.koreabaseball.com/Record/Player/PitcherDetail/SeasonReg.aspx?playerId=66162"
"66162","LG","2022","0","","0","2026-08-03","https://www.koreabaseball.com/Record/Player/PitcherDetail/SeasonReg.aspx?playerId=66162"
"66162","LG","2023","55","","0","2026-08-03","https://www.koreabaseball.com/Record/Player/PitcherDetail/SeasonReg.aspx?playerId=66162"
"66162","LG","2024","54","","0","2026-08-03","https://www.koreabaseball.com/Record/Player/PitcherDetail/SeasonReg.aspx?playerId=66162"
"66162","LG","2025","41","","0","2026-08-03","https://www.koreabaseball.com/Record/Player/PitcherDetail/SeasonReg.aspx?playerId=66162"
"66209","두산","2016","121","","0","2026-08-03","https://www.koreabaseball.com/Record/Player/PitcherDetail/SeasonReg.aspx?playerId=66209"
"66209","두산","2017","126","","0","2026-08-03","https://www.koreabaseball.com/Record/Player/PitcherDetail/SeasonReg.aspx?playerId=66209"
"66209","두산","2018","172","","0","2026-08-03","https://www.koreabaseball.com/Record/Player/PitcherDetail/SeasonReg.aspx?playerId=66209"
"66209","두산","2020","64","","0","2026-08-03","https://www.koreabaseball.com/Record/Player/PitcherDetail/SeasonReg.aspx?playerId=66209"
"66209","두산","2021","183","","0","2026-08-03","https://www.koreabaseball.com/Record/Player/PitcherDetail/SeasonReg.aspx?playerId=66209"
"66209","두산","2022","190","","0","2026-08-03","https://www.koreabaseball.com/Record/Player/PitcherDetail/SeasonReg.aspx?playerId=66209"
"66209","두산","2023","200","","0","2026-08-03","https://www.koreabaseball.com/Record/Player/PitcherDetail/SeasonReg.aspx?playerId=66209"
"66209","두산","2024","190","","0","2026-08-03","https://www.koreabaseball.com/Record/Player/PitcherDetail/SeasonReg.aspx?playerId=66209"
"66209","두산","2025","159","","0","2026-08-03","https://www.koreabaseball.com/Record/Player/PitcherDetail/SeasonReg.aspx?playerId=66209"
"66233","두산","2016","0","","0","2026-08-03","https://www.koreabaseball.com/Record/Player/PitcherDetail/SeasonReg.aspx?playerId=66233"
"66233","두산","2022","26","","0","2026-08-03","https://www.koreabaseball.com/Record/Player/PitcherDetail/SeasonReg.aspx?playerId=66233"
"66233","두산","2023","51","","0","2026-08-03","https://www.koreabaseball.com/Record/Player/PitcherDetail/SeasonReg.aspx?playerId=66233"
"66233","두산","2024","44","","0","2026-08-03","https://www.koreabaseball.com/Record/Player/PitcherDetail/SeasonReg.aspx?playerId=66233"
"66233","두산","2025","12","","0","2026-08-03","https://www.koreabaseball.com/Record/Player/PitcherDetail/SeasonReg.aspx?playerId=66233"
"66291","두산","2017","122","","0","2026-08-03","https://www.koreabaseball.com/Record/Player/PitcherDetail/SeasonReg.aspx?playerId=66291"
"66291","두산","2018","187","","0","2026-08-03","https://www.koreabaseball.com/Record/Player/PitcherDetail/SeasonReg.aspx?playerId=66291"
"66291","두산","2019","175","프리미어12 60(준우승)","60","2026-08-03","https://www.koreabaseball.com/Record/Player/PitcherDetail/SeasonReg.aspx?playerId=66291"
"66291","두산","2020","179","","0","2026-08-03","https://www.koreabaseball.com/Record/Player/PitcherDetail/SeasonReg.aspx?playerId=66291"
"66291","두산","2021","124","","0","2026-08-03","https://www.koreabaseball.com/Record/Player/PitcherDetail/SeasonReg.aspx?playerId=66291"
"66291","두산","2022","140","","0","2026-08-03","https://www.koreabaseball.com/Record/Player/PitcherDetail/SeasonReg.aspx?playerId=66291"
"66291","두산","2023","121","","0","2026-08-03","https://www.koreabaseball.com/Record/Player/PitcherDetail/SeasonReg.aspx?playerId=66291"
"66291","두산","2024","167","프리미어12 10(5위)","10","2026-08-03","https://www.koreabaseball.com/Record/Player/PitcherDetail/SeasonReg.aspx?playerId=66291"
"66291","두산","2025","193","","0","2026-08-03","https://www.koreabaseball.com/Record/Player/PitcherDetail/SeasonReg.aspx?playerId=66291"
"66354","넥센","2016","49","","0","2026-08-03","https://www.koreabaseball.com/Record/Player/PitcherDetail/SeasonReg.aspx?playerId=66354"
"66354","넥센","2017","134","","0","2026-08-03","https://www.koreabaseball.com/Record/Player/PitcherDetail/SeasonReg.aspx?playerId=66354"
"66354","넥센","2018","142","","0","2026-08-03","https://www.koreabaseball.com/Record/Player/PitcherDetail/SeasonReg.aspx?playerId=66354"
"66354","키움","2019","88","","0","2026-08-03","https://www.koreabaseball.com/Record/Player/PitcherDetail/SeasonReg.aspx?playerId=66354"
"66354","키움","2020","151","","0","2026-08-03","https://www.koreabaseball.com/Record/Player/PitcherDetail/SeasonReg.aspx?playerId=66354"
"66354","키움","2022","0","","0","2026-08-03","https://www.koreabaseball.com/Record/Player/PitcherDetail/SeasonReg.aspx?playerId=66354"
"66354","KIA","2023","43","","0","2026-08-03","https://www.koreabaseball.com/Record/Player/PitcherDetail/SeasonReg.aspx?playerId=66354"
"66354","KIA","2024","0","","0","2026-08-03","https://www.koreabaseball.com/Record/Player/PitcherDetail/SeasonReg.aspx?playerId=66354"
"66354","KIA","2025","23","","0","2026-08-03","https://www.koreabaseball.com/Record/Player/PitcherDetail/SeasonReg.aspx?playerId=66354"
"66406","삼성","2017","35","","0","2026-08-03","https://www.koreabaseball.com/Record/Player/PitcherDetail/SeasonReg.aspx?playerId=66406"
"66406","삼성","2018","56","","0","2026-08-03","https://www.koreabaseball.com/Record/Player/PitcherDetail/SeasonReg.aspx?playerId=66406"
"66406","삼성","2020","0","","0","2026-08-03","https://www.koreabaseball.com/Record/Player/PitcherDetail/SeasonReg.aspx?playerId=66406"
"66406","삼성","2021","2","","0","2026-08-03","https://www.koreabaseball.com/Record/Player/PitcherDetail/SeasonReg.aspx?playerId=66406"
"66406","삼성","2022","34","","0","2026-08-03","https://www.koreabaseball.com/Record/Player/PitcherDetail/SeasonReg.aspx?playerId=66406"
"66406","삼성","2023","102","","0","2026-08-03","https://www.koreabaseball.com/Record/Player/PitcherDetail/SeasonReg.aspx?playerId=66406"
"66406","삼성","2024","139","","0","2026-08-03","https://www.koreabaseball.com/Record/Player/PitcherDetail/SeasonReg.aspx?playerId=66406"
"66406","삼성","2025","12","","0","2026-08-03","https://www.koreabaseball.com/Record/Player/PitcherDetail/SeasonReg.aspx?playerId=66406"
"66409","삼성","2016","42","","0","2026-08-03","https://www.koreabaseball.com/Record/Player/PitcherDetail/SeasonReg.aspx?playerId=66409"
"66409","삼성","2017","35","아시아 야구선수권 5(3위)","5","2026-08-03","https://www.koreabaseball.com/Record/Player/PitcherDetail/SeasonReg.aspx?playerId=66409"
"66409","삼성","2019","29","","0","2026-08-03","https://www.koreabaseball.com/Record/Player/PitcherDetail/SeasonReg.aspx?playerId=66409"
"66409","삼성","2020","145","","0","2026-08-03","https://www.koreabaseball.com/Record/Player/PitcherDetail/SeasonReg.aspx?playerId=66409"
"66409","삼성","2021","0","","0","2026-08-03","https://www.koreabaseball.com/Record/Player/PitcherDetail/SeasonReg.aspx?playerId=66409"
"66409","삼성","2022","20","","0","2026-08-03","https://www.koreabaseball.com/Record/Player/PitcherDetail/SeasonReg.aspx?playerId=66409"
"66409","삼성","2023","187","","0","2026-08-03","https://www.koreabaseball.com/Record/Player/PitcherDetail/SeasonReg.aspx?playerId=66409"
"66409","삼성","2024","180","","0","2026-08-03","https://www.koreabaseball.com/Record/Player/PitcherDetail/SeasonReg.aspx?playerId=66409"
"66409","삼성","2025","116","","0","2026-08-03","https://www.koreabaseball.com/Record/Player/PitcherDetail/SeasonReg.aspx?playerId=66409"
"66451","삼성","2016","23","","0","2026-08-03","https://www.koreabaseball.com/Record/Player/PitcherDetail/SeasonReg.aspx?playerId=66451"
"66451","삼성","2017","152","","0","2026-08-03","https://www.koreabaseball.com/Record/Player/PitcherDetail/SeasonReg.aspx?playerId=66451"
"66451","삼성","2018","186","아시안게임 병역(금메달)","0","2026-08-03","https://www.koreabaseball.com/Record/Player/PitcherDetail/SeasonReg.aspx?playerId=66451"
"66451","삼성","2019","110","","0","2026-08-03","https://www.koreabaseball.com/Record/Player/PitcherDetail/SeasonReg.aspx?playerId=66451"
"66451","삼성","2020","0","","0","2026-08-03","https://www.koreabaseball.com/Record/Player/PitcherDetail/SeasonReg.aspx?playerId=66451"
"66451","삼성","2021","0","","0","2026-08-03","https://www.koreabaseball.com/Record/Player/PitcherDetail/SeasonReg.aspx?playerId=66451"
"66451","삼성","2022","127","","0","2026-08-03","https://www.koreabaseball.com/Record/Player/PitcherDetail/SeasonReg.aspx?playerId=66451"
"66451","삼성","2023","50","","0","2026-08-03","https://www.koreabaseball.com/Record/Player/PitcherDetail/SeasonReg.aspx?playerId=66451"
"66451","삼성","2024","0","","0","2026-08-03","https://www.koreabaseball.com/Record/Player/PitcherDetail/SeasonReg.aspx?playerId=66451"
"66451","삼성","2025","11","","0","2026-08-03","https://www.koreabaseball.com/Record/Player/PitcherDetail/SeasonReg.aspx?playerId=66451"
"66492","삼성","2016","10","","0","2026-08-03","https://www.koreabaseball.com/Record/Player/PitcherDetail/SeasonReg.aspx?playerId=66492"
"66492","삼성","2017","118","","0","2026-08-03","https://www.koreabaseball.com/Record/Player/PitcherDetail/SeasonReg.aspx?playerId=66492"
"66492","삼성","2018","89","","0","2026-08-03","https://www.koreabaseball.com/Record/Player/PitcherDetail/SeasonReg.aspx?playerId=66492"
"66492","삼성","2019","56","","0","2026-08-03","https://www.koreabaseball.com/Record/Player/PitcherDetail/SeasonReg.aspx?playerId=66492"
"66492","삼성","2022","14","","0","2026-08-03","https://www.koreabaseball.com/Record/Player/PitcherDetail/SeasonReg.aspx?playerId=66492"
"66492","KIA","2023","53","","0","2026-08-03","https://www.koreabaseball.com/Record/Player/PitcherDetail/SeasonReg.aspx?playerId=66492"
"66492","KIA","2024","52","","0","2026-08-03","https://www.koreabaseball.com/Record/Player/PitcherDetail/SeasonReg.aspx?playerId=66492"
"66492","KIA","2025","0","","0","2026-08-03","https://www.koreabaseball.com/Record/Player/PitcherDetail/SeasonReg.aspx?playerId=66492"
"66606","KIA","2016","42","","0","2026-08-03","https://www.koreabaseball.com/Record/Player/PitcherDetail/SeasonReg.aspx?playerId=66606"
"66606","KIA","2017","144","APBC 10(준우승)","10","2026-08-03","https://www.koreabaseball.com/Record/Player/PitcherDetail/SeasonReg.aspx?playerId=66606"
"66606","KIA","2018","145","","0","2026-08-03","https://www.koreabaseball.com/Record/Player/PitcherDetail/SeasonReg.aspx?playerId=66606"
"66606","KIA","2019","130","","0","2026-08-03","https://www.koreabaseball.com/Record/Player/PitcherDetail/SeasonReg.aspx?playerId=66606"
"66606","KIA","2020","180","","0","2026-08-03","https://www.koreabaseball.com/Record/Player/PitcherDetail/SeasonReg.aspx?playerId=66606"
"66606","KIA","2021","183","","0","2026-08-03","https://www.koreabaseball.com/Record/Player/PitcherDetail/SeasonReg.aspx?playerId=66606"
"66606","KIA","2023","127","아시안게임 25(금메달)","25","2026-08-03","https://www.koreabaseball.com/Record/Player/PitcherDetail/SeasonReg.aspx?playerId=66606"
"66606","KIA","2024","192","프리미어12 10(5위)","10","2026-08-03","https://www.koreabaseball.com/Record/Player/PitcherDetail/SeasonReg.aspx?playerId=66606"
"66606","NC","2025","177","","0","2026-08-03","https://www.koreabaseball.com/Record/Player/PitcherDetail/SeasonReg.aspx?playerId=66606"
"66609","KIA","2016","26","","0","2026-08-03","https://www.koreabaseball.com/Record/Player/PitcherDetail/SeasonReg.aspx?playerId=66609"
"66609","KIA","2018","21","세계야구선수권 5(4위)","5","2026-08-03","https://www.koreabaseball.com/Record/Player/PitcherDetail/SeasonReg.aspx?playerId=66609"
"66609","KIA","2019","158","","0","2026-08-03","https://www.koreabaseball.com/Record/Player/PitcherDetail/SeasonReg.aspx?playerId=66609"
"66609","KIA","2020","151","","0","2026-08-03","https://www.koreabaseball.com/Record/Player/PitcherDetail/SeasonReg.aspx?playerId=66609"
"66609","KIA","2021","33","","0","2026-08-03","https://www.koreabaseball.com/Record/Player/PitcherDetail/SeasonReg.aspx?playerId=66609"
"66609","KIA","2022","172","","0","2026-08-03","https://www.koreabaseball.com/Record/Player/PitcherDetail/SeasonReg.aspx?playerId=66609"
"66609","KIA","2023","178","","0","2026-08-03","https://www.koreabaseball.com/Record/Player/PitcherDetail/SeasonReg.aspx?playerId=66609"
"66609","KIA","2024","192","","0","2026-08-03","https://www.koreabaseball.com/Record/Player/PitcherDetail/SeasonReg.aspx?playerId=66609"
"66609","KIA","2025","197","","0","2026-08-03","https://www.koreabaseball.com/Record/Player/PitcherDetail/SeasonReg.aspx?playerId=66609"
"66614","KIA","2020","169","","0","2026-08-03","https://www.koreabaseball.com/Record/Player/PitcherDetail/SeasonReg.aspx?playerId=66614"
"66614","KIA","2021","123","","0","2026-08-03","https://www.koreabaseball.com/Record/Player/PitcherDetail/SeasonReg.aspx?playerId=66614"
"66614","KIA","2022","155","","0","2026-08-03","https://www.koreabaseball.com/Record/Player/PitcherDetail/SeasonReg.aspx?playerId=66614"
"66614","KIA","2023","177","","0","2026-08-03","https://www.koreabaseball.com/Record/Player/PitcherDetail/SeasonReg.aspx?playerId=66614"
"66614","KIA","2024","49","","0","2026-08-03","https://www.koreabaseball.com/Record/Player/PitcherDetail/SeasonReg.aspx?playerId=66614"
"66614","KIA","2025","197","","0","2026-08-03","https://www.koreabaseball.com/Record/Player/PitcherDetail/SeasonReg.aspx?playerId=66614"
"66657","KIA","2016","29","","0","2026-08-03","https://www.koreabaseball.com/Record/Player/PitcherDetail/SeasonReg.aspx?playerId=66657"
"66657","KIA","2017","26","","0","2026-08-03","https://www.koreabaseball.com/Record/Player/PitcherDetail/SeasonReg.aspx?playerId=66657"
"66657","KIA","2019","17","","0","2026-08-03","https://www.koreabaseball.com/Record/Player/PitcherDetail/SeasonReg.aspx?playerId=66657"
"66657","KIA","2020","75","","0","2026-08-03","https://www.koreabaseball.com/Record/Player/PitcherDetail/SeasonReg.aspx?playerId=66657"
"66657","KIA","2021","47","","0","2026-08-03","https://www.koreabaseball.com/Record/Player/PitcherDetail/SeasonReg.aspx?playerId=66657"
"66657","한화","2022","103","","0","2026-08-03","https://www.koreabaseball.com/Record/Player/PitcherDetail/SeasonReg.aspx?playerId=66657"
"66657","한화","2023","172","","0","2026-08-03","https://www.koreabaseball.com/Record/Player/PitcherDetail/SeasonReg.aspx?playerId=66657"
"66657","한화","2024","60","","0","2026-08-03","https://www.koreabaseball.com/Record/Player/PitcherDetail/SeasonReg.aspx?playerId=66657"
"66657","한화","2025","186","","0","2026-08-03","https://www.koreabaseball.com/Record/Player/PitcherDetail/SeasonReg.aspx?playerId=66657"
"66662","KIA","2016","0","","0","2026-08-03","https://www.koreabaseball.com/Record/Player/PitcherDetail/SeasonReg.aspx?playerId=66662"
"66662","KIA","2017","3","","0","2026-08-03","https://www.koreabaseball.com/Record/Player/PitcherDetail/SeasonReg.aspx?playerId=66662"
"66662","KIA","2018","58","","0","2026-08-03","https://www.koreabaseball.com/Record/Player/PitcherDetail/SeasonReg.aspx?playerId=66662"
"66662","KIA","2019","75","","0","2026-08-03","https://www.koreabaseball.com/Record/Player/PitcherDetail/SeasonReg.aspx?playerId=66662"
"66662","KIA","2021","0","","0","2026-08-03","https://www.koreabaseball.com/Record/Player/PitcherDetail/SeasonReg.aspx?playerId=66662"
"66662","KIA","2022","14","","0","2026-08-03","https://www.koreabaseball.com/Record/Player/PitcherDetail/SeasonReg.aspx?playerId=66662"
"66662","KIA","2023","52","","0","2026-08-03","https://www.koreabaseball.com/Record/Player/PitcherDetail/SeasonReg.aspx?playerId=66662"
"66662","SSG","2024","37","","0","2026-08-03","https://www.koreabaseball.com/Record/Player/PitcherDetail/SeasonReg.aspx?playerId=66662"
"66662","SSG","2025","55","","0","2026-08-03","https://www.koreabaseball.com/Record/Player/PitcherDetail/SeasonReg.aspx?playerId=66662"
"66704","한화","2017","28","","0","2026-08-03","https://www.koreabaseball.com/Record/Player/PitcherDetail/SeasonReg.aspx?playerId=66704"
"66704","한화","2018","70","","0","2026-08-03","https://www.koreabaseball.com/Record/Player/PitcherDetail/SeasonReg.aspx?playerId=66704"
"66704","한화","2019","29","","0","2026-08-03","https://www.koreabaseball.com/Record/Player/PitcherDetail/SeasonReg.aspx?playerId=66704"
"66704","한화","2021","77","","0","2026-08-03","https://www.koreabaseball.com/Record/Player/PitcherDetail/SeasonReg.aspx?playerId=66704"
"66704","한화","2022","180","","0","2026-08-03","https://www.koreabaseball.com/Record/Player/PitcherDetail/SeasonReg.aspx?playerId=66704"
"66704","한화","2023","145","","0","2026-08-03","https://www.koreabaseball.com/Record/Player/PitcherDetail/SeasonReg.aspx?playerId=66704"
"66704","한화","2024","191","","0","2026-08-03","https://www.koreabaseball.com/Record/Player/PitcherDetail/SeasonReg.aspx?playerId=66704"
"66704","한화","2025","196","","0","2026-08-03","https://www.koreabaseball.com/Record/Player/PitcherDetail/SeasonReg.aspx?playerId=66704"
"66706","한화","2018","99","","0","2026-08-03","https://www.koreabaseball.com/Record/Player/PitcherDetail/SeasonReg.aspx?playerId=66706"
"66706","한화","2019","164","","0","2026-08-03","https://www.koreabaseball.com/Record/Player/PitcherDetail/SeasonReg.aspx?playerId=66706"
"66706","한화","2020","29","","0","2026-08-03","https://www.koreabaseball.com/Record/Player/PitcherDetail/SeasonReg.aspx?playerId=66706"
"66706","한화","2022","64","","0","2026-08-03","https://www.koreabaseball.com/Record/Player/PitcherDetail/SeasonReg.aspx?playerId=66706"
"66706","한화","2023","103","","0","2026-08-03","https://www.koreabaseball.com/Record/Player/PitcherDetail/SeasonReg.aspx?playerId=66706"
"66706","한화","2024","145","","0","2026-08-03","https://www.koreabaseball.com/Record/Player/PitcherDetail/SeasonReg.aspx?playerId=66706"
"66706","KT","2025","136","","0","2026-08-03","https://www.koreabaseball.com/Record/Player/PitcherDetail/SeasonReg.aspx?playerId=66706"
"66707","한화","2017","12","아시아 야구선수권 5(3위)","5","2026-08-03","https://www.koreabaseball.com/Record/Player/PitcherDetail/SeasonReg.aspx?playerId=66707"
"66707","한화","2019","11","","0","2026-08-03","https://www.koreabaseball.com/Record/Player/PitcherDetail/SeasonReg.aspx?playerId=66707"
"66707","한화","2020","104","","0","2026-08-03","https://www.koreabaseball.com/Record/Player/PitcherDetail/SeasonReg.aspx?playerId=66707"
"66707","한화","2021","3","","0","2026-08-03","https://www.koreabaseball.com/Record/Player/PitcherDetail/SeasonReg.aspx?playerId=66707"
"66707","한화","2022","145","","0","2026-08-03","https://www.koreabaseball.com/Record/Player/PitcherDetail/SeasonReg.aspx?playerId=66707"
"66707","한화","2023","199","","0","2026-08-03","https://www.koreabaseball.com/Record/Player/PitcherDetail/SeasonReg.aspx?playerId=66707"
"66707","한화","2024","54","","0","2026-08-03","https://www.koreabaseball.com/Record/Player/PitcherDetail/SeasonReg.aspx?playerId=66707"
"66707","한화","2025","0","","0","2026-08-03","https://www.koreabaseball.com/Record/Player/PitcherDetail/SeasonReg.aspx?playerId=66707"
"66715","한화","2018","6","","0","2026-08-03","https://www.koreabaseball.com/Record/Player/PitcherDetail/SeasonReg.aspx?playerId=66715"
"66715","한화","2019","24","","0","2026-08-03","https://www.koreabaseball.com/Record/Player/PitcherDetail/SeasonReg.aspx?playerId=66715"
"66715","한화","2022","160","","0","2026-08-03","https://www.koreabaseball.com/Record/Player/PitcherDetail/SeasonReg.aspx?playerId=66715"
"66715","한화","2023","167","","0","2026-08-03","https://www.koreabaseball.com/Record/Player/PitcherDetail/SeasonReg.aspx?playerId=66715"
"66715","한화","2024","84","","0","2026-08-03","https://www.koreabaseball.com/Record/Player/PitcherDetail/SeasonReg.aspx?playerId=66715"
"66715","한화","2025","18","","0","2026-08-03","https://www.koreabaseball.com/Record/Player/PitcherDetail/SeasonReg.aspx?playerId=66715"
"66838","SK","2016","94","","0","2026-08-03","https://www.koreabaseball.com/Record/Player/PitcherDetail/SeasonReg.aspx?playerId=66838"
"66838","SK","2017","187","","0","2026-08-03","https://www.koreabaseball.com/Record/Player/PitcherDetail/SeasonReg.aspx?playerId=66838"
"66838","SK","2018","186","","0","2026-08-03","https://www.koreabaseball.com/Record/Player/PitcherDetail/SeasonReg.aspx?playerId=66838"
"66838","삼성","2019","95","","0","2026-08-03","https://www.koreabaseball.com/Record/Player/PitcherDetail/SeasonReg.aspx?playerId=66838"
"66838","삼성","2020","165","","0","2026-08-03","https://www.koreabaseball.com/Record/Player/PitcherDetail/SeasonReg.aspx?playerId=66838"
"66838","삼성","2021","156","","0","2026-08-03","https://www.koreabaseball.com/Record/Player/PitcherDetail/SeasonReg.aspx?playerId=66838"
"66838","삼성","2022","71","","0","2026-08-03","https://www.koreabaseball.com/Record/Player/PitcherDetail/SeasonReg.aspx?playerId=66838"
"66838","삼성","2023","158","","0","2026-08-03","https://www.koreabaseball.com/Record/Player/PitcherDetail/SeasonReg.aspx?playerId=66838"
"66838","삼성","2024","43","","0","2026-08-03","https://www.koreabaseball.com/Record/Player/PitcherDetail/SeasonReg.aspx?playerId=66838"
"66838","키움","2025","10","","0","2026-08-03","https://www.koreabaseball.com/Record/Player/PitcherDetail/SeasonReg.aspx?playerId=66838"
"66858","SK","2016","0","","0","2026-08-03","https://www.koreabaseball.com/Record/Player/PitcherDetail/SeasonReg.aspx?playerId=66858"
"66858","SK","2017","7","","0","2026-08-03","https://www.koreabaseball.com/Record/Player/PitcherDetail/SeasonReg.aspx?playerId=66858"
"66858","SK","2018","14","","0","2026-08-03","https://www.koreabaseball.com/Record/Player/PitcherDetail/SeasonReg.aspx?playerId=66858"
"66858","SSG","2021","19","","0","2026-08-03","https://www.koreabaseball.com/Record/Player/PitcherDetail/SeasonReg.aspx?playerId=66858"
"66858","SSG","2022","0","","0","2026-08-03","https://www.koreabaseball.com/Record/Player/PitcherDetail/SeasonReg.aspx?playerId=66858"
"66858","SSG","2023","0","","0","2026-08-03","https://www.koreabaseball.com/Record/Player/PitcherDetail/SeasonReg.aspx?playerId=66858"
"66858","SSG","2024","18","","0","2026-08-03","https://www.koreabaseball.com/Record/Player/PitcherDetail/SeasonReg.aspx?playerId=66858"
"66858","SSG","2025","86","","0","2026-08-03","https://www.koreabaseball.com/Record/Player/PitcherDetail/SeasonReg.aspx?playerId=66858"
"66864","SK","2016","0","","0","2026-08-03","https://www.koreabaseball.com/Record/Player/PitcherDetail/SeasonReg.aspx?playerId=66864"
"66864","SK","2018","2","","0","2026-08-03","https://www.koreabaseball.com/Record/Player/PitcherDetail/SeasonReg.aspx?playerId=66864"
"66864","SK","2019","97","","0","2026-08-03","https://www.koreabaseball.com/Record/Player/PitcherDetail/SeasonReg.aspx?playerId=66864"
"66864","SSG","2021","69","","0","2026-08-03","https://www.koreabaseball.com/Record/Player/PitcherDetail/SeasonReg.aspx?playerId=66864"
"66864","SSG","2022","104","","0","2026-08-03","https://www.koreabaseball.com/Record/Player/PitcherDetail/SeasonReg.aspx?playerId=66864"
"66864","SSG","2023","153","","0","2026-08-03","https://www.koreabaseball.com/Record/Player/PitcherDetail/SeasonReg.aspx?playerId=66864"
"66864","SSG","2024","81","","0","2026-08-03","https://www.koreabaseball.com/Record/Player/PitcherDetail/SeasonReg.aspx?playerId=66864"
"66864","SSG","2025","179","","0","2026-08-03","https://www.koreabaseball.com/Record/Player/PitcherDetail/SeasonReg.aspx?playerId=66864"
"66917","NC","2016","0","","0","2026-08-03","https://www.koreabaseball.com/Record/Player/PitcherDetail/SeasonReg.aspx?playerId=66917"
"66917","NC","2017","11","","0","2026-08-03","https://www.koreabaseball.com/Record/Player/PitcherDetail/SeasonReg.aspx?playerId=66917"
"66917","NC","2018","94","세계야구선수권 5(4위)","5","2026-08-03","https://www.koreabaseball.com/Record/Player/PitcherDetail/SeasonReg.aspx?playerId=66917"
"66917","NC","2019","147","","0","2026-08-03","https://www.koreabaseball.com/Record/Player/PitcherDetail/SeasonReg.aspx?playerId=66917"
"66917","NC","2020","98","","0","2026-08-03","https://www.koreabaseball.com/Record/Player/PitcherDetail/SeasonReg.aspx?playerId=66917"
"66917","SSG","2021","171","","0","2026-08-03","https://www.koreabaseball.com/Record/Player/PitcherDetail/SeasonReg.aspx?playerId=66917"
"66917","SSG","2023","87","","0","2026-08-03","https://www.koreabaseball.com/Record/Player/PitcherDetail/SeasonReg.aspx?playerId=66917"
"66917","SSG","2024","8","","0","2026-08-03","https://www.koreabaseball.com/Record/Player/PitcherDetail/SeasonReg.aspx?playerId=66917"
"66917","SSG","2025","90","","0","2026-08-03","https://www.koreabaseball.com/Record/Player/PitcherDetail/SeasonReg.aspx?playerId=66917"
"66920","NC","2016","53","","0","2026-08-03","https://www.koreabaseball.com/Record/Player/PitcherDetail/SeasonReg.aspx?playerId=66920"
"66920","NC","2017","29","","0","2026-08-03","https://www.koreabaseball.com/Record/Player/PitcherDetail/SeasonReg.aspx?playerId=66920"
"66920","NC","2018","94","세계야구선수권 5(4위)","5","2026-08-03","https://www.koreabaseball.com/Record/Player/PitcherDetail/SeasonReg.aspx?playerId=66920"
"66920","NC","2019","137","","0","2026-08-03","https://www.koreabaseball.com/Record/Player/PitcherDetail/SeasonReg.aspx?playerId=66920"
"66920","NC","2020","73","","0","2026-08-03","https://www.koreabaseball.com/Record/Player/PitcherDetail/SeasonReg.aspx?playerId=66920"
"66920","NC","2023","138","","0","2026-08-03","https://www.koreabaseball.com/Record/Player/PitcherDetail/SeasonReg.aspx?playerId=66920"
"66920","NC","2024","120","","0","2026-08-03","https://www.koreabaseball.com/Record/Player/PitcherDetail/SeasonReg.aspx?playerId=66920"
"66920","NC","2025","149","","0","2026-08-03","https://www.koreabaseball.com/Record/Player/PitcherDetail/SeasonReg.aspx?playerId=66920"
"66928","NC","2016","99","","0","2026-08-03","https://www.koreabaseball.com/Record/Player/PitcherDetail/SeasonReg.aspx?playerId=66928"
"66928","NC","2020","60","","0","2026-08-03","https://www.koreabaseball.com/Record/Player/PitcherDetail/SeasonReg.aspx?playerId=66928"
"66928","NC","2021","160","","0","2026-08-03","https://www.koreabaseball.com/Record/Player/PitcherDetail/SeasonReg.aspx?playerId=66928"
"66928","NC","2022","137","","0","2026-08-03","https://www.koreabaseball.com/Record/Player/PitcherDetail/SeasonReg.aspx?playerId=66928"
"66928","두산","2023","103","","0","2026-08-03","https://www.koreabaseball.com/Record/Player/PitcherDetail/SeasonReg.aspx?playerId=66928"
"66928","두산","2024","133","","0","2026-08-03","https://www.koreabaseball.com/Record/Player/PitcherDetail/SeasonReg.aspx?playerId=66928"
"66928","두산","2025","59","","0","2026-08-03","https://www.koreabaseball.com/Record/Player/PitcherDetail/SeasonReg.aspx?playerId=66928"
"66965","NC","2016","20","","0","2026-08-03","https://www.koreabaseball.com/Record/Player/PitcherDetail/SeasonReg.aspx?playerId=66965"
"66965","NC","2017","62","","0","2026-08-03","https://www.koreabaseball.com/Record/Player/PitcherDetail/SeasonReg.aspx?playerId=66965"
"66965","NC","2018","47","","0","2026-08-03","https://www.koreabaseball.com/Record/Player/PitcherDetail/SeasonReg.aspx?playerId=66965"
"66965","NC","2020","21","","0","2026-08-03","https://www.koreabaseball.com/Record/Player/PitcherDetail/SeasonReg.aspx?playerId=66965"
"66965","NC","2021","132","","0","2026-08-03","https://www.koreabaseball.com/Record/Player/PitcherDetail/SeasonReg.aspx?playerId=66965"
"66965","NC","2022","170","","0","2026-08-03","https://www.koreabaseball.com/Record/Player/PitcherDetail/SeasonReg.aspx?playerId=66965"
"66965","NC","2023","200","","0","2026-08-03","https://www.koreabaseball.com/Record/Player/PitcherDetail/SeasonReg.aspx?playerId=66965"
"66965","NC","2024","193","","0","2026-08-03","https://www.koreabaseball.com/Record/Player/PitcherDetail/SeasonReg.aspx?playerId=66965"
"66965","NC","2025","113","","0","2026-08-03","https://www.koreabaseball.com/Record/Player/PitcherDetail/SeasonReg.aspx?playerId=66965"
"67005","KT","2017","12","","0","2026-08-03","https://www.koreabaseball.com/Record/Player/PitcherDetail/SeasonReg.aspx?playerId=67005"
"67005","KT","2018","25","","0","2026-08-03","https://www.koreabaseball.com/Record/Player/PitcherDetail/SeasonReg.aspx?playerId=67005"
"67005","KT","2020","64","","0","2026-08-03","https://www.koreabaseball.com/Record/Player/PitcherDetail/SeasonReg.aspx?playerId=67005"
"67005","KT","2021","75","","0","2026-08-03","https://www.koreabaseball.com/Record/Player/PitcherDetail/SeasonReg.aspx?playerId=67005"
"67005","KT","2022","107","","0","2026-08-03","https://www.koreabaseball.com/Record/Player/PitcherDetail/SeasonReg.aspx?playerId=67005"
"67005","KT","2023","63","","0","2026-08-03","https://www.koreabaseball.com/Record/Player/PitcherDetail/SeasonReg.aspx?playerId=67005"
"67005","KT","2024","54","","0","2026-08-03","https://www.koreabaseball.com/Record/Player/PitcherDetail/SeasonReg.aspx?playerId=67005"
"67005","삼성","2025","69","","0","2026-08-03","https://www.koreabaseball.com/Record/Player/PitcherDetail/SeasonReg.aspx?playerId=67005"
"67006","KT","2017","41","","0","2026-08-03","https://www.koreabaseball.com/Record/Player/PitcherDetail/SeasonReg.aspx?playerId=67006"
"67006","KT","2019","8","","0","2026-08-03","https://www.koreabaseball.com/Record/Player/PitcherDetail/SeasonReg.aspx?playerId=67006"
"67006","KT","2022","0","","0","2026-08-03","https://www.koreabaseball.com/Record/Player/PitcherDetail/SeasonReg.aspx?playerId=67006"
"67006","KT","2023","130","","0","2026-08-03","https://www.koreabaseball.com/Record/Player/PitcherDetail/SeasonReg.aspx?playerId=67006"
"67006","KT","2024","52","","0","2026-08-03","https://www.koreabaseball.com/Record/Player/PitcherDetail/SeasonReg.aspx?playerId=67006"
"67006","KT","2025","99","","0","2026-08-03","https://www.koreabaseball.com/Record/Player/PitcherDetail/SeasonReg.aspx?playerId=67006"
"67048","KT","2019","31","","0","2026-08-03","https://www.koreabaseball.com/Record/Player/PitcherDetail/SeasonReg.aspx?playerId=67048"
"67048","KT","2020","0","","0","2026-08-03","https://www.koreabaseball.com/Record/Player/PitcherDetail/SeasonReg.aspx?playerId=67048"
"67048","KT","2021","3","","0","2026-08-03","https://www.koreabaseball.com/Record/Player/PitcherDetail/SeasonReg.aspx?playerId=67048"
"67048","KT","2022","4","","0","2026-08-03","https://www.koreabaseball.com/Record/Player/PitcherDetail/SeasonReg.aspx?playerId=67048"
"67048","KT","2023","0","","0","2026-08-03","https://www.koreabaseball.com/Record/Player/PitcherDetail/SeasonReg.aspx?playerId=67048"
"67048","KT","2024","0","","0","2026-08-03","https://www.koreabaseball.com/Record/Player/PitcherDetail/SeasonReg.aspx?playerId=67048"
"67048","KT","2025","40","","0","2026-08-03","https://www.koreabaseball.com/Record/Player/PitcherDetail/SeasonReg.aspx?playerId=67048"
"67116","LG","2019","8","","0","2026-08-03","https://www.koreabaseball.com/Record/Player/PitcherDetail/SeasonReg.aspx?playerId=67116"
"67116","LG","2020","0","","0","2026-08-03","https://www.koreabaseball.com/Record/Player/PitcherDetail/SeasonReg.aspx?playerId=67116"
"67116","LG","2021","25","","0","2026-08-03","https://www.koreabaseball.com/Record/Player/PitcherDetail/SeasonReg.aspx?playerId=67116"
"67116","LG","2022","27","","0","2026-08-03","https://www.koreabaseball.com/Record/Player/PitcherDetail/SeasonReg.aspx?playerId=67116"
"67116","LG","2023","47","","0","2026-08-03","https://www.koreabaseball.com/Record/Player/PitcherDetail/SeasonReg.aspx?playerId=67116"
"67116","키움","2024","90","","0","2026-08-03","https://www.koreabaseball.com/Record/Player/PitcherDetail/SeasonReg.aspx?playerId=67116"
"67116","키움","2025","183","","0","2026-08-03","https://www.koreabaseball.com/Record/Player/PitcherDetail/SeasonReg.aspx?playerId=67116"
"67143","LG","2017","29","","0","2026-08-03","https://www.koreabaseball.com/Record/Player/PitcherDetail/SeasonReg.aspx?playerId=67143"
"67143","LG","2018","9","","0","2026-08-03","https://www.koreabaseball.com/Record/Player/PitcherDetail/SeasonReg.aspx?playerId=67143"
"67143","LG","2021","34","","0","2026-08-03","https://www.koreabaseball.com/Record/Player/PitcherDetail/SeasonReg.aspx?playerId=67143"
"67143","LG","2022","16","","0","2026-08-03","https://www.koreabaseball.com/Record/Player/PitcherDetail/SeasonReg.aspx?playerId=67143"
"67143","LG","2023","16","","0","2026-08-03","https://www.koreabaseball.com/Record/Player/PitcherDetail/SeasonReg.aspx?playerId=67143"
"67143","LG","2024","173","","0","2026-08-03","https://www.koreabaseball.com/Record/Player/PitcherDetail/SeasonReg.aspx?playerId=67143"
"67143","LG","2025","184","","0","2026-08-03","https://www.koreabaseball.com/Record/Player/PitcherDetail/SeasonReg.aspx?playerId=67143"
"67207","두산","2018","64","","0","2026-08-03","https://www.koreabaseball.com/Record/Player/PitcherDetail/SeasonReg.aspx?playerId=67207"
"67207","두산","2019","56","","0","2026-08-03","https://www.koreabaseball.com/Record/Player/PitcherDetail/SeasonReg.aspx?playerId=67207"
"67207","두산","2020","179","","0","2026-08-03","https://www.koreabaseball.com/Record/Player/PitcherDetail/SeasonReg.aspx?playerId=67207"
"67207","두산","2022","17","","0","2026-08-03","https://www.koreabaseball.com/Record/Player/PitcherDetail/SeasonReg.aspx?playerId=67207"
"67207","두산","2023","178","","0","2026-08-03","https://www.koreabaseball.com/Record/Player/PitcherDetail/SeasonReg.aspx?playerId=67207"
"67207","두산","2024","173","","0","2026-08-03","https://www.koreabaseball.com/Record/Player/PitcherDetail/SeasonReg.aspx?playerId=67207"
"67207","두산","2025","162","","0","2026-08-03","https://www.koreabaseball.com/Record/Player/PitcherDetail/SeasonReg.aspx?playerId=67207"
"67246","두산","2017","99","APBC 10(준우승)","10","2026-08-03","https://www.koreabaseball.com/Record/Player/PitcherDetail/SeasonReg.aspx?playerId=67246"
"67246","두산","2020","46","","0","2026-08-03","https://www.koreabaseball.com/Record/Player/PitcherDetail/SeasonReg.aspx?playerId=67246"
"67246","두산","2021","183","","0","2026-08-03","https://www.koreabaseball.com/Record/Player/PitcherDetail/SeasonReg.aspx?playerId=67246"
"67246","두산","2022","190","","0","2026-08-03","https://www.koreabaseball.com/Record/Player/PitcherDetail/SeasonReg.aspx?playerId=67246"
"67246","두산","2023","200","","0","2026-08-03","https://www.koreabaseball.com/Record/Player/PitcherDetail/SeasonReg.aspx?playerId=67246"
"67246","두산","2024","104","","0","2026-08-03","https://www.koreabaseball.com/Record/Player/PitcherDetail/SeasonReg.aspx?playerId=67246"
"67246","두산","2025","29","","0","2026-08-03","https://www.koreabaseball.com/Record/Player/PitcherDetail/SeasonReg.aspx?playerId=67246"
"67263","두산","2018","26","","0","2026-08-03","https://www.koreabaseball.com/Record/Player/PitcherDetail/SeasonReg.aspx?playerId=67263"
"67263","두산","2019","149","","0","2026-08-03","https://www.koreabaseball.com/Record/Player/PitcherDetail/SeasonReg.aspx?playerId=67263"
"67263","두산","2020","179","","0","2026-08-03","https://www.koreabaseball.com/Record/Player/PitcherDetail/SeasonReg.aspx?playerId=67263"
"67263","두산","2021","183","올림픽 10(4위)","10","2026-08-03","https://www.koreabaseball.com/Record/Player/PitcherDetail/SeasonReg.aspx?playerId=67263"
"67263","두산","2022","190","","0","2026-08-03","https://www.koreabaseball.com/Record/Player/PitcherDetail/SeasonReg.aspx?playerId=67263"
"67263","두산","2023","167","","0","2026-08-03","https://www.koreabaseball.com/Record/Player/PitcherDetail/SeasonReg.aspx?playerId=67263"
"67263","두산","2024","151","","0","2026-08-03","https://www.koreabaseball.com/Record/Player/PitcherDetail/SeasonReg.aspx?playerId=67263"
"67263","두산","2025","170","","0","2026-08-03","https://www.koreabaseball.com/Record/Player/PitcherDetail/SeasonReg.aspx?playerId=67263"
"67266","두산","2017","103","","0","2026-08-03","https://www.koreabaseball.com/Record/Player/PitcherDetail/SeasonReg.aspx?playerId=67266"
"67266","두산","2018","170","아시안게임 병역(금메달)","0","2026-08-03","https://www.koreabaseball.com/Record/Player/PitcherDetail/SeasonReg.aspx?playerId=67266"
"67266","두산","2019","175","","0","2026-08-03","https://www.koreabaseball.com/Record/Player/PitcherDetail/SeasonReg.aspx?playerId=67266"
"67266","두산","2020","169","","0","2026-08-03","https://www.koreabaseball.com/Record/Player/PitcherDetail/SeasonReg.aspx?playerId=67266"
"67266","두산","2021","77","","0","2026-08-03","https://www.koreabaseball.com/Record/Player/PitcherDetail/SeasonReg.aspx?playerId=67266"
"67266","두산","2022","75","","0","2026-08-03","https://www.koreabaseball.com/Record/Player/PitcherDetail/SeasonReg.aspx?playerId=67266"
"67266","두산","2023","200","","0","2026-08-03","https://www.koreabaseball.com/Record/Player/PitcherDetail/SeasonReg.aspx?playerId=67266"
"67266","두산","2024","154","","0","2026-08-03","https://www.koreabaseball.com/Record/Player/PitcherDetail/SeasonReg.aspx?playerId=67266"
"67266","두산","2025","192","","0","2026-08-03","https://www.koreabaseball.com/Record/Player/PitcherDetail/SeasonReg.aspx?playerId=67266"
"67365","키움","2019","30","","0","2026-08-03","https://www.koreabaseball.com/Record/Player/PitcherDetail/SeasonReg.aspx?playerId=67365"
"67365","키움","2020","80","","0","2026-08-03","https://www.koreabaseball.com/Record/Player/PitcherDetail/SeasonReg.aspx?playerId=67365"
"67365","키움","2021","0","","0","2026-08-03","https://www.koreabaseball.com/Record/Player/PitcherDetail/SeasonReg.aspx?playerId=67365"
"67365","키움","2022","9","","0","2026-08-03","https://www.koreabaseball.com/Record/Player/PitcherDetail/SeasonReg.aspx?playerId=67365"
"67365","키움","2023","1","","0","2026-08-03","https://www.koreabaseball.com/Record/Player/PitcherDetail/SeasonReg.aspx?playerId=67365"
"67365","키움","2024","69","","0","2026-08-03","https://www.koreabaseball.com/Record/Player/PitcherDetail/SeasonReg.aspx?playerId=67365"
"67365","키움","2025","38","","0","2026-08-03","https://www.koreabaseball.com/Record/Player/PitcherDetail/SeasonReg.aspx?playerId=67365"
"67419","삼성","2021","66","","0","2026-08-03","https://www.koreabaseball.com/Record/Player/PitcherDetail/SeasonReg.aspx?playerId=67419"
"67419","삼성","2022","131","","0","2026-08-03","https://www.koreabaseball.com/Record/Player/PitcherDetail/SeasonReg.aspx?playerId=67419"
"67419","삼성","2023","68","","0","2026-08-03","https://www.koreabaseball.com/Record/Player/PitcherDetail/SeasonReg.aspx?playerId=67419"
"67419","KT","2024","69","","0","2026-08-03","https://www.koreabaseball.com/Record/Player/PitcherDetail/SeasonReg.aspx?playerId=67419"
"67419","KT","2025","94","","0","2026-08-03","https://www.koreabaseball.com/Record/Player/PitcherDetail/SeasonReg.aspx?playerId=67419"
"67421","삼성","2017","47","","0","2026-08-03","https://www.koreabaseball.com/Record/Player/PitcherDetail/SeasonReg.aspx?playerId=67421"
"67421","삼성","2018","21","","0","2026-08-03","https://www.koreabaseball.com/Record/Player/PitcherDetail/SeasonReg.aspx?playerId=67421"
"67421","삼성","2019","191","","0","2026-08-03","https://www.koreabaseball.com/Record/Player/PitcherDetail/SeasonReg.aspx?playerId=67421"
"67421","삼성","2020","145","","0","2026-08-03","https://www.koreabaseball.com/Record/Player/PitcherDetail/SeasonReg.aspx?playerId=67421"
"67421","삼성","2021","170","","0","2026-08-03","https://www.koreabaseball.com/Record/Player/PitcherDetail/SeasonReg.aspx?playerId=67421"
"67421","삼성","2023","80","","0","2026-08-03","https://www.koreabaseball.com/Record/Player/PitcherDetail/SeasonReg.aspx?playerId=67421"
"67421","삼성","2024","106","","0","2026-08-03","https://www.koreabaseball.com/Record/Player/PitcherDetail/SeasonReg.aspx?playerId=67421"
"67421","삼성","2025","0","","0","2026-08-03","https://www.koreabaseball.com/Record/Player/PitcherDetail/SeasonReg.aspx?playerId=67421"
"67449","삼성","2017","48","","0","2026-08-03","https://www.koreabaseball.com/Record/Player/PitcherDetail/SeasonReg.aspx?playerId=67449"
"67449","삼성","2018","2","","0","2026-08-03","https://www.koreabaseball.com/Record/Player/PitcherDetail/SeasonReg.aspx?playerId=67449"
"67449","삼성","2020","13","","0","2026-08-03","https://www.koreabaseball.com/Record/Player/PitcherDetail/SeasonReg.aspx?playerId=67449"
"67449","삼성","2021","50","","0","2026-08-03","https://www.koreabaseball.com/Record/Player/PitcherDetail/SeasonReg.aspx?playerId=67449"
"67449","삼성","2022","96","","0","2026-08-03","https://www.koreabaseball.com/Record/Player/PitcherDetail/SeasonReg.aspx?playerId=67449"
"67449","삼성","2023","180","아시안게임 25(금메달), APBC 10(준우승)","35","2026-08-03","https://www.koreabaseball.com/Record/Player/PitcherDetail/SeasonReg.aspx?playerId=67449"
"67449","삼성","2024","73","","0","2026-08-03","https://www.koreabaseball.com/Record/Player/PitcherDetail/SeasonReg.aspx?playerId=67449"
"67449","삼성","2025","192","","0","2026-08-03","https://www.koreabaseball.com/Record/Player/PitcherDetail/SeasonReg.aspx?playerId=67449"
"67539","롯데","2017","55","","0","2026-08-03","https://www.koreabaseball.com/Record/Player/PitcherDetail/SeasonReg.aspx?playerId=67539"
"67539","롯데","2018","172","","0","2026-08-03","https://www.koreabaseball.com/Record/Player/PitcherDetail/SeasonReg.aspx?playerId=67539"
"67539","롯데","2019","183","","0","2026-08-03","https://www.koreabaseball.com/Record/Player/PitcherDetail/SeasonReg.aspx?playerId=67539"
"67539","롯데","2020","0","","0","2026-08-03","https://www.koreabaseball.com/Record/Player/PitcherDetail/SeasonReg.aspx?playerId=67539"
"67539","롯데","2021","90","","0","2026-08-03","https://www.koreabaseball.com/Record/Player/PitcherDetail/SeasonReg.aspx?playerId=67539"
"67539","롯데","2022","190","","0","2026-08-03","https://www.koreabaseball.com/Record/Player/PitcherDetail/SeasonReg.aspx?playerId=67539"
"67539","롯데","2023","180","아시안게임 병역(금메달)","0","2026-08-03","https://www.koreabaseball.com/Record/Player/PitcherDetail/SeasonReg.aspx?playerId=67539"
"67539","롯데","2024","109","","0","2026-08-03","https://www.koreabaseball.com/Record/Player/PitcherDetail/SeasonReg.aspx?playerId=67539"
"67539","롯데","2025","182","","0","2026-08-03","https://www.koreabaseball.com/Record/Player/PitcherDetail/SeasonReg.aspx?playerId=67539"
"67588","롯데","2018","93","","0","2026-08-03","https://www.koreabaseball.com/Record/Player/PitcherDetail/SeasonReg.aspx?playerId=67588"
"67588","롯데","2019","1","","0","2026-08-03","https://www.koreabaseball.com/Record/Player/PitcherDetail/SeasonReg.aspx?playerId=67588"
"67588","롯데","2020","0","","0","2026-08-03","https://www.koreabaseball.com/Record/Player/PitcherDetail/SeasonReg.aspx?playerId=67588"
"67588","롯데","2021","7","","0","2026-08-03","https://www.koreabaseball.com/Record/Player/PitcherDetail/SeasonReg.aspx?playerId=67588"
"67588","롯데","2024","4","","0","2026-08-03","https://www.koreabaseball.com/Record/Player/PitcherDetail/SeasonReg.aspx?playerId=67588"
"67588","롯데","2025","96","","0","2026-08-03","https://www.koreabaseball.com/Record/Player/PitcherDetail/SeasonReg.aspx?playerId=67588"
"67609","KIA","2021","58","","0","2026-08-03","https://www.koreabaseball.com/Record/Player/PitcherDetail/SeasonReg.aspx?playerId=67609"
"67609","KIA","2022","27","","0","2026-08-03","https://www.koreabaseball.com/Record/Player/PitcherDetail/SeasonReg.aspx?playerId=67609"
"67609","KIA","2023","28","","0","2026-08-03","https://www.koreabaseball.com/Record/Player/PitcherDetail/SeasonReg.aspx?playerId=67609"
"67609","KIA","2024","110","","0","2026-08-03","https://www.koreabaseball.com/Record/Player/PitcherDetail/SeasonReg.aspx?playerId=67609"
"67609","KIA","2025","107","","0","2026-08-03","https://www.koreabaseball.com/Record/Player/PitcherDetail/SeasonReg.aspx?playerId=67609"
"67610","KIA","2018","7","","0","2026-08-03","https://www.koreabaseball.com/Record/Player/PitcherDetail/SeasonReg.aspx?playerId=67610"
"67610","KIA","2021","7","","0","2026-08-03","https://www.koreabaseball.com/Record/Player/PitcherDetail/SeasonReg.aspx?playerId=67610"
"67610","KIA","2022","129","","0","2026-08-03","https://www.koreabaseball.com/Record/Player/PitcherDetail/SeasonReg.aspx?playerId=67610"
"67610","KIA","2023","34","","0","2026-08-03","https://www.koreabaseball.com/Record/Player/PitcherDetail/SeasonReg.aspx?playerId=67610"
"67610","KIA","2024","0","","0","2026-08-03","https://www.koreabaseball.com/Record/Player/PitcherDetail/SeasonReg.aspx?playerId=67610"
"67610","KIA","2025","91","","0","2026-08-03","https://www.koreabaseball.com/Record/Player/PitcherDetail/SeasonReg.aspx?playerId=67610"
"67640","KIA","2018","160","","0","2026-08-03","https://www.koreabaseball.com/Record/Player/PitcherDetail/SeasonReg.aspx?playerId=67640"
"67640","KIA","2019","14","","0","2026-08-03","https://www.koreabaseball.com/Record/Player/PitcherDetail/SeasonReg.aspx?playerId=67640"
"67640","KIA","2021","0","","0","2026-08-03","https://www.koreabaseball.com/Record/Player/PitcherDetail/SeasonReg.aspx?playerId=67640"
"67640","KIA","2022","87","","0","2026-08-03","https://www.koreabaseball.com/Record/Player/PitcherDetail/SeasonReg.aspx?playerId=67640"
"67640","KIA","2023","8","","0","2026-08-03","https://www.koreabaseball.com/Record/Player/PitcherDetail/SeasonReg.aspx?playerId=67640"
"67640","KIA","2024","22","","0","2026-08-03","https://www.koreabaseball.com/Record/Player/PitcherDetail/SeasonReg.aspx?playerId=67640"
"67640","KIA","2025","5","","0","2026-08-03","https://www.koreabaseball.com/Record/Player/PitcherDetail/SeasonReg.aspx?playerId=67640"
"67644","KIA","2017","10","아시아 야구선수권 5(3위)","5","2026-08-03","https://www.koreabaseball.com/Record/Player/PitcherDetail/SeasonReg.aspx?playerId=67644"
"67644","KIA","2019","11","","0","2026-08-03","https://www.koreabaseball.com/Record/Player/PitcherDetail/SeasonReg.aspx?playerId=67644"
"67644","KIA","2020","4","","0","2026-08-03","https://www.koreabaseball.com/Record/Player/PitcherDetail/SeasonReg.aspx?playerId=67644"
"67644","KIA","2021","108","","0","2026-08-03","https://www.koreabaseball.com/Record/Player/PitcherDetail/SeasonReg.aspx?playerId=67644"
"67644","KIA","2022","23","","0","2026-08-03","https://www.koreabaseball.com/Record/Player/PitcherDetail/SeasonReg.aspx?playerId=67644"
"67644","롯데","2023","98","","0","2026-08-03","https://www.koreabaseball.com/Record/Player/PitcherDetail/SeasonReg.aspx?playerId=67644"
"67644","롯데","2024","105","","0","2026-08-03","https://www.koreabaseball.com/Record/Player/PitcherDetail/SeasonReg.aspx?playerId=67644"
"67644","KT","2025","102","","0","2026-08-03","https://www.koreabaseball.com/Record/Player/PitcherDetail/SeasonReg.aspx?playerId=67644"
"67703","한화","2017","61","","0","2026-08-03","https://www.koreabaseball.com/Record/Player/PitcherDetail/SeasonReg.aspx?playerId=67703"
"67703","한화","2018","186","","0","2026-08-03","https://www.koreabaseball.com/Record/Player/PitcherDetail/SeasonReg.aspx?playerId=67703"
"67703","한화","2019","182","","0","2026-08-03","https://www.koreabaseball.com/Record/Player/PitcherDetail/SeasonReg.aspx?playerId=67703"
"67703","한화","2020","158","","0","2026-08-03","https://www.koreabaseball.com/Record/Player/PitcherDetail/SeasonReg.aspx?playerId=67703"
"67703","한화","2022","60","","0","2026-08-03","https://www.koreabaseball.com/Record/Player/PitcherDetail/SeasonReg.aspx?playerId=67703"
"67703","한화","2023","182","","0","2026-08-03","https://www.koreabaseball.com/Record/Player/PitcherDetail/SeasonReg.aspx?playerId=67703"
"67703","한화","2024","165","","0","2026-08-03","https://www.koreabaseball.com/Record/Player/PitcherDetail/SeasonReg.aspx?playerId=67703"
"67703","한화","2025","186","","0","2026-08-03","https://www.koreabaseball.com/Record/Player/PitcherDetail/SeasonReg.aspx?playerId=67703"
"67807","SSG","2021","30","","0","2026-08-03","https://www.koreabaseball.com/Record/Player/PitcherDetail/SeasonReg.aspx?playerId=67807"
"67807","SSG","2022","25","","0","2026-08-03","https://www.koreabaseball.com/Record/Player/PitcherDetail/SeasonReg.aspx?playerId=67807"
"67807","SSG","2023","40","","0","2026-08-03","https://www.koreabaseball.com/Record/Player/PitcherDetail/SeasonReg.aspx?playerId=67807"
"67807","SSG","2024","0","","0","2026-08-03","https://www.koreabaseball.com/Record/Player/PitcherDetail/SeasonReg.aspx?playerId=67807"
"67807","SSG","2025","10","","0","2026-08-03","https://www.koreabaseball.com/Record/Player/PitcherDetail/SeasonReg.aspx?playerId=67807"
"67828","넥센","2017","150","","0","2026-08-03","https://www.koreabaseball.com/Record/Player/PitcherDetail/SeasonReg.aspx?playerId=67828"
"67828","넥센","2018","175","","0","2026-08-03","https://www.koreabaseball.com/Record/Player/PitcherDetail/SeasonReg.aspx?playerId=67828"
"67828","키움","2019","193","","0","2026-08-03","https://www.koreabaseball.com/Record/Player/PitcherDetail/SeasonReg.aspx?playerId=67828"
"67828","키움","2020","82","","0","2026-08-03","https://www.koreabaseball.com/Record/Player/PitcherDetail/SeasonReg.aspx?playerId=67828"
"67828","키움","2021","145","","0","2026-08-03","https://www.koreabaseball.com/Record/Player/PitcherDetail/SeasonReg.aspx?playerId=67828"
"67828","키움","2022","0","","0","2026-08-03","https://www.koreabaseball.com/Record/Player/PitcherDetail/SeasonReg.aspx?playerId=67828"
"67828","키움","2024","128","","0","2026-08-03","https://www.koreabaseball.com/Record/Player/PitcherDetail/SeasonReg.aspx?playerId=67828"
"67828","키움","2025","99","","0","2026-08-03","https://www.koreabaseball.com/Record/Player/PitcherDetail/SeasonReg.aspx?playerId=67828"
"67893","SK","2017","4","","0","2026-08-03","https://www.koreabaseball.com/Record/Player/PitcherDetail/SeasonReg.aspx?playerId=67893"
"67893","SK","2018","93","","0","2026-08-03","https://www.koreabaseball.com/Record/Player/PitcherDetail/SeasonReg.aspx?playerId=67893"
"67893","SK","2020","59","","0","2026-08-03","https://www.koreabaseball.com/Record/Player/PitcherDetail/SeasonReg.aspx?playerId=67893"
"67893","SSG","2021","183","","0","2026-08-03","https://www.koreabaseball.com/Record/Player/PitcherDetail/SeasonReg.aspx?playerId=67893"
"67893","SSG","2022","190","","0","2026-08-03","https://www.koreabaseball.com/Record/Player/PitcherDetail/SeasonReg.aspx?playerId=67893"
"67893","SSG","2023","199","아시안게임 25(금메달)","25","2026-08-03","https://www.koreabaseball.com/Record/Player/PitcherDetail/SeasonReg.aspx?playerId=67893"
"67893","SSG","2024","192","프리미어12 10(5위)","10","2026-08-03","https://www.koreabaseball.com/Record/Player/PitcherDetail/SeasonReg.aspx?playerId=67893"
"67893","SSG","2025","195","","0","2026-08-03","https://www.koreabaseball.com/Record/Player/PitcherDetail/SeasonReg.aspx?playerId=67893"
"67900","NC","2020","0","","0","2026-08-03","https://www.koreabaseball.com/Record/Player/PitcherDetail/SeasonReg.aspx?playerId=67900"
"67900","NC","2021","30","","0","2026-08-03","https://www.koreabaseball.com/Record/Player/PitcherDetail/SeasonReg.aspx?playerId=67900"
"67900","NC","2022","32","","0","2026-08-03","https://www.koreabaseball.com/Record/Player/PitcherDetail/SeasonReg.aspx?playerId=67900"
"67900","NC","2023","48","","0","2026-08-03","https://www.koreabaseball.com/Record/Player/PitcherDetail/SeasonReg.aspx?playerId=67900"
"67900","NC","2024","26","","0","2026-08-03","https://www.koreabaseball.com/Record/Player/PitcherDetail/SeasonReg.aspx?playerId=67900"
"67900","SSG","2025","15","","0","2026-08-03","https://www.koreabaseball.com/Record/Player/PitcherDetail/SeasonReg.aspx?playerId=67900"
"67905","NC","2022","57","","0","2026-08-03","https://www.koreabaseball.com/Record/Player/PitcherDetail/SeasonReg.aspx?playerId=67905"
"67905","NC","2023","128","","0","2026-08-03","https://www.koreabaseball.com/Record/Player/PitcherDetail/SeasonReg.aspx?playerId=67905"
"67905","NC","2024","143","","0","2026-08-03","https://www.koreabaseball.com/Record/Player/PitcherDetail/SeasonReg.aspx?playerId=67905"
"67905","NC","2025","183","","0","2026-08-03","https://www.koreabaseball.com/Record/Player/PitcherDetail/SeasonReg.aspx?playerId=67905"
"67954","NC","2020","9","","0","2026-08-03","https://www.koreabaseball.com/Record/Player/PitcherDetail/SeasonReg.aspx?playerId=67954"
"67954","NC","2021","1","","0","2026-08-03","https://www.koreabaseball.com/Record/Player/PitcherDetail/SeasonReg.aspx?playerId=67954"
"67954","NC","2022","154","","0","2026-08-03","https://www.koreabaseball.com/Record/Player/PitcherDetail/SeasonReg.aspx?playerId=67954"
"67954","NC","2023","81","","0","2026-08-03","https://www.koreabaseball.com/Record/Player/PitcherDetail/SeasonReg.aspx?playerId=67954"
"67954","NC","2024","7","","0","2026-08-03","https://www.koreabaseball.com/Record/Player/PitcherDetail/SeasonReg.aspx?playerId=67954"
"67954","NC","2025","193","","0","2026-08-03","https://www.koreabaseball.com/Record/Player/PitcherDetail/SeasonReg.aspx?playerId=67954"
"67956","NC","2020","4","","0","2026-08-03","https://www.koreabaseball.com/Record/Player/PitcherDetail/SeasonReg.aspx?playerId=67956"
"67956","NC","2021","39","","0","2026-08-03","https://www.koreabaseball.com/Record/Player/PitcherDetail/SeasonReg.aspx?playerId=67956"
"67956","NC","2022","0","","0","2026-08-03","https://www.koreabaseball.com/Record/Player/PitcherDetail/SeasonReg.aspx?playerId=67956"
"67956","NC","2023","116","","0","2026-08-03","https://www.koreabaseball.com/Record/Player/PitcherDetail/SeasonReg.aspx?playerId=67956"
"67956","NC","2024","36","","0","2026-08-03","https://www.koreabaseball.com/Record/Player/PitcherDetail/SeasonReg.aspx?playerId=67956"
"67956","NC","2025","16","","0","2026-08-03","https://www.koreabaseball.com/Record/Player/PitcherDetail/SeasonReg.aspx?playerId=67956"
"67962","NC","2019","11","","0","2026-08-03","https://www.koreabaseball.com/Record/Player/PitcherDetail/SeasonReg.aspx?playerId=67962"
"67962","NC","2020","39","","0","2026-08-03","https://www.koreabaseball.com/Record/Player/PitcherDetail/SeasonReg.aspx?playerId=67962"
"67962","NC","2021","38","","0","2026-08-03","https://www.koreabaseball.com/Record/Player/PitcherDetail/SeasonReg.aspx?playerId=67962"
"67962","NC","2024","24","","0","2026-08-03","https://www.koreabaseball.com/Record/Player/PitcherDetail/SeasonReg.aspx?playerId=67962"
"67962","NC","2025","30","","0","2026-08-03","https://www.koreabaseball.com/Record/Player/PitcherDetail/SeasonReg.aspx?playerId=67962"
"68043","KT","2018","57","","0","2026-08-03","https://www.koreabaseball.com/Record/Player/PitcherDetail/SeasonReg.aspx?playerId=68043"
"68043","KT","2019","175","","0","2026-08-03","https://www.koreabaseball.com/Record/Player/PitcherDetail/SeasonReg.aspx?playerId=68043"
"68043","KT","2020","126","","0","2026-08-03","https://www.koreabaseball.com/Record/Player/PitcherDetail/SeasonReg.aspx?playerId=68043"
"68043","KT","2022","19","","0","2026-08-03","https://www.koreabaseball.com/Record/Player/PitcherDetail/SeasonReg.aspx?playerId=68043"
"68043","KT","2023","105","","0","2026-08-03","https://www.koreabaseball.com/Record/Player/PitcherDetail/SeasonReg.aspx?playerId=68043"
"68043","KT","2024","163","","0","2026-08-03","https://www.koreabaseball.com/Record/Player/PitcherDetail/SeasonReg.aspx?playerId=68043"
"68043","SSG","2025","197","","0","2026-08-03","https://www.koreabaseball.com/Record/Player/PitcherDetail/SeasonReg.aspx?playerId=68043"
"68050","KT","2018","186","","0","2026-08-03","https://www.koreabaseball.com/Record/Player/PitcherDetail/SeasonReg.aspx?playerId=68050"
"68050","KT","2019","148","프리미어12 60(준우승)","60","2026-08-03","https://www.koreabaseball.com/Record/Player/PitcherDetail/SeasonReg.aspx?playerId=68050"
"68050","KT","2020","179","","0","2026-08-03","https://www.koreabaseball.com/Record/Player/PitcherDetail/SeasonReg.aspx?playerId=68050"
"68050","KT","2021","183","올림픽 10(4위)","10","2026-08-03","https://www.koreabaseball.com/Record/Player/PitcherDetail/SeasonReg.aspx?playerId=68050"
"68050","KT","2022","114","","0","2026-08-03","https://www.koreabaseball.com/Record/Player/PitcherDetail/SeasonReg.aspx?playerId=68050"
"68050","KT","2023","149","WBC 10(1라운드), 아시안게임 병역(금메달)","10","2026-08-03","https://www.koreabaseball.com/Record/Player/PitcherDetail/SeasonReg.aspx?playerId=68050"
"68050","KT","2024","190","","0","2026-08-03","https://www.koreabaseball.com/Record/Player/PitcherDetail/SeasonReg.aspx?playerId=68050"
"68050","KT","2025","161","","0","2026-08-03","https://www.koreabaseball.com/Record/Player/PitcherDetail/SeasonReg.aspx?playerId=68050"
"68067","KT","2018","80","세계야구선수권 5(4위)","5","2026-08-03","https://www.koreabaseball.com/Record/Player/PitcherDetail/SeasonReg.aspx?playerId=68067"
"68067","KT","2021","0","","0","2026-08-03","https://www.koreabaseball.com/Record/Player/PitcherDetail/SeasonReg.aspx?playerId=68067"
"68067","KT","2022","0","","0","2026-08-03","https://www.koreabaseball.com/Record/Player/PitcherDetail/SeasonReg.aspx?playerId=68067"
"68067","KT","2023","0","","0","2026-08-03","https://www.koreabaseball.com/Record/Player/PitcherDetail/SeasonReg.aspx?playerId=68067"
"68067","롯데","2024","0","","0","2026-08-03","https://www.koreabaseball.com/Record/Player/PitcherDetail/SeasonReg.aspx?playerId=68067"
"68067","롯데","2025","0","","0","2026-08-03","https://www.koreabaseball.com/Record/Player/PitcherDetail/SeasonReg.aspx?playerId=68067"
"68089","KT","2021","14","","0","2026-08-03","https://www.koreabaseball.com/Record/Player/PitcherDetail/SeasonReg.aspx?playerId=68089"
"68089","KT","2022","42","","0","2026-08-03","https://www.koreabaseball.com/Record/Player/PitcherDetail/SeasonReg.aspx?playerId=68089"
"68089","KT","2023","0","","0","2026-08-03","https://www.koreabaseball.com/Record/Player/PitcherDetail/SeasonReg.aspx?playerId=68089"
"68089","KT","2024","90","","0","2026-08-03","https://www.koreabaseball.com/Record/Player/PitcherDetail/SeasonReg.aspx?playerId=68089"
"68089","KT","2025","156","","0","2026-08-03","https://www.koreabaseball.com/Record/Player/PitcherDetail/SeasonReg.aspx?playerId=68089"
"68092","SSG","2022","38","","0","2026-08-03","https://www.koreabaseball.com/Record/Player/PitcherDetail/SeasonReg.aspx?playerId=68092"
"68092","SSG","2023","5","","0","2026-08-03","https://www.koreabaseball.com/Record/Player/PitcherDetail/SeasonReg.aspx?playerId=68092"
"68092","SSG","2024","181","","0","2026-08-03","https://www.koreabaseball.com/Record/Player/PitcherDetail/SeasonReg.aspx?playerId=68092"
"68092","SSG","2025","149","","0","2026-08-03","https://www.koreabaseball.com/Record/Player/PitcherDetail/SeasonReg.aspx?playerId=68092"
"68097","NC","2024","24","","0","2026-08-03","https://www.koreabaseball.com/Record/Player/PitcherDetail/SeasonReg.aspx?playerId=68097"
"68097","NC","2025","0","","0","2026-08-03","https://www.koreabaseball.com/Record/Player/PitcherDetail/SeasonReg.aspx?playerId=68097"
"68110","LG","2022","54","","0","2026-08-03","https://www.koreabaseball.com/Record/Player/PitcherDetail/SeasonReg.aspx?playerId=68110"
"68110","LG","2023","56","","0","2026-08-03","https://www.koreabaseball.com/Record/Player/PitcherDetail/SeasonReg.aspx?playerId=68110"
"68110","LG","2024","26","","0","2026-08-03","https://www.koreabaseball.com/Record/Player/PitcherDetail/SeasonReg.aspx?playerId=68110"
"68110","LG","2025","105","","0","2026-08-03","https://www.koreabaseball.com/Record/Player/PitcherDetail/SeasonReg.aspx?playerId=68110"
"68119","LG","2018","11","세계야구선수권 5(4위)","5","2026-08-03","https://www.koreabaseball.com/Record/Player/PitcherDetail/SeasonReg.aspx?playerId=68119"
"68119","LG","2021","43","","0","2026-08-03","https://www.koreabaseball.com/Record/Player/PitcherDetail/SeasonReg.aspx?playerId=68119"
"68119","LG","2022","173","","0","2026-08-03","https://www.koreabaseball.com/Record/Player/PitcherDetail/SeasonReg.aspx?playerId=68119"
"68119","LG","2023","198","","0","2026-08-03","https://www.koreabaseball.com/Record/Player/PitcherDetail/SeasonReg.aspx?playerId=68119"
"68119","LG","2024","156","","0","2026-08-03","https://www.koreabaseball.com/Record/Player/PitcherDetail/SeasonReg.aspx?playerId=68119"
"68119","LG","2025","192","","0","2026-08-03","https://www.koreabaseball.com/Record/Player/PitcherDetail/SeasonReg.aspx?playerId=68119"
"68130","LG","2018","62","","0","2026-08-03","https://www.koreabaseball.com/Record/Player/PitcherDetail/SeasonReg.aspx?playerId=68130"
"68130","LG","2022","10","","0","2026-08-03","https://www.koreabaseball.com/Record/Player/PitcherDetail/SeasonReg.aspx?playerId=68130"
"68130","LG","2023","2","","0","2026-08-03","https://www.koreabaseball.com/Record/Player/PitcherDetail/SeasonReg.aspx?playerId=68130"
"68130","LG","2024","69","","0","2026-08-03","https://www.koreabaseball.com/Record/Player/PitcherDetail/SeasonReg.aspx?playerId=68130"
"68130","LG","2025","3","","0","2026-08-03","https://www.koreabaseball.com/Record/Player/PitcherDetail/SeasonReg.aspx?playerId=68130"
"68159","LG","2018","2","","0","2026-08-03","https://www.koreabaseball.com/Record/Player/PitcherDetail/SeasonReg.aspx?playerId=68159"
"68159","LG","2023","14","","0","2026-08-03","https://www.koreabaseball.com/Record/Player/PitcherDetail/SeasonReg.aspx?playerId=68159"
"68159","LG","2024","17","","0","2026-08-03","https://www.koreabaseball.com/Record/Player/PitcherDetail/SeasonReg.aspx?playerId=68159"
"68159","LG","2025","52","","0","2026-08-03","https://www.koreabaseball.com/Record/Player/PitcherDetail/SeasonReg.aspx?playerId=68159"
"68200","두산","2018","4","","0","2026-08-03","https://www.koreabaseball.com/Record/Player/PitcherDetail/SeasonReg.aspx?playerId=68200"
"68200","두산","2019","17","","0","2026-08-03","https://www.koreabaseball.com/Record/Player/PitcherDetail/SeasonReg.aspx?playerId=68200"
"68200","두산","2020","126","","0","2026-08-03","https://www.koreabaseball.com/Record/Player/PitcherDetail/SeasonReg.aspx?playerId=68200"
"68200","두산","2021","128","","0","2026-08-03","https://www.koreabaseball.com/Record/Player/PitcherDetail/SeasonReg.aspx?playerId=68200"
"68200","두산","2023","23","","0","2026-08-03","https://www.koreabaseball.com/Record/Player/PitcherDetail/SeasonReg.aspx?playerId=68200"
"68200","두산","2024","42","","0","2026-08-03","https://www.koreabaseball.com/Record/Player/PitcherDetail/SeasonReg.aspx?playerId=68200"
"68200","두산","2025","31","","0","2026-08-03","https://www.koreabaseball.com/Record/Player/PitcherDetail/SeasonReg.aspx?playerId=68200"
"68205","두산","2018","17","","0","2026-08-03","https://www.koreabaseball.com/Record/Player/PitcherDetail/SeasonReg.aspx?playerId=68205"
"68205","두산","2019","20","","0","2026-08-03","https://www.koreabaseball.com/Record/Player/PitcherDetail/SeasonReg.aspx?playerId=68205"
"68205","두산","2021","28","","0","2026-08-03","https://www.koreabaseball.com/Record/Player/PitcherDetail/SeasonReg.aspx?playerId=68205"
"68205","두산","2022","69","","0","2026-08-03","https://www.koreabaseball.com/Record/Player/PitcherDetail/SeasonReg.aspx?playerId=68205"
"68205","두산","2023","51","","0","2026-08-03","https://www.koreabaseball.com/Record/Player/PitcherDetail/SeasonReg.aspx?playerId=68205"
"68205","두산","2024","179","","0","2026-08-03","https://www.koreabaseball.com/Record/Player/PitcherDetail/SeasonReg.aspx?playerId=68205"
"68205","롯데","2025","172","","0","2026-08-03","https://www.koreabaseball.com/Record/Player/PitcherDetail/SeasonReg.aspx?playerId=68205"
"68220","두산","2018","81","","0","2026-08-03","https://www.koreabaseball.com/Record/Player/PitcherDetail/SeasonReg.aspx?playerId=68220"
"68220","두산","2021","135","","0","2026-08-03","https://www.koreabaseball.com/Record/Player/PitcherDetail/SeasonReg.aspx?playerId=68220"
"68220","두산","2022","184","","0","2026-08-03","https://www.koreabaseball.com/Record/Player/PitcherDetail/SeasonReg.aspx?playerId=68220"
"68220","두산","2023","172","WBC 10(1라운드), 아시안게임 병역(금메달), APBC 10(준우승)","20","2026-08-03","https://www.koreabaseball.com/Record/Player/PitcherDetail/SeasonReg.aspx?playerId=68220"
"68220","두산","2024","179","프리미어12 10(5위)","10","2026-08-03","https://www.koreabaseball.com/Record/Player/PitcherDetail/SeasonReg.aspx?playerId=68220"
"68220","두산","2025","120","","0","2026-08-03","https://www.koreabaseball.com/Record/Player/PitcherDetail/SeasonReg.aspx?playerId=68220"
"68242","두산","2018","3","","0","2026-08-03","https://www.koreabaseball.com/Record/Player/PitcherDetail/SeasonReg.aspx?playerId=68242"
"68242","두산","2022","161","","0","2026-08-03","https://www.koreabaseball.com/Record/Player/PitcherDetail/SeasonReg.aspx?playerId=68242"
"68242","두산","2023","189","WBC 10(1라운드)","10","2026-08-03","https://www.koreabaseball.com/Record/Player/PitcherDetail/SeasonReg.aspx?playerId=68242"
"68242","두산","2024","92","","0","2026-08-03","https://www.koreabaseball.com/Record/Player/PitcherDetail/SeasonReg.aspx?playerId=68242"
"68242","롯데","2025","193","","0","2026-08-03","https://www.koreabaseball.com/Record/Player/PitcherDetail/SeasonReg.aspx?playerId=68242"
"68249","두산","2018","54","","0","2026-08-03","https://www.koreabaseball.com/Record/Player/PitcherDetail/SeasonReg.aspx?playerId=68249"
"68249","두산","2019","46","","0","2026-08-03","https://www.koreabaseball.com/Record/Player/PitcherDetail/SeasonReg.aspx?playerId=68249"
"68249","두산","2020","11","","0","2026-08-03","https://www.koreabaseball.com/Record/Player/PitcherDetail/SeasonReg.aspx?playerId=68249"
"68249","두산","2022","126","","0","2026-08-03","https://www.koreabaseball.com/Record/Player/PitcherDetail/SeasonReg.aspx?playerId=68249"
"68249","두산","2023","73","","0","2026-08-03","https://www.koreabaseball.com/Record/Player/PitcherDetail/SeasonReg.aspx?playerId=68249"
"68249","두산","2024","10","","0","2026-08-03","https://www.koreabaseball.com/Record/Player/PitcherDetail/SeasonReg.aspx?playerId=68249"
"68249","두산","2025","162","","0","2026-08-03","https://www.koreabaseball.com/Record/Player/PitcherDetail/SeasonReg.aspx?playerId=68249"
"68260","두산","2018","15","","0","2026-08-03","https://www.koreabaseball.com/Record/Player/PitcherDetail/SeasonReg.aspx?playerId=68260"
"68260","두산","2021","20","","0","2026-08-03","https://www.koreabaseball.com/Record/Player/PitcherDetail/SeasonReg.aspx?playerId=68260"
"68260","두산","2022","0","","0","2026-08-03","https://www.koreabaseball.com/Record/Player/PitcherDetail/SeasonReg.aspx?playerId=68260"
"68260","롯데","2024","27","","0","2026-08-03","https://www.koreabaseball.com/Record/Player/PitcherDetail/SeasonReg.aspx?playerId=68260"
"68260","롯데","2025","0","","0","2026-08-03","https://www.koreabaseball.com/Record/Player/PitcherDetail/SeasonReg.aspx?playerId=68260"
"68269","두산","2018","0","세계야구선수권 5(4위)","5","2026-08-03","https://www.koreabaseball.com/Record/Player/PitcherDetail/SeasonReg.aspx?playerId=68269"
"68269","두산","2020","0","","0","2026-08-03","https://www.koreabaseball.com/Record/Player/PitcherDetail/SeasonReg.aspx?playerId=68269"
"68269","두산","2023","17","","0","2026-08-03","https://www.koreabaseball.com/Record/Player/PitcherDetail/SeasonReg.aspx?playerId=68269"
"68269","두산","2024","64","","0","2026-08-03","https://www.koreabaseball.com/Record/Player/PitcherDetail/SeasonReg.aspx?playerId=68269"
"68269","두산","2025","54","","0","2026-08-03","https://www.koreabaseball.com/Record/Player/PitcherDetail/SeasonReg.aspx?playerId=68269"
"68305","키움","2020","80","","0","2026-08-03","https://www.koreabaseball.com/Record/Player/PitcherDetail/SeasonReg.aspx?playerId=68305"
"68305","키움","2021","112","","0","2026-08-03","https://www.koreabaseball.com/Record/Player/PitcherDetail/SeasonReg.aspx?playerId=68305"
"68305","키움","2022","0","","0","2026-08-03","https://www.koreabaseball.com/Record/Player/PitcherDetail/SeasonReg.aspx?playerId=68305"
"68305","키움","2024","131","","0","2026-08-03","https://www.koreabaseball.com/Record/Player/PitcherDetail/SeasonReg.aspx?playerId=68305"
"68305","키움","2025","17","","0","2026-08-03","https://www.koreabaseball.com/Record/Player/PitcherDetail/SeasonReg.aspx?playerId=68305"
"68341","넥센","2018","97","","0","2026-08-03","https://www.koreabaseball.com/Record/Player/PitcherDetail/SeasonReg.aspx?playerId=68341"
"68341","키움","2019","107","","0","2026-08-03","https://www.koreabaseball.com/Record/Player/PitcherDetail/SeasonReg.aspx?playerId=68341"
"68341","키움","2020","130","","0","2026-08-03","https://www.koreabaseball.com/Record/Player/PitcherDetail/SeasonReg.aspx?playerId=68341"
"68341","키움","2021","139","","0","2026-08-03","https://www.koreabaseball.com/Record/Player/PitcherDetail/SeasonReg.aspx?playerId=68341"
"68341","키움","2022","169","","0","2026-08-03","https://www.koreabaseball.com/Record/Player/PitcherDetail/SeasonReg.aspx?playerId=68341"
"68341","키움","2023","164","","0","2026-08-03","https://www.koreabaseball.com/Record/Player/PitcherDetail/SeasonReg.aspx?playerId=68341"
"68341","키움","2025","13","","0","2026-08-03","https://www.koreabaseball.com/Record/Player/PitcherDetail/SeasonReg.aspx?playerId=68341"
"68362","키움","2019","8","","0","2026-08-03","https://www.koreabaseball.com/Record/Player/PitcherDetail/SeasonReg.aspx?playerId=68362"
"68362","롯데","2020","30","","0","2026-08-03","https://www.koreabaseball.com/Record/Player/PitcherDetail/SeasonReg.aspx?playerId=68362"
"68362","롯데","2021","168","","0","2026-08-03","https://www.koreabaseball.com/Record/Player/PitcherDetail/SeasonReg.aspx?playerId=68362"
"68362","롯데","2022","64","","0","2026-08-03","https://www.koreabaseball.com/Record/Player/PitcherDetail/SeasonReg.aspx?playerId=68362"
"68362","롯데","2024","2","","0","2026-08-03","https://www.koreabaseball.com/Record/Player/PitcherDetail/SeasonReg.aspx?playerId=68362"
"68362","두산","2025","76","","0","2026-08-03","https://www.koreabaseball.com/Record/Player/PitcherDetail/SeasonReg.aspx?playerId=68362"
"68403","삼성","2019","34","","0","2026-08-03","https://www.koreabaseball.com/Record/Player/PitcherDetail/SeasonReg.aspx?playerId=68403"
"68403","삼성","2020","168","","0","2026-08-03","https://www.koreabaseball.com/Record/Player/PitcherDetail/SeasonReg.aspx?playerId=68403"
"68403","삼성","2021","80","","0","2026-08-03","https://www.koreabaseball.com/Record/Player/PitcherDetail/SeasonReg.aspx?playerId=68403"
"68403","삼성","2022","150","","0","2026-08-03","https://www.koreabaseball.com/Record/Player/PitcherDetail/SeasonReg.aspx?playerId=68403"
"68403","삼성","2024","7","","0","2026-08-03","https://www.koreabaseball.com/Record/Player/PitcherDetail/SeasonReg.aspx?playerId=68403"
"68403","삼성","2025","0","","0","2026-08-03","https://www.koreabaseball.com/Record/Player/PitcherDetail/SeasonReg.aspx?playerId=68403"
"68407","삼성","2019","53","","0","2026-08-03","https://www.koreabaseball.com/Record/Player/PitcherDetail/SeasonReg.aspx?playerId=68407"
"68407","삼성","2020","0","","0","2026-08-03","https://www.koreabaseball.com/Record/Player/PitcherDetail/SeasonReg.aspx?playerId=68407"
"68407","삼성","2022","44","","0","2026-08-03","https://www.koreabaseball.com/Record/Player/PitcherDetail/SeasonReg.aspx?playerId=68407"
"68407","삼성","2023","37","","0","2026-08-03","https://www.koreabaseball.com/Record/Player/PitcherDetail/SeasonReg.aspx?playerId=68407"
"68407","삼성","2024","19","","0","2026-08-03","https://www.koreabaseball.com/Record/Player/PitcherDetail/SeasonReg.aspx?playerId=68407"
"68407","삼성","2025","0","","0","2026-08-03","https://www.koreabaseball.com/Record/Player/PitcherDetail/SeasonReg.aspx?playerId=68407"
"68415","삼성","2018","107","","0","2026-08-03","https://www.koreabaseball.com/Record/Player/PitcherDetail/SeasonReg.aspx?playerId=68415"
"68415","삼성","2020","25","","0","2026-08-03","https://www.koreabaseball.com/Record/Player/PitcherDetail/SeasonReg.aspx?playerId=68415"
"68415","삼성","2021","63","","0","2026-08-03","https://www.koreabaseball.com/Record/Player/PitcherDetail/SeasonReg.aspx?playerId=68415"
"68415","삼성","2022","61","","0","2026-08-03","https://www.koreabaseball.com/Record/Player/PitcherDetail/SeasonReg.aspx?playerId=68415"
"68415","삼성","2023","58","","0","2026-08-03","https://www.koreabaseball.com/Record/Player/PitcherDetail/SeasonReg.aspx?playerId=68415"
"68415","삼성","2025","163","","0","2026-08-03","https://www.koreabaseball.com/Record/Player/PitcherDetail/SeasonReg.aspx?playerId=68415"
"68419","삼성","2018","28","","0","2026-08-03","https://www.koreabaseball.com/Record/Player/PitcherDetail/SeasonReg.aspx?playerId=68419"
"68419","삼성","2019","144","","0","2026-08-03","https://www.koreabaseball.com/Record/Player/PitcherDetail/SeasonReg.aspx?playerId=68419"
"68419","삼성","2020","175","","0","2026-08-03","https://www.koreabaseball.com/Record/Player/PitcherDetail/SeasonReg.aspx?playerId=68419"
"68419","삼성","2021","143","","0","2026-08-03","https://www.koreabaseball.com/Record/Player/PitcherDetail/SeasonReg.aspx?playerId=68419"
"68419","삼성","2023","83","","0","2026-08-03","https://www.koreabaseball.com/Record/Player/PitcherDetail/SeasonReg.aspx?playerId=68419"
"68419","삼성","2024","69","","0","2026-08-03","https://www.koreabaseball.com/Record/Player/PitcherDetail/SeasonReg.aspx?playerId=68419"
"68419","LG","2025","61","","0","2026-08-03","https://www.koreabaseball.com/Record/Player/PitcherDetail/SeasonReg.aspx?playerId=68419"
"68463","삼성","2020","0","","0","2026-08-03","https://www.koreabaseball.com/Record/Player/PitcherDetail/SeasonReg.aspx?playerId=68463"
"68463","삼성","2022","33","","0","2026-08-03","https://www.koreabaseball.com/Record/Player/PitcherDetail/SeasonReg.aspx?playerId=68463"
"68463","삼성","2023","55","","0","2026-08-03","https://www.koreabaseball.com/Record/Player/PitcherDetail/SeasonReg.aspx?playerId=68463"
"68463","삼성","2024","112","","0","2026-08-03","https://www.koreabaseball.com/Record/Player/PitcherDetail/SeasonReg.aspx?playerId=68463"
"68463","삼성","2025","45","","0","2026-08-03","https://www.koreabaseball.com/Record/Player/PitcherDetail/SeasonReg.aspx?playerId=68463"
"68501","롯데","2019","6","","0","2026-08-03","https://www.koreabaseball.com/Record/Player/PitcherDetail/SeasonReg.aspx?playerId=68501"
"68501","롯데","2020","0","","0","2026-08-03","https://www.koreabaseball.com/Record/Player/PitcherDetail/SeasonReg.aspx?playerId=68501"
"68501","삼성","2022","79","","0","2026-08-03","https://www.koreabaseball.com/Record/Player/PitcherDetail/SeasonReg.aspx?playerId=68501"
"68501","삼성","2023","8","","0","2026-08-03","https://www.koreabaseball.com/Record/Player/PitcherDetail/SeasonReg.aspx?playerId=68501"
"68501","삼성","2024","87","","0","2026-08-03","https://www.koreabaseball.com/Record/Player/PitcherDetail/SeasonReg.aspx?playerId=68501"
"68501","삼성","2025","5","","0","2026-08-03","https://www.koreabaseball.com/Record/Player/PitcherDetail/SeasonReg.aspx?playerId=68501"
"68504","롯데","2018","2","","0","2026-08-03","https://www.koreabaseball.com/Record/Player/PitcherDetail/SeasonReg.aspx?playerId=68504"
"68504","롯데","2020","2","","0","2026-08-03","https://www.koreabaseball.com/Record/Player/PitcherDetail/SeasonReg.aspx?playerId=68504"
"68504","롯데","2021","25","","0","2026-08-03","https://www.koreabaseball.com/Record/Player/PitcherDetail/SeasonReg.aspx?playerId=68504"
"68504","롯데","2022","152","","0","2026-08-03","https://www.koreabaseball.com/Record/Player/PitcherDetail/SeasonReg.aspx?playerId=68504"
"68504","KT","2023","143","","0","2026-08-03","https://www.koreabaseball.com/Record/Player/PitcherDetail/SeasonReg.aspx?playerId=68504"
"68504","KT","2024","47","","0","2026-08-03","https://www.koreabaseball.com/Record/Player/PitcherDetail/SeasonReg.aspx?playerId=68504"
"68504","KT","2025","63","","0","2026-08-03","https://www.koreabaseball.com/Record/Player/PitcherDetail/SeasonReg.aspx?playerId=68504"
"68507","롯데","2021","62","","0","2026-08-03","https://www.koreabaseball.com/Record/Player/PitcherDetail/SeasonReg.aspx?playerId=68507"
"68507","롯데","2022","111","","0","2026-08-03","https://www.koreabaseball.com/Record/Player/PitcherDetail/SeasonReg.aspx?playerId=68507"
"68507","롯데","2023","45","","0","2026-08-03","https://www.koreabaseball.com/Record/Player/PitcherDetail/SeasonReg.aspx?playerId=68507"
"68507","롯데","2024","159","","0","2026-08-03","https://www.koreabaseball.com/Record/Player/PitcherDetail/SeasonReg.aspx?playerId=68507"
"68507","롯데","2025","185","","0","2026-08-03","https://www.koreabaseball.com/Record/Player/PitcherDetail/SeasonReg.aspx?playerId=68507"
"68518","롯데","2019","31","","0","2026-08-03","https://www.koreabaseball.com/Record/Player/PitcherDetail/SeasonReg.aspx?playerId=68518"
"68518","롯데","2020","179","","0","2026-08-03","https://www.koreabaseball.com/Record/Player/PitcherDetail/SeasonReg.aspx?playerId=68518"
"68518","롯데","2021","19","세계야구선수권 5(8위)","5","2026-08-03","https://www.koreabaseball.com/Record/Player/PitcherDetail/SeasonReg.aspx?playerId=68518"
"68518","롯데","2022","180","","0","2026-08-03","https://www.koreabaseball.com/Record/Player/PitcherDetail/SeasonReg.aspx?playerId=68518"
"68518","롯데","2023","155","","0","2026-08-03","https://www.koreabaseball.com/Record/Player/PitcherDetail/SeasonReg.aspx?playerId=68518"
"68518","롯데","2024","140","","0","2026-08-03","https://www.koreabaseball.com/Record/Player/PitcherDetail/SeasonReg.aspx?playerId=68518"
"68518","롯데","2025","154","","0","2026-08-03","https://www.koreabaseball.com/Record/Player/PitcherDetail/SeasonReg.aspx?playerId=68518"
"68556","롯데","2018","53","","0","2026-08-03","https://www.koreabaseball.com/Record/Player/PitcherDetail/SeasonReg.aspx?playerId=68556"
"68556","롯데","2019","121","","0","2026-08-03","https://www.koreabaseball.com/Record/Player/PitcherDetail/SeasonReg.aspx?playerId=68556"
"68556","롯데","2021","46","","0","2026-08-03","https://www.koreabaseball.com/Record/Player/PitcherDetail/SeasonReg.aspx?playerId=68556"
"68556","롯데","2022","26","","0","2026-08-03","https://www.koreabaseball.com/Record/Player/PitcherDetail/SeasonReg.aspx?playerId=68556"
"68556","롯데","2023","48","","0","2026-08-03","https://www.koreabaseball.com/Record/Player/PitcherDetail/SeasonReg.aspx?playerId=68556"
"68556","롯데","2024","0","","0","2026-08-03","https://www.koreabaseball.com/Record/Player/PitcherDetail/SeasonReg.aspx?playerId=68556"
"68556","롯데","2025","10","","0","2026-08-03","https://www.koreabaseball.com/Record/Player/PitcherDetail/SeasonReg.aspx?playerId=68556"
"68585","롯데","2021","123","","0","2026-08-03","https://www.koreabaseball.com/Record/Player/PitcherDetail/SeasonReg.aspx?playerId=68585"
"68585","롯데","2022","165","","0","2026-08-03","https://www.koreabaseball.com/Record/Player/PitcherDetail/SeasonReg.aspx?playerId=68585"
"68585","롯데","2023","87","","0","2026-08-03","https://www.koreabaseball.com/Record/Player/PitcherDetail/SeasonReg.aspx?playerId=68585"
"68585","롯데","2024","19","","0","2026-08-03","https://www.koreabaseball.com/Record/Player/PitcherDetail/SeasonReg.aspx?playerId=68585"
"68585","롯데","2025","0","","0","2026-08-03","https://www.koreabaseball.com/Record/Player/PitcherDetail/SeasonReg.aspx?playerId=68585"
"68619","KIA","2021","148","","0","2026-08-03","https://www.koreabaseball.com/Record/Player/PitcherDetail/SeasonReg.aspx?playerId=68619"
"68619","KIA","2022","145","","0","2026-08-03","https://www.koreabaseball.com/Record/Player/PitcherDetail/SeasonReg.aspx?playerId=68619"
"68619","KIA","2023","110","","0","2026-08-03","https://www.koreabaseball.com/Record/Player/PitcherDetail/SeasonReg.aspx?playerId=68619"
"68619","KIA","2024","40","","0","2026-08-03","https://www.koreabaseball.com/Record/Player/PitcherDetail/SeasonReg.aspx?playerId=68619"
"68619","KIA","2025","54","","0","2026-08-03","https://www.koreabaseball.com/Record/Player/PitcherDetail/SeasonReg.aspx?playerId=68619"
"68639","KIA","2018","53","","0","2026-08-03","https://www.koreabaseball.com/Record/Player/PitcherDetail/SeasonReg.aspx?playerId=68639"
"68639","KIA","2019","190","","0","2026-08-03","https://www.koreabaseball.com/Record/Player/PitcherDetail/SeasonReg.aspx?playerId=68639"
"68639","KIA","2020","0","","0","2026-08-03","https://www.koreabaseball.com/Record/Player/PitcherDetail/SeasonReg.aspx?playerId=68639"
"68639","KIA","2021","0","","0","2026-08-03","https://www.koreabaseball.com/Record/Player/PitcherDetail/SeasonReg.aspx?playerId=68639"
"68639","NC","2022","158","","0","2026-08-03","https://www.koreabaseball.com/Record/Player/PitcherDetail/SeasonReg.aspx?playerId=68639"
"68639","NC","2023","200","","0","2026-08-03","https://www.koreabaseball.com/Record/Player/PitcherDetail/SeasonReg.aspx?playerId=68639"
"68639","NC","2025","31","","0","2026-08-03","https://www.koreabaseball.com/Record/Player/PitcherDetail/SeasonReg.aspx?playerId=68639"
"68646","KIA","2018","3","","0","2026-08-03","https://www.koreabaseball.com/Record/Player/PitcherDetail/SeasonReg.aspx?playerId=68646"
"68646","KIA","2019","15","","0","2026-08-03","https://www.koreabaseball.com/Record/Player/PitcherDetail/SeasonReg.aspx?playerId=68646"
"68646","KIA","2020","0","","0","2026-08-03","https://www.koreabaseball.com/Record/Player/PitcherDetail/SeasonReg.aspx?playerId=68646"
"68646","KIA","2023","115","","0","2026-08-03","https://www.koreabaseball.com/Record/Player/PitcherDetail/SeasonReg.aspx?playerId=68646"
"68646","KIA","2024","192","","0","2026-08-03","https://www.koreabaseball.com/Record/Player/PitcherDetail/SeasonReg.aspx?playerId=68646"
"68646","KIA","2025","184","","0","2026-08-03","https://www.koreabaseball.com/Record/Player/PitcherDetail/SeasonReg.aspx?playerId=68646"
"68700","한화","2019","32","","0","2026-08-03","https://www.koreabaseball.com/Record/Player/PitcherDetail/SeasonReg.aspx?playerId=68700"
"68700","한화","2021","60","","0","2026-08-03","https://www.koreabaseball.com/Record/Player/PitcherDetail/SeasonReg.aspx?playerId=68700"
"68700","한화","2022","41","","0","2026-08-03","https://www.koreabaseball.com/Record/Player/PitcherDetail/SeasonReg.aspx?playerId=68700"
"68700","한화","2023","129","","0","2026-08-03","https://www.koreabaseball.com/Record/Player/PitcherDetail/SeasonReg.aspx?playerId=68700"
"68700","한화","2024","147","","0","2026-08-03","https://www.koreabaseball.com/Record/Player/PitcherDetail/SeasonReg.aspx?playerId=68700"
"68700","한화","2025","185","","0","2026-08-03","https://www.koreabaseball.com/Record/Player/PitcherDetail/SeasonReg.aspx?playerId=68700"
"68830","SK","2019","10","","0","2026-08-03","https://www.koreabaseball.com/Record/Player/PitcherDetail/SeasonReg.aspx?playerId=68830"
"68830","SK","2020","0","","0","2026-08-03","https://www.koreabaseball.com/Record/Player/PitcherDetail/SeasonReg.aspx?playerId=68830"
"68830","SSG","2022","3","","0","2026-08-03","https://www.koreabaseball.com/Record/Player/PitcherDetail/SeasonReg.aspx?playerId=68830"
"68830","두산","2023","23","","0","2026-08-03","https://www.koreabaseball.com/Record/Player/PitcherDetail/SeasonReg.aspx?playerId=68830"
"68830","두산","2024","6","","0","2026-08-03","https://www.koreabaseball.com/Record/Player/PitcherDetail/SeasonReg.aspx?playerId=68830"
"68830","두산","2025","58","","0","2026-08-03","https://www.koreabaseball.com/Record/Player/PitcherDetail/SeasonReg.aspx?playerId=68830"
"68856","SK","2018","4","","0","2026-08-03","https://www.koreabaseball.com/Record/Player/PitcherDetail/SeasonReg.aspx?playerId=68856"
"68856","SSG","2021","147","","0","2026-08-03","https://www.koreabaseball.com/Record/Player/PitcherDetail/SeasonReg.aspx?playerId=68856"
"68856","SSG","2022","177","","0","2026-08-03","https://www.koreabaseball.com/Record/Player/PitcherDetail/SeasonReg.aspx?playerId=68856"
"68856","SSG","2023","176","","0","2026-08-03","https://www.koreabaseball.com/Record/Player/PitcherDetail/SeasonReg.aspx?playerId=68856"
"68856","SSG","2024","91","","0","2026-08-03","https://www.koreabaseball.com/Record/Player/PitcherDetail/SeasonReg.aspx?playerId=68856"
"68856","SSG","2025","183","","0","2026-08-03","https://www.koreabaseball.com/Record/Player/PitcherDetail/SeasonReg.aspx?playerId=68856"
"68868","SK","2019","40","","0","2026-08-03","https://www.koreabaseball.com/Record/Player/PitcherDetail/SeasonReg.aspx?playerId=68868"
"68868","SK","2020","98","","0","2026-08-03","https://www.koreabaseball.com/Record/Player/PitcherDetail/SeasonReg.aspx?playerId=68868"
"68868","SSG","2022","17","","0","2026-08-03","https://www.koreabaseball.com/Record/Player/PitcherDetail/SeasonReg.aspx?playerId=68868"
"68868","SSG","2023","99","","0","2026-08-03","https://www.koreabaseball.com/Record/Player/PitcherDetail/SeasonReg.aspx?playerId=68868"
"68868","SSG","2024","55","","0","2026-08-03","https://www.koreabaseball.com/Record/Player/PitcherDetail/SeasonReg.aspx?playerId=68868"
"68868","SSG","2025","137","","0","2026-08-03","https://www.koreabaseball.com/Record/Player/PitcherDetail/SeasonReg.aspx?playerId=68868"
"68896","SSG","2021","12","","0","2026-08-03","https://www.koreabaseball.com/Record/Player/PitcherDetail/SeasonReg.aspx?playerId=68896"
"68896","KT","2022","134","","0","2026-08-03","https://www.koreabaseball.com/Record/Player/PitcherDetail/SeasonReg.aspx?playerId=68896"
"68896","KT","2023","82","","0","2026-08-03","https://www.koreabaseball.com/Record/Player/PitcherDetail/SeasonReg.aspx?playerId=68896"
"68896","KT","2024","25","","0","2026-08-03","https://www.koreabaseball.com/Record/Player/PitcherDetail/SeasonReg.aspx?playerId=68896"
"68896","KT","2025","27","","0","2026-08-03","https://www.koreabaseball.com/Record/Player/PitcherDetail/SeasonReg.aspx?playerId=68896"
"68900","NC","2019","118","","0","2026-08-03","https://www.koreabaseball.com/Record/Player/PitcherDetail/SeasonReg.aspx?playerId=68900"
"68900","NC","2020","102","","0","2026-08-03","https://www.koreabaseball.com/Record/Player/PitcherDetail/SeasonReg.aspx?playerId=68900"
"68900","NC","2021","165","","0","2026-08-03","https://www.koreabaseball.com/Record/Player/PitcherDetail/SeasonReg.aspx?playerId=68900"
"68900","NC","2022","192","","0","2026-08-03","https://www.koreabaseball.com/Record/Player/PitcherDetail/SeasonReg.aspx?playerId=68900"
"68900","NC","2023","200","아시안게임 병역(금메달), APBC 10(준우승)","10","2026-08-03","https://www.koreabaseball.com/Record/Player/PitcherDetail/SeasonReg.aspx?playerId=68900"
"68900","NC","2024","142","","0","2026-08-03","https://www.koreabaseball.com/Record/Player/PitcherDetail/SeasonReg.aspx?playerId=68900"
"68900","NC","2025","114","","0","2026-08-03","https://www.koreabaseball.com/Record/Player/PitcherDetail/SeasonReg.aspx?playerId=68900"
"68902","NC","2020","85","","0","2026-08-03","https://www.koreabaseball.com/Record/Player/PitcherDetail/SeasonReg.aspx?playerId=68902"
"68902","NC","2021","177","","0","2026-08-03","https://www.koreabaseball.com/Record/Player/PitcherDetail/SeasonReg.aspx?playerId=68902"
"68902","NC","2022","163","","0","2026-08-03","https://www.koreabaseball.com/Record/Player/PitcherDetail/SeasonReg.aspx?playerId=68902"
"68902","NC","2023","174","APBC 10(준우승)","10","2026-08-03","https://www.koreabaseball.com/Record/Player/PitcherDetail/SeasonReg.aspx?playerId=68902"
"68902","NC","2024","160","","0","2026-08-03","https://www.koreabaseball.com/Record/Player/PitcherDetail/SeasonReg.aspx?playerId=68902"
"68902","NC","2025","193","","0","2026-08-03","https://www.koreabaseball.com/Record/Player/PitcherDetail/SeasonReg.aspx?playerId=68902"
"68904","NC","2018","15","","0","2026-08-03","https://www.koreabaseball.com/Record/Player/PitcherDetail/SeasonReg.aspx?playerId=68904"
"68904","NC","2019","6","","0","2026-08-03","https://www.koreabaseball.com/Record/Player/PitcherDetail/SeasonReg.aspx?playerId=68904"
"68904","NC","2020","0","","0","2026-08-03","https://www.koreabaseball.com/Record/Player/PitcherDetail/SeasonReg.aspx?playerId=68904"
"68904","NC","2022","140","","0","2026-08-03","https://www.koreabaseball.com/Record/Player/PitcherDetail/SeasonReg.aspx?playerId=68904"
"68904","NC","2023","112","","0","2026-08-03","https://www.koreabaseball.com/Record/Player/PitcherDetail/SeasonReg.aspx?playerId=68904"
"68904","NC","2024","48","","0","2026-08-03","https://www.koreabaseball.com/Record/Player/PitcherDetail/SeasonReg.aspx?playerId=68904"
"68904","NC","2025","112","","0","2026-08-03","https://www.koreabaseball.com/Record/Player/PitcherDetail/SeasonReg.aspx?playerId=68904"
"68912","NC","2018","90","","0","2026-08-03","https://www.koreabaseball.com/Record/Player/PitcherDetail/SeasonReg.aspx?playerId=68912"
"68912","NC","2019","135","","0","2026-08-03","https://www.koreabaseball.com/Record/Player/PitcherDetail/SeasonReg.aspx?playerId=68912"
"68912","NC","2020","113","","0","2026-08-03","https://www.koreabaseball.com/Record/Player/PitcherDetail/SeasonReg.aspx?playerId=68912"
"68912","NC","2023","56","아시안게임 25(금메달), APBC 10(준우승)","35","2026-08-03","https://www.koreabaseball.com/Record/Player/PitcherDetail/SeasonReg.aspx?playerId=68912"
"68912","NC","2024","193","프리미어12 10(5위)","10","2026-08-03","https://www.koreabaseball.com/Record/Player/PitcherDetail/SeasonReg.aspx?playerId=68912"
"68912","NC","2025","197","","0","2026-08-03","https://www.koreabaseball.com/Record/Player/PitcherDetail/SeasonReg.aspx?playerId=68912"
"68928","","2021","0","","0","2026-08-03","https://www.koreabaseball.com/Record/Player/PitcherDetail/SeasonReg.aspx?playerId=68928"
"68928","NC","2022","192","","0","2026-08-03","https://www.koreabaseball.com/Record/Player/PitcherDetail/SeasonReg.aspx?playerId=68928"
"68928","NC","2023","180","","0","2026-08-03","https://www.koreabaseball.com/Record/Player/PitcherDetail/SeasonReg.aspx?playerId=68928"
"68928","NC","2024","177","","0","2026-08-03","https://www.koreabaseball.com/Record/Player/PitcherDetail/SeasonReg.aspx?playerId=68928"
"68928","KIA","2025","102","","0","2026-08-03","https://www.koreabaseball.com/Record/Player/PitcherDetail/SeasonReg.aspx?playerId=68928"
"69041","KT","2019","117","","0","2026-08-03","https://www.koreabaseball.com/Record/Player/PitcherDetail/SeasonReg.aspx?playerId=69041"
"69041","KT","2020","69","","0","2026-08-03","https://www.koreabaseball.com/Record/Player/PitcherDetail/SeasonReg.aspx?playerId=69041"
"69041","KT","2023","190","","0","2026-08-03","https://www.koreabaseball.com/Record/Player/PitcherDetail/SeasonReg.aspx?playerId=69041"
"69041","KT","2024","147","","0","2026-08-03","https://www.koreabaseball.com/Record/Player/PitcherDetail/SeasonReg.aspx?playerId=69041"
"69041","KT","2025","174","","0","2026-08-03","https://www.koreabaseball.com/Record/Player/PitcherDetail/SeasonReg.aspx?playerId=69041"
"69045","KT","2019","184","","0","2026-08-03","https://www.koreabaseball.com/Record/Player/PitcherDetail/SeasonReg.aspx?playerId=69045"
"69045","두산","2020","179","","0","2026-08-03","https://www.koreabaseball.com/Record/Player/PitcherDetail/SeasonReg.aspx?playerId=69045"
"69045","두산","2023","189","","0","2026-08-03","https://www.koreabaseball.com/Record/Player/PitcherDetail/SeasonReg.aspx?playerId=69045"
"69045","두산","2024","79","","0","2026-08-03","https://www.koreabaseball.com/Record/Player/PitcherDetail/SeasonReg.aspx?playerId=69045"
"69045","키움","2025","122","","0","2026-08-03","https://www.koreabaseball.com/Record/Player/PitcherDetail/SeasonReg.aspx?playerId=69045"
"69047","KT","2019","16","","0","2026-08-03","https://www.koreabaseball.com/Record/Player/PitcherDetail/SeasonReg.aspx?playerId=69047"
"69047","KT","2023","51","","0","2026-08-03","https://www.koreabaseball.com/Record/Player/PitcherDetail/SeasonReg.aspx?playerId=69047"
"69047","KT","2024","15","","0","2026-08-03","https://www.koreabaseball.com/Record/Player/PitcherDetail/SeasonReg.aspx?playerId=69047"
"69047","KT","2025","43","","0","2026-08-03","https://www.koreabaseball.com/Record/Player/PitcherDetail/SeasonReg.aspx?playerId=69047"
"69054","KT","2019","35","","0","2026-08-03","https://www.koreabaseball.com/Record/Player/PitcherDetail/SeasonReg.aspx?playerId=69054"
"69054","KT","2020","33","","0","2026-08-03","https://www.koreabaseball.com/Record/Player/PitcherDetail/SeasonReg.aspx?playerId=69054"
"69054","KT","2021","22","","0","2026-08-03","https://www.koreabaseball.com/Record/Player/PitcherDetail/SeasonReg.aspx?playerId=69054"
"69054","KT","2023","117","","0","2026-08-03","https://www.koreabaseball.com/Record/Player/PitcherDetail/SeasonReg.aspx?playerId=69054"
"69054","KT","2024","112","","0","2026-08-03","https://www.koreabaseball.com/Record/Player/PitcherDetail/SeasonReg.aspx?playerId=69054"
"69054","KT","2025","118","","0","2026-08-03","https://www.koreabaseball.com/Record/Player/PitcherDetail/SeasonReg.aspx?playerId=69054"
"69056","KT","2019","13","","0","2026-08-03","https://www.koreabaseball.com/Record/Player/PitcherDetail/SeasonReg.aspx?playerId=69056"
"69056","KT","2020","0","","0","2026-08-03","https://www.koreabaseball.com/Record/Player/PitcherDetail/SeasonReg.aspx?playerId=69056"
"69056","KT","2023","8","","0","2026-08-03","https://www.koreabaseball.com/Record/Player/PitcherDetail/SeasonReg.aspx?playerId=69056"
"69056","KT","2024","37","","0","2026-08-03","https://www.koreabaseball.com/Record/Player/PitcherDetail/SeasonReg.aspx?playerId=69056"
"69056","KT","2025","56","","0","2026-08-03","https://www.koreabaseball.com/Record/Player/PitcherDetail/SeasonReg.aspx?playerId=69056"
"69064","KT","2023","17","","0","2026-08-03","https://www.koreabaseball.com/Record/Player/PitcherDetail/SeasonReg.aspx?playerId=69064"
"69064","KT","2024","7","","0","2026-08-03","https://www.koreabaseball.com/Record/Player/PitcherDetail/SeasonReg.aspx?playerId=69064"
"69064","KT","2025","51","","0","2026-08-03","https://www.koreabaseball.com/Record/Player/PitcherDetail/SeasonReg.aspx?playerId=69064"
"69068","KT","2019","29","","0","2026-08-03","https://www.koreabaseball.com/Record/Player/PitcherDetail/SeasonReg.aspx?playerId=69068"
"69068","KT","2020","9","","0","2026-08-03","https://www.koreabaseball.com/Record/Player/PitcherDetail/SeasonReg.aspx?playerId=69068"
"69068","KT","2023","97","","0","2026-08-03","https://www.koreabaseball.com/Record/Player/PitcherDetail/SeasonReg.aspx?playerId=69068"
"69068","KT","2024","16","","0","2026-08-03","https://www.koreabaseball.com/Record/Player/PitcherDetail/SeasonReg.aspx?playerId=69068"
"69068","KT","2025","0","","0","2026-08-03","https://www.koreabaseball.com/Record/Player/PitcherDetail/SeasonReg.aspx?playerId=69068"
"69100","LG","2019","102","","0","2026-08-03","https://www.koreabaseball.com/Record/Player/PitcherDetail/SeasonReg.aspx?playerId=69100"
"69100","LG","2020","179","","0","2026-08-03","https://www.koreabaseball.com/Record/Player/PitcherDetail/SeasonReg.aspx?playerId=69100"
"69100","LG","2021","173","","0","2026-08-03","https://www.koreabaseball.com/Record/Player/PitcherDetail/SeasonReg.aspx?playerId=69100"
"69100","LG","2022","0","","0","2026-08-03","https://www.koreabaseball.com/Record/Player/PitcherDetail/SeasonReg.aspx?playerId=69100"
"69100","LG","2024","190","","0","2026-08-03","https://www.koreabaseball.com/Record/Player/PitcherDetail/SeasonReg.aspx?playerId=69100"
"69100","LG","2025","194","","0","2026-08-03","https://www.koreabaseball.com/Record/Player/PitcherDetail/SeasonReg.aspx?playerId=69100"
"69102","LG","2021","155","","0","2026-08-03","https://www.koreabaseball.com/Record/Player/PitcherDetail/SeasonReg.aspx?playerId=69102"
"69102","LG","2022","183","","0","2026-08-03","https://www.koreabaseball.com/Record/Player/PitcherDetail/SeasonReg.aspx?playerId=69102"
"69102","LG","2023","198","아시안게임 병역(금메달)","0","2026-08-03","https://www.koreabaseball.com/Record/Player/PitcherDetail/SeasonReg.aspx?playerId=69102"
"69102","LG","2024","190","프리미어12 10(5위)","10","2026-08-03","https://www.koreabaseball.com/Record/Player/PitcherDetail/SeasonReg.aspx?playerId=69102"
"69102","LG","2025","194","","0","2026-08-03","https://www.koreabaseball.com/Record/Player/PitcherDetail/SeasonReg.aspx?playerId=69102"
"69105","LG","2020","1","","0","2026-08-03","https://www.koreabaseball.com/Record/Player/PitcherDetail/SeasonReg.aspx?playerId=69105"
"69105","LG","2024","33","","0","2026-08-03","https://www.koreabaseball.com/Record/Player/PitcherDetail/SeasonReg.aspx?playerId=69105"
"69105","LG","2025","0","","0","2026-08-03","https://www.koreabaseball.com/Record/Player/PitcherDetail/SeasonReg.aspx?playerId=69105"
"69108","LG","2022","15","","0","2026-08-03","https://www.koreabaseball.com/Record/Player/PitcherDetail/SeasonReg.aspx?playerId=69108"
"69108","LG","2023","146","","0","2026-08-03","https://www.koreabaseball.com/Record/Player/PitcherDetail/SeasonReg.aspx?playerId=69108"
"69108","LG","2024","155","","0","2026-08-03","https://www.koreabaseball.com/Record/Player/PitcherDetail/SeasonReg.aspx?playerId=69108"
"69108","LG","2025","145","","0","2026-08-03","https://www.koreabaseball.com/Record/Player/PitcherDetail/SeasonReg.aspx?playerId=69108"
"69113","LG","2021","22","세계야구선수권 5(8위)","5","2026-08-03","https://www.koreabaseball.com/Record/Player/PitcherDetail/SeasonReg.aspx?playerId=69113"
"69113","LG","2022","43","","0","2026-08-03","https://www.koreabaseball.com/Record/Player/PitcherDetail/SeasonReg.aspx?playerId=69113"
"69113","LG","2024","65","","0","2026-08-03","https://www.koreabaseball.com/Record/Player/PitcherDetail/SeasonReg.aspx?playerId=69113"
"69113","KT","2025","32","","0","2026-08-03","https://www.koreabaseball.com/Record/Player/PitcherDetail/SeasonReg.aspx?playerId=69113"
"69134","LG","2020","101","","0","2026-08-03","https://www.koreabaseball.com/Record/Player/PitcherDetail/SeasonReg.aspx?playerId=69134"
"69134","LG","2021","183","","0","2026-08-03","https://www.koreabaseball.com/Record/Player/PitcherDetail/SeasonReg.aspx?playerId=69134"
"69134","LG","2022","193","","0","2026-08-03","https://www.koreabaseball.com/Record/Player/PitcherDetail/SeasonReg.aspx?playerId=69134"
"69134","LG","2023","194","","0","2026-08-03","https://www.koreabaseball.com/Record/Player/PitcherDetail/SeasonReg.aspx?playerId=69134"
"69134","LG","2025","106","","0","2026-08-03","https://www.koreabaseball.com/Record/Player/PitcherDetail/SeasonReg.aspx?playerId=69134"
"69159","LG","2019","167","","0","2026-08-03","https://www.koreabaseball.com/Record/Player/PitcherDetail/SeasonReg.aspx?playerId=69159"
"69159","LG","2020","179","","0","2026-08-03","https://www.koreabaseball.com/Record/Player/PitcherDetail/SeasonReg.aspx?playerId=69159"
"69159","LG","2021","183","","0","2026-08-03","https://www.koreabaseball.com/Record/Player/PitcherDetail/SeasonReg.aspx?playerId=69159"
"69159","LG","2022","193","","0","2026-08-03","https://www.koreabaseball.com/Record/Player/PitcherDetail/SeasonReg.aspx?playerId=69159"
"69159","LG","2023","196","WBC 10(1라운드), 아시안게임 병역(금메달)","10","2026-08-03","https://www.koreabaseball.com/Record/Player/PitcherDetail/SeasonReg.aspx?playerId=69159"
"69159","LG","2024","137","","0","2026-08-03","https://www.koreabaseball.com/Record/Player/PitcherDetail/SeasonReg.aspx?playerId=69159"
"69159","LG","2025","10","","0","2026-08-03","https://www.koreabaseball.com/Record/Player/PitcherDetail/SeasonReg.aspx?playerId=69159"
"69203","두산","2019","2","","0","2026-08-03","https://www.koreabaseball.com/Record/Player/PitcherDetail/SeasonReg.aspx?playerId=69203"
"69203","두산","2020","0","","0","2026-08-03","https://www.koreabaseball.com/Record/Player/PitcherDetail/SeasonReg.aspx?playerId=69203"
"69203","두산","2022","25","세계야구선수권 10(준우승)","10","2026-08-03","https://www.koreabaseball.com/Record/Player/PitcherDetail/SeasonReg.aspx?playerId=69203"
"69203","두산","2023","69","","0","2026-08-03","https://www.koreabaseball.com/Record/Player/PitcherDetail/SeasonReg.aspx?playerId=69203"
"69203","NC","2024","15","","0","2026-08-03","https://www.koreabaseball.com/Record/Player/PitcherDetail/SeasonReg.aspx?playerId=69203"
"69203","NC","2025","32","","0","2026-08-03","https://www.koreabaseball.com/Record/Player/PitcherDetail/SeasonReg.aspx?playerId=69203"
"69204","두산","2020","0","","0","2026-08-03","https://www.koreabaseball.com/Record/Player/PitcherDetail/SeasonReg.aspx?playerId=69204"
"69204","두산","2022","38","","0","2026-08-03","https://www.koreabaseball.com/Record/Player/PitcherDetail/SeasonReg.aspx?playerId=69204"
"69204","NC","2023","0","","0","2026-08-03","https://www.koreabaseball.com/Record/Player/PitcherDetail/SeasonReg.aspx?playerId=69204"
"69204","NC","2024","31","","0","2026-08-03","https://www.koreabaseball.com/Record/Player/PitcherDetail/SeasonReg.aspx?playerId=69204"
"69204","NC","2025","0","","0","2026-08-03","https://www.koreabaseball.com/Record/Player/PitcherDetail/SeasonReg.aspx?playerId=69204"
"69205","두산","2020","19","","0","2026-08-03","https://www.koreabaseball.com/Record/Player/PitcherDetail/SeasonReg.aspx?playerId=69205"
"69205","두산","2021","42","","0","2026-08-03","https://www.koreabaseball.com/Record/Player/PitcherDetail/SeasonReg.aspx?playerId=69205"
"69205","두산","2024","94","","0","2026-08-03","https://www.koreabaseball.com/Record/Player/PitcherDetail/SeasonReg.aspx?playerId=69205"
"69205","두산","2025","40","","0","2026-08-03","https://www.koreabaseball.com/Record/Player/PitcherDetail/SeasonReg.aspx?playerId=69205"
"69207","두산","2019","24","","0","2026-08-03","https://www.koreabaseball.com/Record/Player/PitcherDetail/SeasonReg.aspx?playerId=69207"
"69207","두산","2020","0","","0","2026-08-03","https://www.koreabaseball.com/Record/Player/PitcherDetail/SeasonReg.aspx?playerId=69207"
"69207","두산","2022","2","","0","2026-08-03","https://www.koreabaseball.com/Record/Player/PitcherDetail/SeasonReg.aspx?playerId=69207"
"69207","두산","2023","79","","0","2026-08-03","https://www.koreabaseball.com/Record/Player/PitcherDetail/SeasonReg.aspx?playerId=69207"
"69207","두산","2024","75","","0","2026-08-03","https://www.koreabaseball.com/Record/Player/PitcherDetail/SeasonReg.aspx?playerId=69207"
"69207","삼성","2025","17","","0","2026-08-03","https://www.koreabaseball.com/Record/Player/PitcherDetail/SeasonReg.aspx?playerId=69207"
"69213","한화","2021","20","","0","2026-08-03","https://www.koreabaseball.com/Record/Player/PitcherDetail/SeasonReg.aspx?playerId=69213"
"69213","한화","2022","134","","0","2026-08-03","https://www.koreabaseball.com/Record/Player/PitcherDetail/SeasonReg.aspx?playerId=69213"
"69213","한화","2023","14","","0","2026-08-03","https://www.koreabaseball.com/Record/Player/PitcherDetail/SeasonReg.aspx?playerId=69213"
"69213","한화","2025","52","","0","2026-08-03","https://www.koreabaseball.com/Record/Player/PitcherDetail/SeasonReg.aspx?playerId=69213"
"69238","두산","2019","36","","0","2026-08-03","https://www.koreabaseball.com/Record/Player/PitcherDetail/SeasonReg.aspx?playerId=69238"
"69238","두산","2020","0","","0","2026-08-03","https://www.koreabaseball.com/Record/Player/PitcherDetail/SeasonReg.aspx?playerId=69238"
"69238","두산","2022","79","","0","2026-08-03","https://www.koreabaseball.com/Record/Player/PitcherDetail/SeasonReg.aspx?playerId=69238"
"69238","두산","2023","54","","0","2026-08-03","https://www.koreabaseball.com/Record/Player/PitcherDetail/SeasonReg.aspx?playerId=69238"
"69238","두산","2024","80","","0","2026-08-03","https://www.koreabaseball.com/Record/Player/PitcherDetail/SeasonReg.aspx?playerId=69238"
"69238","두산","2025","18","","0","2026-08-03","https://www.koreabaseball.com/Record/Player/PitcherDetail/SeasonReg.aspx?playerId=69238"
"69328","키움","2019","53","","0","2026-08-03","https://www.koreabaseball.com/Record/Player/PitcherDetail/SeasonReg.aspx?playerId=69328"
"69328","키움","2020","15","","0","2026-08-03","https://www.koreabaseball.com/Record/Player/PitcherDetail/SeasonReg.aspx?playerId=69328"
"69328","키움","2021","55","","0","2026-08-03","https://www.koreabaseball.com/Record/Player/PitcherDetail/SeasonReg.aspx?playerId=69328"
"69328","키움","2022","44","","0","2026-08-03","https://www.koreabaseball.com/Record/Player/PitcherDetail/SeasonReg.aspx?playerId=69328"
"69328","키움","2023","0","","0","2026-08-03","https://www.koreabaseball.com/Record/Player/PitcherDetail/SeasonReg.aspx?playerId=69328"
"69328","키움","2025","65","","0","2026-08-03","https://www.koreabaseball.com/Record/Player/PitcherDetail/SeasonReg.aspx?playerId=69328"
"69332","키움","2020","0","","0","2026-08-03","https://www.koreabaseball.com/Record/Player/PitcherDetail/SeasonReg.aspx?playerId=69332"
"69332","키움","2023","75","","0","2026-08-03","https://www.koreabaseball.com/Record/Player/PitcherDetail/SeasonReg.aspx?playerId=69332"
"69332","키움","2024","97","","0","2026-08-03","https://www.koreabaseball.com/Record/Player/PitcherDetail/SeasonReg.aspx?playerId=69332"
"69332","키움","2025","111","","0","2026-08-03","https://www.koreabaseball.com/Record/Player/PitcherDetail/SeasonReg.aspx?playerId=69332"
"69360","키움","2019","1","","0","2026-08-03","https://www.koreabaseball.com/Record/Player/PitcherDetail/SeasonReg.aspx?playerId=69360"
"69360","키움","2020","97","","0","2026-08-03","https://www.koreabaseball.com/Record/Player/PitcherDetail/SeasonReg.aspx?playerId=69360"
"69360","키움","2021","7","","0","2026-08-03","https://www.koreabaseball.com/Record/Player/PitcherDetail/SeasonReg.aspx?playerId=69360"
"69360","키움","2023","29","","0","2026-08-03","https://www.koreabaseball.com/Record/Player/PitcherDetail/SeasonReg.aspx?playerId=69360"
"69360","키움","2024","118","","0","2026-08-03","https://www.koreabaseball.com/Record/Player/PitcherDetail/SeasonReg.aspx?playerId=69360"
"69360","키움","2025","171","","0","2026-08-03","https://www.koreabaseball.com/Record/Player/PitcherDetail/SeasonReg.aspx?playerId=69360"
"69367","키움","2021","22","세계야구선수권 5(8위)","5","2026-08-03","https://www.koreabaseball.com/Record/Player/PitcherDetail/SeasonReg.aspx?playerId=69367"
"69367","키움","2022","0","","0","2026-08-03","https://www.koreabaseball.com/Record/Player/PitcherDetail/SeasonReg.aspx?playerId=69367"
"69367","키움","2024","88","","0","2026-08-03","https://www.koreabaseball.com/Record/Player/PitcherDetail/SeasonReg.aspx?playerId=69367"
"69367","키움","2025","0","","0","2026-08-03","https://www.koreabaseball.com/Record/Player/PitcherDetail/SeasonReg.aspx?playerId=69367"
"69403","삼성","2019","1","","0","2026-08-03","https://www.koreabaseball.com/Record/Player/PitcherDetail/SeasonReg.aspx?playerId=69403"
"69403","삼성","2020","24","","0","2026-08-03","https://www.koreabaseball.com/Record/Player/PitcherDetail/SeasonReg.aspx?playerId=69403"
"69403","삼성","2021","0","","0","2026-08-03","https://www.koreabaseball.com/Record/Player/PitcherDetail/SeasonReg.aspx?playerId=69403"
"69403","삼성","2024","17","","0","2026-08-03","https://www.koreabaseball.com/Record/Player/PitcherDetail/SeasonReg.aspx?playerId=69403"
"69403","삼성","2025","45","","0","2026-08-03","https://www.koreabaseball.com/Record/Player/PitcherDetail/SeasonReg.aspx?playerId=69403"
"69416","삼성","2022","73","","0","2026-08-03","https://www.koreabaseball.com/Record/Player/PitcherDetail/SeasonReg.aspx?playerId=69416"
"69416","삼성","2023","20","","0","2026-08-03","https://www.koreabaseball.com/Record/Player/PitcherDetail/SeasonReg.aspx?playerId=69416"
"69416","삼성","2025","37","","0","2026-08-03","https://www.koreabaseball.com/Record/Player/PitcherDetail/SeasonReg.aspx?playerId=69416"
"69418","삼성","2019","34","","0","2026-08-03","https://www.koreabaseball.com/Record/Player/PitcherDetail/SeasonReg.aspx?playerId=69418"
"69418","삼성","2020","166","","0","2026-08-03","https://www.koreabaseball.com/Record/Player/PitcherDetail/SeasonReg.aspx?playerId=69418"
"69418","삼성","2021","115","","0","2026-08-03","https://www.koreabaseball.com/Record/Player/PitcherDetail/SeasonReg.aspx?playerId=69418"
"69418","삼성","2022","118","","0","2026-08-03","https://www.koreabaseball.com/Record/Player/PitcherDetail/SeasonReg.aspx?playerId=69418"
"69418","삼성","2025","130","","0","2026-08-03","https://www.koreabaseball.com/Record/Player/PitcherDetail/SeasonReg.aspx?playerId=69418"
"69428","삼성","2022","21","","0","2026-08-03","https://www.koreabaseball.com/Record/Player/PitcherDetail/SeasonReg.aspx?playerId=69428"
"69428","삼성","2023","83","","0","2026-08-03","https://www.koreabaseball.com/Record/Player/PitcherDetail/SeasonReg.aspx?playerId=69428"
"69428","삼성","2024","168","","0","2026-08-03","https://www.koreabaseball.com/Record/Player/PitcherDetail/SeasonReg.aspx?playerId=69428"
"69428","삼성","2025","123","","0","2026-08-03","https://www.koreabaseball.com/Record/Player/PitcherDetail/SeasonReg.aspx?playerId=69428"
"69442","삼성","2019","126","","0","2026-08-03","https://www.koreabaseball.com/Record/Player/PitcherDetail/SeasonReg.aspx?playerId=69442"
"69442","삼성","2020","86","","0","2026-08-03","https://www.koreabaseball.com/Record/Player/PitcherDetail/SeasonReg.aspx?playerId=69442"
"69442","삼성","2021","79","","0","2026-08-03","https://www.koreabaseball.com/Record/Player/PitcherDetail/SeasonReg.aspx?playerId=69442"
"69442","삼성","2023","36","","0","2026-08-03","https://www.koreabaseball.com/Record/Player/PitcherDetail/SeasonReg.aspx?playerId=69442"
"69442","삼성","2024","8","","0","2026-08-03","https://www.koreabaseball.com/Record/Player/PitcherDetail/SeasonReg.aspx?playerId=69442"
"69442","삼성","2025","15","","0","2026-08-03","https://www.koreabaseball.com/Record/Player/PitcherDetail/SeasonReg.aspx?playerId=69442"
"69446","삼성","2019","145","","0","2026-08-03","https://www.koreabaseball.com/Record/Player/PitcherDetail/SeasonReg.aspx?playerId=69446"
"69446","삼성","2020","166","","0","2026-08-03","https://www.koreabaseball.com/Record/Player/PitcherDetail/SeasonReg.aspx?playerId=69446"
"69446","삼성","2021","169","올림픽 10(4위)","10","2026-08-03","https://www.koreabaseball.com/Record/Player/PitcherDetail/SeasonReg.aspx?playerId=69446"
"69446","삼성","2022","190","","0","2026-08-03","https://www.koreabaseball.com/Record/Player/PitcherDetail/SeasonReg.aspx?playerId=69446"
"69446","삼성","2023","188","WBC 10(1라운드), 아시안게임 병역(금메달), APBC 10(준우승)","20","2026-08-03","https://www.koreabaseball.com/Record/Player/PitcherDetail/SeasonReg.aspx?playerId=69446"
"69446","삼성","2024","173","","0","2026-08-03","https://www.koreabaseball.com/Record/Player/PitcherDetail/SeasonReg.aspx?playerId=69446"
"69446","삼성","2025","178","","0","2026-08-03","https://www.koreabaseball.com/Record/Player/PitcherDetail/SeasonReg.aspx?playerId=69446"
"69508","롯데","2019","36","","0","2026-08-03","https://www.koreabaseball.com/Record/Player/PitcherDetail/SeasonReg.aspx?playerId=69508"
"69508","롯데","2020","12","","0","2026-08-03","https://www.koreabaseball.com/Record/Player/PitcherDetail/SeasonReg.aspx?playerId=69508"
"69508","롯데","2021","113","","0","2026-08-03","https://www.koreabaseball.com/Record/Player/PitcherDetail/SeasonReg.aspx?playerId=69508"
"69508","롯데","2022","101","","0","2026-08-03","https://www.koreabaseball.com/Record/Player/PitcherDetail/SeasonReg.aspx?playerId=69508"
"69508","롯데","2023","59","","0","2026-08-03","https://www.koreabaseball.com/Record/Player/PitcherDetail/SeasonReg.aspx?playerId=69508"
"69508","롯데","2024","68","","0","2026-08-03","https://www.koreabaseball.com/Record/Player/PitcherDetail/SeasonReg.aspx?playerId=69508"
"69508","롯데","2025","22","","0","2026-08-03","https://www.koreabaseball.com/Record/Player/PitcherDetail/SeasonReg.aspx?playerId=69508"
"69516","롯데","2019","22","","0","2026-08-03","https://www.koreabaseball.com/Record/Player/PitcherDetail/SeasonReg.aspx?playerId=69516"
"69516","KIA","2020","57","","0","2026-08-03","https://www.koreabaseball.com/Record/Player/PitcherDetail/SeasonReg.aspx?playerId=69516"
"69516","KIA","2021","89","","0","2026-08-03","https://www.koreabaseball.com/Record/Player/PitcherDetail/SeasonReg.aspx?playerId=69516"
"69516","KIA","2022","5","","0","2026-08-03","https://www.koreabaseball.com/Record/Player/PitcherDetail/SeasonReg.aspx?playerId=69516"
"69516","KIA","2024","15","","0","2026-08-03","https://www.koreabaseball.com/Record/Player/PitcherDetail/SeasonReg.aspx?playerId=69516"
"69516","KIA","2025","96","","0","2026-08-03","https://www.koreabaseball.com/Record/Player/PitcherDetail/SeasonReg.aspx?playerId=69516"
"69517","롯데","2019","45","","0","2026-08-03","https://www.koreabaseball.com/Record/Player/PitcherDetail/SeasonReg.aspx?playerId=69517"
"69517","롯데","2020","0","","0","2026-08-03","https://www.koreabaseball.com/Record/Player/PitcherDetail/SeasonReg.aspx?playerId=69517"
"69517","롯데","2022","159","","0","2026-08-03","https://www.koreabaseball.com/Record/Player/PitcherDetail/SeasonReg.aspx?playerId=69517"
"69517","롯데","2023","174","","0","2026-08-03","https://www.koreabaseball.com/Record/Player/PitcherDetail/SeasonReg.aspx?playerId=69517"
"69517","롯데","2024","171","","0","2026-08-03","https://www.koreabaseball.com/Record/Player/PitcherDetail/SeasonReg.aspx?playerId=69517"
"69517","롯데","2025","189","","0","2026-08-03","https://www.koreabaseball.com/Record/Player/PitcherDetail/SeasonReg.aspx?playerId=69517"
"69594","롯데","2019","3","","0","2026-08-03","https://www.koreabaseball.com/Record/Player/PitcherDetail/SeasonReg.aspx?playerId=69594"
"69594","롯데","2023","19","","0","2026-08-03","https://www.koreabaseball.com/Record/Player/PitcherDetail/SeasonReg.aspx?playerId=69594"
"69594","롯데","2024","139","","0","2026-08-03","https://www.koreabaseball.com/Record/Player/PitcherDetail/SeasonReg.aspx?playerId=69594"
"69594","롯데","2025","147","","0","2026-08-03","https://www.koreabaseball.com/Record/Player/PitcherDetail/SeasonReg.aspx?playerId=69594"
"69620","KIA","2019","116","","0","2026-08-03","https://www.koreabaseball.com/Record/Player/PitcherDetail/SeasonReg.aspx?playerId=69620"
"69620","KIA","2020","93","","0","2026-08-03","https://www.koreabaseball.com/Record/Player/PitcherDetail/SeasonReg.aspx?playerId=69620"
"69620","KIA","2022","15","","0","2026-08-03","https://www.koreabaseball.com/Record/Player/PitcherDetail/SeasonReg.aspx?playerId=69620"
"69620","KIA","2023","122","","0","2026-08-03","https://www.koreabaseball.com/Record/Player/PitcherDetail/SeasonReg.aspx?playerId=69620"
"69620","KIA","2024","62","","0","2026-08-03","https://www.koreabaseball.com/Record/Player/PitcherDetail/SeasonReg.aspx?playerId=69620"
"69620","KIA","2025","78","","0","2026-08-03","https://www.koreabaseball.com/Record/Player/PitcherDetail/SeasonReg.aspx?playerId=69620"
"69636","KIA","2019","48","","0","2026-08-03","https://www.koreabaseball.com/Record/Player/PitcherDetail/SeasonReg.aspx?playerId=69636"
"69636","KIA","2020","133","","0","2026-08-03","https://www.koreabaseball.com/Record/Player/PitcherDetail/SeasonReg.aspx?playerId=69636"
"69636","KIA","2021","22","","0","2026-08-03","https://www.koreabaseball.com/Record/Player/PitcherDetail/SeasonReg.aspx?playerId=69636"
"69636","KIA","2022","0","","0","2026-08-03","https://www.koreabaseball.com/Record/Player/PitcherDetail/SeasonReg.aspx?playerId=69636"
"69636","KIA","2023","56","","0","2026-08-03","https://www.koreabaseball.com/Record/Player/PitcherDetail/SeasonReg.aspx?playerId=69636"
"69636","KIA","2024","4","","0","2026-08-03","https://www.koreabaseball.com/Record/Player/PitcherDetail/SeasonReg.aspx?playerId=69636"
"69636","KIA","2025","176","","0","2026-08-03","https://www.koreabaseball.com/Record/Player/PitcherDetail/SeasonReg.aspx?playerId=69636"
"69645","KIA","2019","59","","0","2026-08-03","https://www.koreabaseball.com/Record/Player/PitcherDetail/SeasonReg.aspx?playerId=69645"
"69645","KIA","2021","39","","0","2026-08-03","https://www.koreabaseball.com/Record/Player/PitcherDetail/SeasonReg.aspx?playerId=69645"
"69645","KIA","2022","1","","0","2026-08-03","https://www.koreabaseball.com/Record/Player/PitcherDetail/SeasonReg.aspx?playerId=69645"
"69645","한화","2023","8","아시아 야구선수권 5(동메달)","5","2026-08-03","https://www.koreabaseball.com/Record/Player/PitcherDetail/SeasonReg.aspx?playerId=69645"
"69645","한화","2024","44","","0","2026-08-03","https://www.koreabaseball.com/Record/Player/PitcherDetail/SeasonReg.aspx?playerId=69645"
"69645","한화","2025","0","","0","2026-08-03","https://www.koreabaseball.com/Record/Player/PitcherDetail/SeasonReg.aspx?playerId=69645"
"69727","한화","2019","62","","0","2026-08-03","https://www.koreabaseball.com/Record/Player/PitcherDetail/SeasonReg.aspx?playerId=69727"
"69727","한화","2020","0","","0","2026-08-03","https://www.koreabaseball.com/Record/Player/PitcherDetail/SeasonReg.aspx?playerId=69727"
"69727","한화","2022","42","","0","2026-08-03","https://www.koreabaseball.com/Record/Player/PitcherDetail/SeasonReg.aspx?playerId=69727"
"69727","KIA","2023","157","","0","2026-08-03","https://www.koreabaseball.com/Record/Player/PitcherDetail/SeasonReg.aspx?playerId=69727"
"69727","KIA","2024","118","","0","2026-08-03","https://www.koreabaseball.com/Record/Player/PitcherDetail/SeasonReg.aspx?playerId=69727"
"69727","KIA","2025","69","","0","2026-08-03","https://www.koreabaseball.com/Record/Player/PitcherDetail/SeasonReg.aspx?playerId=69727"
"69737","한화","2019","165","","0","2026-08-03","https://www.koreabaseball.com/Record/Player/PitcherDetail/SeasonReg.aspx?playerId=69737"
"69737","한화","2020","144","","0","2026-08-03","https://www.koreabaseball.com/Record/Player/PitcherDetail/SeasonReg.aspx?playerId=69737"
"69737","한화","2021","174","","0","2026-08-03","https://www.koreabaseball.com/Record/Player/PitcherDetail/SeasonReg.aspx?playerId=69737"
"69737","한화","2022","178","","0","2026-08-03","https://www.koreabaseball.com/Record/Player/PitcherDetail/SeasonReg.aspx?playerId=69737"
"69737","한화","2023","199","아시안게임 병역(금메달), APBC 10(준우승)","10","2026-08-03","https://www.koreabaseball.com/Record/Player/PitcherDetail/SeasonReg.aspx?playerId=69737"
"69737","한화","2024","191","","0","2026-08-03","https://www.koreabaseball.com/Record/Player/PitcherDetail/SeasonReg.aspx?playerId=69737"
"69737","한화","2025","196","","0","2026-08-03","https://www.koreabaseball.com/Record/Player/PitcherDetail/SeasonReg.aspx?playerId=69737"
"69745","한화","2019","64","","0","2026-08-03","https://www.koreabaseball.com/Record/Player/PitcherDetail/SeasonReg.aspx?playerId=69745"
"69745","한화","2020","96","","0","2026-08-03","https://www.koreabaseball.com/Record/Player/PitcherDetail/SeasonReg.aspx?playerId=69745"
"69745","한화","2021","96","","0","2026-08-03","https://www.koreabaseball.com/Record/Player/PitcherDetail/SeasonReg.aspx?playerId=69745"
"69745","KIA","2022","28","","0","2026-08-03","https://www.koreabaseball.com/Record/Player/PitcherDetail/SeasonReg.aspx?playerId=69745"
"69745","KIA","2024","146","","0","2026-08-03","https://www.koreabaseball.com/Record/Player/PitcherDetail/SeasonReg.aspx?playerId=69745"
"69745","KIA","2025","181","","0","2026-08-03","https://www.koreabaseball.com/Record/Player/PitcherDetail/SeasonReg.aspx?playerId=69745"
"69766","한화","2019","88","","0","2026-08-03","https://www.koreabaseball.com/Record/Player/PitcherDetail/SeasonReg.aspx?playerId=69766"
"69766","한화","2020","49","","0","2026-08-03","https://www.koreabaseball.com/Record/Player/PitcherDetail/SeasonReg.aspx?playerId=69766"
"69766","한화","2021","58","","0","2026-08-03","https://www.koreabaseball.com/Record/Player/PitcherDetail/SeasonReg.aspx?playerId=69766"
"69766","한화","2022","68","","0","2026-08-03","https://www.koreabaseball.com/Record/Player/PitcherDetail/SeasonReg.aspx?playerId=69766"
"69766","한화","2023","50","아시아 야구선수권 5(동메달)","5","2026-08-03","https://www.koreabaseball.com/Record/Player/PitcherDetail/SeasonReg.aspx?playerId=69766"
"69766","한화","2024","38","","0","2026-08-03","https://www.koreabaseball.com/Record/Player/PitcherDetail/SeasonReg.aspx?playerId=69766"
"69766","한화","2025","35","","0","2026-08-03","https://www.koreabaseball.com/Record/Player/PitcherDetail/SeasonReg.aspx?playerId=69766"
"69804","SK","2019","35","","0","2026-08-03","https://www.koreabaseball.com/Record/Player/PitcherDetail/SeasonReg.aspx?playerId=69804"
"69804","SK","2020","37","","0","2026-08-03","https://www.koreabaseball.com/Record/Player/PitcherDetail/SeasonReg.aspx?playerId=69804"
"69804","SSG","2021","0","","0","2026-08-03","https://www.koreabaseball.com/Record/Player/PitcherDetail/SeasonReg.aspx?playerId=69804"
"69804","SSG","2023","5","","0","2026-08-03","https://www.koreabaseball.com/Record/Player/PitcherDetail/SeasonReg.aspx?playerId=69804"
"69804","SSG","2024","8","","0","2026-08-03","https://www.koreabaseball.com/Record/Player/PitcherDetail/SeasonReg.aspx?playerId=69804"
"69804","SSG","2025","79","","0","2026-08-03","https://www.koreabaseball.com/Record/Player/PitcherDetail/SeasonReg.aspx?playerId=69804"
"69813","SK","2019","192","프리미어12 60(준우승)","60","2026-08-03","https://www.koreabaseball.com/Record/Player/PitcherDetail/SeasonReg.aspx?playerId=69813"
"69813","SK","2020","58","","0","2026-08-03","https://www.koreabaseball.com/Record/Player/PitcherDetail/SeasonReg.aspx?playerId=69813"
"69813","SSG","2021","69","","0","2026-08-03","https://www.koreabaseball.com/Record/Player/PitcherDetail/SeasonReg.aspx?playerId=69813"
"69813","SSG","2022","132","","0","2026-08-03","https://www.koreabaseball.com/Record/Player/PitcherDetail/SeasonReg.aspx?playerId=69813"
"69813","SSG","2023","138","","0","2026-08-03","https://www.koreabaseball.com/Record/Player/PitcherDetail/SeasonReg.aspx?playerId=69813"
"69813","SSG","2024","178","","0","2026-08-03","https://www.koreabaseball.com/Record/Player/PitcherDetail/SeasonReg.aspx?playerId=69813"
"69813","SSG","2025","32","","0","2026-08-03","https://www.koreabaseball.com/Record/Player/PitcherDetail/SeasonReg.aspx?playerId=69813"
"69825","SK","2019","33","","0","2026-08-03","https://www.koreabaseball.com/Record/Player/PitcherDetail/SeasonReg.aspx?playerId=69825"
"69825","SK","2020","82","","0","2026-08-03","https://www.koreabaseball.com/Record/Player/PitcherDetail/SeasonReg.aspx?playerId=69825"
"69825","SSG","2021","86","","0","2026-08-03","https://www.koreabaseball.com/Record/Player/PitcherDetail/SeasonReg.aspx?playerId=69825"
"69825","SSG","2023","0","","0","2026-08-03","https://www.koreabaseball.com/Record/Player/PitcherDetail/SeasonReg.aspx?playerId=69825"
"69825","SSG","2024","7","","0","2026-08-03","https://www.koreabaseball.com/Record/Player/PitcherDetail/SeasonReg.aspx?playerId=69825"
"69825","SSG","2025","12","","0","2026-08-03","https://www.koreabaseball.com/Record/Player/PitcherDetail/SeasonReg.aspx?playerId=69825"
"69839","SK","2019","100","","0","2026-08-03","https://www.koreabaseball.com/Record/Player/PitcherDetail/SeasonReg.aspx?playerId=69839"
"69839","SK","2020","37","","0","2026-08-03","https://www.koreabaseball.com/Record/Player/PitcherDetail/SeasonReg.aspx?playerId=69839"
"69839","SSG","2023","117","","0","2026-08-03","https://www.koreabaseball.com/Record/Player/PitcherDetail/SeasonReg.aspx?playerId=69839"
"69839","SSG","2024","30","","0","2026-08-03","https://www.koreabaseball.com/Record/Player/PitcherDetail/SeasonReg.aspx?playerId=69839"
"69839","SSG","2025","0","","0","2026-08-03","https://www.koreabaseball.com/Record/Player/PitcherDetail/SeasonReg.aspx?playerId=69839"
"69969","NC","2019","9","","0","2026-08-03","https://www.koreabaseball.com/Record/Player/PitcherDetail/SeasonReg.aspx?playerId=69969"
"69969","NC","2020","0","","0","2026-08-03","https://www.koreabaseball.com/Record/Player/PitcherDetail/SeasonReg.aspx?playerId=69969"
"69969","NC","2022","50","","0","2026-08-03","https://www.koreabaseball.com/Record/Player/PitcherDetail/SeasonReg.aspx?playerId=69969"
"69969","NC","2023","46","","0","2026-08-03","https://www.koreabaseball.com/Record/Player/PitcherDetail/SeasonReg.aspx?playerId=69969"
"69969","NC","2024","86","","0","2026-08-03","https://www.koreabaseball.com/Record/Player/PitcherDetail/SeasonReg.aspx?playerId=69969"
"69969","NC","2025","187","","0","2026-08-03","https://www.koreabaseball.com/Record/Player/PitcherDetail/SeasonReg.aspx?playerId=69969"
"69974","NC","2019","22","","0","2026-08-03","https://www.koreabaseball.com/Record/Player/PitcherDetail/SeasonReg.aspx?playerId=69974"
"69974","NC","2020","41","","0","2026-08-03","https://www.koreabaseball.com/Record/Player/PitcherDetail/SeasonReg.aspx?playerId=69974"
"69974","NC","2021","114","","0","2026-08-03","https://www.koreabaseball.com/Record/Player/PitcherDetail/SeasonReg.aspx?playerId=69974"
"69974","NC","2023","35","","0","2026-08-03","https://www.koreabaseball.com/Record/Player/PitcherDetail/SeasonReg.aspx?playerId=69974"
"69974","한화","2024","1","","0","2026-08-03","https://www.koreabaseball.com/Record/Player/PitcherDetail/SeasonReg.aspx?playerId=69974"
"69974","한화","2025","0","","0","2026-08-03","https://www.koreabaseball.com/Record/Player/PitcherDetail/SeasonReg.aspx?playerId=69974"
"69980","NC","2024","12","","0","2026-08-03","https://www.koreabaseball.com/Record/Player/PitcherDetail/SeasonReg.aspx?playerId=69980"
"69980","NC","2025","1","","0","2026-08-03","https://www.koreabaseball.com/Record/Player/PitcherDetail/SeasonReg.aspx?playerId=69980"
"69992","NC","2020","88","","0","2026-08-03","https://www.koreabaseball.com/Record/Player/PitcherDetail/SeasonReg.aspx?playerId=69992"
"69992","NC","2021","98","","0","2026-08-03","https://www.koreabaseball.com/Record/Player/PitcherDetail/SeasonReg.aspx?playerId=69992"
"69992","NC","2023","92","","0","2026-08-03","https://www.koreabaseball.com/Record/Player/PitcherDetail/SeasonReg.aspx?playerId=69992"
"69992","NC","2024","159","","0","2026-08-03","https://www.koreabaseball.com/Record/Player/PitcherDetail/SeasonReg.aspx?playerId=69992"
"69992","NC","2025","145","","0","2026-08-03","https://www.koreabaseball.com/Record/Player/PitcherDetail/SeasonReg.aspx?playerId=69992"
"69995","NC","2020","4","","0","2026-08-03","https://www.koreabaseball.com/Record/Player/PitcherDetail/SeasonReg.aspx?playerId=69995"
"69995","NC","2022","154","","0","2026-08-03","https://www.koreabaseball.com/Record/Player/PitcherDetail/SeasonReg.aspx?playerId=69995"
"69995","NC","2023","190","","0","2026-08-03","https://www.koreabaseball.com/Record/Player/PitcherDetail/SeasonReg.aspx?playerId=69995"
"69995","NC","2024","193","","0","2026-08-03","https://www.koreabaseball.com/Record/Player/PitcherDetail/SeasonReg.aspx?playerId=69995"
"69995","NC","2025","176","","0","2026-08-03","https://www.koreabaseball.com/Record/Player/PitcherDetail/SeasonReg.aspx?playerId=69995"
"72443","삼성","2002","44","","0","2026-08-03","https://www.koreabaseball.com/Record/Player/PitcherDetail/SeasonReg.aspx?playerId=72443"
"72443","삼성","2003","0","","0","2026-08-03","https://www.koreabaseball.com/Record/Player/PitcherDetail/SeasonReg.aspx?playerId=72443"
"72443","삼성","2004","24","","0","2026-08-03","https://www.koreabaseball.com/Record/Player/PitcherDetail/SeasonReg.aspx?playerId=72443"
"72443","삼성","2005","0","","0","2026-08-03","https://www.koreabaseball.com/Record/Player/PitcherDetail/SeasonReg.aspx?playerId=72443"
"72443","삼성","2008","170","","0","2026-08-03","https://www.koreabaseball.com/Record/Player/PitcherDetail/SeasonReg.aspx?playerId=72443"
"72443","삼성","2009","155","","0","2026-08-03","https://www.koreabaseball.com/Record/Player/PitcherDetail/SeasonReg.aspx?playerId=72443"
"72443","삼성","2010","173","","0","2026-08-03","https://www.koreabaseball.com/Record/Player/PitcherDetail/SeasonReg.aspx?playerId=72443"
"72443","삼성","2011","188","","0","2026-08-03","https://www.koreabaseball.com/Record/Player/PitcherDetail/SeasonReg.aspx?playerId=72443"
"72443","삼성","2012","173","","0","2026-08-03","https://www.koreabaseball.com/Record/Player/PitcherDetail/SeasonReg.aspx?playerId=72443"
"72443","삼성","2013","188","","0","2026-08-03","https://www.koreabaseball.com/Record/Player/PitcherDetail/SeasonReg.aspx?playerId=72443"
"72443","삼성","2014","167","","0","2026-08-03","https://www.koreabaseball.com/Record/Player/PitcherDetail/SeasonReg.aspx?playerId=72443"
"72443","삼성","2015","192","","0","2026-08-03","https://www.koreabaseball.com/Record/Player/PitcherDetail/SeasonReg.aspx?playerId=72443"
"72443","삼성","2016","181","","0","2026-08-03","https://www.koreabaseball.com/Record/Player/PitcherDetail/SeasonReg.aspx?playerId=72443"
"72443","KIA","2017","187","WBC 27(1라운드)","27","2026-08-03","https://www.koreabaseball.com/Record/Player/PitcherDetail/SeasonReg.aspx?playerId=72443"
"72443","KIA","2018","186","","0","2026-08-03","https://www.koreabaseball.com/Record/Player/PitcherDetail/SeasonReg.aspx?playerId=72443"
"72443","KIA","2019","185","","0","2026-08-03","https://www.koreabaseball.com/Record/Player/PitcherDetail/SeasonReg.aspx?playerId=72443"
"72443","KIA","2020","180","","0","2026-08-03","https://www.koreabaseball.com/Record/Player/PitcherDetail/SeasonReg.aspx?playerId=72443"
"72443","KIA","2021","152","","0","2026-08-03","https://www.koreabaseball.com/Record/Player/PitcherDetail/SeasonReg.aspx?playerId=72443"
"72443","KIA","2022","190","","0","2026-08-03","https://www.koreabaseball.com/Record/Player/PitcherDetail/SeasonReg.aspx?playerId=72443"
"72443","KIA","2023","200","","0","2026-08-03","https://www.koreabaseball.com/Record/Player/PitcherDetail/SeasonReg.aspx?playerId=72443"
"72443","KIA","2024","163","","0","2026-08-03","https://www.koreabaseball.com/Record/Player/PitcherDetail/SeasonReg.aspx?playerId=72443"
"72443","KIA","2025","197","","0","2026-08-03","https://www.koreabaseball.com/Record/Player/PitcherDetail/SeasonReg.aspx?playerId=72443"
"72523","롯데","2002","11","","0","2026-08-03","https://www.koreabaseball.com/Record/Player/PitcherDetail/SeasonReg.aspx?playerId=72523"
"72523","SK","2003","0","","0","2026-08-03","https://www.koreabaseball.com/Record/Player/PitcherDetail/SeasonReg.aspx?playerId=72523"
"72523","SK","2004","108","","0","2026-08-03","https://www.koreabaseball.com/Record/Player/PitcherDetail/SeasonReg.aspx?playerId=72523"
"72523","SK","2005","74","","0","2026-08-03","https://www.koreabaseball.com/Record/Player/PitcherDetail/SeasonReg.aspx?playerId=72523"
"72523","SK","2006","89","","0","2026-08-03","https://www.koreabaseball.com/Record/Player/PitcherDetail/SeasonReg.aspx?playerId=72523"
"72523","SK","2007","5","","0","2026-08-03","https://www.koreabaseball.com/Record/Player/PitcherDetail/SeasonReg.aspx?playerId=72523"
"72523","SK","2008","11","","0","2026-08-03","https://www.koreabaseball.com/Record/Player/PitcherDetail/SeasonReg.aspx?playerId=72523"
"72523","SK","2009","176","","0","2026-08-03","https://www.koreabaseball.com/Record/Player/PitcherDetail/SeasonReg.aspx?playerId=72523"
"72523","SK","2010","182","","0","2026-08-03","https://www.koreabaseball.com/Record/Player/PitcherDetail/SeasonReg.aspx?playerId=72523"
"72523","SK","2011","148","","0","2026-08-03","https://www.koreabaseball.com/Record/Player/PitcherDetail/SeasonReg.aspx?playerId=72523"
"72523","SK","2014","111","","0","2026-08-03","https://www.koreabaseball.com/Record/Player/PitcherDetail/SeasonReg.aspx?playerId=72523"
"72523","SK","2015","154","","0","2026-08-03","https://www.koreabaseball.com/Record/Player/PitcherDetail/SeasonReg.aspx?playerId=72523"
"72523","KIA","2016","95","","0","2026-08-03","https://www.koreabaseball.com/Record/Player/PitcherDetail/SeasonReg.aspx?playerId=72523"
"72523","KIA","2017","132","","0","2026-08-03","https://www.koreabaseball.com/Record/Player/PitcherDetail/SeasonReg.aspx?playerId=72523"
"72523","롯데","2018","115","","0","2026-08-03","https://www.koreabaseball.com/Record/Player/PitcherDetail/SeasonReg.aspx?playerId=72523"
"72523","롯데","2019","193","","0","2026-08-03","https://www.koreabaseball.com/Record/Player/PitcherDetail/SeasonReg.aspx?playerId=72523"
"72523","롯데","2020","77","","0","2026-08-03","https://www.koreabaseball.com/Record/Player/PitcherDetail/SeasonReg.aspx?playerId=72523"
"72523","LG","2021","5","","0","2026-08-03","https://www.koreabaseball.com/Record/Player/PitcherDetail/SeasonReg.aspx?playerId=72523"
"72523","SSG","2022","157","","0","2026-08-03","https://www.koreabaseball.com/Record/Player/PitcherDetail/SeasonReg.aspx?playerId=72523"
"72523","SSG","2023","190","","0","2026-08-03","https://www.koreabaseball.com/Record/Player/PitcherDetail/SeasonReg.aspx?playerId=72523"
"72523","SSG","2024","56","","0","2026-08-03","https://www.koreabaseball.com/Record/Player/PitcherDetail/SeasonReg.aspx?playerId=72523"
"72523","두산","2025","100","","0","2026-08-03","https://www.koreabaseball.com/Record/Player/PitcherDetail/SeasonReg.aspx?playerId=72523"
"73117","LG","2003","0","","0","2026-08-03","https://www.koreabaseball.com/Record/Player/PitcherDetail/SeasonReg.aspx?playerId=73117"
"73117","LG","2004","47","","0","2026-08-03","https://www.koreabaseball.com/Record/Player/PitcherDetail/SeasonReg.aspx?playerId=73117"
"73117","LG","2005","32","","0","2026-08-03","https://www.koreabaseball.com/Record/Player/PitcherDetail/SeasonReg.aspx?playerId=73117"
"73117","LG","2006","180","","0","2026-08-03","https://www.koreabaseball.com/Record/Player/PitcherDetail/SeasonReg.aspx?playerId=73117"
"73117","LG","2007","182","","0","2026-08-03","https://www.koreabaseball.com/Record/Player/PitcherDetail/SeasonReg.aspx?playerId=73117"
"73117","LG","2008","159","","0","2026-08-03","https://www.koreabaseball.com/Record/Player/PitcherDetail/SeasonReg.aspx?playerId=73117"
"73117","LG","2009","90","","0","2026-08-03","https://www.koreabaseball.com/Record/Player/PitcherDetail/SeasonReg.aspx?playerId=73117"
"73117","LG","2012","165","","0","2026-08-03","https://www.koreabaseball.com/Record/Player/PitcherDetail/SeasonReg.aspx?playerId=73117"
"73117","LG","2013","175","","0","2026-08-03","https://www.koreabaseball.com/Record/Player/PitcherDetail/SeasonReg.aspx?playerId=73117"
"73117","LG","2014","164","","0","2026-08-03","https://www.koreabaseball.com/Record/Player/PitcherDetail/SeasonReg.aspx?playerId=73117"
"73117","LG","2015","146","프리미어12 28(우승)","28","2026-08-03","https://www.koreabaseball.com/Record/Player/PitcherDetail/SeasonReg.aspx?playerId=73117"
"73117","LG","2016","156","","0","2026-08-03","https://www.koreabaseball.com/Record/Player/PitcherDetail/SeasonReg.aspx?playerId=73117"
"73117","삼성","2017","162","WBC 28(1라운드)","28","2026-08-03","https://www.koreabaseball.com/Record/Player/PitcherDetail/SeasonReg.aspx?playerId=73117"
"73117","삼성","2018","147","","0","2026-08-03","https://www.koreabaseball.com/Record/Player/PitcherDetail/SeasonReg.aspx?playerId=73117"
"73117","삼성","2019","191","","0","2026-08-03","https://www.koreabaseball.com/Record/Player/PitcherDetail/SeasonReg.aspx?playerId=73117"
"73117","삼성","2020","178","","0","2026-08-03","https://www.koreabaseball.com/Record/Player/PitcherDetail/SeasonReg.aspx?playerId=73117"
"73117","삼성","2021","183","","0","2026-08-03","https://www.koreabaseball.com/Record/Player/PitcherDetail/SeasonReg.aspx?playerId=73117"
"73117","삼성","2022","180","","0","2026-08-03","https://www.koreabaseball.com/Record/Player/PitcherDetail/SeasonReg.aspx?playerId=73117"
"73117","삼성","2023","177","","0","2026-08-03","https://www.koreabaseball.com/Record/Player/PitcherDetail/SeasonReg.aspx?playerId=73117"
"73117","KT","2024","166","","0","2026-08-03","https://www.koreabaseball.com/Record/Player/PitcherDetail/SeasonReg.aspx?playerId=73117"
"73117","KT","2025","196","","0","2026-08-03","https://www.koreabaseball.com/Record/Player/PitcherDetail/SeasonReg.aspx?playerId=73117"
"73211","두산","2003","29","","0","2026-08-03","https://www.koreabaseball.com/Record/Player/PitcherDetail/SeasonReg.aspx?playerId=73211"
"73211","두산","2004","137","","0","2026-08-03","https://www.koreabaseball.com/Record/Player/PitcherDetail/SeasonReg.aspx?playerId=73211"
"73211","두산","2005","0","","0","2026-08-03","https://www.koreabaseball.com/Record/Player/PitcherDetail/SeasonReg.aspx?playerId=73211"
"73211","두산","2007","106","","0","2026-08-03","https://www.koreabaseball.com/Record/Player/PitcherDetail/SeasonReg.aspx?playerId=73211"
"73211","두산","2008","17","","0","2026-08-03","https://www.koreabaseball.com/Record/Player/PitcherDetail/SeasonReg.aspx?playerId=73211"
"73211","두산","2009","43","","0","2026-08-03","https://www.koreabaseball.com/Record/Player/PitcherDetail/SeasonReg.aspx?playerId=73211"
"73211","두산","2010","30","","0","2026-08-03","https://www.koreabaseball.com/Record/Player/PitcherDetail/SeasonReg.aspx?playerId=73211"
"73211","두산","2011","136","","0","2026-08-03","https://www.koreabaseball.com/Record/Player/PitcherDetail/SeasonReg.aspx?playerId=73211"
"73211","두산","2012","183","","0","2026-08-03","https://www.koreabaseball.com/Record/Player/PitcherDetail/SeasonReg.aspx?playerId=73211"
"73211","두산","2013","187","","0","2026-08-03","https://www.koreabaseball.com/Record/Player/PitcherDetail/SeasonReg.aspx?playerId=73211"
"73211","두산","2014","169","","0","2026-08-03","https://www.koreabaseball.com/Record/Player/PitcherDetail/SeasonReg.aspx?playerId=73211"
"73211","두산","2015","113","","0","2026-08-03","https://www.koreabaseball.com/Record/Player/PitcherDetail/SeasonReg.aspx?playerId=73211"
"73211","롯데","2016","130","","0","2026-08-03","https://www.koreabaseball.com/Record/Player/PitcherDetail/SeasonReg.aspx?playerId=73211"
"73211","롯데","2017","36","","0","2026-08-03","https://www.koreabaseball.com/Record/Player/PitcherDetail/SeasonReg.aspx?playerId=73211"
"73211","롯데","2018","161","","0","2026-08-03","https://www.koreabaseball.com/Record/Player/PitcherDetail/SeasonReg.aspx?playerId=73211"
"73211","롯데","2020","161","","0","2026-08-03","https://www.koreabaseball.com/Record/Player/PitcherDetail/SeasonReg.aspx?playerId=73211"
"73211","롯데","2021","78","","0","2026-08-03","https://www.koreabaseball.com/Record/Player/PitcherDetail/SeasonReg.aspx?playerId=73211"
"73211","SSG","2022","159","","0","2026-08-03","https://www.koreabaseball.com/Record/Player/PitcherDetail/SeasonReg.aspx?playerId=73211"
"73211","SSG","2023","200","","0","2026-08-03","https://www.koreabaseball.com/Record/Player/PitcherDetail/SeasonReg.aspx?playerId=73211"
"73211","SSG","2024","192","","0","2026-08-03","https://www.koreabaseball.com/Record/Player/PitcherDetail/SeasonReg.aspx?playerId=73211"
"73211","SSG","2025","194","","0","2026-08-03","https://www.koreabaseball.com/Record/Player/PitcherDetail/SeasonReg.aspx?playerId=73211"
"73801","SK","2003","169","","0","2026-08-03","https://www.koreabaseball.com/Record/Player/PitcherDetail/SeasonReg.aspx?playerId=73801"
"73801","SK","2004","122","","0","2026-08-03","https://www.koreabaseball.com/Record/Player/PitcherDetail/SeasonReg.aspx?playerId=73801"
"73801","SK","2005","23","","0","2026-08-03","https://www.koreabaseball.com/Record/Player/PitcherDetail/SeasonReg.aspx?playerId=73801"
"73801","SK","2006","113","","0","2026-08-03","https://www.koreabaseball.com/Record/Player/PitcherDetail/SeasonReg.aspx?playerId=73801"
"73801","SK","2007","126","","0","2026-08-03","https://www.koreabaseball.com/Record/Player/PitcherDetail/SeasonReg.aspx?playerId=73801"
"73801","SK","2008","155","","0","2026-08-03","https://www.koreabaseball.com/Record/Player/PitcherDetail/SeasonReg.aspx?playerId=73801"
"73801","SK","2009","176","","0","2026-08-03","https://www.koreabaseball.com/Record/Player/PitcherDetail/SeasonReg.aspx?playerId=73801"
"73801","SK","2010","181","아시안게임 병역(금메달)","0","2026-08-03","https://www.koreabaseball.com/Record/Player/PitcherDetail/SeasonReg.aspx?playerId=73801"
"73801","SK","2011","166","","0","2026-08-03","https://www.koreabaseball.com/Record/Player/PitcherDetail/SeasonReg.aspx?playerId=73801"
"73801","SK","2012","124","","0","2026-08-03","https://www.koreabaseball.com/Record/Player/PitcherDetail/SeasonReg.aspx?playerId=73801"
"73801","KIA","2013","138","","0","2026-08-03","https://www.koreabaseball.com/Record/Player/PitcherDetail/SeasonReg.aspx?playerId=73801"
"73801","KIA","2014","138","","0","2026-08-03","https://www.koreabaseball.com/Record/Player/PitcherDetail/SeasonReg.aspx?playerId=73801"
"73801","한화","2015","148","","0","2026-08-03","https://www.koreabaseball.com/Record/Player/PitcherDetail/SeasonReg.aspx?playerId=73801"
"73801","한화","2016","166","","0","2026-08-03","https://www.koreabaseball.com/Record/Player/PitcherDetail/SeasonReg.aspx?playerId=73801"
"73801","한화","2017","64","","0","2026-08-03","https://www.koreabaseball.com/Record/Player/PitcherDetail/SeasonReg.aspx?playerId=73801"
"73801","한화","2018","186","","0","2026-08-03","https://www.koreabaseball.com/Record/Player/PitcherDetail/SeasonReg.aspx?playerId=73801"
"73801","LG","2019","166","","0","2026-08-03","https://www.koreabaseball.com/Record/Player/PitcherDetail/SeasonReg.aspx?playerId=73801"
"73801","LG","2020","154","","0","2026-08-03","https://www.koreabaseball.com/Record/Player/PitcherDetail/SeasonReg.aspx?playerId=73801"
"73801","LG","2021","136","","0","2026-08-03","https://www.koreabaseball.com/Record/Player/PitcherDetail/SeasonReg.aspx?playerId=73801"
"73801","LG","2022","73","","0","2026-08-03","https://www.koreabaseball.com/Record/Player/PitcherDetail/SeasonReg.aspx?playerId=73801"
"73801","LG","2023","27","","0","2026-08-03","https://www.koreabaseball.com/Record/Player/PitcherDetail/SeasonReg.aspx?playerId=73801"
"73801","삼성","2024","31","","0","2026-08-03","https://www.koreabaseball.com/Record/Player/PitcherDetail/SeasonReg.aspx?playerId=73801"
"73801","삼성","2025","33","","0","2026-08-03","https://www.koreabaseball.com/Record/Player/PitcherDetail/SeasonReg.aspx?playerId=73801"
"74163","LG","2004","74","","0","2026-08-03","https://www.koreabaseball.com/Record/Player/PitcherDetail/SeasonReg.aspx?playerId=74163"
"74163","KIA","2005","180","","0","2026-08-03","https://www.koreabaseball.com/Record/Player/PitcherDetail/SeasonReg.aspx?playerId=74163"
"74163","KIA","2006","181","","0","2026-08-03","https://www.koreabaseball.com/Record/Player/PitcherDetail/SeasonReg.aspx?playerId=74163"
"74163","KIA","2007","186","","0","2026-08-03","https://www.koreabaseball.com/Record/Player/PitcherDetail/SeasonReg.aspx?playerId=74163"
"74163","KIA","2008","152","","0","2026-08-03","https://www.koreabaseball.com/Record/Player/PitcherDetail/SeasonReg.aspx?playerId=74163"
"74163","KIA","2009","75","WBC 40(준우승)","40","2026-08-03","https://www.koreabaseball.com/Record/Player/PitcherDetail/SeasonReg.aspx?playerId=74163"
"74163","KIA","2010","184","아시안게임 28(금메달)","28","2026-08-03","https://www.koreabaseball.com/Record/Player/PitcherDetail/SeasonReg.aspx?playerId=74163"
"74163","KIA","2011","166","","0","2026-08-03","https://www.koreabaseball.com/Record/Player/PitcherDetail/SeasonReg.aspx?playerId=74163"
"74163","KIA","2012","183","","0","2026-08-03","https://www.koreabaseball.com/Record/Player/PitcherDetail/SeasonReg.aspx?playerId=74163"
"74163","KIA","2013","151","","0","2026-08-03","https://www.koreabaseball.com/Record/Player/PitcherDetail/SeasonReg.aspx?playerId=74163"
"74163","한화","2014","176","","0","2026-08-03","https://www.koreabaseball.com/Record/Player/PitcherDetail/SeasonReg.aspx?playerId=74163"
"74163","한화","2015","171","프리미어12 28(우승)","28","2026-08-03","https://www.koreabaseball.com/Record/Player/PitcherDetail/SeasonReg.aspx?playerId=74163"
"74163","한화","2016","164","","0","2026-08-03","https://www.koreabaseball.com/Record/Player/PitcherDetail/SeasonReg.aspx?playerId=74163"
"74163","한화","2017","103","WBC 27(1라운드)","27","2026-08-03","https://www.koreabaseball.com/Record/Player/PitcherDetail/SeasonReg.aspx?playerId=74163"
"74163","한화","2018","186","","0","2026-08-03","https://www.koreabaseball.com/Record/Player/PitcherDetail/SeasonReg.aspx?playerId=74163"
"74163","한화","2020","176","","0","2026-08-03","https://www.koreabaseball.com/Record/Player/PitcherDetail/SeasonReg.aspx?playerId=74163"
"74163","키움","2021","183","","0","2026-08-03","https://www.koreabaseball.com/Record/Player/PitcherDetail/SeasonReg.aspx?playerId=74163"
"74163","키움","2022","179","","0","2026-08-03","https://www.koreabaseball.com/Record/Player/PitcherDetail/SeasonReg.aspx?playerId=74163"
"74163","키움","2023","82","","0","2026-08-03","https://www.koreabaseball.com/Record/Player/PitcherDetail/SeasonReg.aspx?playerId=74163"
"74163","키움","2024","119","","0","2026-08-03","https://www.koreabaseball.com/Record/Player/PitcherDetail/SeasonReg.aspx?playerId=74163"
"74163","키움","2025","24","","0","2026-08-03","https://www.koreabaseball.com/Record/Player/PitcherDetail/SeasonReg.aspx?playerId=74163"
"74540","롯데","2004","8","","0","2026-08-03","https://www.koreabaseball.com/Record/Player/PitcherDetail/SeasonReg.aspx?playerId=74540"
"74540","롯데","2005","180","","0","2026-08-03","https://www.koreabaseball.com/Record/Player/PitcherDetail/SeasonReg.aspx?playerId=74540"
"74540","롯데","2006","181","","0","2026-08-03","https://www.koreabaseball.com/Record/Player/PitcherDetail/SeasonReg.aspx?playerId=74540"
"74540","롯데","2007","183","","0","2026-08-03","https://www.koreabaseball.com/Record/Player/PitcherDetail/SeasonReg.aspx?playerId=74540"
"74540","롯데","2008","170","","0","2026-08-03","https://www.koreabaseball.com/Record/Player/PitcherDetail/SeasonReg.aspx?playerId=74540"
"74540","롯데","2009","118","WBC 40(준우승)","40","2026-08-03","https://www.koreabaseball.com/Record/Player/PitcherDetail/SeasonReg.aspx?playerId=74540"
"74540","롯데","2010","183","아시안게임 28(금메달)","28","2026-08-03","https://www.koreabaseball.com/Record/Player/PitcherDetail/SeasonReg.aspx?playerId=74540"
"74540","롯데","2011","188","","0","2026-08-03","https://www.koreabaseball.com/Record/Player/PitcherDetail/SeasonReg.aspx?playerId=74540"
"74540","롯데","2012","183","","0","2026-08-03","https://www.koreabaseball.com/Record/Player/PitcherDetail/SeasonReg.aspx?playerId=74540"
"74540","롯데","2013","166","","0","2026-08-03","https://www.koreabaseball.com/Record/Player/PitcherDetail/SeasonReg.aspx?playerId=74540"
"74540","롯데","2014","163","아시안게임 15(금메달)","15","2026-08-03","https://www.koreabaseball.com/Record/Player/PitcherDetail/SeasonReg.aspx?playerId=74540"
"74540","롯데","2015","180","프리미어12 28(우승)","28","2026-08-03","https://www.koreabaseball.com/Record/Player/PitcherDetail/SeasonReg.aspx?playerId=74540"
"74540","롯데","2016","167","","0","2026-08-03","https://www.koreabaseball.com/Record/Player/PitcherDetail/SeasonReg.aspx?playerId=74540"
"74540","롯데","2017","187","","0","2026-08-03","https://www.koreabaseball.com/Record/Player/PitcherDetail/SeasonReg.aspx?playerId=74540"
"74540","삼성","2018","186","","0","2026-08-03","https://www.koreabaseball.com/Record/Player/PitcherDetail/SeasonReg.aspx?playerId=74540"
"74540","삼성","2019","191","","0","2026-08-03","https://www.koreabaseball.com/Record/Player/PitcherDetail/SeasonReg.aspx?playerId=74540"
"74540","삼성","2020","179","","0","2026-08-03","https://www.koreabaseball.com/Record/Player/PitcherDetail/SeasonReg.aspx?playerId=74540"
"74540","삼성","2021","183","올림픽 10(4위)","10","2026-08-03","https://www.koreabaseball.com/Record/Player/PitcherDetail/SeasonReg.aspx?playerId=74540"
"74540","삼성","2022","190","","0","2026-08-03","https://www.koreabaseball.com/Record/Player/PitcherDetail/SeasonReg.aspx?playerId=74540"
"74540","삼성","2023","198","","0","2026-08-03","https://www.koreabaseball.com/Record/Player/PitcherDetail/SeasonReg.aspx?playerId=74540"
"74540","삼성","2024","190","","0","2026-08-03","https://www.koreabaseball.com/Record/Player/PitcherDetail/SeasonReg.aspx?playerId=74540"
"74540","삼성","2025","197","","0","2026-08-03","https://www.koreabaseball.com/Record/Player/PitcherDetail/SeasonReg.aspx?playerId=74540"
"75125","LG","2005","142","","0","2026-08-03","https://www.koreabaseball.com/Record/Player/PitcherDetail/SeasonReg.aspx?playerId=75125"
"75125","LG","2006","86","","0","2026-08-03","https://www.koreabaseball.com/Record/Player/PitcherDetail/SeasonReg.aspx?playerId=75125"
"75125","LG","2009","107","","0","2026-08-03","https://www.koreabaseball.com/Record/Player/PitcherDetail/SeasonReg.aspx?playerId=75125"
"75125","LG","2010","119","","0","2026-08-03","https://www.koreabaseball.com/Record/Player/PitcherDetail/SeasonReg.aspx?playerId=75125"
"75125","넥센","2011","89","","0","2026-08-03","https://www.koreabaseball.com/Record/Player/PitcherDetail/SeasonReg.aspx?playerId=75125"
"75125","넥센","2012","182","","0","2026-08-03","https://www.koreabaseball.com/Record/Player/PitcherDetail/SeasonReg.aspx?playerId=75125"
"75125","넥센","2013","190","","0","2026-08-03","https://www.koreabaseball.com/Record/Player/PitcherDetail/SeasonReg.aspx?playerId=75125"
"75125","넥센","2014","187","아시안게임 15(금메달)","15","2026-08-03","https://www.koreabaseball.com/Record/Player/PitcherDetail/SeasonReg.aspx?playerId=75125"
"75125","넥센","2015","190","프리미어12 28(우승)","28","2026-08-03","https://www.koreabaseball.com/Record/Player/PitcherDetail/SeasonReg.aspx?playerId=75125"
"75125","넥센","2018","150","아시안게임 25(금메달)","25","2026-08-03","https://www.koreabaseball.com/Record/Player/PitcherDetail/SeasonReg.aspx?playerId=75125"
"75125","키움","2019","177","프리미어12 60(준우승)","60","2026-08-03","https://www.koreabaseball.com/Record/Player/PitcherDetail/SeasonReg.aspx?playerId=75125"
"75125","키움","2020","145","","0","2026-08-03","https://www.koreabaseball.com/Record/Player/PitcherDetail/SeasonReg.aspx?playerId=75125"
"75125","키움","2021","177","","0","2026-08-03","https://www.koreabaseball.com/Record/Player/PitcherDetail/SeasonReg.aspx?playerId=75125"
"75125","KT","2022","182","","0","2026-08-03","https://www.koreabaseball.com/Record/Player/PitcherDetail/SeasonReg.aspx?playerId=75125"
"75125","KT","2023","191","WBC 10(1라운드)","10","2026-08-03","https://www.koreabaseball.com/Record/Player/PitcherDetail/SeasonReg.aspx?playerId=75125"
"75125","삼성","2024","187","","0","2026-08-03","https://www.koreabaseball.com/Record/Player/PitcherDetail/SeasonReg.aspx?playerId=75125"
"75125","삼성","2025","139","","0","2026-08-03","https://www.koreabaseball.com/Record/Player/PitcherDetail/SeasonReg.aspx?playerId=75125"
"75334","현대","2005","4","","0","2026-08-03","https://www.koreabaseball.com/Record/Player/PitcherDetail/SeasonReg.aspx?playerId=75334"
"75334","현대","2006","0","","0","2026-08-03","https://www.koreabaseball.com/Record/Player/PitcherDetail/SeasonReg.aspx?playerId=75334"
"75334","히어로즈","2009","64","","0","2026-08-03","https://www.koreabaseball.com/Record/Player/PitcherDetail/SeasonReg.aspx?playerId=75334"
"75334","넥센","2010","77","","0","2026-08-03","https://www.koreabaseball.com/Record/Player/PitcherDetail/SeasonReg.aspx?playerId=75334"
"75334","넥센","2011","72","","0","2026-08-03","https://www.koreabaseball.com/Record/Player/PitcherDetail/SeasonReg.aspx?playerId=75334"
"75334","두산","2012","140","","0","2026-08-03","https://www.koreabaseball.com/Record/Player/PitcherDetail/SeasonReg.aspx?playerId=75334"
"75334","두산","2013","101","","0","2026-08-03","https://www.koreabaseball.com/Record/Player/PitcherDetail/SeasonReg.aspx?playerId=75334"
"75334","두산","2014","117","","0","2026-08-03","https://www.koreabaseball.com/Record/Player/PitcherDetail/SeasonReg.aspx?playerId=75334"
"75334","두산","2015","95","","0","2026-08-03","https://www.koreabaseball.com/Record/Player/PitcherDetail/SeasonReg.aspx?playerId=75334"
"75334","두산","2016","150","","0","2026-08-03","https://www.koreabaseball.com/Record/Player/PitcherDetail/SeasonReg.aspx?playerId=75334"
"75334","두산","2017","177","","0","2026-08-03","https://www.koreabaseball.com/Record/Player/PitcherDetail/SeasonReg.aspx?playerId=75334"
"75334","두산","2018","167","","0","2026-08-03","https://www.koreabaseball.com/Record/Player/PitcherDetail/SeasonReg.aspx?playerId=75334"
"75334","두산","2019","181","","0","2026-08-03","https://www.koreabaseball.com/Record/Player/PitcherDetail/SeasonReg.aspx?playerId=75334"
"75334","두산","2020","179","","0","2026-08-03","https://www.koreabaseball.com/Record/Player/PitcherDetail/SeasonReg.aspx?playerId=75334"
"75334","삼성","2021","159","올림픽 10(4위)","10","2026-08-03","https://www.koreabaseball.com/Record/Player/PitcherDetail/SeasonReg.aspx?playerId=75334"
"75334","삼성","2022","184","","0","2026-08-03","https://www.koreabaseball.com/Record/Player/PitcherDetail/SeasonReg.aspx?playerId=75334"
"75334","삼성","2023","187","","0","2026-08-03","https://www.koreabaseball.com/Record/Player/PitcherDetail/SeasonReg.aspx?playerId=75334"
"75334","KT","2024","154","","0","2026-08-03","https://www.koreabaseball.com/Record/Player/PitcherDetail/SeasonReg.aspx?playerId=75334"
"75334","KT","2025","0","","0","2026-08-03","https://www.koreabaseball.com/Record/Player/PitcherDetail/SeasonReg.aspx?playerId=75334"
"75421","삼성","2005","180","","0","2026-08-03","https://www.koreabaseball.com/Record/Player/PitcherDetail/SeasonReg.aspx?playerId=75421"
"75421","삼성","2006","181","","0","2026-08-03","https://www.koreabaseball.com/Record/Player/PitcherDetail/SeasonReg.aspx?playerId=75421"
"75421","삼성","2007","183","","0","2026-08-03","https://www.koreabaseball.com/Record/Player/PitcherDetail/SeasonReg.aspx?playerId=75421"
"75421","삼성","2008","170","","0","2026-08-03","https://www.koreabaseball.com/Record/Player/PitcherDetail/SeasonReg.aspx?playerId=75421"
"75421","삼성","2009","106","WBC 40(준우승)","40","2026-08-03","https://www.koreabaseball.com/Record/Player/PitcherDetail/SeasonReg.aspx?playerId=75421"
"75421","삼성","2010","50","","0","2026-08-03","https://www.koreabaseball.com/Record/Player/PitcherDetail/SeasonReg.aspx?playerId=75421"
"75421","삼성","2011","188","","0","2026-08-03","https://www.koreabaseball.com/Record/Player/PitcherDetail/SeasonReg.aspx?playerId=75421"
"75421","삼성","2012","181","","0","2026-08-03","https://www.koreabaseball.com/Record/Player/PitcherDetail/SeasonReg.aspx?playerId=75421"
"75421","삼성","2013","188","","0","2026-08-03","https://www.koreabaseball.com/Record/Player/PitcherDetail/SeasonReg.aspx?playerId=75421"
"75421","삼성","2020","144","","0","2026-08-03","https://www.koreabaseball.com/Record/Player/PitcherDetail/SeasonReg.aspx?playerId=75421"
"75421","삼성","2021","183","올림픽 10(4위)","10","2026-08-03","https://www.koreabaseball.com/Record/Player/PitcherDetail/SeasonReg.aspx?playerId=75421"
"75421","삼성","2022","190","","0","2026-08-03","https://www.koreabaseball.com/Record/Player/PitcherDetail/SeasonReg.aspx?playerId=75421"
"75421","삼성","2023","178","","0","2026-08-03","https://www.koreabaseball.com/Record/Player/PitcherDetail/SeasonReg.aspx?playerId=75421"
"75421","삼성","2024","174","","0","2026-08-03","https://www.koreabaseball.com/Record/Player/PitcherDetail/SeasonReg.aspx?playerId=75421"
"75421","삼성","2025","37","","0","2026-08-03","https://www.koreabaseball.com/Record/Player/PitcherDetail/SeasonReg.aspx?playerId=75421"
"75566","롯데","2005","123","","0","2026-08-03","https://www.koreabaseball.com/Record/Player/PitcherDetail/SeasonReg.aspx?playerId=75566"
"75566","롯데","2006","181","","0","2026-08-03","https://www.koreabaseball.com/Record/Player/PitcherDetail/SeasonReg.aspx?playerId=75566"
"75566","롯데","2007","183","","0","2026-08-03","https://www.koreabaseball.com/Record/Player/PitcherDetail/SeasonReg.aspx?playerId=75566"
"75566","롯데","2008","170","","0","2026-08-03","https://www.koreabaseball.com/Record/Player/PitcherDetail/SeasonReg.aspx?playerId=75566"
"75566","두산","2009","176","","0","2026-08-03","https://www.koreabaseball.com/Record/Player/PitcherDetail/SeasonReg.aspx?playerId=75566"
"75566","두산","2010","149","","0","2026-08-03","https://www.koreabaseball.com/Record/Player/PitcherDetail/SeasonReg.aspx?playerId=75566"
"75566","두산","2011","168","","0","2026-08-03","https://www.koreabaseball.com/Record/Player/PitcherDetail/SeasonReg.aspx?playerId=75566"
"75566","두산","2012","155","","0","2026-08-03","https://www.koreabaseball.com/Record/Player/PitcherDetail/SeasonReg.aspx?playerId=75566"
"75566","두산","2013","130","","0","2026-08-03","https://www.koreabaseball.com/Record/Player/PitcherDetail/SeasonReg.aspx?playerId=75566"
"75566","두산","2014","133","","0","2026-08-03","https://www.koreabaseball.com/Record/Player/PitcherDetail/SeasonReg.aspx?playerId=75566"
"75566","두산","2016","17","","0","2026-08-03","https://www.koreabaseball.com/Record/Player/PitcherDetail/SeasonReg.aspx?playerId=75566"
"75566","삼성","2017","164","","0","2026-08-03","https://www.koreabaseball.com/Record/Player/PitcherDetail/SeasonReg.aspx?playerId=75566"
"75566","삼성","2018","176","","0","2026-08-03","https://www.koreabaseball.com/Record/Player/PitcherDetail/SeasonReg.aspx?playerId=75566"
"75566","삼성","2019","158","","0","2026-08-03","https://www.koreabaseball.com/Record/Player/PitcherDetail/SeasonReg.aspx?playerId=75566"
"75566","삼성","2020","179","","0","2026-08-03","https://www.koreabaseball.com/Record/Player/PitcherDetail/SeasonReg.aspx?playerId=75566"
"75566","삼성","2021","183","","0","2026-08-03","https://www.koreabaseball.com/Record/Player/PitcherDetail/SeasonReg.aspx?playerId=75566"
"75566","삼성","2022","151","","0","2026-08-03","https://www.koreabaseball.com/Record/Player/PitcherDetail/SeasonReg.aspx?playerId=75566"
"75566","키움","2023","117","","0","2026-08-03","https://www.koreabaseball.com/Record/Player/PitcherDetail/SeasonReg.aspx?playerId=75566"
"75566","키움","2024","93","","0","2026-08-03","https://www.koreabaseball.com/Record/Player/PitcherDetail/SeasonReg.aspx?playerId=75566"
"75566","키움","2025","14","","0","2026-08-03","https://www.koreabaseball.com/Record/Player/PitcherDetail/SeasonReg.aspx?playerId=75566"
"75847","SK","2005","94","","0","2026-08-03","https://www.koreabaseball.com/Record/Player/PitcherDetail/SeasonReg.aspx?playerId=75847"
"75847","SK","2006","146","","0","2026-08-03","https://www.koreabaseball.com/Record/Player/PitcherDetail/SeasonReg.aspx?playerId=75847"
"75847","SK","2007","184","","0","2026-08-03","https://www.koreabaseball.com/Record/Player/PitcherDetail/SeasonReg.aspx?playerId=75847"
"75847","SK","2008","161","","0","2026-08-03","https://www.koreabaseball.com/Record/Player/PitcherDetail/SeasonReg.aspx?playerId=75847"
"75847","SK","2009","151","WBC 40(준우승)","40","2026-08-03","https://www.koreabaseball.com/Record/Player/PitcherDetail/SeasonReg.aspx?playerId=75847"
"75847","SK","2010","174","아시안게임 병역(금메달)","0","2026-08-03","https://www.koreabaseball.com/Record/Player/PitcherDetail/SeasonReg.aspx?playerId=75847"
"75847","SK","2011","168","","0","2026-08-03","https://www.koreabaseball.com/Record/Player/PitcherDetail/SeasonReg.aspx?playerId=75847"
"75847","SK","2012","183","","0","2026-08-03","https://www.koreabaseball.com/Record/Player/PitcherDetail/SeasonReg.aspx?playerId=75847"
"75847","SK","2013","190","","0","2026-08-03","https://www.koreabaseball.com/Record/Player/PitcherDetail/SeasonReg.aspx?playerId=75847"
"75847","SK","2014","136","","0","2026-08-03","https://www.koreabaseball.com/Record/Player/PitcherDetail/SeasonReg.aspx?playerId=75847"
"75847","SK","2015","129","","0","2026-08-03","https://www.koreabaseball.com/Record/Player/PitcherDetail/SeasonReg.aspx?playerId=75847"
"75847","SK","2016","191","","0","2026-08-03","https://www.koreabaseball.com/Record/Player/PitcherDetail/SeasonReg.aspx?playerId=75847"
"75847","SK","2017","187","","0","2026-08-03","https://www.koreabaseball.com/Record/Player/PitcherDetail/SeasonReg.aspx?playerId=75847"
"75847","SK","2018","165","","0","2026-08-03","https://www.koreabaseball.com/Record/Player/PitcherDetail/SeasonReg.aspx?playerId=75847"
"75847","SK","2019","192","프리미어12 60(준우승)","60","2026-08-03","https://www.koreabaseball.com/Record/Player/PitcherDetail/SeasonReg.aspx?playerId=75847"
"75847","SK","2020","179","","0","2026-08-03","https://www.koreabaseball.com/Record/Player/PitcherDetail/SeasonReg.aspx?playerId=75847"
"75847","SSG","2021","183","","0","2026-08-03","https://www.koreabaseball.com/Record/Player/PitcherDetail/SeasonReg.aspx?playerId=75847"
"75847","SSG","2022","187","","0","2026-08-03","https://www.koreabaseball.com/Record/Player/PitcherDetail/SeasonReg.aspx?playerId=75847"
"75847","SSG","2023","194","WBC 10(1라운드)","10","2026-08-03","https://www.koreabaseball.com/Record/Player/PitcherDetail/SeasonReg.aspx?playerId=75847"
"75847","SSG","2024","192","","0","2026-08-03","https://www.koreabaseball.com/Record/Player/PitcherDetail/SeasonReg.aspx?playerId=75847"
"75847","SSG","2025","142","","0","2026-08-03","https://www.koreabaseball.com/Record/Player/PitcherDetail/SeasonReg.aspx?playerId=75847"
"75867","SK","2005","0","","0","2026-08-03","https://www.koreabaseball.com/Record/Player/PitcherDetail/SeasonReg.aspx?playerId=75867"
"75867","NC","2013","129","","0","2026-08-03","https://www.koreabaseball.com/Record/Player/PitcherDetail/SeasonReg.aspx?playerId=75867"
"75867","NC","2014","187","","0","2026-08-03","https://www.koreabaseball.com/Record/Player/PitcherDetail/SeasonReg.aspx?playerId=75867"
"75867","NC","2015","156","","0","2026-08-03","https://www.koreabaseball.com/Record/Player/PitcherDetail/SeasonReg.aspx?playerId=75867"
"75867","NC","2016","172","","0","2026-08-03","https://www.koreabaseball.com/Record/Player/PitcherDetail/SeasonReg.aspx?playerId=75867"
"75867","NC","2017","187","","0","2026-08-03","https://www.koreabaseball.com/Record/Player/PitcherDetail/SeasonReg.aspx?playerId=75867"
"75867","NC","2018","127","","0","2026-08-03","https://www.koreabaseball.com/Record/Player/PitcherDetail/SeasonReg.aspx?playerId=75867"
"75867","NC","2019","153","","0","2026-08-03","https://www.koreabaseball.com/Record/Player/PitcherDetail/SeasonReg.aspx?playerId=75867"
"75867","NC","2020","119","","0","2026-08-03","https://www.koreabaseball.com/Record/Player/PitcherDetail/SeasonReg.aspx?playerId=75867"
"75867","NC","2021","96","","0","2026-08-03","https://www.koreabaseball.com/Record/Player/PitcherDetail/SeasonReg.aspx?playerId=75867"
"75867","LG","2022","184","","0","2026-08-03","https://www.koreabaseball.com/Record/Player/PitcherDetail/SeasonReg.aspx?playerId=75867"
"75867","LG","2023","198","","0","2026-08-03","https://www.koreabaseball.com/Record/Player/PitcherDetail/SeasonReg.aspx?playerId=75867"
"75867","LG","2024","170","","0","2026-08-03","https://www.koreabaseball.com/Record/Player/PitcherDetail/SeasonReg.aspx?playerId=75867"
"75867","LG","2025","194","","0","2026-08-03","https://www.koreabaseball.com/Record/Player/PitcherDetail/SeasonReg.aspx?playerId=75867"
"76118","LG","2006","8","","0","2026-08-03","https://www.koreabaseball.com/Record/Player/PitcherDetail/SeasonReg.aspx?playerId=76118"
"76118","LG","2007","0","","0","2026-08-03","https://www.koreabaseball.com/Record/Player/PitcherDetail/SeasonReg.aspx?playerId=76118"
"76118","NC","2013","0","","0","2026-08-03","https://www.koreabaseball.com/Record/Player/PitcherDetail/SeasonReg.aspx?playerId=76118"
"76118","NC","2014","187","","0","2026-08-03","https://www.koreabaseball.com/Record/Player/PitcherDetail/SeasonReg.aspx?playerId=76118"
"76118","NC","2015","0","","0","2026-08-03","https://www.koreabaseball.com/Record/Player/PitcherDetail/SeasonReg.aspx?playerId=76118"
"76118","NC","2016","132","","0","2026-08-03","https://www.koreabaseball.com/Record/Player/PitcherDetail/SeasonReg.aspx?playerId=76118"
"76118","NC","2017","177","WBC 28(1라운드)","28","2026-08-03","https://www.koreabaseball.com/Record/Player/PitcherDetail/SeasonReg.aspx?playerId=76118"
"76118","NC","2018","167","","0","2026-08-03","https://www.koreabaseball.com/Record/Player/PitcherDetail/SeasonReg.aspx?playerId=76118"
"76118","NC","2019","193","프리미어12 60(준우승)","60","2026-08-03","https://www.koreabaseball.com/Record/Player/PitcherDetail/SeasonReg.aspx?playerId=76118"
"76118","NC","2020","180","","0","2026-08-03","https://www.koreabaseball.com/Record/Player/PitcherDetail/SeasonReg.aspx?playerId=76118"
"76118","NC","2021","183","","0","2026-08-03","https://www.koreabaseball.com/Record/Player/PitcherDetail/SeasonReg.aspx?playerId=76118"
"76118","NC","2022","189","","0","2026-08-03","https://www.koreabaseball.com/Record/Player/PitcherDetail/SeasonReg.aspx?playerId=76118"
"76118","키움","2023","83","","0","2026-08-03","https://www.koreabaseball.com/Record/Player/PitcherDetail/SeasonReg.aspx?playerId=76118"
"76118","키움","2024","15","","0","2026-08-03","https://www.koreabaseball.com/Record/Player/PitcherDetail/SeasonReg.aspx?playerId=76118"
"76118","키움","2025","182","","0","2026-08-03","https://www.koreabaseball.com/Record/Player/PitcherDetail/SeasonReg.aspx?playerId=76118"
"76225","두산","2007","4","","0","2026-08-03","https://www.koreabaseball.com/Record/Player/PitcherDetail/SeasonReg.aspx?playerId=76225"
"76225","롯데","2018","31","","0","2026-08-03","https://www.koreabaseball.com/Record/Player/PitcherDetail/SeasonReg.aspx?playerId=76225"
"76225","롯데","2019","115","","0","2026-08-03","https://www.koreabaseball.com/Record/Player/PitcherDetail/SeasonReg.aspx?playerId=76225"
"76225","롯데","2020","105","","0","2026-08-03","https://www.koreabaseball.com/Record/Player/PitcherDetail/SeasonReg.aspx?playerId=76225"
"76225","롯데","2021","49","","0","2026-08-03","https://www.koreabaseball.com/Record/Player/PitcherDetail/SeasonReg.aspx?playerId=76225"
"76225","KIA","2023","28","","0","2026-08-03","https://www.koreabaseball.com/Record/Player/PitcherDetail/SeasonReg.aspx?playerId=76225"
"76225","KIA","2024","72","","0","2026-08-03","https://www.koreabaseball.com/Record/Player/PitcherDetail/SeasonReg.aspx?playerId=76225"
"76225","KIA","2025","118","","0","2026-08-03","https://www.koreabaseball.com/Record/Player/PitcherDetail/SeasonReg.aspx?playerId=76225"
"76232","두산","2006","0","","0","2026-08-03","https://www.koreabaseball.com/Record/Player/PitcherDetail/SeasonReg.aspx?playerId=76232"
"76232","두산","2007","19","","0","2026-08-03","https://www.koreabaseball.com/Record/Player/PitcherDetail/SeasonReg.aspx?playerId=76232"
"76232","두산","2010","182","","0","2026-08-03","https://www.koreabaseball.com/Record/Player/PitcherDetail/SeasonReg.aspx?playerId=76232"
"76232","두산","2011","176","","0","2026-08-03","https://www.koreabaseball.com/Record/Player/PitcherDetail/SeasonReg.aspx?playerId=76232"
"76232","두산","2012","183","","0","2026-08-03","https://www.koreabaseball.com/Record/Player/PitcherDetail/SeasonReg.aspx?playerId=76232"
"76232","두산","2013","180","","0","2026-08-03","https://www.koreabaseball.com/Record/Player/PitcherDetail/SeasonReg.aspx?playerId=76232"
"76232","두산","2014","158","","0","2026-08-03","https://www.koreabaseball.com/Record/Player/PitcherDetail/SeasonReg.aspx?playerId=76232"
"76232","두산","2015","191","프리미어12 21(우승)","21","2026-08-03","https://www.koreabaseball.com/Record/Player/PitcherDetail/SeasonReg.aspx?playerId=76232"
"76232","두산","2016","163","","0","2026-08-03","https://www.koreabaseball.com/Record/Player/PitcherDetail/SeasonReg.aspx?playerId=76232"
"76232","두산","2017","159","WBC 28(1라운드)","28","2026-08-03","https://www.koreabaseball.com/Record/Player/PitcherDetail/SeasonReg.aspx?playerId=76232"
"76232","두산","2018","187","아시안게임 25(금메달)","25","2026-08-03","https://www.koreabaseball.com/Record/Player/PitcherDetail/SeasonReg.aspx?playerId=76232"
"76232","NC","2019","162","프리미어12 60(준우승)","60","2026-08-03","https://www.koreabaseball.com/Record/Player/PitcherDetail/SeasonReg.aspx?playerId=76232"
"76232","NC","2020","180","","0","2026-08-03","https://www.koreabaseball.com/Record/Player/PitcherDetail/SeasonReg.aspx?playerId=76232"
"76232","NC","2021","182","올림픽 10(4위)","10","2026-08-03","https://www.koreabaseball.com/Record/Player/PitcherDetail/SeasonReg.aspx?playerId=76232"
"76232","NC","2022","184","","0","2026-08-03","https://www.koreabaseball.com/Record/Player/PitcherDetail/SeasonReg.aspx?playerId=76232"
"76232","두산","2023","196","WBC 10(1라운드)","10","2026-08-03","https://www.koreabaseball.com/Record/Player/PitcherDetail/SeasonReg.aspx?playerId=76232"
"76232","두산","2024","190","","0","2026-08-03","https://www.koreabaseball.com/Record/Player/PitcherDetail/SeasonReg.aspx?playerId=76232"
"76232","두산","2025","182","","0","2026-08-03","https://www.koreabaseball.com/Record/Player/PitcherDetail/SeasonReg.aspx?playerId=76232"
"76267","두산","2006","33","","0","2026-08-03","https://www.koreabaseball.com/Record/Player/PitcherDetail/SeasonReg.aspx?playerId=76267"
"76267","두산","2007","34","","0","2026-08-03","https://www.koreabaseball.com/Record/Player/PitcherDetail/SeasonReg.aspx?playerId=76267"
"76267","두산","2008","48","","0","2026-08-03","https://www.koreabaseball.com/Record/Player/PitcherDetail/SeasonReg.aspx?playerId=76267"
"76267","두산","2009","19","","0","2026-08-03","https://www.koreabaseball.com/Record/Player/PitcherDetail/SeasonReg.aspx?playerId=76267"
"76267","두산","2011","0","","0","2026-08-03","https://www.koreabaseball.com/Record/Player/PitcherDetail/SeasonReg.aspx?playerId=76267"
"76267","두산","2012","132","","0","2026-08-03","https://www.koreabaseball.com/Record/Player/PitcherDetail/SeasonReg.aspx?playerId=76267"
"76267","두산","2013","107","","0","2026-08-03","https://www.koreabaseball.com/Record/Player/PitcherDetail/SeasonReg.aspx?playerId=76267"
"76267","두산","2014","155","","0","2026-08-03","https://www.koreabaseball.com/Record/Player/PitcherDetail/SeasonReg.aspx?playerId=76267"
"76267","두산","2015","191","","0","2026-08-03","https://www.koreabaseball.com/Record/Player/PitcherDetail/SeasonReg.aspx?playerId=76267"
"76267","두산","2016","165","","0","2026-08-03","https://www.koreabaseball.com/Record/Player/PitcherDetail/SeasonReg.aspx?playerId=76267"
"76267","두산","2017","187","","0","2026-08-03","https://www.koreabaseball.com/Record/Player/PitcherDetail/SeasonReg.aspx?playerId=76267"
"76267","두산","2018","187","","0","2026-08-03","https://www.koreabaseball.com/Record/Player/PitcherDetail/SeasonReg.aspx?playerId=76267"
"76267","두산","2019","131","","0","2026-08-03","https://www.koreabaseball.com/Record/Player/PitcherDetail/SeasonReg.aspx?playerId=76267"
"76267","두산","2020","179","","0","2026-08-03","https://www.koreabaseball.com/Record/Player/PitcherDetail/SeasonReg.aspx?playerId=76267"
"76267","SSG","2021","171","올림픽 10(4위)","10","2026-08-03","https://www.koreabaseball.com/Record/Player/PitcherDetail/SeasonReg.aspx?playerId=76267"
"76267","SSG","2022","149","","0","2026-08-03","https://www.koreabaseball.com/Record/Player/PitcherDetail/SeasonReg.aspx?playerId=76267"
"76267","SSG","2023","200","","0","2026-08-03","https://www.koreabaseball.com/Record/Player/PitcherDetail/SeasonReg.aspx?playerId=76267"
"76267","키움","2024","182","","0","2026-08-03","https://www.koreabaseball.com/Record/Player/PitcherDetail/SeasonReg.aspx?playerId=76267"
"76267","키움","2025","192","","0","2026-08-03","https://www.koreabaseball.com/Record/Player/PitcherDetail/SeasonReg.aspx?playerId=76267"
"76290","두산","2006","3","","0","2026-08-03","https://www.koreabaseball.com/Record/Player/PitcherDetail/SeasonReg.aspx?playerId=76290"
"76290","두산","2007","161","","0","2026-08-03","https://www.koreabaseball.com/Record/Player/PitcherDetail/SeasonReg.aspx?playerId=76290"
"76290","두산","2008","170","","0","2026-08-03","https://www.koreabaseball.com/Record/Player/PitcherDetail/SeasonReg.aspx?playerId=76290"
"76290","두산","2009","176","WBC 40(준우승)","40","2026-08-03","https://www.koreabaseball.com/Record/Player/PitcherDetail/SeasonReg.aspx?playerId=76290"
"76290","두산","2010","182","아시안게임 28(금메달)","28","2026-08-03","https://www.koreabaseball.com/Record/Player/PitcherDetail/SeasonReg.aspx?playerId=76290"
"76290","두산","2011","188","","0","2026-08-03","https://www.koreabaseball.com/Record/Player/PitcherDetail/SeasonReg.aspx?playerId=76290"
"76290","두산","2012","183","","0","2026-08-03","https://www.koreabaseball.com/Record/Player/PitcherDetail/SeasonReg.aspx?playerId=76290"
"76290","두산","2013","190","","0","2026-08-03","https://www.koreabaseball.com/Record/Player/PitcherDetail/SeasonReg.aspx?playerId=76290"
"76290","두산","2014","187","아시안게임 15(금메달)","15","2026-08-03","https://www.koreabaseball.com/Record/Player/PitcherDetail/SeasonReg.aspx?playerId=76290"
"76290","두산","2015","191","프리미어12 21(우승)","21","2026-08-03","https://www.koreabaseball.com/Record/Player/PitcherDetail/SeasonReg.aspx?playerId=76290"
"76290","LG","2018","147","아시안게임 25(금메달)","25","2026-08-03","https://www.koreabaseball.com/Record/Player/PitcherDetail/SeasonReg.aspx?playerId=76290"
"76290","LG","2019","192","프리미어12 60(준우승)","60","2026-08-03","https://www.koreabaseball.com/Record/Player/PitcherDetail/SeasonReg.aspx?playerId=76290"
"76290","LG","2020","179","","0","2026-08-03","https://www.koreabaseball.com/Record/Player/PitcherDetail/SeasonReg.aspx?playerId=76290"
"76290","LG","2021","183","올림픽 10(4위)","10","2026-08-03","https://www.koreabaseball.com/Record/Player/PitcherDetail/SeasonReg.aspx?playerId=76290"
"76290","LG","2022","193","","0","2026-08-03","https://www.koreabaseball.com/Record/Player/PitcherDetail/SeasonReg.aspx?playerId=76290"
"76290","LG","2023","198","WBC 10(1라운드)","10","2026-08-03","https://www.koreabaseball.com/Record/Player/PitcherDetail/SeasonReg.aspx?playerId=76290"
"76290","LG","2024","190","","0","2026-08-03","https://www.koreabaseball.com/Record/Player/PitcherDetail/SeasonReg.aspx?playerId=76290"
"76290","LG","2025","194","","0","2026-08-03","https://www.koreabaseball.com/Record/Player/PitcherDetail/SeasonReg.aspx?playerId=76290"
"76313","현대","2006","0","","0","2026-08-03","https://www.koreabaseball.com/Record/Player/PitcherDetail/SeasonReg.aspx?playerId=76313"
"76313","현대","2007","118","","0","2026-08-03","https://www.koreabaseball.com/Record/Player/PitcherDetail/SeasonReg.aspx?playerId=76313"
"76313","우리","2008","171","","0","2026-08-03","https://www.koreabaseball.com/Record/Player/PitcherDetail/SeasonReg.aspx?playerId=76313"
"76313","히어로즈","2009","176","","0","2026-08-03","https://www.koreabaseball.com/Record/Player/PitcherDetail/SeasonReg.aspx?playerId=76313"
"76313","롯데","2010","136","","0","2026-08-03","https://www.koreabaseball.com/Record/Player/PitcherDetail/SeasonReg.aspx?playerId=76313"
"76313","롯데","2011","163","","0","2026-08-03","https://www.koreabaseball.com/Record/Player/PitcherDetail/SeasonReg.aspx?playerId=76313"
"76313","롯데","2012","183","","0","2026-08-03","https://www.koreabaseball.com/Record/Player/PitcherDetail/SeasonReg.aspx?playerId=76313"
"76313","롯데","2013","189","","0","2026-08-03","https://www.koreabaseball.com/Record/Player/PitcherDetail/SeasonReg.aspx?playerId=76313"
"76313","롯데","2014","187","아시안게임 병역(금메달)","0","2026-08-03","https://www.koreabaseball.com/Record/Player/PitcherDetail/SeasonReg.aspx?playerId=76313"
"76313","롯데","2015","191","프리미어12 28(우승)","28","2026-08-03","https://www.koreabaseball.com/Record/Player/PitcherDetail/SeasonReg.aspx?playerId=76313"
"76313","롯데","2016","174","","0","2026-08-03","https://www.koreabaseball.com/Record/Player/PitcherDetail/SeasonReg.aspx?playerId=76313"
"76313","KT","2018","186","아시안게임 25(금메달)","25","2026-08-03","https://www.koreabaseball.com/Record/Player/PitcherDetail/SeasonReg.aspx?playerId=76313"
"76313","KT","2019","158","프리미어12 60(준우승)","60","2026-08-03","https://www.koreabaseball.com/Record/Player/PitcherDetail/SeasonReg.aspx?playerId=76313"
"76313","KT","2020","179","","0","2026-08-03","https://www.koreabaseball.com/Record/Player/PitcherDetail/SeasonReg.aspx?playerId=76313"
"76313","KT","2021","176","올림픽 10(4위)","10","2026-08-03","https://www.koreabaseball.com/Record/Player/PitcherDetail/SeasonReg.aspx?playerId=76313"
"76313","KT","2022","193","","0","2026-08-03","https://www.koreabaseball.com/Record/Player/PitcherDetail/SeasonReg.aspx?playerId=76313"
"76313","KT","2023","171","","0","2026-08-03","https://www.koreabaseball.com/Record/Player/PitcherDetail/SeasonReg.aspx?playerId=76313"
"76313","KT","2024","190","","0","2026-08-03","https://www.koreabaseball.com/Record/Player/PitcherDetail/SeasonReg.aspx?playerId=76313"
"76313","KT","2025","189","","0","2026-08-03","https://www.koreabaseball.com/Record/Player/PitcherDetail/SeasonReg.aspx?playerId=76313"
"76430","삼성","2006","7","","0","2026-08-03","https://www.koreabaseball.com/Record/Player/PitcherDetail/SeasonReg.aspx?playerId=76430"
"76430","삼성","2008","47","","0","2026-08-03","https://www.koreabaseball.com/Record/Player/PitcherDetail/SeasonReg.aspx?playerId=76430"
"76430","삼성","2009","147","","0","2026-08-03","https://www.koreabaseball.com/Record/Player/PitcherDetail/SeasonReg.aspx?playerId=76430"
"76430","넥센","2010","83","","0","2026-08-03","https://www.koreabaseball.com/Record/Player/PitcherDetail/SeasonReg.aspx?playerId=76430"
"76430","넥센","2011","136","","0","2026-08-03","https://www.koreabaseball.com/Record/Player/PitcherDetail/SeasonReg.aspx?playerId=76430"
"76430","넥센","2012","115","","0","2026-08-03","https://www.koreabaseball.com/Record/Player/PitcherDetail/SeasonReg.aspx?playerId=76430"
"76430","넥센","2013","106","","0","2026-08-03","https://www.koreabaseball.com/Record/Player/PitcherDetail/SeasonReg.aspx?playerId=76430"
"76430","넥센","2015","10","","0","2026-08-03","https://www.koreabaseball.com/Record/Player/PitcherDetail/SeasonReg.aspx?playerId=76430"
"76430","넥센","2016","192","","0","2026-08-03","https://www.koreabaseball.com/Record/Player/PitcherDetail/SeasonReg.aspx?playerId=76430"
"76430","넥센","2017","187","","0","2026-08-03","https://www.koreabaseball.com/Record/Player/PitcherDetail/SeasonReg.aspx?playerId=76430"
"76430","넥센","2018","178","","0","2026-08-03","https://www.koreabaseball.com/Record/Player/PitcherDetail/SeasonReg.aspx?playerId=76430"
"76430","키움","2019","193","","0","2026-08-03","https://www.koreabaseball.com/Record/Player/PitcherDetail/SeasonReg.aspx?playerId=76430"
"76430","키움","2020","163","","0","2026-08-03","https://www.koreabaseball.com/Record/Player/PitcherDetail/SeasonReg.aspx?playerId=76430"
"76430","SSG","2021","178","","0","2026-08-03","https://www.koreabaseball.com/Record/Player/PitcherDetail/SeasonReg.aspx?playerId=76430"
"76430","SSG","2022","70","","0","2026-08-03","https://www.koreabaseball.com/Record/Player/PitcherDetail/SeasonReg.aspx?playerId=76430"
"76430","롯데","2023","184","","0","2026-08-03","https://www.koreabaseball.com/Record/Player/PitcherDetail/SeasonReg.aspx?playerId=76430"
"76430","롯데","2024","183","","0","2026-08-03","https://www.koreabaseball.com/Record/Player/PitcherDetail/SeasonReg.aspx?playerId=76430"
"76430","롯데","2025","125","","0","2026-08-03","https://www.koreabaseball.com/Record/Player/PitcherDetail/SeasonReg.aspx?playerId=76430"
"76650","KIA","2006","24","","0","2026-08-03","https://www.koreabaseball.com/Record/Player/PitcherDetail/SeasonReg.aspx?playerId=76650"
"76650","KIA","2007","66","","0","2026-08-03","https://www.koreabaseball.com/Record/Player/PitcherDetail/SeasonReg.aspx?playerId=76650"
"76650","KIA","2008","81","","0","2026-08-03","https://www.koreabaseball.com/Record/Player/PitcherDetail/SeasonReg.aspx?playerId=76650"
"76650","KIA","2009","35","","0","2026-08-03","https://www.koreabaseball.com/Record/Player/PitcherDetail/SeasonReg.aspx?playerId=76650"
"76650","KIA","2012","164","","0","2026-08-03","https://www.koreabaseball.com/Record/Player/PitcherDetail/SeasonReg.aspx?playerId=76650"
"76650","SK","2013","186","","0","2026-08-03","https://www.koreabaseball.com/Record/Player/PitcherDetail/SeasonReg.aspx?playerId=76650"
"76650","SK","2014","187","","0","2026-08-03","https://www.koreabaseball.com/Record/Player/PitcherDetail/SeasonReg.aspx?playerId=76650"
"76650","LG","2015","137","","0","2026-08-03","https://www.koreabaseball.com/Record/Player/PitcherDetail/SeasonReg.aspx?playerId=76650"
"76650","LG","2016","181","","0","2026-08-03","https://www.koreabaseball.com/Record/Player/PitcherDetail/SeasonReg.aspx?playerId=76650"
"76650","LG","2017","187","","0","2026-08-03","https://www.koreabaseball.com/Record/Player/PitcherDetail/SeasonReg.aspx?playerId=76650"
"76650","LG","2018","176","","0","2026-08-03","https://www.koreabaseball.com/Record/Player/PitcherDetail/SeasonReg.aspx?playerId=76650"
"76650","LG","2019","192","","0","2026-08-03","https://www.koreabaseball.com/Record/Player/PitcherDetail/SeasonReg.aspx?playerId=76650"
"76650","LG","2020","179","","0","2026-08-03","https://www.koreabaseball.com/Record/Player/PitcherDetail/SeasonReg.aspx?playerId=76650"
"76650","LG","2021","163","","0","2026-08-03","https://www.koreabaseball.com/Record/Player/PitcherDetail/SeasonReg.aspx?playerId=76650"
"76650","LG","2022","186","","0","2026-08-03","https://www.koreabaseball.com/Record/Player/PitcherDetail/SeasonReg.aspx?playerId=76650"
"76650","LG","2023","51","","0","2026-08-03","https://www.koreabaseball.com/Record/Player/PitcherDetail/SeasonReg.aspx?playerId=76650"
"76650","롯데","2024","116","","0","2026-08-03","https://www.koreabaseball.com/Record/Player/PitcherDetail/SeasonReg.aspx?playerId=76650"
"76650","롯데","2025","0","","0","2026-08-03","https://www.koreabaseball.com/Record/Player/PitcherDetail/SeasonReg.aspx?playerId=76650"
"76715","한화","2006","0","","0","2026-08-03","https://www.koreabaseball.com/Record/Player/PitcherDetail/SeasonReg.aspx?playerId=76715"
"76715","한화","2007","0","","0","2026-08-03","https://www.koreabaseball.com/Record/Player/PitcherDetail/SeasonReg.aspx?playerId=76715"
"76715","한화","2008","0","","0","2026-08-03","https://www.koreabaseball.com/Record/Player/PitcherDetail/SeasonReg.aspx?playerId=76715"
"76715","한화","2009","0","WBC 40(준우승)","40","2026-08-03","https://www.koreabaseball.com/Record/Player/PitcherDetail/SeasonReg.aspx?playerId=76715"
"76715","한화","2010","0","아시안게임 28(금메달)","28","2026-08-03","https://www.koreabaseball.com/Record/Player/PitcherDetail/SeasonReg.aspx?playerId=76715"
"76715","한화","2011","0","","0","2026-08-03","https://www.koreabaseball.com/Record/Player/PitcherDetail/SeasonReg.aspx?playerId=76715"
"76715","한화","2012","0","","0","2026-08-03","https://www.koreabaseball.com/Record/Player/PitcherDetail/SeasonReg.aspx?playerId=76715"
"76715","한화","2024","188","","0","2026-08-03","https://www.koreabaseball.com/Record/Player/PitcherDetail/SeasonReg.aspx?playerId=76715"
"76715","한화","2025","173","","0","2026-08-03","https://www.koreabaseball.com/Record/Player/PitcherDetail/SeasonReg.aspx?playerId=76715"
"76802","SK","2006","15","","0","2026-08-03","https://www.koreabaseball.com/Record/Player/PitcherDetail/SeasonReg.aspx?playerId=76802"
"76802","SK","2007","6","","0","2026-08-03","https://www.koreabaseball.com/Record/Player/PitcherDetail/SeasonReg.aspx?playerId=76802"
"76802","SK","2008","13","","0","2026-08-03","https://www.koreabaseball.com/Record/Player/PitcherDetail/SeasonReg.aspx?playerId=76802"
"76802","SK","2011","39","","0","2026-08-03","https://www.koreabaseball.com/Record/Player/PitcherDetail/SeasonReg.aspx?playerId=76802"
"76802","SK","2012","177","","0","2026-08-03","https://www.koreabaseball.com/Record/Player/PitcherDetail/SeasonReg.aspx?playerId=76802"
"76802","SK","2013","190","","0","2026-08-03","https://www.koreabaseball.com/Record/Player/PitcherDetail/SeasonReg.aspx?playerId=76802"
"76802","SK","2014","187","","0","2026-08-03","https://www.koreabaseball.com/Record/Player/PitcherDetail/SeasonReg.aspx?playerId=76802"
"76802","SK","2015","177","","0","2026-08-03","https://www.koreabaseball.com/Record/Player/PitcherDetail/SeasonReg.aspx?playerId=76802"
"76802","SK","2016","191","","0","2026-08-03","https://www.koreabaseball.com/Record/Player/PitcherDetail/SeasonReg.aspx?playerId=76802"
"76802","SK","2017","187","","0","2026-08-03","https://www.koreabaseball.com/Record/Player/PitcherDetail/SeasonReg.aspx?playerId=76802"
"76802","SK","2018","185","","0","2026-08-03","https://www.koreabaseball.com/Record/Player/PitcherDetail/SeasonReg.aspx?playerId=76802"
"76802","SK","2019","192","","0","2026-08-03","https://www.koreabaseball.com/Record/Player/PitcherDetail/SeasonReg.aspx?playerId=76802"
"76802","SK","2020","179","","0","2026-08-03","https://www.koreabaseball.com/Record/Player/PitcherDetail/SeasonReg.aspx?playerId=76802"
"76802","SSG","2021","169","","0","2026-08-03","https://www.koreabaseball.com/Record/Player/PitcherDetail/SeasonReg.aspx?playerId=76802"
"76802","SSG","2022","190","","0","2026-08-03","https://www.koreabaseball.com/Record/Player/PitcherDetail/SeasonReg.aspx?playerId=76802"
"76802","SSG","2023","186","","0","2026-08-03","https://www.koreabaseball.com/Record/Player/PitcherDetail/SeasonReg.aspx?playerId=76802"
"76802","SSG","2024","147","","0","2026-08-03","https://www.koreabaseball.com/Record/Player/PitcherDetail/SeasonReg.aspx?playerId=76802"
"76802","SSG","2025","132","","0","2026-08-03","https://www.koreabaseball.com/Record/Player/PitcherDetail/SeasonReg.aspx?playerId=76802"
"76812","SK","2006","70","","0","2026-08-03","https://www.koreabaseball.com/Record/Player/PitcherDetail/SeasonReg.aspx?playerId=76812"
"76812","SK","2007","148","","0","2026-08-03","https://www.koreabaseball.com/Record/Player/PitcherDetail/SeasonReg.aspx?playerId=76812"
"76812","SK","2008","148","","0","2026-08-03","https://www.koreabaseball.com/Record/Player/PitcherDetail/SeasonReg.aspx?playerId=76812"
"76812","SK","2009","68","","0","2026-08-03","https://www.koreabaseball.com/Record/Player/PitcherDetail/SeasonReg.aspx?playerId=76812"
"76812","SK","2010","120","","0","2026-08-03","https://www.koreabaseball.com/Record/Player/PitcherDetail/SeasonReg.aspx?playerId=76812"
"76812","SK","2012","30","","0","2026-08-03","https://www.koreabaseball.com/Record/Player/PitcherDetail/SeasonReg.aspx?playerId=76812"
"76812","SK","2013","133","","0","2026-08-03","https://www.koreabaseball.com/Record/Player/PitcherDetail/SeasonReg.aspx?playerId=76812"
"76812","SK","2014","187","아시안게임 15(금메달)","15","2026-08-03","https://www.koreabaseball.com/Record/Player/PitcherDetail/SeasonReg.aspx?playerId=76812"
"76812","SK","2015","190","","0","2026-08-03","https://www.koreabaseball.com/Record/Player/PitcherDetail/SeasonReg.aspx?playerId=76812"
"76812","SK","2016","181","","0","2026-08-03","https://www.koreabaseball.com/Record/Player/PitcherDetail/SeasonReg.aspx?playerId=76812"
"76812","SK","2017","173","","0","2026-08-03","https://www.koreabaseball.com/Record/Player/PitcherDetail/SeasonReg.aspx?playerId=76812"
"76812","SK","2018","186","아시안게임 25(금메달)","25","2026-08-03","https://www.koreabaseball.com/Record/Player/PitcherDetail/SeasonReg.aspx?playerId=76812"
"76812","SK","2019","192","","0","2026-08-03","https://www.koreabaseball.com/Record/Player/PitcherDetail/SeasonReg.aspx?playerId=76812"
"76812","SK","2020","144","","0","2026-08-03","https://www.koreabaseball.com/Record/Player/PitcherDetail/SeasonReg.aspx?playerId=76812"
"76812","SSG","2021","177","","0","2026-08-03","https://www.koreabaseball.com/Record/Player/PitcherDetail/SeasonReg.aspx?playerId=76812"
"76812","SSG","2022","169","","0","2026-08-03","https://www.koreabaseball.com/Record/Player/PitcherDetail/SeasonReg.aspx?playerId=76812"
"76812","SSG","2023","76","","0","2026-08-03","https://www.koreabaseball.com/Record/Player/PitcherDetail/SeasonReg.aspx?playerId=76812"
"76812","한화","2024","152","","0","2026-08-03","https://www.koreabaseball.com/Record/Player/PitcherDetail/SeasonReg.aspx?playerId=76812"
"76812","한화","2025","185","","0","2026-08-03","https://www.koreabaseball.com/Record/Player/PitcherDetail/SeasonReg.aspx?playerId=76812"
"77211","두산","2007","0","","0","2026-08-03","https://www.koreabaseball.com/Record/Player/PitcherDetail/SeasonReg.aspx?playerId=77211"
"77211","두산","2008","28","","0","2026-08-03","https://www.koreabaseball.com/Record/Player/PitcherDetail/SeasonReg.aspx?playerId=77211"
"77211","두산","2009","176","","0","2026-08-03","https://www.koreabaseball.com/Record/Player/PitcherDetail/SeasonReg.aspx?playerId=77211"
"77211","두산","2010","164","","0","2026-08-03","https://www.koreabaseball.com/Record/Player/PitcherDetail/SeasonReg.aspx?playerId=77211"
"77211","두산","2011","169","","0","2026-08-03","https://www.koreabaseball.com/Record/Player/PitcherDetail/SeasonReg.aspx?playerId=77211"
"77211","두산","2012","180","","0","2026-08-03","https://www.koreabaseball.com/Record/Player/PitcherDetail/SeasonReg.aspx?playerId=77211"
"77211","두산","2013","18","","0","2026-08-03","https://www.koreabaseball.com/Record/Player/PitcherDetail/SeasonReg.aspx?playerId=77211"
"77211","두산","2014","187","","0","2026-08-03","https://www.koreabaseball.com/Record/Player/PitcherDetail/SeasonReg.aspx?playerId=77211"
"77211","두산","2016","17","","0","2026-08-03","https://www.koreabaseball.com/Record/Player/PitcherDetail/SeasonReg.aspx?playerId=77211"
"77211","두산","2017","186","","0","2026-08-03","https://www.koreabaseball.com/Record/Player/PitcherDetail/SeasonReg.aspx?playerId=77211"
"77211","두산","2018","152","아시안게임 25(금메달)","25","2026-08-03","https://www.koreabaseball.com/Record/Player/PitcherDetail/SeasonReg.aspx?playerId=77211"
"77211","두산","2019","166","프리미어12 60(준우승)","60","2026-08-03","https://www.koreabaseball.com/Record/Player/PitcherDetail/SeasonReg.aspx?playerId=77211"
"77211","두산","2020","26","","0","2026-08-03","https://www.koreabaseball.com/Record/Player/PitcherDetail/SeasonReg.aspx?playerId=77211"
"77211","NC","2021","110","","0","2026-08-03","https://www.koreabaseball.com/Record/Player/PitcherDetail/SeasonReg.aspx?playerId=77211"
"77211","NC","2022","181","","0","2026-08-03","https://www.koreabaseball.com/Record/Player/PitcherDetail/SeasonReg.aspx?playerId=77211"
"77211","NC","2023","189","WBC 10(1라운드)","10","2026-08-03","https://www.koreabaseball.com/Record/Player/PitcherDetail/SeasonReg.aspx?playerId=77211"
"77211","NC","2024","181","","0","2026-08-03","https://www.koreabaseball.com/Record/Player/PitcherDetail/SeasonReg.aspx?playerId=77211"
"77211","NC","2025","62","","0","2026-08-03","https://www.koreabaseball.com/Record/Player/PitcherDetail/SeasonReg.aspx?playerId=77211"
"77263","두산","2007","0","","0","2026-08-03","https://www.koreabaseball.com/Record/Player/PitcherDetail/SeasonReg.aspx?playerId=77263"
"77263","두산","2008","10","","0","2026-08-03","https://www.koreabaseball.com/Record/Player/PitcherDetail/SeasonReg.aspx?playerId=77263"
"77263","두산","2011","89","","0","2026-08-03","https://www.koreabaseball.com/Record/Player/PitcherDetail/SeasonReg.aspx?playerId=77263"
"77263","두산","2012","109","","0","2026-08-03","https://www.koreabaseball.com/Record/Player/PitcherDetail/SeasonReg.aspx?playerId=77263"
"77263","두산","2013","59","","0","2026-08-03","https://www.koreabaseball.com/Record/Player/PitcherDetail/SeasonReg.aspx?playerId=77263"
"77263","두산","2014","70","","0","2026-08-03","https://www.koreabaseball.com/Record/Player/PitcherDetail/SeasonReg.aspx?playerId=77263"
"77263","두산","2015","36","","0","2026-08-03","https://www.koreabaseball.com/Record/Player/PitcherDetail/SeasonReg.aspx?playerId=77263"
"77263","두산","2016","72","","0","2026-08-03","https://www.koreabaseball.com/Record/Player/PitcherDetail/SeasonReg.aspx?playerId=77263"
"77263","두산","2017","174","","0","2026-08-03","https://www.koreabaseball.com/Record/Player/PitcherDetail/SeasonReg.aspx?playerId=77263"
"77263","두산","2018","175","","0","2026-08-03","https://www.koreabaseball.com/Record/Player/PitcherDetail/SeasonReg.aspx?playerId=77263"
"77263","두산","2020","121","","0","2026-08-03","https://www.koreabaseball.com/Record/Player/PitcherDetail/SeasonReg.aspx?playerId=77263"
"77263","두산","2021","162","","0","2026-08-03","https://www.koreabaseball.com/Record/Player/PitcherDetail/SeasonReg.aspx?playerId=77263"
"77263","두산","2022","83","","0","2026-08-03","https://www.koreabaseball.com/Record/Player/PitcherDetail/SeasonReg.aspx?playerId=77263"
"77263","두산","2023","127","","0","2026-08-03","https://www.koreabaseball.com/Record/Player/PitcherDetail/SeasonReg.aspx?playerId=77263"
"77263","두산","2024","142","","0","2026-08-03","https://www.koreabaseball.com/Record/Player/PitcherDetail/SeasonReg.aspx?playerId=77263"
"77263","LG","2025","73","","0","2026-08-03","https://www.koreabaseball.com/Record/Player/PitcherDetail/SeasonReg.aspx?playerId=77263"
"77318","현대","2007","8","","0","2026-08-03","https://www.koreabaseball.com/Record/Player/PitcherDetail/SeasonReg.aspx?playerId=77318"
"77318","우리","2008","5","","0","2026-08-03","https://www.koreabaseball.com/Record/Player/PitcherDetail/SeasonReg.aspx?playerId=77318"
"77318","히어로즈","2009","4","","0","2026-08-03","https://www.koreabaseball.com/Record/Player/PitcherDetail/SeasonReg.aspx?playerId=77318"
"77318","넥센","2011","14","","0","2026-08-03","https://www.koreabaseball.com/Record/Player/PitcherDetail/SeasonReg.aspx?playerId=77318"
"77318","넥센","2012","129","","0","2026-08-03","https://www.koreabaseball.com/Record/Player/PitcherDetail/SeasonReg.aspx?playerId=77318"
"77318","넥센","2013","15","","0","2026-08-03","https://www.koreabaseball.com/Record/Player/PitcherDetail/SeasonReg.aspx?playerId=77318"
"77318","넥센","2014","49","","0","2026-08-03","https://www.koreabaseball.com/Record/Player/PitcherDetail/SeasonReg.aspx?playerId=77318"
"77318","KT","2015","156","","0","2026-08-03","https://www.koreabaseball.com/Record/Player/PitcherDetail/SeasonReg.aspx?playerId=77318"
"77318","KT","2016","156","","0","2026-08-03","https://www.koreabaseball.com/Record/Player/PitcherDetail/SeasonReg.aspx?playerId=77318"
"77318","롯데","2017","176","WBC 28(1라운드)","28","2026-08-03","https://www.koreabaseball.com/Record/Player/PitcherDetail/SeasonReg.aspx?playerId=77318"
"77318","롯데","2018","99","","0","2026-08-03","https://www.koreabaseball.com/Record/Player/PitcherDetail/SeasonReg.aspx?playerId=77318"
"77318","롯데","2019","162","","0","2026-08-03","https://www.koreabaseball.com/Record/Player/PitcherDetail/SeasonReg.aspx?playerId=77318"
"77318","한화","2020","151","","0","2026-08-03","https://www.koreabaseball.com/Record/Player/PitcherDetail/SeasonReg.aspx?playerId=77318"
"77318","한화","2021","115","","0","2026-08-03","https://www.koreabaseball.com/Record/Player/PitcherDetail/SeasonReg.aspx?playerId=77318"
"77318","한화","2022","190","","0","2026-08-03","https://www.koreabaseball.com/Record/Player/PitcherDetail/SeasonReg.aspx?playerId=77318"
"77318","한화","2023","113","","0","2026-08-03","https://www.koreabaseball.com/Record/Player/PitcherDetail/SeasonReg.aspx?playerId=77318"
"77318","한화","2024","80","","0","2026-08-03","https://www.koreabaseball.com/Record/Player/PitcherDetail/SeasonReg.aspx?playerId=77318"
"77318","한화","2025","0","","0","2026-08-03","https://www.koreabaseball.com/Record/Player/PitcherDetail/SeasonReg.aspx?playerId=77318"
"77446","삼성","2007","46","","0","2026-08-03","https://www.koreabaseball.com/Record/Player/PitcherDetail/SeasonReg.aspx?playerId=77446"
"77446","삼성","2008","8","","0","2026-08-03","https://www.koreabaseball.com/Record/Player/PitcherDetail/SeasonReg.aspx?playerId=77446"
"77446","삼성","2009","64","","0","2026-08-03","https://www.koreabaseball.com/Record/Player/PitcherDetail/SeasonReg.aspx?playerId=77446"
"77446","삼성","2010","141","","0","2026-08-03","https://www.koreabaseball.com/Record/Player/PitcherDetail/SeasonReg.aspx?playerId=77446"
"77446","삼성","2011","0","","0","2026-08-03","https://www.koreabaseball.com/Record/Player/PitcherDetail/SeasonReg.aspx?playerId=77446"
"77446","삼성","2012","30","","0","2026-08-03","https://www.koreabaseball.com/Record/Player/PitcherDetail/SeasonReg.aspx?playerId=77446"
"77446","삼성","2013","97","","0","2026-08-03","https://www.koreabaseball.com/Record/Player/PitcherDetail/SeasonReg.aspx?playerId=77446"
"77446","삼성","2014","133","","0","2026-08-03","https://www.koreabaseball.com/Record/Player/PitcherDetail/SeasonReg.aspx?playerId=77446"
"77446","삼성","2015","118","","0","2026-08-03","https://www.koreabaseball.com/Record/Player/PitcherDetail/SeasonReg.aspx?playerId=77446"
"77446","삼성","2016","191","","0","2026-08-03","https://www.koreabaseball.com/Record/Player/PitcherDetail/SeasonReg.aspx?playerId=77446"
"77446","삼성","2017","150","","0","2026-08-03","https://www.koreabaseball.com/Record/Player/PitcherDetail/SeasonReg.aspx?playerId=77446"
"77446","삼성","2018","154","","0","2026-08-03","https://www.koreabaseball.com/Record/Player/PitcherDetail/SeasonReg.aspx?playerId=77446"
"77446","삼성","2019","179","","0","2026-08-03","https://www.koreabaseball.com/Record/Player/PitcherDetail/SeasonReg.aspx?playerId=77446"
"77446","삼성","2020","84","","0","2026-08-03","https://www.koreabaseball.com/Record/Player/PitcherDetail/SeasonReg.aspx?playerId=77446"
"77446","삼성","2021","157","","0","2026-08-03","https://www.koreabaseball.com/Record/Player/PitcherDetail/SeasonReg.aspx?playerId=77446"
"77446","삼성","2022","143","","0","2026-08-03","https://www.koreabaseball.com/Record/Player/PitcherDetail/SeasonReg.aspx?playerId=77446"
"77446","삼성","2023","122","","0","2026-08-03","https://www.koreabaseball.com/Record/Player/PitcherDetail/SeasonReg.aspx?playerId=77446"
"77446","삼성","2024","135","","0","2026-08-03","https://www.koreabaseball.com/Record/Player/PitcherDetail/SeasonReg.aspx?playerId=77446"
"77446","삼성","2025","87","","0","2026-08-03","https://www.koreabaseball.com/Record/Player/PitcherDetail/SeasonReg.aspx?playerId=77446"
"77532","롯데","2007","7","","0","2026-08-03","https://www.koreabaseball.com/Record/Player/PitcherDetail/SeasonReg.aspx?playerId=77532"
"77532","롯데","2008","147","","0","2026-08-03","https://www.koreabaseball.com/Record/Player/PitcherDetail/SeasonReg.aspx?playerId=77532"
"77532","롯데","2009","73","","0","2026-08-03","https://www.koreabaseball.com/Record/Player/PitcherDetail/SeasonReg.aspx?playerId=77532"
"77532","롯데","2010","183","","0","2026-08-03","https://www.koreabaseball.com/Record/Player/PitcherDetail/SeasonReg.aspx?playerId=77532"
"77532","롯데","2011","171","","0","2026-08-03","https://www.koreabaseball.com/Record/Player/PitcherDetail/SeasonReg.aspx?playerId=77532"
"77532","롯데","2012","182","","0","2026-08-03","https://www.koreabaseball.com/Record/Player/PitcherDetail/SeasonReg.aspx?playerId=77532"
"77532","롯데","2013","189","","0","2026-08-03","https://www.koreabaseball.com/Record/Player/PitcherDetail/SeasonReg.aspx?playerId=77532"
"77532","롯데","2014","176","아시안게임 병역(금메달)","0","2026-08-03","https://www.koreabaseball.com/Record/Player/PitcherDetail/SeasonReg.aspx?playerId=77532"
"77532","롯데","2015","160","프리미어12 28(우승)","28","2026-08-03","https://www.koreabaseball.com/Record/Player/PitcherDetail/SeasonReg.aspx?playerId=77532"
"77532","롯데","2016","192","","0","2026-08-03","https://www.koreabaseball.com/Record/Player/PitcherDetail/SeasonReg.aspx?playerId=77532"
"77532","롯데","2017","187","WBC 28(1라운드)","28","2026-08-03","https://www.koreabaseball.com/Record/Player/PitcherDetail/SeasonReg.aspx?playerId=77532"
"77532","롯데","2018","187","아시안게임 25(금메달)","25","2026-08-03","https://www.koreabaseball.com/Record/Player/PitcherDetail/SeasonReg.aspx?playerId=77532"
"77532","롯데","2019","183","","0","2026-08-03","https://www.koreabaseball.com/Record/Player/PitcherDetail/SeasonReg.aspx?playerId=77532"
"77532","롯데","2020","179","","0","2026-08-03","https://www.koreabaseball.com/Record/Player/PitcherDetail/SeasonReg.aspx?playerId=77532"
"77532","롯데","2021","183","","0","2026-08-03","https://www.koreabaseball.com/Record/Player/PitcherDetail/SeasonReg.aspx?playerId=77532"
"77532","NC","2022","192","","0","2026-08-03","https://www.koreabaseball.com/Record/Player/PitcherDetail/SeasonReg.aspx?playerId=77532"
"77532","NC","2023","200","","0","2026-08-03","https://www.koreabaseball.com/Record/Player/PitcherDetail/SeasonReg.aspx?playerId=77532"
"77532","NC","2024","144","","0","2026-08-03","https://www.koreabaseball.com/Record/Player/PitcherDetail/SeasonReg.aspx?playerId=77532"
"77532","한화","2025","192","","0","2026-08-03","https://www.koreabaseball.com/Record/Player/PitcherDetail/SeasonReg.aspx?playerId=77532"
"77564","롯데","2007","6","","0","2026-08-03","https://www.koreabaseball.com/Record/Player/PitcherDetail/SeasonReg.aspx?playerId=77564"
"77564","롯데","2008","54","","0","2026-08-03","https://www.koreabaseball.com/Record/Player/PitcherDetail/SeasonReg.aspx?playerId=77564"
"77564","롯데","2009","175","","0","2026-08-03","https://www.koreabaseball.com/Record/Player/PitcherDetail/SeasonReg.aspx?playerId=77564"
"77564","넥센","2010","138","","0","2026-08-03","https://www.koreabaseball.com/Record/Player/PitcherDetail/SeasonReg.aspx?playerId=77564"
"77564","넥센","2011","183","","0","2026-08-03","https://www.koreabaseball.com/Record/Player/PitcherDetail/SeasonReg.aspx?playerId=77564"
"77564","넥센","2012","109","","0","2026-08-03","https://www.koreabaseball.com/Record/Player/PitcherDetail/SeasonReg.aspx?playerId=77564"
"77564","넥센","2013","190","","0","2026-08-03","https://www.koreabaseball.com/Record/Player/PitcherDetail/SeasonReg.aspx?playerId=77564"
"77564","넥센","2014","176","아시안게임 병역(금메달)","0","2026-08-03","https://www.koreabaseball.com/Record/Player/PitcherDetail/SeasonReg.aspx?playerId=77564"
"77564","넥센","2015","165","","0","2026-08-03","https://www.koreabaseball.com/Record/Player/PitcherDetail/SeasonReg.aspx?playerId=77564"
"77564","넥센","2016","192","","0","2026-08-03","https://www.koreabaseball.com/Record/Player/PitcherDetail/SeasonReg.aspx?playerId=77564"
"77564","넥센","2017","187","","0","2026-08-03","https://www.koreabaseball.com/Record/Player/PitcherDetail/SeasonReg.aspx?playerId=77564"
"77564","넥센","2018","186","","0","2026-08-03","https://www.koreabaseball.com/Record/Player/PitcherDetail/SeasonReg.aspx?playerId=77564"
"77564","LG","2019","152","","0","2026-08-03","https://www.koreabaseball.com/Record/Player/PitcherDetail/SeasonReg.aspx?playerId=77564"
"77564","LG","2020","143","","0","2026-08-03","https://www.koreabaseball.com/Record/Player/PitcherDetail/SeasonReg.aspx?playerId=77564"
"77564","LG","2021","178","","0","2026-08-03","https://www.koreabaseball.com/Record/Player/PitcherDetail/SeasonReg.aspx?playerId=77564"
"77564","LG","2022","193","","0","2026-08-03","https://www.koreabaseball.com/Record/Player/PitcherDetail/SeasonReg.aspx?playerId=77564"
"77564","LG","2023","194","","0","2026-08-03","https://www.koreabaseball.com/Record/Player/PitcherDetail/SeasonReg.aspx?playerId=77564"
"77564","롯데","2024","67","","0","2026-08-03","https://www.koreabaseball.com/Record/Player/PitcherDetail/SeasonReg.aspx?playerId=77564"
"77564","롯데","2025","165","","0","2026-08-03","https://www.koreabaseball.com/Record/Player/PitcherDetail/SeasonReg.aspx?playerId=77564"
"77637","KIA","2007","150","","0","2026-08-03","https://www.koreabaseball.com/Record/Player/PitcherDetail/SeasonReg.aspx?playerId=77637"
"77637","KIA","2008","170","","0","2026-08-03","https://www.koreabaseball.com/Record/Player/PitcherDetail/SeasonReg.aspx?playerId=77637"
"77637","KIA","2009","175","","0","2026-08-03","https://www.koreabaseball.com/Record/Player/PitcherDetail/SeasonReg.aspx?playerId=77637"
"77637","KIA","2010","184","아시안게임 병역(금메달)","0","2026-08-03","https://www.koreabaseball.com/Record/Player/PitcherDetail/SeasonReg.aspx?playerId=77637"
"77637","KIA","2011","156","","0","2026-08-03","https://www.koreabaseball.com/Record/Player/PitcherDetail/SeasonReg.aspx?playerId=77637"
"77637","KIA","2012","120","","0","2026-08-03","https://www.koreabaseball.com/Record/Player/PitcherDetail/SeasonReg.aspx?playerId=77637"
"77637","KIA","2013","112","","0","2026-08-03","https://www.koreabaseball.com/Record/Player/PitcherDetail/SeasonReg.aspx?playerId=77637"
"77637","KIA","2014","183","아시안게임 15(금메달)","15","2026-08-03","https://www.koreabaseball.com/Record/Player/PitcherDetail/SeasonReg.aspx?playerId=77637"
"77637","KIA","2015","181","","0","2026-08-03","https://www.koreabaseball.com/Record/Player/PitcherDetail/SeasonReg.aspx?playerId=77637"
"77637","KIA","2016","190","","0","2026-08-03","https://www.koreabaseball.com/Record/Player/PitcherDetail/SeasonReg.aspx?playerId=77637"
"77637","KIA","2017","183","WBC 27(1라운드)","27","2026-08-03","https://www.koreabaseball.com/Record/Player/PitcherDetail/SeasonReg.aspx?playerId=77637"
"77637","KIA","2018","171","아시안게임 25(금메달)","25","2026-08-03","https://www.koreabaseball.com/Record/Player/PitcherDetail/SeasonReg.aspx?playerId=77637"
"77637","KIA","2019","179","프리미어12 60(준우승)","60","2026-08-03","https://www.koreabaseball.com/Record/Player/PitcherDetail/SeasonReg.aspx?playerId=77637"
"77637","KIA","2020","180","","0","2026-08-03","https://www.koreabaseball.com/Record/Player/PitcherDetail/SeasonReg.aspx?playerId=77637"
"77637","KIA","2022","189","","0","2026-08-03","https://www.koreabaseball.com/Record/Player/PitcherDetail/SeasonReg.aspx?playerId=77637"
"77637","KIA","2023","186","WBC 10(1라운드)","10","2026-08-03","https://www.koreabaseball.com/Record/Player/PitcherDetail/SeasonReg.aspx?playerId=77637"
"77637","KIA","2024","187","","0","2026-08-03","https://www.koreabaseball.com/Record/Player/PitcherDetail/SeasonReg.aspx?playerId=77637"
"77637","KIA","2025","183","","0","2026-08-03","https://www.koreabaseball.com/Record/Player/PitcherDetail/SeasonReg.aspx?playerId=77637"
"77829","SK","2007","136","","0","2026-08-03","https://www.koreabaseball.com/Record/Player/PitcherDetail/SeasonReg.aspx?playerId=77829"
"77829","SK","2008","161","","0","2026-08-03","https://www.koreabaseball.com/Record/Player/PitcherDetail/SeasonReg.aspx?playerId=77829"
"77829","SK","2009","118","WBC 40(준우승)","40","2026-08-03","https://www.koreabaseball.com/Record/Player/PitcherDetail/SeasonReg.aspx?playerId=77829"
"77829","SK","2010","171","","0","2026-08-03","https://www.koreabaseball.com/Record/Player/PitcherDetail/SeasonReg.aspx?playerId=77829"
"77829","SK","2011","89","","0","2026-08-03","https://www.koreabaseball.com/Record/Player/PitcherDetail/SeasonReg.aspx?playerId=77829"
"77829","SK","2012","105","","0","2026-08-03","https://www.koreabaseball.com/Record/Player/PitcherDetail/SeasonReg.aspx?playerId=77829"
"77829","SK","2013","173","","0","2026-08-03","https://www.koreabaseball.com/Record/Player/PitcherDetail/SeasonReg.aspx?playerId=77829"
"77829","SK","2014","187","아시안게임 15(금메달)","15","2026-08-03","https://www.koreabaseball.com/Record/Player/PitcherDetail/SeasonReg.aspx?playerId=77829"
"77829","SK","2015","175","프리미어12 28(우승)","28","2026-08-03","https://www.koreabaseball.com/Record/Player/PitcherDetail/SeasonReg.aspx?playerId=77829"
"77829","SK","2016","147","","0","2026-08-03","https://www.koreabaseball.com/Record/Player/PitcherDetail/SeasonReg.aspx?playerId=77829"
"77829","SK","2018","146","","0","2026-08-03","https://www.koreabaseball.com/Record/Player/PitcherDetail/SeasonReg.aspx?playerId=77829"
"77829","SK","2019","180","프리미어12 60(준우승)","60","2026-08-03","https://www.koreabaseball.com/Record/Player/PitcherDetail/SeasonReg.aspx?playerId=77829"
"77829","SSG","2022","170","","0","2026-08-03","https://www.koreabaseball.com/Record/Player/PitcherDetail/SeasonReg.aspx?playerId=77829"
"77829","SSG","2023","188","WBC 10(1라운드)","10","2026-08-03","https://www.koreabaseball.com/Record/Player/PitcherDetail/SeasonReg.aspx?playerId=77829"
"77829","SSG","2024","182","","0","2026-08-03","https://www.koreabaseball.com/Record/Player/PitcherDetail/SeasonReg.aspx?playerId=77829"
"77829","SSG","2025","186","","0","2026-08-03","https://www.koreabaseball.com/Record/Player/PitcherDetail/SeasonReg.aspx?playerId=77829"
"78122","LG","2008","32","","0","2026-08-03","https://www.koreabaseball.com/Record/Player/PitcherDetail/SeasonReg.aspx?playerId=78122"
"78122","LG","2009","124","","0","2026-08-03","https://www.koreabaseball.com/Record/Player/PitcherDetail/SeasonReg.aspx?playerId=78122"
"78122","LG","2010","136","","0","2026-08-03","https://www.koreabaseball.com/Record/Player/PitcherDetail/SeasonReg.aspx?playerId=78122"
"78122","LG","2011","111","","0","2026-08-03","https://www.koreabaseball.com/Record/Player/PitcherDetail/SeasonReg.aspx?playerId=78122"
"78122","LG","2012","155","","0","2026-08-03","https://www.koreabaseball.com/Record/Player/PitcherDetail/SeasonReg.aspx?playerId=78122"
"78122","NC","2013","180","","0","2026-08-03","https://www.koreabaseball.com/Record/Player/PitcherDetail/SeasonReg.aspx?playerId=78122"
"78122","NC","2014","163","","0","2026-08-03","https://www.koreabaseball.com/Record/Player/PitcherDetail/SeasonReg.aspx?playerId=78122"
"78122","NC","2015","192","","0","2026-08-03","https://www.koreabaseball.com/Record/Player/PitcherDetail/SeasonReg.aspx?playerId=78122"
"78122","NC","2016","192","","0","2026-08-03","https://www.koreabaseball.com/Record/Player/PitcherDetail/SeasonReg.aspx?playerId=78122"
"78122","NC","2017","187","WBC 28(1라운드)","28","2026-08-03","https://www.koreabaseball.com/Record/Player/PitcherDetail/SeasonReg.aspx?playerId=78122"
"78122","NC","2019","46","","0","2026-08-03","https://www.koreabaseball.com/Record/Player/PitcherDetail/SeasonReg.aspx?playerId=78122"
"78122","NC","2020","169","","0","2026-08-03","https://www.koreabaseball.com/Record/Player/PitcherDetail/SeasonReg.aspx?playerId=78122"
"78122","NC","2021","183","","0","2026-08-03","https://www.koreabaseball.com/Record/Player/PitcherDetail/SeasonReg.aspx?playerId=78122"
"78122","삼성","2022","190","","0","2026-08-03","https://www.koreabaseball.com/Record/Player/PitcherDetail/SeasonReg.aspx?playerId=78122"
"78122","KIA","2023","187","","0","2026-08-03","https://www.koreabaseball.com/Record/Player/PitcherDetail/SeasonReg.aspx?playerId=78122"
"78122","KIA","2024","192","","0","2026-08-03","https://www.koreabaseball.com/Record/Player/PitcherDetail/SeasonReg.aspx?playerId=78122"
"78122","KIA","2025","187","","0","2026-08-03","https://www.koreabaseball.com/Record/Player/PitcherDetail/SeasonReg.aspx?playerId=78122"
"78135","LG","2010","8","","0","2026-08-03","https://www.koreabaseball.com/Record/Player/PitcherDetail/SeasonReg.aspx?playerId=78135"
"78135","LG","2016","98","","0","2026-08-03","https://www.koreabaseball.com/Record/Player/PitcherDetail/SeasonReg.aspx?playerId=78135"
"78135","LG","2017","174","","0","2026-08-03","https://www.koreabaseball.com/Record/Player/PitcherDetail/SeasonReg.aspx?playerId=78135"
"78135","LG","2018","159","","0","2026-08-03","https://www.koreabaseball.com/Record/Player/PitcherDetail/SeasonReg.aspx?playerId=78135"
"78135","LG","2019","170","","0","2026-08-03","https://www.koreabaseball.com/Record/Player/PitcherDetail/SeasonReg.aspx?playerId=78135"
"78135","LG","2020","113","","0","2026-08-03","https://www.koreabaseball.com/Record/Player/PitcherDetail/SeasonReg.aspx?playerId=78135"
"78135","LG","2021","144","","0","2026-08-03","https://www.koreabaseball.com/Record/Player/PitcherDetail/SeasonReg.aspx?playerId=78135"
"78135","LG","2022","55","","0","2026-08-03","https://www.koreabaseball.com/Record/Player/PitcherDetail/SeasonReg.aspx?playerId=78135"
"78135","키움","2023","151","","0","2026-08-03","https://www.koreabaseball.com/Record/Player/PitcherDetail/SeasonReg.aspx?playerId=78135"
"78135","키움","2024","81","","0","2026-08-03","https://www.koreabaseball.com/Record/Player/PitcherDetail/SeasonReg.aspx?playerId=78135"
"78135","키움","2025","79","","0","2026-08-03","https://www.koreabaseball.com/Record/Player/PitcherDetail/SeasonReg.aspx?playerId=78135"
"78168","LG","2008","12","","0","2026-08-03","https://www.koreabaseball.com/Record/Player/PitcherDetail/SeasonReg.aspx?playerId=78168"
"78168","넥센","2012","182","","0","2026-08-03","https://www.koreabaseball.com/Record/Player/PitcherDetail/SeasonReg.aspx?playerId=78168"
"78168","넥센","2013","131","","0","2026-08-03","https://www.koreabaseball.com/Record/Player/PitcherDetail/SeasonReg.aspx?playerId=78168"
"78168","넥센","2014","187","","0","2026-08-03","https://www.koreabaseball.com/Record/Player/PitcherDetail/SeasonReg.aspx?playerId=78168"
"78168","넥센","2015","126","","0","2026-08-03","https://www.koreabaseball.com/Record/Player/PitcherDetail/SeasonReg.aspx?playerId=78168"
"78168","넥센","2016","192","","0","2026-08-03","https://www.koreabaseball.com/Record/Player/PitcherDetail/SeasonReg.aspx?playerId=78168"
"78168","넥센","2017","187","WBC 28(1라운드)","28","2026-08-03","https://www.koreabaseball.com/Record/Player/PitcherDetail/SeasonReg.aspx?playerId=78168"
"78168","넥센","2018","56","","0","2026-08-03","https://www.koreabaseball.com/Record/Player/PitcherDetail/SeasonReg.aspx?playerId=78168"
"78168","키움","2019","153","","0","2026-08-03","https://www.koreabaseball.com/Record/Player/PitcherDetail/SeasonReg.aspx?playerId=78168"
"78168","키움","2020","179","","0","2026-08-03","https://www.koreabaseball.com/Record/Player/PitcherDetail/SeasonReg.aspx?playerId=78168"
"78168","LG","2021","183","","0","2026-08-03","https://www.koreabaseball.com/Record/Player/PitcherDetail/SeasonReg.aspx?playerId=78168"
"78168","LG","2022","136","","0","2026-08-03","https://www.koreabaseball.com/Record/Player/PitcherDetail/SeasonReg.aspx?playerId=78168"
"78168","LG","2023","93","","0","2026-08-03","https://www.koreabaseball.com/Record/Player/PitcherDetail/SeasonReg.aspx?playerId=78168"
"78168","KIA","2024","174","","0","2026-08-03","https://www.koreabaseball.com/Record/Player/PitcherDetail/SeasonReg.aspx?playerId=78168"
"78168","KIA","2025","27","","0","2026-08-03","https://www.koreabaseball.com/Record/Player/PitcherDetail/SeasonReg.aspx?playerId=78168"
"78224","두산","2008","75","","0","2026-08-03","https://www.koreabaseball.com/Record/Player/PitcherDetail/SeasonReg.aspx?playerId=78224"
"78224","두산","2011","65","","0","2026-08-03","https://www.koreabaseball.com/Record/Player/PitcherDetail/SeasonReg.aspx?playerId=78224"
"78224","두산","2012","33","","0","2026-08-03","https://www.koreabaseball.com/Record/Player/PitcherDetail/SeasonReg.aspx?playerId=78224"
"78224","두산","2013","0","","0","2026-08-03","https://www.koreabaseball.com/Record/Player/PitcherDetail/SeasonReg.aspx?playerId=78224"
"78224","두산","2014","132","","0","2026-08-03","https://www.koreabaseball.com/Record/Player/PitcherDetail/SeasonReg.aspx?playerId=78224"
"78224","두산","2015","74","","0","2026-08-03","https://www.koreabaseball.com/Record/Player/PitcherDetail/SeasonReg.aspx?playerId=78224"
"78224","두산","2016","182","","0","2026-08-03","https://www.koreabaseball.com/Record/Player/PitcherDetail/SeasonReg.aspx?playerId=78224"
"78224","두산","2017","187","","0","2026-08-03","https://www.koreabaseball.com/Record/Player/PitcherDetail/SeasonReg.aspx?playerId=78224"
"78224","두산","2018","187","아시안게임 25(금메달)","25","2026-08-03","https://www.koreabaseball.com/Record/Player/PitcherDetail/SeasonReg.aspx?playerId=78224"
"78224","두산","2019","183","프리미어12 60(준우승)","60","2026-08-03","https://www.koreabaseball.com/Record/Player/PitcherDetail/SeasonReg.aspx?playerId=78224"
"78224","두산","2020","179","","0","2026-08-03","https://www.koreabaseball.com/Record/Player/PitcherDetail/SeasonReg.aspx?playerId=78224"
"78224","두산","2021","183","","0","2026-08-03","https://www.koreabaseball.com/Record/Player/PitcherDetail/SeasonReg.aspx?playerId=78224"
"78224","두산","2022","182","","0","2026-08-03","https://www.koreabaseball.com/Record/Player/PitcherDetail/SeasonReg.aspx?playerId=78224"
"78224","두산","2023","200","","0","2026-08-03","https://www.koreabaseball.com/Record/Player/PitcherDetail/SeasonReg.aspx?playerId=78224"
"78224","두산","2024","190","","0","2026-08-03","https://www.koreabaseball.com/Record/Player/PitcherDetail/SeasonReg.aspx?playerId=78224"
"78224","두산","2025","153","","0","2026-08-03","https://www.koreabaseball.com/Record/Player/PitcherDetail/SeasonReg.aspx?playerId=78224"
"78288","두산","2008","2","","0","2026-08-03","https://www.koreabaseball.com/Record/Player/PitcherDetail/SeasonReg.aspx?playerId=78288"
"78288","두산","2009","1","","0","2026-08-03","https://www.koreabaseball.com/Record/Player/PitcherDetail/SeasonReg.aspx?playerId=78288"
"78288","두산","2012","183","","0","2026-08-03","https://www.koreabaseball.com/Record/Player/PitcherDetail/SeasonReg.aspx?playerId=78288"
"78288","두산","2013","163","","0","2026-08-03","https://www.koreabaseball.com/Record/Player/PitcherDetail/SeasonReg.aspx?playerId=78288"
"78288","두산","2014","105","","0","2026-08-03","https://www.koreabaseball.com/Record/Player/PitcherDetail/SeasonReg.aspx?playerId=78288"
"78288","두산","2015","191","","0","2026-08-03","https://www.koreabaseball.com/Record/Player/PitcherDetail/SeasonReg.aspx?playerId=78288"
"78288","두산","2016","71","","0","2026-08-03","https://www.koreabaseball.com/Record/Player/PitcherDetail/SeasonReg.aspx?playerId=78288"
"78288","한화","2017","160","","0","2026-08-03","https://www.koreabaseball.com/Record/Player/PitcherDetail/SeasonReg.aspx?playerId=78288"
"78288","한화","2018","186","","0","2026-08-03","https://www.koreabaseball.com/Record/Player/PitcherDetail/SeasonReg.aspx?playerId=78288"
"78288","한화","2019","192","","0","2026-08-03","https://www.koreabaseball.com/Record/Player/PitcherDetail/SeasonReg.aspx?playerId=78288"
"78288","한화","2020","179","","0","2026-08-03","https://www.koreabaseball.com/Record/Player/PitcherDetail/SeasonReg.aspx?playerId=78288"
"78288","한화","2021","183","","0","2026-08-03","https://www.koreabaseball.com/Record/Player/PitcherDetail/SeasonReg.aspx?playerId=78288"
"78288","한화","2022","190","","0","2026-08-03","https://www.koreabaseball.com/Record/Player/PitcherDetail/SeasonReg.aspx?playerId=78288"
"78288","한화","2023","199","","0","2026-08-03","https://www.koreabaseball.com/Record/Player/PitcherDetail/SeasonReg.aspx?playerId=78288"
"78288","한화","2024","191","","0","2026-08-03","https://www.koreabaseball.com/Record/Player/PitcherDetail/SeasonReg.aspx?playerId=78288"
"78288","한화","2025","196","","0","2026-08-03","https://www.koreabaseball.com/Record/Player/PitcherDetail/SeasonReg.aspx?playerId=78288"
"78352","우리","2008","4","","0","2026-08-03","https://www.koreabaseball.com/Record/Player/PitcherDetail/SeasonReg.aspx?playerId=78352"
"78352","히어로즈","2009","12","","0","2026-08-03","https://www.koreabaseball.com/Record/Player/PitcherDetail/SeasonReg.aspx?playerId=78352"
"78352","넥센","2012","10","","0","2026-08-03","https://www.koreabaseball.com/Record/Player/PitcherDetail/SeasonReg.aspx?playerId=78352"
"78352","NC","2013","163","","0","2026-08-03","https://www.koreabaseball.com/Record/Player/PitcherDetail/SeasonReg.aspx?playerId=78352"
"78352","NC","2014","125","","0","2026-08-03","https://www.koreabaseball.com/Record/Player/PitcherDetail/SeasonReg.aspx?playerId=78352"
"78352","NC","2015","167","프리미어12 28(우승)","28","2026-08-03","https://www.koreabaseball.com/Record/Player/PitcherDetail/SeasonReg.aspx?playerId=78352"
"78352","NC","2016","192","","0","2026-08-03","https://www.koreabaseball.com/Record/Player/PitcherDetail/SeasonReg.aspx?playerId=78352"
"78352","NC","2017","187","WBC 19(1라운드)","19","2026-08-03","https://www.koreabaseball.com/Record/Player/PitcherDetail/SeasonReg.aspx?playerId=78352"
"78352","NC","2018","25","","0","2026-08-03","https://www.koreabaseball.com/Record/Player/PitcherDetail/SeasonReg.aspx?playerId=78352"
"78352","NC","2019","80","","0","2026-08-03","https://www.koreabaseball.com/Record/Player/PitcherDetail/SeasonReg.aspx?playerId=78352"
"78352","NC","2020","110","","0","2026-08-03","https://www.koreabaseball.com/Record/Player/PitcherDetail/SeasonReg.aspx?playerId=78352"
"78352","NC","2021","132","","0","2026-08-03","https://www.koreabaseball.com/Record/Player/PitcherDetail/SeasonReg.aspx?playerId=78352"
"78352","두산","2022","82","","0","2026-08-03","https://www.koreabaseball.com/Record/Player/PitcherDetail/SeasonReg.aspx?playerId=78352"
"78352","키움","2023","196","","0","2026-08-03","https://www.koreabaseball.com/Record/Player/PitcherDetail/SeasonReg.aspx?playerId=78352"
"78352","삼성","2024","175","","0","2026-08-03","https://www.koreabaseball.com/Record/Player/PitcherDetail/SeasonReg.aspx?playerId=78352"
"78352","삼성","2025","98","","0","2026-08-03","https://www.koreabaseball.com/Record/Player/PitcherDetail/SeasonReg.aspx?playerId=78352"
"78513","롯데","2008","33","","0","2026-08-03","https://www.koreabaseball.com/Record/Player/PitcherDetail/SeasonReg.aspx?playerId=78513"
"78513","롯데","2009","61","","0","2026-08-03","https://www.koreabaseball.com/Record/Player/PitcherDetail/SeasonReg.aspx?playerId=78513"
"78513","롯데","2010","183","","0","2026-08-03","https://www.koreabaseball.com/Record/Player/PitcherDetail/SeasonReg.aspx?playerId=78513"
"78513","롯데","2011","188","","0","2026-08-03","https://www.koreabaseball.com/Record/Player/PitcherDetail/SeasonReg.aspx?playerId=78513"
"78513","롯데","2012","173","","0","2026-08-03","https://www.koreabaseball.com/Record/Player/PitcherDetail/SeasonReg.aspx?playerId=78513"
"78513","롯데","2013","189","","0","2026-08-03","https://www.koreabaseball.com/Record/Player/PitcherDetail/SeasonReg.aspx?playerId=78513"
"78513","롯데","2014","173","","0","2026-08-03","https://www.koreabaseball.com/Record/Player/PitcherDetail/SeasonReg.aspx?playerId=78513"
"78513","롯데","2016","36","","0","2026-08-03","https://www.koreabaseball.com/Record/Player/PitcherDetail/SeasonReg.aspx?playerId=78513"
"78513","롯데","2017","146","","0","2026-08-03","https://www.koreabaseball.com/Record/Player/PitcherDetail/SeasonReg.aspx?playerId=78513"
"78513","롯데","2018","187","","0","2026-08-03","https://www.koreabaseball.com/Record/Player/PitcherDetail/SeasonReg.aspx?playerId=78513"
"78513","롯데","2019","193","","0","2026-08-03","https://www.koreabaseball.com/Record/Player/PitcherDetail/SeasonReg.aspx?playerId=78513"
"78513","롯데","2020","179","","0","2026-08-03","https://www.koreabaseball.com/Record/Player/PitcherDetail/SeasonReg.aspx?playerId=78513"
"78513","롯데","2021","183","","0","2026-08-03","https://www.koreabaseball.com/Record/Player/PitcherDetail/SeasonReg.aspx?playerId=78513"
"78513","롯데","2022","189","","0","2026-08-03","https://www.koreabaseball.com/Record/Player/PitcherDetail/SeasonReg.aspx?playerId=78513"
"78513","롯데","2023","199","","0","2026-08-03","https://www.koreabaseball.com/Record/Player/PitcherDetail/SeasonReg.aspx?playerId=78513"
"78513","롯데","2024","183","","0","2026-08-03","https://www.koreabaseball.com/Record/Player/PitcherDetail/SeasonReg.aspx?playerId=78513"
"78513","롯데","2025","182","","0","2026-08-03","https://www.koreabaseball.com/Record/Player/PitcherDetail/SeasonReg.aspx?playerId=78513"
"78548","롯데","2008","0","","0","2026-08-03","https://www.koreabaseball.com/Record/Player/PitcherDetail/SeasonReg.aspx?playerId=78548"
"78548","롯데","2009","95","","0","2026-08-03","https://www.koreabaseball.com/Record/Player/PitcherDetail/SeasonReg.aspx?playerId=78548"
"78548","롯데","2010","183","","0","2026-08-03","https://www.koreabaseball.com/Record/Player/PitcherDetail/SeasonReg.aspx?playerId=78548"
"78548","롯데","2011","188","","0","2026-08-03","https://www.koreabaseball.com/Record/Player/PitcherDetail/SeasonReg.aspx?playerId=78548"
"78548","롯데","2014","93","","0","2026-08-03","https://www.koreabaseball.com/Record/Player/PitcherDetail/SeasonReg.aspx?playerId=78548"
"78548","KT","2015","192","","0","2026-08-03","https://www.koreabaseball.com/Record/Player/PitcherDetail/SeasonReg.aspx?playerId=78548"
"78548","KT","2016","0","","0","2026-08-03","https://www.koreabaseball.com/Record/Player/PitcherDetail/SeasonReg.aspx?playerId=78548"
"78548","KT","2017","187","","0","2026-08-03","https://www.koreabaseball.com/Record/Player/PitcherDetail/SeasonReg.aspx?playerId=78548"
"78548","KT","2018","186","","0","2026-08-03","https://www.koreabaseball.com/Record/Player/PitcherDetail/SeasonReg.aspx?playerId=78548"
"78548","KT","2019","178","","0","2026-08-03","https://www.koreabaseball.com/Record/Player/PitcherDetail/SeasonReg.aspx?playerId=78548"
"78548","KT","2020","179","","0","2026-08-03","https://www.koreabaseball.com/Record/Player/PitcherDetail/SeasonReg.aspx?playerId=78548"
"78548","KT","2021","183","","0","2026-08-03","https://www.koreabaseball.com/Record/Player/PitcherDetail/SeasonReg.aspx?playerId=78548"
"78548","KT","2022","193","","0","2026-08-03","https://www.koreabaseball.com/Record/Player/PitcherDetail/SeasonReg.aspx?playerId=78548"
"78548","KT","2023","193","","0","2026-08-03","https://www.koreabaseball.com/Record/Player/PitcherDetail/SeasonReg.aspx?playerId=78548"
"78548","KT","2024","190","","0","2026-08-03","https://www.koreabaseball.com/Record/Player/PitcherDetail/SeasonReg.aspx?playerId=78548"
"78548","KT","2025","196","","0","2026-08-03","https://www.koreabaseball.com/Record/Player/PitcherDetail/SeasonReg.aspx?playerId=78548"
"78603","KIA","2008","170","","0","2026-08-03","https://www.koreabaseball.com/Record/Player/PitcherDetail/SeasonReg.aspx?playerId=78603"
"78603","KIA","2009","133","","0","2026-08-03","https://www.koreabaseball.com/Record/Player/PitcherDetail/SeasonReg.aspx?playerId=78603"
"78603","KIA","2010","184","","0","2026-08-03","https://www.koreabaseball.com/Record/Player/PitcherDetail/SeasonReg.aspx?playerId=78603"
"78603","KIA","2011","147","","0","2026-08-03","https://www.koreabaseball.com/Record/Player/PitcherDetail/SeasonReg.aspx?playerId=78603"
"78603","KIA","2012","183","","0","2026-08-03","https://www.koreabaseball.com/Record/Player/PitcherDetail/SeasonReg.aspx?playerId=78603"
"78603","KIA","2013","146","","0","2026-08-03","https://www.koreabaseball.com/Record/Player/PitcherDetail/SeasonReg.aspx?playerId=78603"
"78603","KIA","2014","42","","0","2026-08-03","https://www.koreabaseball.com/Record/Player/PitcherDetail/SeasonReg.aspx?playerId=78603"
"78603","KIA","2016","12","","0","2026-08-03","https://www.koreabaseball.com/Record/Player/PitcherDetail/SeasonReg.aspx?playerId=78603"
"78603","KIA","2017","187","","0","2026-08-03","https://www.koreabaseball.com/Record/Player/PitcherDetail/SeasonReg.aspx?playerId=78603"
"78603","KIA","2018","166","","0","2026-08-03","https://www.koreabaseball.com/Record/Player/PitcherDetail/SeasonReg.aspx?playerId=78603"
"78603","KIA","2019","177","","0","2026-08-03","https://www.koreabaseball.com/Record/Player/PitcherDetail/SeasonReg.aspx?playerId=78603"
"78603","KIA","2020","147","","0","2026-08-03","https://www.koreabaseball.com/Record/Player/PitcherDetail/SeasonReg.aspx?playerId=78603"
"78603","KIA","2021","183","","0","2026-08-03","https://www.koreabaseball.com/Record/Player/PitcherDetail/SeasonReg.aspx?playerId=78603"
"78603","KIA","2022","190","","0","2026-08-03","https://www.koreabaseball.com/Record/Player/PitcherDetail/SeasonReg.aspx?playerId=78603"
"78603","KIA","2023","199","","0","2026-08-03","https://www.koreabaseball.com/Record/Player/PitcherDetail/SeasonReg.aspx?playerId=78603"
"78603","KIA","2024","177","","0","2026-08-03","https://www.koreabaseball.com/Record/Player/PitcherDetail/SeasonReg.aspx?playerId=78603"
"78603","KIA","2025","158","","0","2026-08-03","https://www.koreabaseball.com/Record/Player/PitcherDetail/SeasonReg.aspx?playerId=78603"
"78756","한화","2008","156","","0","2026-08-03","https://www.koreabaseball.com/Record/Player/PitcherDetail/SeasonReg.aspx?playerId=78756"
"78756","한화","2009","141","","0","2026-08-03","https://www.koreabaseball.com/Record/Player/PitcherDetail/SeasonReg.aspx?playerId=78756"
"78756","한화","2010","174","","0","2026-08-03","https://www.koreabaseball.com/Record/Player/PitcherDetail/SeasonReg.aspx?playerId=78756"
"78756","한화","2011","102","","0","2026-08-03","https://www.koreabaseball.com/Record/Player/PitcherDetail/SeasonReg.aspx?playerId=78756"
"78756","한화","2012","154","","0","2026-08-03","https://www.koreabaseball.com/Record/Player/PitcherDetail/SeasonReg.aspx?playerId=78756"
"78756","한화","2013","150","","0","2026-08-03","https://www.koreabaseball.com/Record/Player/PitcherDetail/SeasonReg.aspx?playerId=78756"
"78756","한화","2016","87","","0","2026-08-03","https://www.koreabaseball.com/Record/Player/PitcherDetail/SeasonReg.aspx?playerId=78756"
"78756","한화","2017","99","","0","2026-08-03","https://www.koreabaseball.com/Record/Player/PitcherDetail/SeasonReg.aspx?playerId=78756"
"78756","한화","2018","100","","0","2026-08-03","https://www.koreabaseball.com/Record/Player/PitcherDetail/SeasonReg.aspx?playerId=78756"
"78756","한화","2019","167","","0","2026-08-03","https://www.koreabaseball.com/Record/Player/PitcherDetail/SeasonReg.aspx?playerId=78756"
"78756","한화","2020","156","","0","2026-08-03","https://www.koreabaseball.com/Record/Player/PitcherDetail/SeasonReg.aspx?playerId=78756"
"78756","삼성","2021","43","","0","2026-08-03","https://www.koreabaseball.com/Record/Player/PitcherDetail/SeasonReg.aspx?playerId=78756"
"78756","삼성","2022","164","","0","2026-08-03","https://www.koreabaseball.com/Record/Player/PitcherDetail/SeasonReg.aspx?playerId=78756"
"78756","한화","2023","158","","0","2026-08-03","https://www.koreabaseball.com/Record/Player/PitcherDetail/SeasonReg.aspx?playerId=78756"
"78756","롯데","2024","74","","0","2026-08-03","https://www.koreabaseball.com/Record/Player/PitcherDetail/SeasonReg.aspx?playerId=78756"
"78756","키움","2025","183","","0","2026-08-03","https://www.koreabaseball.com/Record/Player/PitcherDetail/SeasonReg.aspx?playerId=78756"
"79109","LG","2009","12","","0","2026-08-03","https://www.koreabaseball.com/Record/Player/PitcherDetail/SeasonReg.aspx?playerId=79109"
"79109","LG","2010","184","","0","2026-08-03","https://www.koreabaseball.com/Record/Player/PitcherDetail/SeasonReg.aspx?playerId=79109"
"79109","LG","2011","96","","0","2026-08-03","https://www.koreabaseball.com/Record/Player/PitcherDetail/SeasonReg.aspx?playerId=79109"
"79109","LG","2012","183","","0","2026-08-03","https://www.koreabaseball.com/Record/Player/PitcherDetail/SeasonReg.aspx?playerId=79109"
"79109","LG","2013","190","","0","2026-08-03","https://www.koreabaseball.com/Record/Player/PitcherDetail/SeasonReg.aspx?playerId=79109"
"79109","LG","2014","164","","0","2026-08-03","https://www.koreabaseball.com/Record/Player/PitcherDetail/SeasonReg.aspx?playerId=79109"
"79109","LG","2015","193","","0","2026-08-03","https://www.koreabaseball.com/Record/Player/PitcherDetail/SeasonReg.aspx?playerId=79109"
"79109","LG","2016","165","","0","2026-08-03","https://www.koreabaseball.com/Record/Player/PitcherDetail/SeasonReg.aspx?playerId=79109"
"79109","LG","2017","147","","0","2026-08-03","https://www.koreabaseball.com/Record/Player/PitcherDetail/SeasonReg.aspx?playerId=79109"
"79109","LG","2018","186","아시안게임 병역(금메달)","0","2026-08-03","https://www.koreabaseball.com/Record/Player/PitcherDetail/SeasonReg.aspx?playerId=79109"
"79109","LG","2019","184","","0","2026-08-03","https://www.koreabaseball.com/Record/Player/PitcherDetail/SeasonReg.aspx?playerId=79109"
"79109","LG","2020","179","","0","2026-08-03","https://www.koreabaseball.com/Record/Player/PitcherDetail/SeasonReg.aspx?playerId=79109"
"79109","LG","2021","182","올림픽 10(4위)","10","2026-08-03","https://www.koreabaseball.com/Record/Player/PitcherDetail/SeasonReg.aspx?playerId=79109"
"79109","LG","2022","193","","0","2026-08-03","https://www.koreabaseball.com/Record/Player/PitcherDetail/SeasonReg.aspx?playerId=79109"
"79109","LG","2023","198","WBC 10(1라운드)","10","2026-08-03","https://www.koreabaseball.com/Record/Player/PitcherDetail/SeasonReg.aspx?playerId=79109"
"79109","LG","2024","178","","0","2026-08-03","https://www.koreabaseball.com/Record/Player/PitcherDetail/SeasonReg.aspx?playerId=79109"
"79109","LG","2025","194","","0","2026-08-03","https://www.koreabaseball.com/Record/Player/PitcherDetail/SeasonReg.aspx?playerId=79109"
"79140","LG","2009","123","","0","2026-08-03","https://www.koreabaseball.com/Record/Player/PitcherDetail/SeasonReg.aspx?playerId=79140"
"79140","LG","2010","6","","0","2026-08-03","https://www.koreabaseball.com/Record/Player/PitcherDetail/SeasonReg.aspx?playerId=79140"
"79140","LG","2013","0","","0","2026-08-03","https://www.koreabaseball.com/Record/Player/PitcherDetail/SeasonReg.aspx?playerId=79140"
"79140","LG","2014","6","","0","2026-08-03","https://www.koreabaseball.com/Record/Player/PitcherDetail/SeasonReg.aspx?playerId=79140"
"79140","LG","2015","97","","0","2026-08-03","https://www.koreabaseball.com/Record/Player/PitcherDetail/SeasonReg.aspx?playerId=79140"
"79140","LG","2016","95","","0","2026-08-03","https://www.koreabaseball.com/Record/Player/PitcherDetail/SeasonReg.aspx?playerId=79140"
"79140","LG","2017","121","","0","2026-08-03","https://www.koreabaseball.com/Record/Player/PitcherDetail/SeasonReg.aspx?playerId=79140"
"79140","LG","2018","107","","0","2026-08-03","https://www.koreabaseball.com/Record/Player/PitcherDetail/SeasonReg.aspx?playerId=79140"
"79140","LG","2019","109","","0","2026-08-03","https://www.koreabaseball.com/Record/Player/PitcherDetail/SeasonReg.aspx?playerId=79140"
"79140","LG","2020","179","","0","2026-08-03","https://www.koreabaseball.com/Record/Player/PitcherDetail/SeasonReg.aspx?playerId=79140"
"79140","LG","2021","24","","0","2026-08-03","https://www.koreabaseball.com/Record/Player/PitcherDetail/SeasonReg.aspx?playerId=79140"
"79140","LG","2022","154","","0","2026-08-03","https://www.koreabaseball.com/Record/Player/PitcherDetail/SeasonReg.aspx?playerId=79140"
"79140","LG","2023","167","","0","2026-08-03","https://www.koreabaseball.com/Record/Player/PitcherDetail/SeasonReg.aspx?playerId=79140"
"79140","LG","2024","88","","0","2026-08-03","https://www.koreabaseball.com/Record/Player/PitcherDetail/SeasonReg.aspx?playerId=79140"
"79140","KT","2025","103","","0","2026-08-03","https://www.koreabaseball.com/Record/Player/PitcherDetail/SeasonReg.aspx?playerId=79140"
"79192","LG","2014","117","","0","2026-08-03","https://www.koreabaseball.com/Record/Player/PitcherDetail/SeasonReg.aspx?playerId=79192"
"79192","LG","2015","136","","0","2026-08-03","https://www.koreabaseball.com/Record/Player/PitcherDetail/SeasonReg.aspx?playerId=79192"
"79192","LG","2016","179","","0","2026-08-03","https://www.koreabaseball.com/Record/Player/PitcherDetail/SeasonReg.aspx?playerId=79192"
"79192","LG","2017","160","","0","2026-08-03","https://www.koreabaseball.com/Record/Player/PitcherDetail/SeasonReg.aspx?playerId=79192"
"79192","LG","2018","186","","0","2026-08-03","https://www.koreabaseball.com/Record/Player/PitcherDetail/SeasonReg.aspx?playerId=79192"
"79192","LG","2019","181","","0","2026-08-03","https://www.koreabaseball.com/Record/Player/PitcherDetail/SeasonReg.aspx?playerId=79192"
"79192","LG","2020","165","","0","2026-08-03","https://www.koreabaseball.com/Record/Player/PitcherDetail/SeasonReg.aspx?playerId=79192"
"79192","LG","2021","156","","0","2026-08-03","https://www.koreabaseball.com/Record/Player/PitcherDetail/SeasonReg.aspx?playerId=79192"
"79192","LG","2022","192","","0","2026-08-03","https://www.koreabaseball.com/Record/Player/PitcherDetail/SeasonReg.aspx?playerId=79192"
"79192","한화","2023","199","","0","2026-08-03","https://www.koreabaseball.com/Record/Player/PitcherDetail/SeasonReg.aspx?playerId=79192"
"79192","한화","2024","189","","0","2026-08-03","https://www.koreabaseball.com/Record/Player/PitcherDetail/SeasonReg.aspx?playerId=79192"
"79192","한화","2025","196","","0","2026-08-03","https://www.koreabaseball.com/Record/Player/PitcherDetail/SeasonReg.aspx?playerId=79192"
"79215","두산","2009","13","","0","2026-08-03","https://www.koreabaseball.com/Record/Player/PitcherDetail/SeasonReg.aspx?playerId=79215"
"79215","두산","2010","0","","0","2026-08-03","https://www.koreabaseball.com/Record/Player/PitcherDetail/SeasonReg.aspx?playerId=79215"
"79215","두산","2013","81","","0","2026-08-03","https://www.koreabaseball.com/Record/Player/PitcherDetail/SeasonReg.aspx?playerId=79215"
"79215","두산","2014","105","","0","2026-08-03","https://www.koreabaseball.com/Record/Player/PitcherDetail/SeasonReg.aspx?playerId=79215"
"79215","두산","2015","155","","0","2026-08-03","https://www.koreabaseball.com/Record/Player/PitcherDetail/SeasonReg.aspx?playerId=79215"
"79215","두산","2016","191","","0","2026-08-03","https://www.koreabaseball.com/Record/Player/PitcherDetail/SeasonReg.aspx?playerId=79215"
"79215","두산","2017","177","WBC 28(1라운드)","28","2026-08-03","https://www.koreabaseball.com/Record/Player/PitcherDetail/SeasonReg.aspx?playerId=79215"
"79215","두산","2018","168","","0","2026-08-03","https://www.koreabaseball.com/Record/Player/PitcherDetail/SeasonReg.aspx?playerId=79215"
"79215","두산","2019","180","프리미어12 60(준우승)","60","2026-08-03","https://www.koreabaseball.com/Record/Player/PitcherDetail/SeasonReg.aspx?playerId=79215"
"79215","두산","2020","179","","0","2026-08-03","https://www.koreabaseball.com/Record/Player/PitcherDetail/SeasonReg.aspx?playerId=79215"
"79215","두산","2021","172","올림픽 10(4위)","10","2026-08-03","https://www.koreabaseball.com/Record/Player/PitcherDetail/SeasonReg.aspx?playerId=79215"
"79215","NC","2022","166","","0","2026-08-03","https://www.koreabaseball.com/Record/Player/PitcherDetail/SeasonReg.aspx?playerId=79215"
"79215","NC","2023","181","WBC 10(1라운드)","10","2026-08-03","https://www.koreabaseball.com/Record/Player/PitcherDetail/SeasonReg.aspx?playerId=79215"
"79215","NC","2024","156","","0","2026-08-03","https://www.koreabaseball.com/Record/Player/PitcherDetail/SeasonReg.aspx?playerId=79215"
"79215","NC","2025","185","","0","2026-08-03","https://www.koreabaseball.com/Record/Player/PitcherDetail/SeasonReg.aspx?playerId=79215"
"79231","두산","2009","130","","0","2026-08-03","https://www.koreabaseball.com/Record/Player/PitcherDetail/SeasonReg.aspx?playerId=79231"
"79231","두산","2010","118","","0","2026-08-03","https://www.koreabaseball.com/Record/Player/PitcherDetail/SeasonReg.aspx?playerId=79231"
"79231","두산","2011","188","","0","2026-08-03","https://www.koreabaseball.com/Record/Player/PitcherDetail/SeasonReg.aspx?playerId=79231"
"79231","두산","2012","140","","0","2026-08-03","https://www.koreabaseball.com/Record/Player/PitcherDetail/SeasonReg.aspx?playerId=79231"
"79231","두산","2013","190","","0","2026-08-03","https://www.koreabaseball.com/Record/Player/PitcherDetail/SeasonReg.aspx?playerId=79231"
"79231","두산","2014","187","","0","2026-08-03","https://www.koreabaseball.com/Record/Player/PitcherDetail/SeasonReg.aspx?playerId=79231"
"79231","두산","2015","178","","0","2026-08-03","https://www.koreabaseball.com/Record/Player/PitcherDetail/SeasonReg.aspx?playerId=79231"
"79231","두산","2016","169","","0","2026-08-03","https://www.koreabaseball.com/Record/Player/PitcherDetail/SeasonReg.aspx?playerId=79231"
"79231","두산","2018","37","","0","2026-08-03","https://www.koreabaseball.com/Record/Player/PitcherDetail/SeasonReg.aspx?playerId=79231"
"79231","두산","2019","170","","0","2026-08-03","https://www.koreabaseball.com/Record/Player/PitcherDetail/SeasonReg.aspx?playerId=79231"
"79231","두산","2020","179","","0","2026-08-03","https://www.koreabaseball.com/Record/Player/PitcherDetail/SeasonReg.aspx?playerId=79231"
"79231","두산","2021","155","","0","2026-08-03","https://www.koreabaseball.com/Record/Player/PitcherDetail/SeasonReg.aspx?playerId=79231"
"79231","두산","2022","178","","0","2026-08-03","https://www.koreabaseball.com/Record/Player/PitcherDetail/SeasonReg.aspx?playerId=79231"
"79231","두산","2023","200","","0","2026-08-03","https://www.koreabaseball.com/Record/Player/PitcherDetail/SeasonReg.aspx?playerId=79231"
"79231","두산","2024","190","","0","2026-08-03","https://www.koreabaseball.com/Record/Player/PitcherDetail/SeasonReg.aspx?playerId=79231"
"79231","두산","2025","183","","0","2026-08-03","https://www.koreabaseball.com/Record/Player/PitcherDetail/SeasonReg.aspx?playerId=79231"
"79240","두산","2009","0","","0","2026-08-03","https://www.koreabaseball.com/Record/Player/PitcherDetail/SeasonReg.aspx?playerId=79240"
"79240","두산","2012","173","","0","2026-08-03","https://www.koreabaseball.com/Record/Player/PitcherDetail/SeasonReg.aspx?playerId=79240"
"79240","두산","2013","123","","0","2026-08-03","https://www.koreabaseball.com/Record/Player/PitcherDetail/SeasonReg.aspx?playerId=79240"
"79240","두산","2014","187","","0","2026-08-03","https://www.koreabaseball.com/Record/Player/PitcherDetail/SeasonReg.aspx?playerId=79240"
"79240","두산","2015","180","프리미어12 21(우승)","21","2026-08-03","https://www.koreabaseball.com/Record/Player/PitcherDetail/SeasonReg.aspx?playerId=79240"
"79240","두산","2016","191","","0","2026-08-03","https://www.koreabaseball.com/Record/Player/PitcherDetail/SeasonReg.aspx?playerId=79240"
"79240","두산","2017","177","WBC 28(1라운드)","28","2026-08-03","https://www.koreabaseball.com/Record/Player/PitcherDetail/SeasonReg.aspx?playerId=79240"
"79240","두산","2018","187","","0","2026-08-03","https://www.koreabaseball.com/Record/Player/PitcherDetail/SeasonReg.aspx?playerId=79240"
"79240","두산","2019","193","프리미어12 60(준우승)","60","2026-08-03","https://www.koreabaseball.com/Record/Player/PitcherDetail/SeasonReg.aspx?playerId=79240"
"79240","두산","2020","178","","0","2026-08-03","https://www.koreabaseball.com/Record/Player/PitcherDetail/SeasonReg.aspx?playerId=79240"
"79240","두산","2021","183","올림픽 10(4위)","10","2026-08-03","https://www.koreabaseball.com/Record/Player/PitcherDetail/SeasonReg.aspx?playerId=79240"
"79240","두산","2022","190","","0","2026-08-03","https://www.koreabaseball.com/Record/Player/PitcherDetail/SeasonReg.aspx?playerId=79240"
"79240","두산","2023","200","","0","2026-08-03","https://www.koreabaseball.com/Record/Player/PitcherDetail/SeasonReg.aspx?playerId=79240"
"79240","두산","2024","175","","0","2026-08-03","https://www.koreabaseball.com/Record/Player/PitcherDetail/SeasonReg.aspx?playerId=79240"
"79240","KT","2025","186","","0","2026-08-03","https://www.koreabaseball.com/Record/Player/PitcherDetail/SeasonReg.aspx?playerId=79240"
"79365","히어로즈","2009","0","","0","2026-08-03","https://www.koreabaseball.com/Record/Player/PitcherDetail/SeasonReg.aspx?playerId=79365"
"79365","넥센","2010","27","","0","2026-08-03","https://www.koreabaseball.com/Record/Player/PitcherDetail/SeasonReg.aspx?playerId=79365"
"79365","넥센","2013","147","","0","2026-08-03","https://www.koreabaseball.com/Record/Player/PitcherDetail/SeasonReg.aspx?playerId=79365"
"79365","넥센","2014","149","","0","2026-08-03","https://www.koreabaseball.com/Record/Player/PitcherDetail/SeasonReg.aspx?playerId=79365"
"79365","넥센","2015","177","","0","2026-08-03","https://www.koreabaseball.com/Record/Player/PitcherDetail/SeasonReg.aspx?playerId=79365"
"79365","넥센","2016","181","","0","2026-08-03","https://www.koreabaseball.com/Record/Player/PitcherDetail/SeasonReg.aspx?playerId=79365"
"79365","넥센","2017","159","","0","2026-08-03","https://www.koreabaseball.com/Record/Player/PitcherDetail/SeasonReg.aspx?playerId=79365"
"79365","넥센","2018","50","","0","2026-08-03","https://www.koreabaseball.com/Record/Player/PitcherDetail/SeasonReg.aspx?playerId=79365"
"79365","키움","2019","176","","0","2026-08-03","https://www.koreabaseball.com/Record/Player/PitcherDetail/SeasonReg.aspx?playerId=79365"
"79365","키움","2020","179","","0","2026-08-03","https://www.koreabaseball.com/Record/Player/PitcherDetail/SeasonReg.aspx?playerId=79365"
"79365","키움","2021","183","","0","2026-08-03","https://www.koreabaseball.com/Record/Player/PitcherDetail/SeasonReg.aspx?playerId=79365"
"79365","KIA","2022","174","","0","2026-08-03","https://www.koreabaseball.com/Record/Player/PitcherDetail/SeasonReg.aspx?playerId=79365"
"79365","LG","2023","198","","0","2026-08-03","https://www.koreabaseball.com/Record/Player/PitcherDetail/SeasonReg.aspx?playerId=79365"
"79365","LG","2024","190","프리미어12 10(5위)","10","2026-08-03","https://www.koreabaseball.com/Record/Player/PitcherDetail/SeasonReg.aspx?playerId=79365"
"79365","LG","2025","194","","0","2026-08-03","https://www.koreabaseball.com/Record/Player/PitcherDetail/SeasonReg.aspx?playerId=79365"
"79402","삼성","2009","142","","0","2026-08-03","https://www.koreabaseball.com/Record/Player/PitcherDetail/SeasonReg.aspx?playerId=79402"
"79402","삼성","2010","150","","0","2026-08-03","https://www.koreabaseball.com/Record/Player/PitcherDetail/SeasonReg.aspx?playerId=79402"
"79402","삼성","2011","188","","0","2026-08-03","https://www.koreabaseball.com/Record/Player/PitcherDetail/SeasonReg.aspx?playerId=79402"
"79402","삼성","2012","183","","0","2026-08-03","https://www.koreabaseball.com/Record/Player/PitcherDetail/SeasonReg.aspx?playerId=79402"
"79402","삼성","2013","175","","0","2026-08-03","https://www.koreabaseball.com/Record/Player/PitcherDetail/SeasonReg.aspx?playerId=79402"
"79402","삼성","2014","186","아시안게임 병역(금메달)","0","2026-08-03","https://www.koreabaseball.com/Record/Player/PitcherDetail/SeasonReg.aspx?playerId=79402"
"79402","삼성","2015","174","프리미어12 21(우승)","21","2026-08-03","https://www.koreabaseball.com/Record/Player/PitcherDetail/SeasonReg.aspx?playerId=79402"
"79402","삼성","2016","150","","0","2026-08-03","https://www.koreabaseball.com/Record/Player/PitcherDetail/SeasonReg.aspx?playerId=79402"
"79402","삼성","2017","68","","0","2026-08-03","https://www.koreabaseball.com/Record/Player/PitcherDetail/SeasonReg.aspx?playerId=79402"
"79402","삼성","2018","162","","0","2026-08-03","https://www.koreabaseball.com/Record/Player/PitcherDetail/SeasonReg.aspx?playerId=79402"
"79402","삼성","2019","183","프리미어12 60(준우승)","60","2026-08-03","https://www.koreabaseball.com/Record/Player/PitcherDetail/SeasonReg.aspx?playerId=79402"
"79402","삼성","2020","169","","0","2026-08-03","https://www.koreabaseball.com/Record/Player/PitcherDetail/SeasonReg.aspx?playerId=79402"
"79402","삼성","2021","188","","0","2026-08-03","https://www.koreabaseball.com/Record/Player/PitcherDetail/SeasonReg.aspx?playerId=79402"
"79402","삼성","2022","136","","0","2026-08-03","https://www.koreabaseball.com/Record/Player/PitcherDetail/SeasonReg.aspx?playerId=79402"
"79402","KT","2023","183","","0","2026-08-03","https://www.koreabaseball.com/Record/Player/PitcherDetail/SeasonReg.aspx?playerId=79402"
"79402","KT","2024","186","","0","2026-08-03","https://www.koreabaseball.com/Record/Player/PitcherDetail/SeasonReg.aspx?playerId=79402"
"79402","KT","2025","182","","0","2026-08-03","https://www.koreabaseball.com/Record/Player/PitcherDetail/SeasonReg.aspx?playerId=79402"
"79456","삼성","2009","68","","0","2026-08-03","https://www.koreabaseball.com/Record/Player/PitcherDetail/SeasonReg.aspx?playerId=79456"
"79456","삼성","2012","121","","0","2026-08-03","https://www.koreabaseball.com/Record/Player/PitcherDetail/SeasonReg.aspx?playerId=79456"
"79456","삼성","2013","188","","0","2026-08-03","https://www.koreabaseball.com/Record/Player/PitcherDetail/SeasonReg.aspx?playerId=79456"
"79456","삼성","2014","152","","0","2026-08-03","https://www.koreabaseball.com/Record/Player/PitcherDetail/SeasonReg.aspx?playerId=79456"
"79456","삼성","2015","192","","0","2026-08-03","https://www.koreabaseball.com/Record/Player/PitcherDetail/SeasonReg.aspx?playerId=79456"
"79456","삼성","2016","191","","0","2026-08-03","https://www.koreabaseball.com/Record/Player/PitcherDetail/SeasonReg.aspx?playerId=79456"
"79456","삼성","2017","146","","0","2026-08-03","https://www.koreabaseball.com/Record/Player/PitcherDetail/SeasonReg.aspx?playerId=79456"
"79456","삼성","2018","176","","0","2026-08-03","https://www.koreabaseball.com/Record/Player/PitcherDetail/SeasonReg.aspx?playerId=79456"
"79456","키움","2019","193","","0","2026-08-03","https://www.koreabaseball.com/Record/Player/PitcherDetail/SeasonReg.aspx?playerId=79456"
"79456","키움","2020","179","","0","2026-08-03","https://www.koreabaseball.com/Record/Player/PitcherDetail/SeasonReg.aspx?playerId=79456"
"79456","키움","2021","173","","0","2026-08-03","https://www.koreabaseball.com/Record/Player/PitcherDetail/SeasonReg.aspx?playerId=79456"
"79456","키움","2022","190","","0","2026-08-03","https://www.koreabaseball.com/Record/Player/PitcherDetail/SeasonReg.aspx?playerId=79456"
"79456","키움","2023","164","WBC 10(1라운드)","10","2026-08-03","https://www.koreabaseball.com/Record/Player/PitcherDetail/SeasonReg.aspx?playerId=79456"
"79456","SSG","2024","192","","0","2026-08-03","https://www.koreabaseball.com/Record/Player/PitcherDetail/SeasonReg.aspx?playerId=79456"
"79456","SSG","2025","195","","0","2026-08-03","https://www.koreabaseball.com/Record/Player/PitcherDetail/SeasonReg.aspx?playerId=79456"
"79608","KIA","2009","175","","0","2026-08-03","https://www.koreabaseball.com/Record/Player/PitcherDetail/SeasonReg.aspx?playerId=79608"
"79608","KIA","2010","184","","0","2026-08-03","https://www.koreabaseball.com/Record/Player/PitcherDetail/SeasonReg.aspx?playerId=79608"
"79608","KIA","2011","176","","0","2026-08-03","https://www.koreabaseball.com/Record/Player/PitcherDetail/SeasonReg.aspx?playerId=79608"
"79608","KIA","2012","183","","0","2026-08-03","https://www.koreabaseball.com/Record/Player/PitcherDetail/SeasonReg.aspx?playerId=79608"
"79608","KIA","2013","178","","0","2026-08-03","https://www.koreabaseball.com/Record/Player/PitcherDetail/SeasonReg.aspx?playerId=79608"
"79608","KIA","2014","187","","0","2026-08-03","https://www.koreabaseball.com/Record/Player/PitcherDetail/SeasonReg.aspx?playerId=79608"
"79608","KIA","2016","17","","0","2026-08-03","https://www.koreabaseball.com/Record/Player/PitcherDetail/SeasonReg.aspx?playerId=79608"
"79608","KIA","2017","169","","0","2026-08-03","https://www.koreabaseball.com/Record/Player/PitcherDetail/SeasonReg.aspx?playerId=79608"
"79608","KIA","2018","175","아시안게임 25(금메달)","25","2026-08-03","https://www.koreabaseball.com/Record/Player/PitcherDetail/SeasonReg.aspx?playerId=79608"
"79608","KIA","2019","151","","0","2026-08-03","https://www.koreabaseball.com/Record/Player/PitcherDetail/SeasonReg.aspx?playerId=79608"
"79608","롯데","2020","179","","0","2026-08-03","https://www.koreabaseball.com/Record/Player/PitcherDetail/SeasonReg.aspx?playerId=79608"
"79608","롯데","2021","176","","0","2026-08-03","https://www.koreabaseball.com/Record/Player/PitcherDetail/SeasonReg.aspx?playerId=79608"
"79608","롯데","2022","190","","0","2026-08-03","https://www.koreabaseball.com/Record/Player/PitcherDetail/SeasonReg.aspx?playerId=79608"
"79608","롯데","2023","197","","0","2026-08-03","https://www.koreabaseball.com/Record/Player/PitcherDetail/SeasonReg.aspx?playerId=79608"
"79608","한화","2024","191","","0","2026-08-03","https://www.koreabaseball.com/Record/Player/PitcherDetail/SeasonReg.aspx?playerId=79608"
"79608","한화","2025","143","","0","2026-08-03","https://www.koreabaseball.com/Record/Player/PitcherDetail/SeasonReg.aspx?playerId=79608"
"79764","한화","2009","1","","0","2026-08-03","https://www.koreabaseball.com/Record/Player/PitcherDetail/SeasonReg.aspx?playerId=79764"
"79764","한화","2010","38","","0","2026-08-03","https://www.koreabaseball.com/Record/Player/PitcherDetail/SeasonReg.aspx?playerId=79764"
"79764","한화","2011","184","","0","2026-08-03","https://www.koreabaseball.com/Record/Player/PitcherDetail/SeasonReg.aspx?playerId=79764"
"79764","한화","2015","22","","0","2026-08-03","https://www.koreabaseball.com/Record/Player/PitcherDetail/SeasonReg.aspx?playerId=79764"
"79764","한화","2016","174","","0","2026-08-03","https://www.koreabaseball.com/Record/Player/PitcherDetail/SeasonReg.aspx?playerId=79764"
"79764","한화","2017","124","","0","2026-08-03","https://www.koreabaseball.com/Record/Player/PitcherDetail/SeasonReg.aspx?playerId=79764"
"79764","한화","2018","145","","0","2026-08-03","https://www.koreabaseball.com/Record/Player/PitcherDetail/SeasonReg.aspx?playerId=79764"
"79764","한화","2019","156","","0","2026-08-03","https://www.koreabaseball.com/Record/Player/PitcherDetail/SeasonReg.aspx?playerId=79764"
"79764","한화","2020","102","","0","2026-08-03","https://www.koreabaseball.com/Record/Player/PitcherDetail/SeasonReg.aspx?playerId=79764"
"79764","한화","2021","67","","0","2026-08-03","https://www.koreabaseball.com/Record/Player/PitcherDetail/SeasonReg.aspx?playerId=79764"
"79764","한화","2022","190","","0","2026-08-03","https://www.koreabaseball.com/Record/Player/PitcherDetail/SeasonReg.aspx?playerId=79764"
"79764","한화","2023","128","","0","2026-08-03","https://www.koreabaseball.com/Record/Player/PitcherDetail/SeasonReg.aspx?playerId=79764"
"79764","한화","2024","82","","0","2026-08-03","https://www.koreabaseball.com/Record/Player/PitcherDetail/SeasonReg.aspx?playerId=79764"
"79764","한화","2025","0","","0","2026-08-03","https://www.koreabaseball.com/Record/Player/PitcherDetail/SeasonReg.aspx?playerId=79764"
