"season","game_date","game_id","start_time","away_team","away_score","home_team","home_score","stadium","source_url"
"2024","2024-03-23","20240323HHLG0","14:00","한화","2","LG","8","잠실","https://www.koreabaseball.com/Schedule/GameCenter/Main.aspx?gameDate=20240323&gameId=20240323HHLG0&section=REVIEW"
"2024","2024-03-23","20240323LTSK0","14:00","롯데","3","SSG","5","문학","https://www.koreabaseball.com/Schedule/GameCenter/Main.aspx?gameDate=20240323&gameId=20240323LTSK0&section=REVIEW"
"2024","2024-03-23","20240323OBNC0","14:00","두산","3","NC","4","창원","https://www.koreabaseball.com/Schedule/GameCenter/Main.aspx?gameDate=20240323&gameId=20240323OBNC0&section=REVIEW"
"2024","2024-03-23","20240323SSKT0","14:00","삼성","6","KT","2","수원","https://www.koreabaseball.com/Schedule/GameCenter/Main.aspx?gameDate=20240323&gameId=20240323SSKT0&section=REVIEW"
"2024","2024-03-23","20240323WOHT0","14:00","키움","5","KIA","7","광주","https://www.koreabaseball.com/Schedule/GameCenter/Main.aspx?gameDate=20240323&gameId=20240323WOHT0&section=REVIEW"
"2024","2024-03-24","20240324HHLG0","14:00","한화","8","LG","4","잠실","https://www.koreabaseball.com/Schedule/GameCenter/Main.aspx?gameDate=20240324&gameId=20240324HHLG0&section=REVIEW"
"2024","2024-03-24","20240324LTSK0","14:00","롯데","6","SSG","7","문학","https://www.koreabaseball.com/Schedule/GameCenter/Main.aspx?gameDate=20240324&gameId=20240324LTSK0&section=REVIEW"
"2024","2024-03-24","20240324OBNC0","14:00","두산","6","NC","3","창원","https://www.koreabaseball.com/Schedule/GameCenter/Main.aspx?gameDate=20240324&gameId=20240324OBNC0&section=REVIEW"
"2024","2024-03-24","20240324SSKT0","14:00","삼성","11","KT","8","수원","https://www.koreabaseball.com/Schedule/GameCenter/Main.aspx?gameDate=20240324&gameId=20240324SSKT0&section=REVIEW"
"2024","2024-03-26","20240326HHSK0","18:30","한화","6","SSG","0","문학","https://www.koreabaseball.com/Schedule/GameCenter/Main.aspx?gameDate=20240326&gameId=20240326HHSK0&section=REVIEW"
"2024","2024-03-26","20240326LTHT0","18:30","롯데","1","KIA","2","광주","https://www.koreabaseball.com/Schedule/GameCenter/Main.aspx?gameDate=20240326&gameId=20240326LTHT0&section=REVIEW"
"2024","2024-03-26","20240326OBKT0","18:30","두산","8","KT","5","수원","https://www.koreabaseball.com/Schedule/GameCenter/Main.aspx?gameDate=20240326&gameId=20240326OBKT0&section=REVIEW"
"2024","2024-03-26","20240326SSLG0","18:30","삼성","3","LG","4","잠실","https://www.koreabaseball.com/Schedule/GameCenter/Main.aspx?gameDate=20240326&gameId=20240326SSLG0&section=REVIEW"
"2024","2024-03-26","20240326WONC0","18:30","키움","5","NC","10","창원","https://www.koreabaseball.com/Schedule/GameCenter/Main.aspx?gameDate=20240326&gameId=20240326WONC0&section=REVIEW"
"2024","2024-03-27","20240327HHSK0","18:30","한화","3","SSG","1","문학","https://www.koreabaseball.com/Schedule/GameCenter/Main.aspx?gameDate=20240327&gameId=20240327HHSK0&section=REVIEW"
"2024","2024-03-27","20240327LTHT0","18:30","롯데","2","KIA","8","광주","https://www.koreabaseball.com/Schedule/GameCenter/Main.aspx?gameDate=20240327&gameId=20240327LTHT0&section=REVIEW"
"2024","2024-03-27","20240327OBKT0","18:30","두산","11","KT","8","수원","https://www.koreabaseball.com/Schedule/GameCenter/Main.aspx?gameDate=20240327&gameId=20240327OBKT0&section=REVIEW"
"2024","2024-03-27","20240327SSLG0","18:30","삼성","2","LG","2","잠실","https://www.koreabaseball.com/Schedule/GameCenter/Main.aspx?gameDate=20240327&gameId=20240327SSLG0&section=REVIEW"
"2024","2024-03-27","20240327WONC0","18:30","키움","2","NC","6","창원","https://www.koreabaseball.com/Schedule/GameCenter/Main.aspx?gameDate=20240327&gameId=20240327WONC0&section=REVIEW"
"2024","2024-03-28","20240328HHSK0","18:30","한화","10","SSG","6","문학","https://www.koreabaseball.com/Schedule/GameCenter/Main.aspx?gameDate=20240328&gameId=20240328HHSK0&section=REVIEW"
"2024","2024-03-28","20240328OBKT0","18:30","두산","7","KT","8","수원","https://www.koreabaseball.com/Schedule/GameCenter/Main.aspx?gameDate=20240328&gameId=20240328OBKT0&section=REVIEW"
"2024","2024-03-28","20240328SSLG0","18:30","삼성","1","LG","18","잠실","https://www.koreabaseball.com/Schedule/GameCenter/Main.aspx?gameDate=20240328&gameId=20240328SSLG0&section=REVIEW"
"2024","2024-03-29","20240329HTOB0","18:30","KIA","4","두산","2","잠실","https://www.koreabaseball.com/Schedule/GameCenter/Main.aspx?gameDate=20240329&gameId=20240329HTOB0&section=REVIEW"
"2024","2024-03-29","20240329KTHH0","18:30","KT","2","한화","3","한밭","https://www.koreabaseball.com/Schedule/GameCenter/Main.aspx?gameDate=20240329&gameId=20240329KTHH0&section=REVIEW"
"2024","2024-03-29","20240329LGWO0","18:30","LG","3","키움","0","고척","https://www.koreabaseball.com/Schedule/GameCenter/Main.aspx?gameDate=20240329&gameId=20240329LGWO0&section=REVIEW"
"2024","2024-03-29","20240329NCLT0","18:30","NC","1","롯데","3","사직","https://www.koreabaseball.com/Schedule/GameCenter/Main.aspx?gameDate=20240329&gameId=20240329NCLT0&section=REVIEW"
"2024","2024-03-29","20240329SKSS0","18:30","SSG","6","삼성","4","대구","https://www.koreabaseball.com/Schedule/GameCenter/Main.aspx?gameDate=20240329&gameId=20240329SKSS0&section=REVIEW"
"2024","2024-03-30","20240330HTOB0","17:00","KIA","0","두산","8","잠실","https://www.koreabaseball.com/Schedule/GameCenter/Main.aspx?gameDate=20240330&gameId=20240330HTOB0&section=REVIEW"
"2024","2024-03-30","20240330KTHH0","14:00","KT","5","한화","8","한밭","https://www.koreabaseball.com/Schedule/GameCenter/Main.aspx?gameDate=20240330&gameId=20240330KTHH0&section=REVIEW"
"2024","2024-03-30","20240330LGWO0","17:00","LG","3","키움","8","고척","https://www.koreabaseball.com/Schedule/GameCenter/Main.aspx?gameDate=20240330&gameId=20240330LGWO0&section=REVIEW"
"2024","2024-03-30","20240330NCLT0","17:00","NC","8","롯데","0","사직","https://www.koreabaseball.com/Schedule/GameCenter/Main.aspx?gameDate=20240330&gameId=20240330NCLT0&section=REVIEW"
"2024","2024-03-30","20240330SKSS0","17:00","SSG","9","삼성","6","대구","https://www.koreabaseball.com/Schedule/GameCenter/Main.aspx?gameDate=20240330&gameId=20240330SKSS0&section=REVIEW"
"2024","2024-03-31","20240331HTOB0","14:00","KIA","9","두산","3","잠실","https://www.koreabaseball.com/Schedule/GameCenter/Main.aspx?gameDate=20240331&gameId=20240331HTOB0&section=REVIEW"
"2024","2024-03-31","20240331KTHH0","14:00","KT","3","한화","14","한밭","https://www.koreabaseball.com/Schedule/GameCenter/Main.aspx?gameDate=20240331&gameId=20240331KTHH0&section=REVIEW"
"2024","2024-03-31","20240331LGWO0","14:00","LG","4","키움","8","고척","https://www.koreabaseball.com/Schedule/GameCenter/Main.aspx?gameDate=20240331&gameId=20240331LGWO0&section=REVIEW"
"2024","2024-03-31","20240331NCLT0","14:00","NC","8","롯데","7","사직","https://www.koreabaseball.com/Schedule/GameCenter/Main.aspx?gameDate=20240331&gameId=20240331NCLT0&section=REVIEW"
"2024","2024-03-31","20240331SKSS0","14:00","SSG","4","삼성","3","대구","https://www.koreabaseball.com/Schedule/GameCenter/Main.aspx?gameDate=20240331&gameId=20240331SKSS0&section=REVIEW"
"2024","2024-04-02","20240402HTKT0","18:30","KIA","6","KT","10","수원","https://www.koreabaseball.com/Schedule/GameCenter/Main.aspx?gameDate=20240402&gameId=20240402HTKT0&section=REVIEW"
"2024","2024-04-02","20240402LTHH0","18:30","롯데","1","한화","0","한밭","https://www.koreabaseball.com/Schedule/GameCenter/Main.aspx?gameDate=20240402&gameId=20240402LTHH0&section=REVIEW"
"2024","2024-04-02","20240402NCLG0","18:30","NC","7","LG","5","잠실","https://www.koreabaseball.com/Schedule/GameCenter/Main.aspx?gameDate=20240402&gameId=20240402NCLG0&section=REVIEW"
"2024","2024-04-02","20240402OBSK0","18:30","두산","6","SSG","13","문학","https://www.koreabaseball.com/Schedule/GameCenter/Main.aspx?gameDate=20240402&gameId=20240402OBSK0&section=REVIEW"
"2024","2024-04-02","20240402WOSS0","18:30","키움","8","삼성","3","대구","https://www.koreabaseball.com/Schedule/GameCenter/Main.aspx?gameDate=20240402&gameId=20240402WOSS0&section=REVIEW"
"2024","2024-04-03","20240403HTKT0","18:30","KIA","5","KT","1","수원","https://www.koreabaseball.com/Schedule/GameCenter/Main.aspx?gameDate=20240403&gameId=20240403HTKT0&section=REVIEW"
"2024","2024-04-03","20240403NCLG0","18:30","NC","0","LG","5","잠실","https://www.koreabaseball.com/Schedule/GameCenter/Main.aspx?gameDate=20240403&gameId=20240403NCLG0&section=REVIEW"
"2024","2024-04-03","20240403OBSK0","18:30","두산","3","SSG","5","문학","https://www.koreabaseball.com/Schedule/GameCenter/Main.aspx?gameDate=20240403&gameId=20240403OBSK0&section=REVIEW"
"2024","2024-04-04","20240404HTKT0","18:30","KIA","6","KT","3","수원","https://www.koreabaseball.com/Schedule/GameCenter/Main.aspx?gameDate=20240404&gameId=20240404HTKT0&section=REVIEW"
"2024","2024-04-04","20240404LTHH0","18:30","롯데","5","한화","6","한밭","https://www.koreabaseball.com/Schedule/GameCenter/Main.aspx?gameDate=20240404&gameId=20240404LTHH0&section=REVIEW"
"2024","2024-04-04","20240404NCLG0","18:30","NC","7","LG","8","잠실","https://www.koreabaseball.com/Schedule/GameCenter/Main.aspx?gameDate=20240404&gameId=20240404NCLG0&section=REVIEW"
"2024","2024-04-04","20240404OBSK0","18:30","두산","2","SSG","3","문학","https://www.koreabaseball.com/Schedule/GameCenter/Main.aspx?gameDate=20240404&gameId=20240404OBSK0&section=REVIEW"
"2024","2024-04-04","20240404WOSS0","18:30","키움","10","삼성","1","대구","https://www.koreabaseball.com/Schedule/GameCenter/Main.aspx?gameDate=20240404&gameId=20240404WOSS0&section=REVIEW"
"2024","2024-04-05","20240405HHWO0","18:30","한화","7","키움","11","고척","https://www.koreabaseball.com/Schedule/GameCenter/Main.aspx?gameDate=20240405&gameId=20240405HHWO0&section=REVIEW"
"2024","2024-04-05","20240405KTLG0","18:30","KT","8","LG","7","잠실","https://www.koreabaseball.com/Schedule/GameCenter/Main.aspx?gameDate=20240405&gameId=20240405KTLG0&section=REVIEW"
"2024","2024-04-05","20240405OBLT0","18:30","두산","4","롯데","3","사직","https://www.koreabaseball.com/Schedule/GameCenter/Main.aspx?gameDate=20240405&gameId=20240405OBLT0&section=REVIEW"
"2024","2024-04-05","20240405SKNC0","18:30","SSG","0","NC","5","창원","https://www.koreabaseball.com/Schedule/GameCenter/Main.aspx?gameDate=20240405&gameId=20240405SKNC0&section=REVIEW"
"2024","2024-04-05","20240405SSHT0","18:30","삼성","2","KIA","5","광주","https://www.koreabaseball.com/Schedule/GameCenter/Main.aspx?gameDate=20240405&gameId=20240405SSHT0&section=REVIEW"
"2024","2024-04-06","20240406HHWO0","17:00","한화","6","키움","7","고척","https://www.koreabaseball.com/Schedule/GameCenter/Main.aspx?gameDate=20240406&gameId=20240406HHWO0&section=REVIEW"
"2024","2024-04-06","20240406KTLG0","17:00","KT","4","LG","8","잠실","https://www.koreabaseball.com/Schedule/GameCenter/Main.aspx?gameDate=20240406&gameId=20240406KTLG0&section=REVIEW"
"2024","2024-04-06","20240406OBLT0","17:00","두산","1","롯데","8","사직","https://www.koreabaseball.com/Schedule/GameCenter/Main.aspx?gameDate=20240406&gameId=20240406OBLT0&section=REVIEW"
"2024","2024-04-06","20240406SKNC0","17:00","SSG","3","NC","16","창원","https://www.koreabaseball.com/Schedule/GameCenter/Main.aspx?gameDate=20240406&gameId=20240406SKNC0&section=REVIEW"
"2024","2024-04-06","20240406SSHT0","17:00","삼성","7","KIA","4","광주","https://www.koreabaseball.com/Schedule/GameCenter/Main.aspx?gameDate=20240406&gameId=20240406SSHT0&section=REVIEW"
"2024","2024-04-07","20240407HHWO0","14:00","한화","3","키움","4","고척","https://www.koreabaseball.com/Schedule/GameCenter/Main.aspx?gameDate=20240407&gameId=20240407HHWO0&section=REVIEW"
"2024","2024-04-07","20240407KTLG0","14:00","KT","7","LG","16","잠실","https://www.koreabaseball.com/Schedule/GameCenter/Main.aspx?gameDate=20240407&gameId=20240407KTLG0&section=REVIEW"
"2024","2024-04-07","20240407OBLT0","14:00","두산","6","롯데","7","사직","https://www.koreabaseball.com/Schedule/GameCenter/Main.aspx?gameDate=20240407&gameId=20240407OBLT0&section=REVIEW"
"2024","2024-04-07","20240407SKNC0","14:00","SSG","1","NC","10","창원","https://www.koreabaseball.com/Schedule/GameCenter/Main.aspx?gameDate=20240407&gameId=20240407SKNC0&section=REVIEW"
"2024","2024-04-07","20240407SSHT0","14:00","삼성","7","KIA","3","광주","https://www.koreabaseball.com/Schedule/GameCenter/Main.aspx?gameDate=20240407&gameId=20240407SSHT0&section=REVIEW"
"2024","2024-04-09","20240409HHOB0","18:30","한화","3","두산","5","잠실","https://www.koreabaseball.com/Schedule/GameCenter/Main.aspx?gameDate=20240409&gameId=20240409HHOB0&section=REVIEW"
"2024","2024-04-09","20240409KTNC0","18:30","KT","6","NC","1","창원","https://www.koreabaseball.com/Schedule/GameCenter/Main.aspx?gameDate=20240409&gameId=20240409KTNC0&section=REVIEW"
"2024","2024-04-09","20240409LGHT0","18:30","LG","2","KIA","7","광주","https://www.koreabaseball.com/Schedule/GameCenter/Main.aspx?gameDate=20240409&gameId=20240409LGHT0&section=REVIEW"
"2024","2024-04-09","20240409SSLT0","18:30","삼성","8","롯데","1","사직","https://www.koreabaseball.com/Schedule/GameCenter/Main.aspx?gameDate=20240409&gameId=20240409SSLT0&section=REVIEW"
"2024","2024-04-09","20240409WOSK0","18:30","키움","5","SSG","8","문학","https://www.koreabaseball.com/Schedule/GameCenter/Main.aspx?gameDate=20240409&gameId=20240409WOSK0&section=REVIEW"
"2024","2024-04-10","20240410HHOB0","14:00","한화","4","두산","7","잠실","https://www.koreabaseball.com/Schedule/GameCenter/Main.aspx?gameDate=20240410&gameId=20240410HHOB0&section=REVIEW"
"2024","2024-04-10","20240410KTNC0","14:00","KT","2","NC","3","창원","https://www.koreabaseball.com/Schedule/GameCenter/Main.aspx?gameDate=20240410&gameId=20240410KTNC0&section=REVIEW"
"2024","2024-04-10","20240410LGHT0","14:00","LG","4","KIA","5","광주","https://www.koreabaseball.com/Schedule/GameCenter/Main.aspx?gameDate=20240410&gameId=20240410LGHT0&section=REVIEW"
"2024","2024-04-10","20240410SSLT0","14:00","삼성","10","롯데","7","사직","https://www.koreabaseball.com/Schedule/GameCenter/Main.aspx?gameDate=20240410&gameId=20240410SSLT0&section=REVIEW"
"2024","2024-04-10","20240410WOSK0","14:00","키움","4","SSG","8","문학","https://www.koreabaseball.com/Schedule/GameCenter/Main.aspx?gameDate=20240410&gameId=20240410WOSK0&section=REVIEW"
"2024","2024-04-11","20240411HHOB0","18:30","한화","3","두산","0","잠실","https://www.koreabaseball.com/Schedule/GameCenter/Main.aspx?gameDate=20240411&gameId=20240411HHOB0&section=REVIEW"
"2024","2024-04-11","20240411KTNC0","18:30","KT","7","NC","8","창원","https://www.koreabaseball.com/Schedule/GameCenter/Main.aspx?gameDate=20240411&gameId=20240411KTNC0&section=REVIEW"
"2024","2024-04-11","20240411LGHT0","18:30","LG","4","KIA","8","광주","https://www.koreabaseball.com/Schedule/GameCenter/Main.aspx?gameDate=20240411&gameId=20240411LGHT0&section=REVIEW"
"2024","2024-04-11","20240411SSLT0","18:30","삼성","4","롯데","0","사직","https://www.koreabaseball.com/Schedule/GameCenter/Main.aspx?gameDate=20240411&gameId=20240411SSLT0&section=REVIEW"
"2024","2024-04-11","20240411WOSK0","18:30","키움","5","SSG","2","문학","https://www.koreabaseball.com/Schedule/GameCenter/Main.aspx?gameDate=20240411&gameId=20240411WOSK0&section=REVIEW"
"2024","2024-04-12","20240412HTHH0","18:30","KIA","8","한화","4","한밭","https://www.koreabaseball.com/Schedule/GameCenter/Main.aspx?gameDate=20240412&gameId=20240412HTHH0&section=REVIEW"
"2024","2024-04-12","20240412LGOB0","18:30","LG","2","두산","1","잠실","https://www.koreabaseball.com/Schedule/GameCenter/Main.aspx?gameDate=20240412&gameId=20240412LGOB0&section=REVIEW"
"2024","2024-04-12","20240412LTWO0","18:30","롯데","4","키움","9","고척","https://www.koreabaseball.com/Schedule/GameCenter/Main.aspx?gameDate=20240412&gameId=20240412LTWO0&section=REVIEW"
"2024","2024-04-12","20240412NCSS0","18:30","NC","8","삼성","3","대구","https://www.koreabaseball.com/Schedule/GameCenter/Main.aspx?gameDate=20240412&gameId=20240412NCSS0&section=REVIEW"
"2024","2024-04-12","20240412SKKT0","18:30","SSG","3","KT","8","수원","https://www.koreabaseball.com/Schedule/GameCenter/Main.aspx?gameDate=20240412&gameId=20240412SKKT0&section=REVIEW"
"2024","2024-04-13","20240413HTHH0","14:00","KIA","11","한화","9","한밭","https://www.koreabaseball.com/Schedule/GameCenter/Main.aspx?gameDate=20240413&gameId=20240413HTHH0&section=REVIEW"
"2024","2024-04-13","20240413LGOB0","17:00","LG","2","두산","5","잠실","https://www.koreabaseball.com/Schedule/GameCenter/Main.aspx?gameDate=20240413&gameId=20240413LGOB0&section=REVIEW"
"2024","2024-04-13","20240413LTWO0","17:00","롯데","1","키움","8","고척","https://www.koreabaseball.com/Schedule/GameCenter/Main.aspx?gameDate=20240413&gameId=20240413LTWO0&section=REVIEW"
"2024","2024-04-13","20240413NCSS0","17:00","NC","4","삼성","3","대구","https://www.koreabaseball.com/Schedule/GameCenter/Main.aspx?gameDate=20240413&gameId=20240413NCSS0&section=REVIEW"
"2024","2024-04-13","20240413SKKT0","17:00","SSG","11","KT","8","수원","https://www.koreabaseball.com/Schedule/GameCenter/Main.aspx?gameDate=20240413&gameId=20240413SKKT0&section=REVIEW"
"2024","2024-04-14","20240414HTHH0","14:00","KIA","5","한화","2","한밭","https://www.koreabaseball.com/Schedule/GameCenter/Main.aspx?gameDate=20240414&gameId=20240414HTHH0&section=REVIEW"
"2024","2024-04-14","20240414LGOB0","14:00","LG","5","두산","9","잠실","https://www.koreabaseball.com/Schedule/GameCenter/Main.aspx?gameDate=20240414&gameId=20240414LGOB0&section=REVIEW"
"2024","2024-04-14","20240414LTWO0","14:00","롯데","5","키움","7","고척","https://www.koreabaseball.com/Schedule/GameCenter/Main.aspx?gameDate=20240414&gameId=20240414LTWO0&section=REVIEW"
"2024","2024-04-14","20240414NCSS0","14:00","NC","5","삼성","12","대구","https://www.koreabaseball.com/Schedule/GameCenter/Main.aspx?gameDate=20240414&gameId=20240414NCSS0&section=REVIEW"
"2024","2024-04-14","20240414SKKT0","14:00","SSG","8","KT","1","수원","https://www.koreabaseball.com/Schedule/GameCenter/Main.aspx?gameDate=20240414&gameId=20240414SKKT0&section=REVIEW"
"2024","2024-04-16","20240416HHNC0","18:30","한화","7","NC","4","창원","https://www.koreabaseball.com/Schedule/GameCenter/Main.aspx?gameDate=20240416&gameId=20240416HHNC0&section=REVIEW"
"2024","2024-04-16","20240416HTSK0","18:30","KIA","4","SSG","6","문학","https://www.koreabaseball.com/Schedule/GameCenter/Main.aspx?gameDate=20240416&gameId=20240416HTSK0&section=REVIEW"
"2024","2024-04-16","20240416KTWO0","18:30","KT","3","키움","6","고척","https://www.koreabaseball.com/Schedule/GameCenter/Main.aspx?gameDate=20240416&gameId=20240416KTWO0&section=REVIEW"
"2024","2024-04-16","20240416LTLG0","18:30","롯데","2","LG","7","잠실","https://www.koreabaseball.com/Schedule/GameCenter/Main.aspx?gameDate=20240416&gameId=20240416LTLG0&section=REVIEW"
"2024","2024-04-16","20240416OBSS0","18:30","두산","5","삼성","7","대구","https://www.koreabaseball.com/Schedule/GameCenter/Main.aspx?gameDate=20240416&gameId=20240416OBSS0&section=REVIEW"
"2024","2024-04-17","20240417HHNC0","18:30","한화","3","NC","4","창원","https://www.koreabaseball.com/Schedule/GameCenter/Main.aspx?gameDate=20240417&gameId=20240417HHNC0&section=REVIEW"
"2024","2024-04-17","20240417HTSK0","18:30","KIA","11","SSG","3","문학","https://www.koreabaseball.com/Schedule/GameCenter/Main.aspx?gameDate=20240417&gameId=20240417HTSK0&section=REVIEW"
"2024","2024-04-17","20240417KTWO0","18:30","KT","6","키움","4","고척","https://www.koreabaseball.com/Schedule/GameCenter/Main.aspx?gameDate=20240417&gameId=20240417KTWO0&section=REVIEW"
"2024","2024-04-17","20240417LTLG0","18:30","롯데","5","LG","6","잠실","https://www.koreabaseball.com/Schedule/GameCenter/Main.aspx?gameDate=20240417&gameId=20240417LTLG0&section=REVIEW"
"2024","2024-04-17","20240417OBSS0","18:30","두산","2","삼성","9","대구","https://www.koreabaseball.com/Schedule/GameCenter/Main.aspx?gameDate=20240417&gameId=20240417OBSS0&section=REVIEW"
"2024","2024-04-18","20240418HTSK0","18:30","KIA","5","SSG","7","문학","https://www.koreabaseball.com/Schedule/GameCenter/Main.aspx?gameDate=20240418&gameId=20240418HTSK0&section=REVIEW"
"2024","2024-04-18","20240418KTWO0","18:30","KT","3","키움","0","고척","https://www.koreabaseball.com/Schedule/GameCenter/Main.aspx?gameDate=20240418&gameId=20240418KTWO0&section=REVIEW"
"2024","2024-04-18","20240418LTLG0","18:30","롯데","9","LG","2","잠실","https://www.koreabaseball.com/Schedule/GameCenter/Main.aspx?gameDate=20240418&gameId=20240418LTLG0&section=REVIEW"
"2024","2024-04-18","20240418OBSS0","18:30","두산","2","삼성","5","대구","https://www.koreabaseball.com/Schedule/GameCenter/Main.aspx?gameDate=20240418&gameId=20240418OBSS0&section=REVIEW"
"2024","2024-04-19","20240419KTLT0","18:30","KT","3","롯데","4","사직","https://www.koreabaseball.com/Schedule/GameCenter/Main.aspx?gameDate=20240419&gameId=20240419KTLT0&section=REVIEW"
"2024","2024-04-19","20240419LGSK0","18:30","LG","4","SSG","1","문학","https://www.koreabaseball.com/Schedule/GameCenter/Main.aspx?gameDate=20240419&gameId=20240419LGSK0&section=REVIEW"
"2024","2024-04-19","20240419NCHT0","18:30","NC","3","KIA","4","광주","https://www.koreabaseball.com/Schedule/GameCenter/Main.aspx?gameDate=20240419&gameId=20240419NCHT0&section=REVIEW"
"2024","2024-04-19","20240419SSHH0","18:30","삼성","1","한화","6","한밭","https://www.koreabaseball.com/Schedule/GameCenter/Main.aspx?gameDate=20240419&gameId=20240419SSHH0&section=REVIEW"
"2024","2024-04-19","20240419WOOB0","18:30","키움","8","두산","19","잠실","https://www.koreabaseball.com/Schedule/GameCenter/Main.aspx?gameDate=20240419&gameId=20240419WOOB0&section=REVIEW"
"2024","2024-04-20","20240420NCHT0","17:00","NC","2","KIA","9","광주","https://www.koreabaseball.com/Schedule/GameCenter/Main.aspx?gameDate=20240420&gameId=20240420NCHT0&section=REVIEW"
"2024","2024-04-20","20240420SSHH0","17:00","삼성","1","한화","0","한밭","https://www.koreabaseball.com/Schedule/GameCenter/Main.aspx?gameDate=20240420&gameId=20240420SSHH0&section=REVIEW"
"2024","2024-04-21","20240421KTLT1","14:00","KT","9","롯데","9","사직","https://www.koreabaseball.com/Schedule/GameCenter/Main.aspx?gameDate=20240421&gameId=20240421KTLT1&section=REVIEW"
"2024","2024-04-21","20240421KTLT2","17:00","KT","5","롯데","7","사직","https://www.koreabaseball.com/Schedule/GameCenter/Main.aspx?gameDate=20240421&gameId=20240421KTLT2&section=REVIEW"
"2024","2024-04-21","20240421LGSK1","14:00","LG","10","SSG","8","문학","https://www.koreabaseball.com/Schedule/GameCenter/Main.aspx?gameDate=20240421&gameId=20240421LGSK1&section=REVIEW"
"2024","2024-04-21","20240421LGSK2","17:00","LG","5","SSG","5","문학","https://www.koreabaseball.com/Schedule/GameCenter/Main.aspx?gameDate=20240421&gameId=20240421LGSK2&section=REVIEW"
"2024","2024-04-21","20240421NCHT0","14:00","NC","15","KIA","4","광주","https://www.koreabaseball.com/Schedule/GameCenter/Main.aspx?gameDate=20240421&gameId=20240421NCHT0&section=REVIEW"
"2024","2024-04-21","20240421SSHH0","14:00","삼성","5","한화","3","한밭","https://www.koreabaseball.com/Schedule/GameCenter/Main.aspx?gameDate=20240421&gameId=20240421SSHH0&section=REVIEW"
"2024","2024-04-21","20240421WOOB1","14:00","키움","8","두산","4","잠실","https://www.koreabaseball.com/Schedule/GameCenter/Main.aspx?gameDate=20240421&gameId=20240421WOOB1&section=REVIEW"
"2024","2024-04-21","20240421WOOB2","17:00","키움","1","두산","2","잠실","https://www.koreabaseball.com/Schedule/GameCenter/Main.aspx?gameDate=20240421&gameId=20240421WOOB2&section=REVIEW"
"2024","2024-04-23","20240423HHKT0","18:30","한화","6","KT","9","수원","https://www.koreabaseball.com/Schedule/GameCenter/Main.aspx?gameDate=20240423&gameId=20240423HHKT0&section=REVIEW"
"2024","2024-04-23","20240423HTWO0","18:30","KIA","5","키움","2","고척","https://www.koreabaseball.com/Schedule/GameCenter/Main.aspx?gameDate=20240423&gameId=20240423HTWO0&section=REVIEW"
"2024","2024-04-23","20240423LGSS0","18:30","LG","3","삼성","7","대구","https://www.koreabaseball.com/Schedule/GameCenter/Main.aspx?gameDate=20240423&gameId=20240423LGSS0&section=REVIEW"
"2024","2024-04-23","20240423NCOB0","18:30","NC","3","두산","4","잠실","https://www.koreabaseball.com/Schedule/GameCenter/Main.aspx?gameDate=20240423&gameId=20240423NCOB0&section=REVIEW"
"2024","2024-04-24","20240424HHKT0","18:30","한화","1","KT","7","수원","https://www.koreabaseball.com/Schedule/GameCenter/Main.aspx?gameDate=20240424&gameId=20240424HHKT0&section=REVIEW"
"2024","2024-04-24","20240424HTWO0","18:30","KIA","6","키움","4","고척","https://www.koreabaseball.com/Schedule/GameCenter/Main.aspx?gameDate=20240424&gameId=20240424HTWO0&section=REVIEW"
"2024","2024-04-24","20240424LGSS0","18:30","LG","0","삼성","6","대구","https://www.koreabaseball.com/Schedule/GameCenter/Main.aspx?gameDate=20240424&gameId=20240424LGSS0&section=REVIEW"
"2024","2024-04-24","20240424NCOB0","18:30","NC","3","두산","1","잠실","https://www.koreabaseball.com/Schedule/GameCenter/Main.aspx?gameDate=20240424&gameId=20240424NCOB0&section=REVIEW"
"2024","2024-04-24","20240424SKLT0","18:30","SSG","12","롯데","7","사직","https://www.koreabaseball.com/Schedule/GameCenter/Main.aspx?gameDate=20240424&gameId=20240424SKLT0&section=REVIEW"
"2024","2024-04-25","20240425HHKT0","18:30","한화","0","KT","9","수원","https://www.koreabaseball.com/Schedule/GameCenter/Main.aspx?gameDate=20240425&gameId=20240425HHKT0&section=REVIEW"
"2024","2024-04-25","20240425HTWO0","18:30","KIA","13","키움","2","고척","https://www.koreabaseball.com/Schedule/GameCenter/Main.aspx?gameDate=20240425&gameId=20240425HTWO0&section=REVIEW"
"2024","2024-04-25","20240425LGSS0","18:30","LG","8","삼성","2","대구","https://www.koreabaseball.com/Schedule/GameCenter/Main.aspx?gameDate=20240425&gameId=20240425LGSS0&section=REVIEW"
"2024","2024-04-25","20240425NCOB0","18:30","NC","3","두산","7","잠실","https://www.koreabaseball.com/Schedule/GameCenter/Main.aspx?gameDate=20240425&gameId=20240425NCOB0&section=REVIEW"
"2024","2024-04-25","20240425SKLT0","18:30","SSG","3","롯데","6","사직","https://www.koreabaseball.com/Schedule/GameCenter/Main.aspx?gameDate=20240425&gameId=20240425SKLT0&section=REVIEW"
"2024","2024-04-26","20240426HTLG0","18:30","KIA","6","LG","7","잠실","https://www.koreabaseball.com/Schedule/GameCenter/Main.aspx?gameDate=20240426&gameId=20240426HTLG0&section=REVIEW"
"2024","2024-04-26","20240426KTSK0","18:30","KT","2","SSG","5","문학","https://www.koreabaseball.com/Schedule/GameCenter/Main.aspx?gameDate=20240426&gameId=20240426KTSK0&section=REVIEW"
"2024","2024-04-26","20240426LTNC0","18:30","롯데","0","NC","4","창원","https://www.koreabaseball.com/Schedule/GameCenter/Main.aspx?gameDate=20240426&gameId=20240426LTNC0&section=REVIEW"
"2024","2024-04-26","20240426OBHH0","18:30","두산","10","한화","5","한밭","https://www.koreabaseball.com/Schedule/GameCenter/Main.aspx?gameDate=20240426&gameId=20240426OBHH0&section=REVIEW"
"2024","2024-04-26","20240426SSWO0","18:30","삼성","3","키움","0","고척","https://www.koreabaseball.com/Schedule/GameCenter/Main.aspx?gameDate=20240426&gameId=20240426SSWO0&section=REVIEW"
"2024","2024-04-27","20240427HTLG0","14:00","KIA","3","LG","6","잠실","https://www.koreabaseball.com/Schedule/GameCenter/Main.aspx?gameDate=20240427&gameId=20240427HTLG0&section=REVIEW"
"2024","2024-04-27","20240427KTSK0","17:00","KT","5","SSG","2","문학","https://www.koreabaseball.com/Schedule/GameCenter/Main.aspx?gameDate=20240427&gameId=20240427KTSK0&section=REVIEW"
"2024","2024-04-27","20240427LTNC0","17:00","롯데","0","NC","2","창원","https://www.koreabaseball.com/Schedule/GameCenter/Main.aspx?gameDate=20240427&gameId=20240427LTNC0&section=REVIEW"
"2024","2024-04-27","20240427OBHH0","17:00","두산","5","한화","10","한밭","https://www.koreabaseball.com/Schedule/GameCenter/Main.aspx?gameDate=20240427&gameId=20240427OBHH0&section=REVIEW"
"2024","2024-04-27","20240427SSWO0","17:00","삼성","11","키움","0","고척","https://www.koreabaseball.com/Schedule/GameCenter/Main.aspx?gameDate=20240427&gameId=20240427SSWO0&section=REVIEW"
"2024","2024-04-28","20240428HTLG0","14:00","KIA","10","LG","7","잠실","https://www.koreabaseball.com/Schedule/GameCenter/Main.aspx?gameDate=20240428&gameId=20240428HTLG0&section=REVIEW"
"2024","2024-04-28","20240428KTSK0","14:00","KT","6","SSG","11","문학","https://www.koreabaseball.com/Schedule/GameCenter/Main.aspx?gameDate=20240428&gameId=20240428KTSK0&section=REVIEW"
"2024","2024-04-28","20240428LTNC0","14:00","롯데","3","NC","5","창원","https://www.koreabaseball.com/Schedule/GameCenter/Main.aspx?gameDate=20240428&gameId=20240428LTNC0&section=REVIEW"
"2024","2024-04-28","20240428OBHH0","14:00","두산","17","한화","8","한밭","https://www.koreabaseball.com/Schedule/GameCenter/Main.aspx?gameDate=20240428&gameId=20240428OBHH0&section=REVIEW"
"2024","2024-04-28","20240428SSWO0","14:00","삼성","11","키움","6","고척","https://www.koreabaseball.com/Schedule/GameCenter/Main.aspx?gameDate=20240428&gameId=20240428SSWO0&section=REVIEW"
"2024","2024-04-30","20240430KTHT0","18:30","KT","11","KIA","4","광주","https://www.koreabaseball.com/Schedule/GameCenter/Main.aspx?gameDate=20240430&gameId=20240430KTHT0&section=REVIEW"
"2024","2024-04-30","20240430LGNC0","18:30","LG","0","NC","8","창원","https://www.koreabaseball.com/Schedule/GameCenter/Main.aspx?gameDate=20240430&gameId=20240430LGNC0&section=REVIEW"
"2024","2024-04-30","20240430SKHH0","18:30","SSG","2","한화","8","한밭","https://www.koreabaseball.com/Schedule/GameCenter/Main.aspx?gameDate=20240430&gameId=20240430SKHH0&section=REVIEW"
"2024","2024-04-30","20240430SSOB0","18:30","삼성","0","두산","4","잠실","https://www.koreabaseball.com/Schedule/GameCenter/Main.aspx?gameDate=20240430&gameId=20240430SSOB0&section=REVIEW"
"2024","2024-04-30","20240430WOLT0","18:30","키움","9","롯데","7","사직","https://www.koreabaseball.com/Schedule/GameCenter/Main.aspx?gameDate=20240430&gameId=20240430WOLT0&section=REVIEW"
"2024","2024-05-01","20240501KTHT0","18:30","KT","1","KIA","9","광주","https://www.koreabaseball.com/Schedule/GameCenter/Main.aspx?gameDate=20240501&gameId=20240501KTHT0&section=REVIEW"
"2024","2024-05-01","20240501LGNC0","18:30","LG","10","NC","1","창원","https://www.koreabaseball.com/Schedule/GameCenter/Main.aspx?gameDate=20240501&gameId=20240501LGNC0&section=REVIEW"
"2024","2024-05-01","20240501SKHH0","18:30","SSG","8","한화","7","한밭","https://www.koreabaseball.com/Schedule/GameCenter/Main.aspx?gameDate=20240501&gameId=20240501SKHH0&section=REVIEW"
"2024","2024-05-01","20240501SSOB0","18:30","삼성","9","두산","2","잠실","https://www.koreabaseball.com/Schedule/GameCenter/Main.aspx?gameDate=20240501&gameId=20240501SSOB0&section=REVIEW"
"2024","2024-05-01","20240501WOLT0","18:30","키움","6","롯데","3","사직","https://www.koreabaseball.com/Schedule/GameCenter/Main.aspx?gameDate=20240501&gameId=20240501WOLT0&section=REVIEW"
"2024","2024-05-02","20240502KTHT0","18:30","KT","12","KIA","5","광주","https://www.koreabaseball.com/Schedule/GameCenter/Main.aspx?gameDate=20240502&gameId=20240502KTHT0&section=REVIEW"
"2024","2024-05-02","20240502LGNC0","18:30","LG","5","NC","4","창원","https://www.koreabaseball.com/Schedule/GameCenter/Main.aspx?gameDate=20240502&gameId=20240502LGNC0&section=REVIEW"
"2024","2024-05-02","20240502SKHH0","18:30","SSG","4","한화","3","한밭","https://www.koreabaseball.com/Schedule/GameCenter/Main.aspx?gameDate=20240502&gameId=20240502SKHH0&section=REVIEW"
"2024","2024-05-02","20240502SSOB0","18:30","삼성","4","두산","2","잠실","https://www.koreabaseball.com/Schedule/GameCenter/Main.aspx?gameDate=20240502&gameId=20240502SSOB0&section=REVIEW"
"2024","2024-05-02","20240502WOLT0","18:30","키움","5","롯데","6","사직","https://www.koreabaseball.com/Schedule/GameCenter/Main.aspx?gameDate=20240502&gameId=20240502WOLT0&section=REVIEW"
"2024","2024-05-03","20240503HHHT0","18:30","한화","4","KIA","2","광주","https://www.koreabaseball.com/Schedule/GameCenter/Main.aspx?gameDate=20240503&gameId=20240503HHHT0&section=REVIEW"
"2024","2024-05-03","20240503LTSS0","18:30","롯데","8","삼성","7","대구","https://www.koreabaseball.com/Schedule/GameCenter/Main.aspx?gameDate=20240503&gameId=20240503LTSS0&section=REVIEW"
"2024","2024-05-03","20240503NCSK0","18:30","NC","19","SSG","5","문학","https://www.koreabaseball.com/Schedule/GameCenter/Main.aspx?gameDate=20240503&gameId=20240503NCSK0&section=REVIEW"
"2024","2024-05-03","20240503OBLG0","18:30","두산","6","LG","4","잠실","https://www.koreabaseball.com/Schedule/GameCenter/Main.aspx?gameDate=20240503&gameId=20240503OBLG0&section=REVIEW"
"2024","2024-05-03","20240503WOKT0","18:30","키움","1","KT","2","수원","https://www.koreabaseball.com/Schedule/GameCenter/Main.aspx?gameDate=20240503&gameId=20240503WOKT0&section=REVIEW"
"2024","2024-05-04","20240504HHHT0","17:00","한화","2","KIA","10","광주","https://www.koreabaseball.com/Schedule/GameCenter/Main.aspx?gameDate=20240504&gameId=20240504HHHT0&section=REVIEW"
"2024","2024-05-04","20240504LTSS0","17:00","롯데","9","삼성","2","대구","https://www.koreabaseball.com/Schedule/GameCenter/Main.aspx?gameDate=20240504&gameId=20240504LTSS0&section=REVIEW"
"2024","2024-05-04","20240504NCSK0","17:00","NC","8","SSG","6","문학","https://www.koreabaseball.com/Schedule/GameCenter/Main.aspx?gameDate=20240504&gameId=20240504NCSK0&section=REVIEW"
"2024","2024-05-04","20240504OBLG0","14:00","두산","3","LG","2","잠실","https://www.koreabaseball.com/Schedule/GameCenter/Main.aspx?gameDate=20240504&gameId=20240504OBLG0&section=REVIEW"
"2024","2024-05-04","20240504WOKT0","17:00","키움","2","KT","6","수원","https://www.koreabaseball.com/Schedule/GameCenter/Main.aspx?gameDate=20240504&gameId=20240504WOKT0&section=REVIEW"
"2024","2024-05-07","20240507OBWO0","18:30","두산","13","키움","4","고척","https://www.koreabaseball.com/Schedule/GameCenter/Main.aspx?gameDate=20240507&gameId=20240507OBWO0&section=REVIEW"
"2024","2024-05-07","20240507SKLG0","18:30","SSG","4","LG","2","잠실","https://www.koreabaseball.com/Schedule/GameCenter/Main.aspx?gameDate=20240507&gameId=20240507SKLG0&section=REVIEW"
"2024","2024-05-08","20240508HHLT0","18:30","한화","1","롯데","6","사직","https://www.koreabaseball.com/Schedule/GameCenter/Main.aspx?gameDate=20240508&gameId=20240508HHLT0&section=REVIEW"
"2024","2024-05-08","20240508HTSS0","18:30","KIA","4","삼성","2","대구","https://www.koreabaseball.com/Schedule/GameCenter/Main.aspx?gameDate=20240508&gameId=20240508HTSS0&section=REVIEW"
"2024","2024-05-08","20240508NCKT0","18:30","NC","6","KT","7","수원","https://www.koreabaseball.com/Schedule/GameCenter/Main.aspx?gameDate=20240508&gameId=20240508NCKT0&section=REVIEW"
"2024","2024-05-08","20240508OBWO0","18:30","두산","6","키움","1","고척","https://www.koreabaseball.com/Schedule/GameCenter/Main.aspx?gameDate=20240508&gameId=20240508OBWO0&section=REVIEW"
"2024","2024-05-08","20240508SKLG0","18:30","SSG","5","LG","8","잠실","https://www.koreabaseball.com/Schedule/GameCenter/Main.aspx?gameDate=20240508&gameId=20240508SKLG0&section=REVIEW"
"2024","2024-05-09","20240509HHLT0","18:30","한화","5","롯데","18","사직","https://www.koreabaseball.com/Schedule/GameCenter/Main.aspx?gameDate=20240509&gameId=20240509HHLT0&section=REVIEW"
"2024","2024-05-09","20240509HTSS0","18:30","KIA","2","삼성","5","대구","https://www.koreabaseball.com/Schedule/GameCenter/Main.aspx?gameDate=20240509&gameId=20240509HTSS0&section=REVIEW"
"2024","2024-05-09","20240509NCKT0","18:30","NC","2","KT","6","수원","https://www.koreabaseball.com/Schedule/GameCenter/Main.aspx?gameDate=20240509&gameId=20240509NCKT0&section=REVIEW"
"2024","2024-05-09","20240509OBWO0","18:30","두산","5","키움","2","고척","https://www.koreabaseball.com/Schedule/GameCenter/Main.aspx?gameDate=20240509&gameId=20240509OBWO0&section=REVIEW"
"2024","2024-05-09","20240509SKLG0","18:30","SSG","1","LG","3","잠실","https://www.koreabaseball.com/Schedule/GameCenter/Main.aspx?gameDate=20240509&gameId=20240509SKLG0&section=REVIEW"
"2024","2024-05-10","20240510KTOB0","18:30","KT","3","두산","7","잠실","https://www.koreabaseball.com/Schedule/GameCenter/Main.aspx?gameDate=20240510&gameId=20240510KTOB0&section=REVIEW"
"2024","2024-05-10","20240510LGLT0","18:30","LG","9","롯데","1","사직","https://www.koreabaseball.com/Schedule/GameCenter/Main.aspx?gameDate=20240510&gameId=20240510LGLT0&section=REVIEW"
"2024","2024-05-10","20240510SKHT0","18:30","SSG","4","KIA","2","광주","https://www.koreabaseball.com/Schedule/GameCenter/Main.aspx?gameDate=20240510&gameId=20240510SKHT0&section=REVIEW"
"2024","2024-05-10","20240510SSNC0","18:30","삼성","3","NC","10","창원","https://www.koreabaseball.com/Schedule/GameCenter/Main.aspx?gameDate=20240510&gameId=20240510SSNC0&section=REVIEW"
"2024","2024-05-10","20240510WOHH0","18:30","키움","4","한화","5","한밭","https://www.koreabaseball.com/Schedule/GameCenter/Main.aspx?gameDate=20240510&gameId=20240510WOHH0&section=REVIEW"
"2024","2024-05-11","20240511LGLT0","17:00","LG","2","롯데","1","사직","https://www.koreabaseball.com/Schedule/GameCenter/Main.aspx?gameDate=20240511&gameId=20240511LGLT0&section=REVIEW"
"2024","2024-05-11","20240511SSNC0","17:00","삼성","3","NC","2","창원","https://www.koreabaseball.com/Schedule/GameCenter/Main.aspx?gameDate=20240511&gameId=20240511SSNC0&section=REVIEW"
"2024","2024-05-11","20240511WOHH0","14:00","키움","7","한화","1","한밭","https://www.koreabaseball.com/Schedule/GameCenter/Main.aspx?gameDate=20240511&gameId=20240511WOHH0&section=REVIEW"
"2024","2024-05-12","20240512KTOB1","14:00","KT","4","두산","12","잠실","https://www.koreabaseball.com/Schedule/GameCenter/Main.aspx?gameDate=20240512&gameId=20240512KTOB1&section=REVIEW"
"2024","2024-05-12","20240512KTOB2","17:00","KT","4","두산","8","잠실","https://www.koreabaseball.com/Schedule/GameCenter/Main.aspx?gameDate=20240512&gameId=20240512KTOB2&section=REVIEW"
"2024","2024-05-12","20240512LGLT0","14:00","LG","6","롯데","4","사직","https://www.koreabaseball.com/Schedule/GameCenter/Main.aspx?gameDate=20240512&gameId=20240512LGLT0&section=REVIEW"
"2024","2024-05-12","20240512SKHT1","14:00","SSG","2","KIA","3","광주","https://www.koreabaseball.com/Schedule/GameCenter/Main.aspx?gameDate=20240512&gameId=20240512SKHT1&section=REVIEW"
"2024","2024-05-12","20240512SKHT2","17:00","SSG","10","KIA","6","광주","https://www.koreabaseball.com/Schedule/GameCenter/Main.aspx?gameDate=20240512&gameId=20240512SKHT2&section=REVIEW"
"2024","2024-05-12","20240512SSNC0","14:00","삼성","7","NC","2","창원","https://www.koreabaseball.com/Schedule/GameCenter/Main.aspx?gameDate=20240512&gameId=20240512SSNC0&section=REVIEW"
"2024","2024-05-12","20240512WOHH0","14:00","키움","3","한화","8","한밭","https://www.koreabaseball.com/Schedule/GameCenter/Main.aspx?gameDate=20240512&gameId=20240512WOHH0&section=REVIEW"
"2024","2024-05-14","20240514LTKT0","18:30","롯데","4","KT","7","수원","https://www.koreabaseball.com/Schedule/GameCenter/Main.aspx?gameDate=20240514&gameId=20240514LTKT0&section=REVIEW"
"2024","2024-05-14","20240514NCHH0","18:30","NC","5","한화","5","한밭","https://www.koreabaseball.com/Schedule/GameCenter/Main.aspx?gameDate=20240514&gameId=20240514NCHH0&section=REVIEW"
"2024","2024-05-14","20240514OBHT0","18:30","두산","8","KIA","5","광주","https://www.koreabaseball.com/Schedule/GameCenter/Main.aspx?gameDate=20240514&gameId=20240514OBHT0&section=REVIEW"
"2024","2024-05-14","20240514SSSK0","18:30","삼성","2","SSG","9","문학","https://www.koreabaseball.com/Schedule/GameCenter/Main.aspx?gameDate=20240514&gameId=20240514SSSK0&section=REVIEW"
"2024","2024-05-14","20240514WOLG0","18:30","키움","5","LG","0","잠실","https://www.koreabaseball.com/Schedule/GameCenter/Main.aspx?gameDate=20240514&gameId=20240514WOLG0&section=REVIEW"
"2024","2024-05-15","20240515NCHH0","14:00","NC","16","한화","1","한밭","https://www.koreabaseball.com/Schedule/GameCenter/Main.aspx?gameDate=20240515&gameId=20240515NCHH0&section=REVIEW"
"2024","2024-05-15","20240515OBHT0","14:00","두산","4","KIA","8","광주","https://www.koreabaseball.com/Schedule/GameCenter/Main.aspx?gameDate=20240515&gameId=20240515OBHT0&section=REVIEW"
"2024","2024-05-16","20240516LTKT0","18:30","롯데","2","KT","0","수원","https://www.koreabaseball.com/Schedule/GameCenter/Main.aspx?gameDate=20240516&gameId=20240516LTKT0&section=REVIEW"
"2024","2024-05-16","20240516NCHH0","18:30","NC","4","한화","3","한밭","https://www.koreabaseball.com/Schedule/GameCenter/Main.aspx?gameDate=20240516&gameId=20240516NCHH0&section=REVIEW"
"2024","2024-05-16","20240516OBHT0","18:30","두산","7","KIA","7","광주","https://www.koreabaseball.com/Schedule/GameCenter/Main.aspx?gameDate=20240516&gameId=20240516OBHT0&section=REVIEW"
"2024","2024-05-16","20240516SSSK0","18:30","삼성","12","SSG","4","문학","https://www.koreabaseball.com/Schedule/GameCenter/Main.aspx?gameDate=20240516&gameId=20240516SSSK0&section=REVIEW"
"2024","2024-05-16","20240516WOLG0","18:30","키움","6","LG","5","잠실","https://www.koreabaseball.com/Schedule/GameCenter/Main.aspx?gameDate=20240516&gameId=20240516WOLG0&section=REVIEW"
"2024","2024-05-17","20240517HHSS0","18:30","한화","5","삼성","7","대구","https://www.koreabaseball.com/Schedule/GameCenter/Main.aspx?gameDate=20240517&gameId=20240517HHSS0&section=REVIEW"
"2024","2024-05-17","20240517HTNC0","18:30","KIA","7","NC","4","창원","https://www.koreabaseball.com/Schedule/GameCenter/Main.aspx?gameDate=20240517&gameId=20240517HTNC0&section=REVIEW"
"2024","2024-05-17","20240517LGKT0","18:30","LG","13","KT","5","수원","https://www.koreabaseball.com/Schedule/GameCenter/Main.aspx?gameDate=20240517&gameId=20240517LGKT0&section=REVIEW"
"2024","2024-05-17","20240517LTOB0","18:30","롯데","5","두산","1","잠실","https://www.koreabaseball.com/Schedule/GameCenter/Main.aspx?gameDate=20240517&gameId=20240517LTOB0&section=REVIEW"
"2024","2024-05-17","20240517SKWO0","18:30","SSG","5","키움","4","고척","https://www.koreabaseball.com/Schedule/GameCenter/Main.aspx?gameDate=20240517&gameId=20240517SKWO0&section=REVIEW"
"2024","2024-05-18","20240518HHSS0","17:00","한화","8","삼성","9","대구","https://www.koreabaseball.com/Schedule/GameCenter/Main.aspx?gameDate=20240518&gameId=20240518HHSS0&section=REVIEW"
"2024","2024-05-18","20240518HTNC0","17:00","KIA","7","NC","2","창원","https://www.koreabaseball.com/Schedule/GameCenter/Main.aspx?gameDate=20240518&gameId=20240518HTNC0&section=REVIEW"
"2024","2024-05-18","20240518LGKT0","17:00","LG","7","KT","6","수원","https://www.koreabaseball.com/Schedule/GameCenter/Main.aspx?gameDate=20240518&gameId=20240518LGKT0&section=REVIEW"
"2024","2024-05-18","20240518LTOB0","17:00","롯데","3","두산","8","잠실","https://www.koreabaseball.com/Schedule/GameCenter/Main.aspx?gameDate=20240518&gameId=20240518LTOB0&section=REVIEW"
"2024","2024-05-18","20240518SKWO0","17:00","SSG","3","키움","0","고척","https://www.koreabaseball.com/Schedule/GameCenter/Main.aspx?gameDate=20240518&gameId=20240518SKWO0&section=REVIEW"
"2024","2024-05-19","20240519HHSS0","14:00","한화","12","삼성","2","대구","https://www.koreabaseball.com/Schedule/GameCenter/Main.aspx?gameDate=20240519&gameId=20240519HHSS0&section=REVIEW"
"2024","2024-05-19","20240519HTNC0","14:00","KIA","2","NC","1","창원","https://www.koreabaseball.com/Schedule/GameCenter/Main.aspx?gameDate=20240519&gameId=20240519HTNC0&section=REVIEW"
"2024","2024-05-19","20240519LGKT0","14:00","LG","4","KT","10","수원","https://www.koreabaseball.com/Schedule/GameCenter/Main.aspx?gameDate=20240519&gameId=20240519LGKT0&section=REVIEW"
"2024","2024-05-19","20240519LTOB0","14:00","롯데","3","두산","3","잠실","https://www.koreabaseball.com/Schedule/GameCenter/Main.aspx?gameDate=20240519&gameId=20240519LTOB0&section=REVIEW"
"2024","2024-05-19","20240519SKWO0","14:00","SSG","3","키움","10","고척","https://www.koreabaseball.com/Schedule/GameCenter/Main.aspx?gameDate=20240519&gameId=20240519SKWO0&section=REVIEW"
"2024","2024-05-21","20240521HTLT0","18:30","KIA","1","롯데","6","사직","https://www.koreabaseball.com/Schedule/GameCenter/Main.aspx?gameDate=20240521&gameId=20240521HTLT0&section=REVIEW"
"2024","2024-05-21","20240521KTSS0","18:30","KT","8","삼성","5","대구","https://www.koreabaseball.com/Schedule/GameCenter/Main.aspx?gameDate=20240521&gameId=20240521KTSS0&section=REVIEW"
"2024","2024-05-21","20240521LGHH0","18:30","LG","4","한화","8","한밭","https://www.koreabaseball.com/Schedule/GameCenter/Main.aspx?gameDate=20240521&gameId=20240521LGHH0&section=REVIEW"
"2024","2024-05-21","20240521NCWO0","18:30","NC","5","키움","3","고척","https://www.koreabaseball.com/Schedule/GameCenter/Main.aspx?gameDate=20240521&gameId=20240521NCWO0&section=REVIEW"
"2024","2024-05-21","20240521SKOB0","18:30","SSG","6","두산","8","잠실","https://www.koreabaseball.com/Schedule/GameCenter/Main.aspx?gameDate=20240521&gameId=20240521SKOB0&section=REVIEW"
"2024","2024-05-22","20240522HTLT0","18:30","KIA","2","롯데","4","사직","https://www.koreabaseball.com/Schedule/GameCenter/Main.aspx?gameDate=20240522&gameId=20240522HTLT0&section=REVIEW"
"2024","2024-05-22","20240522KTSS0","18:30","KT","1","삼성","3","대구","https://www.koreabaseball.com/Schedule/GameCenter/Main.aspx?gameDate=20240522&gameId=20240522KTSS0&section=REVIEW"
"2024","2024-05-22","20240522LGHH0","18:30","LG","5","한화","7","한밭","https://www.koreabaseball.com/Schedule/GameCenter/Main.aspx?gameDate=20240522&gameId=20240522LGHH0&section=REVIEW"
"2024","2024-05-22","20240522NCWO0","18:30","NC","4","키움","3","고척","https://www.koreabaseball.com/Schedule/GameCenter/Main.aspx?gameDate=20240522&gameId=20240522NCWO0&section=REVIEW"
"2024","2024-05-22","20240522SKOB0","18:30","SSG","1","두산","3","잠실","https://www.koreabaseball.com/Schedule/GameCenter/Main.aspx?gameDate=20240522&gameId=20240522SKOB0&section=REVIEW"
"2024","2024-05-23","20240523HTLT0","18:30","KIA","6","롯데","10","사직","https://www.koreabaseball.com/Schedule/GameCenter/Main.aspx?gameDate=20240523&gameId=20240523HTLT0&section=REVIEW"
"2024","2024-05-23","20240523KTSS0","18:30","KT","9","삼성","2","대구","https://www.koreabaseball.com/Schedule/GameCenter/Main.aspx?gameDate=20240523&gameId=20240523KTSS0&section=REVIEW"
"2024","2024-05-23","20240523LGHH0","18:30","LG","8","한화","4","한밭","https://www.koreabaseball.com/Schedule/GameCenter/Main.aspx?gameDate=20240523&gameId=20240523LGHH0&section=REVIEW"
"2024","2024-05-23","20240523NCWO0","18:30","NC","4","키움","6","고척","https://www.koreabaseball.com/Schedule/GameCenter/Main.aspx?gameDate=20240523&gameId=20240523NCWO0&section=REVIEW"
"2024","2024-05-23","20240523SKOB0","18:30","SSG","3","두산","10","잠실","https://www.koreabaseball.com/Schedule/GameCenter/Main.aspx?gameDate=20240523&gameId=20240523SKOB0&section=REVIEW"
"2024","2024-05-24","20240524HHSK0","18:30","한화","7","SSG","5","문학","https://www.koreabaseball.com/Schedule/GameCenter/Main.aspx?gameDate=20240524&gameId=20240524HHSK0&section=REVIEW"
"2024","2024-05-24","20240524NCLG0","18:30","NC","4","LG","11","잠실","https://www.koreabaseball.com/Schedule/GameCenter/Main.aspx?gameDate=20240524&gameId=20240524NCLG0&section=REVIEW"
"2024","2024-05-24","20240524OBHT0","18:30","두산","7","KIA","5","광주","https://www.koreabaseball.com/Schedule/GameCenter/Main.aspx?gameDate=20240524&gameId=20240524OBHT0&section=REVIEW"
"2024","2024-05-24","20240524SSLT0","18:30","삼성","11","롯데","5","사직","https://www.koreabaseball.com/Schedule/GameCenter/Main.aspx?gameDate=20240524&gameId=20240524SSLT0&section=REVIEW"
"2024","2024-05-24","20240524WOKT0","18:30","키움","4","KT","5","수원","https://www.koreabaseball.com/Schedule/GameCenter/Main.aspx?gameDate=20240524&gameId=20240524WOKT0&section=REVIEW"
"2024","2024-05-25","20240525HHSK0","17:00","한화","4","SSG","2","문학","https://www.koreabaseball.com/Schedule/GameCenter/Main.aspx?gameDate=20240525&gameId=20240525HHSK0&section=REVIEW"
"2024","2024-05-25","20240525NCLG0","14:00","NC","6","LG","10","잠실","https://www.koreabaseball.com/Schedule/GameCenter/Main.aspx?gameDate=20240525&gameId=20240525NCLG0&section=REVIEW"
"2024","2024-05-25","20240525OBHT0","14:00","두산","2","KIA","6","광주","https://www.koreabaseball.com/Schedule/GameCenter/Main.aspx?gameDate=20240525&gameId=20240525OBHT0&section=REVIEW"
"2024","2024-05-25","20240525SSLT0","17:00","삼성","6","롯데","7","사직","https://www.koreabaseball.com/Schedule/GameCenter/Main.aspx?gameDate=20240525&gameId=20240525SSLT0&section=REVIEW"
"2024","2024-05-25","20240525WOKT0","17:00","키움","2","KT","5","수원","https://www.koreabaseball.com/Schedule/GameCenter/Main.aspx?gameDate=20240525&gameId=20240525WOKT0&section=REVIEW"
"2024","2024-05-26","20240526NCLG0","14:00","NC","3","LG","6","잠실","https://www.koreabaseball.com/Schedule/GameCenter/Main.aspx?gameDate=20240526&gameId=20240526NCLG0&section=REVIEW"
"2024","2024-05-26","20240526OBHT0","14:00","두산","2","KIA","5","광주","https://www.koreabaseball.com/Schedule/GameCenter/Main.aspx?gameDate=20240526&gameId=20240526OBHT0&section=REVIEW"
"2024","2024-05-26","20240526SSLT0","14:00","삼성","1","롯데","9","사직","https://www.koreabaseball.com/Schedule/GameCenter/Main.aspx?gameDate=20240526&gameId=20240526SSLT0&section=REVIEW"
"2024","2024-05-28","20240528HTNC0","18:30","KIA","11","NC","8","창원","https://www.koreabaseball.com/Schedule/GameCenter/Main.aspx?gameDate=20240528&gameId=20240528HTNC0&section=REVIEW"
"2024","2024-05-28","20240528KTOB0","18:30","KT","12","두산","3","잠실","https://www.koreabaseball.com/Schedule/GameCenter/Main.aspx?gameDate=20240528&gameId=20240528KTOB0&section=REVIEW"
"2024","2024-05-28","20240528LGSK0","18:30","LG","7","SSG","5","문학","https://www.koreabaseball.com/Schedule/GameCenter/Main.aspx?gameDate=20240528&gameId=20240528LGSK0&section=REVIEW"
"2024","2024-05-28","20240528LTHH0","18:30","롯데","3","한화","12","한밭","https://www.koreabaseball.com/Schedule/GameCenter/Main.aspx?gameDate=20240528&gameId=20240528LTHH0&section=REVIEW"
"2024","2024-05-28","20240528WOSS0","18:30","키움","4","삼성","3","대구","https://www.koreabaseball.com/Schedule/GameCenter/Main.aspx?gameDate=20240528&gameId=20240528WOSS0&section=REVIEW"
"2024","2024-05-29","20240529HTNC0","18:30","KIA","6","NC","3","창원","https://www.koreabaseball.com/Schedule/GameCenter/Main.aspx?gameDate=20240529&gameId=20240529HTNC0&section=REVIEW"
"2024","2024-05-29","20240529KTOB0","18:30","KT","6","두산","12","잠실","https://www.koreabaseball.com/Schedule/GameCenter/Main.aspx?gameDate=20240529&gameId=20240529KTOB0&section=REVIEW"
"2024","2024-05-29","20240529LGSK0","18:30","LG","13","SSG","4","문학","https://www.koreabaseball.com/Schedule/GameCenter/Main.aspx?gameDate=20240529&gameId=20240529LGSK0&section=REVIEW"
"2024","2024-05-29","20240529LTHH0","18:30","롯데","0","한화","3","한밭","https://www.koreabaseball.com/Schedule/GameCenter/Main.aspx?gameDate=20240529&gameId=20240529LTHH0&section=REVIEW"
"2024","2024-05-29","20240529WOSS0","18:30","키움","11","삼성","5","대구","https://www.koreabaseball.com/Schedule/GameCenter/Main.aspx?gameDate=20240529&gameId=20240529WOSS0&section=REVIEW"
"2024","2024-05-30","20240530HTNC0","18:30","KIA","11","NC","2","창원","https://www.koreabaseball.com/Schedule/GameCenter/Main.aspx?gameDate=20240530&gameId=20240530HTNC0&section=REVIEW"
"2024","2024-05-30","20240530KTOB0","18:30","KT","1","두산","6","잠실","https://www.koreabaseball.com/Schedule/GameCenter/Main.aspx?gameDate=20240530&gameId=20240530KTOB0&section=REVIEW"
"2024","2024-05-30","20240530LGSK0","18:30","LG","2","SSG","8","문학","https://www.koreabaseball.com/Schedule/GameCenter/Main.aspx?gameDate=20240530&gameId=20240530LGSK0&section=REVIEW"
"2024","2024-05-30","20240530LTHH0","18:30","롯데","0","한화","15","한밭","https://www.koreabaseball.com/Schedule/GameCenter/Main.aspx?gameDate=20240530&gameId=20240530LTHH0&section=REVIEW"
"2024","2024-05-30","20240530WOSS0","18:30","키움","2","삼성","4","대구","https://www.koreabaseball.com/Schedule/GameCenter/Main.aspx?gameDate=20240530&gameId=20240530WOSS0&section=REVIEW"
"2024","2024-05-31","20240531HHSS0","18:30","한화","6","삼성","8","대구","https://www.koreabaseball.com/Schedule/GameCenter/Main.aspx?gameDate=20240531&gameId=20240531HHSS0&section=REVIEW"
"2024","2024-05-31","20240531KTHT0","18:30","KT","8","KIA","5","광주","https://www.koreabaseball.com/Schedule/GameCenter/Main.aspx?gameDate=20240531&gameId=20240531KTHT0&section=REVIEW"
"2024","2024-05-31","20240531LGOB0","18:30","LG","6","두산","3","잠실","https://www.koreabaseball.com/Schedule/GameCenter/Main.aspx?gameDate=20240531&gameId=20240531LGOB0&section=REVIEW"
"2024","2024-05-31","20240531NCLT0","18:30","NC","5","롯데","13","사직","https://www.koreabaseball.com/Schedule/GameCenter/Main.aspx?gameDate=20240531&gameId=20240531NCLT0&section=REVIEW"
"2024","2024-05-31","20240531SKWO0","18:30","SSG","4","키움","2","고척","https://www.koreabaseball.com/Schedule/GameCenter/Main.aspx?gameDate=20240531&gameId=20240531SKWO0&section=REVIEW"
"2024","2024-06-01","20240601HHSS0","17:00","한화","4","삼성","6","대구","https://www.koreabaseball.com/Schedule/GameCenter/Main.aspx?gameDate=20240601&gameId=20240601HHSS0&section=REVIEW"
"2024","2024-06-01","20240601KTHT0","17:00","KT","2","KIA","4","광주","https://www.koreabaseball.com/Schedule/GameCenter/Main.aspx?gameDate=20240601&gameId=20240601KTHT0&section=REVIEW"
"2024","2024-06-01","20240601LGOB0","17:00","LG","8","두산","5","잠실","https://www.koreabaseball.com/Schedule/GameCenter/Main.aspx?gameDate=20240601&gameId=20240601LGOB0&section=REVIEW"
"2024","2024-06-01","20240601NCLT0","17:00","NC","4","롯데","2","사직","https://www.koreabaseball.com/Schedule/GameCenter/Main.aspx?gameDate=20240601&gameId=20240601NCLT0&section=REVIEW"
"2024","2024-06-01","20240601SKWO0","17:00","SSG","9","키움","0","고척","https://www.koreabaseball.com/Schedule/GameCenter/Main.aspx?gameDate=20240601&gameId=20240601SKWO0&section=REVIEW"
"2024","2024-06-02","20240602HHSS0","17:00","한화","0","삼성","1","대구","https://www.koreabaseball.com/Schedule/GameCenter/Main.aspx?gameDate=20240602&gameId=20240602HHSS0&section=REVIEW"
"2024","2024-06-02","20240602KTHT0","17:00","KT","11","KIA","3","광주","https://www.koreabaseball.com/Schedule/GameCenter/Main.aspx?gameDate=20240602&gameId=20240602KTHT0&section=REVIEW"
"2024","2024-06-02","20240602LGOB0","14:00","LG","9","두산","1","잠실","https://www.koreabaseball.com/Schedule/GameCenter/Main.aspx?gameDate=20240602&gameId=20240602LGOB0&section=REVIEW"
"2024","2024-06-02","20240602NCLT0","17:00","NC","4","롯데","13","사직","https://www.koreabaseball.com/Schedule/GameCenter/Main.aspx?gameDate=20240602&gameId=20240602NCLT0&section=REVIEW"
"2024","2024-06-02","20240602SKWO0","14:00","SSG","6","키움","2","고척","https://www.koreabaseball.com/Schedule/GameCenter/Main.aspx?gameDate=20240602&gameId=20240602SKWO0&section=REVIEW"
"2024","2024-06-04","20240604HHKT0","18:30","한화","8","KT","2","수원","https://www.koreabaseball.com/Schedule/GameCenter/Main.aspx?gameDate=20240604&gameId=20240604HHKT0&section=REVIEW"
"2024","2024-06-04","20240604LTHT0","18:30","롯데","6","KIA","0","광주","https://www.koreabaseball.com/Schedule/GameCenter/Main.aspx?gameDate=20240604&gameId=20240604LTHT0&section=REVIEW"
"2024","2024-06-04","20240604OBNC0","18:30","두산","4","NC","1","창원","https://www.koreabaseball.com/Schedule/GameCenter/Main.aspx?gameDate=20240604&gameId=20240604OBNC0&section=REVIEW"
"2024","2024-06-04","20240604SSSK0","18:30","삼성","3","SSG","1","문학","https://www.koreabaseball.com/Schedule/GameCenter/Main.aspx?gameDate=20240604&gameId=20240604SSSK0&section=REVIEW"
"2024","2024-06-04","20240604WOLG0","18:30","키움","11","LG","3","잠실","https://www.koreabaseball.com/Schedule/GameCenter/Main.aspx?gameDate=20240604&gameId=20240604WOLG0&section=REVIEW"
"2024","2024-06-05","20240605HHKT0","18:30","한화","12","KT","2","수원","https://www.koreabaseball.com/Schedule/GameCenter/Main.aspx?gameDate=20240605&gameId=20240605HHKT0&section=REVIEW"
"2024","2024-06-05","20240605LTHT0","18:30","롯데","9","KIA","3","광주","https://www.koreabaseball.com/Schedule/GameCenter/Main.aspx?gameDate=20240605&gameId=20240605LTHT0&section=REVIEW"
"2024","2024-06-05","20240605OBNC0","18:30","두산","4","NC","3","창원","https://www.koreabaseball.com/Schedule/GameCenter/Main.aspx?gameDate=20240605&gameId=20240605OBNC0&section=REVIEW"
"2024","2024-06-05","20240605SSSK0","18:30","삼성","3","SSG","7","문학","https://www.koreabaseball.com/Schedule/GameCenter/Main.aspx?gameDate=20240605&gameId=20240605SSSK0&section=REVIEW"
"2024","2024-06-05","20240605WOLG0","18:30","키움","2","LG","4","잠실","https://www.koreabaseball.com/Schedule/GameCenter/Main.aspx?gameDate=20240605&gameId=20240605WOLG0&section=REVIEW"
"2024","2024-06-06","20240606HHKT0","17:00","한화","6","KT","0","수원","https://www.koreabaseball.com/Schedule/GameCenter/Main.aspx?gameDate=20240606&gameId=20240606HHKT0&section=REVIEW"
"2024","2024-06-06","20240606LTHT0","14:00","롯데","4","KIA","5","광주","https://www.koreabaseball.com/Schedule/GameCenter/Main.aspx?gameDate=20240606&gameId=20240606LTHT0&section=REVIEW"
"2024","2024-06-06","20240606OBNC0","17:00","두산","8","NC","4","창원","https://www.koreabaseball.com/Schedule/GameCenter/Main.aspx?gameDate=20240606&gameId=20240606OBNC0&section=REVIEW"
"2024","2024-06-06","20240606SSSK0","14:00","삼성","0","SSG","4","문학","https://www.koreabaseball.com/Schedule/GameCenter/Main.aspx?gameDate=20240606&gameId=20240606SSSK0&section=REVIEW"
"2024","2024-06-06","20240606WOLG0","17:00","키움","4","LG","8","잠실","https://www.koreabaseball.com/Schedule/GameCenter/Main.aspx?gameDate=20240606&gameId=20240606WOLG0&section=REVIEW"
"2024","2024-06-07","20240607HTOB0","18:30","KIA","5","두산","6","잠실","https://www.koreabaseball.com/Schedule/GameCenter/Main.aspx?gameDate=20240607&gameId=20240607HTOB0&section=REVIEW"
"2024","2024-06-07","20240607LGKT0","18:30","LG","8","KT","7","수원","https://www.koreabaseball.com/Schedule/GameCenter/Main.aspx?gameDate=20240607&gameId=20240607LGKT0&section=REVIEW"
"2024","2024-06-07","20240607NCHH0","18:30","NC","6","한화","2","한밭","https://www.koreabaseball.com/Schedule/GameCenter/Main.aspx?gameDate=20240607&gameId=20240607NCHH0&section=REVIEW"
"2024","2024-06-07","20240607SKLT0","18:30","SSG","7","롯데","11","사직","https://www.koreabaseball.com/Schedule/GameCenter/Main.aspx?gameDate=20240607&gameId=20240607SKLT0&section=REVIEW"
"2024","2024-06-07","20240607SSWO0","18:30","삼성","5","키움","7","고척","https://www.koreabaseball.com/Schedule/GameCenter/Main.aspx?gameDate=20240607&gameId=20240607SSWO0&section=REVIEW"
"2024","2024-06-08","20240608HTOB0","17:00","KIA","8","두산","9","잠실","https://www.koreabaseball.com/Schedule/GameCenter/Main.aspx?gameDate=20240608&gameId=20240608HTOB0&section=REVIEW"
"2024","2024-06-08","20240608LGKT0","17:00","LG","8","KT","2","수원","https://www.koreabaseball.com/Schedule/GameCenter/Main.aspx?gameDate=20240608&gameId=20240608LGKT0&section=REVIEW"
"2024","2024-06-08","20240608NCHH0","17:00","NC","4","한화","2","한밭","https://www.koreabaseball.com/Schedule/GameCenter/Main.aspx?gameDate=20240608&gameId=20240608NCHH0&section=REVIEW"
"2024","2024-06-08","20240608SSWO0","17:00","삼성","3","키움","10","고척","https://www.koreabaseball.com/Schedule/GameCenter/Main.aspx?gameDate=20240608&gameId=20240608SSWO0&section=REVIEW"
"2024","2024-06-09","20240609HTOB0","17:00","KIA","8","두산","2","잠실","https://www.koreabaseball.com/Schedule/GameCenter/Main.aspx?gameDate=20240609&gameId=20240609HTOB0&section=REVIEW"
"2024","2024-06-09","20240609LGKT0","17:00","LG","2","KT","11","수원","https://www.koreabaseball.com/Schedule/GameCenter/Main.aspx?gameDate=20240609&gameId=20240609LGKT0&section=REVIEW"
"2024","2024-06-09","20240609NCHH0","17:00","NC","3","한화","3","한밭","https://www.koreabaseball.com/Schedule/GameCenter/Main.aspx?gameDate=20240609&gameId=20240609NCHH0&section=REVIEW"
"2024","2024-06-09","20240609SKLT1","14:00","SSG","5","롯데","1","사직","https://www.koreabaseball.com/Schedule/GameCenter/Main.aspx?gameDate=20240609&gameId=20240609SKLT1&section=REVIEW"
"2024","2024-06-09","20240609SKLT2","17:00","SSG","3","롯데","5","사직","https://www.koreabaseball.com/Schedule/GameCenter/Main.aspx?gameDate=20240609&gameId=20240609SKLT2&section=REVIEW"
"2024","2024-06-09","20240609SSWO0","14:00","삼성","7","키움","1","고척","https://www.koreabaseball.com/Schedule/GameCenter/Main.aspx?gameDate=20240609&gameId=20240609SSWO0&section=REVIEW"
"2024","2024-06-11","20240611HHOB0","18:30","한화","6","두산","1","잠실","https://www.koreabaseball.com/Schedule/GameCenter/Main.aspx?gameDate=20240611&gameId=20240611HHOB0&section=REVIEW"
"2024","2024-06-11","20240611HTSK0","18:30","KIA","6","SSG","7","문학","https://www.koreabaseball.com/Schedule/GameCenter/Main.aspx?gameDate=20240611&gameId=20240611HTSK0&section=REVIEW"
"2024","2024-06-11","20240611KTNC0","18:30","KT","6","NC","8","창원","https://www.koreabaseball.com/Schedule/GameCenter/Main.aspx?gameDate=20240611&gameId=20240611KTNC0&section=REVIEW"
"2024","2024-06-11","20240611LGSS0","18:30","LG","4","삼성","6","대구","https://www.koreabaseball.com/Schedule/GameCenter/Main.aspx?gameDate=20240611&gameId=20240611LGSS0&section=REVIEW"
"2024","2024-06-11","20240611WOLT0","18:30","키움","5","롯데","2","사직","https://www.koreabaseball.com/Schedule/GameCenter/Main.aspx?gameDate=20240611&gameId=20240611WOLT0&section=REVIEW"
"2024","2024-06-12","20240612HHOB0","18:30","한화","4","두산","3","잠실","https://www.koreabaseball.com/Schedule/GameCenter/Main.aspx?gameDate=20240612&gameId=20240612HHOB0&section=REVIEW"
"2024","2024-06-12","20240612HTSK0","18:30","KIA","13","SSG","7","문학","https://www.koreabaseball.com/Schedule/GameCenter/Main.aspx?gameDate=20240612&gameId=20240612HTSK0&section=REVIEW"
"2024","2024-06-12","20240612KTNC0","18:30","KT","11","NC","8","창원","https://www.koreabaseball.com/Schedule/GameCenter/Main.aspx?gameDate=20240612&gameId=20240612KTNC0&section=REVIEW"
"2024","2024-06-12","20240612LGSS0","18:30","LG","4","삼성","5","대구","https://www.koreabaseball.com/Schedule/GameCenter/Main.aspx?gameDate=20240612&gameId=20240612LGSS0&section=REVIEW"
"2024","2024-06-12","20240612WOLT0","18:30","키움","2","롯데","9","사직","https://www.koreabaseball.com/Schedule/GameCenter/Main.aspx?gameDate=20240612&gameId=20240612WOLT0&section=REVIEW"
"2024","2024-06-13","20240613HHOB0","18:30","한화","6","두산","9","잠실","https://www.koreabaseball.com/Schedule/GameCenter/Main.aspx?gameDate=20240613&gameId=20240613HHOB0&section=REVIEW"
"2024","2024-06-13","20240613HTSK0","18:30","KIA","1","SSG","7","문학","https://www.koreabaseball.com/Schedule/GameCenter/Main.aspx?gameDate=20240613&gameId=20240613HTSK0&section=REVIEW"
"2024","2024-06-13","20240613KTNC0","18:30","KT","3","NC","5","창원","https://www.koreabaseball.com/Schedule/GameCenter/Main.aspx?gameDate=20240613&gameId=20240613KTNC0&section=REVIEW"
"2024","2024-06-13","20240613LGSS0","18:30","LG","3","삼성","6","대구","https://www.koreabaseball.com/Schedule/GameCenter/Main.aspx?gameDate=20240613&gameId=20240613LGSS0&section=REVIEW"
"2024","2024-06-13","20240613WOLT0","18:30","키움","10","롯데","18","사직","https://www.koreabaseball.com/Schedule/GameCenter/Main.aspx?gameDate=20240613&gameId=20240613WOLT0&section=REVIEW"
"2024","2024-06-14","20240614HTKT0","18:30","KIA","11","KT","1","수원","https://www.koreabaseball.com/Schedule/GameCenter/Main.aspx?gameDate=20240614&gameId=20240614HTKT0&section=REVIEW"
"2024","2024-06-14","20240614LTLG0","18:30","롯데","3","LG","5","잠실","https://www.koreabaseball.com/Schedule/GameCenter/Main.aspx?gameDate=20240614&gameId=20240614LTLG0&section=REVIEW"
"2024","2024-06-14","20240614OBWO0","18:30","두산","6","키움","4","고척","https://www.koreabaseball.com/Schedule/GameCenter/Main.aspx?gameDate=20240614&gameId=20240614OBWO0&section=REVIEW"
"2024","2024-06-14","20240614SKHH0","18:30","SSG","11","한화","4","한밭","https://www.koreabaseball.com/Schedule/GameCenter/Main.aspx?gameDate=20240614&gameId=20240614SKHH0&section=REVIEW"
"2024","2024-06-14","20240614SSNC0","18:30","삼성","7","NC","4","창원","https://www.koreabaseball.com/Schedule/GameCenter/Main.aspx?gameDate=20240614&gameId=20240614SSNC0&section=REVIEW"
"2024","2024-06-15","20240615HTKT0","17:00","KIA","2","KT","1","수원","https://www.koreabaseball.com/Schedule/GameCenter/Main.aspx?gameDate=20240615&gameId=20240615HTKT0&section=REVIEW"
"2024","2024-06-15","20240615LTLG0","17:00","롯데","9","LG","8","잠실","https://www.koreabaseball.com/Schedule/GameCenter/Main.aspx?gameDate=20240615&gameId=20240615LTLG0&section=REVIEW"
"2024","2024-06-15","20240615OBWO0","17:00","두산","4","키움","1","고척","https://www.koreabaseball.com/Schedule/GameCenter/Main.aspx?gameDate=20240615&gameId=20240615OBWO0&section=REVIEW"
"2024","2024-06-15","20240615SKHH0","17:00","SSG","9","한화","1","한밭","https://www.koreabaseball.com/Schedule/GameCenter/Main.aspx?gameDate=20240615&gameId=20240615SKHH0&section=REVIEW"
"2024","2024-06-15","20240615SSNC0","17:00","삼성","4","NC","6","창원","https://www.koreabaseball.com/Schedule/GameCenter/Main.aspx?gameDate=20240615&gameId=20240615SSNC0&section=REVIEW"
"2024","2024-06-16","20240616HTKT0","17:00","KIA","3","KT","1","수원","https://www.koreabaseball.com/Schedule/GameCenter/Main.aspx?gameDate=20240616&gameId=20240616HTKT0&section=REVIEW"
"2024","2024-06-16","20240616LTLG0","17:00","롯데","8","LG","9","잠실","https://www.koreabaseball.com/Schedule/GameCenter/Main.aspx?gameDate=20240616&gameId=20240616LTLG0&section=REVIEW"
"2024","2024-06-16","20240616OBWO0","14:00","두산","2","키움","8","고척","https://www.koreabaseball.com/Schedule/GameCenter/Main.aspx?gameDate=20240616&gameId=20240616OBWO0&section=REVIEW"
"2024","2024-06-16","20240616SKHH0","17:00","SSG","1","한화","4","한밭","https://www.koreabaseball.com/Schedule/GameCenter/Main.aspx?gameDate=20240616&gameId=20240616SKHH0&section=REVIEW"
"2024","2024-06-16","20240616SSNC0","17:00","삼성","4","NC","5","창원","https://www.koreabaseball.com/Schedule/GameCenter/Main.aspx?gameDate=20240616&gameId=20240616SSNC0&section=REVIEW"
"2024","2024-06-18","20240618LGHT0","18:30","LG","4","KIA","11","광주","https://www.koreabaseball.com/Schedule/GameCenter/Main.aspx?gameDate=20240618&gameId=20240618LGHT0&section=REVIEW"
"2024","2024-06-18","20240618LTKT0","18:30","롯데","4","KT","6","수원","https://www.koreabaseball.com/Schedule/GameCenter/Main.aspx?gameDate=20240618&gameId=20240618LTKT0&section=REVIEW"
"2024","2024-06-18","20240618NCOB0","18:30","NC","2","두산","6","잠실","https://www.koreabaseball.com/Schedule/GameCenter/Main.aspx?gameDate=20240618&gameId=20240618NCOB0&section=REVIEW"
"2024","2024-06-18","20240618SKSS0","18:30","SSG","8","삼성","3","대구","https://www.koreabaseball.com/Schedule/GameCenter/Main.aspx?gameDate=20240618&gameId=20240618SKSS0&section=REVIEW"
"2024","2024-06-18","20240618WOHH0","18:30","키움","0","한화","3","청주","https://www.koreabaseball.com/Schedule/GameCenter/Main.aspx?gameDate=20240618&gameId=20240618WOHH0&section=REVIEW"
"2024","2024-06-19","20240619LGHT0","18:30","LG","7","KIA","5","광주","https://www.koreabaseball.com/Schedule/GameCenter/Main.aspx?gameDate=20240619&gameId=20240619LGHT0&section=REVIEW"
"2024","2024-06-19","20240619LTKT0","18:30","롯데","13","KT","5","수원","https://www.koreabaseball.com/Schedule/GameCenter/Main.aspx?gameDate=20240619&gameId=20240619LTKT0&section=REVIEW"
"2024","2024-06-19","20240619NCOB0","18:30","NC","7","두산","5","잠실","https://www.koreabaseball.com/Schedule/GameCenter/Main.aspx?gameDate=20240619&gameId=20240619NCOB0&section=REVIEW"
"2024","2024-06-19","20240619SKSS0","18:30","SSG","2","삼성","13","대구","https://www.koreabaseball.com/Schedule/GameCenter/Main.aspx?gameDate=20240619&gameId=20240619SKSS0&section=REVIEW"
"2024","2024-06-19","20240619WOHH0","18:30","키움","11","한화","14","청주","https://www.koreabaseball.com/Schedule/GameCenter/Main.aspx?gameDate=20240619&gameId=20240619WOHH0&section=REVIEW"
"2024","2024-06-20","20240620LGHT0","18:30","LG","5","KIA","6","광주","https://www.koreabaseball.com/Schedule/GameCenter/Main.aspx?gameDate=20240620&gameId=20240620LGHT0&section=REVIEW"
"2024","2024-06-20","20240620LTKT0","18:30","롯데","6","KT","7","수원","https://www.koreabaseball.com/Schedule/GameCenter/Main.aspx?gameDate=20240620&gameId=20240620LTKT0&section=REVIEW"
"2024","2024-06-20","20240620NCOB0","18:30","NC","0","두산","2","잠실","https://www.koreabaseball.com/Schedule/GameCenter/Main.aspx?gameDate=20240620&gameId=20240620NCOB0&section=REVIEW"
"2024","2024-06-20","20240620SKSS0","18:30","SSG","0","삼성","4","대구","https://www.koreabaseball.com/Schedule/GameCenter/Main.aspx?gameDate=20240620&gameId=20240620SKSS0&section=REVIEW"
"2024","2024-06-20","20240620WOHH0","18:30","키움","7","한화","0","청주","https://www.koreabaseball.com/Schedule/GameCenter/Main.aspx?gameDate=20240620&gameId=20240620WOHH0&section=REVIEW"
"2024","2024-06-21","20240621HHHT0","18:30","한화","3","KIA","8","광주","https://www.koreabaseball.com/Schedule/GameCenter/Main.aspx?gameDate=20240621&gameId=20240621HHHT0&section=REVIEW"
"2024","2024-06-21","20240621KTLG0","18:30","KT","3","LG","2","잠실","https://www.koreabaseball.com/Schedule/GameCenter/Main.aspx?gameDate=20240621&gameId=20240621KTLG0&section=REVIEW"
"2024","2024-06-21","20240621LTWO0","18:30","롯데","2","키움","5","고척","https://www.koreabaseball.com/Schedule/GameCenter/Main.aspx?gameDate=20240621&gameId=20240621LTWO0&section=REVIEW"
"2024","2024-06-21","20240621NCSK0","18:30","NC","3","SSG","2","문학","https://www.koreabaseball.com/Schedule/GameCenter/Main.aspx?gameDate=20240621&gameId=20240621NCSK0&section=REVIEW"
"2024","2024-06-21","20240621OBSS0","18:30","두산","4","삼성","7","대구","https://www.koreabaseball.com/Schedule/GameCenter/Main.aspx?gameDate=20240621&gameId=20240621OBSS0&section=REVIEW"
"2024","2024-06-22","20240622LTWO0","17:00","롯데","6","키움","1","고척","https://www.koreabaseball.com/Schedule/GameCenter/Main.aspx?gameDate=20240622&gameId=20240622LTWO0&section=REVIEW"
"2024","2024-06-22","20240622NCSK0","17:00","NC","4","SSG","12","문학","https://www.koreabaseball.com/Schedule/GameCenter/Main.aspx?gameDate=20240622&gameId=20240622NCSK0&section=REVIEW"
"2024","2024-06-23","20240623HHHT1","14:00","한화","9","KIA","8","광주","https://www.koreabaseball.com/Schedule/GameCenter/Main.aspx?gameDate=20240623&gameId=20240623HHHT1&section=REVIEW"
"2024","2024-06-23","20240623HHHT2","17:00","한화","1","KIA","4","광주","https://www.koreabaseball.com/Schedule/GameCenter/Main.aspx?gameDate=20240623&gameId=20240623HHHT2&section=REVIEW"
"2024","2024-06-23","20240623KTLG1","14:00","KT","2","LG","7","잠실","https://www.koreabaseball.com/Schedule/GameCenter/Main.aspx?gameDate=20240623&gameId=20240623KTLG1&section=REVIEW"
"2024","2024-06-23","20240623KTLG2","17:00","KT","4","LG","3","잠실","https://www.koreabaseball.com/Schedule/GameCenter/Main.aspx?gameDate=20240623&gameId=20240623KTLG2&section=REVIEW"
"2024","2024-06-23","20240623LTWO0","14:00","롯데","10","키움","2","고척","https://www.koreabaseball.com/Schedule/GameCenter/Main.aspx?gameDate=20240623&gameId=20240623LTWO0&section=REVIEW"
"2024","2024-06-23","20240623NCSK0","17:00","NC","18","SSG","6","문학","https://www.koreabaseball.com/Schedule/GameCenter/Main.aspx?gameDate=20240623&gameId=20240623NCSK0&section=REVIEW"
"2024","2024-06-23","20240623OBSS1","14:00","두산","4","삼성","7","대구","https://www.koreabaseball.com/Schedule/GameCenter/Main.aspx?gameDate=20240623&gameId=20240623OBSS1&section=REVIEW"
"2024","2024-06-23","20240623OBSS2","17:00","두산","4","삼성","10","대구","https://www.koreabaseball.com/Schedule/GameCenter/Main.aspx?gameDate=20240623&gameId=20240623OBSS2&section=REVIEW"
"2024","2024-06-25","20240625HTLT0","18:30","KIA","15","롯데","15","사직","https://www.koreabaseball.com/Schedule/GameCenter/Main.aspx?gameDate=20240625&gameId=20240625HTLT0&section=REVIEW"
"2024","2024-06-25","20240625KTSK0","18:30","KT","6","SSG","1","문학","https://www.koreabaseball.com/Schedule/GameCenter/Main.aspx?gameDate=20240625&gameId=20240625KTSK0&section=REVIEW"
"2024","2024-06-25","20240625NCWO0","18:30","NC","5","키움","6","고척","https://www.koreabaseball.com/Schedule/GameCenter/Main.aspx?gameDate=20240625&gameId=20240625NCWO0&section=REVIEW"
"2024","2024-06-25","20240625OBHH0","18:30","두산","4","한화","5","한밭","https://www.koreabaseball.com/Schedule/GameCenter/Main.aspx?gameDate=20240625&gameId=20240625OBHH0&section=REVIEW"
"2024","2024-06-25","20240625SSLG0","18:30","삼성","0","LG","4","잠실","https://www.koreabaseball.com/Schedule/GameCenter/Main.aspx?gameDate=20240625&gameId=20240625SSLG0&section=REVIEW"
"2024","2024-06-26","20240626HTLT0","18:30","KIA","4","롯데","6","사직","https://www.koreabaseball.com/Schedule/GameCenter/Main.aspx?gameDate=20240626&gameId=20240626HTLT0&section=REVIEW"
"2024","2024-06-26","20240626KTSK0","18:30","KT","5","SSG","10","문학","https://www.koreabaseball.com/Schedule/GameCenter/Main.aspx?gameDate=20240626&gameId=20240626KTSK0&section=REVIEW"
"2024","2024-06-26","20240626NCWO0","18:30","NC","7","키움","10","고척","https://www.koreabaseball.com/Schedule/GameCenter/Main.aspx?gameDate=20240626&gameId=20240626NCWO0&section=REVIEW"
"2024","2024-06-26","20240626OBHH0","18:30","두산","15","한화","8","한밭","https://www.koreabaseball.com/Schedule/GameCenter/Main.aspx?gameDate=20240626&gameId=20240626OBHH0&section=REVIEW"
"2024","2024-06-26","20240626SSLG0","18:30","삼성","1","LG","2","잠실","https://www.koreabaseball.com/Schedule/GameCenter/Main.aspx?gameDate=20240626&gameId=20240626SSLG0&section=REVIEW"
"2024","2024-06-27","20240627HTLT0","18:30","KIA","2","롯데","11","사직","https://www.koreabaseball.com/Schedule/GameCenter/Main.aspx?gameDate=20240627&gameId=20240627HTLT0&section=REVIEW"
"2024","2024-06-27","20240627KTSK0","18:30","KT","16","SSG","8","문학","https://www.koreabaseball.com/Schedule/GameCenter/Main.aspx?gameDate=20240627&gameId=20240627KTSK0&section=REVIEW"
"2024","2024-06-27","20240627NCWO0","18:30","NC","7","키움","9","고척","https://www.koreabaseball.com/Schedule/GameCenter/Main.aspx?gameDate=20240627&gameId=20240627NCWO0&section=REVIEW"
"2024","2024-06-27","20240627OBHH0","18:30","두산","3","한화","8","한밭","https://www.koreabaseball.com/Schedule/GameCenter/Main.aspx?gameDate=20240627&gameId=20240627OBHH0&section=REVIEW"
"2024","2024-06-27","20240627SSLG0","18:30","삼성","2","LG","1","잠실","https://www.koreabaseball.com/Schedule/GameCenter/Main.aspx?gameDate=20240627&gameId=20240627SSLG0&section=REVIEW"
"2024","2024-06-28","20240628HHLT0","18:30","한화","4","롯데","6","사직","https://www.koreabaseball.com/Schedule/GameCenter/Main.aspx?gameDate=20240628&gameId=20240628HHLT0&section=REVIEW"
"2024","2024-06-28","20240628LGNC0","18:30","LG","2","NC","8","창원","https://www.koreabaseball.com/Schedule/GameCenter/Main.aspx?gameDate=20240628&gameId=20240628LGNC0&section=REVIEW"
"2024","2024-06-28","20240628SKOB0","18:30","SSG","0","두산","10","잠실","https://www.koreabaseball.com/Schedule/GameCenter/Main.aspx?gameDate=20240628&gameId=20240628SKOB0&section=REVIEW"
"2024","2024-06-28","20240628SSKT0","18:30","삼성","4","KT","5","수원","https://www.koreabaseball.com/Schedule/GameCenter/Main.aspx?gameDate=20240628&gameId=20240628SSKT0&section=REVIEW"
"2024","2024-06-28","20240628WOHT0","18:30","키움","17","KIA","6","광주","https://www.koreabaseball.com/Schedule/GameCenter/Main.aspx?gameDate=20240628&gameId=20240628WOHT0&section=REVIEW"
"2024","2024-06-29","20240629SKOB0","17:00","SSG","6","두산","0","잠실","https://www.koreabaseball.com/Schedule/GameCenter/Main.aspx?gameDate=20240629&gameId=20240629SKOB0&section=REVIEW"
"2024","2024-06-30","20240630LGNC0","17:00","LG","9","NC","6","창원","https://www.koreabaseball.com/Schedule/GameCenter/Main.aspx?gameDate=20240630&gameId=20240630LGNC0&section=REVIEW"
"2024","2024-06-30","20240630SKOB0","17:00","SSG","3","두산","1","잠실","https://www.koreabaseball.com/Schedule/GameCenter/Main.aspx?gameDate=20240630&gameId=20240630SKOB0&section=REVIEW"
"2024","2024-06-30","20240630SSKT1","14:00","삼성","2","KT","2","수원","https://www.koreabaseball.com/Schedule/GameCenter/Main.aspx?gameDate=20240630&gameId=20240630SSKT1&section=REVIEW"
"2024","2024-06-30","20240630SSKT2","17:00","삼성","1","KT","2","수원","https://www.koreabaseball.com/Schedule/GameCenter/Main.aspx?gameDate=20240630&gameId=20240630SSKT2&section=REVIEW"
"2024","2024-07-02","20240702HTSS0","18:30","KIA","9","삼성","5","대구","https://www.koreabaseball.com/Schedule/GameCenter/Main.aspx?gameDate=20240702&gameId=20240702HTSS0&section=REVIEW"
"2024","2024-07-02","20240702KTHH0","18:30","KT","6","한화","5","한밭","https://www.koreabaseball.com/Schedule/GameCenter/Main.aspx?gameDate=20240702&gameId=20240702KTHH0&section=REVIEW"
"2024","2024-07-02","20240702LGWO0","18:30","LG","2","키움","4","고척","https://www.koreabaseball.com/Schedule/GameCenter/Main.aspx?gameDate=20240702&gameId=20240702LGWO0&section=REVIEW"
"2024","2024-07-03","20240703HTSS0","18:30","KIA","6","삼성","4","대구","https://www.koreabaseball.com/Schedule/GameCenter/Main.aspx?gameDate=20240703&gameId=20240703HTSS0&section=REVIEW"
"2024","2024-07-03","20240703KTHH0","18:30","KT","3","한화","2","한밭","https://www.koreabaseball.com/Schedule/GameCenter/Main.aspx?gameDate=20240703&gameId=20240703KTHH0&section=REVIEW"
"2024","2024-07-03","20240703LGWO0","18:30","LG","1","키움","4","고척","https://www.koreabaseball.com/Schedule/GameCenter/Main.aspx?gameDate=20240703&gameId=20240703LGWO0&section=REVIEW"
"2024","2024-07-03","20240703LTOB0","18:30","롯데","8","두산","13","잠실","https://www.koreabaseball.com/Schedule/GameCenter/Main.aspx?gameDate=20240703&gameId=20240703LTOB0&section=REVIEW"
"2024","2024-07-03","20240703SKNC0","18:30","SSG","1","NC","4","창원","https://www.koreabaseball.com/Schedule/GameCenter/Main.aspx?gameDate=20240703&gameId=20240703SKNC0&section=REVIEW"
"2024","2024-07-04","20240704HTSS0","18:30","KIA","8","삼성","3","대구","https://www.koreabaseball.com/Schedule/GameCenter/Main.aspx?gameDate=20240704&gameId=20240704HTSS0&section=REVIEW"
"2024","2024-07-04","20240704KTHH0","18:30","KT","5","한화","13","한밭","https://www.koreabaseball.com/Schedule/GameCenter/Main.aspx?gameDate=20240704&gameId=20240704KTHH0&section=REVIEW"
"2024","2024-07-04","20240704LGWO0","18:30","LG","3","키움","2","고척","https://www.koreabaseball.com/Schedule/GameCenter/Main.aspx?gameDate=20240704&gameId=20240704LGWO0&section=REVIEW"
"2024","2024-07-04","20240704LTOB0","18:30","롯데","3","두산","6","잠실","https://www.koreabaseball.com/Schedule/GameCenter/Main.aspx?gameDate=20240704&gameId=20240704LTOB0&section=REVIEW"
"2024","2024-07-04","20240704SKNC0","18:30","SSG","0","NC","2","창원","https://www.koreabaseball.com/Schedule/GameCenter/Main.aspx?gameDate=20240704&gameId=20240704SKNC0&section=REVIEW"
"2024","2024-07-09","20240709HHWO0","18:30","한화","3","키움","5","고척","https://www.koreabaseball.com/Schedule/GameCenter/Main.aspx?gameDate=20240709&gameId=20240709HHWO0&section=REVIEW"
"2024","2024-07-09","20240709HTLG0","18:30","KIA","11","LG","4","잠실","https://www.koreabaseball.com/Schedule/GameCenter/Main.aspx?gameDate=20240709&gameId=20240709HTLG0&section=REVIEW"
"2024","2024-07-09","20240709LTSK0","18:30","롯데","4","SSG","7","문학","https://www.koreabaseball.com/Schedule/GameCenter/Main.aspx?gameDate=20240709&gameId=20240709LTSK0&section=REVIEW"
"2024","2024-07-10","20240710HHWO0","18:30","한화","7","키움","0","고척","https://www.koreabaseball.com/Schedule/GameCenter/Main.aspx?gameDate=20240710&gameId=20240710HHWO0&section=REVIEW"
"2024","2024-07-10","20240710HTLG0","18:30","KIA","5","LG","2","잠실","https://www.koreabaseball.com/Schedule/GameCenter/Main.aspx?gameDate=20240710&gameId=20240710HTLG0&section=REVIEW"
"2024","2024-07-10","20240710LTSK0","18:30","롯데","6","SSG","1","문학","https://www.koreabaseball.com/Schedule/GameCenter/Main.aspx?gameDate=20240710&gameId=20240710LTSK0&section=REVIEW"
"2024","2024-07-10","20240710NCSS0","18:30","NC","6","삼성","15","대구","https://www.koreabaseball.com/Schedule/GameCenter/Main.aspx?gameDate=20240710&gameId=20240710NCSS0&section=REVIEW"
"2024","2024-07-10","20240710OBKT0","18:30","두산","6","KT","7","수원","https://www.koreabaseball.com/Schedule/GameCenter/Main.aspx?gameDate=20240710&gameId=20240710OBKT0&section=REVIEW"
"2024","2024-07-11","20240711HHWO0","18:30","한화","4","키움","5","고척","https://www.koreabaseball.com/Schedule/GameCenter/Main.aspx?gameDate=20240711&gameId=20240711HHWO0&section=REVIEW"
"2024","2024-07-11","20240711HTLG0","18:30","KIA","4","LG","2","잠실","https://www.koreabaseball.com/Schedule/GameCenter/Main.aspx?gameDate=20240711&gameId=20240711HTLG0&section=REVIEW"
"2024","2024-07-11","20240711LTSK0","18:30","롯데","4","SSG","5","문학","https://www.koreabaseball.com/Schedule/GameCenter/Main.aspx?gameDate=20240711&gameId=20240711LTSK0&section=REVIEW"
"2024","2024-07-11","20240711NCSS0","18:30","NC","4","삼성","6","대구","https://www.koreabaseball.com/Schedule/GameCenter/Main.aspx?gameDate=20240711&gameId=20240711NCSS0&section=REVIEW"
"2024","2024-07-11","20240711OBKT0","18:30","두산","12","KT","1","수원","https://www.koreabaseball.com/Schedule/GameCenter/Main.aspx?gameDate=20240711&gameId=20240711OBKT0&section=REVIEW"
"2024","2024-07-12","20240712KTLT0","18:30","KT","5","롯데","4","사직","https://www.koreabaseball.com/Schedule/GameCenter/Main.aspx?gameDate=20240712&gameId=20240712KTLT0&section=REVIEW"
"2024","2024-07-12","20240712LGHH0","18:30","LG","0","한화","6","한밭","https://www.koreabaseball.com/Schedule/GameCenter/Main.aspx?gameDate=20240712&gameId=20240712LGHH0&section=REVIEW"
"2024","2024-07-12","20240712SKHT0","18:30","SSG","14","KIA","6","광주","https://www.koreabaseball.com/Schedule/GameCenter/Main.aspx?gameDate=20240712&gameId=20240712SKHT0&section=REVIEW"
"2024","2024-07-12","20240712SSOB0","18:30","삼성","9","두산","5","잠실","https://www.koreabaseball.com/Schedule/GameCenter/Main.aspx?gameDate=20240712&gameId=20240712SSOB0&section=REVIEW"
"2024","2024-07-12","20240712WONC0","18:30","키움","2","NC","9","창원","https://www.koreabaseball.com/Schedule/GameCenter/Main.aspx?gameDate=20240712&gameId=20240712WONC0&section=REVIEW"
"2024","2024-07-13","20240713KTLT0","18:00","KT","6","롯데","3","사직","https://www.koreabaseball.com/Schedule/GameCenter/Main.aspx?gameDate=20240713&gameId=20240713KTLT0&section=REVIEW"
"2024","2024-07-13","20240713LGHH0","18:00","LG","7","한화","3","한밭","https://www.koreabaseball.com/Schedule/GameCenter/Main.aspx?gameDate=20240713&gameId=20240713LGHH0&section=REVIEW"
"2024","2024-07-13","20240713SKHT0","18:00","SSG","15","KIA","9","광주","https://www.koreabaseball.com/Schedule/GameCenter/Main.aspx?gameDate=20240713&gameId=20240713SKHT0&section=REVIEW"
"2024","2024-07-13","20240713SSOB0","18:00","삼성","4","두산","8","잠실","https://www.koreabaseball.com/Schedule/GameCenter/Main.aspx?gameDate=20240713&gameId=20240713SSOB0&section=REVIEW"
"2024","2024-07-13","20240713WONC0","18:00","키움","5","NC","11","창원","https://www.koreabaseball.com/Schedule/GameCenter/Main.aspx?gameDate=20240713&gameId=20240713WONC0&section=REVIEW"
"2024","2024-07-14","20240714LGHH0","17:00","LG","8","한화","4","한밭","https://www.koreabaseball.com/Schedule/GameCenter/Main.aspx?gameDate=20240714&gameId=20240714LGHH0&section=REVIEW"
"2024","2024-07-14","20240714SKHT0","17:00","SSG","4","KIA","13","광주","https://www.koreabaseball.com/Schedule/GameCenter/Main.aspx?gameDate=20240714&gameId=20240714SKHT0&section=REVIEW"
"2024","2024-07-14","20240714SSOB0","17:00","삼성","6","두산","2","잠실","https://www.koreabaseball.com/Schedule/GameCenter/Main.aspx?gameDate=20240714&gameId=20240714SSOB0&section=REVIEW"
"2024","2024-07-16","20240716KTWO0","18:30","KT","4","키움","3","고척","https://www.koreabaseball.com/Schedule/GameCenter/Main.aspx?gameDate=20240716&gameId=20240716KTWO0&section=REVIEW"
"2024","2024-07-16","20240716OBLT0","18:30","두산","0","롯데","4","울산","https://www.koreabaseball.com/Schedule/GameCenter/Main.aspx?gameDate=20240716&gameId=20240716OBLT0&section=REVIEW"
"2024","2024-07-17","20240717HHNC0","18:30","한화","1","NC","5","창원","https://www.koreabaseball.com/Schedule/GameCenter/Main.aspx?gameDate=20240717&gameId=20240717HHNC0&section=REVIEW"
"2024","2024-07-17","20240717KTWO0","18:30","KT","9","키움","2","고척","https://www.koreabaseball.com/Schedule/GameCenter/Main.aspx?gameDate=20240717&gameId=20240717KTWO0&section=REVIEW"
"2024","2024-07-17","20240717OBLT0","18:30","두산","2","롯데","6","울산","https://www.koreabaseball.com/Schedule/GameCenter/Main.aspx?gameDate=20240717&gameId=20240717OBLT0&section=REVIEW"
"2024","2024-07-17","20240717SKLG0","18:30","SSG","9","LG","12","잠실","https://www.koreabaseball.com/Schedule/GameCenter/Main.aspx?gameDate=20240717&gameId=20240717SKLG0&section=REVIEW"
"2024","2024-07-17","20240717SSHT0","18:30","삼성","5","KIA","10","광주","https://www.koreabaseball.com/Schedule/GameCenter/Main.aspx?gameDate=20240717&gameId=20240717SSHT0&section=REVIEW"
"2024","2024-07-18","20240718HHNC0","18:30","한화","3","NC","4","창원","https://www.koreabaseball.com/Schedule/GameCenter/Main.aspx?gameDate=20240718&gameId=20240718HHNC0&section=REVIEW"
"2024","2024-07-18","20240718KTWO0","18:30","KT","12","키움","8","고척","https://www.koreabaseball.com/Schedule/GameCenter/Main.aspx?gameDate=20240718&gameId=20240718KTWO0&section=REVIEW"
"2024","2024-07-18","20240718OBLT0","18:30","두산","3","롯데","2","울산","https://www.koreabaseball.com/Schedule/GameCenter/Main.aspx?gameDate=20240718&gameId=20240718OBLT0&section=REVIEW"
"2024","2024-07-18","20240718SSHT0","18:30","삼성","4","KIA","10","광주","https://www.koreabaseball.com/Schedule/GameCenter/Main.aspx?gameDate=20240718&gameId=20240718SSHT0&section=REVIEW"
"2024","2024-07-19","20240719HTHH0","18:30","KIA","7","한화","3","한밭","https://www.koreabaseball.com/Schedule/GameCenter/Main.aspx?gameDate=20240719&gameId=20240719HTHH0&section=REVIEW"
"2024","2024-07-19","20240719LTSS0","18:30","롯데","10","삼성","6","대구","https://www.koreabaseball.com/Schedule/GameCenter/Main.aspx?gameDate=20240719&gameId=20240719LTSS0&section=REVIEW"
"2024","2024-07-19","20240719NCKT0","18:30","NC","0","KT","6","수원","https://www.koreabaseball.com/Schedule/GameCenter/Main.aspx?gameDate=20240719&gameId=20240719NCKT0&section=REVIEW"
"2024","2024-07-19","20240719OBLG0","18:30","두산","7","LG","16","잠실","https://www.koreabaseball.com/Schedule/GameCenter/Main.aspx?gameDate=20240719&gameId=20240719OBLG0&section=REVIEW"
"2024","2024-07-19","20240719WOSK0","18:30","키움","3","SSG","9","문학","https://www.koreabaseball.com/Schedule/GameCenter/Main.aspx?gameDate=20240719&gameId=20240719WOSK0&section=REVIEW"
"2024","2024-07-20","20240720HTHH0","18:00","KIA","8","한화","4","한밭","https://www.koreabaseball.com/Schedule/GameCenter/Main.aspx?gameDate=20240720&gameId=20240720HTHH0&section=REVIEW"
"2024","2024-07-20","20240720LTSS0","18:00","롯데","4","삼성","21","대구","https://www.koreabaseball.com/Schedule/GameCenter/Main.aspx?gameDate=20240720&gameId=20240720LTSS0&section=REVIEW"
"2024","2024-07-21","20240721HTHH0","17:00","KIA","8","한화","7","한밭","https://www.koreabaseball.com/Schedule/GameCenter/Main.aspx?gameDate=20240721&gameId=20240721HTHH0&section=REVIEW"
"2024","2024-07-21","20240721LTSS0","17:00","롯데","5","삼성","6","대구","https://www.koreabaseball.com/Schedule/GameCenter/Main.aspx?gameDate=20240721&gameId=20240721LTSS0&section=REVIEW"
"2024","2024-07-21","20240721NCKT0","17:00","NC","8","KT","2","수원","https://www.koreabaseball.com/Schedule/GameCenter/Main.aspx?gameDate=20240721&gameId=20240721NCKT0&section=REVIEW"
"2024","2024-07-21","20240721OBLG0","17:00","두산","3","LG","6","잠실","https://www.koreabaseball.com/Schedule/GameCenter/Main.aspx?gameDate=20240721&gameId=20240721OBLG0&section=REVIEW"
"2024","2024-07-21","20240721WOSK0","17:00","키움","7","SSG","2","문학","https://www.koreabaseball.com/Schedule/GameCenter/Main.aspx?gameDate=20240721&gameId=20240721WOSK0&section=REVIEW"
"2024","2024-07-23","20240723LGLT0","18:30","LG","2","롯데","1","사직","https://www.koreabaseball.com/Schedule/GameCenter/Main.aspx?gameDate=20240723&gameId=20240723LGLT0&section=REVIEW"
"2024","2024-07-23","20240723NCHT0","18:30","NC","1","KIA","8","광주","https://www.koreabaseball.com/Schedule/GameCenter/Main.aspx?gameDate=20240723&gameId=20240723NCHT0&section=REVIEW"
"2024","2024-07-23","20240723SSHH0","18:30","삼성","5","한화","6","한밭","https://www.koreabaseball.com/Schedule/GameCenter/Main.aspx?gameDate=20240723&gameId=20240723SSHH0&section=REVIEW"
"2024","2024-07-23","20240723WOOB0","18:30","키움","3","두산","6","잠실","https://www.koreabaseball.com/Schedule/GameCenter/Main.aspx?gameDate=20240723&gameId=20240723WOOB0&section=REVIEW"
"2024","2024-07-24","20240724NCHT0","18:30","NC","0","KIA","7","광주","https://www.koreabaseball.com/Schedule/GameCenter/Main.aspx?gameDate=20240724&gameId=20240724NCHT0&section=REVIEW"
"2024","2024-07-24","20240724SKKT0","18:30","SSG","3","KT","5","수원","https://www.koreabaseball.com/Schedule/GameCenter/Main.aspx?gameDate=20240724&gameId=20240724SKKT0&section=REVIEW"
"2024","2024-07-24","20240724SSHH0","18:30","삼성","2","한화","3","한밭","https://www.koreabaseball.com/Schedule/GameCenter/Main.aspx?gameDate=20240724&gameId=20240724SSHH0&section=REVIEW"
"2024","2024-07-24","20240724WOOB0","18:30","키움","4","두산","7","잠실","https://www.koreabaseball.com/Schedule/GameCenter/Main.aspx?gameDate=20240724&gameId=20240724WOOB0&section=REVIEW"
"2024","2024-07-25","20240725LGLT0","18:30","LG","9","롯데","6","사직","https://www.koreabaseball.com/Schedule/GameCenter/Main.aspx?gameDate=20240725&gameId=20240725LGLT0&section=REVIEW"
"2024","2024-07-25","20240725NCHT0","18:30","NC","7","KIA","4","광주","https://www.koreabaseball.com/Schedule/GameCenter/Main.aspx?gameDate=20240725&gameId=20240725NCHT0&section=REVIEW"
"2024","2024-07-25","20240725SKKT0","18:30","SSG","2","KT","4","수원","https://www.koreabaseball.com/Schedule/GameCenter/Main.aspx?gameDate=20240725&gameId=20240725SKKT0&section=REVIEW"
"2024","2024-07-25","20240725WOOB0","18:30","키움","6","두산","1","잠실","https://www.koreabaseball.com/Schedule/GameCenter/Main.aspx?gameDate=20240725&gameId=20240725WOOB0&section=REVIEW"
"2024","2024-07-26","20240726HTWO0","18:30","KIA","4","키움","5","고척","https://www.koreabaseball.com/Schedule/GameCenter/Main.aspx?gameDate=20240726&gameId=20240726HTWO0&section=REVIEW"
"2024","2024-07-26","20240726KTSS0","18:30","KT","4","삼성","1","대구","https://www.koreabaseball.com/Schedule/GameCenter/Main.aspx?gameDate=20240726&gameId=20240726KTSS0&section=REVIEW"
"2024","2024-07-26","20240726LTNC0","18:30","롯데","2","NC","9","창원","https://www.koreabaseball.com/Schedule/GameCenter/Main.aspx?gameDate=20240726&gameId=20240726LTNC0&section=REVIEW"
"2024","2024-07-26","20240726OBSK0","18:30","두산","1","SSG","6","문학","https://www.koreabaseball.com/Schedule/GameCenter/Main.aspx?gameDate=20240726&gameId=20240726OBSK0&section=REVIEW"
"2024","2024-07-27","20240727HTWO0","18:00","KIA","5","키움","6","고척","https://www.koreabaseball.com/Schedule/GameCenter/Main.aspx?gameDate=20240727&gameId=20240727HTWO0&section=REVIEW"
"2024","2024-07-27","20240727KTSS0","18:00","KT","2","삼성","3","대구","https://www.koreabaseball.com/Schedule/GameCenter/Main.aspx?gameDate=20240727&gameId=20240727KTSS0&section=REVIEW"
"2024","2024-07-27","20240727LTNC0","18:00","롯데","9","NC","2","창원","https://www.koreabaseball.com/Schedule/GameCenter/Main.aspx?gameDate=20240727&gameId=20240727LTNC0&section=REVIEW"
"2024","2024-07-27","20240727OBSK0","18:00","두산","3","SSG","4","문학","https://www.koreabaseball.com/Schedule/GameCenter/Main.aspx?gameDate=20240727&gameId=20240727OBSK0&section=REVIEW"
"2024","2024-07-28","20240728HHLG0","17:00","한화","9","LG","6","잠실","https://www.koreabaseball.com/Schedule/GameCenter/Main.aspx?gameDate=20240728&gameId=20240728HHLG0&section=REVIEW"
"2024","2024-07-28","20240728HTWO0","14:00","KIA","4","키움","3","고척","https://www.koreabaseball.com/Schedule/GameCenter/Main.aspx?gameDate=20240728&gameId=20240728HTWO0&section=REVIEW"
"2024","2024-07-28","20240728KTSS0","17:00","KT","4","삼성","3","대구","https://www.koreabaseball.com/Schedule/GameCenter/Main.aspx?gameDate=20240728&gameId=20240728KTSS0&section=REVIEW"
"2024","2024-07-28","20240728LTNC0","17:00","롯데","10","NC","6","창원","https://www.koreabaseball.com/Schedule/GameCenter/Main.aspx?gameDate=20240728&gameId=20240728LTNC0&section=REVIEW"
"2024","2024-07-28","20240728OBSK0","17:00","두산","0","SSG","3","문학","https://www.koreabaseball.com/Schedule/GameCenter/Main.aspx?gameDate=20240728&gameId=20240728OBSK0&section=REVIEW"
"2024","2024-07-30","20240730HHKT0","18:30","한화","6","KT","4","수원","https://www.koreabaseball.com/Schedule/GameCenter/Main.aspx?gameDate=20240730&gameId=20240730HHKT0&section=REVIEW"
"2024","2024-07-30","20240730LTSK0","18:30","롯데","5","SSG","11","문학","https://www.koreabaseball.com/Schedule/GameCenter/Main.aspx?gameDate=20240730&gameId=20240730LTSK0&section=REVIEW"
"2024","2024-07-30","20240730NCWO0","18:30","NC","2","키움","6","고척","https://www.koreabaseball.com/Schedule/GameCenter/Main.aspx?gameDate=20240730&gameId=20240730NCWO0&section=REVIEW"
"2024","2024-07-30","20240730OBHT0","18:30","두산","12","KIA","7","광주","https://www.koreabaseball.com/Schedule/GameCenter/Main.aspx?gameDate=20240730&gameId=20240730OBHT0&section=REVIEW"
"2024","2024-07-30","20240730SSLG0","18:30","삼성","7","LG","1","잠실","https://www.koreabaseball.com/Schedule/GameCenter/Main.aspx?gameDate=20240730&gameId=20240730SSLG0&section=REVIEW"
"2024","2024-07-31","20240731HHKT0","18:30","한화","18","KT","7","수원","https://www.koreabaseball.com/Schedule/GameCenter/Main.aspx?gameDate=20240731&gameId=20240731HHKT0&section=REVIEW"
"2024","2024-07-31","20240731LTSK0","18:30","롯데","11","SSG","12","문학","https://www.koreabaseball.com/Schedule/GameCenter/Main.aspx?gameDate=20240731&gameId=20240731LTSK0&section=REVIEW"
"2024","2024-07-31","20240731NCWO0","18:30","NC","9","키움","0","고척","https://www.koreabaseball.com/Schedule/GameCenter/Main.aspx?gameDate=20240731&gameId=20240731NCWO0&section=REVIEW"
"2024","2024-07-31","20240731OBHT0","18:30","두산","30","KIA","6","광주","https://www.koreabaseball.com/Schedule/GameCenter/Main.aspx?gameDate=20240731&gameId=20240731OBHT0&section=REVIEW"
"2024","2024-07-31","20240731SSLG0","18:30","삼성","5","LG","11","잠실","https://www.koreabaseball.com/Schedule/GameCenter/Main.aspx?gameDate=20240731&gameId=20240731SSLG0&section=REVIEW"
"2024","2024-08-01","20240801HHKT0","18:30","한화","14","KT","8","수원","https://www.koreabaseball.com/Schedule/GameCenter/Main.aspx?gameDate=20240801&gameId=20240801HHKT0&section=REVIEW"
"2024","2024-08-01","20240801LTSK0","18:30","롯데","4","SSG","2","문학","https://www.koreabaseball.com/Schedule/GameCenter/Main.aspx?gameDate=20240801&gameId=20240801LTSK0&section=REVIEW"
"2024","2024-08-01","20240801NCWO0","18:30","NC","9","키움","14","고척","https://www.koreabaseball.com/Schedule/GameCenter/Main.aspx?gameDate=20240801&gameId=20240801NCWO0&section=REVIEW"
"2024","2024-08-01","20240801OBHT0","18:30","두산","1","KIA","0","광주","https://www.koreabaseball.com/Schedule/GameCenter/Main.aspx?gameDate=20240801&gameId=20240801OBHT0&section=REVIEW"
"2024","2024-08-01","20240801SSLG0","18:30","삼성","7","LG","0","잠실","https://www.koreabaseball.com/Schedule/GameCenter/Main.aspx?gameDate=20240801&gameId=20240801SSLG0&section=REVIEW"
"2024","2024-08-02","20240802HTHH0","18:30","KIA","3","한화","10","한밭","https://www.koreabaseball.com/Schedule/GameCenter/Main.aspx?gameDate=20240802&gameId=20240802HTHH0&section=REVIEW"
"2024","2024-08-02","20240802KTNC0","18:30","KT","9","NC","7","창원","https://www.koreabaseball.com/Schedule/GameCenter/Main.aspx?gameDate=20240802&gameId=20240802KTNC0&section=REVIEW"
"2024","2024-08-02","20240802SKSS0","18:30","SSG","3","삼성","4","대구","https://www.koreabaseball.com/Schedule/GameCenter/Main.aspx?gameDate=20240802&gameId=20240802SKSS0&section=REVIEW"
"2024","2024-08-02","20240802WOOB0","18:30","키움","6","두산","4","잠실","https://www.koreabaseball.com/Schedule/GameCenter/Main.aspx?gameDate=20240802&gameId=20240802WOOB0&section=REVIEW"
"2024","2024-08-03","20240803HTHH0","18:00","KIA","7","한화","3","한밭","https://www.koreabaseball.com/Schedule/GameCenter/Main.aspx?gameDate=20240803&gameId=20240803HTHH0&section=REVIEW"
"2024","2024-08-03","20240803LGLT0","18:00","LG","3","롯데","8","울산","https://www.koreabaseball.com/Schedule/GameCenter/Main.aspx?gameDate=20240803&gameId=20240803LGLT0&section=REVIEW"
"2024","2024-08-03","20240803SKSS0","18:00","SSG","4","삼성","12","대구","https://www.koreabaseball.com/Schedule/GameCenter/Main.aspx?gameDate=20240803&gameId=20240803SKSS0&section=REVIEW"
"2024","2024-08-03","20240803WOOB0","18:00","키움","15","두산","5","잠실","https://www.koreabaseball.com/Schedule/GameCenter/Main.aspx?gameDate=20240803&gameId=20240803WOOB0&section=REVIEW"
"2024","2024-08-04","20240804KTNC0","17:00","KT","5","NC","15","창원","https://www.koreabaseball.com/Schedule/GameCenter/Main.aspx?gameDate=20240804&gameId=20240804KTNC0&section=REVIEW"
"2024","2024-08-04","20240804SKSS0","17:00","SSG","3","삼성","8","대구","https://www.koreabaseball.com/Schedule/GameCenter/Main.aspx?gameDate=20240804&gameId=20240804SKSS0&section=REVIEW"
"2024","2024-08-06","20240806HHSS0","18:30","한화","8","삼성","5","대구","https://www.koreabaseball.com/Schedule/GameCenter/Main.aspx?gameDate=20240806&gameId=20240806HHSS0&section=REVIEW"
"2024","2024-08-06","20240806KTHT0","18:30","KT","0","KIA","2","광주","https://www.koreabaseball.com/Schedule/GameCenter/Main.aspx?gameDate=20240806&gameId=20240806KTHT0&section=REVIEW"
"2024","2024-08-06","20240806LGOB0","18:30","LG","6","두산","7","잠실","https://www.koreabaseball.com/Schedule/GameCenter/Main.aspx?gameDate=20240806&gameId=20240806LGOB0&section=REVIEW"
"2024","2024-08-06","20240806NCLT0","18:30","NC","5","롯데","6","사직","https://www.koreabaseball.com/Schedule/GameCenter/Main.aspx?gameDate=20240806&gameId=20240806NCLT0&section=REVIEW"
"2024","2024-08-06","20240806SKWO0","18:30","SSG","6","키움","2","고척","https://www.koreabaseball.com/Schedule/GameCenter/Main.aspx?gameDate=20240806&gameId=20240806SKWO0&section=REVIEW"
"2024","2024-08-07","20240807HHSS0","18:30","한화","6","삼성","10","대구","https://www.koreabaseball.com/Schedule/GameCenter/Main.aspx?gameDate=20240807&gameId=20240807HHSS0&section=REVIEW"
"2024","2024-08-07","20240807KTHT0","18:30","KT","13","KIA","2","광주","https://www.koreabaseball.com/Schedule/GameCenter/Main.aspx?gameDate=20240807&gameId=20240807KTHT0&section=REVIEW"
"2024","2024-08-07","20240807LGOB0","18:30","LG","4","두산","8","잠실","https://www.koreabaseball.com/Schedule/GameCenter/Main.aspx?gameDate=20240807&gameId=20240807LGOB0&section=REVIEW"
"2024","2024-08-07","20240807NCLT0","18:30","NC","7","롯데","14","사직","https://www.koreabaseball.com/Schedule/GameCenter/Main.aspx?gameDate=20240807&gameId=20240807NCLT0&section=REVIEW"
"2024","2024-08-07","20240807SKWO0","18:30","SSG","6","키움","2","고척","https://www.koreabaseball.com/Schedule/GameCenter/Main.aspx?gameDate=20240807&gameId=20240807SKWO0&section=REVIEW"
"2024","2024-08-08","20240808HHSS0","18:30","한화","6","삼성","4","대구","https://www.koreabaseball.com/Schedule/GameCenter/Main.aspx?gameDate=20240808&gameId=20240808HHSS0&section=REVIEW"
"2024","2024-08-08","20240808KTHT0","18:30","KT","1","KIA","0","광주","https://www.koreabaseball.com/Schedule/GameCenter/Main.aspx?gameDate=20240808&gameId=20240808KTHT0&section=REVIEW"
"2024","2024-08-08","20240808LGOB0","18:30","LG","10","두산","3","잠실","https://www.koreabaseball.com/Schedule/GameCenter/Main.aspx?gameDate=20240808&gameId=20240808LGOB0&section=REVIEW"
"2024","2024-08-08","20240808SKWO0","18:30","SSG","0","키움","3","고척","https://www.koreabaseball.com/Schedule/GameCenter/Main.aspx?gameDate=20240808&gameId=20240808SKWO0&section=REVIEW"
"2024","2024-08-09","20240809LTKT0","18:30","롯데","6","KT","10","수원","https://www.koreabaseball.com/Schedule/GameCenter/Main.aspx?gameDate=20240809&gameId=20240809LTKT0&section=REVIEW"
"2024","2024-08-09","20240809NCLG0","18:30","NC","9","LG","10","잠실","https://www.koreabaseball.com/Schedule/GameCenter/Main.aspx?gameDate=20240809&gameId=20240809NCLG0&section=REVIEW"
"2024","2024-08-09","20240809OBSK0","18:30","두산","13","SSG","11","문학","https://www.koreabaseball.com/Schedule/GameCenter/Main.aspx?gameDate=20240809&gameId=20240809OBSK0&section=REVIEW"
"2024","2024-08-09","20240809SSHT0","18:30","삼성","8","KIA","9","광주","https://www.koreabaseball.com/Schedule/GameCenter/Main.aspx?gameDate=20240809&gameId=20240809SSHT0&section=REVIEW"
"2024","2024-08-09","20240809WOHH0","18:30","키움","5","한화","7","한밭","https://www.koreabaseball.com/Schedule/GameCenter/Main.aspx?gameDate=20240809&gameId=20240809WOHH0&section=REVIEW"
"2024","2024-08-10","20240810LTKT0","18:00","롯데","2","KT","0","수원","https://www.koreabaseball.com/Schedule/GameCenter/Main.aspx?gameDate=20240810&gameId=20240810LTKT0&section=REVIEW"
"2024","2024-08-10","20240810NCLG0","18:00","NC","3","LG","9","잠실","https://www.koreabaseball.com/Schedule/GameCenter/Main.aspx?gameDate=20240810&gameId=20240810NCLG0&section=REVIEW"
"2024","2024-08-10","20240810OBSK0","18:00","두산","10","SSG","6","문학","https://www.koreabaseball.com/Schedule/GameCenter/Main.aspx?gameDate=20240810&gameId=20240810OBSK0&section=REVIEW"
"2024","2024-08-10","20240810WOHH0","18:00","키움","3","한화","1","한밭","https://www.koreabaseball.com/Schedule/GameCenter/Main.aspx?gameDate=20240810&gameId=20240810WOHH0&section=REVIEW"
"2024","2024-08-11","20240811LTKT0","18:00","롯데","9","KT","7","수원","https://www.koreabaseball.com/Schedule/GameCenter/Main.aspx?gameDate=20240811&gameId=20240811LTKT0&section=REVIEW"
"2024","2024-08-11","20240811NCLG0","18:00","NC","3","LG","4","잠실","https://www.koreabaseball.com/Schedule/GameCenter/Main.aspx?gameDate=20240811&gameId=20240811NCLG0&section=REVIEW"
"2024","2024-08-11","20240811OBSK0","18:00","두산","9","SSG","11","문학","https://www.koreabaseball.com/Schedule/GameCenter/Main.aspx?gameDate=20240811&gameId=20240811OBSK0&section=REVIEW"
"2024","2024-08-11","20240811SSHT0","18:00","삼성","5","KIA","4","광주","https://www.koreabaseball.com/Schedule/GameCenter/Main.aspx?gameDate=20240811&gameId=20240811SSHT0&section=REVIEW"
"2024","2024-08-11","20240811WOHH0","18:00","키움","7","한화","3","한밭","https://www.koreabaseball.com/Schedule/GameCenter/Main.aspx?gameDate=20240811&gameId=20240811WOHH0&section=REVIEW"
"2024","2024-08-13","20240813HTWO0","18:30","KIA","2","키움","0","고척","https://www.koreabaseball.com/Schedule/GameCenter/Main.aspx?gameDate=20240813&gameId=20240813HTWO0&section=REVIEW"
"2024","2024-08-13","20240813KTSS0","18:30","KT","2","삼성","7","대구","https://www.koreabaseball.com/Schedule/GameCenter/Main.aspx?gameDate=20240813&gameId=20240813KTSS0&section=REVIEW"
"2024","2024-08-13","20240813LGHH0","18:30","LG","3","한화","2","한밭","https://www.koreabaseball.com/Schedule/GameCenter/Main.aspx?gameDate=20240813&gameId=20240813LGHH0&section=REVIEW"
"2024","2024-08-13","20240813SKNC0","18:30","SSG","2","NC","0","창원","https://www.koreabaseball.com/Schedule/GameCenter/Main.aspx?gameDate=20240813&gameId=20240813SKNC0&section=REVIEW"
"2024","2024-08-14","20240814HTWO0","18:30","KIA","1","키움","2","고척","https://www.koreabaseball.com/Schedule/GameCenter/Main.aspx?gameDate=20240814&gameId=20240814HTWO0&section=REVIEW"
"2024","2024-08-14","20240814KTSS0","18:30","KT","1","삼성","3","대구","https://www.koreabaseball.com/Schedule/GameCenter/Main.aspx?gameDate=20240814&gameId=20240814KTSS0&section=REVIEW"
"2024","2024-08-14","20240814LGHH0","18:30","LG","5","한화","9","한밭","https://www.koreabaseball.com/Schedule/GameCenter/Main.aspx?gameDate=20240814&gameId=20240814LGHH0&section=REVIEW"
"2024","2024-08-14","20240814LTOB0","18:30","롯데","12","두산","2","잠실","https://www.koreabaseball.com/Schedule/GameCenter/Main.aspx?gameDate=20240814&gameId=20240814LTOB0&section=REVIEW"
"2024","2024-08-15","20240815HTWO0","17:00","KIA","12","키움","1","고척","https://www.koreabaseball.com/Schedule/GameCenter/Main.aspx?gameDate=20240815&gameId=20240815HTWO0&section=REVIEW"
"2024","2024-08-15","20240815KTSS0","18:00","KT","5","삼성","3","대구","https://www.koreabaseball.com/Schedule/GameCenter/Main.aspx?gameDate=20240815&gameId=20240815KTSS0&section=REVIEW"
"2024","2024-08-15","20240815LGHH0","18:00","LG","17","한화","3","한밭","https://www.koreabaseball.com/Schedule/GameCenter/Main.aspx?gameDate=20240815&gameId=20240815LGHH0&section=REVIEW"
"2024","2024-08-15","20240815LTOB0","18:00","롯데","3","두산","4","잠실","https://www.koreabaseball.com/Schedule/GameCenter/Main.aspx?gameDate=20240815&gameId=20240815LTOB0&section=REVIEW"
"2024","2024-08-15","20240815SKNC0","18:00","SSG","10","NC","5","창원","https://www.koreabaseball.com/Schedule/GameCenter/Main.aspx?gameDate=20240815&gameId=20240815SKNC0&section=REVIEW"
"2024","2024-08-16","20240816HHSK0","18:30","한화","2","SSG","1","문학","https://www.koreabaseball.com/Schedule/GameCenter/Main.aspx?gameDate=20240816&gameId=20240816HHSK0&section=REVIEW"
"2024","2024-08-16","20240816HTLG0","18:30","KIA","3","LG","2","잠실","https://www.koreabaseball.com/Schedule/GameCenter/Main.aspx?gameDate=20240816&gameId=20240816HTLG0&section=REVIEW"
"2024","2024-08-16","20240816OBKT0","18:30","두산","5","KT","0","수원","https://www.koreabaseball.com/Schedule/GameCenter/Main.aspx?gameDate=20240816&gameId=20240816OBKT0&section=REVIEW"
"2024","2024-08-16","20240816SSNC0","18:30","삼성","7","NC","3","창원","https://www.koreabaseball.com/Schedule/GameCenter/Main.aspx?gameDate=20240816&gameId=20240816SSNC0&section=REVIEW"
"2024","2024-08-16","20240816WOLT0","18:30","키움","0","롯데","4","사직","https://www.koreabaseball.com/Schedule/GameCenter/Main.aspx?gameDate=20240816&gameId=20240816WOLT0&section=REVIEW"
"2024","2024-08-17","20240817HHSK0","18:00","한화","8","SSG","5","문학","https://www.koreabaseball.com/Schedule/GameCenter/Main.aspx?gameDate=20240817&gameId=20240817HHSK0&section=REVIEW"
"2024","2024-08-17","20240817HTLG0","18:00","KIA","14","LG","4","잠실","https://www.koreabaseball.com/Schedule/GameCenter/Main.aspx?gameDate=20240817&gameId=20240817HTLG0&section=REVIEW"
"2024","2024-08-17","20240817OBKT0","18:00","두산","3","KT","2","수원","https://www.koreabaseball.com/Schedule/GameCenter/Main.aspx?gameDate=20240817&gameId=20240817OBKT0&section=REVIEW"
"2024","2024-08-17","20240817SSNC0","18:00","삼성","5","NC","4","창원","https://www.koreabaseball.com/Schedule/GameCenter/Main.aspx?gameDate=20240817&gameId=20240817SSNC0&section=REVIEW"
"2024","2024-08-17","20240817WOLT0","18:00","키움","8","롯데","7","사직","https://www.koreabaseball.com/Schedule/GameCenter/Main.aspx?gameDate=20240817&gameId=20240817WOLT0&section=REVIEW"
"2024","2024-08-18","20240818HHSK0","18:00","한화","7","SSG","1","문학","https://www.koreabaseball.com/Schedule/GameCenter/Main.aspx?gameDate=20240818&gameId=20240818HHSK0&section=REVIEW"
"2024","2024-08-18","20240818HTLG0","18:00","KIA","4","LG","0","잠실","https://www.koreabaseball.com/Schedule/GameCenter/Main.aspx?gameDate=20240818&gameId=20240818HTLG0&section=REVIEW"
"2024","2024-08-18","20240818OBKT0","18:00","두산","4","KT","5","수원","https://www.koreabaseball.com/Schedule/GameCenter/Main.aspx?gameDate=20240818&gameId=20240818OBKT0&section=REVIEW"
"2024","2024-08-18","20240818SSNC0","18:00","삼성","5","NC","3","창원","https://www.koreabaseball.com/Schedule/GameCenter/Main.aspx?gameDate=20240818&gameId=20240818SSNC0&section=REVIEW"
"2024","2024-08-18","20240818WOLT0","18:00","키움","4","롯데","5","사직","https://www.koreabaseball.com/Schedule/GameCenter/Main.aspx?gameDate=20240818&gameId=20240818WOLT0&section=REVIEW"
"2024","2024-08-20","20240820NCHH0","18:30","NC","2","한화","3","청주","https://www.koreabaseball.com/Schedule/GameCenter/Main.aspx?gameDate=20240820&gameId=20240820NCHH0&section=REVIEW"
"2024","2024-08-20","20240820OBSS0","18:30","두산","0","삼성","3","포항","https://www.koreabaseball.com/Schedule/GameCenter/Main.aspx?gameDate=20240820&gameId=20240820OBSS0&section=REVIEW"
"2024","2024-08-20","20240820SKLG0","18:30","SSG","3","LG","4","잠실","https://www.koreabaseball.com/Schedule/GameCenter/Main.aspx?gameDate=20240820&gameId=20240820SKLG0&section=REVIEW"
"2024","2024-08-20","20240820WOKT0","18:30","키움","3","KT","2","수원","https://www.koreabaseball.com/Schedule/GameCenter/Main.aspx?gameDate=20240820&gameId=20240820WOKT0&section=REVIEW"
"2024","2024-08-21","20240821LTHT0","18:30","롯데","5","KIA","6","광주","https://www.koreabaseball.com/Schedule/GameCenter/Main.aspx?gameDate=20240821&gameId=20240821LTHT0&section=REVIEW"
"2024","2024-08-21","20240821NCHH0","18:30","NC","8","한화","2","청주","https://www.koreabaseball.com/Schedule/GameCenter/Main.aspx?gameDate=20240821&gameId=20240821NCHH0&section=REVIEW"
"2024","2024-08-21","20240821OBSS0","18:30","두산","5","삼성","2","포항","https://www.koreabaseball.com/Schedule/GameCenter/Main.aspx?gameDate=20240821&gameId=20240821OBSS0&section=REVIEW"
"2024","2024-08-21","20240821SKLG0","18:30","SSG","5","LG","1","잠실","https://www.koreabaseball.com/Schedule/GameCenter/Main.aspx?gameDate=20240821&gameId=20240821SKLG0&section=REVIEW"
"2024","2024-08-21","20240821WOKT0","18:30","키움","0","KT","5","수원","https://www.koreabaseball.com/Schedule/GameCenter/Main.aspx?gameDate=20240821&gameId=20240821WOKT0&section=REVIEW"
"2024","2024-08-22","20240822LTHT0","18:30","롯데","4","KIA","6","광주","https://www.koreabaseball.com/Schedule/GameCenter/Main.aspx?gameDate=20240822&gameId=20240822LTHT0&section=REVIEW"
"2024","2024-08-22","20240822SKLG0","18:30","SSG","3","LG","13","잠실","https://www.koreabaseball.com/Schedule/GameCenter/Main.aspx?gameDate=20240822&gameId=20240822SKLG0&section=REVIEW"
"2024","2024-08-22","20240822WOKT0","18:30","키움","2","KT","3","수원","https://www.koreabaseball.com/Schedule/GameCenter/Main.aspx?gameDate=20240822&gameId=20240822WOKT0&section=REVIEW"
"2024","2024-08-23","20240823HHOB0","18:30","한화","7","두산","4","잠실","https://www.koreabaseball.com/Schedule/GameCenter/Main.aspx?gameDate=20240823&gameId=20240823HHOB0&section=REVIEW"
"2024","2024-08-23","20240823HTNC0","18:30","KIA","4","NC","17","창원","https://www.koreabaseball.com/Schedule/GameCenter/Main.aspx?gameDate=20240823&gameId=20240823HTNC0&section=REVIEW"
"2024","2024-08-23","20240823KTSK0","18:30","KT","11","SSG","6","문학","https://www.koreabaseball.com/Schedule/GameCenter/Main.aspx?gameDate=20240823&gameId=20240823KTSK0&section=REVIEW"
"2024","2024-08-23","20240823LGWO0","18:30","LG","3","키움","9","고척","https://www.koreabaseball.com/Schedule/GameCenter/Main.aspx?gameDate=20240823&gameId=20240823LGWO0&section=REVIEW"
"2024","2024-08-23","20240823LTSS0","18:30","롯데","3","삼성","5","대구","https://www.koreabaseball.com/Schedule/GameCenter/Main.aspx?gameDate=20240823&gameId=20240823LTSS0&section=REVIEW"
"2024","2024-08-24","20240824HHOB0","18:00","한화","7","두산","6","잠실","https://www.koreabaseball.com/Schedule/GameCenter/Main.aspx?gameDate=20240824&gameId=20240824HHOB0&section=REVIEW"
"2024","2024-08-24","20240824HTNC0","18:00","KIA","2","NC","0","창원","https://www.koreabaseball.com/Schedule/GameCenter/Main.aspx?gameDate=20240824&gameId=20240824HTNC0&section=REVIEW"
"2024","2024-08-24","20240824KTSK0","18:00","KT","9","SSG","3","문학","https://www.koreabaseball.com/Schedule/GameCenter/Main.aspx?gameDate=20240824&gameId=20240824KTSK0&section=REVIEW"
"2024","2024-08-24","20240824LGWO0","18:00","LG","7","키움","0","고척","https://www.koreabaseball.com/Schedule/GameCenter/Main.aspx?gameDate=20240824&gameId=20240824LGWO0&section=REVIEW"
"2024","2024-08-24","20240824LTSS0","18:00","롯데","11","삼성","3","대구","https://www.koreabaseball.com/Schedule/GameCenter/Main.aspx?gameDate=20240824&gameId=20240824LTSS0&section=REVIEW"
"2024","2024-08-25","20240825HHOB0","18:00","한화","3","두산","1","잠실","https://www.koreabaseball.com/Schedule/GameCenter/Main.aspx?gameDate=20240825&gameId=20240825HHOB0&section=REVIEW"
"2024","2024-08-25","20240825HTNC0","18:00","KIA","2","NC","8","창원","https://www.koreabaseball.com/Schedule/GameCenter/Main.aspx?gameDate=20240825&gameId=20240825HTNC0&section=REVIEW"
"2024","2024-08-25","20240825KTSK0","18:00","KT","3","SSG","4","문학","https://www.koreabaseball.com/Schedule/GameCenter/Main.aspx?gameDate=20240825&gameId=20240825KTSK0&section=REVIEW"
"2024","2024-08-25","20240825LGWO0","14:00","LG","4","키움","6","고척","https://www.koreabaseball.com/Schedule/GameCenter/Main.aspx?gameDate=20240825&gameId=20240825LGWO0&section=REVIEW"
"2024","2024-08-25","20240825LTSS0","18:00","롯데","5","삼성","10","대구","https://www.koreabaseball.com/Schedule/GameCenter/Main.aspx?gameDate=20240825&gameId=20240825LTSS0&section=REVIEW"
"2024","2024-08-27","20240827HHLT0","18:30","한화","1","롯데","3","사직","https://www.koreabaseball.com/Schedule/GameCenter/Main.aspx?gameDate=20240827&gameId=20240827HHLT0&section=REVIEW"
"2024","2024-08-27","20240827KTLG0","18:30","KT","1","LG","6","잠실","https://www.koreabaseball.com/Schedule/GameCenter/Main.aspx?gameDate=20240827&gameId=20240827KTLG0&section=REVIEW"
"2024","2024-08-27","20240827OBNC0","18:30","두산","13","NC","7","창원","https://www.koreabaseball.com/Schedule/GameCenter/Main.aspx?gameDate=20240827&gameId=20240827OBNC0&section=REVIEW"
"2024","2024-08-27","20240827SKHT0","18:30","SSG","4","KIA","10","광주","https://www.koreabaseball.com/Schedule/GameCenter/Main.aspx?gameDate=20240827&gameId=20240827SKHT0&section=REVIEW"
"2024","2024-08-27","20240827SSWO0","18:30","삼성","1","키움","0","고척","https://www.koreabaseball.com/Schedule/GameCenter/Main.aspx?gameDate=20240827&gameId=20240827SSWO0&section=REVIEW"
"2024","2024-08-28","20240828HHLT0","18:30","한화","7","롯데","0","사직","https://www.koreabaseball.com/Schedule/GameCenter/Main.aspx?gameDate=20240828&gameId=20240828HHLT0&section=REVIEW"
"2024","2024-08-28","20240828KTLG0","18:30","KT","8","LG","4","잠실","https://www.koreabaseball.com/Schedule/GameCenter/Main.aspx?gameDate=20240828&gameId=20240828KTLG0&section=REVIEW"
"2024","2024-08-28","20240828OBNC0","18:30","두산","8","NC","1","창원","https://www.koreabaseball.com/Schedule/GameCenter/Main.aspx?gameDate=20240828&gameId=20240828OBNC0&section=REVIEW"
"2024","2024-08-28","20240828SKHT0","18:30","SSG","6","KIA","7","광주","https://www.koreabaseball.com/Schedule/GameCenter/Main.aspx?gameDate=20240828&gameId=20240828SKHT0&section=REVIEW"
"2024","2024-08-28","20240828SSWO0","18:30","삼성","9","키움","5","고척","https://www.koreabaseball.com/Schedule/GameCenter/Main.aspx?gameDate=20240828&gameId=20240828SSWO0&section=REVIEW"
"2024","2024-08-29","20240829HHLT0","18:30","한화","11","롯데","14","사직","https://www.koreabaseball.com/Schedule/GameCenter/Main.aspx?gameDate=20240829&gameId=20240829HHLT0&section=REVIEW"
"2024","2024-08-29","20240829KTLG0","18:30","KT","8","LG","7","잠실","https://www.koreabaseball.com/Schedule/GameCenter/Main.aspx?gameDate=20240829&gameId=20240829KTLG0&section=REVIEW"
"2024","2024-08-29","20240829OBNC0","18:30","두산","2","NC","10","창원","https://www.koreabaseball.com/Schedule/GameCenter/Main.aspx?gameDate=20240829&gameId=20240829OBNC0&section=REVIEW"
"2024","2024-08-29","20240829SKHT0","18:30","SSG","10","KIA","4","광주","https://www.koreabaseball.com/Schedule/GameCenter/Main.aspx?gameDate=20240829&gameId=20240829SKHT0&section=REVIEW"
"2024","2024-08-29","20240829SSWO0","18:30","삼성","1","키움","0","고척","https://www.koreabaseball.com/Schedule/GameCenter/Main.aspx?gameDate=20240829&gameId=20240829SSWO0&section=REVIEW"
"2024","2024-08-30","20240830LGKT0","18:30","LG","11","KT","7","수원","https://www.koreabaseball.com/Schedule/GameCenter/Main.aspx?gameDate=20240830&gameId=20240830LGKT0&section=REVIEW"
"2024","2024-08-30","20240830LTWO0","18:30","롯데","8","키움","2","고척","https://www.koreabaseball.com/Schedule/GameCenter/Main.aspx?gameDate=20240830&gameId=20240830LTWO0&section=REVIEW"
"2024","2024-08-31","20240831HTSS0","18:00","KIA","15","삼성","13","대구","https://www.koreabaseball.com/Schedule/GameCenter/Main.aspx?gameDate=20240831&gameId=20240831HTSS0&section=REVIEW"
"2024","2024-08-31","20240831KTHH0","18:00","KT","6","한화","2","한밭","https://www.koreabaseball.com/Schedule/GameCenter/Main.aspx?gameDate=20240831&gameId=20240831KTHH0&section=REVIEW"
"2024","2024-08-31","20240831LTOB0","18:00","롯데","7","두산","4","잠실","https://www.koreabaseball.com/Schedule/GameCenter/Main.aspx?gameDate=20240831&gameId=20240831LTOB0&section=REVIEW"
"2024","2024-08-31","20240831NCSK0","18:00","NC","7","SSG","2","문학","https://www.koreabaseball.com/Schedule/GameCenter/Main.aspx?gameDate=20240831&gameId=20240831NCSK0&section=REVIEW"
"2024","2024-09-01","20240901HTSS0","14:00","KIA","6","삼성","5","대구","https://www.koreabaseball.com/Schedule/GameCenter/Main.aspx?gameDate=20240901&gameId=20240901HTSS0&section=REVIEW"
"2024","2024-09-01","20240901LTOB0","14:00","롯데","4","두산","3","잠실","https://www.koreabaseball.com/Schedule/GameCenter/Main.aspx?gameDate=20240901&gameId=20240901LTOB0&section=REVIEW"
"2024","2024-09-01","20240901NCSK0","14:00","NC","8","SSG","2","문학","https://www.koreabaseball.com/Schedule/GameCenter/Main.aspx?gameDate=20240901&gameId=20240901NCSK0&section=REVIEW"
"2024","2024-09-03","20240903LGHT0","18:30","LG","5","KIA","7","광주","https://www.koreabaseball.com/Schedule/GameCenter/Main.aspx?gameDate=20240903&gameId=20240903LGHT0&section=REVIEW"
"2024","2024-09-03","20240903LTSS0","18:30","롯데","1","삼성","5","대구","https://www.koreabaseball.com/Schedule/GameCenter/Main.aspx?gameDate=20240903&gameId=20240903LTSS0&section=REVIEW"
"2024","2024-09-03","20240903OBHH0","18:30","두산","1","한화","7","한밭","https://www.koreabaseball.com/Schedule/GameCenter/Main.aspx?gameDate=20240903&gameId=20240903OBHH0&section=REVIEW"
"2024","2024-09-03","20240903WONC0","18:30","키움","5","NC","11","창원","https://www.koreabaseball.com/Schedule/GameCenter/Main.aspx?gameDate=20240903&gameId=20240903WONC0&section=REVIEW"
"2024","2024-09-04","20240904HHHT0","18:30","한화","5","KIA","4","광주","https://www.koreabaseball.com/Schedule/GameCenter/Main.aspx?gameDate=20240904&gameId=20240904HHHT0&section=REVIEW"
"2024","2024-09-04","20240904KTLT0","18:30","KT","5","롯데","7","사직","https://www.koreabaseball.com/Schedule/GameCenter/Main.aspx?gameDate=20240904&gameId=20240904KTLT0&section=REVIEW"
"2024","2024-09-04","20240904OBSS0","18:30","두산","3","삼성","7","대구","https://www.koreabaseball.com/Schedule/GameCenter/Main.aspx?gameDate=20240904&gameId=20240904OBSS0&section=REVIEW"
"2024","2024-09-04","20240904SKLG0","18:30","SSG","0","LG","5","잠실","https://www.koreabaseball.com/Schedule/GameCenter/Main.aspx?gameDate=20240904&gameId=20240904SKLG0&section=REVIEW"
"2024","2024-09-04","20240904WONC0","18:30","키움","6","NC","13","창원","https://www.koreabaseball.com/Schedule/GameCenter/Main.aspx?gameDate=20240904&gameId=20240904WONC0&section=REVIEW"
"2024","2024-09-05","20240905HHHT0","18:30","한화","3","KIA","4","광주","https://www.koreabaseball.com/Schedule/GameCenter/Main.aspx?gameDate=20240905&gameId=20240905HHHT0&section=REVIEW"
"2024","2024-09-05","20240905KTLT0","18:30","KT","12","롯데","2","사직","https://www.koreabaseball.com/Schedule/GameCenter/Main.aspx?gameDate=20240905&gameId=20240905KTLT0&section=REVIEW"
"2024","2024-09-05","20240905SKLG0","18:30","SSG","4","LG","2","잠실","https://www.koreabaseball.com/Schedule/GameCenter/Main.aspx?gameDate=20240905&gameId=20240905SKLG0&section=REVIEW"
"2024","2024-09-05","20240905WONC0","18:30","키움","12","NC","7","창원","https://www.koreabaseball.com/Schedule/GameCenter/Main.aspx?gameDate=20240905&gameId=20240905WONC0&section=REVIEW"
"2024","2024-09-06","20240906HHLG0","18:30","한화","3","LG","1","잠실","https://www.koreabaseball.com/Schedule/GameCenter/Main.aspx?gameDate=20240906&gameId=20240906HHLG0&section=REVIEW"
"2024","2024-09-06","20240906KTNC0","18:30","KT","9","NC","3","창원","https://www.koreabaseball.com/Schedule/GameCenter/Main.aspx?gameDate=20240906&gameId=20240906KTNC0&section=REVIEW"
"2024","2024-09-06","20240906SSLT0","18:30","삼성","7","롯데","2","사직","https://www.koreabaseball.com/Schedule/GameCenter/Main.aspx?gameDate=20240906&gameId=20240906SSLT0&section=REVIEW"
"2024","2024-09-06","20240906WOHT0","18:30","키움","0","KIA","14","광주","https://www.koreabaseball.com/Schedule/GameCenter/Main.aspx?gameDate=20240906&gameId=20240906WOHT0&section=REVIEW"
"2024","2024-09-07","20240907HHLG0","14:00","한화","3","LG","9","잠실","https://www.koreabaseball.com/Schedule/GameCenter/Main.aspx?gameDate=20240907&gameId=20240907HHLG0&section=REVIEW"
"2024","2024-09-07","20240907NCSS0","17:00","NC","9","삼성","1","대구","https://www.koreabaseball.com/Schedule/GameCenter/Main.aspx?gameDate=20240907&gameId=20240907NCSS0&section=REVIEW"
"2024","2024-09-07","20240907OBKT0","17:00","두산","12","KT","2","수원","https://www.koreabaseball.com/Schedule/GameCenter/Main.aspx?gameDate=20240907&gameId=20240907OBKT0&section=REVIEW"
"2024","2024-09-07","20240907SKLT0","17:00","SSG","1","롯데","1","사직","https://www.koreabaseball.com/Schedule/GameCenter/Main.aspx?gameDate=20240907&gameId=20240907SKLT0&section=REVIEW"
"2024","2024-09-07","20240907WOHT0","17:00","키움","2","KIA","6","광주","https://www.koreabaseball.com/Schedule/GameCenter/Main.aspx?gameDate=20240907&gameId=20240907WOHT0&section=REVIEW"
"2024","2024-09-08","20240908HHLG0","14:00","한화","3","LG","14","잠실","https://www.koreabaseball.com/Schedule/GameCenter/Main.aspx?gameDate=20240908&gameId=20240908HHLG0&section=REVIEW"
"2024","2024-09-08","20240908NCSS0","14:00","NC","2","삼성","10","대구","https://www.koreabaseball.com/Schedule/GameCenter/Main.aspx?gameDate=20240908&gameId=20240908NCSS0&section=REVIEW"
"2024","2024-09-08","20240908SKLT0","14:00","SSG","11","롯데","6","사직","https://www.koreabaseball.com/Schedule/GameCenter/Main.aspx?gameDate=20240908&gameId=20240908SKLT0&section=REVIEW"
"2024","2024-09-08","20240908WOHT0","14:00","키움","2","KIA","5","광주","https://www.koreabaseball.com/Schedule/GameCenter/Main.aspx?gameDate=20240908&gameId=20240908WOHT0&section=REVIEW"
"2024","2024-09-10","20240910HHSK0","18:30","한화","0","SSG","5","문학","https://www.koreabaseball.com/Schedule/GameCenter/Main.aspx?gameDate=20240910&gameId=20240910HHSK0&section=REVIEW"
"2024","2024-09-10","20240910LTLG0","18:30","롯데","2","LG","1","잠실","https://www.koreabaseball.com/Schedule/GameCenter/Main.aspx?gameDate=20240910&gameId=20240910LTLG0&section=REVIEW"
"2024","2024-09-10","20240910NCKT0","18:30","NC","8","KT","11","수원","https://www.koreabaseball.com/Schedule/GameCenter/Main.aspx?gameDate=20240910&gameId=20240910NCKT0&section=REVIEW"
"2024","2024-09-10","20240910OBWO0","18:30","두산","1","키움","7","고척","https://www.koreabaseball.com/Schedule/GameCenter/Main.aspx?gameDate=20240910&gameId=20240910OBWO0&section=REVIEW"
"2024","2024-09-11","20240911LTSK0","18:30","롯데","10","SSG","2","문학","https://www.koreabaseball.com/Schedule/GameCenter/Main.aspx?gameDate=20240911&gameId=20240911LTSK0&section=REVIEW"
"2024","2024-09-11","20240911NCKT0","18:30","NC","1","KT","2","수원","https://www.koreabaseball.com/Schedule/GameCenter/Main.aspx?gameDate=20240911&gameId=20240911NCKT0&section=REVIEW"
"2024","2024-09-11","20240911SSHH0","18:30","삼성","10","한화","1","한밭","https://www.koreabaseball.com/Schedule/GameCenter/Main.aspx?gameDate=20240911&gameId=20240911SSHH0&section=REVIEW"
"2024","2024-09-11","20240911WOLG0","18:30","키움","9","LG","5","잠실","https://www.koreabaseball.com/Schedule/GameCenter/Main.aspx?gameDate=20240911&gameId=20240911WOLG0&section=REVIEW"
"2024","2024-09-12","20240912LTHT0","18:30","롯데","0","KIA","10","광주","https://www.koreabaseball.com/Schedule/GameCenter/Main.aspx?gameDate=20240912&gameId=20240912LTHT0&section=REVIEW"
"2024","2024-09-12","20240912NCKT0","18:30","NC","4","KT","10","수원","https://www.koreabaseball.com/Schedule/GameCenter/Main.aspx?gameDate=20240912&gameId=20240912NCKT0&section=REVIEW"
"2024","2024-09-12","20240912SSHH0","18:30","삼성","7","한화","1","한밭","https://www.koreabaseball.com/Schedule/GameCenter/Main.aspx?gameDate=20240912&gameId=20240912SSHH0&section=REVIEW"
"2024","2024-09-13","20240913HHLT0","18:30","한화","8","롯데","4","사직","https://www.koreabaseball.com/Schedule/GameCenter/Main.aspx?gameDate=20240913&gameId=20240913HHLT0&section=REVIEW"
"2024","2024-09-14","20240914HHLT0","14:00","한화","9","롯데","12","사직","https://www.koreabaseball.com/Schedule/GameCenter/Main.aspx?gameDate=20240914&gameId=20240914HHLT0&section=REVIEW"
"2024","2024-09-14","20240914KTOB0","17:00","KT","1","두산","2","잠실","https://www.koreabaseball.com/Schedule/GameCenter/Main.aspx?gameDate=20240914&gameId=20240914KTOB0&section=REVIEW"
"2024","2024-09-14","20240914LGNC0","17:00","LG","10","NC","7","창원","https://www.koreabaseball.com/Schedule/GameCenter/Main.aspx?gameDate=20240914&gameId=20240914LGNC0&section=REVIEW"
"2024","2024-09-14","20240914SSSK0","14:00","삼성","9","SSG","11","문학","https://www.koreabaseball.com/Schedule/GameCenter/Main.aspx?gameDate=20240914&gameId=20240914SSSK0&section=REVIEW"
"2024","2024-09-14","20240914WOHT0","17:00","키움","2","KIA","3","광주","https://www.koreabaseball.com/Schedule/GameCenter/Main.aspx?gameDate=20240914&gameId=20240914WOHT0&section=REVIEW"
"2024","2024-09-15","20240915HHLT0","14:00","한화","9","롯데","16","사직","https://www.koreabaseball.com/Schedule/GameCenter/Main.aspx?gameDate=20240915&gameId=20240915HHLT0&section=REVIEW"
"2024","2024-09-15","20240915LGNC0","14:00","LG","1","NC","4","창원","https://www.koreabaseball.com/Schedule/GameCenter/Main.aspx?gameDate=20240915&gameId=20240915LGNC0&section=REVIEW"
"2024","2024-09-15","20240915SSSK0","14:00","삼성","9","SSG","14","문학","https://www.koreabaseball.com/Schedule/GameCenter/Main.aspx?gameDate=20240915&gameId=20240915SSSK0&section=REVIEW"
"2024","2024-09-15","20240915WOHT0","14:00","키움","10","KIA","5","광주","https://www.koreabaseball.com/Schedule/GameCenter/Main.aspx?gameDate=20240915&gameId=20240915WOHT0&section=REVIEW"
"2024","2024-09-16","20240916HTKT0","14:00","KIA","11","KT","5","수원","https://www.koreabaseball.com/Schedule/GameCenter/Main.aspx?gameDate=20240916&gameId=20240916HTKT0&section=REVIEW"
"2024","2024-09-16","20240916WOOB0","14:00","키움","4","두산","5","잠실","https://www.koreabaseball.com/Schedule/GameCenter/Main.aspx?gameDate=20240916&gameId=20240916WOOB0&section=REVIEW"
"2024","2024-09-17","20240917HHNC0","14:00","한화","4","NC","1","창원","https://www.koreabaseball.com/Schedule/GameCenter/Main.aspx?gameDate=20240917&gameId=20240917HHNC0&section=REVIEW"
"2024","2024-09-17","20240917HTSK0","14:00","KIA","0","SSG","2","문학","https://www.koreabaseball.com/Schedule/GameCenter/Main.aspx?gameDate=20240917&gameId=20240917HTSK0&section=REVIEW"
"2024","2024-09-17","20240917KTWO0","14:00","KT","4","키움","2","고척","https://www.koreabaseball.com/Schedule/GameCenter/Main.aspx?gameDate=20240917&gameId=20240917KTWO0&section=REVIEW"
"2024","2024-09-17","20240917LGLT0","14:00","LG","3","롯데","7","사직","https://www.koreabaseball.com/Schedule/GameCenter/Main.aspx?gameDate=20240917&gameId=20240917LGLT0&section=REVIEW"
"2024","2024-09-17","20240917SSOB0","14:00","삼성","4","두산","8","잠실","https://www.koreabaseball.com/Schedule/GameCenter/Main.aspx?gameDate=20240917&gameId=20240917SSOB0&section=REVIEW"
"2024","2024-09-18","20240918HHNC0","17:00","한화","2","NC","5","창원","https://www.koreabaseball.com/Schedule/GameCenter/Main.aspx?gameDate=20240918&gameId=20240918HHNC0&section=REVIEW"
"2024","2024-09-18","20240918LGLT0","17:00","LG","5","롯데","3","사직","https://www.koreabaseball.com/Schedule/GameCenter/Main.aspx?gameDate=20240918&gameId=20240918LGLT0&section=REVIEW"
"2024","2024-09-18","20240918SSKT0","17:00","삼성","8","KT","6","수원","https://www.koreabaseball.com/Schedule/GameCenter/Main.aspx?gameDate=20240918&gameId=20240918SSKT0&section=REVIEW"
"2024","2024-09-19","20240919HHNC0","18:30","한화","7","NC","6","창원","https://www.koreabaseball.com/Schedule/GameCenter/Main.aspx?gameDate=20240919&gameId=20240919HHNC0&section=REVIEW"
"2024","2024-09-19","20240919HTOB0","18:30","KIA","4","두산","9","잠실","https://www.koreabaseball.com/Schedule/GameCenter/Main.aspx?gameDate=20240919&gameId=20240919HTOB0&section=REVIEW"
"2024","2024-09-19","20240919LGLT0","18:30","LG","7","롯데","4","사직","https://www.koreabaseball.com/Schedule/GameCenter/Main.aspx?gameDate=20240919&gameId=20240919LGLT0&section=REVIEW"
"2024","2024-09-19","20240919SSKT0","18:30","삼성","5","KT","12","수원","https://www.koreabaseball.com/Schedule/GameCenter/Main.aspx?gameDate=20240919&gameId=20240919SSKT0&section=REVIEW"
"2024","2024-09-19","20240919WOSK0","18:30","키움","6","SSG","8","문학","https://www.koreabaseball.com/Schedule/GameCenter/Main.aspx?gameDate=20240919&gameId=20240919WOSK0&section=REVIEW"
"2024","2024-09-21","20240921OBLG1","14:00","두산","14","LG","7","잠실","https://www.koreabaseball.com/Schedule/GameCenter/Main.aspx?gameDate=20240921&gameId=20240921OBLG1&section=REVIEW"
"2024","2024-09-21","20240921OBLG2","17:00","두산","0","LG","2","잠실","https://www.koreabaseball.com/Schedule/GameCenter/Main.aspx?gameDate=20240921&gameId=20240921OBLG2&section=REVIEW"
"2024","2024-09-21","20240921SKKT0","17:00","SSG","4","KT","1","수원","https://www.koreabaseball.com/Schedule/GameCenter/Main.aspx?gameDate=20240921&gameId=20240921SKKT0&section=REVIEW"
"2024","2024-09-22","20240922LTHH0","14:00","롯데","4","한화","8","한밭","https://www.koreabaseball.com/Schedule/GameCenter/Main.aspx?gameDate=20240922&gameId=20240922LTHH0&section=REVIEW"
"2024","2024-09-22","20240922OBLG0","14:00","두산","5","LG","9","잠실","https://www.koreabaseball.com/Schedule/GameCenter/Main.aspx?gameDate=20240922&gameId=20240922OBLG0&section=REVIEW"
"2024","2024-09-22","20240922SKKT0","14:00","SSG","6","KT","2","수원","https://www.koreabaseball.com/Schedule/GameCenter/Main.aspx?gameDate=20240922&gameId=20240922SKKT0&section=REVIEW"
"2024","2024-09-22","20240922WOSS0","14:00","키움","8","삼성","9","대구","https://www.koreabaseball.com/Schedule/GameCenter/Main.aspx?gameDate=20240922&gameId=20240922WOSS0&section=REVIEW"
"2024","2024-09-23","20240923LTHH0","18:30","롯데","3","한화","2","한밭","https://www.koreabaseball.com/Schedule/GameCenter/Main.aspx?gameDate=20240923&gameId=20240923LTHH0&section=REVIEW"
"2024","2024-09-23","20240923SKOB0","18:30","SSG","4","두산","8","잠실","https://www.koreabaseball.com/Schedule/GameCenter/Main.aspx?gameDate=20240923&gameId=20240923SKOB0&section=REVIEW"
"2024","2024-09-23","20240923SSHT0","18:30","삼성","3","KIA","5","광주","https://www.koreabaseball.com/Schedule/GameCenter/Main.aspx?gameDate=20240923&gameId=20240923SSHT0&section=REVIEW"
"2024","2024-09-24","20240924HHWO0","18:30","한화","4","키움","5","고척","https://www.koreabaseball.com/Schedule/GameCenter/Main.aspx?gameDate=20240924&gameId=20240924HHWO0&section=REVIEW"
"2024","2024-09-24","20240924LGSK0","18:30","LG","14","SSG","5","문학","https://www.koreabaseball.com/Schedule/GameCenter/Main.aspx?gameDate=20240924&gameId=20240924LGSK0&section=REVIEW"
"2024","2024-09-24","20240924LTKT0","18:30","롯데","1","KT","5","수원","https://www.koreabaseball.com/Schedule/GameCenter/Main.aspx?gameDate=20240924&gameId=20240924LTKT0&section=REVIEW"
"2024","2024-09-24","20240924NCOB0","18:30","NC","5","두산","10","잠실","https://www.koreabaseball.com/Schedule/GameCenter/Main.aspx?gameDate=20240924&gameId=20240924NCOB0&section=REVIEW"
"2024","2024-09-24","20240924SSHT0","18:30","삼성","1","KIA","7","광주","https://www.koreabaseball.com/Schedule/GameCenter/Main.aspx?gameDate=20240924&gameId=20240924SSHT0&section=REVIEW"
"2024","2024-09-25","20240925HHLG0","18:30","한화","4","LG","2","잠실","https://www.koreabaseball.com/Schedule/GameCenter/Main.aspx?gameDate=20240925&gameId=20240925HHLG0&section=REVIEW"
"2024","2024-09-25","20240925LTHT0","18:30","롯데","5","KIA","2","광주","https://www.koreabaseball.com/Schedule/GameCenter/Main.aspx?gameDate=20240925&gameId=20240925LTHT0&section=REVIEW"
"2024","2024-09-25","20240925SKNC0","18:30","SSG","8","NC","2","창원","https://www.koreabaseball.com/Schedule/GameCenter/Main.aspx?gameDate=20240925&gameId=20240925SKNC0&section=REVIEW"
"2024","2024-09-25","20240925WOSS0","18:30","키움","3","삼성","6","대구","https://www.koreabaseball.com/Schedule/GameCenter/Main.aspx?gameDate=20240925&gameId=20240925WOSS0&section=REVIEW"
"2024","2024-09-26","20240926OBLT0","18:30","두산","4","롯데","3","사직","https://www.koreabaseball.com/Schedule/GameCenter/Main.aspx?gameDate=20240926&gameId=20240926OBLT0&section=REVIEW"
"2024","2024-09-26","20240926SKNC0","18:30","SSG","10","NC","1","창원","https://www.koreabaseball.com/Schedule/GameCenter/Main.aspx?gameDate=20240926&gameId=20240926SKNC0&section=REVIEW"
"2024","2024-09-26","20240926WOLG0","18:30","키움","3","LG","6","잠실","https://www.koreabaseball.com/Schedule/GameCenter/Main.aspx?gameDate=20240926&gameId=20240926WOLG0&section=REVIEW"
"2024","2024-09-27","20240927HTHH0","18:30","KIA","0","한화","8","한밭","https://www.koreabaseball.com/Schedule/GameCenter/Main.aspx?gameDate=20240927&gameId=20240927HTHH0&section=REVIEW"
"2024","2024-09-27","20240927NCLT0","18:30","NC","6","롯데","13","사직","https://www.koreabaseball.com/Schedule/GameCenter/Main.aspx?gameDate=20240927&gameId=20240927NCLT0&section=REVIEW"
"2024","2024-09-27","20240927WOKT0","18:30","키움","7","KT","8","수원","https://www.koreabaseball.com/Schedule/GameCenter/Main.aspx?gameDate=20240927&gameId=20240927WOKT0&section=REVIEW"
"2024","2024-09-28","20240928HTLT0","17:00","KIA","12","롯데","8","사직","https://www.koreabaseball.com/Schedule/GameCenter/Main.aspx?gameDate=20240928&gameId=20240928HTLT0&section=REVIEW"
"2024","2024-09-28","20240928LGSS0","17:00","LG","11","삼성","4","대구","https://www.koreabaseball.com/Schedule/GameCenter/Main.aspx?gameDate=20240928&gameId=20240928LGSS0&section=REVIEW"
"2024","2024-09-28","20240928OBNC0","17:00","두산","4","NC","3","창원","https://www.koreabaseball.com/Schedule/GameCenter/Main.aspx?gameDate=20240928&gameId=20240928OBNC0&section=REVIEW"
"2024","2024-09-28","20240928SKHH0","17:00","SSG","6","한화","2","한밭","https://www.koreabaseball.com/Schedule/GameCenter/Main.aspx?gameDate=20240928&gameId=20240928SKHH0&section=REVIEW"
"2024","2024-09-28","20240928WOKT0","17:00","키움","7","KT","10","수원","https://www.koreabaseball.com/Schedule/GameCenter/Main.aspx?gameDate=20240928&gameId=20240928WOKT0&section=REVIEW"
"2024","2024-09-29","20240929NCHH0","17:00","NC","7","한화","2","한밭","https://www.koreabaseball.com/Schedule/GameCenter/Main.aspx?gameDate=20240929&gameId=20240929NCHH0&section=REVIEW"
"2024","2024-09-30","20240930NCHT0","18:30","NC","5","KIA","10","광주","https://www.koreabaseball.com/Schedule/GameCenter/Main.aspx?gameDate=20240930&gameId=20240930NCHT0&section=REVIEW"
"2024","2024-09-30","20240930WOSK0","18:30","키움","2","SSG","7","문학","https://www.koreabaseball.com/Schedule/GameCenter/Main.aspx?gameDate=20240930&gameId=20240930WOSK0&section=REVIEW"
"2024","2024-10-01","20241001LTNC0","17:00","롯데","5","NC","1","창원","https://www.koreabaseball.com/Schedule/GameCenter/Main.aspx?gameDate=20241001&gameId=20241001LTNC0&section=REVIEW"
"2025","2025-03-22","20250322HHKT0","14:00","한화","4","KT","3","수원","https://www.koreabaseball.com/Schedule/GameCenter/Main.aspx?gameDate=20250322&gameId=20250322HHKT0&section=REVIEW"
"2025","2025-03-22","20250322LTLG0","14:00","롯데","2","LG","12","잠실","https://www.koreabaseball.com/Schedule/GameCenter/Main.aspx?gameDate=20250322&gameId=20250322LTLG0&section=REVIEW"
"2025","2025-03-22","20250322NCHT0","14:00","NC","2","KIA","9","광주","https://www.koreabaseball.com/Schedule/GameCenter/Main.aspx?gameDate=20250322&gameId=20250322NCHT0&section=REVIEW"
"2025","2025-03-22","20250322OBSK0","14:00","두산","5","SSG","6","문학","https://www.koreabaseball.com/Schedule/GameCenter/Main.aspx?gameDate=20250322&gameId=20250322OBSK0&section=REVIEW"
"2025","2025-03-22","20250322WOSS0","14:00","키움","5","삼성","13","대구","https://www.koreabaseball.com/Schedule/GameCenter/Main.aspx?gameDate=20250322&gameId=20250322WOSS0&section=REVIEW"
"2025","2025-03-23","20250323HHKT0","14:00","한화","4","KT","5","수원","https://www.koreabaseball.com/Schedule/GameCenter/Main.aspx?gameDate=20250323&gameId=20250323HHKT0&section=REVIEW"
"2025","2025-03-23","20250323LTLG0","14:00","롯데","2","LG","10","잠실","https://www.koreabaseball.com/Schedule/GameCenter/Main.aspx?gameDate=20250323&gameId=20250323LTLG0&section=REVIEW"
"2025","2025-03-23","20250323NCHT0","14:00","NC","5","KIA","4","광주","https://www.koreabaseball.com/Schedule/GameCenter/Main.aspx?gameDate=20250323&gameId=20250323NCHT0&section=REVIEW"
"2025","2025-03-23","20250323OBSK0","14:00","두산","2","SSG","5","문학","https://www.koreabaseball.com/Schedule/GameCenter/Main.aspx?gameDate=20250323&gameId=20250323OBSK0&section=REVIEW"
"2025","2025-03-23","20250323WOSS0","14:00","키움","7","삼성","11","대구","https://www.koreabaseball.com/Schedule/GameCenter/Main.aspx?gameDate=20250323&gameId=20250323WOSS0&section=REVIEW"
"2025","2025-03-25","20250325HHLG0","18:30","한화","0","LG","5","잠실","https://www.koreabaseball.com/Schedule/GameCenter/Main.aspx?gameDate=20250325&gameId=20250325HHLG0&section=REVIEW"
"2025","2025-03-25","20250325LTSK0","18:30","롯데","3","SSG","2","문학","https://www.koreabaseball.com/Schedule/GameCenter/Main.aspx?gameDate=20250325&gameId=20250325LTSK0&section=REVIEW"
"2025","2025-03-25","20250325NCSS0","18:30","NC","5","삼성","14","대구","https://www.koreabaseball.com/Schedule/GameCenter/Main.aspx?gameDate=20250325&gameId=20250325NCSS0&section=REVIEW"
"2025","2025-03-25","20250325OBKT0","18:30","두산","3","KT","8","수원","https://www.koreabaseball.com/Schedule/GameCenter/Main.aspx?gameDate=20250325&gameId=20250325OBKT0&section=REVIEW"
"2025","2025-03-25","20250325WOHT0","18:30","키움","6","KIA","11","광주","https://www.koreabaseball.com/Schedule/GameCenter/Main.aspx?gameDate=20250325&gameId=20250325WOHT0&section=REVIEW"
"2025","2025-03-26","20250326HHLG0","18:30","한화","0","LG","4","잠실","https://www.koreabaseball.com/Schedule/GameCenter/Main.aspx?gameDate=20250326&gameId=20250326HHLG0&section=REVIEW"
"2025","2025-03-26","20250326LTSK0","18:30","롯데","1","SSG","3","문학","https://www.koreabaseball.com/Schedule/GameCenter/Main.aspx?gameDate=20250326&gameId=20250326LTSK0&section=REVIEW"
"2025","2025-03-26","20250326NCSS0","18:30","NC","8","삼성","6","대구","https://www.koreabaseball.com/Schedule/GameCenter/Main.aspx?gameDate=20250326&gameId=20250326NCSS0&section=REVIEW"
"2025","2025-03-26","20250326OBKT0","18:30","두산","3","KT","2","수원","https://www.koreabaseball.com/Schedule/GameCenter/Main.aspx?gameDate=20250326&gameId=20250326OBKT0&section=REVIEW"
"2025","2025-03-26","20250326WOHT0","18:30","키움","17","KIA","10","광주","https://www.koreabaseball.com/Schedule/GameCenter/Main.aspx?gameDate=20250326&gameId=20250326WOHT0&section=REVIEW"
"2025","2025-03-27","20250327HHLG0","18:30","한화","1","LG","2","잠실","https://www.koreabaseball.com/Schedule/GameCenter/Main.aspx?gameDate=20250327&gameId=20250327HHLG0&section=REVIEW"
"2025","2025-03-27","20250327LTSK0","18:30","롯데","2","SSG","5","문학","https://www.koreabaseball.com/Schedule/GameCenter/Main.aspx?gameDate=20250327&gameId=20250327LTSK0&section=REVIEW"
"2025","2025-03-27","20250327NCSS0","18:30","NC","11","삼성","5","대구","https://www.koreabaseball.com/Schedule/GameCenter/Main.aspx?gameDate=20250327&gameId=20250327NCSS0&section=REVIEW"
"2025","2025-03-27","20250327OBKT0","18:30","두산","3","KT","4","수원","https://www.koreabaseball.com/Schedule/GameCenter/Main.aspx?gameDate=20250327&gameId=20250327OBKT0&section=REVIEW"
"2025","2025-03-27","20250327WOHT0","18:30","키움","5","KIA","3","광주","https://www.koreabaseball.com/Schedule/GameCenter/Main.aspx?gameDate=20250327&gameId=20250327WOHT0&section=REVIEW"
"2025","2025-03-28","20250328HTHH0","18:30","KIA","2","한화","7","대전","https://www.koreabaseball.com/Schedule/GameCenter/Main.aspx?gameDate=20250328&gameId=20250328HTHH0&section=REVIEW"
"2025","2025-03-28","20250328KTLT0","18:30","KT","2","롯데","0","사직","https://www.koreabaseball.com/Schedule/GameCenter/Main.aspx?gameDate=20250328&gameId=20250328KTLT0&section=REVIEW"
"2025","2025-03-28","20250328LGNC0","18:30","LG","8","NC","4","창원","https://www.koreabaseball.com/Schedule/GameCenter/Main.aspx?gameDate=20250328&gameId=20250328LGNC0&section=REVIEW"
"2025","2025-03-28","20250328SKWO0","18:30","SSG","3","키움","9","고척","https://www.koreabaseball.com/Schedule/GameCenter/Main.aspx?gameDate=20250328&gameId=20250328SKWO0&section=REVIEW"
"2025","2025-03-28","20250328SSOB0","18:30","삼성","0","두산","2","잠실","https://www.koreabaseball.com/Schedule/GameCenter/Main.aspx?gameDate=20250328&gameId=20250328SSOB0&section=REVIEW"
"2025","2025-03-29","20250329HTHH0","14:00","KIA","4","한화","5","대전","https://www.koreabaseball.com/Schedule/GameCenter/Main.aspx?gameDate=20250329&gameId=20250329HTHH0&section=REVIEW"
"2025","2025-03-29","20250329KTLT0","17:00","KT","1","롯데","3","사직","https://www.koreabaseball.com/Schedule/GameCenter/Main.aspx?gameDate=20250329&gameId=20250329KTLT0&section=REVIEW"
"2025","2025-03-29","20250329LGNC0","17:00","LG","14","NC","4","창원","https://www.koreabaseball.com/Schedule/GameCenter/Main.aspx?gameDate=20250329&gameId=20250329LGNC0&section=REVIEW"
"2025","2025-03-29","20250329SKWO0","14:00","SSG","1","키움","3","고척","https://www.koreabaseball.com/Schedule/GameCenter/Main.aspx?gameDate=20250329&gameId=20250329SKWO0&section=REVIEW"
"2025","2025-03-29","20250329SSOB0","17:00","삼성","13","두산","2","잠실","https://www.koreabaseball.com/Schedule/GameCenter/Main.aspx?gameDate=20250329&gameId=20250329SSOB0&section=REVIEW"
"2025","2025-03-30","20250330HTHH0","14:00","KIA","5","한화","3","대전","https://www.koreabaseball.com/Schedule/GameCenter/Main.aspx?gameDate=20250330&gameId=20250330HTHH0&section=REVIEW"
"2025","2025-03-30","20250330KTLT0","14:00","KT","4","롯데","4","사직","https://www.koreabaseball.com/Schedule/GameCenter/Main.aspx?gameDate=20250330&gameId=20250330KTLT0&section=REVIEW"
"2025","2025-03-30","20250330SKWO0","14:00","SSG","8","키움","2","고척","https://www.koreabaseball.com/Schedule/GameCenter/Main.aspx?gameDate=20250330&gameId=20250330SKWO0&section=REVIEW"
"2025","2025-03-30","20250330SSOB0","14:00","삼성","3","두산","2","잠실","https://www.koreabaseball.com/Schedule/GameCenter/Main.aspx?gameDate=20250330&gameId=20250330SSOB0&section=REVIEW"
"2025","2025-04-02","20250402LGKT0","18:30","LG","5","KT","9","수원","https://www.koreabaseball.com/Schedule/GameCenter/Main.aspx?gameDate=20250402&gameId=20250402LGKT0&section=REVIEW"
"2025","2025-04-02","20250402LTHH0","18:30","롯데","6","한화","2","대전","https://www.koreabaseball.com/Schedule/GameCenter/Main.aspx?gameDate=20250402&gameId=20250402LTHH0&section=REVIEW"
"2025","2025-04-02","20250402SSHT0","18:30","삼성","4","KIA","2","광주","https://www.koreabaseball.com/Schedule/GameCenter/Main.aspx?gameDate=20250402&gameId=20250402SSHT0&section=REVIEW"
"2025","2025-04-02","20250402WOOB0","18:30","키움","3","두산","5","잠실","https://www.koreabaseball.com/Schedule/GameCenter/Main.aspx?gameDate=20250402&gameId=20250402WOOB0&section=REVIEW"
"2025","2025-04-03","20250403LGKT0","18:30","LG","5","KT","1","수원","https://www.koreabaseball.com/Schedule/GameCenter/Main.aspx?gameDate=20250403&gameId=20250403LGKT0&section=REVIEW"
"2025","2025-04-03","20250403LTHH0","18:30","롯데","4","한화","2","대전","https://www.koreabaseball.com/Schedule/GameCenter/Main.aspx?gameDate=20250403&gameId=20250403LTHH0&section=REVIEW"
"2025","2025-04-03","20250403SSHT0","18:30","삼성","1","KIA","3","광주","https://www.koreabaseball.com/Schedule/GameCenter/Main.aspx?gameDate=20250403&gameId=20250403SSHT0&section=REVIEW"
"2025","2025-04-03","20250403WOOB0","18:30","키움","1","두산","6","잠실","https://www.koreabaseball.com/Schedule/GameCenter/Main.aspx?gameDate=20250403&gameId=20250403WOOB0&section=REVIEW"
"2025","2025-04-04","20250404HHSS0","18:30","한화","0","삼성","5","대구","https://www.koreabaseball.com/Schedule/GameCenter/Main.aspx?gameDate=20250404&gameId=20250404HHSS0&section=REVIEW"
"2025","2025-04-04","20250404HTLG0","18:30","KIA","2","LG","8","잠실","https://www.koreabaseball.com/Schedule/GameCenter/Main.aspx?gameDate=20250404&gameId=20250404HTLG0&section=REVIEW"
"2025","2025-04-04","20250404KTSK0","18:30","KT","2","SSG","3","문학","https://www.koreabaseball.com/Schedule/GameCenter/Main.aspx?gameDate=20250404&gameId=20250404KTSK0&section=REVIEW"
"2025","2025-04-04","20250404NCWO0","18:30","NC","1","키움","5","고척","https://www.koreabaseball.com/Schedule/GameCenter/Main.aspx?gameDate=20250404&gameId=20250404NCWO0&section=REVIEW"
"2025","2025-04-04","20250404OBLT0","18:30","두산","15","롯데","3","사직","https://www.koreabaseball.com/Schedule/GameCenter/Main.aspx?gameDate=20250404&gameId=20250404OBLT0&section=REVIEW"
"2025","2025-04-05","20250405HHSS0","14:00","한화","7","삼성","6","대구","https://www.koreabaseball.com/Schedule/GameCenter/Main.aspx?gameDate=20250405&gameId=20250405HHSS0&section=REVIEW"
"2025","2025-04-05","20250405NCWO0","17:00","NC","7","키움","5","고척","https://www.koreabaseball.com/Schedule/GameCenter/Main.aspx?gameDate=20250405&gameId=20250405NCWO0&section=REVIEW"
"2025","2025-04-05","20250405OBLT0","17:00","두산","1","롯데","6","사직","https://www.koreabaseball.com/Schedule/GameCenter/Main.aspx?gameDate=20250405&gameId=20250405OBLT0&section=REVIEW"
"2025","2025-04-06","20250406HHSS0","14:00","한화","0","삼성","10","대구","https://www.koreabaseball.com/Schedule/GameCenter/Main.aspx?gameDate=20250406&gameId=20250406HHSS0&section=REVIEW"
"2025","2025-04-06","20250406HTLG0","14:00","KIA","1","LG","5","잠실","https://www.koreabaseball.com/Schedule/GameCenter/Main.aspx?gameDate=20250406&gameId=20250406HTLG0&section=REVIEW"
"2025","2025-04-06","20250406KTSK0","14:00","KT","0","SSG","1","문학","https://www.koreabaseball.com/Schedule/GameCenter/Main.aspx?gameDate=20250406&gameId=20250406KTSK0&section=REVIEW"
"2025","2025-04-06","20250406NCWO0","14:00","NC","8","키움","2","고척","https://www.koreabaseball.com/Schedule/GameCenter/Main.aspx?gameDate=20250406&gameId=20250406NCWO0&section=REVIEW"
"2025","2025-04-06","20250406OBLT0","14:00","두산","15","롯데","12","사직","https://www.koreabaseball.com/Schedule/GameCenter/Main.aspx?gameDate=20250406&gameId=20250406OBLT0&section=REVIEW"
"2025","2025-04-08","20250408HHOB0","18:30","한화","5","두산","6","잠실","https://www.koreabaseball.com/Schedule/GameCenter/Main.aspx?gameDate=20250408&gameId=20250408HHOB0&section=REVIEW"
"2025","2025-04-08","20250408HTLT0","18:30","KIA","5","롯데","4","사직","https://www.koreabaseball.com/Schedule/GameCenter/Main.aspx?gameDate=20250408&gameId=20250408HTLT0&section=REVIEW"
"2025","2025-04-08","20250408LGWO0","18:30","LG","13","키움","1","고척","https://www.koreabaseball.com/Schedule/GameCenter/Main.aspx?gameDate=20250408&gameId=20250408LGWO0&section=REVIEW"
"2025","2025-04-08","20250408NCKT0","18:30","NC","2","KT","3","수원","https://www.koreabaseball.com/Schedule/GameCenter/Main.aspx?gameDate=20250408&gameId=20250408NCKT0&section=REVIEW"
"2025","2025-04-08","20250408SKSS0","18:30","SSG","3","삼성","7","대구","https://www.koreabaseball.com/Schedule/GameCenter/Main.aspx?gameDate=20250408&gameId=20250408SKSS0&section=REVIEW"
"2025","2025-04-09","20250409HHOB0","18:30","한화","5","두산","4","잠실","https://www.koreabaseball.com/Schedule/GameCenter/Main.aspx?gameDate=20250409&gameId=20250409HHOB0&section=REVIEW"
"2025","2025-04-09","20250409HTLT0","18:30","KIA","3","롯데","1","사직","https://www.koreabaseball.com/Schedule/GameCenter/Main.aspx?gameDate=20250409&gameId=20250409HTLT0&section=REVIEW"
"2025","2025-04-09","20250409LGWO0","18:30","LG","0","키움","4","고척","https://www.koreabaseball.com/Schedule/GameCenter/Main.aspx?gameDate=20250409&gameId=20250409LGWO0&section=REVIEW"
"2025","2025-04-09","20250409NCKT0","18:30","NC","1","KT","4","수원","https://www.koreabaseball.com/Schedule/GameCenter/Main.aspx?gameDate=20250409&gameId=20250409NCKT0&section=REVIEW"
"2025","2025-04-09","20250409SKSS0","18:30","SSG","3","삼성","1","대구","https://www.koreabaseball.com/Schedule/GameCenter/Main.aspx?gameDate=20250409&gameId=20250409SKSS0&section=REVIEW"
"2025","2025-04-10","20250410HHOB0","18:30","한화","7","두산","2","잠실","https://www.koreabaseball.com/Schedule/GameCenter/Main.aspx?gameDate=20250410&gameId=20250410HHOB0&section=REVIEW"
"2025","2025-04-10","20250410HTLT0","18:30","KIA","3","롯데","8","사직","https://www.koreabaseball.com/Schedule/GameCenter/Main.aspx?gameDate=20250410&gameId=20250410HTLT0&section=REVIEW"
"2025","2025-04-10","20250410LGWO0","18:30","LG","7","키움","3","고척","https://www.koreabaseball.com/Schedule/GameCenter/Main.aspx?gameDate=20250410&gameId=20250410LGWO0&section=REVIEW"
"2025","2025-04-10","20250410NCKT0","18:30","NC","7","KT","0","수원","https://www.koreabaseball.com/Schedule/GameCenter/Main.aspx?gameDate=20250410&gameId=20250410NCKT0&section=REVIEW"
"2025","2025-04-10","20250410SKSS0","18:30","SSG","2","삼성","3","대구","https://www.koreabaseball.com/Schedule/GameCenter/Main.aspx?gameDate=20250410&gameId=20250410SKSS0&section=REVIEW"
"2025","2025-04-11","20250411LTNC0","18:30","롯데","7","NC","5","사직","https://www.koreabaseball.com/Schedule/GameCenter/Main.aspx?gameDate=20250411&gameId=20250411LTNC0&section=REVIEW"
"2025","2025-04-11","20250411OBLG0","18:30","두산","2","LG","5","잠실","https://www.koreabaseball.com/Schedule/GameCenter/Main.aspx?gameDate=20250411&gameId=20250411OBLG0&section=REVIEW"
"2025","2025-04-11","20250411SKHT0","18:30","SSG","9","KIA","3","광주","https://www.koreabaseball.com/Schedule/GameCenter/Main.aspx?gameDate=20250411&gameId=20250411SKHT0&section=REVIEW"
"2025","2025-04-11","20250411SSKT0","18:30","삼성","3","KT","5","수원","https://www.koreabaseball.com/Schedule/GameCenter/Main.aspx?gameDate=20250411&gameId=20250411SSKT0&section=REVIEW"
"2025","2025-04-11","20250411WOHH0","18:30","키움","2","한화","12","대전","https://www.koreabaseball.com/Schedule/GameCenter/Main.aspx?gameDate=20250411&gameId=20250411WOHH0&section=REVIEW"
"2025","2025-04-12","20250412LTNC0","17:00","롯데","2","NC","0","사직","https://www.koreabaseball.com/Schedule/GameCenter/Main.aspx?gameDate=20250412&gameId=20250412LTNC0&section=REVIEW"
"2025","2025-04-12","20250412OBLG0","14:00","두산","0","LG","4","잠실","https://www.koreabaseball.com/Schedule/GameCenter/Main.aspx?gameDate=20250412&gameId=20250412OBLG0&section=REVIEW"
"2025","2025-04-12","20250412WOHH0","17:00","키움","6","한화","2","대전","https://www.koreabaseball.com/Schedule/GameCenter/Main.aspx?gameDate=20250412&gameId=20250412WOHH0&section=REVIEW"
"2025","2025-04-13","20250413LTNC0","14:00","롯데","6","NC","9","사직","https://www.koreabaseball.com/Schedule/GameCenter/Main.aspx?gameDate=20250413&gameId=20250413LTNC0&section=REVIEW"
"2025","2025-04-13","20250413OBLG0","14:00","두산","9","LG","2","잠실","https://www.koreabaseball.com/Schedule/GameCenter/Main.aspx?gameDate=20250413&gameId=20250413OBLG0&section=REVIEW"
"2025","2025-04-13","20250413SKHT0","14:00","SSG","5","KIA","11","광주","https://www.koreabaseball.com/Schedule/GameCenter/Main.aspx?gameDate=20250413&gameId=20250413SKHT0&section=REVIEW"
"2025","2025-04-13","20250413SSKT0","14:00","삼성","5","KT","6","수원","https://www.koreabaseball.com/Schedule/GameCenter/Main.aspx?gameDate=20250413&gameId=20250413SSKT0&section=REVIEW"
"2025","2025-04-13","20250413WOHH0","14:00","키움","1","한화","7","대전","https://www.koreabaseball.com/Schedule/GameCenter/Main.aspx?gameDate=20250413&gameId=20250413WOHH0&section=REVIEW"
"2025","2025-04-15","20250415HHSK0","18:30","한화","2","SSG","0","문학","https://www.koreabaseball.com/Schedule/GameCenter/Main.aspx?gameDate=20250415&gameId=20250415HHSK0&section=REVIEW"
"2025","2025-04-15","20250415KTHT0","18:30","KT","0","KIA","1","광주","https://www.koreabaseball.com/Schedule/GameCenter/Main.aspx?gameDate=20250415&gameId=20250415KTHT0&section=REVIEW"
"2025","2025-04-15","20250415SSLG0","18:30","삼성","0","LG","3","잠실","https://www.koreabaseball.com/Schedule/GameCenter/Main.aspx?gameDate=20250415&gameId=20250415SSLG0&section=REVIEW"
"2025","2025-04-15","20250415WOLT0","18:30","키움","6","롯데","8","사직","https://www.koreabaseball.com/Schedule/GameCenter/Main.aspx?gameDate=20250415&gameId=20250415WOLT0&section=REVIEW"
"2025","2025-04-16","20250416HHSK0","18:30","한화","10","SSG","4","문학","https://www.koreabaseball.com/Schedule/GameCenter/Main.aspx?gameDate=20250416&gameId=20250416HHSK0&section=REVIEW"
"2025","2025-04-16","20250416KTHT0","18:30","KT","3","KIA","0","광주","https://www.koreabaseball.com/Schedule/GameCenter/Main.aspx?gameDate=20250416&gameId=20250416KTHT0&section=REVIEW"
"2025","2025-04-16","20250416SSLG0","18:30","삼성","2","LG","12","잠실","https://www.koreabaseball.com/Schedule/GameCenter/Main.aspx?gameDate=20250416&gameId=20250416SSLG0&section=REVIEW"
"2025","2025-04-16","20250416WOLT0","18:30","키움","4","롯데","6","사직","https://www.koreabaseball.com/Schedule/GameCenter/Main.aspx?gameDate=20250416&gameId=20250416WOLT0&section=REVIEW"
"2025","2025-04-17","20250417HHSK0","18:30","한화","4","SSG","2","문학","https://www.koreabaseball.com/Schedule/GameCenter/Main.aspx?gameDate=20250417&gameId=20250417HHSK0&section=REVIEW"
"2025","2025-04-17","20250417KTHT0","18:30","KT","4","KIA","5","광주","https://www.koreabaseball.com/Schedule/GameCenter/Main.aspx?gameDate=20250417&gameId=20250417KTHT0&section=REVIEW"
"2025","2025-04-17","20250417SSLG0","18:30","삼성","6","LG","3","잠실","https://www.koreabaseball.com/Schedule/GameCenter/Main.aspx?gameDate=20250417&gameId=20250417SSLG0&section=REVIEW"
"2025","2025-04-17","20250417WOLT0","18:30","키움","1","롯데","7","사직","https://www.koreabaseball.com/Schedule/GameCenter/Main.aspx?gameDate=20250417&gameId=20250417WOLT0&section=REVIEW"
"2025","2025-04-18","20250418HTOB0","18:30","KIA","1","두산","7","잠실","https://www.koreabaseball.com/Schedule/GameCenter/Main.aspx?gameDate=20250418&gameId=20250418HTOB0&section=REVIEW"
"2025","2025-04-18","20250418KTWO0","18:30","KT","3","키움","4","고척","https://www.koreabaseball.com/Schedule/GameCenter/Main.aspx?gameDate=20250418&gameId=20250418KTWO0&section=REVIEW"
"2025","2025-04-18","20250418LGSK0","18:30","LG","5","SSG","1","문학","https://www.koreabaseball.com/Schedule/GameCenter/Main.aspx?gameDate=20250418&gameId=20250418LGSK0&section=REVIEW"
"2025","2025-04-18","20250418LTSS0","18:30","롯데","8","삼성","1","대구","https://www.koreabaseball.com/Schedule/GameCenter/Main.aspx?gameDate=20250418&gameId=20250418LTSS0&section=REVIEW"
"2025","2025-04-18","20250418NCHH0","18:30","NC","4","한화","12","대전","https://www.koreabaseball.com/Schedule/GameCenter/Main.aspx?gameDate=20250418&gameId=20250418NCHH0&section=REVIEW"
"2025","2025-04-19","20250419HTOB0","14:00","KIA","8","두산","4","잠실","https://www.koreabaseball.com/Schedule/GameCenter/Main.aspx?gameDate=20250419&gameId=20250419HTOB0&section=REVIEW"
"2025","2025-04-19","20250419KTWO0","17:00","KT","11","키움","1","고척","https://www.koreabaseball.com/Schedule/GameCenter/Main.aspx?gameDate=20250419&gameId=20250419KTWO0&section=REVIEW"
"2025","2025-04-19","20250419LGSK0","14:00","LG","11","SSG","4","문학","https://www.koreabaseball.com/Schedule/GameCenter/Main.aspx?gameDate=20250419&gameId=20250419LGSK0&section=REVIEW"
"2025","2025-04-19","20250419LTSS0","17:00","롯데","3","삼성","10","대구","https://www.koreabaseball.com/Schedule/GameCenter/Main.aspx?gameDate=20250419&gameId=20250419LTSS0&section=REVIEW"
"2025","2025-04-19","20250419NCHH0","17:00","NC","2","한화","7","대전","https://www.koreabaseball.com/Schedule/GameCenter/Main.aspx?gameDate=20250419&gameId=20250419NCHH0&section=REVIEW"
"2025","2025-04-20","20250420HTOB0","14:00","KIA","6","두산","2","잠실","https://www.koreabaseball.com/Schedule/GameCenter/Main.aspx?gameDate=20250420&gameId=20250420HTOB0&section=REVIEW"
"2025","2025-04-20","20250420KTWO0","14:00","KT","5","키움","0","고척","https://www.koreabaseball.com/Schedule/GameCenter/Main.aspx?gameDate=20250420&gameId=20250420KTWO0&section=REVIEW"
"2025","2025-04-20","20250420LGSK0","14:00","LG","3","SSG","9","문학","https://www.koreabaseball.com/Schedule/GameCenter/Main.aspx?gameDate=20250420&gameId=20250420LGSK0&section=REVIEW"
"2025","2025-04-20","20250420LTSS0","14:00","롯데","4","삼성","3","대구","https://www.koreabaseball.com/Schedule/GameCenter/Main.aspx?gameDate=20250420&gameId=20250420LTSS0&section=REVIEW"
"2025","2025-04-20","20250420NCHH0","14:00","NC","1","한화","7","대전","https://www.koreabaseball.com/Schedule/GameCenter/Main.aspx?gameDate=20250420&gameId=20250420NCHH0&section=REVIEW"
"2025","2025-04-22","20250422NCLG0","18:30","NC","6","LG","5","잠실","https://www.koreabaseball.com/Schedule/GameCenter/Main.aspx?gameDate=20250422&gameId=20250422NCLG0&section=REVIEW"
"2025","2025-04-22","20250422OBWO0","18:30","두산","4","키움","5","고척","https://www.koreabaseball.com/Schedule/GameCenter/Main.aspx?gameDate=20250422&gameId=20250422OBWO0&section=REVIEW"
"2025","2025-04-22","20250422SKKT0","18:30","SSG","3","KT","9","수원","https://www.koreabaseball.com/Schedule/GameCenter/Main.aspx?gameDate=20250422&gameId=20250422SKKT0&section=REVIEW"
"2025","2025-04-23","20250423HHLT0","18:30","한화","6","롯데","4","사직","https://www.koreabaseball.com/Schedule/GameCenter/Main.aspx?gameDate=20250423&gameId=20250423HHLT0&section=REVIEW"
"2025","2025-04-23","20250423HTSS0","18:30","KIA","2","삼성","7","대구","https://www.koreabaseball.com/Schedule/GameCenter/Main.aspx?gameDate=20250423&gameId=20250423HTSS0&section=REVIEW"
"2025","2025-04-23","20250423NCLG0","18:30","NC","0","LG","3","잠실","https://www.koreabaseball.com/Schedule/GameCenter/Main.aspx?gameDate=20250423&gameId=20250423NCLG0&section=REVIEW"
"2025","2025-04-23","20250423OBWO0","18:30","두산","8","키움","2","고척","https://www.koreabaseball.com/Schedule/GameCenter/Main.aspx?gameDate=20250423&gameId=20250423OBWO0&section=REVIEW"
"2025","2025-04-23","20250423SKKT0","18:30","SSG","11","KT","5","수원","https://www.koreabaseball.com/Schedule/GameCenter/Main.aspx?gameDate=20250423&gameId=20250423SKKT0&section=REVIEW"
"2025","2025-04-24","20250424HHLT0","18:30","한화","3","롯데","5","사직","https://www.koreabaseball.com/Schedule/GameCenter/Main.aspx?gameDate=20250424&gameId=20250424HHLT0&section=REVIEW"
"2025","2025-04-24","20250424HTSS0","18:30","KIA","5","삼성","17","대구","https://www.koreabaseball.com/Schedule/GameCenter/Main.aspx?gameDate=20250424&gameId=20250424HTSS0&section=REVIEW"
"2025","2025-04-24","20250424NCLG0","18:30","NC","3","LG","1","잠실","https://www.koreabaseball.com/Schedule/GameCenter/Main.aspx?gameDate=20250424&gameId=20250424NCLG0&section=REVIEW"
"2025","2025-04-24","20250424OBWO0","18:30","두산","9","키움","3","고척","https://www.koreabaseball.com/Schedule/GameCenter/Main.aspx?gameDate=20250424&gameId=20250424OBWO0&section=REVIEW"
"2025","2025-04-24","20250424SKKT0","18:30","SSG","6","KT","5","수원","https://www.koreabaseball.com/Schedule/GameCenter/Main.aspx?gameDate=20250424&gameId=20250424SKKT0&section=REVIEW"
"2025","2025-04-25","20250425KTHH0","18:30","KT","2","한화","1","대전","https://www.koreabaseball.com/Schedule/GameCenter/Main.aspx?gameDate=20250425&gameId=20250425KTHH0&section=REVIEW"
"2025","2025-04-25","20250425LGHT0","18:30","LG","6","KIA","5","광주","https://www.koreabaseball.com/Schedule/GameCenter/Main.aspx?gameDate=20250425&gameId=20250425LGHT0&section=REVIEW"
"2025","2025-04-25","20250425LTOB0","18:30","롯데","8","두산","2","잠실","https://www.koreabaseball.com/Schedule/GameCenter/Main.aspx?gameDate=20250425&gameId=20250425LTOB0&section=REVIEW"
"2025","2025-04-25","20250425NCSS0","18:30","NC","6","삼성","10","대구","https://www.koreabaseball.com/Schedule/GameCenter/Main.aspx?gameDate=20250425&gameId=20250425NCSS0&section=REVIEW"
"2025","2025-04-25","20250425WOSK0","18:30","키움","3","SSG","4","문학","https://www.koreabaseball.com/Schedule/GameCenter/Main.aspx?gameDate=20250425&gameId=20250425WOSK0&section=REVIEW"
"2025","2025-04-26","20250426KTHH0","17:00","KT","1","한화","2","대전","https://www.koreabaseball.com/Schedule/GameCenter/Main.aspx?gameDate=20250426&gameId=20250426KTHH0&section=REVIEW"
"2025","2025-04-26","20250426LGHT0","14:00","LG","4","KIA","8","광주","https://www.koreabaseball.com/Schedule/GameCenter/Main.aspx?gameDate=20250426&gameId=20250426LGHT0&section=REVIEW"
"2025","2025-04-26","20250426LTOB0","14:00","롯데","7","두산","4","잠실","https://www.koreabaseball.com/Schedule/GameCenter/Main.aspx?gameDate=20250426&gameId=20250426LTOB0&section=REVIEW"
"2025","2025-04-26","20250426NCSS0","17:00","NC","1","삼성","9","대구","https://www.koreabaseball.com/Schedule/GameCenter/Main.aspx?gameDate=20250426&gameId=20250426NCSS0&section=REVIEW"
"2025","2025-04-26","20250426WOSK0","17:00","키움","2","SSG","1","문학","https://www.koreabaseball.com/Schedule/GameCenter/Main.aspx?gameDate=20250426&gameId=20250426WOSK0&section=REVIEW"
"2025","2025-04-27","20250427KTHH0","14:00","KT","3","한화","4","대전","https://www.koreabaseball.com/Schedule/GameCenter/Main.aspx?gameDate=20250427&gameId=20250427KTHH0&section=REVIEW"
"2025","2025-04-27","20250427LGHT0","14:00","LG","2","KIA","3","광주","https://www.koreabaseball.com/Schedule/GameCenter/Main.aspx?gameDate=20250427&gameId=20250427LGHT0&section=REVIEW"
"2025","2025-04-27","20250427LTOB0","14:00","롯데","4","두산","13","잠실","https://www.koreabaseball.com/Schedule/GameCenter/Main.aspx?gameDate=20250427&gameId=20250427LTOB0&section=REVIEW"
"2025","2025-04-27","20250427NCSS0","14:00","NC","4","삼성","8","대구","https://www.koreabaseball.com/Schedule/GameCenter/Main.aspx?gameDate=20250427&gameId=20250427NCSS0&section=REVIEW"
"2025","2025-04-27","20250427WOSK0","14:00","키움","7","SSG","3","문학","https://www.koreabaseball.com/Schedule/GameCenter/Main.aspx?gameDate=20250427&gameId=20250427WOSK0&section=REVIEW"
"2025","2025-04-29","20250429KTOB0","18:30","KT","3","두산","2","잠실","https://www.koreabaseball.com/Schedule/GameCenter/Main.aspx?gameDate=20250429&gameId=20250429KTOB0&section=REVIEW"
"2025","2025-04-29","20250429LGHH0","18:30","LG","2","한화","3","대전","https://www.koreabaseball.com/Schedule/GameCenter/Main.aspx?gameDate=20250429&gameId=20250429LGHH0&section=REVIEW"
"2025","2025-04-29","20250429LTWO0","18:30","롯데","9","키움","3","고척","https://www.koreabaseball.com/Schedule/GameCenter/Main.aspx?gameDate=20250429&gameId=20250429LTWO0&section=REVIEW"
"2025","2025-04-29","20250429NCHT0","18:30","NC","3","KIA","13","광주","https://www.koreabaseball.com/Schedule/GameCenter/Main.aspx?gameDate=20250429&gameId=20250429NCHT0&section=REVIEW"
"2025","2025-04-29","20250429SSSK0","18:30","삼성","3","SSG","1","문학","https://www.koreabaseball.com/Schedule/GameCenter/Main.aspx?gameDate=20250429&gameId=20250429SSSK0&section=REVIEW"
"2025","2025-04-30","20250430KTOB0","18:30","KT","8","두산","3","잠실","https://www.koreabaseball.com/Schedule/GameCenter/Main.aspx?gameDate=20250430&gameId=20250430KTOB0&section=REVIEW"
"2025","2025-04-30","20250430LGHH0","18:30","LG","2","한화","5","대전","https://www.koreabaseball.com/Schedule/GameCenter/Main.aspx?gameDate=20250430&gameId=20250430LGHH0&section=REVIEW"
"2025","2025-04-30","20250430LTWO0","18:30","롯데","10","키움","9","고척","https://www.koreabaseball.com/Schedule/GameCenter/Main.aspx?gameDate=20250430&gameId=20250430LTWO0&section=REVIEW"
"2025","2025-04-30","20250430NCHT0","18:30","NC","7","KIA","0","광주","https://www.koreabaseball.com/Schedule/GameCenter/Main.aspx?gameDate=20250430&gameId=20250430NCHT0&section=REVIEW"
"2025","2025-04-30","20250430SSSK0","18:30","삼성","6","SSG","6","문학","https://www.koreabaseball.com/Schedule/GameCenter/Main.aspx?gameDate=20250430&gameId=20250430SSSK0&section=REVIEW"
"2025","2025-05-01","20250501KTOB0","18:30","KT","3","두산","3","잠실","https://www.koreabaseball.com/Schedule/GameCenter/Main.aspx?gameDate=20250501&gameId=20250501KTOB0&section=REVIEW"
"2025","2025-05-01","20250501LTWO0","18:30","롯데","5","키움","0","고척","https://www.koreabaseball.com/Schedule/GameCenter/Main.aspx?gameDate=20250501&gameId=20250501LTWO0&section=REVIEW"
"2025","2025-05-01","20250501SSSK0","18:30","삼성","1","SSG","4","문학","https://www.koreabaseball.com/Schedule/GameCenter/Main.aspx?gameDate=20250501&gameId=20250501SSSK0&section=REVIEW"
"2025","2025-05-02","20250502HHHT0","18:30","한화","3","KIA","2","광주","https://www.koreabaseball.com/Schedule/GameCenter/Main.aspx?gameDate=20250502&gameId=20250502HHHT0&section=REVIEW"
"2025","2025-05-02","20250502NCLT0","18:30","NC","3","롯데","4","사직","https://www.koreabaseball.com/Schedule/GameCenter/Main.aspx?gameDate=20250502&gameId=20250502NCLT0&section=REVIEW"
"2025","2025-05-02","20250502OBSS0","18:30","두산","2","삼성","6","대구","https://www.koreabaseball.com/Schedule/GameCenter/Main.aspx?gameDate=20250502&gameId=20250502OBSS0&section=REVIEW"
"2025","2025-05-02","20250502SKLG0","18:30","SSG","2","LG","1","잠실","https://www.koreabaseball.com/Schedule/GameCenter/Main.aspx?gameDate=20250502&gameId=20250502SKLG0&section=REVIEW"
"2025","2025-05-02","20250502WOKT0","18:30","키움","5","KT","3","수원","https://www.koreabaseball.com/Schedule/GameCenter/Main.aspx?gameDate=20250502&gameId=20250502WOKT0&section=REVIEW"
"2025","2025-05-03","20250503NCLT0","17:00","NC","13","롯데","4","사직","https://www.koreabaseball.com/Schedule/GameCenter/Main.aspx?gameDate=20250503&gameId=20250503NCLT0&section=REVIEW"
"2025","2025-05-03","20250503OBSS0","17:00","두산","6","삼성","1","대구","https://www.koreabaseball.com/Schedule/GameCenter/Main.aspx?gameDate=20250503&gameId=20250503OBSS0&section=REVIEW"
"2025","2025-05-03","20250503SKLG0","17:00","SSG","1","LG","4","잠실","https://www.koreabaseball.com/Schedule/GameCenter/Main.aspx?gameDate=20250503&gameId=20250503SKLG0&section=REVIEW"
"2025","2025-05-03","20250503WOKT0","17:00","키움","0","KT","9","수원","https://www.koreabaseball.com/Schedule/GameCenter/Main.aspx?gameDate=20250503&gameId=20250503WOKT0&section=REVIEW"
"2025","2025-05-04","20250504HHHT0","14:00","한화","3","KIA","1","광주","https://www.koreabaseball.com/Schedule/GameCenter/Main.aspx?gameDate=20250504&gameId=20250504HHHT0&section=REVIEW"
"2025","2025-05-04","20250504NCLT0","14:00","NC","9","롯데","6","사직","https://www.koreabaseball.com/Schedule/GameCenter/Main.aspx?gameDate=20250504&gameId=20250504NCLT0&section=REVIEW"
"2025","2025-05-04","20250504OBSS0","14:00","두산","11","삼성","6","대구","https://www.koreabaseball.com/Schedule/GameCenter/Main.aspx?gameDate=20250504&gameId=20250504OBSS0&section=REVIEW"
"2025","2025-05-04","20250504SKLG0","14:00","SSG","4","LG","12","잠실","https://www.koreabaseball.com/Schedule/GameCenter/Main.aspx?gameDate=20250504&gameId=20250504SKLG0&section=REVIEW"
"2025","2025-05-04","20250504WOKT0","14:00","키움","4","KT","5","수원","https://www.koreabaseball.com/Schedule/GameCenter/Main.aspx?gameDate=20250504&gameId=20250504WOKT0&section=REVIEW"
"2025","2025-05-05","20250505HTWO0","14:00","KIA","13","키움","1","고척","https://www.koreabaseball.com/Schedule/GameCenter/Main.aspx?gameDate=20250505&gameId=20250505HTWO0&section=REVIEW"
"2025","2025-05-05","20250505LGOB0","14:00","LG","2","두산","5","잠실","https://www.koreabaseball.com/Schedule/GameCenter/Main.aspx?gameDate=20250505&gameId=20250505LGOB0&section=REVIEW"
"2025","2025-05-05","20250505NCKT0","14:00","NC","6","KT","2","수원","https://www.koreabaseball.com/Schedule/GameCenter/Main.aspx?gameDate=20250505&gameId=20250505NCKT0&section=REVIEW"
"2025","2025-05-05","20250505SKLT0","14:00","SSG","7","롯데","1","사직","https://www.koreabaseball.com/Schedule/GameCenter/Main.aspx?gameDate=20250505&gameId=20250505SKLT0&section=REVIEW"
"2025","2025-05-05","20250505SSHH0","14:00","삼성","1","한화","3","대전","https://www.koreabaseball.com/Schedule/GameCenter/Main.aspx?gameDate=20250505&gameId=20250505SSHH0&section=REVIEW"
"2025","2025-05-06","20250506HTWO0","14:00","KIA","5","키움","3","고척","https://www.koreabaseball.com/Schedule/GameCenter/Main.aspx?gameDate=20250506&gameId=20250506HTWO0&section=REVIEW"
"2025","2025-05-06","20250506LGOB0","14:00","LG","5","두산","1","잠실","https://www.koreabaseball.com/Schedule/GameCenter/Main.aspx?gameDate=20250506&gameId=20250506LGOB0&section=REVIEW"
"2025","2025-05-06","20250506NCKT0","14:00","NC","6","KT","3","수원","https://www.koreabaseball.com/Schedule/GameCenter/Main.aspx?gameDate=20250506&gameId=20250506NCKT0&section=REVIEW"
"2025","2025-05-06","20250506SKLT0","14:00","SSG","0","롯데","6","사직","https://www.koreabaseball.com/Schedule/GameCenter/Main.aspx?gameDate=20250506&gameId=20250506SKLT0&section=REVIEW"
"2025","2025-05-06","20250506SSHH0","14:00","삼성","1","한화","3","대전","https://www.koreabaseball.com/Schedule/GameCenter/Main.aspx?gameDate=20250506&gameId=20250506SSHH0&section=REVIEW"
"2025","2025-05-07","20250507HTWO0","18:30","KIA","10","키움","11","고척","https://www.koreabaseball.com/Schedule/GameCenter/Main.aspx?gameDate=20250507&gameId=20250507HTWO0&section=REVIEW"
"2025","2025-05-07","20250507LGOB0","18:30","LG","2","두산","5","잠실","https://www.koreabaseball.com/Schedule/GameCenter/Main.aspx?gameDate=20250507&gameId=20250507LGOB0&section=REVIEW"
"2025","2025-05-07","20250507NCKT0","18:30","NC","12","KT","2","수원","https://www.koreabaseball.com/Schedule/GameCenter/Main.aspx?gameDate=20250507&gameId=20250507NCKT0&section=REVIEW"
"2025","2025-05-07","20250507SKLT0","18:30","SSG","2","롯데","6","사직","https://www.koreabaseball.com/Schedule/GameCenter/Main.aspx?gameDate=20250507&gameId=20250507SKLT0&section=REVIEW"
"2025","2025-05-07","20250507SSHH0","18:30","삼성","6","한화","10","대전","https://www.koreabaseball.com/Schedule/GameCenter/Main.aspx?gameDate=20250507&gameId=20250507SSHH0&section=REVIEW"
"2025","2025-05-09","20250509HHWO0","18:30","한화","7","키움","5","고척","https://www.koreabaseball.com/Schedule/GameCenter/Main.aspx?gameDate=20250509&gameId=20250509HHWO0&section=REVIEW"
"2025","2025-05-10","20250510HHWO0","14:00","한화","9","키움","1","고척","https://www.koreabaseball.com/Schedule/GameCenter/Main.aspx?gameDate=20250510&gameId=20250510HHWO0&section=REVIEW"
"2025","2025-05-10","20250510HTSK0","17:00","KIA","5","SSG","4","문학","https://www.koreabaseball.com/Schedule/GameCenter/Main.aspx?gameDate=20250510&gameId=20250510HTSK0&section=REVIEW"
"2025","2025-05-10","20250510LGSS1","14:00","LG","5","삼성","4","대구","https://www.koreabaseball.com/Schedule/GameCenter/Main.aspx?gameDate=20250510&gameId=20250510LGSS1&section=REVIEW"
"2025","2025-05-10","20250510LGSS2","17:00","LG","4","삼성","1","대구","https://www.koreabaseball.com/Schedule/GameCenter/Main.aspx?gameDate=20250510&gameId=20250510LGSS2&section=REVIEW"
"2025","2025-05-10","20250510LTKT0","17:00","롯데","8","KT","5","수원","https://www.koreabaseball.com/Schedule/GameCenter/Main.aspx?gameDate=20250510&gameId=20250510LTKT0&section=REVIEW"
"2025","2025-05-10","20250510NCOB0","17:00","NC","6","두산","6","잠실","https://www.koreabaseball.com/Schedule/GameCenter/Main.aspx?gameDate=20250510&gameId=20250510NCOB0&section=REVIEW"
"2025","2025-05-11","20250511HHWO0","14:00","한화","8","키움","0","고척","https://www.koreabaseball.com/Schedule/GameCenter/Main.aspx?gameDate=20250511&gameId=20250511HHWO0&section=REVIEW"
"2025","2025-05-11","20250511HTSK1","14:00","KIA","4","SSG","8","문학","https://www.koreabaseball.com/Schedule/GameCenter/Main.aspx?gameDate=20250511&gameId=20250511HTSK1&section=REVIEW"
"2025","2025-05-11","20250511HTSK2","17:00","KIA","1","SSG","5","문학","https://www.koreabaseball.com/Schedule/GameCenter/Main.aspx?gameDate=20250511&gameId=20250511HTSK2&section=REVIEW"
"2025","2025-05-11","20250511LGSS0","14:00","LG","7","삼성","4","대구","https://www.koreabaseball.com/Schedule/GameCenter/Main.aspx?gameDate=20250511&gameId=20250511LGSS0&section=REVIEW"
"2025","2025-05-11","20250511LTKT1","14:00","롯데","6","KT","1","수원","https://www.koreabaseball.com/Schedule/GameCenter/Main.aspx?gameDate=20250511&gameId=20250511LTKT1&section=REVIEW"
"2025","2025-05-11","20250511LTKT2","17:00","롯데","1","KT","1","수원","https://www.koreabaseball.com/Schedule/GameCenter/Main.aspx?gameDate=20250511&gameId=20250511LTKT2&section=REVIEW"
"2025","2025-05-11","20250511NCOB1","14:00","NC","11","두산","5","잠실","https://www.koreabaseball.com/Schedule/GameCenter/Main.aspx?gameDate=20250511&gameId=20250511NCOB1&section=REVIEW"
"2025","2025-05-11","20250511NCOB2","17:00","NC","5","두산","2","잠실","https://www.koreabaseball.com/Schedule/GameCenter/Main.aspx?gameDate=20250511&gameId=20250511NCOB2&section=REVIEW"
"2025","2025-05-13","20250513KTSS0","18:30","KT","3","삼성","5","포항","https://www.koreabaseball.com/Schedule/GameCenter/Main.aspx?gameDate=20250513&gameId=20250513KTSS0&section=REVIEW"
"2025","2025-05-13","20250513LTHT0","18:30","롯데","1","KIA","4","광주","https://www.koreabaseball.com/Schedule/GameCenter/Main.aspx?gameDate=20250513&gameId=20250513LTHT0&section=REVIEW"
"2025","2025-05-13","20250513NCSK0","18:30","NC","3","SSG","6","문학","https://www.koreabaseball.com/Schedule/GameCenter/Main.aspx?gameDate=20250513&gameId=20250513NCSK0&section=REVIEW"
"2025","2025-05-13","20250513OBHH0","18:30","두산","4","한화","3","대전","https://www.koreabaseball.com/Schedule/GameCenter/Main.aspx?gameDate=20250513&gameId=20250513OBHH0&section=REVIEW"
"2025","2025-05-13","20250513WOLG0","18:30","키움","6","LG","9","잠실","https://www.koreabaseball.com/Schedule/GameCenter/Main.aspx?gameDate=20250513&gameId=20250513WOLG0&section=REVIEW"
"2025","2025-05-14","20250514KTSS0","18:30","KT","3","삼성","2","포항","https://www.koreabaseball.com/Schedule/GameCenter/Main.aspx?gameDate=20250514&gameId=20250514KTSS0&section=REVIEW"
"2025","2025-05-14","20250514LTHT0","18:30","롯데","4","KIA","0","광주","https://www.koreabaseball.com/Schedule/GameCenter/Main.aspx?gameDate=20250514&gameId=20250514LTHT0&section=REVIEW"
"2025","2025-05-14","20250514NCSK0","18:30","NC","6","SSG","3","문학","https://www.koreabaseball.com/Schedule/GameCenter/Main.aspx?gameDate=20250514&gameId=20250514NCSK0&section=REVIEW"
"2025","2025-05-14","20250514OBHH0","18:30","두산","7","한화","1","대전","https://www.koreabaseball.com/Schedule/GameCenter/Main.aspx?gameDate=20250514&gameId=20250514OBHH0&section=REVIEW"
"2025","2025-05-14","20250514WOLG0","18:30","키움","0","LG","12","잠실","https://www.koreabaseball.com/Schedule/GameCenter/Main.aspx?gameDate=20250514&gameId=20250514WOLG0&section=REVIEW"
"2025","2025-05-15","20250515KTSS0","18:30","KT","0","삼성","13","포항","https://www.koreabaseball.com/Schedule/GameCenter/Main.aspx?gameDate=20250515&gameId=20250515KTSS0&section=REVIEW"
"2025","2025-05-15","20250515LTHT0","18:30","롯데","6","KIA","7","광주","https://www.koreabaseball.com/Schedule/GameCenter/Main.aspx?gameDate=20250515&gameId=20250515LTHT0&section=REVIEW"
"2025","2025-05-15","20250515NCSK0","18:30","NC","0","SSG","4","문학","https://www.koreabaseball.com/Schedule/GameCenter/Main.aspx?gameDate=20250515&gameId=20250515NCSK0&section=REVIEW"
"2025","2025-05-15","20250515OBHH0","18:30","두산","8","한화","2","대전","https://www.koreabaseball.com/Schedule/GameCenter/Main.aspx?gameDate=20250515&gameId=20250515OBHH0&section=REVIEW"
"2025","2025-05-15","20250515WOLG0","18:30","키움","2","LG","6","잠실","https://www.koreabaseball.com/Schedule/GameCenter/Main.aspx?gameDate=20250515&gameId=20250515WOLG0&section=REVIEW"
"2025","2025-05-17","20250517KTLG1","14:00","KT","12","LG","4","잠실","https://www.koreabaseball.com/Schedule/GameCenter/Main.aspx?gameDate=20250517&gameId=20250517KTLG1&section=REVIEW"
"2025","2025-05-17","20250517KTLG2","17:00","KT","7","LG","6","잠실","https://www.koreabaseball.com/Schedule/GameCenter/Main.aspx?gameDate=20250517&gameId=20250517KTLG2&section=REVIEW"
"2025","2025-05-17","20250517OBHT1","14:00","두산","2","KIA","5","광주","https://www.koreabaseball.com/Schedule/GameCenter/Main.aspx?gameDate=20250517&gameId=20250517OBHT1&section=REVIEW"
"2025","2025-05-17","20250517OBHT2","17:00","두산","1","KIA","4","광주","https://www.koreabaseball.com/Schedule/GameCenter/Main.aspx?gameDate=20250517&gameId=20250517OBHT2&section=REVIEW"
"2025","2025-05-17","20250517SKHH1","14:00","SSG","0","한화","1","대전","https://www.koreabaseball.com/Schedule/GameCenter/Main.aspx?gameDate=20250517&gameId=20250517SKHH1&section=REVIEW"
"2025","2025-05-17","20250517SKHH2","17:00","SSG","5","한화","2","대전","https://www.koreabaseball.com/Schedule/GameCenter/Main.aspx?gameDate=20250517&gameId=20250517SKHH2&section=REVIEW"
"2025","2025-05-17","20250517SSLT1","14:00","삼성","5","롯데","7","사직","https://www.koreabaseball.com/Schedule/GameCenter/Main.aspx?gameDate=20250517&gameId=20250517SSLT1&section=REVIEW"
"2025","2025-05-17","20250517SSLT2","17:00","삼성","7","롯데","8","사직","https://www.koreabaseball.com/Schedule/GameCenter/Main.aspx?gameDate=20250517&gameId=20250517SSLT2&section=REVIEW"
"2025","2025-05-17","20250517WONC1","14:00","키움","2","NC","3","울산","https://www.koreabaseball.com/Schedule/GameCenter/Main.aspx?gameDate=20250517&gameId=20250517WONC1&section=REVIEW"
"2025","2025-05-17","20250517WONC2","17:00","키움","3","NC","2","울산","https://www.koreabaseball.com/Schedule/GameCenter/Main.aspx?gameDate=20250517&gameId=20250517WONC2&section=REVIEW"
"2025","2025-05-18","20250518KTLG0","14:00","KT","1","LG","5","잠실","https://www.koreabaseball.com/Schedule/GameCenter/Main.aspx?gameDate=20250518&gameId=20250518KTLG0&section=REVIEW"
"2025","2025-05-18","20250518OBHT0","14:00","두산","4","KIA","5","광주","https://www.koreabaseball.com/Schedule/GameCenter/Main.aspx?gameDate=20250518&gameId=20250518OBHT0&section=REVIEW"
"2025","2025-05-18","20250518SKHH0","14:00","SSG","7","한화","3","대전","https://www.koreabaseball.com/Schedule/GameCenter/Main.aspx?gameDate=20250518&gameId=20250518SKHH0&section=REVIEW"
"2025","2025-05-18","20250518SSLT0","14:00","삼성","3","롯데","6","사직","https://www.koreabaseball.com/Schedule/GameCenter/Main.aspx?gameDate=20250518&gameId=20250518SSLT0&section=REVIEW"
"2025","2025-05-18","20250518WONC0","14:00","키움","0","NC","5","울산","https://www.koreabaseball.com/Schedule/GameCenter/Main.aspx?gameDate=20250518&gameId=20250518WONC0&section=REVIEW"
"2025","2025-05-20","20250520HHNC0","18:30","한화","4","NC","1","울산","https://www.koreabaseball.com/Schedule/GameCenter/Main.aspx?gameDate=20250520&gameId=20250520HHNC0&section=REVIEW"
"2025","2025-05-20","20250520HTKT0","18:30","KIA","3","KT","5","수원","https://www.koreabaseball.com/Schedule/GameCenter/Main.aspx?gameDate=20250520&gameId=20250520HTKT0&section=REVIEW"
"2025","2025-05-20","20250520LGLT0","18:30","LG","17","롯데","9","사직","https://www.koreabaseball.com/Schedule/GameCenter/Main.aspx?gameDate=20250520&gameId=20250520LGLT0&section=REVIEW"
"2025","2025-05-20","20250520SKOB0","18:30","SSG","5","두산","3","잠실","https://www.koreabaseball.com/Schedule/GameCenter/Main.aspx?gameDate=20250520&gameId=20250520SKOB0&section=REVIEW"
"2025","2025-05-20","20250520SSWO0","18:30","삼성","6","키움","3","고척","https://www.koreabaseball.com/Schedule/GameCenter/Main.aspx?gameDate=20250520&gameId=20250520SSWO0&section=REVIEW"
"2025","2025-05-21","20250521HHNC0","18:30","한화","2","NC","5","울산","https://www.koreabaseball.com/Schedule/GameCenter/Main.aspx?gameDate=20250521&gameId=20250521HHNC0&section=REVIEW"
"2025","2025-05-21","20250521HTKT0","18:30","KIA","1","KT","3","수원","https://www.koreabaseball.com/Schedule/GameCenter/Main.aspx?gameDate=20250521&gameId=20250521HTKT0&section=REVIEW"
"2025","2025-05-21","20250521LGLT0","18:30","LG","7","롯데","7","사직","https://www.koreabaseball.com/Schedule/GameCenter/Main.aspx?gameDate=20250521&gameId=20250521LGLT0&section=REVIEW"
"2025","2025-05-21","20250521SKOB0","18:30","SSG","9","두산","1","잠실","https://www.koreabaseball.com/Schedule/GameCenter/Main.aspx?gameDate=20250521&gameId=20250521SKOB0&section=REVIEW"
"2025","2025-05-21","20250521SSWO0","18:30","삼성","6","키움","1","고척","https://www.koreabaseball.com/Schedule/GameCenter/Main.aspx?gameDate=20250521&gameId=20250521SSWO0&section=REVIEW"
"2025","2025-05-22","20250522HHNC0","18:30","한화","3","NC","4","울산","https://www.koreabaseball.com/Schedule/GameCenter/Main.aspx?gameDate=20250522&gameId=20250522HHNC0&section=REVIEW"
"2025","2025-05-22","20250522HTKT0","18:30","KIA","8","KT","3","수원","https://www.koreabaseball.com/Schedule/GameCenter/Main.aspx?gameDate=20250522&gameId=20250522HTKT0&section=REVIEW"
"2025","2025-05-22","20250522LGLT0","18:30","LG","4","롯데","11","사직","https://www.koreabaseball.com/Schedule/GameCenter/Main.aspx?gameDate=20250522&gameId=20250522LGLT0&section=REVIEW"
"2025","2025-05-22","20250522SKOB0","18:30","SSG","5","두산","6","잠실","https://www.koreabaseball.com/Schedule/GameCenter/Main.aspx?gameDate=20250522&gameId=20250522SKOB0&section=REVIEW"
"2025","2025-05-22","20250522SSWO0","18:30","삼성","2","키움","0","고척","https://www.koreabaseball.com/Schedule/GameCenter/Main.aspx?gameDate=20250522&gameId=20250522SSWO0&section=REVIEW"
"2025","2025-05-23","20250523HTSS0","18:30","KIA","7","삼성","6","대구","https://www.koreabaseball.com/Schedule/GameCenter/Main.aspx?gameDate=20250523&gameId=20250523HTSS0&section=REVIEW"
"2025","2025-05-23","20250523KTWO0","18:30","KT","7","키움","5","고척","https://www.koreabaseball.com/Schedule/GameCenter/Main.aspx?gameDate=20250523&gameId=20250523KTWO0&section=REVIEW"
"2025","2025-05-23","20250523LGSK0","18:30","LG","3","SSG","2","문학","https://www.koreabaseball.com/Schedule/GameCenter/Main.aspx?gameDate=20250523&gameId=20250523LGSK0&section=REVIEW"
"2025","2025-05-23","20250523LTHH0","18:30","롯데","2","한화","4","대전","https://www.koreabaseball.com/Schedule/GameCenter/Main.aspx?gameDate=20250523&gameId=20250523LTHH0&section=REVIEW"
"2025","2025-05-23","20250523NCOB0","18:30","NC","1","두산","1","잠실","https://www.koreabaseball.com/Schedule/GameCenter/Main.aspx?gameDate=20250523&gameId=20250523NCOB0&section=REVIEW"
"2025","2025-05-24","20250524HTSS0","17:00","KIA","4","삼성","8","대구","https://www.koreabaseball.com/Schedule/GameCenter/Main.aspx?gameDate=20250524&gameId=20250524HTSS0&section=REVIEW"
"2025","2025-05-24","20250524KTWO0","14:00","KT","10","키움","4","고척","https://www.koreabaseball.com/Schedule/GameCenter/Main.aspx?gameDate=20250524&gameId=20250524KTWO0&section=REVIEW"
"2025","2025-05-24","20250524LGSK0","17:00","LG","4","SSG","5","문학","https://www.koreabaseball.com/Schedule/GameCenter/Main.aspx?gameDate=20250524&gameId=20250524LGSK0&section=REVIEW"
"2025","2025-05-24","20250524LTHH0","14:00","롯데","8","한화","6","대전","https://www.koreabaseball.com/Schedule/GameCenter/Main.aspx?gameDate=20250524&gameId=20250524LTHH0&section=REVIEW"
"2025","2025-05-24","20250524NCOB0","17:00","NC","5","두산","1","잠실","https://www.koreabaseball.com/Schedule/GameCenter/Main.aspx?gameDate=20250524&gameId=20250524NCOB0&section=REVIEW"
"2025","2025-05-25","20250525HTSS0","14:00","KIA","2","삼성","3","대구","https://www.koreabaseball.com/Schedule/GameCenter/Main.aspx?gameDate=20250525&gameId=20250525HTSS0&section=REVIEW"
"2025","2025-05-25","20250525KTWO0","14:00","KT","2","키움","0","고척","https://www.koreabaseball.com/Schedule/GameCenter/Main.aspx?gameDate=20250525&gameId=20250525KTWO0&section=REVIEW"
"2025","2025-05-25","20250525LGSK0","14:00","LG","9","SSG","3","문학","https://www.koreabaseball.com/Schedule/GameCenter/Main.aspx?gameDate=20250525&gameId=20250525LGSK0&section=REVIEW"
"2025","2025-05-25","20250525LTHH0","14:00","롯데","7","한화","8","대전","https://www.koreabaseball.com/Schedule/GameCenter/Main.aspx?gameDate=20250525&gameId=20250525LTHH0&section=REVIEW"
"2025","2025-05-25","20250525NCOB0","14:00","NC","3","두산","5","잠실","https://www.koreabaseball.com/Schedule/GameCenter/Main.aspx?gameDate=20250525&gameId=20250525NCOB0&section=REVIEW"
"2025","2025-05-27","20250527HHLG0","18:30","한화","1","LG","2","잠실","https://www.koreabaseball.com/Schedule/GameCenter/Main.aspx?gameDate=20250527&gameId=20250527HHLG0&section=REVIEW"
"2025","2025-05-27","20250527LTSS0","18:30","롯데","3","삼성","7","대구","https://www.koreabaseball.com/Schedule/GameCenter/Main.aspx?gameDate=20250527&gameId=20250527LTSS0&section=REVIEW"
"2025","2025-05-27","20250527NCSK0","18:30","NC","1","SSG","1","문학","https://www.koreabaseball.com/Schedule/GameCenter/Main.aspx?gameDate=20250527&gameId=20250527NCSK0&section=REVIEW"
"2025","2025-05-27","20250527OBKT0","18:30","두산","1","KT","2","수원","https://www.koreabaseball.com/Schedule/GameCenter/Main.aspx?gameDate=20250527&gameId=20250527OBKT0&section=REVIEW"
"2025","2025-05-27","20250527WOHT0","18:30","키움","5","KIA","7","광주","https://www.koreabaseball.com/Schedule/GameCenter/Main.aspx?gameDate=20250527&gameId=20250527WOHT0&section=REVIEW"
"2025","2025-05-28","20250528HHLG0","18:30","한화","6","LG","5","잠실","https://www.koreabaseball.com/Schedule/GameCenter/Main.aspx?gameDate=20250528&gameId=20250528HHLG0&section=REVIEW"
"2025","2025-05-28","20250528NCSK0","18:30","NC","5","SSG","13","문학","https://www.koreabaseball.com/Schedule/GameCenter/Main.aspx?gameDate=20250528&gameId=20250528NCSK0&section=REVIEW"
"2025","2025-05-28","20250528OBKT0","18:30","두산","12","KT","3","수원","https://www.koreabaseball.com/Schedule/GameCenter/Main.aspx?gameDate=20250528&gameId=20250528OBKT0&section=REVIEW"
"2025","2025-05-28","20250528WOHT0","18:30","키움","7","KIA","13","광주","https://www.koreabaseball.com/Schedule/GameCenter/Main.aspx?gameDate=20250528&gameId=20250528WOHT0&section=REVIEW"
"2025","2025-05-29","20250529HHLG0","18:30","한화","1","LG","3","잠실","https://www.koreabaseball.com/Schedule/GameCenter/Main.aspx?gameDate=20250529&gameId=20250529HHLG0&section=REVIEW"
"2025","2025-05-29","20250529LTSS0","18:30","롯데","3","삼성","9","대구","https://www.koreabaseball.com/Schedule/GameCenter/Main.aspx?gameDate=20250529&gameId=20250529LTSS0&section=REVIEW"
"2025","2025-05-29","20250529NCSK0","18:30","NC","5","SSG","6","문학","https://www.koreabaseball.com/Schedule/GameCenter/Main.aspx?gameDate=20250529&gameId=20250529NCSK0&section=REVIEW"
"2025","2025-05-29","20250529OBKT0","18:30","두산","2","KT","12","수원","https://www.koreabaseball.com/Schedule/GameCenter/Main.aspx?gameDate=20250529&gameId=20250529OBKT0&section=REVIEW"
"2025","2025-05-29","20250529WOHT0","18:30","키움","3","KIA","3","광주","https://www.koreabaseball.com/Schedule/GameCenter/Main.aspx?gameDate=20250529&gameId=20250529WOHT0&section=REVIEW"
"2025","2025-05-30","20250530HHNC0","18:30","한화","7","NC","1","창원","https://www.koreabaseball.com/Schedule/GameCenter/Main.aspx?gameDate=20250530&gameId=20250530HHNC0&section=REVIEW"
"2025","2025-05-30","20250530HTKT0","18:30","KIA","1","KT","3","수원","https://www.koreabaseball.com/Schedule/GameCenter/Main.aspx?gameDate=20250530&gameId=20250530HTKT0&section=REVIEW"
"2025","2025-05-30","20250530OBWO0","18:30","두산","9","키움","4","고척","https://www.koreabaseball.com/Schedule/GameCenter/Main.aspx?gameDate=20250530&gameId=20250530OBWO0&section=REVIEW"
"2025","2025-05-30","20250530SKLT0","18:30","SSG","5","롯데","6","사직","https://www.koreabaseball.com/Schedule/GameCenter/Main.aspx?gameDate=20250530&gameId=20250530SKLT0&section=REVIEW"
"2025","2025-05-30","20250530SSLG0","18:30","삼성","4","LG","3","잠실","https://www.koreabaseball.com/Schedule/GameCenter/Main.aspx?gameDate=20250530&gameId=20250530SSLG0&section=REVIEW"
"2025","2025-05-31","20250531HHNC0","14:00","한화","9","NC","6","창원","https://www.koreabaseball.com/Schedule/GameCenter/Main.aspx?gameDate=20250531&gameId=20250531HHNC0&section=REVIEW"
"2025","2025-05-31","20250531HTKT0","14:00","KIA","1","KT","5","수원","https://www.koreabaseball.com/Schedule/GameCenter/Main.aspx?gameDate=20250531&gameId=20250531HTKT0&section=REVIEW"
"2025","2025-05-31","20250531OBWO0","17:00","두산","0","키움","1","고척","https://www.koreabaseball.com/Schedule/GameCenter/Main.aspx?gameDate=20250531&gameId=20250531OBWO0&section=REVIEW"
"2025","2025-05-31","20250531SKLT0","17:00","SSG","4","롯데","1","사직","https://www.koreabaseball.com/Schedule/GameCenter/Main.aspx?gameDate=20250531&gameId=20250531SKLT0&section=REVIEW"
"2025","2025-05-31","20250531SSLG0","17:00","삼성","4","LG","2","잠실","https://www.koreabaseball.com/Schedule/GameCenter/Main.aspx?gameDate=20250531&gameId=20250531SSLG0&section=REVIEW"
"2025","2025-06-01","20250601HHNC0","17:00","한화","5","NC","16","창원","https://www.koreabaseball.com/Schedule/GameCenter/Main.aspx?gameDate=20250601&gameId=20250601HHNC0&section=REVIEW"
"2025","2025-06-01","20250601HTKT0","17:00","KIA","5","KT","3","수원","https://www.koreabaseball.com/Schedule/GameCenter/Main.aspx?gameDate=20250601&gameId=20250601HTKT0&section=REVIEW"
"2025","2025-06-01","20250601OBWO0","14:00","두산","0","키움","1","고척","https://www.koreabaseball.com/Schedule/GameCenter/Main.aspx?gameDate=20250601&gameId=20250601OBWO0&section=REVIEW"
"2025","2025-06-01","20250601SKLT0","17:00","SSG","4","롯데","3","사직","https://www.koreabaseball.com/Schedule/GameCenter/Main.aspx?gameDate=20250601&gameId=20250601SKLT0&section=REVIEW"
"2025","2025-06-01","20250601SSLG0","17:00","삼성","6","LG","4","잠실","https://www.koreabaseball.com/Schedule/GameCenter/Main.aspx?gameDate=20250601&gameId=20250601SSLG0&section=REVIEW"
"2025","2025-06-03","20250603HTOB0","17:00","KIA","11","두산","3","잠실","https://www.koreabaseball.com/Schedule/GameCenter/Main.aspx?gameDate=20250603&gameId=20250603HTOB0&section=REVIEW"
"2025","2025-06-03","20250603KTHH0","14:00","KT","1","한화","10","대전","https://www.koreabaseball.com/Schedule/GameCenter/Main.aspx?gameDate=20250603&gameId=20250603KTHH0&section=REVIEW"
"2025","2025-06-03","20250603LGNC0","14:00","LG","15","NC","0","창원","https://www.koreabaseball.com/Schedule/GameCenter/Main.aspx?gameDate=20250603&gameId=20250603LGNC0&section=REVIEW"
"2025","2025-06-03","20250603SSSK0","17:00","삼성","4","SSG","6","문학","https://www.koreabaseball.com/Schedule/GameCenter/Main.aspx?gameDate=20250603&gameId=20250603SSSK0&section=REVIEW"
"2025","2025-06-03","20250603WOLT0","17:00","키움","0","롯데","8","사직","https://www.koreabaseball.com/Schedule/GameCenter/Main.aspx?gameDate=20250603&gameId=20250603WOLT0&section=REVIEW"
"2025","2025-06-04","20250604HTOB0","18:30","KIA","8","두산","3","잠실","https://www.koreabaseball.com/Schedule/GameCenter/Main.aspx?gameDate=20250604&gameId=20250604HTOB0&section=REVIEW"
"2025","2025-06-04","20250604KTHH0","18:30","KT","3","한화","4","대전","https://www.koreabaseball.com/Schedule/GameCenter/Main.aspx?gameDate=20250604&gameId=20250604KTHH0&section=REVIEW"
"2025","2025-06-04","20250604LGNC0","18:30","LG","5","NC","6","창원","https://www.koreabaseball.com/Schedule/GameCenter/Main.aspx?gameDate=20250604&gameId=20250604LGNC0&section=REVIEW"
"2025","2025-06-04","20250604SSSK0","18:30","삼성","1","SSG","4","문학","https://www.koreabaseball.com/Schedule/GameCenter/Main.aspx?gameDate=20250604&gameId=20250604SSSK0&section=REVIEW"
"2025","2025-06-04","20250604WOLT0","18:30","키움","9","롯데","6","사직","https://www.koreabaseball.com/Schedule/GameCenter/Main.aspx?gameDate=20250604&gameId=20250604WOLT0&section=REVIEW"
"2025","2025-06-05","20250605HTOB0","18:30","KIA","1","두산","2","잠실","https://www.koreabaseball.com/Schedule/GameCenter/Main.aspx?gameDate=20250605&gameId=20250605HTOB0&section=REVIEW"
"2025","2025-06-05","20250605KTHH0","18:30","KT","7","한화","0","대전","https://www.koreabaseball.com/Schedule/GameCenter/Main.aspx?gameDate=20250605&gameId=20250605KTHH0&section=REVIEW"
"2025","2025-06-05","20250605LGNC0","18:30","LG","3","NC","1","창원","https://www.koreabaseball.com/Schedule/GameCenter/Main.aspx?gameDate=20250605&gameId=20250605LGNC0&section=REVIEW"
"2025","2025-06-05","20250605SSSK0","18:30","삼성","3","SSG","1","문학","https://www.koreabaseball.com/Schedule/GameCenter/Main.aspx?gameDate=20250605&gameId=20250605SSSK0&section=REVIEW"
"2025","2025-06-05","20250605WOLT0","18:30","키움","10","롯데","5","사직","https://www.koreabaseball.com/Schedule/GameCenter/Main.aspx?gameDate=20250605&gameId=20250605WOLT0&section=REVIEW"
"2025","2025-06-06","20250606HHHT0","17:00","한화","2","KIA","3","광주","https://www.koreabaseball.com/Schedule/GameCenter/Main.aspx?gameDate=20250606&gameId=20250606HHHT0&section=REVIEW"
"2025","2025-06-06","20250606LGWO0","17:00","LG","1","키움","2","고척","https://www.koreabaseball.com/Schedule/GameCenter/Main.aspx?gameDate=20250606&gameId=20250606LGWO0&section=REVIEW"
"2025","2025-06-06","20250606LTOB0","17:00","롯데","2","두산","5","잠실","https://www.koreabaseball.com/Schedule/GameCenter/Main.aspx?gameDate=20250606&gameId=20250606LTOB0&section=REVIEW"
"2025","2025-06-06","20250606NCSS0","17:00","NC","3","삼성","7","대구","https://www.koreabaseball.com/Schedule/GameCenter/Main.aspx?gameDate=20250606&gameId=20250606NCSS0&section=REVIEW"
"2025","2025-06-06","20250606SKKT0","17:00","SSG","3","KT","10","수원","https://www.koreabaseball.com/Schedule/GameCenter/Main.aspx?gameDate=20250606&gameId=20250606SKKT0&section=REVIEW"
"2025","2025-06-07","20250607HHHT0","17:00","한화","3","KIA","2","광주","https://www.koreabaseball.com/Schedule/GameCenter/Main.aspx?gameDate=20250607&gameId=20250607HHHT0&section=REVIEW"
"2025","2025-06-07","20250607LGWO0","17:00","LG","1","키움","4","고척","https://www.koreabaseball.com/Schedule/GameCenter/Main.aspx?gameDate=20250607&gameId=20250607LGWO0&section=REVIEW"
"2025","2025-06-07","20250607LTOB0","17:00","롯데","9","두산","4","잠실","https://www.koreabaseball.com/Schedule/GameCenter/Main.aspx?gameDate=20250607&gameId=20250607LTOB0&section=REVIEW"
"2025","2025-06-07","20250607NCSS0","17:00","NC","11","삼성","7","대구","https://www.koreabaseball.com/Schedule/GameCenter/Main.aspx?gameDate=20250607&gameId=20250607NCSS0&section=REVIEW"
"2025","2025-06-07","20250607SKKT0","17:00","SSG","2","KT","3","수원","https://www.koreabaseball.com/Schedule/GameCenter/Main.aspx?gameDate=20250607&gameId=20250607SKKT0&section=REVIEW"
"2025","2025-06-08","20250608HHHT0","17:00","한화","6","KIA","7","광주","https://www.koreabaseball.com/Schedule/GameCenter/Main.aspx?gameDate=20250608&gameId=20250608HHHT0&section=REVIEW"
"2025","2025-06-08","20250608LGWO0","14:00","LG","7","키움","2","고척","https://www.koreabaseball.com/Schedule/GameCenter/Main.aspx?gameDate=20250608&gameId=20250608LGWO0&section=REVIEW"
"2025","2025-06-08","20250608LTOB0","17:00","롯데","4","두산","2","잠실","https://www.koreabaseball.com/Schedule/GameCenter/Main.aspx?gameDate=20250608&gameId=20250608LTOB0&section=REVIEW"
"2025","2025-06-08","20250608NCSS0","17:00","NC","0","삼성","1","대구","https://www.koreabaseball.com/Schedule/GameCenter/Main.aspx?gameDate=20250608&gameId=20250608NCSS0&section=REVIEW"
"2025","2025-06-08","20250608SKKT0","17:00","SSG","3","KT","2","수원","https://www.koreabaseball.com/Schedule/GameCenter/Main.aspx?gameDate=20250608&gameId=20250608SKKT0&section=REVIEW"
"2025","2025-06-10","20250610LTKT0","18:30","롯데","3","KT","12","수원","https://www.koreabaseball.com/Schedule/GameCenter/Main.aspx?gameDate=20250610&gameId=20250610LTKT0&section=REVIEW"
"2025","2025-06-10","20250610NCWO0","18:30","NC","2","키움","2","고척","https://www.koreabaseball.com/Schedule/GameCenter/Main.aspx?gameDate=20250610&gameId=20250610NCWO0&section=REVIEW"
"2025","2025-06-10","20250610OBHH0","18:30","두산","2","한화","6","대전","https://www.koreabaseball.com/Schedule/GameCenter/Main.aspx?gameDate=20250610&gameId=20250610OBHH0&section=REVIEW"
"2025","2025-06-10","20250610SKLG0","18:30","SSG","6","LG","2","잠실","https://www.koreabaseball.com/Schedule/GameCenter/Main.aspx?gameDate=20250610&gameId=20250610SKLG0&section=REVIEW"
"2025","2025-06-10","20250610SSHT0","18:30","삼성","8","KIA","0","광주","https://www.koreabaseball.com/Schedule/GameCenter/Main.aspx?gameDate=20250610&gameId=20250610SSHT0&section=REVIEW"
"2025","2025-06-11","20250611LTKT0","18:30","롯데","4","KT","3","수원","https://www.koreabaseball.com/Schedule/GameCenter/Main.aspx?gameDate=20250611&gameId=20250611LTKT0&section=REVIEW"
"2025","2025-06-11","20250611NCWO0","18:30","NC","7","키움","1","고척","https://www.koreabaseball.com/Schedule/GameCenter/Main.aspx?gameDate=20250611&gameId=20250611NCWO0&section=REVIEW"
"2025","2025-06-11","20250611OBHH0","18:30","두산","1","한화","9","대전","https://www.koreabaseball.com/Schedule/GameCenter/Main.aspx?gameDate=20250611&gameId=20250611OBHH0&section=REVIEW"
"2025","2025-06-11","20250611SKLG0","18:30","SSG","4","LG","6","잠실","https://www.koreabaseball.com/Schedule/GameCenter/Main.aspx?gameDate=20250611&gameId=20250611SKLG0&section=REVIEW"
"2025","2025-06-11","20250611SSHT0","18:30","삼성","3","KIA","6","광주","https://www.koreabaseball.com/Schedule/GameCenter/Main.aspx?gameDate=20250611&gameId=20250611SSHT0&section=REVIEW"
"2025","2025-06-12","20250612LTKT0","18:30","롯데","12","KT","7","수원","https://www.koreabaseball.com/Schedule/GameCenter/Main.aspx?gameDate=20250612&gameId=20250612LTKT0&section=REVIEW"
"2025","2025-06-12","20250612NCWO0","18:30","NC","8","키움","6","고척","https://www.koreabaseball.com/Schedule/GameCenter/Main.aspx?gameDate=20250612&gameId=20250612NCWO0&section=REVIEW"
"2025","2025-06-12","20250612OBHH0","18:30","두산","2","한화","3","대전","https://www.koreabaseball.com/Schedule/GameCenter/Main.aspx?gameDate=20250612&gameId=20250612OBHH0&section=REVIEW"
"2025","2025-06-12","20250612SKLG0","18:30","SSG","6","LG","8","잠실","https://www.koreabaseball.com/Schedule/GameCenter/Main.aspx?gameDate=20250612&gameId=20250612SKLG0&section=REVIEW"
"2025","2025-06-12","20250612SSHT0","18:30","삼성","2","KIA","1","광주","https://www.koreabaseball.com/Schedule/GameCenter/Main.aspx?gameDate=20250612&gameId=20250612SSHT0&section=REVIEW"
"2025","2025-06-13","20250613HTNC0","18:30","KIA","1","NC","4","창원","https://www.koreabaseball.com/Schedule/GameCenter/Main.aspx?gameDate=20250613&gameId=20250613HTNC0&section=REVIEW"
"2025","2025-06-14","20250614HTNC0","17:00","KIA","9","NC","8","창원","https://www.koreabaseball.com/Schedule/GameCenter/Main.aspx?gameDate=20250614&gameId=20250614HTNC0&section=REVIEW"
"2025","2025-06-14","20250614KTSS0","17:00","KT","10","삼성","3","대구","https://www.koreabaseball.com/Schedule/GameCenter/Main.aspx?gameDate=20250614&gameId=20250614KTSS0&section=REVIEW"
"2025","2025-06-14","20250614LGHH0","17:00","LG","2","한화","2","대전","https://www.koreabaseball.com/Schedule/GameCenter/Main.aspx?gameDate=20250614&gameId=20250614LGHH0&section=REVIEW"
"2025","2025-06-14","20250614LTSK0","17:00","롯데","4","SSG","2","문학","https://www.koreabaseball.com/Schedule/GameCenter/Main.aspx?gameDate=20250614&gameId=20250614LTSK0&section=REVIEW"
"2025","2025-06-14","20250614WOOB0","17:00","키움","1","두산","4","잠실","https://www.koreabaseball.com/Schedule/GameCenter/Main.aspx?gameDate=20250614&gameId=20250614WOOB0&section=REVIEW"
"2025","2025-06-15","20250615HTNC0","17:00","KIA","4","NC","2","창원","https://www.koreabaseball.com/Schedule/GameCenter/Main.aspx?gameDate=20250615&gameId=20250615HTNC0&section=REVIEW"
"2025","2025-06-15","20250615KTSS0","17:00","KT","16","삼성","4","대구","https://www.koreabaseball.com/Schedule/GameCenter/Main.aspx?gameDate=20250615&gameId=20250615KTSS0&section=REVIEW"
"2025","2025-06-15","20250615LGHH0","17:00","LG","5","한화","10","대전","https://www.koreabaseball.com/Schedule/GameCenter/Main.aspx?gameDate=20250615&gameId=20250615LGHH0&section=REVIEW"
"2025","2025-06-15","20250615LTSK0","17:00","롯데","0","SSG","1","문학","https://www.koreabaseball.com/Schedule/GameCenter/Main.aspx?gameDate=20250615&gameId=20250615LTSK0&section=REVIEW"
"2025","2025-06-15","20250615WOOB0","17:00","키움","2","두산","3","잠실","https://www.koreabaseball.com/Schedule/GameCenter/Main.aspx?gameDate=20250615&gameId=20250615WOOB0&section=REVIEW"
"2025","2025-06-17","20250617HHLT0","18:30","한화","6","롯데","0","사직","https://www.koreabaseball.com/Schedule/GameCenter/Main.aspx?gameDate=20250617&gameId=20250617HHLT0&section=REVIEW"
"2025","2025-06-17","20250617KTHT0","18:30","KT","3","KIA","10","광주","https://www.koreabaseball.com/Schedule/GameCenter/Main.aspx?gameDate=20250617&gameId=20250617KTHT0&section=REVIEW"
"2025","2025-06-17","20250617NCLG0","18:30","NC","6","LG","2","잠실","https://www.koreabaseball.com/Schedule/GameCenter/Main.aspx?gameDate=20250617&gameId=20250617NCLG0&section=REVIEW"
"2025","2025-06-17","20250617OBSS0","18:30","두산","1","삼성","12","대구","https://www.koreabaseball.com/Schedule/GameCenter/Main.aspx?gameDate=20250617&gameId=20250617OBSS0&section=REVIEW"
"2025","2025-06-17","20250617SKWO0","18:30","SSG","11","키움","1","고척","https://www.koreabaseball.com/Schedule/GameCenter/Main.aspx?gameDate=20250617&gameId=20250617SKWO0&section=REVIEW"
"2025","2025-06-18","20250618HHLT0","18:30","한화","3","롯데","6","사직","https://www.koreabaseball.com/Schedule/GameCenter/Main.aspx?gameDate=20250618&gameId=20250618HHLT0&section=REVIEW"
"2025","2025-06-18","20250618KTHT0","18:30","KT","3","KIA","5","광주","https://www.koreabaseball.com/Schedule/GameCenter/Main.aspx?gameDate=20250618&gameId=20250618KTHT0&section=REVIEW"
"2025","2025-06-18","20250618NCLG0","18:30","NC","8","LG","9","잠실","https://www.koreabaseball.com/Schedule/GameCenter/Main.aspx?gameDate=20250618&gameId=20250618NCLG0&section=REVIEW"
"2025","2025-06-18","20250618OBSS0","18:30","두산","3","삼성","6","대구","https://www.koreabaseball.com/Schedule/GameCenter/Main.aspx?gameDate=20250618&gameId=20250618OBSS0&section=REVIEW"
"2025","2025-06-18","20250618SKWO0","18:30","SSG","2","키움","3","고척","https://www.koreabaseball.com/Schedule/GameCenter/Main.aspx?gameDate=20250618&gameId=20250618SKWO0&section=REVIEW"
"2025","2025-06-19","20250619HHLT0","18:30","한화","3","롯데","4","사직","https://www.koreabaseball.com/Schedule/GameCenter/Main.aspx?gameDate=20250619&gameId=20250619HHLT0&section=REVIEW"
"2025","2025-06-19","20250619KTHT0","18:30","KT","0","KIA","5","광주","https://www.koreabaseball.com/Schedule/GameCenter/Main.aspx?gameDate=20250619&gameId=20250619KTHT0&section=REVIEW"
"2025","2025-06-19","20250619NCLG0","18:30","NC","3","LG","0","잠실","https://www.koreabaseball.com/Schedule/GameCenter/Main.aspx?gameDate=20250619&gameId=20250619NCLG0&section=REVIEW"
"2025","2025-06-19","20250619OBSS0","18:30","두산","9","삼성","8","대구","https://www.koreabaseball.com/Schedule/GameCenter/Main.aspx?gameDate=20250619&gameId=20250619OBSS0&section=REVIEW"
"2025","2025-06-19","20250619SKWO0","18:30","SSG","4","키움","2","고척","https://www.koreabaseball.com/Schedule/GameCenter/Main.aspx?gameDate=20250619&gameId=20250619SKWO0&section=REVIEW"
"2025","2025-06-20","20250620SSLT0","18:30","삼성","1","롯데","3","사직","https://www.koreabaseball.com/Schedule/GameCenter/Main.aspx?gameDate=20250620&gameId=20250620SSLT0&section=REVIEW"
"2025","2025-06-21","20250621HTSK0","17:00","KIA","5","SSG","5","문학","https://www.koreabaseball.com/Schedule/GameCenter/Main.aspx?gameDate=20250621&gameId=20250621HTSK0&section=REVIEW"
"2025","2025-06-21","20250621NCKT0","17:00","NC","5","KT","7","수원","https://www.koreabaseball.com/Schedule/GameCenter/Main.aspx?gameDate=20250621&gameId=20250621NCKT0&section=REVIEW"
"2025","2025-06-21","20250621OBLG0","17:00","두산","6","LG","5","잠실","https://www.koreabaseball.com/Schedule/GameCenter/Main.aspx?gameDate=20250621&gameId=20250621OBLG0&section=REVIEW"
"2025","2025-06-22","20250622HTSK0","17:00","KIA","5","SSG","4","문학","https://www.koreabaseball.com/Schedule/GameCenter/Main.aspx?gameDate=20250622&gameId=20250622HTSK0&section=REVIEW"
"2025","2025-06-22","20250622NCKT0","17:00","NC","2","KT","0","수원","https://www.koreabaseball.com/Schedule/GameCenter/Main.aspx?gameDate=20250622&gameId=20250622NCKT0&section=REVIEW"
"2025","2025-06-22","20250622OBLG0","17:00","두산","5","LG","13","잠실","https://www.koreabaseball.com/Schedule/GameCenter/Main.aspx?gameDate=20250622&gameId=20250622OBLG0&section=REVIEW"
"2025","2025-06-22","20250622SSLT0","17:00","삼성","6","롯데","9","사직","https://www.koreabaseball.com/Schedule/GameCenter/Main.aspx?gameDate=20250622&gameId=20250622SSLT0&section=REVIEW"
"2025","2025-06-22","20250622WOHH0","17:00","키움","4","한화","10","대전","https://www.koreabaseball.com/Schedule/GameCenter/Main.aspx?gameDate=20250622&gameId=20250622WOHH0&section=REVIEW"
"2025","2025-06-24","20250624HTWO0","18:30","KIA","6","키움","9","고척","https://www.koreabaseball.com/Schedule/GameCenter/Main.aspx?gameDate=20250624&gameId=20250624HTWO0&section=REVIEW"
"2025","2025-06-24","20250624LGKT0","18:30","LG","0","KT","5","수원","https://www.koreabaseball.com/Schedule/GameCenter/Main.aspx?gameDate=20250624&gameId=20250624LGKT0&section=REVIEW"
"2025","2025-06-24","20250624SKOB0","18:30","SSG","0","두산","5","잠실","https://www.koreabaseball.com/Schedule/GameCenter/Main.aspx?gameDate=20250624&gameId=20250624SKOB0&section=REVIEW"
"2025","2025-06-25","20250625HHSS0","18:30","한화","2","삼성","7","대구","https://www.koreabaseball.com/Schedule/GameCenter/Main.aspx?gameDate=20250625&gameId=20250625HHSS0&section=REVIEW"
"2025","2025-06-25","20250625HTWO0","18:30","KIA","6","키움","3","고척","https://www.koreabaseball.com/Schedule/GameCenter/Main.aspx?gameDate=20250625&gameId=20250625HTWO0&section=REVIEW"
"2025","2025-06-25","20250625LTNC0","18:30","롯데","2","NC","7","창원","https://www.koreabaseball.com/Schedule/GameCenter/Main.aspx?gameDate=20250625&gameId=20250625LTNC0&section=REVIEW"
"2025","2025-06-26","20250626HHSS0","18:30","한화","3","삼성","1","대구","https://www.koreabaseball.com/Schedule/GameCenter/Main.aspx?gameDate=20250626&gameId=20250626HHSS0&section=REVIEW"
"2025","2025-06-26","20250626HTWO0","18:30","KIA","5","키움","5","고척","https://www.koreabaseball.com/Schedule/GameCenter/Main.aspx?gameDate=20250626&gameId=20250626HTWO0&section=REVIEW"
"2025","2025-06-26","20250626LGKT0","18:30","LG","4","KT","3","수원","https://www.koreabaseball.com/Schedule/GameCenter/Main.aspx?gameDate=20250626&gameId=20250626LGKT0&section=REVIEW"
"2025","2025-06-26","20250626LTNC0","18:30","롯데","7","NC","6","창원","https://www.koreabaseball.com/Schedule/GameCenter/Main.aspx?gameDate=20250626&gameId=20250626LTNC0&section=REVIEW"
"2025","2025-06-26","20250626SKOB0","18:30","SSG","4","두산","1","잠실","https://www.koreabaseball.com/Schedule/GameCenter/Main.aspx?gameDate=20250626&gameId=20250626SKOB0&section=REVIEW"
"2025","2025-06-27","20250627HHSK0","18:30","한화","6","SSG","8","문학","https://www.koreabaseball.com/Schedule/GameCenter/Main.aspx?gameDate=20250627&gameId=20250627HHSK0&section=REVIEW"
"2025","2025-06-27","20250627HTLG0","18:30","KIA","3","LG","4","잠실","https://www.koreabaseball.com/Schedule/GameCenter/Main.aspx?gameDate=20250627&gameId=20250627HTLG0&section=REVIEW"
"2025","2025-06-27","20250627KTLT0","18:30","KT","11","롯데","8","사직","https://www.koreabaseball.com/Schedule/GameCenter/Main.aspx?gameDate=20250627&gameId=20250627KTLT0&section=REVIEW"
"2025","2025-06-27","20250627OBNC0","18:30","두산","9","NC","10","창원","https://www.koreabaseball.com/Schedule/GameCenter/Main.aspx?gameDate=20250627&gameId=20250627OBNC0&section=REVIEW"
"2025","2025-06-27","20250627SSWO0","18:30","삼성","4","키움","5","고척","https://www.koreabaseball.com/Schedule/GameCenter/Main.aspx?gameDate=20250627&gameId=20250627SSWO0&section=REVIEW"
"2025","2025-06-28","20250628HHSK0","17:00","한화","5","SSG","2","문학","https://www.koreabaseball.com/Schedule/GameCenter/Main.aspx?gameDate=20250628&gameId=20250628HHSK0&section=REVIEW"
"2025","2025-06-28","20250628HTLG0","17:00","KIA","9","LG","8","잠실","https://www.koreabaseball.com/Schedule/GameCenter/Main.aspx?gameDate=20250628&gameId=20250628HTLG0&section=REVIEW"
"2025","2025-06-28","20250628KTLT0","17:00","KT","4","롯데","0","사직","https://www.koreabaseball.com/Schedule/GameCenter/Main.aspx?gameDate=20250628&gameId=20250628KTLT0&section=REVIEW"
"2025","2025-06-28","20250628OBNC0","17:00","두산","1","NC","3","창원","https://www.koreabaseball.com/Schedule/GameCenter/Main.aspx?gameDate=20250628&gameId=20250628OBNC0&section=REVIEW"
"2025","2025-06-28","20250628SSWO0","17:00","삼성","0","키움","9","고척","https://www.koreabaseball.com/Schedule/GameCenter/Main.aspx?gameDate=20250628&gameId=20250628SSWO0&section=REVIEW"
"2025","2025-06-29","20250629HHSK0","17:00","한화","0","SSG","2","문학","https://www.koreabaseball.com/Schedule/GameCenter/Main.aspx?gameDate=20250629&gameId=20250629HHSK0&section=REVIEW"
"2025","2025-06-29","20250629HTLG0","17:00","KIA","12","LG","2","잠실","https://www.koreabaseball.com/Schedule/GameCenter/Main.aspx?gameDate=20250629&gameId=20250629HTLG0&section=REVIEW"
"2025","2025-06-29","20250629KTLT0","17:00","KT","5","롯데","10","사직","https://www.koreabaseball.com/Schedule/GameCenter/Main.aspx?gameDate=20250629&gameId=20250629KTLT0&section=REVIEW"
"2025","2025-06-29","20250629OBNC0","17:00","두산","7","NC","3","창원","https://www.koreabaseball.com/Schedule/GameCenter/Main.aspx?gameDate=20250629&gameId=20250629OBNC0&section=REVIEW"
"2025","2025-06-29","20250629SSWO0","14:00","삼성","7","키움","10","고척","https://www.koreabaseball.com/Schedule/GameCenter/Main.aspx?gameDate=20250629&gameId=20250629SSWO0&section=REVIEW"
"2025","2025-07-01","20250701LGLT0","18:30","LG","3","롯데","2","사직","https://www.koreabaseball.com/Schedule/GameCenter/Main.aspx?gameDate=20250701&gameId=20250701LGLT0&section=REVIEW"
"2025","2025-07-01","20250701NCHH0","18:30","NC","4","한화","8","대전","https://www.koreabaseball.com/Schedule/GameCenter/Main.aspx?gameDate=20250701&gameId=20250701NCHH0&section=REVIEW"
"2025","2025-07-01","20250701SKHT0","18:30","SSG","2","KIA","3","광주","https://www.koreabaseball.com/Schedule/GameCenter/Main.aspx?gameDate=20250701&gameId=20250701SKHT0&section=REVIEW"
"2025","2025-07-01","20250701SSOB0","18:30","삼성","4","두산","1","잠실","https://www.koreabaseball.com/Schedule/GameCenter/Main.aspx?gameDate=20250701&gameId=20250701SSOB0&section=REVIEW"
"2025","2025-07-01","20250701WOKT0","18:30","키움","7","KT","3","수원","https://www.koreabaseball.com/Schedule/GameCenter/Main.aspx?gameDate=20250701&gameId=20250701WOKT0&section=REVIEW"
"2025","2025-07-02","20250702LGLT0","18:30","LG","2","롯데","5","사직","https://www.koreabaseball.com/Schedule/GameCenter/Main.aspx?gameDate=20250702&gameId=20250702LGLT0&section=REVIEW"
"2025","2025-07-02","20250702NCHH0","18:30","NC","2","한화","0","대전","https://www.koreabaseball.com/Schedule/GameCenter/Main.aspx?gameDate=20250702&gameId=20250702NCHH0&section=REVIEW"
"2025","2025-07-02","20250702SKHT0","18:30","SSG","8","KIA","5","광주","https://www.koreabaseball.com/Schedule/GameCenter/Main.aspx?gameDate=20250702&gameId=20250702SKHT0&section=REVIEW"
"2025","2025-07-02","20250702SSOB0","18:30","삼성","0","두산","5","잠실","https://www.koreabaseball.com/Schedule/GameCenter/Main.aspx?gameDate=20250702&gameId=20250702SSOB0&section=REVIEW"
"2025","2025-07-02","20250702WOKT0","18:30","키움","2","KT","4","수원","https://www.koreabaseball.com/Schedule/GameCenter/Main.aspx?gameDate=20250702&gameId=20250702WOKT0&section=REVIEW"
"2025","2025-07-03","20250703LGLT0","18:30","LG","0","롯데","2","사직","https://www.koreabaseball.com/Schedule/GameCenter/Main.aspx?gameDate=20250703&gameId=20250703LGLT0&section=REVIEW"
"2025","2025-07-03","20250703NCHH0","18:30","NC","7","한화","7","대전","https://www.koreabaseball.com/Schedule/GameCenter/Main.aspx?gameDate=20250703&gameId=20250703NCHH0&section=REVIEW"
"2025","2025-07-03","20250703SKHT0","18:30","SSG","2","KIA","3","광주","https://www.koreabaseball.com/Schedule/GameCenter/Main.aspx?gameDate=20250703&gameId=20250703SKHT0&section=REVIEW"
"2025","2025-07-03","20250703SSOB0","18:30","삼성","6","두산","4","잠실","https://www.koreabaseball.com/Schedule/GameCenter/Main.aspx?gameDate=20250703&gameId=20250703SSOB0&section=REVIEW"
"2025","2025-07-03","20250703WOKT0","18:30","키움","2","KT","6","수원","https://www.koreabaseball.com/Schedule/GameCenter/Main.aspx?gameDate=20250703&gameId=20250703WOKT0&section=REVIEW"
"2025","2025-07-04","20250704HHWO0","18:30","한화","2","키움","1","고척","https://www.koreabaseball.com/Schedule/GameCenter/Main.aspx?gameDate=20250704&gameId=20250704HHWO0&section=REVIEW"
"2025","2025-07-04","20250704KTOB0","18:30","KT","6","두산","3","잠실","https://www.koreabaseball.com/Schedule/GameCenter/Main.aspx?gameDate=20250704&gameId=20250704KTOB0&section=REVIEW"
"2025","2025-07-04","20250704LGSS0","18:30","LG","1","삼성","4","대구","https://www.koreabaseball.com/Schedule/GameCenter/Main.aspx?gameDate=20250704&gameId=20250704LGSS0&section=REVIEW"
"2025","2025-07-04","20250704LTHT0","18:30","롯데","5","KIA","7","광주","https://www.koreabaseball.com/Schedule/GameCenter/Main.aspx?gameDate=20250704&gameId=20250704LTHT0&section=REVIEW"
"2025","2025-07-04","20250704SKNC0","18:30","SSG","4","NC","0","창원","https://www.koreabaseball.com/Schedule/GameCenter/Main.aspx?gameDate=20250704&gameId=20250704SKNC0&section=REVIEW"
"2025","2025-07-05","20250705HHWO0","18:00","한화","6","키움","4","고척","https://www.koreabaseball.com/Schedule/GameCenter/Main.aspx?gameDate=20250705&gameId=20250705HHWO0&section=REVIEW"
"2025","2025-07-05","20250705KTOB0","18:00","KT","2","두산","6","잠실","https://www.koreabaseball.com/Schedule/GameCenter/Main.aspx?gameDate=20250705&gameId=20250705KTOB0&section=REVIEW"
"2025","2025-07-05","20250705LGSS0","18:00","LG","6","삼성","7","대구","https://www.koreabaseball.com/Schedule/GameCenter/Main.aspx?gameDate=20250705&gameId=20250705LGSS0&section=REVIEW"
"2025","2025-07-05","20250705LTHT0","18:00","롯데","0","KIA","13","광주","https://www.koreabaseball.com/Schedule/GameCenter/Main.aspx?gameDate=20250705&gameId=20250705LTHT0&section=REVIEW"
"2025","2025-07-05","20250705SKNC0","18:00","SSG","6","NC","1","창원","https://www.koreabaseball.com/Schedule/GameCenter/Main.aspx?gameDate=20250705&gameId=20250705SKNC0&section=REVIEW"
"2025","2025-07-06","20250706HHWO0","14:00","한화","10","키움","1","고척","https://www.koreabaseball.com/Schedule/GameCenter/Main.aspx?gameDate=20250706&gameId=20250706HHWO0&section=REVIEW"
"2025","2025-07-06","20250706KTOB0","18:00","KT","7","두산","8","잠실","https://www.koreabaseball.com/Schedule/GameCenter/Main.aspx?gameDate=20250706&gameId=20250706KTOB0&section=REVIEW"
"2025","2025-07-06","20250706LGSS0","18:00","LG","4","삼성","2","대구","https://www.koreabaseball.com/Schedule/GameCenter/Main.aspx?gameDate=20250706&gameId=20250706LGSS0&section=REVIEW"
"2025","2025-07-06","20250706LTHT0","18:00","롯데","5","KIA","2","광주","https://www.koreabaseball.com/Schedule/GameCenter/Main.aspx?gameDate=20250706&gameId=20250706LTHT0&section=REVIEW"
"2025","2025-07-06","20250706SKNC0","18:00","SSG","2","NC","3","창원","https://www.koreabaseball.com/Schedule/GameCenter/Main.aspx?gameDate=20250706&gameId=20250706SKNC0&section=REVIEW"
"2025","2025-07-08","20250708HTHH0","18:30","KIA","8","한화","14","대전","https://www.koreabaseball.com/Schedule/GameCenter/Main.aspx?gameDate=20250708&gameId=20250708HTHH0&section=REVIEW"
"2025","2025-07-08","20250708KTSK0","18:30","KT","1","SSG","7","문학","https://www.koreabaseball.com/Schedule/GameCenter/Main.aspx?gameDate=20250708&gameId=20250708KTSK0&section=REVIEW"
"2025","2025-07-08","20250708OBLT0","18:30","두산","8","롯데","5","사직","https://www.koreabaseball.com/Schedule/GameCenter/Main.aspx?gameDate=20250708&gameId=20250708OBLT0&section=REVIEW"
"2025","2025-07-08","20250708SSNC0","18:30","삼성","9","NC","10","창원","https://www.koreabaseball.com/Schedule/GameCenter/Main.aspx?gameDate=20250708&gameId=20250708SSNC0&section=REVIEW"
"2025","2025-07-08","20250708WOLG0","18:30","키움","3","LG","4","잠실","https://www.koreabaseball.com/Schedule/GameCenter/Main.aspx?gameDate=20250708&gameId=20250708WOLG0&section=REVIEW"
"2025","2025-07-09","20250709HTHH0","18:30","KIA","4","한화","7","대전","https://www.koreabaseball.com/Schedule/GameCenter/Main.aspx?gameDate=20250709&gameId=20250709HTHH0&section=REVIEW"
"2025","2025-07-09","20250709KTSK0","18:30","KT","10","SSG","3","문학","https://www.koreabaseball.com/Schedule/GameCenter/Main.aspx?gameDate=20250709&gameId=20250709KTSK0&section=REVIEW"
"2025","2025-07-09","20250709OBLT0","18:30","두산","4","롯데","5","사직","https://www.koreabaseball.com/Schedule/GameCenter/Main.aspx?gameDate=20250709&gameId=20250709OBLT0&section=REVIEW"
"2025","2025-07-09","20250709SSNC0","18:30","삼성","0","NC","3","창원","https://www.koreabaseball.com/Schedule/GameCenter/Main.aspx?gameDate=20250709&gameId=20250709SSNC0&section=REVIEW"
"2025","2025-07-09","20250709WOLG0","18:30","키움","6","LG","12","잠실","https://www.koreabaseball.com/Schedule/GameCenter/Main.aspx?gameDate=20250709&gameId=20250709WOLG0&section=REVIEW"
"2025","2025-07-10","20250710HTHH0","18:30","KIA","2","한화","3","대전","https://www.koreabaseball.com/Schedule/GameCenter/Main.aspx?gameDate=20250710&gameId=20250710HTHH0&section=REVIEW"
"2025","2025-07-10","20250710KTSK0","18:30","KT","4","SSG","2","문학","https://www.koreabaseball.com/Schedule/GameCenter/Main.aspx?gameDate=20250710&gameId=20250710KTSK0&section=REVIEW"
"2025","2025-07-10","20250710OBLT0","18:30","두산","9","롯데","0","사직","https://www.koreabaseball.com/Schedule/GameCenter/Main.aspx?gameDate=20250710&gameId=20250710OBLT0&section=REVIEW"
"2025","2025-07-10","20250710SSNC0","18:30","삼성","5","NC","7","창원","https://www.koreabaseball.com/Schedule/GameCenter/Main.aspx?gameDate=20250710&gameId=20250710SSNC0&section=REVIEW"
"2025","2025-07-10","20250710WOLG0","18:30","키움","4","LG","3","잠실","https://www.koreabaseball.com/Schedule/GameCenter/Main.aspx?gameDate=20250710&gameId=20250710WOLG0&section=REVIEW"
"2025","2025-07-18","20250718HHKT0","18:30","한화","5","KT","0","수원","https://www.koreabaseball.com/Schedule/GameCenter/Main.aspx?gameDate=20250718&gameId=20250718HHKT0&section=REVIEW"
"2025","2025-07-18","20250718LTLG0","18:30","롯데","1","LG","2","잠실","https://www.koreabaseball.com/Schedule/GameCenter/Main.aspx?gameDate=20250718&gameId=20250718LTLG0&section=REVIEW"
"2025","2025-07-19","20250719HHKT0","18:00","한화","6","KT","5","수원","https://www.koreabaseball.com/Schedule/GameCenter/Main.aspx?gameDate=20250719&gameId=20250719HHKT0&section=REVIEW"
"2025","2025-07-19","20250719LTLG0","18:00","롯데","6","LG","1","잠실","https://www.koreabaseball.com/Schedule/GameCenter/Main.aspx?gameDate=20250719&gameId=20250719LTLG0&section=REVIEW"
"2025","2025-07-19","20250719OBSK0","18:00","두산","5","SSG","0","문학","https://www.koreabaseball.com/Schedule/GameCenter/Main.aspx?gameDate=20250719&gameId=20250719OBSK0&section=REVIEW"
"2025","2025-07-20","20250720HHKT0","18:00","한화","10","KT","0","수원","https://www.koreabaseball.com/Schedule/GameCenter/Main.aspx?gameDate=20250720&gameId=20250720HHKT0&section=REVIEW"
"2025","2025-07-20","20250720LTLG0","18:00","롯데","2","LG","3","잠실","https://www.koreabaseball.com/Schedule/GameCenter/Main.aspx?gameDate=20250720&gameId=20250720LTLG0&section=REVIEW"
"2025","2025-07-20","20250720NCHT0","18:00","NC","2","KIA","3","광주","https://www.koreabaseball.com/Schedule/GameCenter/Main.aspx?gameDate=20250720&gameId=20250720NCHT0&section=REVIEW"
"2025","2025-07-20","20250720OBSK0","18:00","두산","2","SSG","1","문학","https://www.koreabaseball.com/Schedule/GameCenter/Main.aspx?gameDate=20250720&gameId=20250720OBSK0&section=REVIEW"
"2025","2025-07-20","20250720WOSS0","18:00","키움","10","삼성","15","대구","https://www.koreabaseball.com/Schedule/GameCenter/Main.aspx?gameDate=20250720&gameId=20250720WOSS0&section=REVIEW"
"2025","2025-07-22","20250722HHOB0","18:30","한화","2","두산","1","잠실","https://www.koreabaseball.com/Schedule/GameCenter/Main.aspx?gameDate=20250722&gameId=20250722HHOB0&section=REVIEW"
"2025","2025-07-22","20250722KTNC0","18:30","KT","7","NC","0","창원","https://www.koreabaseball.com/Schedule/GameCenter/Main.aspx?gameDate=20250722&gameId=20250722KTNC0&section=REVIEW"
"2025","2025-07-22","20250722LGHT0","18:30","LG","9","KIA","7","광주","https://www.koreabaseball.com/Schedule/GameCenter/Main.aspx?gameDate=20250722&gameId=20250722LGHT0&section=REVIEW"
"2025","2025-07-22","20250722LTWO0","18:30","롯데","3","키움","6","고척","https://www.koreabaseball.com/Schedule/GameCenter/Main.aspx?gameDate=20250722&gameId=20250722LTWO0&section=REVIEW"
"2025","2025-07-22","20250722SKSS0","18:30","SSG","5","삼성","7","대구","https://www.koreabaseball.com/Schedule/GameCenter/Main.aspx?gameDate=20250722&gameId=20250722SKSS0&section=REVIEW"
"2025","2025-07-23","20250723HHOB0","18:30","한화","2","두산","13","잠실","https://www.koreabaseball.com/Schedule/GameCenter/Main.aspx?gameDate=20250723&gameId=20250723HHOB0&section=REVIEW"
"2025","2025-07-23","20250723KTNC0","18:30","KT","9","NC","2","창원","https://www.koreabaseball.com/Schedule/GameCenter/Main.aspx?gameDate=20250723&gameId=20250723KTNC0&section=REVIEW"
"2025","2025-07-23","20250723LGHT0","18:30","LG","6","KIA","5","광주","https://www.koreabaseball.com/Schedule/GameCenter/Main.aspx?gameDate=20250723&gameId=20250723LGHT0&section=REVIEW"
"2025","2025-07-23","20250723LTWO0","18:30","롯데","4","키움","1","고척","https://www.koreabaseball.com/Schedule/GameCenter/Main.aspx?gameDate=20250723&gameId=20250723LTWO0&section=REVIEW"
"2025","2025-07-23","20250723SKSS0","18:30","SSG","0","삼성","9","대구","https://www.koreabaseball.com/Schedule/GameCenter/Main.aspx?gameDate=20250723&gameId=20250723SKSS0&section=REVIEW"
"2025","2025-07-24","20250724HHOB0","18:30","한화","4","두산","4","잠실","https://www.koreabaseball.com/Schedule/GameCenter/Main.aspx?gameDate=20250724&gameId=20250724HHOB0&section=REVIEW"
"2025","2025-07-24","20250724KTNC0","18:30","KT","5","NC","4","창원","https://www.koreabaseball.com/Schedule/GameCenter/Main.aspx?gameDate=20250724&gameId=20250724KTNC0&section=REVIEW"
"2025","2025-07-24","20250724LGHT0","18:30","LG","8","KIA","0","광주","https://www.koreabaseball.com/Schedule/GameCenter/Main.aspx?gameDate=20250724&gameId=20250724LGHT0&section=REVIEW"
"2025","2025-07-24","20250724LTWO0","18:30","롯데","4","키움","0","고척","https://www.koreabaseball.com/Schedule/GameCenter/Main.aspx?gameDate=20250724&gameId=20250724LTWO0&section=REVIEW"
"2025","2025-07-24","20250724SKSS0","18:30","SSG","3","삼성","1","대구","https://www.koreabaseball.com/Schedule/GameCenter/Main.aspx?gameDate=20250724&gameId=20250724SKSS0&section=REVIEW"
"2025","2025-07-25","20250725HTLT0","18:30","KIA","4","롯데","7","사직","https://www.koreabaseball.com/Schedule/GameCenter/Main.aspx?gameDate=20250725&gameId=20250725HTLT0&section=REVIEW"
"2025","2025-07-25","20250725LGOB0","18:30","LG","6","두산","5","잠실","https://www.koreabaseball.com/Schedule/GameCenter/Main.aspx?gameDate=20250725&gameId=20250725LGOB0&section=REVIEW"
"2025","2025-07-25","20250725SKHH0","18:30","SSG","0","한화","4","대전","https://www.koreabaseball.com/Schedule/GameCenter/Main.aspx?gameDate=20250725&gameId=20250725SKHH0&section=REVIEW"
"2025","2025-07-25","20250725SSKT0","18:30","삼성","5","KT","8","수원","https://www.koreabaseball.com/Schedule/GameCenter/Main.aspx?gameDate=20250725&gameId=20250725SSKT0&section=REVIEW"
"2025","2025-07-25","20250725WONC0","18:30","키움","7","NC","16","창원","https://www.koreabaseball.com/Schedule/GameCenter/Main.aspx?gameDate=20250725&gameId=20250725WONC0&section=REVIEW"
"2025","2025-07-26","20250726HTLT0","18:00","KIA","4","롯데","9","사직","https://www.koreabaseball.com/Schedule/GameCenter/Main.aspx?gameDate=20250726&gameId=20250726HTLT0&section=REVIEW"
"2025","2025-07-26","20250726LGOB0","18:00","LG","4","두산","3","잠실","https://www.koreabaseball.com/Schedule/GameCenter/Main.aspx?gameDate=20250726&gameId=20250726LGOB0&section=REVIEW"
"2025","2025-07-26","20250726SKHH0","18:00","SSG","9","한화","3","대전","https://www.koreabaseball.com/Schedule/GameCenter/Main.aspx?gameDate=20250726&gameId=20250726SKHH0&section=REVIEW"
"2025","2025-07-26","20250726SSKT0","18:00","삼성","11","KT","0","수원","https://www.koreabaseball.com/Schedule/GameCenter/Main.aspx?gameDate=20250726&gameId=20250726SSKT0&section=REVIEW"
"2025","2025-07-26","20250726WONC0","18:00","키움","6","NC","8","창원","https://www.koreabaseball.com/Schedule/GameCenter/Main.aspx?gameDate=20250726&gameId=20250726WONC0&section=REVIEW"
"2025","2025-07-27","20250727HTLT0","18:00","KIA","3","롯데","5","사직","https://www.koreabaseball.com/Schedule/GameCenter/Main.aspx?gameDate=20250727&gameId=20250727HTLT0&section=REVIEW"
"2025","2025-07-27","20250727LGOB0","18:00","LG","6","두산","9","잠실","https://www.koreabaseball.com/Schedule/GameCenter/Main.aspx?gameDate=20250727&gameId=20250727LGOB0&section=REVIEW"
"2025","2025-07-27","20250727SKHH0","18:00","SSG","3","한화","2","대전","https://www.koreabaseball.com/Schedule/GameCenter/Main.aspx?gameDate=20250727&gameId=20250727SKHH0&section=REVIEW"
"2025","2025-07-27","20250727SSKT0","18:00","삼성","3","KT","4","수원","https://www.koreabaseball.com/Schedule/GameCenter/Main.aspx?gameDate=20250727&gameId=20250727SSKT0&section=REVIEW"
"2025","2025-07-27","20250727WONC0","18:00","키움","4","NC","12","창원","https://www.koreabaseball.com/Schedule/GameCenter/Main.aspx?gameDate=20250727&gameId=20250727WONC0&section=REVIEW"
"2025","2025-07-29","20250729KTLG0","18:30","KT","2","LG","8","잠실","https://www.koreabaseball.com/Schedule/GameCenter/Main.aspx?gameDate=20250729&gameId=20250729KTLG0&section=REVIEW"
"2025","2025-07-29","20250729NCLT0","18:30","NC","4","롯데","6","사직","https://www.koreabaseball.com/Schedule/GameCenter/Main.aspx?gameDate=20250729&gameId=20250729NCLT0&section=REVIEW"
"2025","2025-07-29","20250729OBHT0","18:30","두산","9","KIA","6","광주","https://www.koreabaseball.com/Schedule/GameCenter/Main.aspx?gameDate=20250729&gameId=20250729OBHT0&section=REVIEW"
"2025","2025-07-29","20250729SSHH0","18:30","삼성","9","한화","2","대전","https://www.koreabaseball.com/Schedule/GameCenter/Main.aspx?gameDate=20250729&gameId=20250729SSHH0&section=REVIEW"
"2025","2025-07-29","20250729WOSK0","18:30","키움","3","SSG","9","문학","https://www.koreabaseball.com/Schedule/GameCenter/Main.aspx?gameDate=20250729&gameId=20250729WOSK0&section=REVIEW"
"2025","2025-07-30","20250730KTLG0","18:30","KT","0","LG","5","잠실","https://www.koreabaseball.com/Schedule/GameCenter/Main.aspx?gameDate=20250730&gameId=20250730KTLG0&section=REVIEW"
"2025","2025-07-30","20250730NCLT0","18:30","NC","9","롯데","4","사직","https://www.koreabaseball.com/Schedule/GameCenter/Main.aspx?gameDate=20250730&gameId=20250730NCLT0&section=REVIEW"
"2025","2025-07-30","20250730OBHT0","18:30","두산","2","KIA","2","광주","https://www.koreabaseball.com/Schedule/GameCenter/Main.aspx?gameDate=20250730&gameId=20250730OBHT0&section=REVIEW"
"2025","2025-07-30","20250730SSHH0","18:30","삼성","0","한화","5","대전","https://www.koreabaseball.com/Schedule/GameCenter/Main.aspx?gameDate=20250730&gameId=20250730SSHH0&section=REVIEW"
"2025","2025-07-30","20250730WOSK0","18:30","키움","5","SSG","5","문학","https://www.koreabaseball.com/Schedule/GameCenter/Main.aspx?gameDate=20250730&gameId=20250730WOSK0&section=REVIEW"
"2025","2025-07-31","20250731KTLG0","18:30","KT","0","LG","18","잠실","https://www.koreabaseball.com/Schedule/GameCenter/Main.aspx?gameDate=20250731&gameId=20250731KTLG0&section=REVIEW"
"2025","2025-07-31","20250731NCLT0","18:30","NC","5","롯데","11","사직","https://www.koreabaseball.com/Schedule/GameCenter/Main.aspx?gameDate=20250731&gameId=20250731NCLT0&section=REVIEW"
"2025","2025-07-31","20250731OBHT0","18:30","두산","2","KIA","3","광주","https://www.koreabaseball.com/Schedule/GameCenter/Main.aspx?gameDate=20250731&gameId=20250731OBHT0&section=REVIEW"
"2025","2025-07-31","20250731SSHH0","18:30","삼성","1","한화","7","대전","https://www.koreabaseball.com/Schedule/GameCenter/Main.aspx?gameDate=20250731&gameId=20250731SSHH0&section=REVIEW"
"2025","2025-07-31","20250731WOSK0","18:30","키움","2","SSG","4","문학","https://www.koreabaseball.com/Schedule/GameCenter/Main.aspx?gameDate=20250731&gameId=20250731WOSK0&section=REVIEW"
"2025","2025-08-01","20250801HHHT0","18:30","한화","2","KIA","3","광주","https://www.koreabaseball.com/Schedule/GameCenter/Main.aspx?gameDate=20250801&gameId=20250801HHHT0&section=REVIEW"
"2025","2025-08-01","20250801KTNC0","18:30","KT","3","NC","5","창원","https://www.koreabaseball.com/Schedule/GameCenter/Main.aspx?gameDate=20250801&gameId=20250801KTNC0&section=REVIEW"
"2025","2025-08-01","20250801LGSS0","18:30","LG","4","삼성","2","대구","https://www.koreabaseball.com/Schedule/GameCenter/Main.aspx?gameDate=20250801&gameId=20250801LGSS0&section=REVIEW"
"2025","2025-08-01","20250801LTWO0","18:30","롯데","0","키움","2","고척","https://www.koreabaseball.com/Schedule/GameCenter/Main.aspx?gameDate=20250801&gameId=20250801LTWO0&section=REVIEW"
"2025","2025-08-01","20250801SKOB0","18:30","SSG","7","두산","2","잠실","https://www.koreabaseball.com/Schedule/GameCenter/Main.aspx?gameDate=20250801&gameId=20250801SKOB0&section=REVIEW"
"2025","2025-08-02","20250802KTNC0","18:00","KT","6","NC","7","창원","https://www.koreabaseball.com/Schedule/GameCenter/Main.aspx?gameDate=20250802&gameId=20250802KTNC0&section=REVIEW"
"2025","2025-08-02","20250802LGSS0","18:00","LG","3","삼성","2","대구","https://www.koreabaseball.com/Schedule/GameCenter/Main.aspx?gameDate=20250802&gameId=20250802LGSS0&section=REVIEW"
"2025","2025-08-02","20250802LTWO0","18:00","롯데","3","키움","2","고척","https://www.koreabaseball.com/Schedule/GameCenter/Main.aspx?gameDate=20250802&gameId=20250802LTWO0&section=REVIEW"
"2025","2025-08-02","20250802SKOB0","18:00","SSG","4","두산","5","잠실","https://www.koreabaseball.com/Schedule/GameCenter/Main.aspx?gameDate=20250802&gameId=20250802SKOB0&section=REVIEW"
"2025","2025-08-03","20250803KTNC0","18:00","KT","1","NC","1","창원","https://www.koreabaseball.com/Schedule/GameCenter/Main.aspx?gameDate=20250803&gameId=20250803KTNC0&section=REVIEW"
"2025","2025-08-03","20250803LGSS0","18:00","LG","6","삼성","3","대구","https://www.koreabaseball.com/Schedule/GameCenter/Main.aspx?gameDate=20250803&gameId=20250803LGSS0&section=REVIEW"
"2025","2025-08-03","20250803LTWO0","14:00","롯데","9","키움","3","고척","https://www.koreabaseball.com/Schedule/GameCenter/Main.aspx?gameDate=20250803&gameId=20250803LTWO0&section=REVIEW"
"2025","2025-08-03","20250803SKOB0","18:00","SSG","3","두산","2","잠실","https://www.koreabaseball.com/Schedule/GameCenter/Main.aspx?gameDate=20250803&gameId=20250803SKOB0&section=REVIEW"
"2025","2025-08-05","20250805HTLT0","18:30","KIA","2","롯데","0","사직","https://www.koreabaseball.com/Schedule/GameCenter/Main.aspx?gameDate=20250805&gameId=20250805HTLT0&section=REVIEW"
"2025","2025-08-05","20250805KTHH0","18:30","KT","5","한화","2","대전","https://www.koreabaseball.com/Schedule/GameCenter/Main.aspx?gameDate=20250805&gameId=20250805KTHH0&section=REVIEW"
"2025","2025-08-05","20250805OBLG0","18:30","두산","2","LG","4","잠실","https://www.koreabaseball.com/Schedule/GameCenter/Main.aspx?gameDate=20250805&gameId=20250805OBLG0&section=REVIEW"
"2025","2025-08-05","20250805SSSK0","18:30","삼성","6","SSG","2","문학","https://www.koreabaseball.com/Schedule/GameCenter/Main.aspx?gameDate=20250805&gameId=20250805SSSK0&section=REVIEW"
"2025","2025-08-05","20250805WONC0","18:30","키움","8","NC","5","창원","https://www.koreabaseball.com/Schedule/GameCenter/Main.aspx?gameDate=20250805&gameId=20250805WONC0&section=REVIEW"
"2025","2025-08-06","20250806HTLT0","18:30","KIA","1","롯데","7","사직","https://www.koreabaseball.com/Schedule/GameCenter/Main.aspx?gameDate=20250806&gameId=20250806HTLT0&section=REVIEW"
"2025","2025-08-06","20250806KTHH0","18:30","KT","4","한화","5","대전","https://www.koreabaseball.com/Schedule/GameCenter/Main.aspx?gameDate=20250806&gameId=20250806KTHH0&section=REVIEW"
"2025","2025-08-06","20250806OBLG0","18:30","두산","10","LG","8","잠실","https://www.koreabaseball.com/Schedule/GameCenter/Main.aspx?gameDate=20250806&gameId=20250806OBLG0&section=REVIEW"
"2025","2025-08-06","20250806SSSK0","18:30","삼성","4","SSG","5","문학","https://www.koreabaseball.com/Schedule/GameCenter/Main.aspx?gameDate=20250806&gameId=20250806SSSK0&section=REVIEW"
"2025","2025-08-06","20250806WONC0","18:30","키움","9","NC","5","창원","https://www.koreabaseball.com/Schedule/GameCenter/Main.aspx?gameDate=20250806&gameId=20250806WONC0&section=REVIEW"
"2025","2025-08-07","20250807HTLT0","18:30","KIA","6","롯데","5","사직","https://www.koreabaseball.com/Schedule/GameCenter/Main.aspx?gameDate=20250807&gameId=20250807HTLT0&section=REVIEW"
"2025","2025-08-07","20250807KTHH0","18:30","KT","5","한화","4","대전","https://www.koreabaseball.com/Schedule/GameCenter/Main.aspx?gameDate=20250807&gameId=20250807KTHH0&section=REVIEW"
"2025","2025-08-07","20250807OBLG0","18:30","두산","3","LG","4","잠실","https://www.koreabaseball.com/Schedule/GameCenter/Main.aspx?gameDate=20250807&gameId=20250807OBLG0&section=REVIEW"
"2025","2025-08-07","20250807SSSK0","18:30","삼성","6","SSG","1","문학","https://www.koreabaseball.com/Schedule/GameCenter/Main.aspx?gameDate=20250807&gameId=20250807SSSK0&section=REVIEW"
"2025","2025-08-07","20250807WONC0","18:30","키움","13","NC","12","창원","https://www.koreabaseball.com/Schedule/GameCenter/Main.aspx?gameDate=20250807&gameId=20250807WONC0&section=REVIEW"
"2025","2025-08-08","20250808HHLG0","18:30","한화","1","LG","2","잠실","https://www.koreabaseball.com/Schedule/GameCenter/Main.aspx?gameDate=20250808&gameId=20250808HHLG0&section=REVIEW"
"2025","2025-08-08","20250808HTNC0","18:30","KIA","4","NC","5","창원","https://www.koreabaseball.com/Schedule/GameCenter/Main.aspx?gameDate=20250808&gameId=20250808HTNC0&section=REVIEW"
"2025","2025-08-08","20250808OBWO0","18:30","두산","9","키움","2","고척","https://www.koreabaseball.com/Schedule/GameCenter/Main.aspx?gameDate=20250808&gameId=20250808OBWO0&section=REVIEW"
"2025","2025-08-08","20250808SKLT0","18:30","SSG","1","롯데","0","사직","https://www.koreabaseball.com/Schedule/GameCenter/Main.aspx?gameDate=20250808&gameId=20250808SKLT0&section=REVIEW"
"2025","2025-08-08","20250808SSKT0","18:30","삼성","8","KT","4","수원","https://www.koreabaseball.com/Schedule/GameCenter/Main.aspx?gameDate=20250808&gameId=20250808SSKT0&section=REVIEW"
"2025","2025-08-09","20250809HHLG0","18:00","한화","1","LG","8","잠실","https://www.koreabaseball.com/Schedule/GameCenter/Main.aspx?gameDate=20250809&gameId=20250809HHLG0&section=REVIEW"
"2025","2025-08-09","20250809OBWO0","18:00","두산","6","키움","4","고척","https://www.koreabaseball.com/Schedule/GameCenter/Main.aspx?gameDate=20250809&gameId=20250809OBWO0&section=REVIEW"
"2025","2025-08-09","20250809SSKT0","18:00","삼성","1","KT","3","수원","https://www.koreabaseball.com/Schedule/GameCenter/Main.aspx?gameDate=20250809&gameId=20250809SSKT0&section=REVIEW"
"2025","2025-08-10","20250810HHLG0","18:00","한화","5","LG","4","잠실","https://www.koreabaseball.com/Schedule/GameCenter/Main.aspx?gameDate=20250810&gameId=20250810HHLG0&section=REVIEW"
"2025","2025-08-10","20250810HTNC0","18:00","KIA","12","NC","16","창원","https://www.koreabaseball.com/Schedule/GameCenter/Main.aspx?gameDate=20250810&gameId=20250810HTNC0&section=REVIEW"
"2025","2025-08-10","20250810OBWO0","14:00","두산","3","키움","4","고척","https://www.koreabaseball.com/Schedule/GameCenter/Main.aspx?gameDate=20250810&gameId=20250810OBWO0&section=REVIEW"
"2025","2025-08-10","20250810SKLT0","18:00","SSG","10","롯데","1","사직","https://www.koreabaseball.com/Schedule/GameCenter/Main.aspx?gameDate=20250810&gameId=20250810SKLT0&section=REVIEW"
"2025","2025-08-10","20250810SSKT0","18:00","삼성","2","KT","9","수원","https://www.koreabaseball.com/Schedule/GameCenter/Main.aspx?gameDate=20250810&gameId=20250810SSKT0&section=REVIEW"
"2025","2025-08-12","20250812HTSS0","18:30","KIA","5","삼성","1","대구","https://www.koreabaseball.com/Schedule/GameCenter/Main.aspx?gameDate=20250812&gameId=20250812HTSS0&section=REVIEW"
"2025","2025-08-12","20250812LGKT0","18:30","LG","11","KT","2","수원","https://www.koreabaseball.com/Schedule/GameCenter/Main.aspx?gameDate=20250812&gameId=20250812LGKT0&section=REVIEW"
"2025","2025-08-12","20250812LTHH0","18:30","롯데","0","한화","2","대전","https://www.koreabaseball.com/Schedule/GameCenter/Main.aspx?gameDate=20250812&gameId=20250812LTHH0&section=REVIEW"
"2025","2025-08-12","20250812NCOB0","18:30","NC","3","두산","2","잠실","https://www.koreabaseball.com/Schedule/GameCenter/Main.aspx?gameDate=20250812&gameId=20250812NCOB0&section=REVIEW"
"2025","2025-08-12","20250812WOSK0","18:30","키움","1","SSG","3","문학","https://www.koreabaseball.com/Schedule/GameCenter/Main.aspx?gameDate=20250812&gameId=20250812WOSK0&section=REVIEW"
"2025","2025-08-13","20250813HTSS0","18:30","KIA","9","삼성","1","대구","https://www.koreabaseball.com/Schedule/GameCenter/Main.aspx?gameDate=20250813&gameId=20250813HTSS0&section=REVIEW"
"2025","2025-08-13","20250813LTHH0","18:30","롯데","0","한화","6","대전","https://www.koreabaseball.com/Schedule/GameCenter/Main.aspx?gameDate=20250813&gameId=20250813LTHH0&section=REVIEW"
"2025","2025-08-14","20250814HTSS0","18:30","KIA","10","삼성","4","대구","https://www.koreabaseball.com/Schedule/GameCenter/Main.aspx?gameDate=20250814&gameId=20250814HTSS0&section=REVIEW"
"2025","2025-08-14","20250814LTHH0","18:30","롯데","4","한화","5","대전","https://www.koreabaseball.com/Schedule/GameCenter/Main.aspx?gameDate=20250814&gameId=20250814LTHH0&section=REVIEW"
"2025","2025-08-14","20250814NCOB0","18:30","NC","5","두산","6","잠실","https://www.koreabaseball.com/Schedule/GameCenter/Main.aspx?gameDate=20250814&gameId=20250814NCOB0&section=REVIEW"
"2025","2025-08-14","20250814WOSK0","18:30","키움","2","SSG","0","문학","https://www.koreabaseball.com/Schedule/GameCenter/Main.aspx?gameDate=20250814&gameId=20250814WOSK0&section=REVIEW"
"2025","2025-08-15","20250815HHNC0","18:00","한화","9","NC","2","창원","https://www.koreabaseball.com/Schedule/GameCenter/Main.aspx?gameDate=20250815&gameId=20250815HHNC0&section=REVIEW"
"2025","2025-08-15","20250815HTOB0","18:00","KIA","5","두산","6","잠실","https://www.koreabaseball.com/Schedule/GameCenter/Main.aspx?gameDate=20250815&gameId=20250815HTOB0&section=REVIEW"
"2025","2025-08-15","20250815KTWO0","18:00","KT","3","키움","7","고척","https://www.koreabaseball.com/Schedule/GameCenter/Main.aspx?gameDate=20250815&gameId=20250815KTWO0&section=REVIEW"
"2025","2025-08-15","20250815LGSK0","18:00","LG","5","SSG","3","문학","https://www.koreabaseball.com/Schedule/GameCenter/Main.aspx?gameDate=20250815&gameId=20250815LGSK0&section=REVIEW"
"2025","2025-08-15","20250815SSLT0","18:00","삼성","10","롯데","4","사직","https://www.koreabaseball.com/Schedule/GameCenter/Main.aspx?gameDate=20250815&gameId=20250815SSLT0&section=REVIEW"
"2025","2025-08-16","20250816HHNC0","18:00","한화","6","NC","9","창원","https://www.koreabaseball.com/Schedule/GameCenter/Main.aspx?gameDate=20250816&gameId=20250816HHNC0&section=REVIEW"
"2025","2025-08-16","20250816HTOB0","18:00","KIA","3","두산","4","잠실","https://www.koreabaseball.com/Schedule/GameCenter/Main.aspx?gameDate=20250816&gameId=20250816HTOB0&section=REVIEW"
"2025","2025-08-16","20250816KTWO0","18:00","KT","3","키움","4","고척","https://www.koreabaseball.com/Schedule/GameCenter/Main.aspx?gameDate=20250816&gameId=20250816KTWO0&section=REVIEW"
"2025","2025-08-16","20250816LGSK0","18:00","LG","7","SSG","10","문학","https://www.koreabaseball.com/Schedule/GameCenter/Main.aspx?gameDate=20250816&gameId=20250816LGSK0&section=REVIEW"
"2025","2025-08-16","20250816SSLT0","18:00","삼성","4","롯데","1","사직","https://www.koreabaseball.com/Schedule/GameCenter/Main.aspx?gameDate=20250816&gameId=20250816SSLT0&section=REVIEW"
"2025","2025-08-17","20250817HHNC0","18:00","한화","4","NC","9","창원","https://www.koreabaseball.com/Schedule/GameCenter/Main.aspx?gameDate=20250817&gameId=20250817HHNC0&section=REVIEW"
"2025","2025-08-17","20250817HTOB0","18:00","KIA","2","두산","4","잠실","https://www.koreabaseball.com/Schedule/GameCenter/Main.aspx?gameDate=20250817&gameId=20250817HTOB0&section=REVIEW"
"2025","2025-08-17","20250817KTWO0","14:00","KT","5","키움","3","고척","https://www.koreabaseball.com/Schedule/GameCenter/Main.aspx?gameDate=20250817&gameId=20250817KTWO0&section=REVIEW"
"2025","2025-08-17","20250817LGSK0","18:00","LG","6","SSG","1","문학","https://www.koreabaseball.com/Schedule/GameCenter/Main.aspx?gameDate=20250817&gameId=20250817LGSK0&section=REVIEW"
"2025","2025-08-17","20250817SSLT0","18:00","삼성","8","롯데","8","사직","https://www.koreabaseball.com/Schedule/GameCenter/Main.aspx?gameDate=20250817&gameId=20250817SSLT0&section=REVIEW"
"2025","2025-08-19","20250819LTLG0","18:30","롯데","2","LG","5","잠실","https://www.koreabaseball.com/Schedule/GameCenter/Main.aspx?gameDate=20250819&gameId=20250819LTLG0&section=REVIEW"
"2025","2025-08-19","20250819OBHH0","18:30","두산","6","한화","5","대전","https://www.koreabaseball.com/Schedule/GameCenter/Main.aspx?gameDate=20250819&gameId=20250819OBHH0&section=REVIEW"
"2025","2025-08-19","20250819SKKT0","18:30","SSG","4","KT","5","수원","https://www.koreabaseball.com/Schedule/GameCenter/Main.aspx?gameDate=20250819&gameId=20250819SKKT0&section=REVIEW"
"2025","2025-08-19","20250819SSNC0","18:30","삼성","6","NC","2","창원","https://www.koreabaseball.com/Schedule/GameCenter/Main.aspx?gameDate=20250819&gameId=20250819SSNC0&section=REVIEW"
"2025","2025-08-19","20250819WOHT0","18:30","키움","9","KIA","12","광주","https://www.koreabaseball.com/Schedule/GameCenter/Main.aspx?gameDate=20250819&gameId=20250819WOHT0&section=REVIEW"
"2025","2025-08-20","20250820LTLG0","18:30","롯데","3","LG","5","잠실","https://www.koreabaseball.com/Schedule/GameCenter/Main.aspx?gameDate=20250820&gameId=20250820LTLG0&section=REVIEW"
"2025","2025-08-20","20250820OBHH0","18:30","두산","13","한화","9","대전","https://www.koreabaseball.com/Schedule/GameCenter/Main.aspx?gameDate=20250820&gameId=20250820OBHH0&section=REVIEW"
"2025","2025-08-20","20250820SKKT0","18:30","SSG","5","KT","3","수원","https://www.koreabaseball.com/Schedule/GameCenter/Main.aspx?gameDate=20250820&gameId=20250820SKKT0&section=REVIEW"
"2025","2025-08-20","20250820SSNC0","18:30","삼성","4","NC","3","창원","https://www.koreabaseball.com/Schedule/GameCenter/Main.aspx?gameDate=20250820&gameId=20250820SSNC0&section=REVIEW"
"2025","2025-08-20","20250820WOHT0","18:30","키움","6","KIA","1","광주","https://www.koreabaseball.com/Schedule/GameCenter/Main.aspx?gameDate=20250820&gameId=20250820WOHT0&section=REVIEW"
"2025","2025-08-21","20250821LTLG0","18:30","롯데","6","LG","6","잠실","https://www.koreabaseball.com/Schedule/GameCenter/Main.aspx?gameDate=20250821&gameId=20250821LTLG0&section=REVIEW"
"2025","2025-08-21","20250821OBHH0","18:30","두산","6","한화","3","대전","https://www.koreabaseball.com/Schedule/GameCenter/Main.aspx?gameDate=20250821&gameId=20250821OBHH0&section=REVIEW"
"2025","2025-08-21","20250821SKKT0","18:30","SSG","7","KT","1","수원","https://www.koreabaseball.com/Schedule/GameCenter/Main.aspx?gameDate=20250821&gameId=20250821SKKT0&section=REVIEW"
"2025","2025-08-21","20250821SSNC0","18:30","삼성","5","NC","7","창원","https://www.koreabaseball.com/Schedule/GameCenter/Main.aspx?gameDate=20250821&gameId=20250821SSNC0&section=REVIEW"
"2025","2025-08-21","20250821WOHT0","18:30","키움","11","KIA","10","광주","https://www.koreabaseball.com/Schedule/GameCenter/Main.aspx?gameDate=20250821&gameId=20250821WOHT0&section=REVIEW"
"2025","2025-08-22","20250822KTOB0","18:30","KT","13","두산","8","잠실","https://www.koreabaseball.com/Schedule/GameCenter/Main.aspx?gameDate=20250822&gameId=20250822KTOB0&section=REVIEW"
"2025","2025-08-22","20250822LGHT0","18:30","LG","14","KIA","2","광주","https://www.koreabaseball.com/Schedule/GameCenter/Main.aspx?gameDate=20250822&gameId=20250822LGHT0&section=REVIEW"
"2025","2025-08-22","20250822LTNC0","18:30","롯데","6","NC","7","창원","https://www.koreabaseball.com/Schedule/GameCenter/Main.aspx?gameDate=20250822&gameId=20250822LTNC0&section=REVIEW"
"2025","2025-08-22","20250822SKHH0","18:30","SSG","1","한화","0","대전","https://www.koreabaseball.com/Schedule/GameCenter/Main.aspx?gameDate=20250822&gameId=20250822SKHH0&section=REVIEW"
"2025","2025-08-22","20250822WOSS0","18:30","키움","2","삼성","8","대구","https://www.koreabaseball.com/Schedule/GameCenter/Main.aspx?gameDate=20250822&gameId=20250822WOSS0&section=REVIEW"
"2025","2025-08-23","20250823KTOB0","18:00","KT","6","두산","2","잠실","https://www.koreabaseball.com/Schedule/GameCenter/Main.aspx?gameDate=20250823&gameId=20250823KTOB0&section=REVIEW"
"2025","2025-08-23","20250823LGHT0","18:00","LG","6","KIA","2","광주","https://www.koreabaseball.com/Schedule/GameCenter/Main.aspx?gameDate=20250823&gameId=20250823LGHT0&section=REVIEW"
"2025","2025-08-23","20250823LTNC0","18:00","롯데","1","NC","4","창원","https://www.koreabaseball.com/Schedule/GameCenter/Main.aspx?gameDate=20250823&gameId=20250823LTNC0&section=REVIEW"
"2025","2025-08-23","20250823SKHH0","18:00","SSG","0","한화","5","대전","https://www.koreabaseball.com/Schedule/GameCenter/Main.aspx?gameDate=20250823&gameId=20250823SKHH0&section=REVIEW"
"2025","2025-08-23","20250823WOSS0","18:00","키움","8","삼성","12","대구","https://www.koreabaseball.com/Schedule/GameCenter/Main.aspx?gameDate=20250823&gameId=20250823WOSS0&section=REVIEW"
"2025","2025-08-24","20250824KTOB0","18:00","KT","3","두산","2","잠실","https://www.koreabaseball.com/Schedule/GameCenter/Main.aspx?gameDate=20250824&gameId=20250824KTOB0&section=REVIEW"
"2025","2025-08-24","20250824LGHT0","18:00","LG","2","KIA","1","광주","https://www.koreabaseball.com/Schedule/GameCenter/Main.aspx?gameDate=20250824&gameId=20250824LGHT0&section=REVIEW"
"2025","2025-08-24","20250824LTNC0","18:00","롯데","17","NC","5","창원","https://www.koreabaseball.com/Schedule/GameCenter/Main.aspx?gameDate=20250824&gameId=20250824LTNC0&section=REVIEW"
"2025","2025-08-24","20250824SKHH0","18:00","SSG","2","한화","5","대전","https://www.koreabaseball.com/Schedule/GameCenter/Main.aspx?gameDate=20250824&gameId=20250824SKHH0&section=REVIEW"
"2025","2025-08-24","20250824WOSS0","18:00","키움","4","삼성","7","대구","https://www.koreabaseball.com/Schedule/GameCenter/Main.aspx?gameDate=20250824&gameId=20250824WOSS0&section=REVIEW"
"2025","2025-08-26","20250826HHWO0","18:30","한화","3","키움","1","고척","https://www.koreabaseball.com/Schedule/GameCenter/Main.aspx?gameDate=20250826&gameId=20250826HHWO0&section=REVIEW"
"2025","2025-08-26","20250826HTSK0","18:30","KIA","5","SSG","9","문학","https://www.koreabaseball.com/Schedule/GameCenter/Main.aspx?gameDate=20250826&gameId=20250826HTSK0&section=REVIEW"
"2025","2025-08-26","20250826KTLT0","18:30","KT","3","롯데","4","사직","https://www.koreabaseball.com/Schedule/GameCenter/Main.aspx?gameDate=20250826&gameId=20250826KTLT0&section=REVIEW"
"2025","2025-08-26","20250826LGNC0","18:30","LG","7","NC","9","창원","https://www.koreabaseball.com/Schedule/GameCenter/Main.aspx?gameDate=20250826&gameId=20250826LGNC0&section=REVIEW"
"2025","2025-08-26","20250826SSOB0","18:30","삼성","6","두산","2","잠실","https://www.koreabaseball.com/Schedule/GameCenter/Main.aspx?gameDate=20250826&gameId=20250826SSOB0&section=REVIEW"
"2025","2025-08-27","20250827HHWO0","18:30","한화","3","키움","1","고척","https://www.koreabaseball.com/Schedule/GameCenter/Main.aspx?gameDate=20250827&gameId=20250827HHWO0&section=REVIEW"
"2025","2025-08-27","20250827HTSK0","18:30","KIA","4","SSG","2","문학","https://www.koreabaseball.com/Schedule/GameCenter/Main.aspx?gameDate=20250827&gameId=20250827HTSK0&section=REVIEW"
"2025","2025-08-27","20250827KTLT0","18:30","KT","7","롯데","2","사직","https://www.koreabaseball.com/Schedule/GameCenter/Main.aspx?gameDate=20250827&gameId=20250827KTLT0&section=REVIEW"
"2025","2025-08-27","20250827LGNC0","18:30","LG","10","NC","1","창원","https://www.koreabaseball.com/Schedule/GameCenter/Main.aspx?gameDate=20250827&gameId=20250827LGNC0&section=REVIEW"
"2025","2025-08-27","20250827SSOB0","18:30","삼성","14","두산","1","잠실","https://www.koreabaseball.com/Schedule/GameCenter/Main.aspx?gameDate=20250827&gameId=20250827SSOB0&section=REVIEW"
"2025","2025-08-28","20250828HHWO0","18:30","한화","9","키움","3","고척","https://www.koreabaseball.com/Schedule/GameCenter/Main.aspx?gameDate=20250828&gameId=20250828HHWO0&section=REVIEW"
"2025","2025-08-28","20250828HTSK0","18:30","KIA","10","SSG","6","문학","https://www.koreabaseball.com/Schedule/GameCenter/Main.aspx?gameDate=20250828&gameId=20250828HTSK0&section=REVIEW"
"2025","2025-08-28","20250828KTLT0","18:30","KT","2","롯데","3","사직","https://www.koreabaseball.com/Schedule/GameCenter/Main.aspx?gameDate=20250828&gameId=20250828KTLT0&section=REVIEW"
"2025","2025-08-28","20250828LGNC0","18:30","LG","4","NC","3","창원","https://www.koreabaseball.com/Schedule/GameCenter/Main.aspx?gameDate=20250828&gameId=20250828LGNC0&section=REVIEW"
"2025","2025-08-28","20250828SSOB0","18:30","삼성","6","두산","7","잠실","https://www.koreabaseball.com/Schedule/GameCenter/Main.aspx?gameDate=20250828&gameId=20250828SSOB0&section=REVIEW"
"2025","2025-08-29","20250829HTKT0","18:30","KIA","10","KT","1","수원","https://www.koreabaseball.com/Schedule/GameCenter/Main.aspx?gameDate=20250829&gameId=20250829HTKT0&section=REVIEW"
"2025","2025-08-29","20250829NCSK0","18:30","NC","0","SSG","8","문학","https://www.koreabaseball.com/Schedule/GameCenter/Main.aspx?gameDate=20250829&gameId=20250829NCSK0&section=REVIEW"
"2025","2025-08-29","20250829OBLT0","18:30","두산","7","롯데","1","사직","https://www.koreabaseball.com/Schedule/GameCenter/Main.aspx?gameDate=20250829&gameId=20250829OBLT0&section=REVIEW"
"2025","2025-08-29","20250829SSHH0","18:30","삼성","5","한화","3","대전","https://www.koreabaseball.com/Schedule/GameCenter/Main.aspx?gameDate=20250829&gameId=20250829SSHH0&section=REVIEW"
"2025","2025-08-29","20250829WOLG0","18:30","키움","3","LG","2","잠실","https://www.koreabaseball.com/Schedule/GameCenter/Main.aspx?gameDate=20250829&gameId=20250829WOLG0&section=REVIEW"
"2025","2025-08-30","20250830HTKT0","18:00","KIA","2","KT","8","수원","https://www.koreabaseball.com/Schedule/GameCenter/Main.aspx?gameDate=20250830&gameId=20250830HTKT0&section=REVIEW"
"2025","2025-08-30","20250830NCSK0","18:00","NC","12","SSG","2","문학","https://www.koreabaseball.com/Schedule/GameCenter/Main.aspx?gameDate=20250830&gameId=20250830NCSK0&section=REVIEW"
"2025","2025-08-30","20250830OBLT0","18:00","두산","8","롯데","8","사직","https://www.koreabaseball.com/Schedule/GameCenter/Main.aspx?gameDate=20250830&gameId=20250830OBLT0&section=REVIEW"
"2025","2025-08-30","20250830SSHH0","18:00","삼성","4","한화","0","대전","https://www.koreabaseball.com/Schedule/GameCenter/Main.aspx?gameDate=20250830&gameId=20250830SSHH0&section=REVIEW"
"2025","2025-08-30","20250830WOLG0","18:00","키움","5","LG","6","잠실","https://www.koreabaseball.com/Schedule/GameCenter/Main.aspx?gameDate=20250830&gameId=20250830WOLG0&section=REVIEW"
"2025","2025-08-31","20250831HTKT0","18:00","KIA","6","KT","7","수원","https://www.koreabaseball.com/Schedule/GameCenter/Main.aspx?gameDate=20250831&gameId=20250831HTKT0&section=REVIEW"
"2025","2025-08-31","20250831NCSK0","18:00","NC","8","SSG","10","문학","https://www.koreabaseball.com/Schedule/GameCenter/Main.aspx?gameDate=20250831&gameId=20250831NCSK0&section=REVIEW"
"2025","2025-08-31","20250831OBLT0","18:00","두산","1","롯데","5","사직","https://www.koreabaseball.com/Schedule/GameCenter/Main.aspx?gameDate=20250831&gameId=20250831OBLT0&section=REVIEW"
"2025","2025-08-31","20250831SSHH0","18:00","삼성","5","한화","3","대전","https://www.koreabaseball.com/Schedule/GameCenter/Main.aspx?gameDate=20250831&gameId=20250831SSHH0&section=REVIEW"
"2025","2025-08-31","20250831WOLG0","18:00","키움","6","LG","5","잠실","https://www.koreabaseball.com/Schedule/GameCenter/Main.aspx?gameDate=20250831&gameId=20250831WOLG0&section=REVIEW"
"2025","2025-09-02","20250902HTHH0","18:30","KIA","3","한화","21","대전","https://www.koreabaseball.com/Schedule/GameCenter/Main.aspx?gameDate=20250902&gameId=20250902HTHH0&section=REVIEW"
"2025","2025-09-02","20250902LTLG0","18:30","롯데","2","LG","3","잠실","https://www.koreabaseball.com/Schedule/GameCenter/Main.aspx?gameDate=20250902&gameId=20250902LTLG0&section=REVIEW"
"2025","2025-09-02","20250902NCKT0","18:30","NC","9","KT","4","수원","https://www.koreabaseball.com/Schedule/GameCenter/Main.aspx?gameDate=20250902&gameId=20250902NCKT0&section=REVIEW"
"2025","2025-09-02","20250902WOSK0","18:30","키움","1","SSG","6","문학","https://www.koreabaseball.com/Schedule/GameCenter/Main.aspx?gameDate=20250902&gameId=20250902WOSK0&section=REVIEW"
"2025","2025-09-03","20250903LTKT0","18:30","롯데","8","KT","9","수원","https://www.koreabaseball.com/Schedule/GameCenter/Main.aspx?gameDate=20250903&gameId=20250903LTKT0&section=REVIEW"
"2025","2025-09-03","20250903NCHH0","18:30","NC","5","한화","6","대전","https://www.koreabaseball.com/Schedule/GameCenter/Main.aspx?gameDate=20250903&gameId=20250903NCHH0&section=REVIEW"
"2025","2025-09-03","20250903SKHT0","18:30","SSG","2","KIA","1","광주","https://www.koreabaseball.com/Schedule/GameCenter/Main.aspx?gameDate=20250903&gameId=20250903SKHT0&section=REVIEW"
"2025","2025-09-03","20250903WOSS0","18:30","키움","4","삼성","3","대구","https://www.koreabaseball.com/Schedule/GameCenter/Main.aspx?gameDate=20250903&gameId=20250903WOSS0&section=REVIEW"
"2025","2025-09-04","20250904LGKT0","18:30","LG","10","KT","8","수원","https://www.koreabaseball.com/Schedule/GameCenter/Main.aspx?gameDate=20250904&gameId=20250904LGKT0&section=REVIEW"
"2025","2025-09-04","20250904OBNC0","18:30","두산","12","NC","3","창원","https://www.koreabaseball.com/Schedule/GameCenter/Main.aspx?gameDate=20250904&gameId=20250904OBNC0&section=REVIEW"
"2025","2025-09-05","20250905LTSK0","18:30","롯데","5","SSG","7","문학","https://www.koreabaseball.com/Schedule/GameCenter/Main.aspx?gameDate=20250905&gameId=20250905LTSK0&section=REVIEW"
"2025","2025-09-05","20250905OBNC0","18:30","두산","9","NC","3","창원","https://www.koreabaseball.com/Schedule/GameCenter/Main.aspx?gameDate=20250905&gameId=20250905OBNC0&section=REVIEW"
"2025","2025-09-05","20250905WOSS0","18:30","키움","3","삼성","8","대구","https://www.koreabaseball.com/Schedule/GameCenter/Main.aspx?gameDate=20250905&gameId=20250905WOSS0&section=REVIEW"
"2025","2025-09-06","20250906HHSS0","17:00","한화","7","삼성","4","대구","https://www.koreabaseball.com/Schedule/GameCenter/Main.aspx?gameDate=20250906&gameId=20250906HHSS0&section=REVIEW"
"2025","2025-09-06","20250906HTNC0","17:00","KIA","8","NC","4","창원","https://www.koreabaseball.com/Schedule/GameCenter/Main.aspx?gameDate=20250906&gameId=20250906HTNC0&section=REVIEW"
"2025","2025-09-07","20250907HHSS0","17:00","한화","3","삼성","4","대구","https://www.koreabaseball.com/Schedule/GameCenter/Main.aspx?gameDate=20250907&gameId=20250907HHSS0&section=REVIEW"
"2025","2025-09-07","20250907HTNC0","17:00","KIA","1","NC","2","창원","https://www.koreabaseball.com/Schedule/GameCenter/Main.aspx?gameDate=20250907&gameId=20250907HTNC0&section=REVIEW"
"2025","2025-09-07","20250907SKLG0","17:00","SSG","7","LG","3","잠실","https://www.koreabaseball.com/Schedule/GameCenter/Main.aspx?gameDate=20250907&gameId=20250907SKLG0&section=REVIEW"
"2025","2025-09-09","20250909HHLT0","18:30","한화","9","롯데","1","사직","https://www.koreabaseball.com/Schedule/GameCenter/Main.aspx?gameDate=20250909&gameId=20250909HHLT0&section=REVIEW"
"2025","2025-09-09","20250909LGWO0","18:30","LG","2","키움","11","고척","https://www.koreabaseball.com/Schedule/GameCenter/Main.aspx?gameDate=20250909&gameId=20250909LGWO0&section=REVIEW"
"2025","2025-09-09","20250909OBKT0","18:30","두산","1","KT","8","수원","https://www.koreabaseball.com/Schedule/GameCenter/Main.aspx?gameDate=20250909&gameId=20250909OBKT0&section=REVIEW"
"2025","2025-09-10","20250910HHLT0","18:30","한화","13","롯데","0","사직","https://www.koreabaseball.com/Schedule/GameCenter/Main.aspx?gameDate=20250910&gameId=20250910HHLT0&section=REVIEW"
"2025","2025-09-10","20250910LGOB0","18:30","LG","8","두산","4","잠실","https://www.koreabaseball.com/Schedule/GameCenter/Main.aspx?gameDate=20250910&gameId=20250910LGOB0&section=REVIEW"
"2025","2025-09-10","20250910SKNC0","18:30","SSG","4","NC","5","창원","https://www.koreabaseball.com/Schedule/GameCenter/Main.aspx?gameDate=20250910&gameId=20250910SKNC0&section=REVIEW"
"2025","2025-09-10","20250910SSHT0","18:30","삼성","0","KIA","4","광주","https://www.koreabaseball.com/Schedule/GameCenter/Main.aspx?gameDate=20250910&gameId=20250910SSHT0&section=REVIEW"
"2025","2025-09-11","20250911KTLG0","18:30","KT","6","LG","4","잠실","https://www.koreabaseball.com/Schedule/GameCenter/Main.aspx?gameDate=20250911&gameId=20250911KTLG0&section=REVIEW"
"2025","2025-09-11","20250911LTHT0","18:30","롯데","4","KIA","3","광주","https://www.koreabaseball.com/Schedule/GameCenter/Main.aspx?gameDate=20250911&gameId=20250911LTHT0&section=REVIEW"
"2025","2025-09-11","20250911NCWO0","18:30","NC","1","키움","4","고척","https://www.koreabaseball.com/Schedule/GameCenter/Main.aspx?gameDate=20250911&gameId=20250911NCWO0&section=REVIEW"
"2025","2025-09-11","20250911SKSS0","18:30","SSG","8","삼성","4","대구","https://www.koreabaseball.com/Schedule/GameCenter/Main.aspx?gameDate=20250911&gameId=20250911SKSS0&section=REVIEW"
"2025","2025-09-12","20250912OBHT0","18:30","두산","4","KIA","5","광주","https://www.koreabaseball.com/Schedule/GameCenter/Main.aspx?gameDate=20250912&gameId=20250912OBHT0&section=REVIEW"
"2025","2025-09-13","20250913HTLG0","17:00","KIA","6","LG","3","잠실","https://www.koreabaseball.com/Schedule/GameCenter/Main.aspx?gameDate=20250913&gameId=20250913HTLG0&section=REVIEW"
"2025","2025-09-13","20250913KTSS0","17:00","KT","5","삼성","3","대구","https://www.koreabaseball.com/Schedule/GameCenter/Main.aspx?gameDate=20250913&gameId=20250913KTSS0&section=REVIEW"
"2025","2025-09-13","20250913OBNC0","17:00","두산","4","NC","6","창원","https://www.koreabaseball.com/Schedule/GameCenter/Main.aspx?gameDate=20250913&gameId=20250913OBNC0&section=REVIEW"
"2025","2025-09-13","20250913SKLT0","17:00","SSG","11","롯데","12","사직","https://www.koreabaseball.com/Schedule/GameCenter/Main.aspx?gameDate=20250913&gameId=20250913SKLT0&section=REVIEW"
"2025","2025-09-13","20250913WOHH0","17:00","키움","5","한화","10","대전","https://www.koreabaseball.com/Schedule/GameCenter/Main.aspx?gameDate=20250913&gameId=20250913WOHH0&section=REVIEW"
"2025","2025-09-14","20250914HTLG0","17:00","KIA","0","LG","14","잠실","https://www.koreabaseball.com/Schedule/GameCenter/Main.aspx?gameDate=20250914&gameId=20250914HTLG0&section=REVIEW"
"2025","2025-09-14","20250914KTSS0","17:00","KT","2","삼성","6","대구","https://www.koreabaseball.com/Schedule/GameCenter/Main.aspx?gameDate=20250914&gameId=20250914KTSS0&section=REVIEW"
"2025","2025-09-14","20250914OBNC0","17:00","두산","0","NC","6","창원","https://www.koreabaseball.com/Schedule/GameCenter/Main.aspx?gameDate=20250914&gameId=20250914OBNC0&section=REVIEW"
"2025","2025-09-14","20250914WOHH0","17:00","키움","13","한화","10","대전","https://www.koreabaseball.com/Schedule/GameCenter/Main.aspx?gameDate=20250914&gameId=20250914WOHH0&section=REVIEW"
"2025","2025-09-15","20250915WOHH0","18:30","키움","6","한화","7","대전","https://www.koreabaseball.com/Schedule/GameCenter/Main.aspx?gameDate=20250915&gameId=20250915WOHH0&section=REVIEW"
"2025","2025-09-16","20250916HHHT0","18:30","한화","11","KIA","1","광주","https://www.koreabaseball.com/Schedule/GameCenter/Main.aspx?gameDate=20250916&gameId=20250916HHHT0&section=REVIEW"
"2025","2025-09-16","20250916LGKT0","18:30","LG","10","KT","6","수원","https://www.koreabaseball.com/Schedule/GameCenter/Main.aspx?gameDate=20250916&gameId=20250916LGKT0&section=REVIEW"
"2025","2025-09-16","20250916LTSS0","18:30","롯데","5","삼성","7","대구","https://www.koreabaseball.com/Schedule/GameCenter/Main.aspx?gameDate=20250916&gameId=20250916LTSS0&section=REVIEW"
"2025","2025-09-16","20250916SKNC0","18:30","SSG","7","NC","3","창원","https://www.koreabaseball.com/Schedule/GameCenter/Main.aspx?gameDate=20250916&gameId=20250916SKNC0&section=REVIEW"
"2025","2025-09-16","20250916WOOB0","18:30","키움","4","두산","1","잠실","https://www.koreabaseball.com/Schedule/GameCenter/Main.aspx?gameDate=20250916&gameId=20250916WOOB0&section=REVIEW"
"2025","2025-09-17","20250917HHHT0","18:30","한화","6","KIA","2","광주","https://www.koreabaseball.com/Schedule/GameCenter/Main.aspx?gameDate=20250917&gameId=20250917HHHT0&section=REVIEW"
"2025","2025-09-17","20250917SKNC0","18:30","SSG","0","NC","4","창원","https://www.koreabaseball.com/Schedule/GameCenter/Main.aspx?gameDate=20250917&gameId=20250917SKNC0&section=REVIEW"
"2025","2025-09-17","20250917WOOB0","18:30","키움","4","두산","2","잠실","https://www.koreabaseball.com/Schedule/GameCenter/Main.aspx?gameDate=20250917&gameId=20250917WOOB0&section=REVIEW"
"2025","2025-09-18","20250918HHHT0","18:30","한화","4","KIA","3","광주","https://www.koreabaseball.com/Schedule/GameCenter/Main.aspx?gameDate=20250918&gameId=20250918HHHT0&section=REVIEW"
"2025","2025-09-18","20250918LGKT1","15:00","LG","6","KT","2","수원","https://www.koreabaseball.com/Schedule/GameCenter/Main.aspx?gameDate=20250918&gameId=20250918LGKT1&section=REVIEW"
"2025","2025-09-18","20250918LGKT2","18:30","LG","14","KT","1","수원","https://www.koreabaseball.com/Schedule/GameCenter/Main.aspx?gameDate=20250918&gameId=20250918LGKT2&section=REVIEW"
"2025","2025-09-18","20250918SSNC0","18:30","삼성","9","NC","5","창원","https://www.koreabaseball.com/Schedule/GameCenter/Main.aspx?gameDate=20250918&gameId=20250918SSNC0&section=REVIEW"
"2025","2025-09-18","20250918WOOB0","18:30","키움","2","두산","3","잠실","https://www.koreabaseball.com/Schedule/GameCenter/Main.aspx?gameDate=20250918&gameId=20250918WOOB0&section=REVIEW"
"2025","2025-09-19","20250919LTNC0","18:30","롯데","18","NC","2","창원","https://www.koreabaseball.com/Schedule/GameCenter/Main.aspx?gameDate=20250919&gameId=20250919LTNC0&section=REVIEW"
"2025","2025-09-20","20250920HHKT0","17:00","한화","2","KT","4","수원","https://www.koreabaseball.com/Schedule/GameCenter/Main.aspx?gameDate=20250920&gameId=20250920HHKT0&section=REVIEW"
"2025","2025-09-20","20250920NCHT0","17:00","NC","4","KIA","5","광주","https://www.koreabaseball.com/Schedule/GameCenter/Main.aspx?gameDate=20250920&gameId=20250920NCHT0&section=REVIEW"
"2025","2025-09-20","20250920OBSK0","17:00","두산","2","SSG","15","문학","https://www.koreabaseball.com/Schedule/GameCenter/Main.aspx?gameDate=20250920&gameId=20250920OBSK0&section=REVIEW"
"2025","2025-09-20","20250920SSLG0","17:00","삼성","14","LG","4","잠실","https://www.koreabaseball.com/Schedule/GameCenter/Main.aspx?gameDate=20250920&gameId=20250920SSLG0&section=REVIEW"
"2025","2025-09-20","20250920WOLT0","17:00","키움","15","롯데","5","사직","https://www.koreabaseball.com/Schedule/GameCenter/Main.aspx?gameDate=20250920&gameId=20250920WOLT0&section=REVIEW"
"2025","2025-09-21","20250921NCHT0","14:00","NC","7","KIA","6","광주","https://www.koreabaseball.com/Schedule/GameCenter/Main.aspx?gameDate=20250921&gameId=20250921NCHT0&section=REVIEW"
"2025","2025-09-21","20250921OBSK0","14:00","두산","3","SSG","7","문학","https://www.koreabaseball.com/Schedule/GameCenter/Main.aspx?gameDate=20250921&gameId=20250921OBSK0&section=REVIEW"
"2025","2025-09-21","20250921SSKT0","14:00","삼성","3","KT","6","수원","https://www.koreabaseball.com/Schedule/GameCenter/Main.aspx?gameDate=20250921&gameId=20250921SSKT0&section=REVIEW"
"2025","2025-09-22","20250922OBSK0","18:30","두산","9","SSG","2","문학","https://www.koreabaseball.com/Schedule/GameCenter/Main.aspx?gameDate=20250922&gameId=20250922OBSK0&section=REVIEW"
"2025","2025-09-23","20250923HTSK0","18:30","KIA","0","SSG","5","문학","https://www.koreabaseball.com/Schedule/GameCenter/Main.aspx?gameDate=20250923&gameId=20250923HTSK0&section=REVIEW"
"2025","2025-09-23","20250923NCLT0","18:30","NC","4","롯데","2","울산","https://www.koreabaseball.com/Schedule/GameCenter/Main.aspx?gameDate=20250923&gameId=20250923NCLT0&section=REVIEW"
"2025","2025-09-23","20250923OBSS0","18:30","두산","5","삼성","7","대구","https://www.koreabaseball.com/Schedule/GameCenter/Main.aspx?gameDate=20250923&gameId=20250923OBSS0&section=REVIEW"
"2025","2025-09-23","20250923WOKT0","18:30","키움","0","KT","7","수원","https://www.koreabaseball.com/Schedule/GameCenter/Main.aspx?gameDate=20250923&gameId=20250923WOKT0&section=REVIEW"
"2025","2025-09-24","20250924HTWO0","18:30","KIA","2","키움","0","고척","https://www.koreabaseball.com/Schedule/GameCenter/Main.aspx?gameDate=20250924&gameId=20250924HTWO0&section=REVIEW"
"2025","2025-09-24","20250924LGNC0","18:30","LG","5","NC","10","창원","https://www.koreabaseball.com/Schedule/GameCenter/Main.aspx?gameDate=20250924&gameId=20250924LGNC0&section=REVIEW"
"2025","2025-09-24","20250924LTSS0","18:30","롯데","4","삼성","9","대구","https://www.koreabaseball.com/Schedule/GameCenter/Main.aspx?gameDate=20250924&gameId=20250924LTSS0&section=REVIEW"
"2025","2025-09-25","20250925HHOB0","18:30","한화","0","두산","7","잠실","https://www.koreabaseball.com/Schedule/GameCenter/Main.aspx?gameDate=20250925&gameId=20250925HHOB0&section=REVIEW"
"2025","2025-09-25","20250925KTSK0","18:30","KT","10","SSG","1","문학","https://www.koreabaseball.com/Schedule/GameCenter/Main.aspx?gameDate=20250925&gameId=20250925KTSK0&section=REVIEW"
"2025","2025-09-25","20250925LGLT0","18:30","LG","11","롯데","1","울산","https://www.koreabaseball.com/Schedule/GameCenter/Main.aspx?gameDate=20250925&gameId=20250925LGLT0&section=REVIEW"
"2025","2025-09-25","20250925WOSS0","18:30","키움","3","삼성","12","대구","https://www.koreabaseball.com/Schedule/GameCenter/Main.aspx?gameDate=20250925&gameId=20250925WOSS0&section=REVIEW"
"2025","2025-09-26","20250926KTSK0","18:30","KT","2","SSG","5","문학","https://www.koreabaseball.com/Schedule/GameCenter/Main.aspx?gameDate=20250926&gameId=20250926KTSK0&section=REVIEW"
"2025","2025-09-26","20250926LGHH0","18:30","LG","1","한화","4","대전","https://www.koreabaseball.com/Schedule/GameCenter/Main.aspx?gameDate=20250926&gameId=20250926LGHH0&section=REVIEW"
"2025","2025-09-26","20250926NCOB0","18:30","NC","3","두산","0","잠실","https://www.koreabaseball.com/Schedule/GameCenter/Main.aspx?gameDate=20250926&gameId=20250926NCOB0&section=REVIEW"
"2025","2025-09-26","20250926SSLT0","18:30","삼성","9","롯데","10","사직","https://www.koreabaseball.com/Schedule/GameCenter/Main.aspx?gameDate=20250926&gameId=20250926SSLT0&section=REVIEW"
"2025","2025-09-27","20250927LGHH0","17:00","LG","9","한화","2","대전","https://www.koreabaseball.com/Schedule/GameCenter/Main.aspx?gameDate=20250927&gameId=20250927LGHH0&section=REVIEW"
"2025","2025-09-27","20250927NCHT0","17:00","NC","2","KIA","1","광주","https://www.koreabaseball.com/Schedule/GameCenter/Main.aspx?gameDate=20250927&gameId=20250927NCHT0&section=REVIEW"
"2025","2025-09-27","20250927SKOB0","17:00","SSG","6","두산","2","잠실","https://www.koreabaseball.com/Schedule/GameCenter/Main.aspx?gameDate=20250927&gameId=20250927SKOB0&section=REVIEW"
"2025","2025-09-28","20250928LTOB0","14:00","롯데","2","두산","7","잠실","https://www.koreabaseball.com/Schedule/GameCenter/Main.aspx?gameDate=20250928&gameId=20250928LTOB0&section=REVIEW"
"2025","2025-09-28","20250928SSWO0","14:00","삼성","4","키움","2","고척","https://www.koreabaseball.com/Schedule/GameCenter/Main.aspx?gameDate=20250928&gameId=20250928SSWO0&section=REVIEW"
"2025","2025-09-29","20250929LGHH0","18:30","LG","3","한화","7","대전","https://www.koreabaseball.com/Schedule/GameCenter/Main.aspx?gameDate=20250929&gameId=20250929LGHH0&section=REVIEW"
"2025","2025-09-29","20250929LTSK0","18:30","롯데","2","SSG","4","문학","https://www.koreabaseball.com/Schedule/GameCenter/Main.aspx?gameDate=20250929&gameId=20250929LTSK0&section=REVIEW"
"2025","2025-09-29","20250929NCHT0","18:30","NC","13","KIA","4","광주","https://www.koreabaseball.com/Schedule/GameCenter/Main.aspx?gameDate=20250929&gameId=20250929NCHT0&section=REVIEW"
"2025","2025-09-30","20250930HTSS0","18:30","KIA","0","삼성","5","대구","https://www.koreabaseball.com/Schedule/GameCenter/Main.aspx?gameDate=20250930&gameId=20250930HTSS0&section=REVIEW"
"2025","2025-09-30","20250930KTNC0","18:30","KT","4","NC","9","창원","https://www.koreabaseball.com/Schedule/GameCenter/Main.aspx?gameDate=20250930&gameId=20250930KTNC0&section=REVIEW"
"2025","2025-09-30","20250930LTHH0","18:30","롯데","0","한화","1","대전","https://www.koreabaseball.com/Schedule/GameCenter/Main.aspx?gameDate=20250930&gameId=20250930LTHH0&section=REVIEW"
"2025","2025-09-30","20250930OBLG0","18:30","두산","6","LG","0","잠실","https://www.koreabaseball.com/Schedule/GameCenter/Main.aspx?gameDate=20250930&gameId=20250930OBLG0&section=REVIEW"
"2025","2025-09-30","20250930SKWO0","18:30","SSG","4","키움","3","고척","https://www.koreabaseball.com/Schedule/GameCenter/Main.aspx?gameDate=20250930&gameId=20250930SKWO0&section=REVIEW"
"2025","2025-10-01","20251001HHSK0","18:30","한화","5","SSG","6","문학","https://www.koreabaseball.com/Schedule/GameCenter/Main.aspx?gameDate=20251001&gameId=20251001HHSK0&section=REVIEW"
"2025","2025-10-01","20251001KTHT0","18:30","KT","9","KIA","3","광주","https://www.koreabaseball.com/Schedule/GameCenter/Main.aspx?gameDate=20251001&gameId=20251001KTHT0&section=REVIEW"
"2025","2025-10-01","20251001NCLG0","18:30","NC","7","LG","3","잠실","https://www.koreabaseball.com/Schedule/GameCenter/Main.aspx?gameDate=20251001&gameId=20251001NCLG0&section=REVIEW"
"2025","2025-10-02","20251002SKHT0","18:30","SSG","2","KIA","7","광주","https://www.koreabaseball.com/Schedule/GameCenter/Main.aspx?gameDate=20251002&gameId=20251002SKHT0&section=REVIEW"
"2025","2025-10-03","20251003HHKT0","17:00","한화","6","KT","6","수원","https://www.koreabaseball.com/Schedule/GameCenter/Main.aspx?gameDate=20251003&gameId=20251003HHKT0&section=REVIEW"
"2025","2025-10-04","20251004SKNC0","17:00","SSG","1","NC","7","창원","https://www.koreabaseball.com/Schedule/GameCenter/Main.aspx?gameDate=20251004&gameId=20251004SKNC0&section=REVIEW"
"2025","2025-10-04","20251004SSHT0","17:00","삼성","8","KIA","9","광주","https://www.koreabaseball.com/Schedule/GameCenter/Main.aspx?gameDate=20251004&gameId=20251004SSHT0&section=REVIEW"
