kbo_player_id,team,player_name,position_group,column,before,after,delta,source_level,formula_version
78122,KIA 타이거즈,김태군,C,contact,14,13,-1,KBO_2024_2025,kbo-player-abilities-2024-2025-v1
78122,KIA 타이거즈,김태군,C,plate_discipline,11,10,-1,KBO_2024_2025,kbo-player-abilities-2024-2025-v1
78122,KIA 타이거즈,김태군,C,bat_control,15,14,-1,KBO_2024_2025,kbo-player-abilities-2024-2025-v1
78122,KIA 타이거즈,김태군,C,speed,10,8,-2,KBO_2024_2025,kbo-player-abilities-2024-2025-v1
78122,KIA 타이거즈,김태군,C,baserunning_judgment,8,7,-1,KBO_2024_2025,kbo-player-abilities-2024-2025-v1
66354,KIA 타이거즈,주효상,C,contact,13,12,-1,KBO_2024_2025,kbo-player-abilities-2024-2025-v1
66354,KIA 타이거즈,주효상,C,plate_discipline,12,11,-1,KBO_2024_2025,kbo-player-abilities-2024-2025-v1
63722,KIA 타이거즈,한승택,C,contact,9,10,1,KBO_2024_2025,kbo-player-abilities-2024-2025-v1
63722,KIA 타이거즈,한승택,C,power,7,9,2,KBO_2024_2025,kbo-player-abilities-2024-2025-v1
63722,KIA 타이거즈,한승택,C,plate_discipline,7,10,3,KBO_2024_2025,kbo-player-abilities-2024-2025-v1
63722,KIA 타이거즈,한승택,C,bat_control,7,10,3,KBO_2024_2025,kbo-player-abilities-2024-2025-v1
63722,KIA 타이거즈,한승택,C,timing,9,10,1,KBO_2024_2025,kbo-player-abilities-2024-2025-v1
63722,KIA 타이거즈,한승택,C,baserunning_judgment,11,10,-1,KBO_2024_2025,kbo-player-abilities-2024-2025-v1
68646,KIA 타이거즈,한준수,C,contact,11,12,1,KBO_2024_2025,kbo-player-abilities-2024-2025-v1
68646,KIA 타이거즈,한준수,C,power,15,14,-1,KBO_2024_2025,kbo-player-abilities-2024-2025-v1
68646,KIA 타이거즈,한준수,C,plate_discipline,14,13,-1,KBO_2024_2025,kbo-player-abilities-2024-2025-v1
68646,KIA 타이거즈,한준수,C,timing,12,13,1,KBO_2024_2025,kbo-player-abilities-2024-2025-v1
68646,KIA 타이거즈,한준수,C,speed,10,9,-1,KBO_2024_2025,kbo-player-abilities-2024-2025-v1
68646,KIA 타이거즈,한준수,C,baserunning_judgment,10,8,-2,KBO_2024_2025,kbo-player-abilities-2024-2025-v1
66614,KIA 타이거즈,김규성,IF,power,11,10,-1,KBO_2024_2025,kbo-player-abilities-2024-2025-v1
66614,KIA 타이거즈,김규성,IF,plate_discipline,14,13,-1,KBO_2024_2025,kbo-player-abilities-2024-2025-v1
66614,KIA 타이거즈,김규성,IF,speed,12,13,1,KBO_2024_2025,kbo-player-abilities-2024-2025-v1
66614,KIA 타이거즈,김규성,IF,baserunning_judgment,12,13,1,KBO_2024_2025,kbo-player-abilities-2024-2025-v1
52605,KIA 타이거즈,김도영,IF,contact,15,16,1,KBO_2024_2025,kbo-player-abilities-2024-2025-v1
52605,KIA 타이거즈,김도영,IF,power,16,17,1,KBO_2024_2025,kbo-player-abilities-2024-2025-v1
52605,KIA 타이거즈,김도영,IF,plate_discipline,11,12,1,KBO_2024_2025,kbo-player-abilities-2024-2025-v1
52605,KIA 타이거즈,김도영,IF,bat_control,12,13,1,KBO_2024_2025,kbo-player-abilities-2024-2025-v1
52605,KIA 타이거즈,김도영,IF,timing,12,14,2,KBO_2024_2025,kbo-player-abilities-2024-2025-v1
52605,KIA 타이거즈,김도영,IF,speed,12,13,1,KBO_2024_2025,kbo-player-abilities-2024-2025-v1
52605,KIA 타이거즈,김도영,IF,baserunning_judgment,12,14,2,KBO_2024_2025,kbo-player-abilities-2024-2025-v1
78603,KIA 타이거즈,김선빈,IF,contact,18,17,-1,KBO_2024_2025,kbo-player-abilities-2024-2025-v1
78603,KIA 타이거즈,김선빈,IF,plate_discipline,16,13,-3,KBO_2024_2025,kbo-player-abilities-2024-2025-v1
78603,KIA 타이거즈,김선빈,IF,bat_control,16,15,-1,KBO_2024_2025,kbo-player-abilities-2024-2025-v1
78603,KIA 타이거즈,김선빈,IF,timing,15,16,1,KBO_2024_2025,kbo-player-abilities-2024-2025-v1
78603,KIA 타이거즈,김선빈,IF,baserunning_judgment,13,14,1,KBO_2024_2025,kbo-player-abilities-2024-2025-v1
50657,KIA 타이거즈,박민,IF,contact,7,9,2,KBO_2024_2025,kbo-player-abilities-2024-2025-v1
50657,KIA 타이거즈,박민,IF,power,8,10,2,KBO_2024_2025,kbo-player-abilities-2024-2025-v1
50657,KIA 타이거즈,박민,IF,plate_discipline,6,8,2,KBO_2024_2025,kbo-player-abilities-2024-2025-v1
50657,KIA 타이거즈,박민,IF,bat_control,7,9,2,KBO_2024_2025,kbo-player-abilities-2024-2025-v1
50657,KIA 타이거즈,박민,IF,timing,9,10,1,KBO_2024_2025,kbo-player-abilities-2024-2025-v1
50657,KIA 타이거즈,박민,IF,speed,11,12,1,KBO_2024_2025,kbo-player-abilities-2024-2025-v1
50657,KIA 타이거즈,박민,IF,baserunning_judgment,13,12,-1,KBO_2024_2025,kbo-player-abilities-2024-2025-v1
64646,KIA 타이거즈,박찬호,IF,contact,17,16,-1,KBO_2024_2025,kbo-player-abilities-2024-2025-v1
64646,KIA 타이거즈,박찬호,IF,power,12,11,-1,KBO_2024_2025,kbo-player-abilities-2024-2025-v1
64646,KIA 타이거즈,박찬호,IF,plate_discipline,15,14,-1,KBO_2024_2025,kbo-player-abilities-2024-2025-v1
64646,KIA 타이거즈,박찬호,IF,timing,15,16,1,KBO_2024_2025,kbo-player-abilities-2024-2025-v1
64646,KIA 타이거즈,박찬호,IF,baserunning_judgment,12,14,2,KBO_2024_2025,kbo-player-abilities-2024-2025-v1
69727,KIA 타이거즈,변우혁,IF,contact,7,10,3,KBO_2024_2025,kbo-player-abilities-2024-2025-v1
69727,KIA 타이거즈,변우혁,IF,power,5,9,4,KBO_2024_2025,kbo-player-abilities-2024-2025-v1
69727,KIA 타이거즈,변우혁,IF,plate_discipline,7,9,2,KBO_2024_2025,kbo-player-abilities-2024-2025-v1
69727,KIA 타이거즈,변우혁,IF,bat_control,6,9,3,KBO_2024_2025,kbo-player-abilities-2024-2025-v1
69727,KIA 타이거즈,변우혁,IF,timing,7,9,2,KBO_2024_2025,kbo-player-abilities-2024-2025-v1
78168,KIA 타이거즈,서건창,IF,contact,9,12,3,KBO_2024_2025,kbo-player-abilities-2024-2025-v1
78168,KIA 타이거즈,서건창,IF,plate_discipline,10,13,3,KBO_2024_2025,kbo-player-abilities-2024-2025-v1
78168,KIA 타이거즈,서건창,IF,bat_control,10,13,3,KBO_2024_2025,kbo-player-abilities-2024-2025-v1
78168,KIA 타이거즈,서건창,IF,timing,10,12,2,KBO_2024_2025,kbo-player-abilities-2024-2025-v1
78168,KIA 타이거즈,서건창,IF,speed,11,12,1,KBO_2024_2025,kbo-player-abilities-2024-2025-v1
78168,KIA 타이거즈,서건창,IF,baserunning_judgment,12,13,1,KBO_2024_2025,kbo-player-abilities-2024-2025-v1
69636,KIA 타이거즈,오선우,IF,power,17,16,-1,KBO_2024_2025,kbo-player-abilities-2024-2025-v1
69636,KIA 타이거즈,오선우,IF,plate_discipline,10,9,-1,KBO_2024_2025,kbo-player-abilities-2024-2025-v1
69636,KIA 타이거즈,오선우,IF,timing,12,11,-1,KBO_2024_2025,kbo-player-abilities-2024-2025-v1
69636,KIA 타이거즈,오선우,IF,speed,10,9,-1,KBO_2024_2025,kbo-player-abilities-2024-2025-v1
69636,KIA 타이거즈,오선우,IF,baserunning_judgment,8,9,1,KBO_2024_2025,kbo-player-abilities-2024-2025-v1
55645,KIA 타이거즈,위즈덤,IF,contact,10,9,-1,KBO_2024_2025,kbo-player-abilities-2024-2025-v1
55645,KIA 타이거즈,위즈덤,IF,power,18,17,-1,KBO_2024_2025,kbo-player-abilities-2024-2025-v1
55645,KIA 타이거즈,위즈덤,IF,plate_discipline,14,13,-1,KBO_2024_2025,kbo-player-abilities-2024-2025-v1
55645,KIA 타이거즈,위즈덤,IF,timing,11,10,-1,KBO_2024_2025,kbo-player-abilities-2024-2025-v1
52667,KIA 타이거즈,윤도현,IF,contact,14,13,-1,KBO_2024_2025,kbo-player-abilities-2024-2025-v1
52667,KIA 타이거즈,윤도현,IF,power,16,15,-1,KBO_2024_2025,kbo-player-abilities-2024-2025-v1
52667,KIA 타이거즈,윤도현,IF,timing,12,13,1,KBO_2024_2025,kbo-player-abilities-2024-2025-v1
52667,KIA 타이거즈,윤도현,IF,speed,12,13,1,KBO_2024_2025,kbo-player-abilities-2024-2025-v1
52667,KIA 타이거즈,윤도현,IF,baserunning_judgment,11,12,1,KBO_2024_2025,kbo-player-abilities-2024-2025-v1
53659,KIA 타이거즈,정해원,IF,contact,5,8,3,KBO_2024_2025,kbo-player-abilities-2024-2025-v1
53659,KIA 타이거즈,정해원,IF,power,6,9,3,KBO_2024_2025,kbo-player-abilities-2024-2025-v1
53659,KIA 타이거즈,정해원,IF,plate_discipline,9,11,2,KBO_2024_2025,kbo-player-abilities-2024-2025-v1
53659,KIA 타이거즈,정해원,IF,bat_control,6,9,3,KBO_2024_2025,kbo-player-abilities-2024-2025-v1
53659,KIA 타이거즈,정해원,IF,timing,7,9,2,KBO_2024_2025,kbo-player-abilities-2024-2025-v1
53659,KIA 타이거즈,정해원,IF,baserunning_judgment,11,10,-1,KBO_2024_2025,kbo-player-abilities-2024-2025-v1
55926,KIA 타이거즈,정현창,IF,contact,9,10,1,KBO_2024_2025,kbo-player-abilities-2024-2025-v1
55926,KIA 타이거즈,정현창,IF,power,8,9,1,KBO_2024_2025,kbo-player-abilities-2024-2025-v1
55926,KIA 타이거즈,정현창,IF,plate_discipline,9,10,1,KBO_2024_2025,kbo-player-abilities-2024-2025-v1
55926,KIA 타이거즈,정현창,IF,bat_control,10,11,1,KBO_2024_2025,kbo-player-abilities-2024-2025-v1
55926,KIA 타이거즈,정현창,IF,timing,10,11,1,KBO_2024_2025,kbo-player-abilities-2024-2025-v1
65464,KIA 타이거즈,최정용,IF,contact,10,11,1,KBO_2024_2025,kbo-player-abilities-2024-2025-v1
65464,KIA 타이거즈,최정용,IF,power,10,11,1,KBO_2024_2025,kbo-player-abilities-2024-2025-v1
65464,KIA 타이거즈,최정용,IF,plate_discipline,10,11,1,KBO_2024_2025,kbo-player-abilities-2024-2025-v1
65464,KIA 타이거즈,최정용,IF,bat_control,10,11,1,KBO_2024_2025,kbo-player-abilities-2024-2025-v1
65610,KIA 타이거즈,황대인,IF,contact,8,9,1,KBO_2024_2025,kbo-player-abilities-2024-2025-v1
65610,KIA 타이거즈,황대인,IF,power,10,11,1,KBO_2024_2025,kbo-player-abilities-2024-2025-v1
65610,KIA 타이거즈,황대인,IF,plate_discipline,8,9,1,KBO_2024_2025,kbo-player-abilities-2024-2025-v1
65610,KIA 타이거즈,황대인,IF,bat_control,9,10,1,KBO_2024_2025,kbo-player-abilities-2024-2025-v1
65610,KIA 타이거즈,황대인,IF,timing,8,10,2,KBO_2024_2025,kbo-player-abilities-2024-2025-v1
61353,KIA 타이거즈,고종욱,OF,contact,15,14,-1,KBO_2024_2025,kbo-player-abilities-2024-2025-v1
61353,KIA 타이거즈,고종욱,OF,plate_discipline,9,10,1,KBO_2024_2025,kbo-player-abilities-2024-2025-v1
61353,KIA 타이거즈,고종욱,OF,bat_control,14,13,-1,KBO_2024_2025,kbo-player-abilities-2024-2025-v1
61353,KIA 타이거즈,고종욱,OF,timing,12,13,1,KBO_2024_2025,kbo-player-abilities-2024-2025-v1
61353,KIA 타이거즈,고종욱,OF,baserunning_judgment,11,12,1,KBO_2024_2025,kbo-player-abilities-2024-2025-v1
67610,KIA 타이거즈,김석환,OF,power,12,11,-1,KBO_2024_2025,kbo-player-abilities-2024-2025-v1
67610,KIA 타이거즈,김석환,OF,bat_control,10,11,1,KBO_2024_2025,kbo-player-abilities-2024-2025-v1
67610,KIA 타이거즈,김석환,OF,baserunning_judgment,10,9,-1,KBO_2024_2025,kbo-player-abilities-2024-2025-v1
65653,KIA 타이거즈,김호령,OF,contact,15,14,-1,KBO_2024_2025,kbo-player-abilities-2024-2025-v1
65653,KIA 타이거즈,김호령,OF,power,15,14,-1,KBO_2024_2025,kbo-player-abilities-2024-2025-v1
65653,KIA 타이거즈,김호령,OF,bat_control,12,11,-1,KBO_2024_2025,kbo-player-abilities-2024-2025-v1
65653,KIA 타이거즈,김호령,OF,timing,13,12,-1,KBO_2024_2025,kbo-player-abilities-2024-2025-v1
65653,KIA 타이거즈,김호령,OF,baserunning_judgment,12,14,2,KBO_2024_2025,kbo-player-abilities-2024-2025-v1
62947,KIA 타이거즈,나성범,OF,contact,14,13,-1,KBO_2024_2025,kbo-player-abilities-2024-2025-v1
62947,KIA 타이거즈,나성범,OF,plate_discipline,16,15,-1,KBO_2024_2025,kbo-player-abilities-2024-2025-v1
62947,KIA 타이거즈,나성범,OF,timing,13,12,-1,KBO_2024_2025,kbo-player-abilities-2024-2025-v1
62947,KIA 타이거즈,나성범,OF,speed,9,8,-1,KBO_2024_2025,kbo-player-abilities-2024-2025-v1
62947,KIA 타이거즈,나성범,OF,baserunning_judgment,10,8,-2,KBO_2024_2025,kbo-player-abilities-2024-2025-v1
55636,KIA 타이거즈,박재현,OF,contact,5,8,3,KBO_2024_2025,kbo-player-abilities-2024-2025-v1
55636,KIA 타이거즈,박재현,OF,power,5,8,3,KBO_2024_2025,kbo-player-abilities-2024-2025-v1
55636,KIA 타이거즈,박재현,OF,plate_discipline,8,10,2,KBO_2024_2025,kbo-player-abilities-2024-2025-v1
55636,KIA 타이거즈,박재현,OF,bat_control,5,8,3,KBO_2024_2025,kbo-player-abilities-2024-2025-v1
55636,KIA 타이거즈,박재현,OF,timing,6,8,2,KBO_2024_2025,kbo-player-abilities-2024-2025-v1
67609,KIA 타이거즈,박정우,OF,contact,14,13,-1,KBO_2024_2025,kbo-player-abilities-2024-2025-v1
67609,KIA 타이거즈,박정우,OF,power,10,9,-1,KBO_2024_2025,kbo-player-abilities-2024-2025-v1
67609,KIA 타이거즈,박정우,OF,plate_discipline,14,13,-1,KBO_2024_2025,kbo-player-abilities-2024-2025-v1
67609,KIA 타이거즈,박정우,OF,timing,12,13,1,KBO_2024_2025,kbo-player-abilities-2024-2025-v1
67609,KIA 타이거즈,박정우,OF,speed,12,11,-1,KBO_2024_2025,kbo-player-abilities-2024-2025-v1
67609,KIA 타이거즈,박정우,OF,baserunning_judgment,11,12,1,KBO_2024_2025,kbo-player-abilities-2024-2025-v1
55637,KIA 타이거즈,박헌,OF,contact,9,10,1,KBO_2024_2025,kbo-player-abilities-2024-2025-v1
55637,KIA 타이거즈,박헌,OF,power,8,10,2,KBO_2024_2025,kbo-player-abilities-2024-2025-v1
55637,KIA 타이거즈,박헌,OF,plate_discipline,9,10,1,KBO_2024_2025,kbo-player-abilities-2024-2025-v1
55637,KIA 타이거즈,박헌,OF,bat_control,10,11,1,KBO_2024_2025,kbo-player-abilities-2024-2025-v1
55637,KIA 타이거즈,박헌,OF,timing,10,11,1,KBO_2024_2025,kbo-player-abilities-2024-2025-v1
64560,KIA 타이거즈,이창진,OF,contact,7,10,3,KBO_2024_2025,kbo-player-abilities-2024-2025-v1
64560,KIA 타이거즈,이창진,OF,power,8,9,1,KBO_2024_2025,kbo-player-abilities-2024-2025-v1
64560,KIA 타이거즈,이창진,OF,plate_discipline,13,15,2,KBO_2024_2025,kbo-player-abilities-2024-2025-v1
64560,KIA 타이거즈,이창진,OF,bat_control,10,11,1,KBO_2024_2025,kbo-player-abilities-2024-2025-v1
64560,KIA 타이거즈,이창진,OF,timing,8,10,2,KBO_2024_2025,kbo-player-abilities-2024-2025-v1
64560,KIA 타이거즈,이창진,OF,baserunning_judgment,10,11,1,KBO_2024_2025,kbo-player-abilities-2024-2025-v1
72443,KIA 타이거즈,최형우,OF,contact,17,16,-1,KBO_2024_2025,kbo-player-abilities-2024-2025-v1
72443,KIA 타이거즈,최형우,OF,power,19,18,-1,KBO_2024_2025,kbo-player-abilities-2024-2025-v1
72443,KIA 타이거즈,최형우,OF,plate_discipline,17,16,-1,KBO_2024_2025,kbo-player-abilities-2024-2025-v1
72443,KIA 타이거즈,최형우,OF,bat_control,16,15,-1,KBO_2024_2025,kbo-player-abilities-2024-2025-v1
72443,KIA 타이거즈,최형우,OF,timing,17,16,-1,KBO_2024_2025,kbo-player-abilities-2024-2025-v1
72443,KIA 타이거즈,최형우,OF,baserunning_judgment,13,12,-1,KBO_2024_2025,kbo-player-abilities-2024-2025-v1
53609,KIA 타이거즈,곽도규,P,pitcher_stuff,12,13,1,KBO_2024_2025,kbo-player-abilities-2024-2025-v1
53609,KIA 타이거즈,곽도규,P,pitcher_command,8,9,1,KBO_2024_2025,kbo-player-abilities-2024-2025-v1
53609,KIA 타이거즈,곽도규,P,pitcher_stamina,8,9,1,KBO_2024_2025,kbo-player-abilities-2024-2025-v1
53609,KIA 타이거즈,곽도규,P,pitcher_pitchability,9,11,2,KBO_2024_2025,kbo-player-abilities-2024-2025-v1
53609,KIA 타이거즈,곽도규,P,pitcher_strikeout,15,14,-1,KBO_2024_2025,kbo-player-abilities-2024-2025-v1
53609,KIA 타이거즈,곽도규,P,pitcher_walk_control,4,7,3,KBO_2024_2025,kbo-player-abilities-2024-2025-v1
53609,KIA 타이거즈,곽도규,P,pitcher_composure,6,10,4,KBO_2024_2025,kbo-player-abilities-2024-2025-v1
76225,KIA 타이거즈,김건국,P,pitcher_stuff,6,7,1,KBO_2024_2025,kbo-player-abilities-2024-2025-v1
76225,KIA 타이거즈,김건국,P,pitcher_movement,3,6,3,KBO_2024_2025,kbo-player-abilities-2024-2025-v1
76225,KIA 타이거즈,김건국,P,pitcher_stamina,11,12,1,KBO_2024_2025,kbo-player-abilities-2024-2025-v1
76225,KIA 타이거즈,김건국,P,pitcher_pitchability,7,9,2,KBO_2024_2025,kbo-player-abilities-2024-2025-v1
76225,KIA 타이거즈,김건국,P,pitcher_strikeout,4,7,3,KBO_2024_2025,kbo-player-abilities-2024-2025-v1
76225,KIA 타이거즈,김건국,P,pitcher_walk_control,16,14,-2,KBO_2024_2025,kbo-player-abilities-2024-2025-v1
76225,KIA 타이거즈,김건국,P,pitcher_composure,4,7,3,KBO_2024_2025,kbo-player-abilities-2024-2025-v1
69620,KIA 타이거즈,김기훈,P,pitcher_command,13,12,-1,KBO_2024_2025,kbo-player-abilities-2024-2025-v1
69620,KIA 타이거즈,김기훈,P,pitcher_movement,15,14,-1,KBO_2024_2025,kbo-player-abilities-2024-2025-v1
69620,KIA 타이거즈,김기훈,P,pitcher_stamina,10,11,1,KBO_2024_2025,kbo-player-abilities-2024-2025-v1
69620,KIA 타이거즈,김기훈,P,pitcher_pitchability,16,13,-3,KBO_2024_2025,kbo-player-abilities-2024-2025-v1
69620,KIA 타이거즈,김기훈,P,pitcher_strikeout,17,14,-3,KBO_2024_2025,kbo-player-abilities-2024-2025-v1
69620,KIA 타이거즈,김기훈,P,pitcher_walk_control,14,12,-2,KBO_2024_2025,kbo-player-abilities-2024-2025-v1
69620,KIA 타이거즈,김기훈,P,pitcher_composure,16,14,-2,KBO_2024_2025,kbo-player-abilities-2024-2025-v1
60337,KIA 타이거즈,김대유,P,pitcher_stuff,8,9,1,KBO_2024_2025,kbo-player-abilities-2024-2025-v1
60337,KIA 타이거즈,김대유,P,pitcher_command,10,11,1,KBO_2024_2025,kbo-player-abilities-2024-2025-v1
60337,KIA 타이거즈,김대유,P,pitcher_movement,8,9,1,KBO_2024_2025,kbo-player-abilities-2024-2025-v1
60337,KIA 타이거즈,김대유,P,pitcher_stamina,8,9,1,KBO_2024_2025,kbo-player-abilities-2024-2025-v1
60337,KIA 타이거즈,김대유,P,pitcher_pitchability,8,9,1,KBO_2024_2025,kbo-player-abilities-2024-2025-v1
60337,KIA 타이거즈,김대유,P,pitcher_strikeout,5,8,3,KBO_2024_2025,kbo-player-abilities-2024-2025-v1
60337,KIA 타이거즈,김대유,P,pitcher_walk_control,12,11,-1,KBO_2024_2025,kbo-player-abilities-2024-2025-v1
60337,KIA 타이거즈,김대유,P,pitcher_composure,6,8,2,KBO_2024_2025,kbo-player-abilities-2024-2025-v1
69745,KIA 타이거즈,김도현,P,pitcher_stuff,8,9,1,KBO_2024_2025,kbo-player-abilities-2024-2025-v1
69745,KIA 타이거즈,김도현,P,pitcher_movement,10,11,1,KBO_2024_2025,kbo-player-abilities-2024-2025-v1
69745,KIA 타이거즈,김도현,P,pitcher_stamina,19,16,-3,KBO_2024_2025,kbo-player-abilities-2024-2025-v1
69745,KIA 타이거즈,김도현,P,pitcher_pitchability,11,12,1,KBO_2024_2025,kbo-player-abilities-2024-2025-v1
69745,KIA 타이거즈,김도현,P,pitcher_strikeout,1,5,4,KBO_2024_2025,kbo-player-abilities-2024-2025-v1
69745,KIA 타이거즈,김도현,P,pitcher_walk_control,19,16,-3,KBO_2024_2025,kbo-player-abilities-2024-2025-v1
69745,KIA 타이거즈,김도현,P,pitcher_composure,11,12,1,KBO_2024_2025,kbo-player-abilities-2024-2025-v1
54645,KIA 타이거즈,김민주,P,pitcher_movement,12,11,-1,KBO_2024_2025,kbo-player-abilities-2024-2025-v1
54645,KIA 타이거즈,김민주,P,pitcher_stamina,9,10,1,KBO_2024_2025,kbo-player-abilities-2024-2025-v1
54645,KIA 타이거즈,김민주,P,pitcher_walk_control,12,11,-1,KBO_2024_2025,kbo-player-abilities-2024-2025-v1
54645,KIA 타이거즈,김민주,P,pitcher_composure,9,10,1,KBO_2024_2025,kbo-player-abilities-2024-2025-v1
63894,KIA 타이거즈,김사윤,P,pitcher_stuff,8,11,3,KBO_2024_2025,kbo-player-abilities-2024-2025-v1
63894,KIA 타이거즈,김사윤,P,pitcher_command,8,9,1,KBO_2024_2025,kbo-player-abilities-2024-2025-v1
63894,KIA 타이거즈,김사윤,P,pitcher_movement,8,11,3,KBO_2024_2025,kbo-player-abilities-2024-2025-v1
63894,KIA 타이거즈,김사윤,P,pitcher_stamina,8,11,3,KBO_2024_2025,kbo-player-abilities-2024-2025-v1
63894,KIA 타이거즈,김사윤,P,pitcher_pitchability,8,10,2,KBO_2024_2025,kbo-player-abilities-2024-2025-v1
63894,KIA 타이거즈,김사윤,P,pitcher_strikeout,8,11,3,KBO_2024_2025,kbo-player-abilities-2024-2025-v1
63894,KIA 타이거즈,김사윤,P,pitcher_walk_control,8,9,1,KBO_2024_2025,kbo-player-abilities-2024-2025-v1
63894,KIA 타이거즈,김사윤,P,pitcher_composure,8,10,2,KBO_2024_2025,kbo-player-abilities-2024-2025-v1
66492,KIA 타이거즈,김승현,P,pitcher_stuff,7,9,2,KBO_2024_2025,kbo-player-abilities-2024-2025-v1
66492,KIA 타이거즈,김승현,P,pitcher_command,1,7,6,KBO_2024_2025,kbo-player-abilities-2024-2025-v1
66492,KIA 타이거즈,김승현,P,pitcher_stamina,8,10,2,KBO_2024_2025,kbo-player-abilities-2024-2025-v1
66492,KIA 타이거즈,김승현,P,pitcher_pitchability,2,8,6,KBO_2024_2025,kbo-player-abilities-2024-2025-v1
66492,KIA 타이거즈,김승현,P,pitcher_strikeout,2,7,5,KBO_2024_2025,kbo-player-abilities-2024-2025-v1
66492,KIA 타이거즈,김승현,P,pitcher_walk_control,1,8,7,KBO_2024_2025,kbo-player-abilities-2024-2025-v1
66492,KIA 타이거즈,김승현,P,pitcher_composure,1,7,6,KBO_2024_2025,kbo-player-abilities-2024-2025-v1
68928,KIA 타이거즈,김시훈,P,pitcher_stuff,7,9,2,KBO_2024_2025,kbo-player-abilities-2024-2025-v1
68928,KIA 타이거즈,김시훈,P,pitcher_command,11,10,-1,KBO_2024_2025,kbo-player-abilities-2024-2025-v1
68928,KIA 타이거즈,김시훈,P,pitcher_movement,4,8,4,KBO_2024_2025,kbo-player-abilities-2024-2025-v1
68928,KIA 타이거즈,김시훈,P,pitcher_stamina,9,12,3,KBO_2024_2025,kbo-player-abilities-2024-2025-v1
68928,KIA 타이거즈,김시훈,P,pitcher_pitchability,8,9,1,KBO_2024_2025,kbo-player-abilities-2024-2025-v1
68928,KIA 타이거즈,김시훈,P,pitcher_strikeout,6,8,2,KBO_2024_2025,kbo-player-abilities-2024-2025-v1
68928,KIA 타이거즈,김시훈,P,pitcher_walk_control,14,11,-3,KBO_2024_2025,kbo-player-abilities-2024-2025-v1
68928,KIA 타이거즈,김시훈,P,pitcher_composure,4,8,4,KBO_2024_2025,kbo-player-abilities-2024-2025-v1
55646,KIA 타이거즈,김정엽,P,pitcher_movement,12,11,-1,KBO_2024_2025,kbo-player-abilities-2024-2025-v1
55646,KIA 타이거즈,김정엽,P,pitcher_stamina,8,10,2,KBO_2024_2025,kbo-player-abilities-2024-2025-v1
55646,KIA 타이거즈,김정엽,P,pitcher_pitchability,12,11,-1,KBO_2024_2025,kbo-player-abilities-2024-2025-v1
55610,KIA 타이거즈,김태형,P,pitcher_stuff,7,9,2,KBO_2024_2025,kbo-player-abilities-2024-2025-v1
55610,KIA 타이거즈,김태형,P,pitcher_command,13,12,-1,KBO_2024_2025,kbo-player-abilities-2024-2025-v1
55610,KIA 타이거즈,김태형,P,pitcher_movement,7,9,2,KBO_2024_2025,kbo-player-abilities-2024-2025-v1
55610,KIA 타이거즈,김태형,P,pitcher_stamina,13,12,-1,KBO_2024_2025,kbo-player-abilities-2024-2025-v1
55610,KIA 타이거즈,김태형,P,pitcher_pitchability,10,11,1,KBO_2024_2025,kbo-player-abilities-2024-2025-v1
55610,KIA 타이거즈,김태형,P,pitcher_strikeout,5,8,3,KBO_2024_2025,kbo-player-abilities-2024-2025-v1
55610,KIA 타이거즈,김태형,P,pitcher_walk_control,17,14,-3,KBO_2024_2025,kbo-player-abilities-2024-2025-v1
55610,KIA 타이거즈,김태형,P,pitcher_composure,12,11,-1,KBO_2024_2025,kbo-player-abilities-2024-2025-v1
69516,KIA 타이거즈,김현수,P,pitcher_stuff,8,9,1,KBO_2024_2025,kbo-player-abilities-2024-2025-v1
69516,KIA 타이거즈,김현수,P,pitcher_command,8,9,1,KBO_2024_2025,kbo-player-abilities-2024-2025-v1
69516,KIA 타이거즈,김현수,P,pitcher_movement,8,10,2,KBO_2024_2025,kbo-player-abilities-2024-2025-v1
69516,KIA 타이거즈,김현수,P,pitcher_stamina,9,10,1,KBO_2024_2025,kbo-player-abilities-2024-2025-v1
69516,KIA 타이거즈,김현수,P,pitcher_pitchability,6,9,3,KBO_2024_2025,kbo-player-abilities-2024-2025-v1
69516,KIA 타이거즈,김현수,P,pitcher_strikeout,5,8,3,KBO_2024_2025,kbo-player-abilities-2024-2025-v1
69516,KIA 타이거즈,김현수,P,pitcher_walk_control,5,8,3,KBO_2024_2025,kbo-player-abilities-2024-2025-v1
69516,KIA 타이거즈,김현수,P,pitcher_composure,12,11,-1,KBO_2024_2025,kbo-player-abilities-2024-2025-v1
54640,KIA 타이거즈,네일,P,pitcher_command,15,16,1,KBO_2024_2025,kbo-player-abilities-2024-2025-v1
54640,KIA 타이거즈,네일,P,pitcher_movement,19,16,-3,KBO_2024_2025,kbo-player-abilities-2024-2025-v1
54640,KIA 타이거즈,네일,P,pitcher_stamina,20,18,-2,KBO_2024_2025,kbo-player-abilities-2024-2025-v1
54640,KIA 타이거즈,네일,P,pitcher_pitchability,19,17,-2,KBO_2024_2025,kbo-player-abilities-2024-2025-v1
54640,KIA 타이거즈,네일,P,pitcher_strikeout,18,16,-2,KBO_2024_2025,kbo-player-abilities-2024-2025-v1
54640,KIA 타이거즈,네일,P,pitcher_walk_control,19,17,-2,KBO_2024_2025,kbo-player-abilities-2024-2025-v1
54640,KIA 타이거즈,네일,P,pitcher_composure,20,18,-2,KBO_2024_2025,kbo-player-abilities-2024-2025-v1
63638,KIA 타이거즈,박준표,P,pitcher_stuff,1,7,6,KBO_2024_2025,kbo-player-abilities-2024-2025-v1
63638,KIA 타이거즈,박준표,P,pitcher_command,10,11,1,KBO_2024_2025,kbo-player-abilities-2024-2025-v1
63638,KIA 타이거즈,박준표,P,pitcher_movement,1,7,6,KBO_2024_2025,kbo-player-abilities-2024-2025-v1
63638,KIA 타이거즈,박준표,P,pitcher_stamina,7,9,2,KBO_2024_2025,kbo-player-abilities-2024-2025-v1
63638,KIA 타이거즈,박준표,P,pitcher_pitchability,5,9,4,KBO_2024_2025,kbo-player-abilities-2024-2025-v1
63638,KIA 타이거즈,박준표,P,pitcher_strikeout,1,7,6,KBO_2024_2025,kbo-player-abilities-2024-2025-v1
63638,KIA 타이거즈,박준표,P,pitcher_walk_control,15,12,-3,KBO_2024_2025,kbo-player-abilities-2024-2025-v1
63638,KIA 타이거즈,박준표,P,pitcher_composure,6,9,3,KBO_2024_2025,kbo-player-abilities-2024-2025-v1
54610,KIA 타이거즈,성영탁,P,pitcher_stuff,11,12,1,KBO_2024_2025,kbo-player-abilities-2024-2025-v1
54610,KIA 타이거즈,성영탁,P,pitcher_movement,16,14,-2,KBO_2024_2025,kbo-player-abilities-2024-2025-v1
54610,KIA 타이거즈,성영탁,P,pitcher_stamina,10,11,1,KBO_2024_2025,kbo-player-abilities-2024-2025-v1
54610,KIA 타이거즈,성영탁,P,pitcher_pitchability,14,13,-1,KBO_2024_2025,kbo-player-abilities-2024-2025-v1
54610,KIA 타이거즈,성영탁,P,pitcher_strikeout,5,8,3,KBO_2024_2025,kbo-player-abilities-2024-2025-v1
54610,KIA 타이거즈,성영탁,P,pitcher_walk_control,18,15,-3,KBO_2024_2025,kbo-player-abilities-2024-2025-v1
54610,KIA 타이거즈,성영탁,P,pitcher_composure,19,16,-3,KBO_2024_2025,kbo-player-abilities-2024-2025-v1
55659,KIA 타이거즈,양수호,P,pitcher_stuff,11,10,-1,FUTURES_2024_2025,kbo-player-abilities-2024-2025-v1
55659,KIA 타이거즈,양수호,P,pitcher_command,10,9,-1,FUTURES_2024_2025,kbo-player-abilities-2024-2025-v1
55659,KIA 타이거즈,양수호,P,pitcher_movement,9,8,-1,FUTURES_2024_2025,kbo-player-abilities-2024-2025-v1
55659,KIA 타이거즈,양수호,P,pitcher_stamina,7,8,1,FUTURES_2024_2025,kbo-player-abilities-2024-2025-v1
55659,KIA 타이거즈,양수호,P,pitcher_pitchability,11,10,-1,FUTURES_2024_2025,kbo-player-abilities-2024-2025-v1
55659,KIA 타이거즈,양수호,P,pitcher_strikeout,14,11,-3,FUTURES_2024_2025,kbo-player-abilities-2024-2025-v1
55659,KIA 타이거즈,양수호,P,pitcher_walk_control,9,8,-1,FUTURES_2024_2025,kbo-player-abilities-2024-2025-v1
55659,KIA 타이거즈,양수호,P,pitcher_composure,11,10,-1,FUTURES_2024_2025,kbo-player-abilities-2024-2025-v1
77637,KIA 타이거즈,양현종,P,pitcher_stuff,10,11,1,KBO_2024_2025,kbo-player-abilities-2024-2025-v1
77637,KIA 타이거즈,양현종,P,pitcher_command,13,14,1,KBO_2024_2025,kbo-player-abilities-2024-2025-v1
77637,KIA 타이거즈,양현종,P,pitcher_movement,12,11,-1,KBO_2024_2025,kbo-player-abilities-2024-2025-v1
77637,KIA 타이거즈,양현종,P,pitcher_stamina,20,18,-2,KBO_2024_2025,kbo-player-abilities-2024-2025-v1
77637,KIA 타이거즈,양현종,P,pitcher_pitchability,11,12,1,KBO_2024_2025,kbo-player-abilities-2024-2025-v1
77637,KIA 타이거즈,양현종,P,pitcher_strikeout,4,8,4,KBO_2024_2025,kbo-player-abilities-2024-2025-v1
77637,KIA 타이거즈,양현종,P,pitcher_composure,10,12,2,KBO_2024_2025,kbo-player-abilities-2024-2025-v1
55633,KIA 타이거즈,올러,P,pitcher_stuff,15,16,1,KBO_2024_2025,kbo-player-abilities-2024-2025-v1
55633,KIA 타이거즈,올러,P,pitcher_command,14,15,1,KBO_2024_2025,kbo-player-abilities-2024-2025-v1
55633,KIA 타이거즈,올러,P,pitcher_movement,19,16,-3,KBO_2024_2025,kbo-player-abilities-2024-2025-v1
55633,KIA 타이거즈,올러,P,pitcher_stamina,20,17,-3,KBO_2024_2025,kbo-player-abilities-2024-2025-v1
55633,KIA 타이거즈,올러,P,pitcher_pitchability,19,17,-2,KBO_2024_2025,kbo-player-abilities-2024-2025-v1
55633,KIA 타이거즈,올러,P,pitcher_strikeout,20,17,-3,KBO_2024_2025,kbo-player-abilities-2024-2025-v1
55633,KIA 타이거즈,올러,P,pitcher_walk_control,17,15,-2,KBO_2024_2025,kbo-player-abilities-2024-2025-v1
55633,KIA 타이거즈,올러,P,pitcher_composure,18,16,-2,KBO_2024_2025,kbo-player-abilities-2024-2025-v1
67640,KIA 타이거즈,유승철,P,pitcher_stuff,12,11,-1,KBO_2024_2025,kbo-player-abilities-2024-2025-v1
67640,KIA 타이거즈,유승철,P,pitcher_command,11,10,-1,KBO_2024_2025,kbo-player-abilities-2024-2025-v1
67640,KIA 타이거즈,유승철,P,pitcher_pitchability,12,11,-1,KBO_2024_2025,kbo-player-abilities-2024-2025-v1
67640,KIA 타이거즈,유승철,P,pitcher_strikeout,15,12,-3,KBO_2024_2025,kbo-player-abilities-2024-2025-v1
67640,KIA 타이거즈,유승철,P,pitcher_composure,12,11,-1,KBO_2024_2025,kbo-player-abilities-2024-2025-v1
50604,KIA 타이거즈,유지성,P,pitcher_command,12,11,-1,KBO_2024_2025,kbo-player-abilities-2024-2025-v1
50604,KIA 타이거즈,유지성,P,pitcher_movement,12,11,-1,KBO_2024_2025,kbo-player-abilities-2024-2025-v1
50604,KIA 타이거즈,유지성,P,pitcher_stamina,9,10,1,KBO_2024_2025,kbo-player-abilities-2024-2025-v1
50604,KIA 타이거즈,유지성,P,pitcher_pitchability,13,12,-1,KBO_2024_2025,kbo-player-abilities-2024-2025-v1
50604,KIA 타이거즈,유지성,P,pitcher_strikeout,12,11,-1,KBO_2024_2025,kbo-player-abilities-2024-2025-v1
50604,KIA 타이거즈,유지성,P,pitcher_walk_control,13,12,-1,KBO_2024_2025,kbo-player-abilities-2024-2025-v1
50604,KIA 타이거즈,유지성,P,pitcher_composure,14,12,-2,KBO_2024_2025,kbo-player-abilities-2024-2025-v1
53613,KIA 타이거즈,윤영철,P,pitcher_command,8,9,1,KBO_2024_2025,kbo-player-abilities-2024-2025-v1
53613,KIA 타이거즈,윤영철,P,pitcher_pitchability,9,10,1,KBO_2024_2025,kbo-player-abilities-2024-2025-v1
53613,KIA 타이거즈,윤영철,P,pitcher_strikeout,12,11,-1,KBO_2024_2025,kbo-player-abilities-2024-2025-v1
53613,KIA 타이거즈,윤영철,P,pitcher_walk_control,4,7,3,KBO_2024_2025,kbo-player-abilities-2024-2025-v1
53613,KIA 타이거즈,윤영철,P,pitcher_composure,8,10,2,KBO_2024_2025,kbo-player-abilities-2024-2025-v1
68619,KIA 타이거즈,윤중현,P,pitcher_stuff,8,9,1,KBO_2024_2025,kbo-player-abilities-2024-2025-v1
68619,KIA 타이거즈,윤중현,P,pitcher_command,9,10,1,KBO_2024_2025,kbo-player-abilities-2024-2025-v1
68619,KIA 타이거즈,윤중현,P,pitcher_movement,7,8,1,KBO_2024_2025,kbo-player-abilities-2024-2025-v1
68619,KIA 타이거즈,윤중현,P,pitcher_stamina,9,10,1,KBO_2024_2025,kbo-player-abilities-2024-2025-v1
68619,KIA 타이거즈,윤중현,P,pitcher_pitchability,8,9,1,KBO_2024_2025,kbo-player-abilities-2024-2025-v1
68619,KIA 타이거즈,윤중현,P,pitcher_walk_control,7,9,2,KBO_2024_2025,kbo-player-abilities-2024-2025-v1
68619,KIA 타이거즈,윤중현,P,pitcher_composure,11,10,-1,KBO_2024_2025,kbo-player-abilities-2024-2025-v1
53615,KIA 타이거즈,이도현,P,pitcher_stuff,9,10,1,KBO_2024_2025,kbo-player-abilities-2024-2025-v1
53615,KIA 타이거즈,이도현,P,pitcher_command,9,10,1,KBO_2024_2025,kbo-player-abilities-2024-2025-v1
53615,KIA 타이거즈,이도현,P,pitcher_movement,10,11,1,KBO_2024_2025,kbo-player-abilities-2024-2025-v1
53615,KIA 타이거즈,이도현,P,pitcher_pitchability,8,9,1,KBO_2024_2025,kbo-player-abilities-2024-2025-v1
53615,KIA 타이거즈,이도현,P,pitcher_strikeout,7,9,2,KBO_2024_2025,kbo-player-abilities-2024-2025-v1
53615,KIA 타이거즈,이도현,P,pitcher_walk_control,9,10,1,KBO_2024_2025,kbo-player-abilities-2024-2025-v1
53615,KIA 타이거즈,이도현,P,pitcher_composure,7,9,2,KBO_2024_2025,kbo-player-abilities-2024-2025-v1
55632,KIA 타이거즈,이성원,P,pitcher_command,8,10,2,KBO_2024_2025,kbo-player-abilities-2024-2025-v1
55632,KIA 타이거즈,이성원,P,pitcher_movement,12,11,-1,KBO_2024_2025,kbo-player-abilities-2024-2025-v1
55632,KIA 타이거즈,이성원,P,pitcher_stamina,8,10,2,KBO_2024_2025,kbo-player-abilities-2024-2025-v1
55632,KIA 타이거즈,이성원,P,pitcher_pitchability,8,10,2,KBO_2024_2025,kbo-player-abilities-2024-2025-v1
55632,KIA 타이거즈,이성원,P,pitcher_strikeout,12,11,-1,KBO_2024_2025,kbo-player-abilities-2024-2025-v1
55632,KIA 타이거즈,이성원,P,pitcher_walk_control,7,10,3,KBO_2024_2025,kbo-player-abilities-2024-2025-v1
55632,KIA 타이거즈,이성원,P,pitcher_composure,5,9,4,KBO_2024_2025,kbo-player-abilities-2024-2025-v1
51648,KIA 타이거즈,이의리,P,pitcher_stuff,10,11,1,KBO_2024_2025,kbo-player-abilities-2024-2025-v1
51648,KIA 타이거즈,이의리,P,pitcher_command,6,8,2,KBO_2024_2025,kbo-player-abilities-2024-2025-v1
51648,KIA 타이거즈,이의리,P,pitcher_movement,7,9,2,KBO_2024_2025,kbo-player-abilities-2024-2025-v1
51648,KIA 타이거즈,이의리,P,pitcher_stamina,16,14,-2,KBO_2024_2025,kbo-player-abilities-2024-2025-v1
51648,KIA 타이거즈,이의리,P,pitcher_pitchability,7,9,2,KBO_2024_2025,kbo-player-abilities-2024-2025-v1
51648,KIA 타이거즈,이의리,P,pitcher_strikeout,16,14,-2,KBO_2024_2025,kbo-player-abilities-2024-2025-v1
51648,KIA 타이거즈,이의리,P,pitcher_walk_control,2,6,4,KBO_2024_2025,kbo-player-abilities-2024-2025-v1
51648,KIA 타이거즈,이의리,P,pitcher_composure,3,7,4,KBO_2024_2025,kbo-player-abilities-2024-2025-v1
65665,KIA 타이거즈,이준영,P,pitcher_stuff,11,12,1,KBO_2024_2025,kbo-player-abilities-2024-2025-v1
65665,KIA 타이거즈,이준영,P,pitcher_pitchability,14,13,-1,KBO_2024_2025,kbo-player-abilities-2024-2025-v1
65665,KIA 타이거즈,이준영,P,pitcher_strikeout,17,15,-2,KBO_2024_2025,kbo-player-abilities-2024-2025-v1
65665,KIA 타이거즈,이준영,P,pitcher_walk_control,16,13,-3,KBO_2024_2025,kbo-player-abilities-2024-2025-v1
62951,KIA 타이거즈,이형범,P,pitcher_stuff,11,10,-1,KBO_2024_2025,kbo-player-abilities-2024-2025-v1
62951,KIA 타이거즈,이형범,P,pitcher_command,10,11,1,KBO_2024_2025,kbo-player-abilities-2024-2025-v1
62951,KIA 타이거즈,이형범,P,pitcher_movement,12,11,-1,KBO_2024_2025,kbo-player-abilities-2024-2025-v1
62951,KIA 타이거즈,이형범,P,pitcher_stamina,9,10,1,KBO_2024_2025,kbo-player-abilities-2024-2025-v1
62951,KIA 타이거즈,이형범,P,pitcher_pitchability,9,10,1,KBO_2024_2025,kbo-player-abilities-2024-2025-v1
62951,KIA 타이거즈,이형범,P,pitcher_strikeout,5,8,3,KBO_2024_2025,kbo-player-abilities-2024-2025-v1
62951,KIA 타이거즈,이형범,P,pitcher_walk_control,13,12,-1,KBO_2024_2025,kbo-player-abilities-2024-2025-v1
62951,KIA 타이거즈,이형범,P,pitcher_composure,5,8,3,KBO_2024_2025,kbo-player-abilities-2024-2025-v1
55663,KIA 타이거즈,이호민,P,pitcher_command,9,10,1,KBO_2024_2025,kbo-player-abilities-2024-2025-v1
55663,KIA 타이거즈,이호민,P,pitcher_stamina,9,10,1,KBO_2024_2025,kbo-player-abilities-2024-2025-v1
55663,KIA 타이거즈,이호민,P,pitcher_pitchability,7,9,2,KBO_2024_2025,kbo-player-abilities-2024-2025-v1
55663,KIA 타이거즈,이호민,P,pitcher_strikeout,3,7,4,KBO_2024_2025,kbo-player-abilities-2024-2025-v1
55663,KIA 타이거즈,이호민,P,pitcher_walk_control,8,9,1,KBO_2024_2025,kbo-player-abilities-2024-2025-v1
55663,KIA 타이거즈,이호민,P,pitcher_composure,5,8,3,KBO_2024_2025,kbo-player-abilities-2024-2025-v1
62754,KIA 타이거즈,임기영,P,pitcher_stuff,8,9,1,KBO_2024_2025,kbo-player-abilities-2024-2025-v1
62754,KIA 타이거즈,임기영,P,pitcher_command,10,11,1,KBO_2024_2025,kbo-player-abilities-2024-2025-v1
62754,KIA 타이거즈,임기영,P,pitcher_movement,5,7,2,KBO_2024_2025,kbo-player-abilities-2024-2025-v1
62754,KIA 타이거즈,임기영,P,pitcher_stamina,9,10,1,KBO_2024_2025,kbo-player-abilities-2024-2025-v1
62754,KIA 타이거즈,임기영,P,pitcher_pitchability,7,9,2,KBO_2024_2025,kbo-player-abilities-2024-2025-v1
62754,KIA 타이거즈,임기영,P,pitcher_strikeout,5,8,3,KBO_2024_2025,kbo-player-abilities-2024-2025-v1
62754,KIA 타이거즈,임기영,P,pitcher_walk_control,14,13,-1,KBO_2024_2025,kbo-player-abilities-2024-2025-v1
62754,KIA 타이거즈,임기영,P,pitcher_composure,3,7,4,KBO_2024_2025,kbo-player-abilities-2024-2025-v1
50641,KIA 타이거즈,장재혁,P,pitcher_stuff,9,10,1,KBO_2024_2025,kbo-player-abilities-2024-2025-v1
50641,KIA 타이거즈,장재혁,P,pitcher_command,9,10,1,KBO_2024_2025,kbo-player-abilities-2024-2025-v1
50641,KIA 타이거즈,장재혁,P,pitcher_movement,8,10,2,KBO_2024_2025,kbo-player-abilities-2024-2025-v1
50641,KIA 타이거즈,장재혁,P,pitcher_stamina,9,10,1,KBO_2024_2025,kbo-player-abilities-2024-2025-v1
50641,KIA 타이거즈,장재혁,P,pitcher_pitchability,10,11,1,KBO_2024_2025,kbo-player-abilities-2024-2025-v1
50641,KIA 타이거즈,장재혁,P,pitcher_strikeout,12,11,-1,KBO_2024_2025,kbo-player-abilities-2024-2025-v1
50641,KIA 타이거즈,장재혁,P,pitcher_walk_control,8,10,2,KBO_2024_2025,kbo-player-abilities-2024-2025-v1
66609,KIA 타이거즈,전상현,P,pitcher_stuff,12,13,1,KBO_2024_2025,kbo-player-abilities-2024-2025-v1
66609,KIA 타이거즈,전상현,P,pitcher_movement,15,14,-1,KBO_2024_2025,kbo-player-abilities-2024-2025-v1
66609,KIA 타이거즈,전상현,P,pitcher_stamina,10,11,1,KBO_2024_2025,kbo-player-abilities-2024-2025-v1
66609,KIA 타이거즈,전상현,P,pitcher_pitchability,15,14,-1,KBO_2024_2025,kbo-player-abilities-2024-2025-v1
66609,KIA 타이거즈,전상현,P,pitcher_strikeout,7,10,3,KBO_2024_2025,kbo-player-abilities-2024-2025-v1
66609,KIA 타이거즈,전상현,P,pitcher_walk_control,18,15,-3,KBO_2024_2025,kbo-player-abilities-2024-2025-v1
66609,KIA 타이거즈,전상현,P,pitcher_composure,18,16,-2,KBO_2024_2025,kbo-player-abilities-2024-2025-v1
50662,KIA 타이거즈,정해영,P,pitcher_command,13,14,1,KBO_2024_2025,kbo-player-abilities-2024-2025-v1
50662,KIA 타이거즈,정해영,P,pitcher_movement,15,12,-3,KBO_2024_2025,kbo-player-abilities-2024-2025-v1
50662,KIA 타이거즈,정해영,P,pitcher_stamina,10,11,1,KBO_2024_2025,kbo-player-abilities-2024-2025-v1
50662,KIA 타이거즈,정해영,P,pitcher_pitchability,17,16,-1,KBO_2024_2025,kbo-player-abilities-2024-2025-v1
50662,KIA 타이거즈,정해영,P,pitcher_strikeout,19,16,-3,KBO_2024_2025,kbo-player-abilities-2024-2025-v1
50662,KIA 타이거즈,정해영,P,pitcher_walk_control,18,15,-3,KBO_2024_2025,kbo-player-abilities-2024-2025-v1
63342,KIA 타이거즈,조상우,P,pitcher_stuff,12,13,1,KBO_2024_2025,kbo-player-abilities-2024-2025-v1
63342,KIA 타이거즈,조상우,P,pitcher_command,11,12,1,KBO_2024_2025,kbo-player-abilities-2024-2025-v1
63342,KIA 타이거즈,조상우,P,pitcher_movement,13,12,-1,KBO_2024_2025,kbo-player-abilities-2024-2025-v1
63342,KIA 타이거즈,조상우,P,pitcher_strikeout,15,14,-1,KBO_2024_2025,kbo-player-abilities-2024-2025-v1
52639,KIA 타이거즈,최지민,P,pitcher_stuff,8,9,1,KBO_2024_2025,kbo-player-abilities-2024-2025-v1
52639,KIA 타이거즈,최지민,P,pitcher_command,6,7,1,KBO_2024_2025,kbo-player-abilities-2024-2025-v1
52639,KIA 타이거즈,최지민,P,pitcher_movement,8,11,3,KBO_2024_2025,kbo-player-abilities-2024-2025-v1
52639,KIA 타이거즈,최지민,P,pitcher_stamina,10,9,-1,KBO_2024_2025,kbo-player-abilities-2024-2025-v1
52639,KIA 타이거즈,최지민,P,pitcher_pitchability,3,6,3,KBO_2024_2025,kbo-player-abilities-2024-2025-v1
52639,KIA 타이거즈,최지민,P,pitcher_strikeout,5,8,3,KBO_2024_2025,kbo-player-abilities-2024-2025-v1
52639,KIA 타이거즈,최지민,P,pitcher_walk_control,1,5,4,KBO_2024_2025,kbo-player-abilities-2024-2025-v1
52639,KIA 타이거즈,최지민,P,pitcher_composure,3,7,4,KBO_2024_2025,kbo-player-abilities-2024-2025-v1
51994,KIA 타이거즈,한재승,P,pitcher_stuff,10,11,1,KBO_2024_2025,kbo-player-abilities-2024-2025-v1
51994,KIA 타이거즈,한재승,P,pitcher_command,5,8,3,KBO_2024_2025,kbo-player-abilities-2024-2025-v1
51994,KIA 타이거즈,한재승,P,pitcher_movement,7,10,3,KBO_2024_2025,kbo-player-abilities-2024-2025-v1
51994,KIA 타이거즈,한재승,P,pitcher_pitchability,7,9,2,KBO_2024_2025,kbo-player-abilities-2024-2025-v1
51994,KIA 타이거즈,한재승,P,pitcher_strikeout,16,15,-1,KBO_2024_2025,kbo-player-abilities-2024-2025-v1
51994,KIA 타이거즈,한재승,P,pitcher_walk_control,1,5,4,KBO_2024_2025,kbo-player-abilities-2024-2025-v1
51994,KIA 타이거즈,한재승,P,pitcher_composure,4,8,4,KBO_2024_2025,kbo-player-abilities-2024-2025-v1
52641,KIA 타이거즈,황동하,P,pitcher_movement,11,10,-1,KBO_2024_2025,kbo-player-abilities-2024-2025-v1
52641,KIA 타이거즈,황동하,P,pitcher_stamina,12,13,1,KBO_2024_2025,kbo-player-abilities-2024-2025-v1
52641,KIA 타이거즈,황동하,P,pitcher_pitchability,15,13,-2,KBO_2024_2025,kbo-player-abilities-2024-2025-v1
52641,KIA 타이거즈,황동하,P,pitcher_strikeout,14,13,-1,KBO_2024_2025,kbo-player-abilities-2024-2025-v1
52641,KIA 타이거즈,황동하,P,pitcher_walk_control,18,15,-3,KBO_2024_2025,kbo-player-abilities-2024-2025-v1
68050,KT 위즈,강백호,C,contact,15,14,-1,KBO_2024_2025,kbo-player-abilities-2024-2025-v1
68050,KT 위즈,강백호,C,power,18,17,-1,KBO_2024_2025,kbo-player-abilities-2024-2025-v1
68050,KT 위즈,강백호,C,plate_discipline,17,15,-2,KBO_2024_2025,kbo-player-abilities-2024-2025-v1
68050,KT 위즈,강백호,C,bat_control,15,14,-1,KBO_2024_2025,kbo-player-abilities-2024-2025-v1
68050,KT 위즈,강백호,C,timing,16,14,-2,KBO_2024_2025,kbo-player-abilities-2024-2025-v1
68050,KT 위즈,강백호,C,speed,12,11,-1,KBO_2024_2025,kbo-player-abilities-2024-2025-v1
68050,KT 위즈,강백호,C,baserunning_judgment,10,11,1,KBO_2024_2025,kbo-player-abilities-2024-2025-v1
50066,KT 위즈,강현우,C,contact,8,9,1,KBO_2024_2025,kbo-player-abilities-2024-2025-v1
50066,KT 위즈,강현우,C,power,8,10,2,KBO_2024_2025,kbo-player-abilities-2024-2025-v1
50066,KT 위즈,강현우,C,plate_discipline,12,13,1,KBO_2024_2025,kbo-player-abilities-2024-2025-v1
50066,KT 위즈,강현우,C,bat_control,10,11,1,KBO_2024_2025,kbo-player-abilities-2024-2025-v1
50066,KT 위즈,강현우,C,timing,8,10,2,KBO_2024_2025,kbo-player-abilities-2024-2025-v1
50066,KT 위즈,강현우,C,baserunning_judgment,11,10,-1,KBO_2024_2025,kbo-player-abilities-2024-2025-v1
54097,KT 위즈,김민석,C,power,10,9,-1,FUTURES_2024_2025,kbo-player-abilities-2024-2025-v1
54097,KT 위즈,김민석,C,plate_discipline,6,7,1,FUTURES_2024_2025,kbo-player-abilities-2024-2025-v1
54097,KT 위즈,김민석,C,timing,9,10,1,FUTURES_2024_2025,kbo-player-abilities-2024-2025-v1
54097,KT 위즈,김민석,C,speed,8,7,-1,FUTURES_2024_2025,kbo-player-abilities-2024-2025-v1
54097,KT 위즈,김민석,C,baserunning_judgment,9,7,-2,FUTURES_2024_2025,kbo-player-abilities-2024-2025-v1
78548,KT 위즈,장성우,C,contact,13,12,-1,KBO_2024_2025,kbo-player-abilities-2024-2025-v1
78548,KT 위즈,장성우,C,bat_control,11,12,1,KBO_2024_2025,kbo-player-abilities-2024-2025-v1
78548,KT 위즈,장성우,C,timing,11,12,1,KBO_2024_2025,kbo-player-abilities-2024-2025-v1
78548,KT 위즈,장성우,C,speed,9,10,1,KBO_2024_2025,kbo-player-abilities-2024-2025-v1
78548,KT 위즈,장성우,C,baserunning_judgment,9,11,2,KBO_2024_2025,kbo-player-abilities-2024-2025-v1
68089,KT 위즈,조대현,C,contact,7,9,2,KBO_2024_2025,kbo-player-abilities-2024-2025-v1
68089,KT 위즈,조대현,C,power,7,9,2,KBO_2024_2025,kbo-player-abilities-2024-2025-v1
68089,KT 위즈,조대현,C,plate_discipline,9,10,1,KBO_2024_2025,kbo-player-abilities-2024-2025-v1
68089,KT 위즈,조대현,C,bat_control,9,10,1,KBO_2024_2025,kbo-player-abilities-2024-2025-v1
68089,KT 위즈,조대현,C,timing,7,9,2,KBO_2024_2025,kbo-player-abilities-2024-2025-v1
68089,KT 위즈,조대현,C,baserunning_judgment,11,10,-1,KBO_2024_2025,kbo-player-abilities-2024-2025-v1
69064,KT 위즈,강민성,IF,contact,6,9,3,KBO_2024_2025,kbo-player-abilities-2024-2025-v1
69064,KT 위즈,강민성,IF,power,7,9,2,KBO_2024_2025,kbo-player-abilities-2024-2025-v1
69064,KT 위즈,강민성,IF,plate_discipline,9,11,2,KBO_2024_2025,kbo-player-abilities-2024-2025-v1
69064,KT 위즈,강민성,IF,bat_control,6,9,3,KBO_2024_2025,kbo-player-abilities-2024-2025-v1
69064,KT 위즈,강민성,IF,timing,7,9,2,KBO_2024_2025,kbo-player-abilities-2024-2025-v1
69064,KT 위즈,강민성,IF,baserunning_judgment,11,10,-1,KBO_2024_2025,kbo-player-abilities-2024-2025-v1
51003,KT 위즈,권동진,IF,contact,7,9,2,KBO_2024_2025,kbo-player-abilities-2024-2025-v1
51003,KT 위즈,권동진,IF,power,7,9,2,KBO_2024_2025,kbo-player-abilities-2024-2025-v1
51003,KT 위즈,권동진,IF,plate_discipline,10,11,1,KBO_2024_2025,kbo-player-abilities-2024-2025-v1
51003,KT 위즈,권동진,IF,bat_control,5,8,3,KBO_2024_2025,kbo-player-abilities-2024-2025-v1
51003,KT 위즈,권동진,IF,timing,6,8,2,KBO_2024_2025,kbo-player-abilities-2024-2025-v1
51003,KT 위즈,권동진,IF,speed,13,12,-1,KBO_2024_2025,kbo-player-abilities-2024-2025-v1
51003,KT 위즈,권동진,IF,baserunning_judgment,11,12,1,KBO_2024_2025,kbo-player-abilities-2024-2025-v1
79402,KT 위즈,김상수,IF,plate_discipline,16,15,-1,KBO_2024_2025,kbo-player-abilities-2024-2025-v1
79402,KT 위즈,김상수,IF,bat_control,15,14,-1,KBO_2024_2025,kbo-player-abilities-2024-2025-v1
79402,KT 위즈,김상수,IF,timing,12,13,1,KBO_2024_2025,kbo-player-abilities-2024-2025-v1
64007,KT 위즈,문상철,IF,contact,10,11,1,KBO_2024_2025,kbo-player-abilities-2024-2025-v1
64007,KT 위즈,문상철,IF,power,13,14,1,KBO_2024_2025,kbo-player-abilities-2024-2025-v1
64007,KT 위즈,문상철,IF,baserunning_judgment,11,12,1,KBO_2024_2025,kbo-player-abilities-2024-2025-v1
69056,KT 위즈,박민석,IF,contact,10,11,1,KBO_2024_2025,kbo-player-abilities-2024-2025-v1
69056,KT 위즈,박민석,IF,power,10,11,1,KBO_2024_2025,kbo-player-abilities-2024-2025-v1
69056,KT 위즈,박민석,IF,plate_discipline,10,11,1,KBO_2024_2025,kbo-player-abilities-2024-2025-v1
69056,KT 위즈,박민석,IF,bat_control,10,11,1,KBO_2024_2025,kbo-player-abilities-2024-2025-v1
55005,KT 위즈,오서진,IF,power,8,9,1,FUTURES_2024_2025,kbo-player-abilities-2024-2025-v1
55005,KT 위즈,오서진,IF,plate_discipline,6,7,1,FUTURES_2024_2025,kbo-player-abilities-2024-2025-v1
55005,KT 위즈,오서진,IF,bat_control,11,10,-1,FUTURES_2024_2025,kbo-player-abilities-2024-2025-v1
55005,KT 위즈,오서진,IF,baserunning_judgment,9,10,1,FUTURES_2024_2025,kbo-player-abilities-2024-2025-v1
64504,KT 위즈,오윤석,IF,contact,10,12,2,KBO_2024_2025,kbo-player-abilities-2024-2025-v1
64504,KT 위즈,오윤석,IF,power,7,10,3,KBO_2024_2025,kbo-player-abilities-2024-2025-v1
64504,KT 위즈,오윤석,IF,plate_discipline,8,10,2,KBO_2024_2025,kbo-player-abilities-2024-2025-v1
64504,KT 위즈,오윤석,IF,bat_control,9,10,1,KBO_2024_2025,kbo-player-abilities-2024-2025-v1
64504,KT 위즈,오윤석,IF,timing,9,11,2,KBO_2024_2025,kbo-player-abilities-2024-2025-v1
64504,KT 위즈,오윤석,IF,speed,10,9,-1,KBO_2024_2025,kbo-player-abilities-2024-2025-v1
75334,KT 위즈,오재일,IF,contact,5,9,4,KBO_2024_2025,kbo-player-abilities-2024-2025-v1
75334,KT 위즈,오재일,IF,power,5,12,7,KBO_2024_2025,kbo-player-abilities-2024-2025-v1
75334,KT 위즈,오재일,IF,plate_discipline,5,10,5,KBO_2024_2025,kbo-player-abilities-2024-2025-v1
75334,KT 위즈,오재일,IF,bat_control,6,9,3,KBO_2024_2025,kbo-player-abilities-2024-2025-v1
75334,KT 위즈,오재일,IF,timing,7,9,2,KBO_2024_2025,kbo-player-abilities-2024-2025-v1
75334,KT 위즈,오재일,IF,baserunning_judgment,9,8,-1,KBO_2024_2025,kbo-player-abilities-2024-2025-v1
50092,KT 위즈,윤준혁,IF,contact,7,9,2,KBO_2024_2025,kbo-player-abilities-2024-2025-v1
50092,KT 위즈,윤준혁,IF,power,9,10,1,KBO_2024_2025,kbo-player-abilities-2024-2025-v1
50092,KT 위즈,윤준혁,IF,plate_discipline,7,9,2,KBO_2024_2025,kbo-player-abilities-2024-2025-v1
50092,KT 위즈,윤준혁,IF,bat_control,9,10,1,KBO_2024_2025,kbo-player-abilities-2024-2025-v1
50092,KT 위즈,윤준혁,IF,timing,7,9,2,KBO_2024_2025,kbo-player-abilities-2024-2025-v1
50092,KT 위즈,윤준혁,IF,speed,11,12,1,KBO_2024_2025,kbo-player-abilities-2024-2025-v1
50092,KT 위즈,윤준혁,IF,baserunning_judgment,11,12,1,KBO_2024_2025,kbo-player-abilities-2024-2025-v1
68504,KT 위즈,이호연,IF,contact,14,13,-1,KBO_2024_2025,kbo-player-abilities-2024-2025-v1
68504,KT 위즈,이호연,IF,timing,13,12,-1,KBO_2024_2025,kbo-player-abilities-2024-2025-v1
68504,KT 위즈,이호연,IF,speed,10,9,-1,KBO_2024_2025,kbo-player-abilities-2024-2025-v1
68504,KT 위즈,이호연,IF,baserunning_judgment,10,9,-1,KBO_2024_2025,kbo-player-abilities-2024-2025-v1
64115,KT 위즈,장준원,IF,contact,7,9,2,KBO_2024_2025,kbo-player-abilities-2024-2025-v1
64115,KT 위즈,장준원,IF,power,5,8,3,KBO_2024_2025,kbo-player-abilities-2024-2025-v1
64115,KT 위즈,장준원,IF,plate_discipline,6,9,3,KBO_2024_2025,kbo-player-abilities-2024-2025-v1
64115,KT 위즈,장준원,IF,bat_control,8,9,1,KBO_2024_2025,kbo-player-abilities-2024-2025-v1
64115,KT 위즈,장준원,IF,timing,7,9,2,KBO_2024_2025,kbo-player-abilities-2024-2025-v1
64115,KT 위즈,장준원,IF,baserunning_judgment,10,9,-1,KBO_2024_2025,kbo-player-abilities-2024-2025-v1
79240,KT 위즈,허경민,IF,contact,17,16,-1,KBO_2024_2025,kbo-player-abilities-2024-2025-v1
79240,KT 위즈,허경민,IF,power,12,11,-1,KBO_2024_2025,kbo-player-abilities-2024-2025-v1
79240,KT 위즈,허경민,IF,plate_discipline,14,13,-1,KBO_2024_2025,kbo-player-abilities-2024-2025-v1
79240,KT 위즈,허경민,IF,bat_control,16,15,-1,KBO_2024_2025,kbo-player-abilities-2024-2025-v1
79240,KT 위즈,허경민,IF,speed,11,12,1,KBO_2024_2025,kbo-player-abilities-2024-2025-v1
79240,KT 위즈,허경민,IF,baserunning_judgment,12,13,1,KBO_2024_2025,kbo-player-abilities-2024-2025-v1
76313,KT 위즈,황재균,IF,contact,14,13,-1,KBO_2024_2025,kbo-player-abilities-2024-2025-v1
76313,KT 위즈,황재균,IF,power,12,13,1,KBO_2024_2025,kbo-player-abilities-2024-2025-v1
76313,KT 위즈,황재균,IF,plate_discipline,11,10,-1,KBO_2024_2025,kbo-player-abilities-2024-2025-v1
76313,KT 위즈,황재균,IF,bat_control,14,13,-1,KBO_2024_2025,kbo-player-abilities-2024-2025-v1
76313,KT 위즈,황재균,IF,timing,14,13,-1,KBO_2024_2025,kbo-player-abilities-2024-2025-v1
51005,KT 위즈,김건형,OF,power,10,11,1,KBO_2024_2025,kbo-player-abilities-2024-2025-v1
51005,KT 위즈,김건형,OF,bat_control,10,11,1,KBO_2024_2025,kbo-player-abilities-2024-2025-v1
51005,KT 위즈,김건형,OF,baserunning_judgment,11,10,-1,KBO_2024_2025,kbo-player-abilities-2024-2025-v1
64004,KT 위즈,김민혁,OF,power,8,9,1,KBO_2024_2025,kbo-player-abilities-2024-2025-v1
64004,KT 위즈,김민혁,OF,plate_discipline,10,11,1,KBO_2024_2025,kbo-player-abilities-2024-2025-v1
64004,KT 위즈,김민혁,OF,timing,14,15,1,KBO_2024_2025,kbo-player-abilities-2024-2025-v1
64004,KT 위즈,김민혁,OF,speed,14,13,-1,KBO_2024_2025,kbo-player-abilities-2024-2025-v1
64004,KT 위즈,김민혁,OF,baserunning_judgment,12,13,1,KBO_2024_2025,kbo-player-abilities-2024-2025-v1
52002,KT 위즈,김병준,OF,contact,10,11,1,KBO_2024_2025,kbo-player-abilities-2024-2025-v1
52002,KT 위즈,김병준,OF,plate_discipline,10,11,1,KBO_2024_2025,kbo-player-abilities-2024-2025-v1
52002,KT 위즈,김병준,OF,bat_control,10,11,1,KBO_2024_2025,kbo-player-abilities-2024-2025-v1
55004,KT 위즈,박민석,OF,contact,5,7,2,FUTURES_2024_2025,kbo-player-abilities-2024-2025-v1
55004,KT 위즈,박민석,OF,power,5,7,2,FUTURES_2024_2025,kbo-player-abilities-2024-2025-v1
55004,KT 위즈,박민석,OF,plate_discipline,5,8,3,FUTURES_2024_2025,kbo-player-abilities-2024-2025-v1
55004,KT 위즈,박민석,OF,bat_control,6,7,1,FUTURES_2024_2025,kbo-player-abilities-2024-2025-v1
55004,KT 위즈,박민석,OF,timing,7,8,1,FUTURES_2024_2025,kbo-player-abilities-2024-2025-v1
55004,KT 위즈,박민석,OF,speed,8,9,1,FUTURES_2024_2025,kbo-player-abilities-2024-2025-v1
64166,KT 위즈,배정대,OF,contact,7,10,3,KBO_2024_2025,kbo-player-abilities-2024-2025-v1
64166,KT 위즈,배정대,OF,power,9,11,2,KBO_2024_2025,kbo-player-abilities-2024-2025-v1
64166,KT 위즈,배정대,OF,plate_discipline,7,10,3,KBO_2024_2025,kbo-player-abilities-2024-2025-v1
64166,KT 위즈,배정대,OF,bat_control,7,10,3,KBO_2024_2025,kbo-player-abilities-2024-2025-v1
64166,KT 위즈,배정대,OF,timing,7,9,2,KBO_2024_2025,kbo-player-abilities-2024-2025-v1
64166,KT 위즈,배정대,OF,speed,14,13,-1,KBO_2024_2025,kbo-player-abilities-2024-2025-v1
64166,KT 위즈,배정대,OF,baserunning_judgment,11,12,1,KBO_2024_2025,kbo-player-abilities-2024-2025-v1
64012,KT 위즈,송민섭,OF,contact,9,10,1,KBO_2024_2025,kbo-player-abilities-2024-2025-v1
64012,KT 위즈,송민섭,OF,power,7,9,2,KBO_2024_2025,kbo-player-abilities-2024-2025-v1
64012,KT 위즈,송민섭,OF,plate_discipline,7,10,3,KBO_2024_2025,kbo-player-abilities-2024-2025-v1
64012,KT 위즈,송민섭,OF,bat_control,7,10,3,KBO_2024_2025,kbo-player-abilities-2024-2025-v1
64012,KT 위즈,송민섭,OF,timing,9,10,1,KBO_2024_2025,kbo-player-abilities-2024-2025-v1
64012,KT 위즈,송민섭,OF,speed,8,10,2,KBO_2024_2025,kbo-player-abilities-2024-2025-v1
64012,KT 위즈,송민섭,OF,baserunning_judgment,8,10,2,KBO_2024_2025,kbo-player-abilities-2024-2025-v1
55013,KT 위즈,스티븐슨,OF,contact,11,12,1,KBO_2024_2025,kbo-player-abilities-2024-2025-v1
55013,KT 위즈,스티븐슨,OF,power,14,13,-1,KBO_2024_2025,kbo-player-abilities-2024-2025-v1
55013,KT 위즈,스티븐슨,OF,plate_discipline,12,11,-1,KBO_2024_2025,kbo-player-abilities-2024-2025-v1
55013,KT 위즈,스티븐슨,OF,speed,11,12,1,KBO_2024_2025,kbo-player-abilities-2024-2025-v1
55013,KT 위즈,스티븐슨,OF,baserunning_judgment,11,12,1,KBO_2024_2025,kbo-player-abilities-2024-2025-v1
67006,KT 위즈,안치영,OF,contact,10,11,1,KBO_2024_2025,kbo-player-abilities-2024-2025-v1
67006,KT 위즈,안치영,OF,bat_control,10,11,1,KBO_2024_2025,kbo-player-abilities-2024-2025-v1
52001,KT 위즈,안현민,OF,contact,18,17,-1,KBO_2024_2025,kbo-player-abilities-2024-2025-v1
52001,KT 위즈,안현민,OF,power,19,17,-2,KBO_2024_2025,kbo-player-abilities-2024-2025-v1
52001,KT 위즈,안현민,OF,plate_discipline,19,17,-2,KBO_2024_2025,kbo-player-abilities-2024-2025-v1
52001,KT 위즈,안현민,OF,bat_control,17,16,-1,KBO_2024_2025,kbo-player-abilities-2024-2025-v1
52001,KT 위즈,안현민,OF,timing,17,16,-1,KBO_2024_2025,kbo-player-abilities-2024-2025-v1
52001,KT 위즈,안현민,OF,baserunning_judgment,12,13,1,KBO_2024_2025,kbo-player-abilities-2024-2025-v1
51013,KT 위즈,유준규,OF,contact,8,9,1,KBO_2024_2025,kbo-player-abilities-2024-2025-v1
51013,KT 위즈,유준규,OF,power,8,10,2,KBO_2024_2025,kbo-player-abilities-2024-2025-v1
51013,KT 위즈,유준규,OF,plate_discipline,11,12,1,KBO_2024_2025,kbo-player-abilities-2024-2025-v1
51013,KT 위즈,유준규,OF,bat_control,8,9,1,KBO_2024_2025,kbo-player-abilities-2024-2025-v1
51013,KT 위즈,유준규,OF,timing,8,9,1,KBO_2024_2025,kbo-player-abilities-2024-2025-v1
51013,KT 위즈,유준규,OF,baserunning_judgment,11,12,1,KBO_2024_2025,kbo-player-abilities-2024-2025-v1
67644,KT 위즈,이정훈,OF,contact,10,11,1,KBO_2024_2025,kbo-player-abilities-2024-2025-v1
67644,KT 위즈,이정훈,OF,power,13,12,-1,KBO_2024_2025,kbo-player-abilities-2024-2025-v1
67644,KT 위즈,이정훈,OF,plate_discipline,11,12,1,KBO_2024_2025,kbo-player-abilities-2024-2025-v1
67644,KT 위즈,이정훈,OF,bat_control,8,9,1,KBO_2024_2025,kbo-player-abilities-2024-2025-v1
67644,KT 위즈,이정훈,OF,timing,9,10,1,KBO_2024_2025,kbo-player-abilities-2024-2025-v1
67644,KT 위즈,이정훈,OF,speed,10,9,-1,KBO_2024_2025,kbo-player-abilities-2024-2025-v1
67644,KT 위즈,이정훈,OF,baserunning_judgment,11,10,-1,KBO_2024_2025,kbo-player-abilities-2024-2025-v1
66706,KT 위즈,장진혁,OF,contact,7,9,2,KBO_2024_2025,kbo-player-abilities-2024-2025-v1
66706,KT 위즈,장진혁,OF,power,11,13,2,KBO_2024_2025,kbo-player-abilities-2024-2025-v1
66706,KT 위즈,장진혁,OF,plate_discipline,9,10,1,KBO_2024_2025,kbo-player-abilities-2024-2025-v1
66706,KT 위즈,장진혁,OF,bat_control,8,10,2,KBO_2024_2025,kbo-player-abilities-2024-2025-v1
66706,KT 위즈,장진혁,OF,timing,8,9,1,KBO_2024_2025,kbo-player-abilities-2024-2025-v1
66706,KT 위즈,장진혁,OF,speed,12,13,1,KBO_2024_2025,kbo-player-abilities-2024-2025-v1
66706,KT 위즈,장진혁,OF,baserunning_judgment,12,13,1,KBO_2024_2025,kbo-player-abilities-2024-2025-v1
51007,KT 위즈,최성민,OF,contact,7,10,3,KBO_2024_2025,kbo-player-abilities-2024-2025-v1
51007,KT 위즈,최성민,OF,power,7,9,2,KBO_2024_2025,kbo-player-abilities-2024-2025-v1
51007,KT 위즈,최성민,OF,plate_discipline,7,10,3,KBO_2024_2025,kbo-player-abilities-2024-2025-v1
51007,KT 위즈,최성민,OF,bat_control,9,10,1,KBO_2024_2025,kbo-player-abilities-2024-2025-v1
51007,KT 위즈,최성민,OF,timing,9,10,1,KBO_2024_2025,kbo-player-abilities-2024-2025-v1
51007,KT 위즈,최성민,OF,baserunning_judgment,12,11,-1,KBO_2024_2025,kbo-player-abilities-2024-2025-v1
53006,KT 위즈,강건,P,pitcher_stuff,7,9,2,KBO_2024_2025,kbo-player-abilities-2024-2025-v1
53006,KT 위즈,강건,P,pitcher_command,6,9,3,KBO_2024_2025,kbo-player-abilities-2024-2025-v1
53006,KT 위즈,강건,P,pitcher_movement,5,8,3,KBO_2024_2025,kbo-player-abilities-2024-2025-v1
53006,KT 위즈,강건,P,pitcher_stamina,10,11,1,KBO_2024_2025,kbo-player-abilities-2024-2025-v1
53006,KT 위즈,강건,P,pitcher_pitchability,3,7,4,KBO_2024_2025,kbo-player-abilities-2024-2025-v1
53006,KT 위즈,강건,P,pitcher_strikeout,5,8,3,KBO_2024_2025,kbo-player-abilities-2024-2025-v1
53006,KT 위즈,강건,P,pitcher_walk_control,3,7,4,KBO_2024_2025,kbo-player-abilities-2024-2025-v1
53006,KT 위즈,강건,P,pitcher_composure,2,7,5,KBO_2024_2025,kbo-player-abilities-2024-2025-v1
64001,KT 위즈,고영표,P,pitcher_movement,18,15,-3,KBO_2024_2025,kbo-player-abilities-2024-2025-v1
64001,KT 위즈,고영표,P,pitcher_stamina,20,18,-2,KBO_2024_2025,kbo-player-abilities-2024-2025-v1
64001,KT 위즈,고영표,P,pitcher_pitchability,19,17,-2,KBO_2024_2025,kbo-player-abilities-2024-2025-v1
64001,KT 위즈,고영표,P,pitcher_strikeout,18,15,-3,KBO_2024_2025,kbo-player-abilities-2024-2025-v1
64001,KT 위즈,고영표,P,pitcher_walk_control,20,18,-2,KBO_2024_2025,kbo-player-abilities-2024-2025-v1
64001,KT 위즈,고영표,P,pitcher_composure,18,16,-2,KBO_2024_2025,kbo-player-abilities-2024-2025-v1
55040,KT 위즈,김동현,P,pitcher_stuff,9,10,1,KBO_2024_2025,kbo-player-abilities-2024-2025-v1
55040,KT 위즈,김동현,P,pitcher_command,9,10,1,KBO_2024_2025,kbo-player-abilities-2024-2025-v1
55040,KT 위즈,김동현,P,pitcher_movement,6,9,3,KBO_2024_2025,kbo-player-abilities-2024-2025-v1
55040,KT 위즈,김동현,P,pitcher_stamina,9,10,1,KBO_2024_2025,kbo-player-abilities-2024-2025-v1
55040,KT 위즈,김동현,P,pitcher_pitchability,9,10,1,KBO_2024_2025,kbo-player-abilities-2024-2025-v1
55040,KT 위즈,김동현,P,pitcher_strikeout,14,12,-2,KBO_2024_2025,kbo-player-abilities-2024-2025-v1
55040,KT 위즈,김동현,P,pitcher_walk_control,10,11,1,KBO_2024_2025,kbo-player-abilities-2024-2025-v1
55040,KT 위즈,김동현,P,pitcher_composure,5,9,4,KBO_2024_2025,kbo-player-abilities-2024-2025-v1
65048,KT 위즈,김민수,P,pitcher_stuff,9,11,2,KBO_2024_2025,kbo-player-abilities-2024-2025-v1
65048,KT 위즈,김민수,P,pitcher_command,14,13,-1,KBO_2024_2025,kbo-player-abilities-2024-2025-v1
65048,KT 위즈,김민수,P,pitcher_movement,9,10,1,KBO_2024_2025,kbo-player-abilities-2024-2025-v1
65048,KT 위즈,김민수,P,pitcher_stamina,10,11,1,KBO_2024_2025,kbo-player-abilities-2024-2025-v1
65048,KT 위즈,김민수,P,pitcher_pitchability,12,13,1,KBO_2024_2025,kbo-player-abilities-2024-2025-v1
65048,KT 위즈,김민수,P,pitcher_strikeout,5,9,4,KBO_2024_2025,kbo-player-abilities-2024-2025-v1
65048,KT 위즈,김민수,P,pitcher_walk_control,18,15,-3,KBO_2024_2025,kbo-player-abilities-2024-2025-v1
65048,KT 위즈,김민수,P,pitcher_composure,11,12,1,KBO_2024_2025,kbo-player-abilities-2024-2025-v1
55043,KT 위즈,김재원,P,pitcher_command,7,9,2,KBO_2024_2025,kbo-player-abilities-2024-2025-v1
55043,KT 위즈,김재원,P,pitcher_movement,12,11,-1,KBO_2024_2025,kbo-player-abilities-2024-2025-v1
55043,KT 위즈,김재원,P,pitcher_stamina,9,10,1,KBO_2024_2025,kbo-player-abilities-2024-2025-v1
55043,KT 위즈,김재원,P,pitcher_pitchability,7,10,3,KBO_2024_2025,kbo-player-abilities-2024-2025-v1
55043,KT 위즈,김재원,P,pitcher_strikeout,12,11,-1,KBO_2024_2025,kbo-player-abilities-2024-2025-v1
55043,KT 위즈,김재원,P,pitcher_walk_control,2,7,5,KBO_2024_2025,kbo-player-abilities-2024-2025-v1
55043,KT 위즈,김재원,P,pitcher_composure,6,9,3,KBO_2024_2025,kbo-player-abilities-2024-2025-v1
51299,KT 위즈,김주완,P,pitcher_stuff,7,8,1,FUTURES_2024_2025,kbo-player-abilities-2024-2025-v1
51299,KT 위즈,김주완,P,pitcher_command,10,9,-1,FUTURES_2024_2025,kbo-player-abilities-2024-2025-v1
51299,KT 위즈,김주완,P,pitcher_stamina,6,7,1,FUTURES_2024_2025,kbo-player-abilities-2024-2025-v1
51299,KT 위즈,김주완,P,pitcher_pitchability,9,8,-1,FUTURES_2024_2025,kbo-player-abilities-2024-2025-v1
51299,KT 위즈,김주완,P,pitcher_strikeout,8,9,1,FUTURES_2024_2025,kbo-player-abilities-2024-2025-v1
51299,KT 위즈,김주완,P,pitcher_walk_control,10,9,-1,FUTURES_2024_2025,kbo-player-abilities-2024-2025-v1
51299,KT 위즈,김주완,P,pitcher_composure,9,8,-1,FUTURES_2024_2025,kbo-player-abilities-2024-2025-v1
67419,KT 위즈,문용익,P,pitcher_command,8,9,1,KBO_2024_2025,kbo-player-abilities-2024-2025-v1
67419,KT 위즈,문용익,P,pitcher_movement,12,11,-1,KBO_2024_2025,kbo-player-abilities-2024-2025-v1
67419,KT 위즈,문용익,P,pitcher_stamina,11,12,1,KBO_2024_2025,kbo-player-abilities-2024-2025-v1
67419,KT 위즈,문용익,P,pitcher_pitchability,12,11,-1,KBO_2024_2025,kbo-player-abilities-2024-2025-v1
67419,KT 위즈,문용익,P,pitcher_strikeout,18,15,-3,KBO_2024_2025,kbo-player-abilities-2024-2025-v1
67419,KT 위즈,문용익,P,pitcher_walk_control,3,6,3,KBO_2024_2025,kbo-player-abilities-2024-2025-v1
67419,KT 위즈,문용익,P,pitcher_composure,14,11,-3,KBO_2024_2025,kbo-player-abilities-2024-2025-v1
55046,KT 위즈,박건우,P,pitcher_stamina,9,10,1,KBO_2024_2025,kbo-player-abilities-2024-2025-v1
55046,KT 위즈,박건우,P,pitcher_pitchability,14,12,-2,KBO_2024_2025,kbo-player-abilities-2024-2025-v1
55046,KT 위즈,박건우,P,pitcher_strikeout,17,14,-3,KBO_2024_2025,kbo-player-abilities-2024-2025-v1
55046,KT 위즈,박건우,P,pitcher_walk_control,10,11,1,KBO_2024_2025,kbo-player-abilities-2024-2025-v1
55046,KT 위즈,박건우,P,pitcher_composure,15,13,-2,KBO_2024_2025,kbo-player-abilities-2024-2025-v1
52060,KT 위즈,박영현,P,pitcher_stuff,13,14,1,KBO_2024_2025,kbo-player-abilities-2024-2025-v1
52060,KT 위즈,박영현,P,pitcher_command,10,12,2,KBO_2024_2025,kbo-player-abilities-2024-2025-v1
52060,KT 위즈,박영현,P,pitcher_movement,9,10,1,KBO_2024_2025,kbo-player-abilities-2024-2025-v1
52060,KT 위즈,박영현,P,pitcher_stamina,10,11,1,KBO_2024_2025,kbo-player-abilities-2024-2025-v1
52060,KT 위즈,박영현,P,pitcher_pitchability,13,14,1,KBO_2024_2025,kbo-player-abilities-2024-2025-v1
52060,KT 위즈,박영현,P,pitcher_strikeout,19,17,-2,KBO_2024_2025,kbo-player-abilities-2024-2025-v1
52060,KT 위즈,박영현,P,pitcher_walk_control,7,10,3,KBO_2024_2025,kbo-player-abilities-2024-2025-v1
65516,KT 위즈,배제성,P,pitcher_stuff,12,11,-1,KBO_2024_2025,kbo-player-abilities-2024-2025-v1
65516,KT 위즈,배제성,P,pitcher_command,11,12,1,KBO_2024_2025,kbo-player-abilities-2024-2025-v1
65516,KT 위즈,배제성,P,pitcher_stamina,13,12,-1,KBO_2024_2025,kbo-player-abilities-2024-2025-v1
65516,KT 위즈,배제성,P,pitcher_walk_control,14,13,-1,KBO_2024_2025,kbo-player-abilities-2024-2025-v1
65516,KT 위즈,배제성,P,pitcher_composure,9,10,1,KBO_2024_2025,kbo-player-abilities-2024-2025-v1
50109,KT 위즈,성재헌,P,pitcher_stuff,4,8,4,KBO_2024_2025,kbo-player-abilities-2024-2025-v1
50109,KT 위즈,성재헌,P,pitcher_command,8,10,2,KBO_2024_2025,kbo-player-abilities-2024-2025-v1
50109,KT 위즈,성재헌,P,pitcher_movement,4,9,5,KBO_2024_2025,kbo-player-abilities-2024-2025-v1
50109,KT 위즈,성재헌,P,pitcher_stamina,7,10,3,KBO_2024_2025,kbo-player-abilities-2024-2025-v1
50109,KT 위즈,성재헌,P,pitcher_pitchability,6,9,3,KBO_2024_2025,kbo-player-abilities-2024-2025-v1
50109,KT 위즈,성재헌,P,pitcher_strikeout,3,7,4,KBO_2024_2025,kbo-player-abilities-2024-2025-v1
50109,KT 위즈,성재헌,P,pitcher_walk_control,13,12,-1,KBO_2024_2025,kbo-player-abilities-2024-2025-v1
50109,KT 위즈,성재헌,P,pitcher_composure,3,7,4,KBO_2024_2025,kbo-player-abilities-2024-2025-v1
50030,KT 위즈,소형준,P,pitcher_stuff,14,13,-1,KBO_2024_2025,kbo-player-abilities-2024-2025-v1
50030,KT 위즈,소형준,P,pitcher_movement,18,15,-3,KBO_2024_2025,kbo-player-abilities-2024-2025-v1
50030,KT 위즈,소형준,P,pitcher_stamina,20,17,-3,KBO_2024_2025,kbo-player-abilities-2024-2025-v1
50030,KT 위즈,소형준,P,pitcher_pitchability,18,16,-2,KBO_2024_2025,kbo-player-abilities-2024-2025-v1
50030,KT 위즈,소형준,P,pitcher_strikeout,14,13,-1,KBO_2024_2025,kbo-player-abilities-2024-2025-v1
50030,KT 위즈,소형준,P,pitcher_walk_control,20,17,-3,KBO_2024_2025,kbo-player-abilities-2024-2025-v1
50030,KT 위즈,소형준,P,pitcher_composure,18,16,-2,KBO_2024_2025,kbo-player-abilities-2024-2025-v1
69041,KT 위즈,손동현,P,pitcher_stuff,13,12,-1,KBO_2024_2025,kbo-player-abilities-2024-2025-v1
69041,KT 위즈,손동현,P,pitcher_movement,12,11,-1,KBO_2024_2025,kbo-player-abilities-2024-2025-v1
69041,KT 위즈,손동현,P,pitcher_stamina,10,11,1,KBO_2024_2025,kbo-player-abilities-2024-2025-v1
69041,KT 위즈,손동현,P,pitcher_pitchability,17,14,-3,KBO_2024_2025,kbo-player-abilities-2024-2025-v1
69041,KT 위즈,손동현,P,pitcher_strikeout,16,13,-3,KBO_2024_2025,kbo-player-abilities-2024-2025-v1
69041,KT 위즈,손동현,P,pitcher_walk_control,19,16,-3,KBO_2024_2025,kbo-player-abilities-2024-2025-v1
69041,KT 위즈,손동현,P,pitcher_composure,16,14,-2,KBO_2024_2025,kbo-player-abilities-2024-2025-v1
50859,KT 위즈,오원석,P,pitcher_command,13,12,-1,KBO_2024_2025,kbo-player-abilities-2024-2025-v1
50859,KT 위즈,오원석,P,pitcher_movement,14,12,-2,KBO_2024_2025,kbo-player-abilities-2024-2025-v1
50859,KT 위즈,오원석,P,pitcher_stamina,19,17,-2,KBO_2024_2025,kbo-player-abilities-2024-2025-v1
50859,KT 위즈,오원석,P,pitcher_pitchability,14,13,-1,KBO_2024_2025,kbo-player-abilities-2024-2025-v1
50859,KT 위즈,오원석,P,pitcher_strikeout,14,13,-1,KBO_2024_2025,kbo-player-abilities-2024-2025-v1
50859,KT 위즈,오원석,P,pitcher_walk_control,13,12,-1,KBO_2024_2025,kbo-player-abilities-2024-2025-v1
50859,KT 위즈,오원석,P,pitcher_composure,16,14,-2,KBO_2024_2025,kbo-player-abilities-2024-2025-v1
73117,KT 위즈,우규민,P,pitcher_stuff,11,12,1,KBO_2024_2025,kbo-player-abilities-2024-2025-v1
73117,KT 위즈,우규민,P,pitcher_movement,15,14,-1,KBO_2024_2025,kbo-player-abilities-2024-2025-v1
73117,KT 위즈,우규민,P,pitcher_strikeout,3,7,4,KBO_2024_2025,kbo-player-abilities-2024-2025-v1
73117,KT 위즈,우규민,P,pitcher_walk_control,20,17,-3,KBO_2024_2025,kbo-player-abilities-2024-2025-v1
73117,KT 위즈,우규민,P,pitcher_composure,19,16,-3,KBO_2024_2025,kbo-player-abilities-2024-2025-v1
54063,KT 위즈,원상현,P,pitcher_stuff,8,9,1,KBO_2024_2025,kbo-player-abilities-2024-2025-v1
54063,KT 위즈,원상현,P,pitcher_command,7,9,2,KBO_2024_2025,kbo-player-abilities-2024-2025-v1
54063,KT 위즈,원상현,P,pitcher_movement,6,9,3,KBO_2024_2025,kbo-player-abilities-2024-2025-v1
54063,KT 위즈,원상현,P,pitcher_stamina,10,12,2,KBO_2024_2025,kbo-player-abilities-2024-2025-v1
54063,KT 위즈,원상현,P,pitcher_pitchability,6,9,3,KBO_2024_2025,kbo-player-abilities-2024-2025-v1
54063,KT 위즈,원상현,P,pitcher_strikeout,8,10,2,KBO_2024_2025,kbo-player-abilities-2024-2025-v1
54063,KT 위즈,원상현,P,pitcher_walk_control,3,7,4,KBO_2024_2025,kbo-player-abilities-2024-2025-v1
54063,KT 위즈,원상현,P,pitcher_composure,8,9,1,KBO_2024_2025,kbo-player-abilities-2024-2025-v1
69054,KT 위즈,이상동,P,pitcher_stuff,12,13,1,KBO_2024_2025,kbo-player-abilities-2024-2025-v1
69054,KT 위즈,이상동,P,pitcher_command,15,14,-1,KBO_2024_2025,kbo-player-abilities-2024-2025-v1
69054,KT 위즈,이상동,P,pitcher_stamina,10,11,1,KBO_2024_2025,kbo-player-abilities-2024-2025-v1
69054,KT 위즈,이상동,P,pitcher_pitchability,17,15,-2,KBO_2024_2025,kbo-player-abilities-2024-2025-v1
69054,KT 위즈,이상동,P,pitcher_strikeout,14,13,-1,KBO_2024_2025,kbo-player-abilities-2024-2025-v1
69054,KT 위즈,이상동,P,pitcher_walk_control,19,16,-3,KBO_2024_2025,kbo-player-abilities-2024-2025-v1
69054,KT 위즈,이상동,P,pitcher_composure,18,15,-3,KBO_2024_2025,kbo-player-abilities-2024-2025-v1
69068,KT 위즈,이선우,P,pitcher_stuff,8,10,2,KBO_2024_2025,kbo-player-abilities-2024-2025-v1
69068,KT 위즈,이선우,P,pitcher_command,8,10,2,KBO_2024_2025,kbo-player-abilities-2024-2025-v1
69068,KT 위즈,이선우,P,pitcher_movement,8,11,3,KBO_2024_2025,kbo-player-abilities-2024-2025-v1
69068,KT 위즈,이선우,P,pitcher_stamina,8,10,2,KBO_2024_2025,kbo-player-abilities-2024-2025-v1
69068,KT 위즈,이선우,P,pitcher_pitchability,8,10,2,KBO_2024_2025,kbo-player-abilities-2024-2025-v1
69068,KT 위즈,이선우,P,pitcher_strikeout,8,9,1,KBO_2024_2025,kbo-player-abilities-2024-2025-v1
69068,KT 위즈,이선우,P,pitcher_walk_control,8,10,2,KBO_2024_2025,kbo-player-abilities-2024-2025-v1
69068,KT 위즈,이선우,P,pitcher_composure,8,10,2,KBO_2024_2025,kbo-player-abilities-2024-2025-v1
67048,KT 위즈,이정현,P,pitcher_command,9,10,1,KBO_2024_2025,kbo-player-abilities-2024-2025-v1
67048,KT 위즈,이정현,P,pitcher_stamina,8,9,1,KBO_2024_2025,kbo-player-abilities-2024-2025-v1
67048,KT 위즈,이정현,P,pitcher_pitchability,8,10,2,KBO_2024_2025,kbo-player-abilities-2024-2025-v1
67048,KT 위즈,이정현,P,pitcher_strikeout,8,9,1,KBO_2024_2025,kbo-player-abilities-2024-2025-v1
67048,KT 위즈,이정현,P,pitcher_walk_control,9,10,1,KBO_2024_2025,kbo-player-abilities-2024-2025-v1
67048,KT 위즈,이정현,P,pitcher_composure,4,8,4,KBO_2024_2025,kbo-player-abilities-2024-2025-v1
68896,KT 위즈,이채호,P,pitcher_movement,11,10,-1,KBO_2024_2025,kbo-player-abilities-2024-2025-v1
68896,KT 위즈,이채호,P,pitcher_stamina,9,10,1,KBO_2024_2025,kbo-player-abilities-2024-2025-v1
68896,KT 위즈,이채호,P,pitcher_strikeout,9,10,1,KBO_2024_2025,kbo-player-abilities-2024-2025-v1
68896,KT 위즈,이채호,P,pitcher_composure,11,10,-1,KBO_2024_2025,kbo-player-abilities-2024-2025-v1
69623,KT 위즈,이태규,P,pitcher_command,5,7,2,FUTURES_2024_2025,kbo-player-abilities-2024-2025-v1
69623,KT 위즈,이태규,P,pitcher_movement,11,10,-1,FUTURES_2024_2025,kbo-player-abilities-2024-2025-v1
69623,KT 위즈,이태규,P,pitcher_stamina,7,8,1,FUTURES_2024_2025,kbo-player-abilities-2024-2025-v1
69623,KT 위즈,이태규,P,pitcher_pitchability,5,7,2,FUTURES_2024_2025,kbo-player-abilities-2024-2025-v1
69623,KT 위즈,이태규,P,pitcher_strikeout,1,5,4,FUTURES_2024_2025,kbo-player-abilities-2024-2025-v1
69623,KT 위즈,이태규,P,pitcher_walk_control,2,6,4,FUTURES_2024_2025,kbo-player-abilities-2024-2025-v1
69623,KT 위즈,이태규,P,pitcher_composure,7,8,1,FUTURES_2024_2025,kbo-player-abilities-2024-2025-v1
54014,KT 위즈,이현민,P,pitcher_stuff,12,9,-3,FUTURES_2024_2025,kbo-player-abilities-2024-2025-v1
54014,KT 위즈,이현민,P,pitcher_command,13,10,-3,FUTURES_2024_2025,kbo-player-abilities-2024-2025-v1
54014,KT 위즈,이현민,P,pitcher_movement,12,9,-3,FUTURES_2024_2025,kbo-player-abilities-2024-2025-v1
54014,KT 위즈,이현민,P,pitcher_stamina,7,8,1,FUTURES_2024_2025,kbo-player-abilities-2024-2025-v1
54014,KT 위즈,이현민,P,pitcher_pitchability,12,9,-3,FUTURES_2024_2025,kbo-player-abilities-2024-2025-v1
54014,KT 위즈,이현민,P,pitcher_strikeout,9,8,-1,FUTURES_2024_2025,kbo-player-abilities-2024-2025-v1
54014,KT 위즈,이현민,P,pitcher_walk_control,13,10,-3,FUTURES_2024_2025,kbo-player-abilities-2024-2025-v1
69113,KT 위즈,임준형,P,pitcher_command,8,10,2,KBO_2024_2025,kbo-player-abilities-2024-2025-v1
69113,KT 위즈,임준형,P,pitcher_movement,13,12,-1,KBO_2024_2025,kbo-player-abilities-2024-2025-v1
69113,KT 위즈,임준형,P,pitcher_stamina,9,10,1,KBO_2024_2025,kbo-player-abilities-2024-2025-v1
69113,KT 위즈,임준형,P,pitcher_pitchability,8,10,2,KBO_2024_2025,kbo-player-abilities-2024-2025-v1
69113,KT 위즈,임준형,P,pitcher_strikeout,9,10,1,KBO_2024_2025,kbo-player-abilities-2024-2025-v1
69113,KT 위즈,임준형,P,pitcher_walk_control,6,9,3,KBO_2024_2025,kbo-player-abilities-2024-2025-v1
69113,KT 위즈,임준형,P,pitcher_composure,9,10,1,KBO_2024_2025,kbo-player-abilities-2024-2025-v1
69047,KT 위즈,전용주,P,pitcher_stuff,12,11,-1,KBO_2024_2025,kbo-player-abilities-2024-2025-v1
69047,KT 위즈,전용주,P,pitcher_movement,14,13,-1,KBO_2024_2025,kbo-player-abilities-2024-2025-v1
69047,KT 위즈,전용주,P,pitcher_stamina,8,9,1,KBO_2024_2025,kbo-player-abilities-2024-2025-v1
69047,KT 위즈,전용주,P,pitcher_strikeout,10,11,1,KBO_2024_2025,kbo-player-abilities-2024-2025-v1
69047,KT 위즈,전용주,P,pitcher_composure,12,11,-1,KBO_2024_2025,kbo-player-abilities-2024-2025-v1
64768,KT 위즈,조이현,P,pitcher_stuff,7,8,1,KBO_2024_2025,kbo-player-abilities-2024-2025-v1
64768,KT 위즈,조이현,P,pitcher_command,14,13,-1,KBO_2024_2025,kbo-player-abilities-2024-2025-v1
64768,KT 위즈,조이현,P,pitcher_movement,7,8,1,KBO_2024_2025,kbo-player-abilities-2024-2025-v1
64768,KT 위즈,조이현,P,pitcher_stamina,14,13,-1,KBO_2024_2025,kbo-player-abilities-2024-2025-v1
64768,KT 위즈,조이현,P,pitcher_strikeout,3,6,3,KBO_2024_2025,kbo-player-abilities-2024-2025-v1
64768,KT 위즈,조이현,P,pitcher_walk_control,19,16,-3,KBO_2024_2025,kbo-player-abilities-2024-2025-v1
64768,KT 위즈,조이현,P,pitcher_composure,11,10,-1,KBO_2024_2025,kbo-player-abilities-2024-2025-v1
65060,KT 위즈,주권,P,pitcher_movement,11,10,-1,KBO_2024_2025,kbo-player-abilities-2024-2025-v1
65060,KT 위즈,주권,P,pitcher_stamina,10,11,1,KBO_2024_2025,kbo-player-abilities-2024-2025-v1
65060,KT 위즈,주권,P,pitcher_pitchability,10,11,1,KBO_2024_2025,kbo-player-abilities-2024-2025-v1
65060,KT 위즈,주권,P,pitcher_strikeout,2,5,3,KBO_2024_2025,kbo-player-abilities-2024-2025-v1
65060,KT 위즈,주권,P,pitcher_walk_control,17,16,-1,KBO_2024_2025,kbo-player-abilities-2024-2025-v1
65060,KT 위즈,주권,P,pitcher_composure,12,11,-1,KBO_2024_2025,kbo-player-abilities-2024-2025-v1
79140,KT 위즈,최동환,P,pitcher_stuff,6,8,2,KBO_2024_2025,kbo-player-abilities-2024-2025-v1
79140,KT 위즈,최동환,P,pitcher_command,7,9,2,KBO_2024_2025,kbo-player-abilities-2024-2025-v1
79140,KT 위즈,최동환,P,pitcher_movement,3,6,3,KBO_2024_2025,kbo-player-abilities-2024-2025-v1
79140,KT 위즈,최동환,P,pitcher_stamina,9,10,1,KBO_2024_2025,kbo-player-abilities-2024-2025-v1
79140,KT 위즈,최동환,P,pitcher_pitchability,4,7,3,KBO_2024_2025,kbo-player-abilities-2024-2025-v1
79140,KT 위즈,최동환,P,pitcher_strikeout,3,7,4,KBO_2024_2025,kbo-player-abilities-2024-2025-v1
79140,KT 위즈,최동환,P,pitcher_walk_control,6,9,3,KBO_2024_2025,kbo-player-abilities-2024-2025-v1
79140,KT 위즈,최동환,P,pitcher_composure,3,7,4,KBO_2024_2025,kbo-player-abilities-2024-2025-v1
50650,KT 위즈,최용준,P,pitcher_stuff,12,11,-1,KBO_2024_2025,kbo-player-abilities-2024-2025-v1
50650,KT 위즈,최용준,P,pitcher_command,13,12,-1,KBO_2024_2025,kbo-player-abilities-2024-2025-v1
50650,KT 위즈,최용준,P,pitcher_movement,13,12,-1,KBO_2024_2025,kbo-player-abilities-2024-2025-v1
50650,KT 위즈,최용준,P,pitcher_stamina,9,10,1,KBO_2024_2025,kbo-player-abilities-2024-2025-v1
50650,KT 위즈,최용준,P,pitcher_pitchability,13,12,-1,KBO_2024_2025,kbo-player-abilities-2024-2025-v1
50650,KT 위즈,최용준,P,pitcher_strikeout,8,9,1,KBO_2024_2025,kbo-player-abilities-2024-2025-v1
50650,KT 위즈,최용준,P,pitcher_walk_control,16,13,-3,KBO_2024_2025,kbo-player-abilities-2024-2025-v1
50650,KT 위즈,최용준,P,pitcher_composure,14,13,-1,KBO_2024_2025,kbo-player-abilities-2024-2025-v1
55032,KT 위즈,패트릭,P,pitcher_command,14,13,-1,KBO_2024_2025,kbo-player-abilities-2024-2025-v1
55032,KT 위즈,패트릭,P,pitcher_movement,16,14,-2,KBO_2024_2025,kbo-player-abilities-2024-2025-v1
55032,KT 위즈,패트릭,P,pitcher_stamina,16,14,-2,KBO_2024_2025,kbo-player-abilities-2024-2025-v1
55032,KT 위즈,패트릭,P,pitcher_pitchability,14,13,-1,KBO_2024_2025,kbo-player-abilities-2024-2025-v1
55032,KT 위즈,패트릭,P,pitcher_strikeout,7,10,3,KBO_2024_2025,kbo-player-abilities-2024-2025-v1
55032,KT 위즈,패트릭,P,pitcher_walk_control,16,14,-2,KBO_2024_2025,kbo-player-abilities-2024-2025-v1
55032,KT 위즈,패트릭,P,pitcher_composure,17,15,-2,KBO_2024_2025,kbo-player-abilities-2024-2025-v1
51058,KT 위즈,한차현,P,pitcher_stuff,11,10,-1,KBO_2024_2025,kbo-player-abilities-2024-2025-v1
51058,KT 위즈,한차현,P,pitcher_movement,11,10,-1,KBO_2024_2025,kbo-player-abilities-2024-2025-v1
51058,KT 위즈,한차현,P,pitcher_stamina,9,10,1,KBO_2024_2025,kbo-player-abilities-2024-2025-v1
51058,KT 위즈,한차현,P,pitcher_pitchability,10,9,-1,KBO_2024_2025,kbo-player-abilities-2024-2025-v1
51058,KT 위즈,한차현,P,pitcher_strikeout,11,10,-1,KBO_2024_2025,kbo-player-abilities-2024-2025-v1
51058,KT 위즈,한차현,P,pitcher_walk_control,10,9,-1,KBO_2024_2025,kbo-player-abilities-2024-2025-v1
51058,KT 위즈,한차현,P,pitcher_composure,7,8,1,KBO_2024_2025,kbo-player-abilities-2024-2025-v1
54354,KT 위즈,헤이수스,P,pitcher_stuff,14,15,1,KBO_2024_2025,kbo-player-abilities-2024-2025-v1
54354,KT 위즈,헤이수스,P,pitcher_command,15,16,1,KBO_2024_2025,kbo-player-abilities-2024-2025-v1
54354,KT 위즈,헤이수스,P,pitcher_movement,12,11,-1,KBO_2024_2025,kbo-player-abilities-2024-2025-v1
54354,KT 위즈,헤이수스,P,pitcher_stamina,20,18,-2,KBO_2024_2025,kbo-player-abilities-2024-2025-v1
54354,KT 위즈,헤이수스,P,pitcher_pitchability,18,17,-1,KBO_2024_2025,kbo-player-abilities-2024-2025-v1
54354,KT 위즈,헤이수스,P,pitcher_strikeout,18,17,-1,KBO_2024_2025,kbo-player-abilities-2024-2025-v1
54354,KT 위즈,헤이수스,P,pitcher_walk_control,19,17,-2,KBO_2024_2025,kbo-player-abilities-2024-2025-v1
54354,KT 위즈,헤이수스,P,pitcher_composure,16,15,-1,KBO_2024_2025,kbo-player-abilities-2024-2025-v1
53144,LG 트윈스,김범석,C,contact,8,10,2,KBO_2024_2025,kbo-player-abilities-2024-2025-v1
53144,LG 트윈스,김범석,C,power,10,12,2,KBO_2024_2025,kbo-player-abilities-2024-2025-v1
53144,LG 트윈스,김범석,C,plate_discipline,10,11,1,KBO_2024_2025,kbo-player-abilities-2024-2025-v1
53144,LG 트윈스,김범석,C,bat_control,8,9,1,KBO_2024_2025,kbo-player-abilities-2024-2025-v1
53144,LG 트윈스,김범석,C,speed,8,9,1,KBO_2024_2025,kbo-player-abilities-2024-2025-v1
52105,LG 트윈스,김성우,C,contact,10,11,1,KBO_2024_2025,kbo-player-abilities-2024-2025-v1
52105,LG 트윈스,김성우,C,power,10,11,1,KBO_2024_2025,kbo-player-abilities-2024-2025-v1
52105,LG 트윈스,김성우,C,plate_discipline,10,11,1,KBO_2024_2025,kbo-player-abilities-2024-2025-v1
52105,LG 트윈스,김성우,C,bat_control,10,11,1,KBO_2024_2025,kbo-player-abilities-2024-2025-v1
62558,LG 트윈스,김준태,C,contact,10,11,1,KBO_2024_2025,kbo-player-abilities-2024-2025-v1
62558,LG 트윈스,김준태,C,power,10,11,1,KBO_2024_2025,kbo-player-abilities-2024-2025-v1
62558,LG 트윈스,김준태,C,plate_discipline,10,11,1,KBO_2024_2025,kbo-player-abilities-2024-2025-v1
62558,LG 트윈스,김준태,C,bat_control,10,11,1,KBO_2024_2025,kbo-player-abilities-2024-2025-v1
62558,LG 트윈스,김준태,C,timing,11,12,1,KBO_2024_2025,kbo-player-abilities-2024-2025-v1
62558,LG 트윈스,김준태,C,baserunning_judgment,11,10,-1,KBO_2024_2025,kbo-player-abilities-2024-2025-v1
79365,LG 트윈스,박동원,C,power,17,16,-1,KBO_2024_2025,kbo-player-abilities-2024-2025-v1
79365,LG 트윈스,박동원,C,plate_discipline,16,15,-1,KBO_2024_2025,kbo-player-abilities-2024-2025-v1
79365,LG 트윈스,박동원,C,timing,14,13,-1,KBO_2024_2025,kbo-player-abilities-2024-2025-v1
79365,LG 트윈스,박동원,C,speed,11,12,1,KBO_2024_2025,kbo-player-abilities-2024-2025-v1
79365,LG 트윈스,박동원,C,baserunning_judgment,12,13,1,KBO_2024_2025,kbo-player-abilities-2024-2025-v1
52154,LG 트윈스,이주헌,C,power,14,13,-1,KBO_2024_2025,kbo-player-abilities-2024-2025-v1
52154,LG 트윈스,이주헌,C,plate_discipline,15,14,-1,KBO_2024_2025,kbo-player-abilities-2024-2025-v1
52154,LG 트윈스,이주헌,C,bat_control,12,11,-1,KBO_2024_2025,kbo-player-abilities-2024-2025-v1
52154,LG 트윈스,이주헌,C,baserunning_judgment,10,9,-1,KBO_2024_2025,kbo-player-abilities-2024-2025-v1
55100,LG 트윈스,이한림,C,contact,7,8,1,FUTURES_2024_2025,kbo-player-abilities-2024-2025-v1
55100,LG 트윈스,이한림,C,power,6,7,1,FUTURES_2024_2025,kbo-player-abilities-2024-2025-v1
55100,LG 트윈스,이한림,C,plate_discipline,8,9,1,FUTURES_2024_2025,kbo-player-abilities-2024-2025-v1
55100,LG 트윈스,이한림,C,timing,9,8,-1,FUTURES_2024_2025,kbo-player-abilities-2024-2025-v1
55100,LG 트윈스,이한림,C,baserunning_judgment,9,8,-1,FUTURES_2024_2025,kbo-player-abilities-2024-2025-v1
69100,LG 트윈스,구본혁,IF,contact,16,15,-1,KBO_2024_2025,kbo-player-abilities-2024-2025-v1
69100,LG 트윈스,구본혁,IF,bat_control,16,15,-1,KBO_2024_2025,kbo-player-abilities-2024-2025-v1
69100,LG 트윈스,구본혁,IF,timing,13,14,1,KBO_2024_2025,kbo-player-abilities-2024-2025-v1
69100,LG 트윈스,구본혁,IF,speed,14,13,-1,KBO_2024_2025,kbo-player-abilities-2024-2025-v1
69100,LG 트윈스,구본혁,IF,baserunning_judgment,11,13,2,KBO_2024_2025,kbo-player-abilities-2024-2025-v1
64793,LG 트윈스,김민수,IF,power,10,11,1,KBO_2024_2025,kbo-player-abilities-2024-2025-v1
64793,LG 트윈스,김민수,IF,speed,8,10,2,KBO_2024_2025,kbo-player-abilities-2024-2025-v1
64793,LG 트윈스,김민수,IF,baserunning_judgment,9,10,1,KBO_2024_2025,kbo-player-abilities-2024-2025-v1
69105,LG 트윈스,김성진,IF,contact,12,11,-1,KBO_2024_2025,kbo-player-abilities-2024-2025-v1
69105,LG 트윈스,김성진,IF,power,10,11,1,KBO_2024_2025,kbo-player-abilities-2024-2025-v1
69105,LG 트윈스,김성진,IF,speed,8,10,2,KBO_2024_2025,kbo-player-abilities-2024-2025-v1
69105,LG 트윈스,김성진,IF,baserunning_judgment,9,10,1,KBO_2024_2025,kbo-player-abilities-2024-2025-v1
66162,LG 트윈스,김주성,IF,power,12,11,-1,KBO_2024_2025,kbo-player-abilities-2024-2025-v1
66162,LG 트윈스,김주성,IF,plate_discipline,11,12,1,KBO_2024_2025,kbo-player-abilities-2024-2025-v1
69102,LG 트윈스,문보경,IF,contact,16,15,-1,KBO_2024_2025,kbo-player-abilities-2024-2025-v1
69102,LG 트윈스,문보경,IF,power,18,17,-1,KBO_2024_2025,kbo-player-abilities-2024-2025-v1
69102,LG 트윈스,문보경,IF,plate_discipline,18,16,-2,KBO_2024_2025,kbo-player-abilities-2024-2025-v1
69102,LG 트윈스,문보경,IF,bat_control,15,14,-1,KBO_2024_2025,kbo-player-abilities-2024-2025-v1
69102,LG 트윈스,문보경,IF,timing,17,15,-2,KBO_2024_2025,kbo-player-abilities-2024-2025-v1
69102,LG 트윈스,문보경,IF,speed,11,10,-1,KBO_2024_2025,kbo-player-abilities-2024-2025-v1
69102,LG 트윈스,문보경,IF,baserunning_judgment,12,11,-1,KBO_2024_2025,kbo-player-abilities-2024-2025-v1
52121,LG 트윈스,문정빈,IF,contact,8,9,1,KBO_2024_2025,kbo-player-abilities-2024-2025-v1
52121,LG 트윈스,문정빈,IF,power,10,11,1,KBO_2024_2025,kbo-player-abilities-2024-2025-v1
52121,LG 트윈스,문정빈,IF,plate_discipline,8,9,1,KBO_2024_2025,kbo-player-abilities-2024-2025-v1
52121,LG 트윈스,문정빈,IF,bat_control,8,10,2,KBO_2024_2025,kbo-player-abilities-2024-2025-v1
52121,LG 트윈스,문정빈,IF,timing,9,10,1,KBO_2024_2025,kbo-player-abilities-2024-2025-v1
52121,LG 트윈스,문정빈,IF,speed,10,11,1,KBO_2024_2025,kbo-player-abilities-2024-2025-v1
52121,LG 트윈스,문정빈,IF,baserunning_judgment,11,10,-1,KBO_2024_2025,kbo-player-abilities-2024-2025-v1
54156,LG 트윈스,손용준,IF,contact,9,10,1,KBO_2024_2025,kbo-player-abilities-2024-2025-v1
54156,LG 트윈스,손용준,IF,power,7,10,3,KBO_2024_2025,kbo-player-abilities-2024-2025-v1
54156,LG 트윈스,손용준,IF,plate_discipline,7,10,3,KBO_2024_2025,kbo-player-abilities-2024-2025-v1
54156,LG 트윈스,손용준,IF,bat_control,7,10,3,KBO_2024_2025,kbo-player-abilities-2024-2025-v1
54156,LG 트윈스,손용준,IF,timing,9,10,1,KBO_2024_2025,kbo-player-abilities-2024-2025-v1
65207,LG 트윈스,신민재,IF,contact,18,17,-1,KBO_2024_2025,kbo-player-abilities-2024-2025-v1
65207,LG 트윈스,신민재,IF,power,11,10,-1,KBO_2024_2025,kbo-player-abilities-2024-2025-v1
65207,LG 트윈스,신민재,IF,plate_discipline,17,16,-1,KBO_2024_2025,kbo-player-abilities-2024-2025-v1
65207,LG 트윈스,신민재,IF,bat_control,17,16,-1,KBO_2024_2025,kbo-player-abilities-2024-2025-v1
65207,LG 트윈스,신민재,IF,timing,15,16,1,KBO_2024_2025,kbo-player-abilities-2024-2025-v1
65207,LG 트윈스,신민재,IF,speed,15,14,-1,KBO_2024_2025,kbo-player-abilities-2024-2025-v1
65207,LG 트윈스,신민재,IF,baserunning_judgment,10,13,3,KBO_2024_2025,kbo-player-abilities-2024-2025-v1
53123,LG 트윈스,오스틴,IF,contact,18,17,-1,KBO_2024_2025,kbo-player-abilities-2024-2025-v1
53123,LG 트윈스,오스틴,IF,power,19,18,-1,KBO_2024_2025,kbo-player-abilities-2024-2025-v1
53123,LG 트윈스,오스틴,IF,plate_discipline,17,16,-1,KBO_2024_2025,kbo-player-abilities-2024-2025-v1
53123,LG 트윈스,오스틴,IF,bat_control,16,15,-1,KBO_2024_2025,kbo-player-abilities-2024-2025-v1
53123,LG 트윈스,오스틴,IF,timing,18,16,-2,KBO_2024_2025,kbo-player-abilities-2024-2025-v1
79109,LG 트윈스,오지환,IF,contact,12,11,-1,KBO_2024_2025,kbo-player-abilities-2024-2025-v1
79109,LG 트윈스,오지환,IF,power,17,16,-1,KBO_2024_2025,kbo-player-abilities-2024-2025-v1
79109,LG 트윈스,오지환,IF,plate_discipline,11,12,1,KBO_2024_2025,kbo-player-abilities-2024-2025-v1
79109,LG 트윈스,오지환,IF,timing,14,12,-2,KBO_2024_2025,kbo-player-abilities-2024-2025-v1
79109,LG 트윈스,오지환,IF,baserunning_judgment,10,12,2,KBO_2024_2025,kbo-player-abilities-2024-2025-v1
51100,LG 트윈스,이영빈,IF,contact,7,9,2,KBO_2024_2025,kbo-player-abilities-2024-2025-v1
51100,LG 트윈스,이영빈,IF,power,11,12,1,KBO_2024_2025,kbo-player-abilities-2024-2025-v1
51100,LG 트윈스,이영빈,IF,plate_discipline,6,8,2,KBO_2024_2025,kbo-player-abilities-2024-2025-v1
51100,LG 트윈스,이영빈,IF,bat_control,6,9,3,KBO_2024_2025,kbo-player-abilities-2024-2025-v1
51100,LG 트윈스,이영빈,IF,timing,7,9,2,KBO_2024_2025,kbo-player-abilities-2024-2025-v1
55165,LG 트윈스,이태훈,IF,power,7,8,1,FUTURES_2024_2025,kbo-player-abilities-2024-2025-v1
55165,LG 트윈스,이태훈,IF,plate_discipline,7,8,1,FUTURES_2024_2025,kbo-player-abilities-2024-2025-v1
55165,LG 트윈스,이태훈,IF,bat_control,7,8,1,FUTURES_2024_2025,kbo-player-abilities-2024-2025-v1
55165,LG 트윈스,이태훈,IF,timing,9,8,-1,FUTURES_2024_2025,kbo-player-abilities-2024-2025-v1
55165,LG 트윈스,이태훈,IF,baserunning_judgment,9,10,1,FUTURES_2024_2025,kbo-player-abilities-2024-2025-v1
50054,LG 트윈스,천성호,IF,contact,12,13,1,KBO_2024_2025,kbo-player-abilities-2024-2025-v1
50054,LG 트윈스,천성호,IF,plate_discipline,12,11,-1,KBO_2024_2025,kbo-player-abilities-2024-2025-v1
50054,LG 트윈스,천성호,IF,bat_control,14,13,-1,KBO_2024_2025,kbo-player-abilities-2024-2025-v1
50054,LG 트윈스,천성호,IF,timing,11,12,1,KBO_2024_2025,kbo-player-abilities-2024-2025-v1
50054,LG 트윈스,천성호,IF,speed,13,14,1,KBO_2024_2025,kbo-player-abilities-2024-2025-v1
50054,LG 트윈스,천성호,IF,baserunning_judgment,10,12,2,KBO_2024_2025,kbo-player-abilities-2024-2025-v1
76290,LG 트윈스,김현수,OF,contact,18,17,-1,KBO_2024_2025,kbo-player-abilities-2024-2025-v1
76290,LG 트윈스,김현수,OF,power,16,15,-1,KBO_2024_2025,kbo-player-abilities-2024-2025-v1
76290,LG 트윈스,김현수,OF,plate_discipline,17,15,-2,KBO_2024_2025,kbo-player-abilities-2024-2025-v1
76290,LG 트윈스,김현수,OF,bat_control,17,16,-1,KBO_2024_2025,kbo-player-abilities-2024-2025-v1
76290,LG 트윈스,김현수,OF,timing,16,15,-1,KBO_2024_2025,kbo-player-abilities-2024-2025-v1
76290,LG 트윈스,김현수,OF,speed,11,12,1,KBO_2024_2025,kbo-player-abilities-2024-2025-v1
76290,LG 트윈스,김현수,OF,baserunning_judgment,13,14,1,KBO_2024_2025,kbo-player-abilities-2024-2025-v1
54166,LG 트윈스,김현종,OF,contact,10,11,1,KBO_2024_2025,kbo-player-abilities-2024-2025-v1
54166,LG 트윈스,김현종,OF,power,10,11,1,KBO_2024_2025,kbo-player-abilities-2024-2025-v1
54166,LG 트윈스,김현종,OF,plate_discipline,10,11,1,KBO_2024_2025,kbo-player-abilities-2024-2025-v1
54166,LG 트윈스,김현종,OF,bat_control,10,11,1,KBO_2024_2025,kbo-player-abilities-2024-2025-v1
54166,LG 트윈스,김현종,OF,speed,11,10,-1,KBO_2024_2025,kbo-player-abilities-2024-2025-v1
68119,LG 트윈스,문성주,OF,contact,18,17,-1,KBO_2024_2025,kbo-player-abilities-2024-2025-v1
68119,LG 트윈스,문성주,OF,power,11,10,-1,KBO_2024_2025,kbo-player-abilities-2024-2025-v1
68119,LG 트윈스,문성주,OF,bat_control,16,15,-1,KBO_2024_2025,kbo-player-abilities-2024-2025-v1
68119,LG 트윈스,문성주,OF,timing,15,16,1,KBO_2024_2025,kbo-player-abilities-2024-2025-v1
68119,LG 트윈스,문성주,OF,speed,12,13,1,KBO_2024_2025,kbo-player-abilities-2024-2025-v1
68119,LG 트윈스,문성주,OF,baserunning_judgment,10,12,2,KBO_2024_2025,kbo-player-abilities-2024-2025-v1
55164,LG 트윈스,박관우,OF,contact,12,11,-1,KBO_2024_2025,kbo-player-abilities-2024-2025-v1
55164,LG 트윈스,박관우,OF,power,14,13,-1,KBO_2024_2025,kbo-player-abilities-2024-2025-v1
55164,LG 트윈스,박관우,OF,bat_control,12,11,-1,KBO_2024_2025,kbo-player-abilities-2024-2025-v1
55164,LG 트윈스,박관우,OF,baserunning_judgment,11,10,-1,KBO_2024_2025,kbo-player-abilities-2024-2025-v1
62415,LG 트윈스,박해민,OF,contact,15,14,-1,KBO_2024_2025,kbo-player-abilities-2024-2025-v1
62415,LG 트윈스,박해민,OF,plate_discipline,17,16,-1,KBO_2024_2025,kbo-player-abilities-2024-2025-v1
62415,LG 트윈스,박해민,OF,bat_control,15,14,-1,KBO_2024_2025,kbo-player-abilities-2024-2025-v1
62415,LG 트윈스,박해민,OF,timing,13,14,1,KBO_2024_2025,kbo-player-abilities-2024-2025-v1
62415,LG 트윈스,박해민,OF,speed,16,15,-1,KBO_2024_2025,kbo-player-abilities-2024-2025-v1
62415,LG 트윈스,박해민,OF,baserunning_judgment,12,14,2,KBO_2024_2025,kbo-player-abilities-2024-2025-v1
55160,LG 트윈스,서영준,OF,contact,11,10,-1,FUTURES_2024_2025,kbo-player-abilities-2024-2025-v1
55160,LG 트윈스,서영준,OF,power,13,12,-1,FUTURES_2024_2025,kbo-player-abilities-2024-2025-v1
55160,LG 트윈스,서영준,OF,plate_discipline,9,8,-1,FUTURES_2024_2025,kbo-player-abilities-2024-2025-v1
55160,LG 트윈스,서영준,OF,bat_control,10,9,-1,FUTURES_2024_2025,kbo-player-abilities-2024-2025-v1
55160,LG 트윈스,서영준,OF,timing,11,10,-1,FUTURES_2024_2025,kbo-player-abilities-2024-2025-v1
68110,LG 트윈스,송찬의,OF,contact,7,8,1,KBO_2024_2025,kbo-player-abilities-2024-2025-v1
68110,LG 트윈스,송찬의,OF,power,11,12,1,KBO_2024_2025,kbo-player-abilities-2024-2025-v1
68110,LG 트윈스,송찬의,OF,plate_discipline,7,9,2,KBO_2024_2025,kbo-player-abilities-2024-2025-v1
68110,LG 트윈스,송찬의,OF,bat_control,6,8,2,KBO_2024_2025,kbo-player-abilities-2024-2025-v1
68110,LG 트윈스,송찬의,OF,timing,8,9,1,KBO_2024_2025,kbo-player-abilities-2024-2025-v1
68110,LG 트윈스,송찬의,OF,speed,13,12,-1,KBO_2024_2025,kbo-player-abilities-2024-2025-v1
68110,LG 트윈스,송찬의,OF,baserunning_judgment,11,12,1,KBO_2024_2025,kbo-player-abilities-2024-2025-v1
65115,LG 트윈스,안익훈,OF,contact,7,9,2,KBO_2024_2025,kbo-player-abilities-2024-2025-v1
65115,LG 트윈스,안익훈,OF,power,7,9,2,KBO_2024_2025,kbo-player-abilities-2024-2025-v1
65115,LG 트윈스,안익훈,OF,plate_discipline,9,10,1,KBO_2024_2025,kbo-player-abilities-2024-2025-v1
65115,LG 트윈스,안익훈,OF,bat_control,7,9,2,KBO_2024_2025,kbo-player-abilities-2024-2025-v1
65115,LG 트윈스,안익훈,OF,timing,9,10,1,KBO_2024_2025,kbo-player-abilities-2024-2025-v1
65115,LG 트윈스,안익훈,OF,speed,8,10,2,KBO_2024_2025,kbo-player-abilities-2024-2025-v1
65115,LG 트윈스,안익훈,OF,baserunning_judgment,9,11,2,KBO_2024_2025,kbo-player-abilities-2024-2025-v1
65905,LG 트윈스,최승민,OF,contact,10,11,1,KBO_2024_2025,kbo-player-abilities-2024-2025-v1
65905,LG 트윈스,최승민,OF,plate_discipline,10,11,1,KBO_2024_2025,kbo-player-abilities-2024-2025-v1
65905,LG 트윈스,최승민,OF,bat_control,10,11,1,KBO_2024_2025,kbo-player-abilities-2024-2025-v1
52103,LG 트윈스,최원영,OF,contact,12,13,1,KBO_2024_2025,kbo-player-abilities-2024-2025-v1
52103,LG 트윈스,최원영,OF,power,7,9,2,KBO_2024_2025,kbo-player-abilities-2024-2025-v1
52103,LG 트윈스,최원영,OF,plate_discipline,7,8,1,KBO_2024_2025,kbo-player-abilities-2024-2025-v1
52103,LG 트윈스,최원영,OF,bat_control,11,12,1,KBO_2024_2025,kbo-player-abilities-2024-2025-v1
52103,LG 트윈스,최원영,OF,timing,9,11,2,KBO_2024_2025,kbo-player-abilities-2024-2025-v1
52103,LG 트윈스,최원영,OF,speed,13,12,-1,KBO_2024_2025,kbo-player-abilities-2024-2025-v1
52103,LG 트윈스,최원영,OF,baserunning_judgment,10,12,2,KBO_2024_2025,kbo-player-abilities-2024-2025-v1
50108,LG 트윈스,함창건,OF,contact,7,9,2,KBO_2024_2025,kbo-player-abilities-2024-2025-v1
50108,LG 트윈스,함창건,OF,power,7,9,2,KBO_2024_2025,kbo-player-abilities-2024-2025-v1
50108,LG 트윈스,함창건,OF,plate_discipline,9,10,1,KBO_2024_2025,kbo-player-abilities-2024-2025-v1
50108,LG 트윈스,함창건,OF,bat_control,7,9,2,KBO_2024_2025,kbo-player-abilities-2024-2025-v1
50108,LG 트윈스,함창건,OF,timing,9,10,1,KBO_2024_2025,kbo-player-abilities-2024-2025-v1
66108,LG 트윈스,홍창기,OF,contact,15,16,1,KBO_2024_2025,kbo-player-abilities-2024-2025-v1
66108,LG 트윈스,홍창기,OF,bat_control,13,14,1,KBO_2024_2025,kbo-player-abilities-2024-2025-v1
66108,LG 트윈스,홍창기,OF,timing,12,14,2,KBO_2024_2025,kbo-player-abilities-2024-2025-v1
66108,LG 트윈스,홍창기,OF,speed,11,12,1,KBO_2024_2025,kbo-player-abilities-2024-2025-v1
66108,LG 트윈스,홍창기,OF,baserunning_judgment,13,12,-1,KBO_2024_2025,kbo-player-abilities-2024-2025-v1
77263,LG 트윈스,김강률,P,pitcher_command,10,11,1,KBO_2024_2025,kbo-player-abilities-2024-2025-v1
77263,LG 트윈스,김강률,P,pitcher_movement,16,15,-1,KBO_2024_2025,kbo-player-abilities-2024-2025-v1
77263,LG 트윈스,김강률,P,pitcher_strikeout,12,11,-1,KBO_2024_2025,kbo-player-abilities-2024-2025-v1
77263,LG 트윈스,김강률,P,pitcher_walk_control,6,9,3,KBO_2024_2025,kbo-player-abilities-2024-2025-v1
77263,LG 트윈스,김강률,P,pitcher_composure,16,14,-2,KBO_2024_2025,kbo-player-abilities-2024-2025-v1
66145,LG 트윈스,김대현,P,pitcher_stuff,2,8,6,KBO_2024_2025,kbo-player-abilities-2024-2025-v1
66145,LG 트윈스,김대현,P,pitcher_command,4,8,4,KBO_2024_2025,kbo-player-abilities-2024-2025-v1
66145,LG 트윈스,김대현,P,pitcher_movement,6,9,3,KBO_2024_2025,kbo-player-abilities-2024-2025-v1
66145,LG 트윈스,김대현,P,pitcher_stamina,7,9,2,KBO_2024_2025,kbo-player-abilities-2024-2025-v1
66145,LG 트윈스,김대현,P,pitcher_pitchability,3,8,5,KBO_2024_2025,kbo-player-abilities-2024-2025-v1
66145,LG 트윈스,김대현,P,pitcher_strikeout,1,8,7,KBO_2024_2025,kbo-player-abilities-2024-2025-v1
66145,LG 트윈스,김대현,P,pitcher_walk_control,1,7,6,KBO_2024_2025,kbo-player-abilities-2024-2025-v1
66145,LG 트윈스,김대현,P,pitcher_composure,10,11,1,KBO_2024_2025,kbo-player-abilities-2024-2025-v1
55167,LG 트윈스,김영우,P,pitcher_stuff,15,14,-1,KBO_2024_2025,kbo-player-abilities-2024-2025-v1
55167,LG 트윈스,김영우,P,pitcher_command,11,12,1,KBO_2024_2025,kbo-player-abilities-2024-2025-v1
55167,LG 트윈스,김영우,P,pitcher_movement,18,15,-3,KBO_2024_2025,kbo-player-abilities-2024-2025-v1
55167,LG 트윈스,김영우,P,pitcher_pitchability,14,13,-1,KBO_2024_2025,kbo-player-abilities-2024-2025-v1
55167,LG 트윈스,김영우,P,pitcher_strikeout,17,14,-3,KBO_2024_2025,kbo-player-abilities-2024-2025-v1
55167,LG 트윈스,김영우,P,pitcher_walk_control,6,9,3,KBO_2024_2025,kbo-player-abilities-2024-2025-v1
55167,LG 트윈스,김영우,P,pitcher_composure,18,15,-3,KBO_2024_2025,kbo-player-abilities-2024-2025-v1
68130,LG 트윈스,김영준,P,pitcher_stuff,9,10,1,KBO_2024_2025,kbo-player-abilities-2024-2025-v1
68130,LG 트윈스,김영준,P,pitcher_command,4,8,4,KBO_2024_2025,kbo-player-abilities-2024-2025-v1
68130,LG 트윈스,김영준,P,pitcher_movement,9,10,1,KBO_2024_2025,kbo-player-abilities-2024-2025-v1
68130,LG 트윈스,김영준,P,pitcher_stamina,7,10,3,KBO_2024_2025,kbo-player-abilities-2024-2025-v1
68130,LG 트윈스,김영준,P,pitcher_pitchability,6,9,3,KBO_2024_2025,kbo-player-abilities-2024-2025-v1
68130,LG 트윈스,김영준,P,pitcher_strikeout,7,9,2,KBO_2024_2025,kbo-player-abilities-2024-2025-v1
68130,LG 트윈스,김영준,P,pitcher_walk_control,2,8,6,KBO_2024_2025,kbo-player-abilities-2024-2025-v1
68130,LG 트윈스,김영준,P,pitcher_composure,7,9,2,KBO_2024_2025,kbo-player-abilities-2024-2025-v1
64596,LG 트윈스,김유영,P,pitcher_command,9,11,2,KBO_2024_2025,kbo-player-abilities-2024-2025-v1
64596,LG 트윈스,김유영,P,pitcher_movement,12,13,1,KBO_2024_2025,kbo-player-abilities-2024-2025-v1
64596,LG 트윈스,김유영,P,pitcher_stamina,8,9,1,KBO_2024_2025,kbo-player-abilities-2024-2025-v1
64596,LG 트윈스,김유영,P,pitcher_pitchability,10,11,1,KBO_2024_2025,kbo-player-abilities-2024-2025-v1
64596,LG 트윈스,김유영,P,pitcher_strikeout,13,12,-1,KBO_2024_2025,kbo-player-abilities-2024-2025-v1
64596,LG 트윈스,김유영,P,pitcher_walk_control,9,11,2,KBO_2024_2025,kbo-player-abilities-2024-2025-v1
64596,LG 트윈스,김유영,P,pitcher_composure,6,10,4,KBO_2024_2025,kbo-player-abilities-2024-2025-v1
55122,LG 트윈스,김종운,P,pitcher_stuff,9,10,1,KBO_2024_2025,kbo-player-abilities-2024-2025-v1
55122,LG 트윈스,김종운,P,pitcher_command,12,11,-1,KBO_2024_2025,kbo-player-abilities-2024-2025-v1
55122,LG 트윈스,김종운,P,pitcher_movement,8,10,2,KBO_2024_2025,kbo-player-abilities-2024-2025-v1
55122,LG 트윈스,김종운,P,pitcher_stamina,9,10,1,KBO_2024_2025,kbo-player-abilities-2024-2025-v1
55122,LG 트윈스,김종운,P,pitcher_pitchability,13,12,-1,KBO_2024_2025,kbo-player-abilities-2024-2025-v1
55122,LG 트윈스,김종운,P,pitcher_strikeout,15,12,-3,KBO_2024_2025,kbo-player-abilities-2024-2025-v1
55122,LG 트윈스,김종운,P,pitcher_walk_control,15,12,-3,KBO_2024_2025,kbo-player-abilities-2024-2025-v1
55122,LG 트윈스,김종운,P,pitcher_composure,12,11,-1,KBO_2024_2025,kbo-player-abilities-2024-2025-v1
65411,LG 트윈스,김주온,P,pitcher_stuff,10,11,1,KBO_2024_2025,kbo-player-abilities-2024-2025-v1
65411,LG 트윈스,김주온,P,pitcher_command,8,9,1,KBO_2024_2025,kbo-player-abilities-2024-2025-v1
65411,LG 트윈스,김주온,P,pitcher_stamina,8,10,2,KBO_2024_2025,kbo-player-abilities-2024-2025-v1
65411,LG 트윈스,김주온,P,pitcher_pitchability,8,9,1,KBO_2024_2025,kbo-player-abilities-2024-2025-v1
65411,LG 트윈스,김주온,P,pitcher_strikeout,13,12,-1,KBO_2024_2025,kbo-player-abilities-2024-2025-v1
65411,LG 트윈스,김주온,P,pitcher_walk_control,8,9,1,KBO_2024_2025,kbo-player-abilities-2024-2025-v1
65411,LG 트윈스,김주온,P,pitcher_composure,6,9,3,KBO_2024_2025,kbo-player-abilities-2024-2025-v1
75867,LG 트윈스,김진성,P,pitcher_stuff,12,13,1,KBO_2024_2025,kbo-player-abilities-2024-2025-v1
75867,LG 트윈스,김진성,P,pitcher_command,13,14,1,KBO_2024_2025,kbo-player-abilities-2024-2025-v1
75867,LG 트윈스,김진성,P,pitcher_movement,12,11,-1,KBO_2024_2025,kbo-player-abilities-2024-2025-v1
75867,LG 트윈스,김진성,P,pitcher_stamina,10,11,1,KBO_2024_2025,kbo-player-abilities-2024-2025-v1
75867,LG 트윈스,김진성,P,pitcher_pitchability,16,15,-1,KBO_2024_2025,kbo-player-abilities-2024-2025-v1
75867,LG 트윈스,김진성,P,pitcher_strikeout,16,15,-1,KBO_2024_2025,kbo-player-abilities-2024-2025-v1
75867,LG 트윈스,김진성,P,pitcher_walk_control,15,14,-1,KBO_2024_2025,kbo-player-abilities-2024-2025-v1
75867,LG 트윈스,김진성,P,pitcher_composure,17,15,-2,KBO_2024_2025,kbo-player-abilities-2024-2025-v1
51154,LG 트윈스,김진수,P,pitcher_movement,7,8,1,KBO_2024_2025,kbo-player-abilities-2024-2025-v1
51154,LG 트윈스,김진수,P,pitcher_stamina,9,10,1,KBO_2024_2025,kbo-player-abilities-2024-2025-v1
51154,LG 트윈스,김진수,P,pitcher_pitchability,12,11,-1,KBO_2024_2025,kbo-player-abilities-2024-2025-v1
51154,LG 트윈스,김진수,P,pitcher_strikeout,15,12,-3,KBO_2024_2025,kbo-player-abilities-2024-2025-v1
51154,LG 트윈스,김진수,P,pitcher_walk_control,16,14,-2,KBO_2024_2025,kbo-player-abilities-2024-2025-v1
51154,LG 트윈스,김진수,P,pitcher_composure,7,9,2,KBO_2024_2025,kbo-player-abilities-2024-2025-v1
53139,LG 트윈스,박명근,P,pitcher_stuff,9,10,1,KBO_2024_2025,kbo-player-abilities-2024-2025-v1
53139,LG 트윈스,박명근,P,pitcher_movement,9,10,1,KBO_2024_2025,kbo-player-abilities-2024-2025-v1
53139,LG 트윈스,박명근,P,pitcher_stamina,10,9,-1,KBO_2024_2025,kbo-player-abilities-2024-2025-v1
53139,LG 트윈스,박명근,P,pitcher_composure,12,11,-1,KBO_2024_2025,kbo-player-abilities-2024-2025-v1
55121,LG 트윈스,박시원,P,pitcher_stuff,9,10,1,KBO_2024_2025,kbo-player-abilities-2024-2025-v1
55121,LG 트윈스,박시원,P,pitcher_command,7,10,3,KBO_2024_2025,kbo-player-abilities-2024-2025-v1
55121,LG 트윈스,박시원,P,pitcher_movement,10,11,1,KBO_2024_2025,kbo-player-abilities-2024-2025-v1
55121,LG 트윈스,박시원,P,pitcher_stamina,8,10,2,KBO_2024_2025,kbo-player-abilities-2024-2025-v1
55121,LG 트윈스,박시원,P,pitcher_pitchability,6,9,3,KBO_2024_2025,kbo-player-abilities-2024-2025-v1
55121,LG 트윈스,박시원,P,pitcher_strikeout,9,10,1,KBO_2024_2025,kbo-player-abilities-2024-2025-v1
55121,LG 트윈스,박시원,P,pitcher_walk_control,3,8,5,KBO_2024_2025,kbo-player-abilities-2024-2025-v1
55121,LG 트윈스,박시원,P,pitcher_composure,8,10,2,KBO_2024_2025,kbo-player-abilities-2024-2025-v1
63145,LG 트윈스,배재준,P,pitcher_movement,14,13,-1,KBO_2024_2025,kbo-player-abilities-2024-2025-v1
63145,LG 트윈스,배재준,P,pitcher_stamina,9,10,1,KBO_2024_2025,kbo-player-abilities-2024-2025-v1
63145,LG 트윈스,배재준,P,pitcher_pitchability,14,13,-1,KBO_2024_2025,kbo-player-abilities-2024-2025-v1
63145,LG 트윈스,배재준,P,pitcher_strikeout,17,14,-3,KBO_2024_2025,kbo-player-abilities-2024-2025-v1
63145,LG 트윈스,배재준,P,pitcher_walk_control,9,10,1,KBO_2024_2025,kbo-player-abilities-2024-2025-v1
63145,LG 트윈스,배재준,P,pitcher_composure,13,12,-1,KBO_2024_2025,kbo-player-abilities-2024-2025-v1
65109,LG 트윈스,백승현,P,pitcher_stuff,11,10,-1,KBO_2024_2025,kbo-player-abilities-2024-2025-v1
65109,LG 트윈스,백승현,P,pitcher_command,6,7,1,KBO_2024_2025,kbo-player-abilities-2024-2025-v1
65109,LG 트윈스,백승현,P,pitcher_stamina,10,9,-1,KBO_2024_2025,kbo-player-abilities-2024-2025-v1
65109,LG 트윈스,백승현,P,pitcher_pitchability,6,8,2,KBO_2024_2025,kbo-player-abilities-2024-2025-v1
65109,LG 트윈스,백승현,P,pitcher_strikeout,11,10,-1,KBO_2024_2025,kbo-player-abilities-2024-2025-v1
65109,LG 트윈스,백승현,P,pitcher_walk_control,1,5,4,KBO_2024_2025,kbo-player-abilities-2024-2025-v1
65109,LG 트윈스,백승현,P,pitcher_composure,10,9,-1,KBO_2024_2025,kbo-player-abilities-2024-2025-v1
68159,LG 트윈스,성동현,P,pitcher_stuff,8,9,1,KBO_2024_2025,kbo-player-abilities-2024-2025-v1
68159,LG 트윈스,성동현,P,pitcher_command,6,9,3,KBO_2024_2025,kbo-player-abilities-2024-2025-v1
68159,LG 트윈스,성동현,P,pitcher_movement,6,9,3,KBO_2024_2025,kbo-player-abilities-2024-2025-v1
68159,LG 트윈스,성동현,P,pitcher_stamina,8,9,1,KBO_2024_2025,kbo-player-abilities-2024-2025-v1
68159,LG 트윈스,성동현,P,pitcher_pitchability,5,8,3,KBO_2024_2025,kbo-player-abilities-2024-2025-v1
68159,LG 트윈스,성동현,P,pitcher_strikeout,8,9,1,KBO_2024_2025,kbo-player-abilities-2024-2025-v1
68159,LG 트윈스,성동현,P,pitcher_walk_control,4,8,4,KBO_2024_2025,kbo-player-abilities-2024-2025-v1
68159,LG 트윈스,성동현,P,pitcher_composure,5,8,3,KBO_2024_2025,kbo-player-abilities-2024-2025-v1
67143,LG 트윈스,손주영,P,pitcher_stuff,14,13,-1,KBO_2024_2025,kbo-player-abilities-2024-2025-v1
67143,LG 트윈스,손주영,P,pitcher_movement,18,15,-3,KBO_2024_2025,kbo-player-abilities-2024-2025-v1
67143,LG 트윈스,손주영,P,pitcher_stamina,20,17,-3,KBO_2024_2025,kbo-player-abilities-2024-2025-v1
67143,LG 트윈스,손주영,P,pitcher_pitchability,17,15,-2,KBO_2024_2025,kbo-player-abilities-2024-2025-v1
67143,LG 트윈스,손주영,P,pitcher_strikeout,15,14,-1,KBO_2024_2025,kbo-player-abilities-2024-2025-v1
67143,LG 트윈스,손주영,P,pitcher_walk_control,17,15,-2,KBO_2024_2025,kbo-player-abilities-2024-2025-v1
67143,LG 트윈스,손주영,P,pitcher_composure,18,16,-2,KBO_2024_2025,kbo-player-abilities-2024-2025-v1
51111,LG 트윈스,송승기,P,pitcher_stuff,12,13,1,KBO_2024_2025,kbo-player-abilities-2024-2025-v1
51111,LG 트윈스,송승기,P,pitcher_command,13,14,1,KBO_2024_2025,kbo-player-abilities-2024-2025-v1
51111,LG 트윈스,송승기,P,pitcher_stamina,20,17,-3,KBO_2024_2025,kbo-player-abilities-2024-2025-v1
51111,LG 트윈스,송승기,P,pitcher_pitchability,15,14,-1,KBO_2024_2025,kbo-player-abilities-2024-2025-v1
51111,LG 트윈스,송승기,P,pitcher_strikeout,14,13,-1,KBO_2024_2025,kbo-player-abilities-2024-2025-v1
51111,LG 트윈스,송승기,P,pitcher_walk_control,17,15,-2,KBO_2024_2025,kbo-player-abilities-2024-2025-v1
51111,LG 트윈스,송승기,P,pitcher_composure,16,15,-1,KBO_2024_2025,kbo-player-abilities-2024-2025-v1
61411,LG 트윈스,심창민,P,pitcher_stuff,15,12,-3,FUTURES_2024_2025,kbo-player-abilities-2024-2025-v1
61411,LG 트윈스,심창민,P,pitcher_command,3,6,3,FUTURES_2024_2025,kbo-player-abilities-2024-2025-v1
61411,LG 트윈스,심창민,P,pitcher_movement,12,11,-1,FUTURES_2024_2025,kbo-player-abilities-2024-2025-v1
61411,LG 트윈스,심창민,P,pitcher_strikeout,17,13,-4,FUTURES_2024_2025,kbo-player-abilities-2024-2025-v1
61411,LG 트윈스,심창민,P,pitcher_walk_control,1,5,4,FUTURES_2024_2025,kbo-player-abilities-2024-2025-v1
61411,LG 트윈스,심창민,P,pitcher_composure,5,6,1,FUTURES_2024_2025,kbo-player-abilities-2024-2025-v1
51526,LG 트윈스,우강훈,P,pitcher_command,9,10,1,KBO_2024_2025,kbo-player-abilities-2024-2025-v1
51526,LG 트윈스,우강훈,P,pitcher_movement,13,12,-1,KBO_2024_2025,kbo-player-abilities-2024-2025-v1
51526,LG 트윈스,우강훈,P,pitcher_stamina,9,10,1,KBO_2024_2025,kbo-player-abilities-2024-2025-v1
51526,LG 트윈스,우강훈,P,pitcher_pitchability,8,9,1,KBO_2024_2025,kbo-player-abilities-2024-2025-v1
51526,LG 트윈스,우강훈,P,pitcher_strikeout,6,9,3,KBO_2024_2025,kbo-player-abilities-2024-2025-v1
51526,LG 트윈스,우강훈,P,pitcher_walk_control,9,10,1,KBO_2024_2025,kbo-player-abilities-2024-2025-v1
50106,LG 트윈스,유영찬,P,pitcher_command,10,11,1,KBO_2024_2025,kbo-player-abilities-2024-2025-v1
50106,LG 트윈스,유영찬,P,pitcher_movement,17,15,-2,KBO_2024_2025,kbo-player-abilities-2024-2025-v1
50106,LG 트윈스,유영찬,P,pitcher_stamina,10,11,1,KBO_2024_2025,kbo-player-abilities-2024-2025-v1
50106,LG 트윈스,유영찬,P,pitcher_pitchability,15,14,-1,KBO_2024_2025,kbo-player-abilities-2024-2025-v1
50106,LG 트윈스,유영찬,P,pitcher_strikeout,19,17,-2,KBO_2024_2025,kbo-player-abilities-2024-2025-v1
50106,LG 트윈스,유영찬,P,pitcher_walk_control,5,8,3,KBO_2024_2025,kbo-player-abilities-2024-2025-v1
50106,LG 트윈스,유영찬,P,pitcher_composure,17,16,-1,KBO_2024_2025,kbo-player-abilities-2024-2025-v1
61145,LG 트윈스,이우찬,P,pitcher_stuff,14,13,-1,KBO_2024_2025,kbo-player-abilities-2024-2025-v1
61145,LG 트윈스,이우찬,P,pitcher_movement,17,14,-3,KBO_2024_2025,kbo-player-abilities-2024-2025-v1
61145,LG 트윈스,이우찬,P,pitcher_pitchability,13,12,-1,KBO_2024_2025,kbo-player-abilities-2024-2025-v1
61145,LG 트윈스,이우찬,P,pitcher_strikeout,16,13,-3,KBO_2024_2025,kbo-player-abilities-2024-2025-v1
61145,LG 트윈스,이우찬,P,pitcher_walk_control,4,7,3,KBO_2024_2025,kbo-player-abilities-2024-2025-v1
61145,LG 트윈스,이우찬,P,pitcher_composure,16,13,-3,KBO_2024_2025,kbo-player-abilities-2024-2025-v1
69134,LG 트윈스,이정용,P,pitcher_stuff,11,12,1,KBO_2024_2025,kbo-player-abilities-2024-2025-v1
69134,LG 트윈스,이정용,P,pitcher_movement,12,11,-1,KBO_2024_2025,kbo-player-abilities-2024-2025-v1
69134,LG 트윈스,이정용,P,pitcher_pitchability,13,12,-1,KBO_2024_2025,kbo-player-abilities-2024-2025-v1
69134,LG 트윈스,이정용,P,pitcher_strikeout,12,11,-1,KBO_2024_2025,kbo-player-abilities-2024-2025-v1
69134,LG 트윈스,이정용,P,pitcher_walk_control,14,13,-1,KBO_2024_2025,kbo-player-abilities-2024-2025-v1
69134,LG 트윈스,이정용,P,pitcher_composure,13,12,-1,KBO_2024_2025,kbo-player-abilities-2024-2025-v1
50904,LG 트윈스,이종준,P,pitcher_command,12,11,-1,KBO_2024_2025,kbo-player-abilities-2024-2025-v1
50904,LG 트윈스,이종준,P,pitcher_movement,13,12,-1,KBO_2024_2025,kbo-player-abilities-2024-2025-v1
50904,LG 트윈스,이종준,P,pitcher_stamina,9,10,1,KBO_2024_2025,kbo-player-abilities-2024-2025-v1
50904,LG 트윈스,이종준,P,pitcher_pitchability,14,12,-2,KBO_2024_2025,kbo-player-abilities-2024-2025-v1
50904,LG 트윈스,이종준,P,pitcher_strikeout,15,14,-1,KBO_2024_2025,kbo-player-abilities-2024-2025-v1
50904,LG 트윈스,이종준,P,pitcher_walk_control,12,11,-1,KBO_2024_2025,kbo-player-abilities-2024-2025-v1
50904,LG 트윈스,이종준,P,pitcher_composure,14,13,-1,KBO_2024_2025,kbo-player-abilities-2024-2025-v1
69108,LG 트윈스,이지강,P,pitcher_command,9,10,1,KBO_2024_2025,kbo-player-abilities-2024-2025-v1
69108,LG 트윈스,이지강,P,pitcher_movement,11,12,1,KBO_2024_2025,kbo-player-abilities-2024-2025-v1
69108,LG 트윈스,이지강,P,pitcher_stamina,10,11,1,KBO_2024_2025,kbo-player-abilities-2024-2025-v1
69108,LG 트윈스,이지강,P,pitcher_pitchability,10,11,1,KBO_2024_2025,kbo-player-abilities-2024-2025-v1
69108,LG 트윈스,이지강,P,pitcher_walk_control,7,10,3,KBO_2024_2025,kbo-player-abilities-2024-2025-v1
69108,LG 트윈스,이지강,P,pitcher_composure,9,10,1,KBO_2024_2025,kbo-player-abilities-2024-2025-v1
61101,LG 트윈스,임찬규,P,pitcher_stuff,11,12,1,KBO_2024_2025,kbo-player-abilities-2024-2025-v1
61101,LG 트윈스,임찬규,P,pitcher_movement,15,14,-1,KBO_2024_2025,kbo-player-abilities-2024-2025-v1
61101,LG 트윈스,임찬규,P,pitcher_stamina,20,18,-2,KBO_2024_2025,kbo-player-abilities-2024-2025-v1
61101,LG 트윈스,임찬규,P,pitcher_pitchability,14,15,1,KBO_2024_2025,kbo-player-abilities-2024-2025-v1
61101,LG 트윈스,임찬규,P,pitcher_strikeout,4,9,5,KBO_2024_2025,kbo-player-abilities-2024-2025-v1
61101,LG 트윈스,임찬규,P,pitcher_walk_control,19,17,-2,KBO_2024_2025,kbo-player-abilities-2024-2025-v1
61101,LG 트윈스,임찬규,P,pitcher_composure,18,16,-2,KBO_2024_2025,kbo-player-abilities-2024-2025-v1
63950,LG 트윈스,장현식,P,pitcher_stuff,10,11,1,KBO_2024_2025,kbo-player-abilities-2024-2025-v1
63950,LG 트윈스,장현식,P,pitcher_command,10,11,1,KBO_2024_2025,kbo-player-abilities-2024-2025-v1
63950,LG 트윈스,장현식,P,pitcher_movement,10,11,1,KBO_2024_2025,kbo-player-abilities-2024-2025-v1
63950,LG 트윈스,장현식,P,pitcher_stamina,10,11,1,KBO_2024_2025,kbo-player-abilities-2024-2025-v1
63950,LG 트윈스,장현식,P,pitcher_pitchability,9,11,2,KBO_2024_2025,kbo-player-abilities-2024-2025-v1
63950,LG 트윈스,장현식,P,pitcher_strikeout,6,10,4,KBO_2024_2025,kbo-player-abilities-2024-2025-v1
63950,LG 트윈스,장현식,P,pitcher_walk_control,13,12,-1,KBO_2024_2025,kbo-player-abilities-2024-2025-v1
63950,LG 트윈스,장현식,P,pitcher_composure,10,11,1,KBO_2024_2025,kbo-player-abilities-2024-2025-v1
69159,LG 트윈스,정우영,P,pitcher_stuff,10,11,1,KBO_2024_2025,kbo-player-abilities-2024-2025-v1
69159,LG 트윈스,정우영,P,pitcher_command,9,10,1,KBO_2024_2025,kbo-player-abilities-2024-2025-v1
69159,LG 트윈스,정우영,P,pitcher_movement,9,10,1,KBO_2024_2025,kbo-player-abilities-2024-2025-v1
69159,LG 트윈스,정우영,P,pitcher_stamina,8,9,1,KBO_2024_2025,kbo-player-abilities-2024-2025-v1
69159,LG 트윈스,정우영,P,pitcher_strikeout,14,12,-2,KBO_2024_2025,kbo-player-abilities-2024-2025-v1
69159,LG 트윈스,정우영,P,pitcher_walk_control,6,9,3,KBO_2024_2025,kbo-player-abilities-2024-2025-v1
69159,LG 트윈스,정우영,P,pitcher_composure,7,9,2,KBO_2024_2025,kbo-player-abilities-2024-2025-v1
54148,LG 트윈스,진우영,P,pitcher_stuff,14,12,-2,KBO_2024_2025,kbo-player-abilities-2024-2025-v1
54148,LG 트윈스,진우영,P,pitcher_command,9,10,1,KBO_2024_2025,kbo-player-abilities-2024-2025-v1
54148,LG 트윈스,진우영,P,pitcher_movement,14,12,-2,KBO_2024_2025,kbo-player-abilities-2024-2025-v1
54148,LG 트윈스,진우영,P,pitcher_stamina,10,11,1,KBO_2024_2025,kbo-player-abilities-2024-2025-v1
54148,LG 트윈스,진우영,P,pitcher_pitchability,12,11,-1,KBO_2024_2025,kbo-player-abilities-2024-2025-v1
54148,LG 트윈스,진우영,P,pitcher_strikeout,16,13,-3,KBO_2024_2025,kbo-player-abilities-2024-2025-v1
54148,LG 트윈스,진우영,P,pitcher_walk_control,3,8,5,KBO_2024_2025,kbo-player-abilities-2024-2025-v1
54148,LG 트윈스,진우영,P,pitcher_composure,15,12,-3,KBO_2024_2025,kbo-player-abilities-2024-2025-v1
68419,LG 트윈스,최채흥,P,pitcher_stuff,8,9,1,KBO_2024_2025,kbo-player-abilities-2024-2025-v1
68419,LG 트윈스,최채흥,P,pitcher_movement,8,9,1,KBO_2024_2025,kbo-player-abilities-2024-2025-v1
68419,LG 트윈스,최채흥,P,pitcher_pitchability,8,9,1,KBO_2024_2025,kbo-player-abilities-2024-2025-v1
68419,LG 트윈스,최채흥,P,pitcher_strikeout,7,9,2,KBO_2024_2025,kbo-player-abilities-2024-2025-v1
68419,LG 트윈스,최채흥,P,pitcher_walk_control,10,11,1,KBO_2024_2025,kbo-player-abilities-2024-2025-v1
68419,LG 트윈스,최채흥,P,pitcher_composure,9,10,1,KBO_2024_2025,kbo-player-abilities-2024-2025-v1
55163,LG 트윈스,추세현,P,pitcher_stuff,10,9,-1,FUTURES_2024_2025,kbo-player-abilities-2024-2025-v1
55163,LG 트윈스,추세현,P,pitcher_command,6,7,1,FUTURES_2024_2025,kbo-player-abilities-2024-2025-v1
55163,LG 트윈스,추세현,P,pitcher_stamina,6,7,1,FUTURES_2024_2025,kbo-player-abilities-2024-2025-v1
55163,LG 트윈스,추세현,P,pitcher_strikeout,11,10,-1,FUTURES_2024_2025,kbo-player-abilities-2024-2025-v1
55163,LG 트윈스,추세현,P,pitcher_walk_control,5,7,2,FUTURES_2024_2025,kbo-player-abilities-2024-2025-v1
55146,LG 트윈스,치리노스,P,pitcher_command,15,16,1,KBO_2024_2025,kbo-player-abilities-2024-2025-v1
55146,LG 트윈스,치리노스,P,pitcher_movement,18,15,-3,KBO_2024_2025,kbo-player-abilities-2024-2025-v1
55146,LG 트윈스,치리노스,P,pitcher_stamina,20,17,-3,KBO_2024_2025,kbo-player-abilities-2024-2025-v1
55146,LG 트윈스,치리노스,P,pitcher_pitchability,17,16,-1,KBO_2024_2025,kbo-player-abilities-2024-2025-v1
55146,LG 트윈스,치리노스,P,pitcher_strikeout,10,11,1,KBO_2024_2025,kbo-player-abilities-2024-2025-v1
55146,LG 트윈스,치리노스,P,pitcher_walk_control,19,17,-2,KBO_2024_2025,kbo-player-abilities-2024-2025-v1
55146,LG 트윈스,치리노스,P,pitcher_composure,19,17,-2,KBO_2024_2025,kbo-player-abilities-2024-2025-v1
55130,LG 트윈스,톨허스트,P,pitcher_stuff,15,14,-1,KBO_2024_2025,kbo-player-abilities-2024-2025-v1
55130,LG 트윈스,톨허스트,P,pitcher_command,14,13,-1,KBO_2024_2025,kbo-player-abilities-2024-2025-v1
55130,LG 트윈스,톨허스트,P,pitcher_movement,18,15,-3,KBO_2024_2025,kbo-player-abilities-2024-2025-v1
55130,LG 트윈스,톨허스트,P,pitcher_stamina,18,15,-3,KBO_2024_2025,kbo-player-abilities-2024-2025-v1
55130,LG 트윈스,톨허스트,P,pitcher_pitchability,17,14,-3,KBO_2024_2025,kbo-player-abilities-2024-2025-v1
55130,LG 트윈스,톨허스트,P,pitcher_strikeout,18,15,-3,KBO_2024_2025,kbo-player-abilities-2024-2025-v1
55130,LG 트윈스,톨허스트,P,pitcher_walk_control,14,13,-1,KBO_2024_2025,kbo-player-abilities-2024-2025-v1
55130,LG 트윈스,톨허스트,P,pitcher_composure,18,15,-3,KBO_2024_2025,kbo-player-abilities-2024-2025-v1
63248,LG 트윈스,함덕주,P,pitcher_command,9,10,1,KBO_2024_2025,kbo-player-abilities-2024-2025-v1
63248,LG 트윈스,함덕주,P,pitcher_movement,17,14,-3,KBO_2024_2025,kbo-player-abilities-2024-2025-v1
63248,LG 트윈스,함덕주,P,pitcher_stamina,9,10,1,KBO_2024_2025,kbo-player-abilities-2024-2025-v1
63248,LG 트윈스,함덕주,P,pitcher_pitchability,13,12,-1,KBO_2024_2025,kbo-player-abilities-2024-2025-v1
63248,LG 트윈스,함덕주,P,pitcher_strikeout,17,14,-3,KBO_2024_2025,kbo-player-abilities-2024-2025-v1
63248,LG 트윈스,함덕주,P,pitcher_walk_control,3,7,4,KBO_2024_2025,kbo-player-abilities-2024-2025-v1
63248,LG 트윈스,함덕주,P,pitcher_composure,12,11,-1,KBO_2024_2025,kbo-player-abilities-2024-2025-v1
53102,LG 트윈스,허용주,P,pitcher_stuff,12,9,-3,FUTURES_2024_2025,kbo-player-abilities-2024-2025-v1
53102,LG 트윈스,허용주,P,pitcher_command,10,9,-1,FUTURES_2024_2025,kbo-player-abilities-2024-2025-v1
53102,LG 트윈스,허용주,P,pitcher_movement,13,10,-3,FUTURES_2024_2025,kbo-player-abilities-2024-2025-v1
53102,LG 트윈스,허용주,P,pitcher_stamina,7,8,1,FUTURES_2024_2025,kbo-player-abilities-2024-2025-v1
53102,LG 트윈스,허용주,P,pitcher_pitchability,11,9,-2,FUTURES_2024_2025,kbo-player-abilities-2024-2025-v1
53102,LG 트윈스,허용주,P,pitcher_strikeout,11,9,-2,FUTURES_2024_2025,kbo-player-abilities-2024-2025-v1
53102,LG 트윈스,허용주,P,pitcher_walk_control,7,8,1,FUTURES_2024_2025,kbo-player-abilities-2024-2025-v1
53102,LG 트윈스,허용주,P,pitcher_composure,10,9,-1,FUTURES_2024_2025,kbo-player-abilities-2024-2025-v1
52119,LG 트윈스,허준혁,P,pitcher_stuff,7,9,2,FUTURES_2024_2025,kbo-player-abilities-2024-2025-v1
52119,LG 트윈스,허준혁,P,pitcher_command,6,9,3,FUTURES_2024_2025,kbo-player-abilities-2024-2025-v1
52119,LG 트윈스,허준혁,P,pitcher_movement,6,7,1,FUTURES_2024_2025,kbo-player-abilities-2024-2025-v1
52119,LG 트윈스,허준혁,P,pitcher_stamina,7,8,1,FUTURES_2024_2025,kbo-player-abilities-2024-2025-v1
52119,LG 트윈스,허준혁,P,pitcher_pitchability,8,9,1,FUTURES_2024_2025,kbo-player-abilities-2024-2025-v1
52119,LG 트윈스,허준혁,P,pitcher_strikeout,11,10,-1,FUTURES_2024_2025,kbo-player-abilities-2024-2025-v1
52119,LG 트윈스,허준혁,P,pitcher_walk_control,6,8,2,FUTURES_2024_2025,kbo-player-abilities-2024-2025-v1
51903,NC 다이노스,김정호,C,contact,9,10,1,KBO_2024_2025,kbo-player-abilities-2024-2025-v1
51903,NC 다이노스,김정호,C,power,9,10,1,KBO_2024_2025,kbo-player-abilities-2024-2025-v1
51903,NC 다이노스,김정호,C,plate_discipline,8,10,2,KBO_2024_2025,kbo-player-abilities-2024-2025-v1
51903,NC 다이노스,김정호,C,bat_control,10,11,1,KBO_2024_2025,kbo-player-abilities-2024-2025-v1
51903,NC 다이노스,김정호,C,timing,10,11,1,KBO_2024_2025,kbo-player-abilities-2024-2025-v1
68912,NC 다이노스,김형준,C,contact,10,9,-1,KBO_2024_2025,kbo-player-abilities-2024-2025-v1
68912,NC 다이노스,김형준,C,power,17,16,-1,KBO_2024_2025,kbo-player-abilities-2024-2025-v1
68912,NC 다이노스,김형준,C,bat_control,9,8,-1,KBO_2024_2025,kbo-player-abilities-2024-2025-v1
68912,NC 다이노스,김형준,C,timing,11,9,-2,KBO_2024_2025,kbo-player-abilities-2024-2025-v1
68912,NC 다이노스,김형준,C,baserunning_judgment,12,13,1,KBO_2024_2025,kbo-player-abilities-2024-2025-v1
62244,NC 다이노스,박세혁,C,contact,8,9,1,KBO_2024_2025,kbo-player-abilities-2024-2025-v1
62244,NC 다이노스,박세혁,C,power,12,11,-1,KBO_2024_2025,kbo-player-abilities-2024-2025-v1
62244,NC 다이노스,박세혁,C,plate_discipline,8,9,1,KBO_2024_2025,kbo-player-abilities-2024-2025-v1
62244,NC 다이노스,박세혁,C,bat_control,8,9,1,KBO_2024_2025,kbo-player-abilities-2024-2025-v1
62244,NC 다이노스,박세혁,C,timing,10,9,-1,KBO_2024_2025,kbo-player-abilities-2024-2025-v1
62244,NC 다이노스,박세혁,C,speed,11,12,1,KBO_2024_2025,kbo-player-abilities-2024-2025-v1
62244,NC 다이노스,박세혁,C,baserunning_judgment,12,13,1,KBO_2024_2025,kbo-player-abilities-2024-2025-v1
64022,NC 다이노스,안중열,C,contact,8,9,1,KBO_2024_2025,kbo-player-abilities-2024-2025-v1
64022,NC 다이노스,안중열,C,power,8,11,3,KBO_2024_2025,kbo-player-abilities-2024-2025-v1
64022,NC 다이노스,안중열,C,plate_discipline,12,13,1,KBO_2024_2025,kbo-player-abilities-2024-2025-v1
64022,NC 다이노스,안중열,C,bat_control,10,11,1,KBO_2024_2025,kbo-player-abilities-2024-2025-v1
64022,NC 다이노스,안중열,C,timing,8,9,1,KBO_2024_2025,kbo-player-abilities-2024-2025-v1
64022,NC 다이노스,안중열,C,baserunning_judgment,11,10,-1,KBO_2024_2025,kbo-player-abilities-2024-2025-v1
54905,NC 다이노스,김세훈,IF,power,13,12,-1,KBO_2024_2025,kbo-player-abilities-2024-2025-v1
54905,NC 다이노스,김세훈,IF,plate_discipline,13,12,-1,KBO_2024_2025,kbo-player-abilities-2024-2025-v1
54905,NC 다이노스,김세훈,IF,speed,9,10,1,KBO_2024_2025,kbo-player-abilities-2024-2025-v1
54905,NC 다이노스,김세훈,IF,baserunning_judgment,9,10,1,KBO_2024_2025,kbo-player-abilities-2024-2025-v1
51907,NC 다이노스,김주원,IF,contact,18,15,-3,KBO_2024_2025,kbo-player-abilities-2024-2025-v1
51907,NC 다이노스,김주원,IF,power,17,16,-1,KBO_2024_2025,kbo-player-abilities-2024-2025-v1
51907,NC 다이노스,김주원,IF,plate_discipline,16,15,-1,KBO_2024_2025,kbo-player-abilities-2024-2025-v1
51907,NC 다이노스,김주원,IF,bat_control,16,14,-2,KBO_2024_2025,kbo-player-abilities-2024-2025-v1
51907,NC 다이노스,김주원,IF,timing,16,15,-1,KBO_2024_2025,kbo-player-abilities-2024-2025-v1
51907,NC 다이노스,김주원,IF,speed,16,15,-1,KBO_2024_2025,kbo-player-abilities-2024-2025-v1
51907,NC 다이노스,김주원,IF,baserunning_judgment,12,14,2,KBO_2024_2025,kbo-player-abilities-2024-2025-v1
50902,NC 다이노스,김한별,IF,contact,14,13,-1,KBO_2024_2025,kbo-player-abilities-2024-2025-v1
50902,NC 다이노스,김한별,IF,power,10,9,-1,KBO_2024_2025,kbo-player-abilities-2024-2025-v1
50902,NC 다이노스,김한별,IF,timing,12,13,1,KBO_2024_2025,kbo-player-abilities-2024-2025-v1
50902,NC 다이노스,김한별,IF,baserunning_judgment,12,11,-1,KBO_2024_2025,kbo-player-abilities-2024-2025-v1
51344,NC 다이노스,김휘집,IF,contact,14,13,-1,KBO_2024_2025,kbo-player-abilities-2024-2025-v1
51344,NC 다이노스,김휘집,IF,power,17,16,-1,KBO_2024_2025,kbo-player-abilities-2024-2025-v1
51344,NC 다이노스,김휘집,IF,plate_discipline,12,13,1,KBO_2024_2025,kbo-player-abilities-2024-2025-v1
51344,NC 다이노스,김휘집,IF,bat_control,14,13,-1,KBO_2024_2025,kbo-player-abilities-2024-2025-v1
51344,NC 다이노스,김휘집,IF,timing,13,12,-1,KBO_2024_2025,kbo-player-abilities-2024-2025-v1
51344,NC 다이노스,김휘집,IF,speed,14,13,-1,KBO_2024_2025,kbo-player-abilities-2024-2025-v1
51344,NC 다이노스,김휘집,IF,baserunning_judgment,12,13,1,KBO_2024_2025,kbo-player-abilities-2024-2025-v1
54944,NC 다이노스,데이비슨,IF,contact,15,14,-1,KBO_2024_2025,kbo-player-abilities-2024-2025-v1
54944,NC 다이노스,데이비슨,IF,power,18,17,-1,KBO_2024_2025,kbo-player-abilities-2024-2025-v1
54944,NC 다이노스,데이비슨,IF,plate_discipline,10,9,-1,KBO_2024_2025,kbo-player-abilities-2024-2025-v1
54944,NC 다이노스,데이비슨,IF,baserunning_judgment,13,12,-1,KBO_2024_2025,kbo-player-abilities-2024-2025-v1
66965,NC 다이노스,도태훈,IF,contact,9,10,1,KBO_2024_2025,kbo-player-abilities-2024-2025-v1
66965,NC 다이노스,도태훈,IF,power,12,11,-1,KBO_2024_2025,kbo-player-abilities-2024-2025-v1
66965,NC 다이노스,도태훈,IF,plate_discipline,10,13,3,KBO_2024_2025,kbo-player-abilities-2024-2025-v1
66965,NC 다이노스,도태훈,IF,bat_control,10,11,1,KBO_2024_2025,kbo-player-abilities-2024-2025-v1
66965,NC 다이노스,도태훈,IF,speed,13,12,-1,KBO_2024_2025,kbo-player-abilities-2024-2025-v1
66965,NC 다이노스,도태훈,IF,baserunning_judgment,11,13,2,KBO_2024_2025,kbo-player-abilities-2024-2025-v1
62907,NC 다이노스,박민우,IF,contact,18,17,-1,KBO_2024_2025,kbo-player-abilities-2024-2025-v1
62907,NC 다이노스,박민우,IF,power,15,14,-1,KBO_2024_2025,kbo-player-abilities-2024-2025-v1
62907,NC 다이노스,박민우,IF,plate_discipline,15,14,-1,KBO_2024_2025,kbo-player-abilities-2024-2025-v1
62907,NC 다이노스,박민우,IF,bat_control,17,16,-1,KBO_2024_2025,kbo-player-abilities-2024-2025-v1
62907,NC 다이노스,박민우,IF,speed,16,15,-1,KBO_2024_2025,kbo-player-abilities-2024-2025-v1
62907,NC 다이노스,박민우,IF,baserunning_judgment,10,13,3,KBO_2024_2025,kbo-player-abilities-2024-2025-v1
69995,NC 다이노스,서호철,IF,contact,11,13,2,KBO_2024_2025,kbo-player-abilities-2024-2025-v1
69995,NC 다이노스,서호철,IF,power,8,10,2,KBO_2024_2025,kbo-player-abilities-2024-2025-v1
69995,NC 다이노스,서호철,IF,plate_discipline,5,6,1,KBO_2024_2025,kbo-player-abilities-2024-2025-v1
69995,NC 다이노스,서호철,IF,bat_control,10,12,2,KBO_2024_2025,kbo-player-abilities-2024-2025-v1
69995,NC 다이노스,서호철,IF,timing,9,11,2,KBO_2024_2025,kbo-player-abilities-2024-2025-v1
69995,NC 다이노스,서호철,IF,speed,14,12,-2,KBO_2024_2025,kbo-player-abilities-2024-2025-v1
69995,NC 다이노스,서호철,IF,baserunning_judgment,11,12,1,KBO_2024_2025,kbo-player-abilities-2024-2025-v1
50901,NC 다이노스,안인산,IF,contact,10,11,1,KBO_2024_2025,kbo-player-abilities-2024-2025-v1
50901,NC 다이노스,안인산,IF,power,10,11,1,KBO_2024_2025,kbo-player-abilities-2024-2025-v1
50901,NC 다이노스,안인산,IF,plate_discipline,10,11,1,KBO_2024_2025,kbo-player-abilities-2024-2025-v1
50901,NC 다이노스,안인산,IF,bat_control,10,11,1,KBO_2024_2025,kbo-player-abilities-2024-2025-v1
68904,NC 다이노스,오영수,IF,contact,11,10,-1,KBO_2024_2025,kbo-player-abilities-2024-2025-v1
68904,NC 다이노스,오영수,IF,plate_discipline,15,14,-1,KBO_2024_2025,kbo-player-abilities-2024-2025-v1
68904,NC 다이노스,오영수,IF,timing,11,10,-1,KBO_2024_2025,kbo-player-abilities-2024-2025-v1
68904,NC 다이노스,오영수,IF,speed,12,13,1,KBO_2024_2025,kbo-player-abilities-2024-2025-v1
68904,NC 다이노스,오영수,IF,baserunning_judgment,11,12,1,KBO_2024_2025,kbo-player-abilities-2024-2025-v1
51996,NC 다이노스,오태양,IF,contact,9,10,1,KBO_2024_2025,kbo-player-abilities-2024-2025-v1
51996,NC 다이노스,오태양,IF,power,8,10,2,KBO_2024_2025,kbo-player-abilities-2024-2025-v1
51996,NC 다이노스,오태양,IF,plate_discipline,9,10,1,KBO_2024_2025,kbo-player-abilities-2024-2025-v1
51996,NC 다이노스,오태양,IF,bat_control,10,11,1,KBO_2024_2025,kbo-player-abilities-2024-2025-v1
51996,NC 다이노스,오태양,IF,timing,10,11,1,KBO_2024_2025,kbo-player-abilities-2024-2025-v1
51996,NC 다이노스,오태양,IF,speed,12,11,-1,KBO_2024_2025,kbo-player-abilities-2024-2025-v1
55993,NC 다이노스,장창훈,IF,contact,7,8,1,FUTURES_2024_2025,kbo-player-abilities-2024-2025-v1
55993,NC 다이노스,장창훈,IF,power,6,7,1,FUTURES_2024_2025,kbo-player-abilities-2024-2025-v1
55993,NC 다이노스,장창훈,IF,plate_discipline,8,9,1,FUTURES_2024_2025,kbo-player-abilities-2024-2025-v1
55993,NC 다이노스,장창훈,IF,timing,9,8,-1,FUTURES_2024_2025,kbo-player-abilities-2024-2025-v1
55993,NC 다이노스,장창훈,IF,speed,8,9,1,FUTURES_2024_2025,kbo-player-abilities-2024-2025-v1
69992,NC 다이노스,최정원,IF,contact,15,14,-1,KBO_2024_2025,kbo-player-abilities-2024-2025-v1
69992,NC 다이노스,최정원,IF,plate_discipline,15,14,-1,KBO_2024_2025,kbo-player-abilities-2024-2025-v1
69992,NC 다이노스,최정원,IF,bat_control,14,13,-1,KBO_2024_2025,kbo-player-abilities-2024-2025-v1
69992,NC 다이노스,최정원,IF,timing,12,13,1,KBO_2024_2025,kbo-player-abilities-2024-2025-v1
69992,NC 다이노스,최정원,IF,speed,14,15,1,KBO_2024_2025,kbo-player-abilities-2024-2025-v1
69992,NC 다이노스,최정원,IF,baserunning_judgment,12,14,2,KBO_2024_2025,kbo-player-abilities-2024-2025-v1
50903,NC 다이노스,한재환,IF,contact,7,10,3,KBO_2024_2025,kbo-player-abilities-2024-2025-v1
50903,NC 다이노스,한재환,IF,power,7,9,2,KBO_2024_2025,kbo-player-abilities-2024-2025-v1
50903,NC 다이노스,한재환,IF,plate_discipline,9,10,1,KBO_2024_2025,kbo-player-abilities-2024-2025-v1
50903,NC 다이노스,한재환,IF,bat_control,7,9,2,KBO_2024_2025,kbo-player-abilities-2024-2025-v1
50903,NC 다이노스,한재환,IF,timing,7,9,2,KBO_2024_2025,kbo-player-abilities-2024-2025-v1
50903,NC 다이노스,한재환,IF,speed,10,11,1,KBO_2024_2025,kbo-player-abilities-2024-2025-v1
50903,NC 다이노스,한재환,IF,baserunning_judgment,11,10,-1,KBO_2024_2025,kbo-player-abilities-2024-2025-v1
50600,NC 다이노스,홍종표,IF,contact,5,8,3,KBO_2024_2025,kbo-player-abilities-2024-2025-v1
50600,NC 다이노스,홍종표,IF,power,6,8,2,KBO_2024_2025,kbo-player-abilities-2024-2025-v1
50600,NC 다이노스,홍종표,IF,plate_discipline,8,9,1,KBO_2024_2025,kbo-player-abilities-2024-2025-v1
50600,NC 다이노스,홍종표,IF,bat_control,7,9,2,KBO_2024_2025,kbo-player-abilities-2024-2025-v1
50600,NC 다이노스,홍종표,IF,timing,7,9,2,KBO_2024_2025,kbo-player-abilities-2024-2025-v1
50600,NC 다이노스,홍종표,IF,speed,12,13,1,KBO_2024_2025,kbo-player-abilities-2024-2025-v1
50600,NC 다이노스,홍종표,IF,baserunning_judgment,11,12,1,KBO_2024_2025,kbo-player-abilities-2024-2025-v1
54908,NC 다이노스,고승완,OF,contact,10,11,1,KBO_2024_2025,kbo-player-abilities-2024-2025-v1
54908,NC 다이노스,고승완,OF,power,10,11,1,KBO_2024_2025,kbo-player-abilities-2024-2025-v1
54908,NC 다이노스,고승완,OF,plate_discipline,10,11,1,KBO_2024_2025,kbo-player-abilities-2024-2025-v1
54908,NC 다이노스,고승완,OF,bat_control,10,11,1,KBO_2024_2025,kbo-player-abilities-2024-2025-v1
54908,NC 다이노스,고승완,OF,speed,12,11,-1,KBO_2024_2025,kbo-player-abilities-2024-2025-v1
63963,NC 다이노스,권희동,OF,plate_discipline,19,18,-1,KBO_2024_2025,kbo-player-abilities-2024-2025-v1
69980,NC 다이노스,김범준,OF,contact,10,11,1,KBO_2024_2025,kbo-player-abilities-2024-2025-v1
69980,NC 다이노스,김범준,OF,power,10,11,1,KBO_2024_2025,kbo-player-abilities-2024-2025-v1
69980,NC 다이노스,김범준,OF,plate_discipline,10,11,1,KBO_2024_2025,kbo-player-abilities-2024-2025-v1
69980,NC 다이노스,김범준,OF,bat_control,10,11,1,KBO_2024_2025,kbo-player-abilities-2024-2025-v1
79215,NC 다이노스,박건우,OF,contact,18,17,-1,KBO_2024_2025,kbo-player-abilities-2024-2025-v1
79215,NC 다이노스,박건우,OF,power,16,15,-1,KBO_2024_2025,kbo-player-abilities-2024-2025-v1
79215,NC 다이노스,박건우,OF,plate_discipline,16,15,-1,KBO_2024_2025,kbo-player-abilities-2024-2025-v1
79215,NC 다이노스,박건우,OF,bat_control,17,16,-1,KBO_2024_2025,kbo-player-abilities-2024-2025-v1
79215,NC 다이노스,박건우,OF,timing,16,15,-1,KBO_2024_2025,kbo-player-abilities-2024-2025-v1
79215,NC 다이노스,박건우,OF,speed,13,12,-1,KBO_2024_2025,kbo-player-abilities-2024-2025-v1
79215,NC 다이노스,박건우,OF,baserunning_judgment,11,12,1,KBO_2024_2025,kbo-player-abilities-2024-2025-v1
50996,NC 다이노스,박시원,OF,contact,7,9,2,KBO_2024_2025,kbo-player-abilities-2024-2025-v1
50996,NC 다이노스,박시원,OF,power,9,10,1,KBO_2024_2025,kbo-player-abilities-2024-2025-v1
50996,NC 다이노스,박시원,OF,plate_discipline,9,10,1,KBO_2024_2025,kbo-player-abilities-2024-2025-v1
50996,NC 다이노스,박시원,OF,bat_control,7,9,2,KBO_2024_2025,kbo-player-abilities-2024-2025-v1
50996,NC 다이노스,박시원,OF,timing,7,9,2,KBO_2024_2025,kbo-player-abilities-2024-2025-v1
50996,NC 다이노스,박시원,OF,speed,11,12,1,KBO_2024_2025,kbo-player-abilities-2024-2025-v1
50996,NC 다이노스,박시원,OF,baserunning_judgment,12,13,1,KBO_2024_2025,kbo-player-abilities-2024-2025-v1
50906,NC 다이노스,박영빈,OF,contact,10,11,1,KBO_2024_2025,kbo-player-abilities-2024-2025-v1
50906,NC 다이노스,박영빈,OF,power,10,11,1,KBO_2024_2025,kbo-player-abilities-2024-2025-v1
50906,NC 다이노스,박영빈,OF,plate_discipline,10,11,1,KBO_2024_2025,kbo-player-abilities-2024-2025-v1
50906,NC 다이노스,박영빈,OF,bat_control,10,11,1,KBO_2024_2025,kbo-player-abilities-2024-2025-v1
50906,NC 다이노스,박영빈,OF,speed,12,11,-1,KBO_2024_2025,kbo-player-abilities-2024-2025-v1
69203,NC 다이노스,송승환,OF,contact,9,10,1,KBO_2024_2025,kbo-player-abilities-2024-2025-v1
69203,NC 다이노스,송승환,OF,power,9,10,1,KBO_2024_2025,kbo-player-abilities-2024-2025-v1
69203,NC 다이노스,송승환,OF,plate_discipline,8,9,1,KBO_2024_2025,kbo-player-abilities-2024-2025-v1
69203,NC 다이노스,송승환,OF,bat_control,10,11,1,KBO_2024_2025,kbo-player-abilities-2024-2025-v1
69203,NC 다이노스,송승환,OF,timing,10,11,1,KBO_2024_2025,kbo-player-abilities-2024-2025-v1
63260,NC 다이노스,이우성,OF,power,12,13,1,KBO_2024_2025,kbo-player-abilities-2024-2025-v1
63260,NC 다이노스,이우성,OF,plate_discipline,12,13,1,KBO_2024_2025,kbo-player-abilities-2024-2025-v1
63260,NC 다이노스,이우성,OF,timing,11,12,1,KBO_2024_2025,kbo-player-abilities-2024-2025-v1
63260,NC 다이노스,이우성,OF,baserunning_judgment,10,12,2,KBO_2024_2025,kbo-player-abilities-2024-2025-v1
67905,NC 다이노스,천재환,OF,contact,11,12,1,KBO_2024_2025,kbo-player-abilities-2024-2025-v1
67905,NC 다이노스,천재환,OF,timing,11,12,1,KBO_2024_2025,kbo-player-abilities-2024-2025-v1
67905,NC 다이노스,천재환,OF,speed,15,14,-1,KBO_2024_2025,kbo-player-abilities-2024-2025-v1
67905,NC 다이노스,천재환,OF,baserunning_judgment,12,14,2,KBO_2024_2025,kbo-player-abilities-2024-2025-v1
66606,NC 다이노스,최원준,OF,contact,12,13,1,KBO_2024_2025,kbo-player-abilities-2024-2025-v1
66606,NC 다이노스,최원준,OF,power,11,12,1,KBO_2024_2025,kbo-player-abilities-2024-2025-v1
66606,NC 다이노스,최원준,OF,plate_discipline,9,10,1,KBO_2024_2025,kbo-player-abilities-2024-2025-v1
66606,NC 다이노스,최원준,OF,bat_control,13,14,1,KBO_2024_2025,kbo-player-abilities-2024-2025-v1
66606,NC 다이노스,최원준,OF,timing,11,13,2,KBO_2024_2025,kbo-player-abilities-2024-2025-v1
66606,NC 다이노스,최원준,OF,baserunning_judgment,10,13,3,KBO_2024_2025,kbo-player-abilities-2024-2025-v1
64101,NC 다이노스,한석현,OF,power,14,13,-1,KBO_2024_2025,kbo-player-abilities-2024-2025-v1
64101,NC 다이노스,한석현,OF,plate_discipline,12,11,-1,KBO_2024_2025,kbo-player-abilities-2024-2025-v1
64101,NC 다이노스,한석현,OF,timing,11,10,-1,KBO_2024_2025,kbo-player-abilities-2024-2025-v1
64101,NC 다이노스,한석현,OF,speed,11,12,1,KBO_2024_2025,kbo-player-abilities-2024-2025-v1
64101,NC 다이노스,한석현,OF,baserunning_judgment,11,12,1,KBO_2024_2025,kbo-player-abilities-2024-2025-v1
65933,NC 다이노스,구창모,P,pitcher_stuff,14,13,-1,KBO_2024_2025,kbo-player-abilities-2024-2025-v1
65933,NC 다이노스,구창모,P,pitcher_command,14,13,-1,KBO_2024_2025,kbo-player-abilities-2024-2025-v1
65933,NC 다이노스,구창모,P,pitcher_movement,15,13,-2,KBO_2024_2025,kbo-player-abilities-2024-2025-v1
65933,NC 다이노스,구창모,P,pitcher_stamina,14,12,-2,KBO_2024_2025,kbo-player-abilities-2024-2025-v1
65933,NC 다이노스,구창모,P,pitcher_pitchability,18,14,-4,KBO_2024_2025,kbo-player-abilities-2024-2025-v1
65933,NC 다이노스,구창모,P,pitcher_strikeout,19,15,-4,KBO_2024_2025,kbo-player-abilities-2024-2025-v1
65933,NC 다이노스,구창모,P,pitcher_walk_control,17,14,-3,KBO_2024_2025,kbo-player-abilities-2024-2025-v1
65933,NC 다이노스,구창모,P,pitcher_composure,17,14,-3,KBO_2024_2025,kbo-player-abilities-2024-2025-v1
52995,NC 다이노스,김녹원,P,pitcher_stuff,6,8,2,KBO_2024_2025,kbo-player-abilities-2024-2025-v1
52995,NC 다이노스,김녹원,P,pitcher_command,6,8,2,KBO_2024_2025,kbo-player-abilities-2024-2025-v1
52995,NC 다이노스,김녹원,P,pitcher_movement,4,7,3,KBO_2024_2025,kbo-player-abilities-2024-2025-v1
52995,NC 다이노스,김녹원,P,pitcher_stamina,14,13,-1,KBO_2024_2025,kbo-player-abilities-2024-2025-v1
52995,NC 다이노스,김녹원,P,pitcher_pitchability,2,6,4,KBO_2024_2025,kbo-player-abilities-2024-2025-v1
52995,NC 다이노스,김녹원,P,pitcher_strikeout,1,5,4,KBO_2024_2025,kbo-player-abilities-2024-2025-v1
52995,NC 다이노스,김녹원,P,pitcher_walk_control,2,6,4,KBO_2024_2025,kbo-player-abilities-2024-2025-v1
52995,NC 다이노스,김녹원,P,pitcher_composure,3,7,4,KBO_2024_2025,kbo-player-abilities-2024-2025-v1
54913,NC 다이노스,김민규,P,pitcher_command,9,10,1,KBO_2024_2025,kbo-player-abilities-2024-2025-v1
54913,NC 다이노스,김민규,P,pitcher_stamina,8,9,1,KBO_2024_2025,kbo-player-abilities-2024-2025-v1
54913,NC 다이노스,김민규,P,pitcher_pitchability,9,10,1,KBO_2024_2025,kbo-player-abilities-2024-2025-v1
54913,NC 다이노스,김민규,P,pitcher_strikeout,7,9,2,KBO_2024_2025,kbo-player-abilities-2024-2025-v1
54913,NC 다이노스,김민규,P,pitcher_walk_control,8,9,1,KBO_2024_2025,kbo-player-abilities-2024-2025-v1
54913,NC 다이노스,김민규,P,pitcher_composure,10,11,1,KBO_2024_2025,kbo-player-abilities-2024-2025-v1
68900,NC 다이노스,김영규,P,pitcher_stuff,12,13,1,KBO_2024_2025,kbo-player-abilities-2024-2025-v1
68900,NC 다이노스,김영규,P,pitcher_command,12,13,1,KBO_2024_2025,kbo-player-abilities-2024-2025-v1
68900,NC 다이노스,김영규,P,pitcher_movement,14,13,-1,KBO_2024_2025,kbo-player-abilities-2024-2025-v1
68900,NC 다이노스,김영규,P,pitcher_stamina,10,11,1,KBO_2024_2025,kbo-player-abilities-2024-2025-v1
68900,NC 다이노스,김영규,P,pitcher_pitchability,13,14,1,KBO_2024_2025,kbo-player-abilities-2024-2025-v1
68900,NC 다이노스,김영규,P,pitcher_strikeout,11,12,1,KBO_2024_2025,kbo-player-abilities-2024-2025-v1
68900,NC 다이노스,김영규,P,pitcher_walk_control,12,13,1,KBO_2024_2025,kbo-player-abilities-2024-2025-v1
68900,NC 다이노스,김영규,P,pitcher_composure,17,15,-2,KBO_2024_2025,kbo-player-abilities-2024-2025-v1
64580,NC 다이노스,김재열,P,pitcher_stuff,7,10,3,KBO_2024_2025,kbo-player-abilities-2024-2025-v1
64580,NC 다이노스,김재열,P,pitcher_command,6,9,3,KBO_2024_2025,kbo-player-abilities-2024-2025-v1
64580,NC 다이노스,김재열,P,pitcher_movement,3,7,4,KBO_2024_2025,kbo-player-abilities-2024-2025-v1
64580,NC 다이노스,김재열,P,pitcher_stamina,9,10,1,KBO_2024_2025,kbo-player-abilities-2024-2025-v1
64580,NC 다이노스,김재열,P,pitcher_pitchability,4,8,4,KBO_2024_2025,kbo-player-abilities-2024-2025-v1
64580,NC 다이노스,김재열,P,pitcher_strikeout,6,10,4,KBO_2024_2025,kbo-player-abilities-2024-2025-v1
64580,NC 다이노스,김재열,P,pitcher_walk_control,5,8,3,KBO_2024_2025,kbo-player-abilities-2024-2025-v1
64580,NC 다이노스,김재열,P,pitcher_composure,4,9,5,KBO_2024_2025,kbo-player-abilities-2024-2025-v1
67954,NC 다이노스,김진호,P,pitcher_stuff,12,13,1,KBO_2024_2025,kbo-player-abilities-2024-2025-v1
67954,NC 다이노스,김진호,P,pitcher_command,8,9,1,KBO_2024_2025,kbo-player-abilities-2024-2025-v1
67954,NC 다이노스,김진호,P,pitcher_movement,16,14,-2,KBO_2024_2025,kbo-player-abilities-2024-2025-v1
67954,NC 다이노스,김진호,P,pitcher_stamina,10,11,1,KBO_2024_2025,kbo-player-abilities-2024-2025-v1
67954,NC 다이노스,김진호,P,pitcher_pitchability,11,12,1,KBO_2024_2025,kbo-player-abilities-2024-2025-v1
67954,NC 다이노스,김진호,P,pitcher_strikeout,17,15,-2,KBO_2024_2025,kbo-player-abilities-2024-2025-v1
67954,NC 다이노스,김진호,P,pitcher_walk_control,2,6,4,KBO_2024_2025,kbo-player-abilities-2024-2025-v1
67954,NC 다이노스,김진호,P,pitcher_composure,15,14,-1,KBO_2024_2025,kbo-player-abilities-2024-2025-v1
50992,NC 다이노스,김태경,P,pitcher_stuff,7,9,2,KBO_2024_2025,kbo-player-abilities-2024-2025-v1
50992,NC 다이노스,김태경,P,pitcher_command,7,9,2,KBO_2024_2025,kbo-player-abilities-2024-2025-v1
50992,NC 다이노스,김태경,P,pitcher_movement,4,8,4,KBO_2024_2025,kbo-player-abilities-2024-2025-v1
50992,NC 다이노스,김태경,P,pitcher_stamina,10,11,1,KBO_2024_2025,kbo-player-abilities-2024-2025-v1
50992,NC 다이노스,김태경,P,pitcher_pitchability,5,8,3,KBO_2024_2025,kbo-player-abilities-2024-2025-v1
50992,NC 다이노스,김태경,P,pitcher_strikeout,9,10,1,KBO_2024_2025,kbo-player-abilities-2024-2025-v1
50992,NC 다이노스,김태경,P,pitcher_walk_control,6,9,3,KBO_2024_2025,kbo-player-abilities-2024-2025-v1
50992,NC 다이노스,김태경,P,pitcher_composure,2,7,5,KBO_2024_2025,kbo-player-abilities-2024-2025-v1
67956,NC 다이노스,김태현,P,pitcher_stuff,8,9,1,KBO_2024_2025,kbo-player-abilities-2024-2025-v1
67956,NC 다이노스,김태현,P,pitcher_command,9,10,1,KBO_2024_2025,kbo-player-abilities-2024-2025-v1
67956,NC 다이노스,김태현,P,pitcher_movement,6,9,3,KBO_2024_2025,kbo-player-abilities-2024-2025-v1
67956,NC 다이노스,김태현,P,pitcher_stamina,8,9,1,KBO_2024_2025,kbo-player-abilities-2024-2025-v1
67956,NC 다이노스,김태현,P,pitcher_pitchability,8,9,1,KBO_2024_2025,kbo-player-abilities-2024-2025-v1
67956,NC 다이노스,김태현,P,pitcher_strikeout,11,10,-1,KBO_2024_2025,kbo-player-abilities-2024-2025-v1
67956,NC 다이노스,김태현,P,pitcher_walk_control,9,10,1,KBO_2024_2025,kbo-player-abilities-2024-2025-v1
67956,NC 다이노스,김태현,P,pitcher_composure,6,9,3,KBO_2024_2025,kbo-player-abilities-2024-2025-v1
55995,NC 다이노스,김태훈,P,pitcher_stuff,6,9,3,KBO_2024_2025,kbo-player-abilities-2024-2025-v1
55995,NC 다이노스,김태훈,P,pitcher_command,6,9,3,KBO_2024_2025,kbo-player-abilities-2024-2025-v1
55995,NC 다이노스,김태훈,P,pitcher_movement,4,8,4,KBO_2024_2025,kbo-player-abilities-2024-2025-v1
55995,NC 다이노스,김태훈,P,pitcher_stamina,9,10,1,KBO_2024_2025,kbo-player-abilities-2024-2025-v1
55995,NC 다이노스,김태훈,P,pitcher_pitchability,3,7,4,KBO_2024_2025,kbo-player-abilities-2024-2025-v1
55995,NC 다이노스,김태훈,P,pitcher_strikeout,2,6,4,KBO_2024_2025,kbo-player-abilities-2024-2025-v1
55995,NC 다이노스,김태훈,P,pitcher_walk_control,3,7,4,KBO_2024_2025,kbo-player-abilities-2024-2025-v1
55995,NC 다이노스,김태훈,P,pitcher_composure,8,9,1,KBO_2024_2025,kbo-player-abilities-2024-2025-v1
55903,NC 다이노스,라일리,P,pitcher_stuff,14,15,1,KBO_2024_2025,kbo-player-abilities-2024-2025-v1
55903,NC 다이노스,라일리,P,pitcher_movement,13,12,-1,KBO_2024_2025,kbo-player-abilities-2024-2025-v1
55903,NC 다이노스,라일리,P,pitcher_stamina,20,17,-3,KBO_2024_2025,kbo-player-abilities-2024-2025-v1
55903,NC 다이노스,라일리,P,pitcher_pitchability,19,17,-2,KBO_2024_2025,kbo-player-abilities-2024-2025-v1
55903,NC 다이노스,라일리,P,pitcher_strikeout,20,17,-3,KBO_2024_2025,kbo-player-abilities-2024-2025-v1
55903,NC 다이노스,라일리,P,pitcher_walk_control,17,15,-2,KBO_2024_2025,kbo-player-abilities-2024-2025-v1
55903,NC 다이노스,라일리,P,pitcher_composure,18,17,-1,KBO_2024_2025,kbo-player-abilities-2024-2025-v1
55912,NC 다이노스,로건,P,pitcher_stuff,11,12,1,KBO_2024_2025,kbo-player-abilities-2024-2025-v1
55912,NC 다이노스,로건,P,pitcher_command,12,13,1,KBO_2024_2025,kbo-player-abilities-2024-2025-v1
55912,NC 다이노스,로건,P,pitcher_movement,10,11,1,KBO_2024_2025,kbo-player-abilities-2024-2025-v1
55912,NC 다이노스,로건,P,pitcher_stamina,20,17,-3,KBO_2024_2025,kbo-player-abilities-2024-2025-v1
55912,NC 다이노스,로건,P,pitcher_strikeout,12,13,1,KBO_2024_2025,kbo-player-abilities-2024-2025-v1
55912,NC 다이노스,로건,P,pitcher_walk_control,14,13,-1,KBO_2024_2025,kbo-player-abilities-2024-2025-v1
55912,NC 다이노스,로건,P,pitcher_composure,12,13,1,KBO_2024_2025,kbo-player-abilities-2024-2025-v1
65949,NC 다이노스,류진욱,P,pitcher_stuff,12,13,1,KBO_2024_2025,kbo-player-abilities-2024-2025-v1
65949,NC 다이노스,류진욱,P,pitcher_movement,13,12,-1,KBO_2024_2025,kbo-player-abilities-2024-2025-v1
65949,NC 다이노스,류진욱,P,pitcher_stamina,10,11,1,KBO_2024_2025,kbo-player-abilities-2024-2025-v1
65949,NC 다이노스,류진욱,P,pitcher_pitchability,14,13,-1,KBO_2024_2025,kbo-player-abilities-2024-2025-v1
65949,NC 다이노스,류진욱,P,pitcher_strikeout,15,14,-1,KBO_2024_2025,kbo-player-abilities-2024-2025-v1
65949,NC 다이노스,류진욱,P,pitcher_walk_control,10,11,1,KBO_2024_2025,kbo-player-abilities-2024-2025-v1
65949,NC 다이노스,류진욱,P,pitcher_composure,17,14,-3,KBO_2024_2025,kbo-player-abilities-2024-2025-v1
53973,NC 다이노스,목지훈,P,pitcher_stuff,8,9,1,KBO_2024_2025,kbo-player-abilities-2024-2025-v1
53973,NC 다이노스,목지훈,P,pitcher_command,6,7,1,KBO_2024_2025,kbo-player-abilities-2024-2025-v1
53973,NC 다이노스,목지훈,P,pitcher_movement,7,10,3,KBO_2024_2025,kbo-player-abilities-2024-2025-v1
53973,NC 다이노스,목지훈,P,pitcher_stamina,15,14,-1,KBO_2024_2025,kbo-player-abilities-2024-2025-v1
53973,NC 다이노스,목지훈,P,pitcher_pitchability,4,7,3,KBO_2024_2025,kbo-player-abilities-2024-2025-v1
53973,NC 다이노스,목지훈,P,pitcher_strikeout,5,8,3,KBO_2024_2025,kbo-player-abilities-2024-2025-v1
53973,NC 다이노스,목지훈,P,pitcher_walk_control,2,6,4,KBO_2024_2025,kbo-player-abilities-2024-2025-v1
53973,NC 다이노스,목지훈,P,pitcher_composure,4,7,3,KBO_2024_2025,kbo-player-abilities-2024-2025-v1
68097,NC 다이노스,박주현,P,pitcher_command,12,11,-1,KBO_2024_2025,kbo-player-abilities-2024-2025-v1
68097,NC 다이노스,박주현,P,pitcher_stamina,6,9,3,KBO_2024_2025,kbo-player-abilities-2024-2025-v1
68097,NC 다이노스,박주현,P,pitcher_pitchability,12,11,-1,KBO_2024_2025,kbo-player-abilities-2024-2025-v1
68097,NC 다이노스,박주현,P,pitcher_strikeout,10,11,1,KBO_2024_2025,kbo-player-abilities-2024-2025-v1
68097,NC 다이노스,박주현,P,pitcher_composure,13,12,-1,KBO_2024_2025,kbo-player-abilities-2024-2025-v1
64995,NC 다이노스,배재환,P,pitcher_stuff,11,12,1,KBO_2024_2025,kbo-player-abilities-2024-2025-v1
64995,NC 다이노스,배재환,P,pitcher_command,7,9,2,KBO_2024_2025,kbo-player-abilities-2024-2025-v1
64995,NC 다이노스,배재환,P,pitcher_movement,16,13,-3,KBO_2024_2025,kbo-player-abilities-2024-2025-v1
64995,NC 다이노스,배재환,P,pitcher_pitchability,9,10,1,KBO_2024_2025,kbo-player-abilities-2024-2025-v1
64995,NC 다이노스,배재환,P,pitcher_strikeout,12,11,-1,KBO_2024_2025,kbo-player-abilities-2024-2025-v1
64995,NC 다이노스,배재환,P,pitcher_walk_control,3,7,4,KBO_2024_2025,kbo-player-abilities-2024-2025-v1
64995,NC 다이노스,배재환,P,pitcher_composure,12,11,-1,KBO_2024_2025,kbo-player-abilities-2024-2025-v1
66068,NC 다이노스,서의태,P,pitcher_stuff,5,9,4,KBO_2024_2025,kbo-player-abilities-2024-2025-v1
66068,NC 다이노스,서의태,P,pitcher_command,3,7,4,KBO_2024_2025,kbo-player-abilities-2024-2025-v1
66068,NC 다이노스,서의태,P,pitcher_movement,7,10,3,KBO_2024_2025,kbo-player-abilities-2024-2025-v1
66068,NC 다이노스,서의태,P,pitcher_stamina,7,9,2,KBO_2024_2025,kbo-player-abilities-2024-2025-v1
66068,NC 다이노스,서의태,P,pitcher_pitchability,4,8,4,KBO_2024_2025,kbo-player-abilities-2024-2025-v1
66068,NC 다이노스,서의태,P,pitcher_strikeout,5,9,4,KBO_2024_2025,kbo-player-abilities-2024-2025-v1
66068,NC 다이노스,서의태,P,pitcher_walk_control,1,7,6,KBO_2024_2025,kbo-player-abilities-2024-2025-v1
66068,NC 다이노스,서의태,P,pitcher_composure,8,10,2,KBO_2024_2025,kbo-player-abilities-2024-2025-v1
67962,NC 다이노스,소이현,P,pitcher_stuff,9,10,1,KBO_2024_2025,kbo-player-abilities-2024-2025-v1
67962,NC 다이노스,소이현,P,pitcher_command,9,10,1,KBO_2024_2025,kbo-player-abilities-2024-2025-v1
67962,NC 다이노스,소이현,P,pitcher_movement,13,12,-1,KBO_2024_2025,kbo-player-abilities-2024-2025-v1
67962,NC 다이노스,소이현,P,pitcher_stamina,9,10,1,KBO_2024_2025,kbo-player-abilities-2024-2025-v1
67962,NC 다이노스,소이현,P,pitcher_pitchability,8,9,1,KBO_2024_2025,kbo-player-abilities-2024-2025-v1
67962,NC 다이노스,소이현,P,pitcher_strikeout,6,9,3,KBO_2024_2025,kbo-player-abilities-2024-2025-v1
67962,NC 다이노스,소이현,P,pitcher_walk_control,5,8,3,KBO_2024_2025,kbo-player-abilities-2024-2025-v1
54904,NC 다이노스,손주환,P,pitcher_stuff,9,10,1,KBO_2024_2025,kbo-player-abilities-2024-2025-v1
54904,NC 다이노스,손주환,P,pitcher_command,13,12,-1,KBO_2024_2025,kbo-player-abilities-2024-2025-v1
54904,NC 다이노스,손주환,P,pitcher_movement,10,11,1,KBO_2024_2025,kbo-player-abilities-2024-2025-v1
54904,NC 다이노스,손주환,P,pitcher_stamina,10,11,1,KBO_2024_2025,kbo-player-abilities-2024-2025-v1
54904,NC 다이노스,손주환,P,pitcher_pitchability,11,12,1,KBO_2024_2025,kbo-player-abilities-2024-2025-v1
54904,NC 다이노스,손주환,P,pitcher_strikeout,7,10,3,KBO_2024_2025,kbo-player-abilities-2024-2025-v1
54904,NC 다이노스,손주환,P,pitcher_walk_control,14,13,-1,KBO_2024_2025,kbo-player-abilities-2024-2025-v1
54904,NC 다이노스,손주환,P,pitcher_composure,13,12,-1,KBO_2024_2025,kbo-player-abilities-2024-2025-v1
68902,NC 다이노스,신민혁,P,pitcher_stuff,6,8,2,KBO_2024_2025,kbo-player-abilities-2024-2025-v1
68902,NC 다이노스,신민혁,P,pitcher_command,14,15,1,KBO_2024_2025,kbo-player-abilities-2024-2025-v1
68902,NC 다이노스,신민혁,P,pitcher_movement,6,7,1,KBO_2024_2025,kbo-player-abilities-2024-2025-v1
68902,NC 다이노스,신민혁,P,pitcher_stamina,18,17,-1,KBO_2024_2025,kbo-player-abilities-2024-2025-v1
68902,NC 다이노스,신민혁,P,pitcher_pitchability,11,12,1,KBO_2024_2025,kbo-player-abilities-2024-2025-v1
68902,NC 다이노스,신민혁,P,pitcher_strikeout,3,6,3,KBO_2024_2025,kbo-player-abilities-2024-2025-v1
68902,NC 다이노스,신민혁,P,pitcher_walk_control,20,18,-2,KBO_2024_2025,kbo-player-abilities-2024-2025-v1
68902,NC 다이노스,신민혁,P,pitcher_composure,12,13,1,KBO_2024_2025,kbo-player-abilities-2024-2025-v1
53919,NC 다이노스,신영우,P,pitcher_command,7,8,1,KBO_2024_2025,kbo-player-abilities-2024-2025-v1
53919,NC 다이노스,신영우,P,pitcher_movement,10,11,1,KBO_2024_2025,kbo-player-abilities-2024-2025-v1
53919,NC 다이노스,신영우,P,pitcher_stamina,10,11,1,KBO_2024_2025,kbo-player-abilities-2024-2025-v1
53919,NC 다이노스,신영우,P,pitcher_pitchability,9,10,1,KBO_2024_2025,kbo-player-abilities-2024-2025-v1
53919,NC 다이노스,신영우,P,pitcher_strikeout,18,15,-3,KBO_2024_2025,kbo-player-abilities-2024-2025-v1
53919,NC 다이노스,신영우,P,pitcher_walk_control,2,6,4,KBO_2024_2025,kbo-player-abilities-2024-2025-v1
53919,NC 다이노스,신영우,P,pitcher_composure,7,8,1,KBO_2024_2025,kbo-player-abilities-2024-2025-v1
54906,NC 다이노스,원종해,P,pitcher_stuff,10,9,-1,FUTURES_2024_2025,kbo-player-abilities-2024-2025-v1
54906,NC 다이노스,원종해,P,pitcher_command,13,11,-2,FUTURES_2024_2025,kbo-player-abilities-2024-2025-v1
54906,NC 다이노스,원종해,P,pitcher_movement,11,10,-1,FUTURES_2024_2025,kbo-player-abilities-2024-2025-v1
54906,NC 다이노스,원종해,P,pitcher_stamina,12,11,-1,FUTURES_2024_2025,kbo-player-abilities-2024-2025-v1
54906,NC 다이노스,원종해,P,pitcher_pitchability,11,10,-1,FUTURES_2024_2025,kbo-player-abilities-2024-2025-v1
54906,NC 다이노스,원종해,P,pitcher_strikeout,6,7,1,FUTURES_2024_2025,kbo-player-abilities-2024-2025-v1
54906,NC 다이노스,원종해,P,pitcher_walk_control,15,12,-3,FUTURES_2024_2025,kbo-player-abilities-2024-2025-v1
54906,NC 다이노스,원종해,P,pitcher_composure,7,8,1,FUTURES_2024_2025,kbo-player-abilities-2024-2025-v1
55997,NC 다이노스,이세민,P,pitcher_command,10,9,-1,FUTURES_2024_2025,kbo-player-abilities-2024-2025-v1
55997,NC 다이노스,이세민,P,pitcher_stamina,14,11,-3,FUTURES_2024_2025,kbo-player-abilities-2024-2025-v1
55997,NC 다이노스,이세민,P,pitcher_pitchability,10,9,-1,FUTURES_2024_2025,kbo-player-abilities-2024-2025-v1
55997,NC 다이노스,이세민,P,pitcher_strikeout,13,10,-3,FUTURES_2024_2025,kbo-player-abilities-2024-2025-v1
55997,NC 다이노스,이세민,P,pitcher_walk_control,9,8,-1,FUTURES_2024_2025,kbo-player-abilities-2024-2025-v1
55997,NC 다이노스,이세민,P,pitcher_composure,12,10,-2,FUTURES_2024_2025,kbo-player-abilities-2024-2025-v1
77211,NC 다이노스,이용찬,P,pitcher_stuff,10,11,1,KBO_2024_2025,kbo-player-abilities-2024-2025-v1
77211,NC 다이노스,이용찬,P,pitcher_command,7,10,3,KBO_2024_2025,kbo-player-abilities-2024-2025-v1
77211,NC 다이노스,이용찬,P,pitcher_stamina,9,10,1,KBO_2024_2025,kbo-player-abilities-2024-2025-v1
77211,NC 다이노스,이용찬,P,pitcher_pitchability,7,10,3,KBO_2024_2025,kbo-player-abilities-2024-2025-v1
77211,NC 다이노스,이용찬,P,pitcher_strikeout,10,11,1,KBO_2024_2025,kbo-player-abilities-2024-2025-v1
77211,NC 다이노스,이용찬,P,pitcher_walk_control,6,9,3,KBO_2024_2025,kbo-player-abilities-2024-2025-v1
77211,NC 다이노스,이용찬,P,pitcher_composure,3,7,4,KBO_2024_2025,kbo-player-abilities-2024-2025-v1
60263,NC 다이노스,이재학,P,pitcher_stuff,8,11,3,KBO_2024_2025,kbo-player-abilities-2024-2025-v1
60263,NC 다이노스,이재학,P,pitcher_command,8,11,3,KBO_2024_2025,kbo-player-abilities-2024-2025-v1
60263,NC 다이노스,이재학,P,pitcher_movement,8,9,1,KBO_2024_2025,kbo-player-abilities-2024-2025-v1
60263,NC 다이노스,이재학,P,pitcher_stamina,8,12,4,KBO_2024_2025,kbo-player-abilities-2024-2025-v1
60263,NC 다이노스,이재학,P,pitcher_pitchability,8,11,3,KBO_2024_2025,kbo-player-abilities-2024-2025-v1
60263,NC 다이노스,이재학,P,pitcher_strikeout,8,11,3,KBO_2024_2025,kbo-player-abilities-2024-2025-v1
60263,NC 다이노스,이재학,P,pitcher_walk_control,8,11,3,KBO_2024_2025,kbo-player-abilities-2024-2025-v1
60263,NC 다이노스,이재학,P,pitcher_composure,8,10,2,KBO_2024_2025,kbo-player-abilities-2024-2025-v1
52992,NC 다이노스,이준혁,P,pitcher_stuff,7,9,2,KBO_2024_2025,kbo-player-abilities-2024-2025-v1
52992,NC 다이노스,이준혁,P,pitcher_command,8,9,1,KBO_2024_2025,kbo-player-abilities-2024-2025-v1
52992,NC 다이노스,이준혁,P,pitcher_movement,4,7,3,KBO_2024_2025,kbo-player-abilities-2024-2025-v1
52992,NC 다이노스,이준혁,P,pitcher_stamina,11,12,1,KBO_2024_2025,kbo-player-abilities-2024-2025-v1
52992,NC 다이노스,이준혁,P,pitcher_pitchability,6,9,3,KBO_2024_2025,kbo-player-abilities-2024-2025-v1
52992,NC 다이노스,이준혁,P,pitcher_strikeout,9,10,1,KBO_2024_2025,kbo-player-abilities-2024-2025-v1
52992,NC 다이노스,이준혁,P,pitcher_walk_control,7,9,2,KBO_2024_2025,kbo-player-abilities-2024-2025-v1
52992,NC 다이노스,이준혁,P,pitcher_composure,4,8,4,KBO_2024_2025,kbo-player-abilities-2024-2025-v1
54900,NC 다이노스,임상현,P,pitcher_command,8,9,1,KBO_2024_2025,kbo-player-abilities-2024-2025-v1
54900,NC 다이노스,임상현,P,pitcher_stamina,9,11,2,KBO_2024_2025,kbo-player-abilities-2024-2025-v1
54900,NC 다이노스,임상현,P,pitcher_pitchability,7,8,1,KBO_2024_2025,kbo-player-abilities-2024-2025-v1
54900,NC 다이노스,임상현,P,pitcher_strikeout,9,8,-1,KBO_2024_2025,kbo-player-abilities-2024-2025-v1
54900,NC 다이노스,임상현,P,pitcher_walk_control,7,8,1,KBO_2024_2025,kbo-player-abilities-2024-2025-v1
54900,NC 다이노스,임상현,P,pitcher_composure,7,8,1,KBO_2024_2025,kbo-player-abilities-2024-2025-v1
63959,NC 다이노스,임정호,P,pitcher_stuff,8,11,3,KBO_2024_2025,kbo-player-abilities-2024-2025-v1
63959,NC 다이노스,임정호,P,pitcher_command,11,12,1,KBO_2024_2025,kbo-player-abilities-2024-2025-v1
63959,NC 다이노스,임정호,P,pitcher_movement,8,11,3,KBO_2024_2025,kbo-player-abilities-2024-2025-v1
63959,NC 다이노스,임정호,P,pitcher_stamina,8,9,1,KBO_2024_2025,kbo-player-abilities-2024-2025-v1
63959,NC 다이노스,임정호,P,pitcher_pitchability,10,11,1,KBO_2024_2025,kbo-player-abilities-2024-2025-v1
63959,NC 다이노스,임정호,P,pitcher_strikeout,10,11,1,KBO_2024_2025,kbo-player-abilities-2024-2025-v1
63959,NC 다이노스,임정호,P,pitcher_composure,11,12,1,KBO_2024_2025,kbo-player-abilities-2024-2025-v1
52902,NC 다이노스,임지민,P,pitcher_stuff,13,12,-1,KBO_2024_2025,kbo-player-abilities-2024-2025-v1
52902,NC 다이노스,임지민,P,pitcher_command,10,11,1,KBO_2024_2025,kbo-player-abilities-2024-2025-v1
52902,NC 다이노스,임지민,P,pitcher_movement,15,12,-3,KBO_2024_2025,kbo-player-abilities-2024-2025-v1
52902,NC 다이노스,임지민,P,pitcher_stamina,8,10,2,KBO_2024_2025,kbo-player-abilities-2024-2025-v1
52902,NC 다이노스,임지민,P,pitcher_pitchability,13,12,-1,KBO_2024_2025,kbo-player-abilities-2024-2025-v1
52902,NC 다이노스,임지민,P,pitcher_strikeout,17,14,-3,KBO_2024_2025,kbo-player-abilities-2024-2025-v1
52902,NC 다이노스,임지민,P,pitcher_walk_control,5,9,4,KBO_2024_2025,kbo-player-abilities-2024-2025-v1
52902,NC 다이노스,임지민,P,pitcher_composure,14,12,-2,KBO_2024_2025,kbo-player-abilities-2024-2025-v1
69204,NC 다이노스,전루건,P,pitcher_stuff,5,8,3,KBO_2024_2025,kbo-player-abilities-2024-2025-v1
69204,NC 다이노스,전루건,P,pitcher_command,2,7,5,KBO_2024_2025,kbo-player-abilities-2024-2025-v1
69204,NC 다이노스,전루건,P,pitcher_movement,10,11,1,KBO_2024_2025,kbo-player-abilities-2024-2025-v1
69204,NC 다이노스,전루건,P,pitcher_stamina,8,9,1,KBO_2024_2025,kbo-player-abilities-2024-2025-v1
69204,NC 다이노스,전루건,P,pitcher_pitchability,2,7,5,KBO_2024_2025,kbo-player-abilities-2024-2025-v1
69204,NC 다이노스,전루건,P,pitcher_strikeout,2,7,5,KBO_2024_2025,kbo-player-abilities-2024-2025-v1
69204,NC 다이노스,전루건,P,pitcher_walk_control,1,7,6,KBO_2024_2025,kbo-player-abilities-2024-2025-v1
69204,NC 다이노스,전루건,P,pitcher_composure,6,9,3,KBO_2024_2025,kbo-player-abilities-2024-2025-v1
69969,NC 다이노스,전사민,P,pitcher_movement,15,14,-1,KBO_2024_2025,kbo-player-abilities-2024-2025-v1
69969,NC 다이노스,전사민,P,pitcher_stamina,10,11,1,KBO_2024_2025,kbo-player-abilities-2024-2025-v1
69969,NC 다이노스,전사민,P,pitcher_pitchability,12,11,-1,KBO_2024_2025,kbo-player-abilities-2024-2025-v1
69969,NC 다이노스,전사민,P,pitcher_strikeout,6,9,3,KBO_2024_2025,kbo-player-abilities-2024-2025-v1
69969,NC 다이노스,전사민,P,pitcher_walk_control,13,12,-1,KBO_2024_2025,kbo-player-abilities-2024-2025-v1
69969,NC 다이노스,전사민,P,pitcher_composure,13,12,-1,KBO_2024_2025,kbo-player-abilities-2024-2025-v1
52903,NC 다이노스,조민석,P,pitcher_stuff,6,9,3,KBO_2024_2025,kbo-player-abilities-2024-2025-v1
52903,NC 다이노스,조민석,P,pitcher_command,7,9,2,KBO_2024_2025,kbo-player-abilities-2024-2025-v1
52903,NC 다이노스,조민석,P,pitcher_movement,5,8,3,KBO_2024_2025,kbo-player-abilities-2024-2025-v1
52903,NC 다이노스,조민석,P,pitcher_pitchability,4,8,4,KBO_2024_2025,kbo-player-abilities-2024-2025-v1
52903,NC 다이노스,조민석,P,pitcher_strikeout,2,7,5,KBO_2024_2025,kbo-player-abilities-2024-2025-v1
52903,NC 다이노스,조민석,P,pitcher_walk_control,4,8,4,KBO_2024_2025,kbo-player-abilities-2024-2025-v1
52903,NC 다이노스,조민석,P,pitcher_composure,7,9,2,KBO_2024_2025,kbo-player-abilities-2024-2025-v1
66920,NC 다이노스,최성영,P,pitcher_stuff,7,8,1,KBO_2024_2025,kbo-player-abilities-2024-2025-v1
66920,NC 다이노스,최성영,P,pitcher_command,7,9,2,KBO_2024_2025,kbo-player-abilities-2024-2025-v1
66920,NC 다이노스,최성영,P,pitcher_movement,5,8,3,KBO_2024_2025,kbo-player-abilities-2024-2025-v1
66920,NC 다이노스,최성영,P,pitcher_stamina,11,12,1,KBO_2024_2025,kbo-player-abilities-2024-2025-v1
66920,NC 다이노스,최성영,P,pitcher_pitchability,4,7,3,KBO_2024_2025,kbo-player-abilities-2024-2025-v1
66920,NC 다이노스,최성영,P,pitcher_strikeout,4,7,3,KBO_2024_2025,kbo-player-abilities-2024-2025-v1
66920,NC 다이노스,최성영,P,pitcher_walk_control,6,9,3,KBO_2024_2025,kbo-player-abilities-2024-2025-v1
66920,NC 다이노스,최성영,P,pitcher_composure,4,7,3,KBO_2024_2025,kbo-player-abilities-2024-2025-v1
54903,NC 다이노스,최우석,P,pitcher_stuff,12,11,-1,KBO_2024_2025,kbo-player-abilities-2024-2025-v1
54903,NC 다이노스,최우석,P,pitcher_command,9,10,1,KBO_2024_2025,kbo-player-abilities-2024-2025-v1
54903,NC 다이노스,최우석,P,pitcher_stamina,9,10,1,KBO_2024_2025,kbo-player-abilities-2024-2025-v1
54903,NC 다이노스,최우석,P,pitcher_pitchability,10,11,1,KBO_2024_2025,kbo-player-abilities-2024-2025-v1
54903,NC 다이노스,최우석,P,pitcher_strikeout,14,13,-1,KBO_2024_2025,kbo-player-abilities-2024-2025-v1
54903,NC 다이노스,최우석,P,pitcher_walk_control,9,10,1,KBO_2024_2025,kbo-player-abilities-2024-2025-v1
54903,NC 다이노스,최우석,P,pitcher_composure,6,9,3,KBO_2024_2025,kbo-player-abilities-2024-2025-v1
68639,NC 다이노스,하준영,P,pitcher_command,7,9,2,KBO_2024_2025,kbo-player-abilities-2024-2025-v1
68639,NC 다이노스,하준영,P,pitcher_stamina,8,9,1,KBO_2024_2025,kbo-player-abilities-2024-2025-v1
68639,NC 다이노스,하준영,P,pitcher_pitchability,7,9,2,KBO_2024_2025,kbo-player-abilities-2024-2025-v1
68639,NC 다이노스,하준영,P,pitcher_strikeout,10,11,1,KBO_2024_2025,kbo-player-abilities-2024-2025-v1
68639,NC 다이노스,하준영,P,pitcher_walk_control,5,8,3,KBO_2024_2025,kbo-player-abilities-2024-2025-v1
68639,NC 다이노스,하준영,P,pitcher_composure,7,10,3,KBO_2024_2025,kbo-player-abilities-2024-2025-v1
55996,NC 다이노스,홍재문,P,pitcher_stuff,10,9,-1,FUTURES_2024_2025,kbo-player-abilities-2024-2025-v1
55996,NC 다이노스,홍재문,P,pitcher_command,15,12,-3,FUTURES_2024_2025,kbo-player-abilities-2024-2025-v1
55996,NC 다이노스,홍재문,P,pitcher_pitchability,14,11,-3,FUTURES_2024_2025,kbo-player-abilities-2024-2025-v1
55996,NC 다이노스,홍재문,P,pitcher_strikeout,15,11,-4,FUTURES_2024_2025,kbo-player-abilities-2024-2025-v1
55996,NC 다이노스,홍재문,P,pitcher_walk_control,16,12,-4,FUTURES_2024_2025,kbo-player-abilities-2024-2025-v1
55996,NC 다이노스,홍재문,P,pitcher_composure,12,10,-2,FUTURES_2024_2025,kbo-player-abilities-2024-2025-v1
54810,SSG 랜더스,김규민,C,contact,5,8,3,FUTURES_2024_2025,kbo-player-abilities-2024-2025-v1
54810,SSG 랜더스,김규민,C,power,9,10,1,FUTURES_2024_2025,kbo-player-abilities-2024-2025-v1
54810,SSG 랜더스,김규민,C,plate_discipline,3,6,3,FUTURES_2024_2025,kbo-player-abilities-2024-2025-v1
54810,SSG 랜더스,김규민,C,bat_control,4,7,3,FUTURES_2024_2025,kbo-player-abilities-2024-2025-v1
54810,SSG 랜더스,김규민,C,timing,7,8,1,FUTURES_2024_2025,kbo-player-abilities-2024-2025-v1
54810,SSG 랜더스,김규민,C,baserunning_judgment,9,8,-1,FUTURES_2024_2025,kbo-player-abilities-2024-2025-v1
62864,SSG 랜더스,김민식,C,contact,7,9,2,KBO_2024_2025,kbo-player-abilities-2024-2025-v1
62864,SSG 랜더스,김민식,C,power,7,10,3,KBO_2024_2025,kbo-player-abilities-2024-2025-v1
62864,SSG 랜더스,김민식,C,plate_discipline,9,12,3,KBO_2024_2025,kbo-player-abilities-2024-2025-v1
62864,SSG 랜더스,김민식,C,bat_control,7,9,2,KBO_2024_2025,kbo-player-abilities-2024-2025-v1
62864,SSG 랜더스,김민식,C,timing,9,10,1,KBO_2024_2025,kbo-player-abilities-2024-2025-v1
62864,SSG 랜더스,김민식,C,speed,8,9,1,KBO_2024_2025,kbo-player-abilities-2024-2025-v1
66662,SSG 랜더스,신범수,C,power,13,12,-1,KBO_2024_2025,kbo-player-abilities-2024-2025-v1
66662,SSG 랜더스,신범수,C,baserunning_judgment,11,10,-1,KBO_2024_2025,kbo-player-abilities-2024-2025-v1
55832,SSG 랜더스,이율예,C,contact,10,11,1,KBO_2024_2025,kbo-player-abilities-2024-2025-v1
55832,SSG 랜더스,이율예,C,power,12,11,-1,KBO_2024_2025,kbo-player-abilities-2024-2025-v1
55832,SSG 랜더스,이율예,C,plate_discipline,9,10,1,KBO_2024_2025,kbo-player-abilities-2024-2025-v1
55832,SSG 랜더스,이율예,C,bat_control,10,11,1,KBO_2024_2025,kbo-player-abilities-2024-2025-v1
55832,SSG 랜더스,이율예,C,timing,10,11,1,KBO_2024_2025,kbo-player-abilities-2024-2025-v1
79456,SSG 랜더스,이지영,C,contact,12,13,1,KBO_2024_2025,kbo-player-abilities-2024-2025-v1
79456,SSG 랜더스,이지영,C,power,11,10,-1,KBO_2024_2025,kbo-player-abilities-2024-2025-v1
79456,SSG 랜더스,이지영,C,timing,11,12,1,KBO_2024_2025,kbo-player-abilities-2024-2025-v1
79456,SSG 랜더스,이지영,C,baserunning_judgment,11,13,2,KBO_2024_2025,kbo-player-abilities-2024-2025-v1
51865,SSG 랜더스,조형우,C,contact,9,10,1,KBO_2024_2025,kbo-player-abilities-2024-2025-v1
51865,SSG 랜더스,조형우,C,power,9,10,1,KBO_2024_2025,kbo-player-abilities-2024-2025-v1
51865,SSG 랜더스,조형우,C,plate_discipline,8,9,1,KBO_2024_2025,kbo-player-abilities-2024-2025-v1
51865,SSG 랜더스,조형우,C,bat_control,9,10,1,KBO_2024_2025,kbo-player-abilities-2024-2025-v1
51865,SSG 랜더스,조형우,C,timing,8,10,2,KBO_2024_2025,kbo-player-abilities-2024-2025-v1
51865,SSG 랜더스,조형우,C,baserunning_judgment,9,8,-1,KBO_2024_2025,kbo-player-abilities-2024-2025-v1
51868,SSG 랜더스,고명준,IF,contact,15,14,-1,KBO_2024_2025,kbo-player-abilities-2024-2025-v1
51868,SSG 랜더스,고명준,IF,power,16,15,-1,KBO_2024_2025,kbo-player-abilities-2024-2025-v1
51868,SSG 랜더스,고명준,IF,plate_discipline,7,8,1,KBO_2024_2025,kbo-player-abilities-2024-2025-v1
51868,SSG 랜더스,고명준,IF,timing,12,13,1,KBO_2024_2025,kbo-player-abilities-2024-2025-v1
51868,SSG 랜더스,고명준,IF,baserunning_judgment,14,12,-2,KBO_2024_2025,kbo-player-abilities-2024-2025-v1
50848,SSG 랜더스,김성민,IF,plate_discipline,10,8,-2,FUTURES_2024_2025,kbo-player-abilities-2024-2025-v1
50848,SSG 랜더스,김성민,IF,bat_control,10,9,-1,FUTURES_2024_2025,kbo-player-abilities-2024-2025-v1
50848,SSG 랜더스,김성민,IF,timing,10,9,-1,FUTURES_2024_2025,kbo-player-abilities-2024-2025-v1
50848,SSG 랜더스,김성민,IF,baserunning_judgment,9,8,-1,FUTURES_2024_2025,kbo-player-abilities-2024-2025-v1
76802,SSG 랜더스,김성현,IF,power,10,9,-1,KBO_2024_2025,kbo-player-abilities-2024-2025-v1
76802,SSG 랜더스,김성현,IF,plate_discipline,15,14,-1,KBO_2024_2025,kbo-player-abilities-2024-2025-v1
76802,SSG 랜더스,김성현,IF,bat_control,12,11,-1,KBO_2024_2025,kbo-player-abilities-2024-2025-v1
76802,SSG 랜더스,김성현,IF,timing,10,11,1,KBO_2024_2025,kbo-player-abilities-2024-2025-v1
76802,SSG 랜더스,김성현,IF,baserunning_judgment,11,12,1,KBO_2024_2025,kbo-player-abilities-2024-2025-v1
67900,SSG 랜더스,김수윤,IF,contact,7,9,2,KBO_2024_2025,kbo-player-abilities-2024-2025-v1
67900,SSG 랜더스,김수윤,IF,power,7,9,2,KBO_2024_2025,kbo-player-abilities-2024-2025-v1
67900,SSG 랜더스,김수윤,IF,plate_discipline,7,10,3,KBO_2024_2025,kbo-player-abilities-2024-2025-v1
67900,SSG 랜더스,김수윤,IF,bat_control,9,10,1,KBO_2024_2025,kbo-player-abilities-2024-2025-v1
67900,SSG 랜더스,김수윤,IF,timing,9,10,1,KBO_2024_2025,kbo-player-abilities-2024-2025-v1
66917,SSG 랜더스,김찬형,IF,contact,8,9,1,KBO_2024_2025,kbo-player-abilities-2024-2025-v1
66917,SSG 랜더스,김찬형,IF,power,6,9,3,KBO_2024_2025,kbo-player-abilities-2024-2025-v1
66917,SSG 랜더스,김찬형,IF,plate_discipline,6,9,3,KBO_2024_2025,kbo-player-abilities-2024-2025-v1
66917,SSG 랜더스,김찬형,IF,bat_control,8,9,1,KBO_2024_2025,kbo-player-abilities-2024-2025-v1
66917,SSG 랜더스,김찬형,IF,timing,7,9,2,KBO_2024_2025,kbo-player-abilities-2024-2025-v1
66917,SSG 랜더스,김찬형,IF,speed,10,9,-1,KBO_2024_2025,kbo-player-abilities-2024-2025-v1
52803,SSG 랜더스,김태윤,IF,contact,10,11,1,KBO_2024_2025,kbo-player-abilities-2024-2025-v1
52803,SSG 랜더스,김태윤,IF,power,10,11,1,KBO_2024_2025,kbo-player-abilities-2024-2025-v1
52803,SSG 랜더스,김태윤,IF,plate_discipline,10,11,1,KBO_2024_2025,kbo-player-abilities-2024-2025-v1
52803,SSG 랜더스,김태윤,IF,bat_control,10,11,1,KBO_2024_2025,kbo-player-abilities-2024-2025-v1
67893,SSG 랜더스,박성한,IF,contact,16,15,-1,KBO_2024_2025,kbo-player-abilities-2024-2025-v1
67893,SSG 랜더스,박성한,IF,power,15,13,-2,KBO_2024_2025,kbo-player-abilities-2024-2025-v1
67893,SSG 랜더스,박성한,IF,plate_discipline,18,17,-1,KBO_2024_2025,kbo-player-abilities-2024-2025-v1
67893,SSG 랜더스,박성한,IF,bat_control,16,15,-1,KBO_2024_2025,kbo-player-abilities-2024-2025-v1
67893,SSG 랜더스,박성한,IF,timing,16,15,-1,KBO_2024_2025,kbo-player-abilities-2024-2025-v1
67893,SSG 랜더스,박성한,IF,baserunning_judgment,10,12,2,KBO_2024_2025,kbo-player-abilities-2024-2025-v1
54805,SSG 랜더스,박지환,IF,contact,7,10,3,KBO_2024_2025,kbo-player-abilities-2024-2025-v1
54805,SSG 랜더스,박지환,IF,power,5,8,3,KBO_2024_2025,kbo-player-abilities-2024-2025-v1
54805,SSG 랜더스,박지환,IF,plate_discipline,7,8,1,KBO_2024_2025,kbo-player-abilities-2024-2025-v1
54805,SSG 랜더스,박지환,IF,bat_control,7,10,3,KBO_2024_2025,kbo-player-abilities-2024-2025-v1
54805,SSG 랜더스,박지환,IF,timing,7,9,2,KBO_2024_2025,kbo-player-abilities-2024-2025-v1
54805,SSG 랜더스,박지환,IF,speed,11,12,1,KBO_2024_2025,kbo-player-abilities-2024-2025-v1
54805,SSG 랜더스,박지환,IF,baserunning_judgment,10,12,2,KBO_2024_2025,kbo-player-abilities-2024-2025-v1
52804,SSG 랜더스,석정우,IF,power,13,12,-1,KBO_2024_2025,kbo-player-abilities-2024-2025-v1
52804,SSG 랜더스,석정우,IF,bat_control,10,11,1,KBO_2024_2025,kbo-player-abilities-2024-2025-v1
66864,SSG 랜더스,안상현,IF,plate_discipline,7,8,1,KBO_2024_2025,kbo-player-abilities-2024-2025-v1
66864,SSG 랜더스,안상현,IF,bat_control,8,10,2,KBO_2024_2025,kbo-player-abilities-2024-2025-v1
66864,SSG 랜더스,안상현,IF,timing,8,10,2,KBO_2024_2025,kbo-player-abilities-2024-2025-v1
66864,SSG 랜더스,안상현,IF,speed,15,14,-1,KBO_2024_2025,kbo-player-abilities-2024-2025-v1
66864,SSG 랜더스,안상현,IF,baserunning_judgment,12,13,1,KBO_2024_2025,kbo-player-abilities-2024-2025-v1
54812,SSG 랜더스,정준재,IF,contact,12,13,1,KBO_2024_2025,kbo-player-abilities-2024-2025-v1
54812,SSG 랜더스,정준재,IF,power,8,9,1,KBO_2024_2025,kbo-player-abilities-2024-2025-v1
54812,SSG 랜더스,정준재,IF,plate_discipline,15,14,-1,KBO_2024_2025,kbo-player-abilities-2024-2025-v1
54812,SSG 랜더스,정준재,IF,bat_control,12,13,1,KBO_2024_2025,kbo-player-abilities-2024-2025-v1
54812,SSG 랜더스,정준재,IF,timing,11,12,1,KBO_2024_2025,kbo-player-abilities-2024-2025-v1
54812,SSG 랜더스,정준재,IF,speed,16,15,-1,KBO_2024_2025,kbo-player-abilities-2024-2025-v1
54812,SSG 랜더스,정준재,IF,baserunning_judgment,12,14,2,KBO_2024_2025,kbo-player-abilities-2024-2025-v1
55894,SSG 랜더스,최윤석,IF,contact,4,7,3,FUTURES_2024_2025,kbo-player-abilities-2024-2025-v1
55894,SSG 랜더스,최윤석,IF,power,3,6,3,FUTURES_2024_2025,kbo-player-abilities-2024-2025-v1
55894,SSG 랜더스,최윤석,IF,plate_discipline,4,7,3,FUTURES_2024_2025,kbo-player-abilities-2024-2025-v1
55894,SSG 랜더스,최윤석,IF,bat_control,5,7,2,FUTURES_2024_2025,kbo-player-abilities-2024-2025-v1
55894,SSG 랜더스,최윤석,IF,timing,6,7,1,FUTURES_2024_2025,kbo-player-abilities-2024-2025-v1
55894,SSG 랜더스,최윤석,IF,speed,8,9,1,FUTURES_2024_2025,kbo-player-abilities-2024-2025-v1
55894,SSG 랜더스,최윤석,IF,baserunning_judgment,9,10,1,FUTURES_2024_2025,kbo-player-abilities-2024-2025-v1
75847,SSG 랜더스,최정,IF,contact,13,12,-1,KBO_2024_2025,kbo-player-abilities-2024-2025-v1
75847,SSG 랜더스,최정,IF,power,19,18,-1,KBO_2024_2025,kbo-player-abilities-2024-2025-v1
75847,SSG 랜더스,최정,IF,plate_discipline,16,15,-1,KBO_2024_2025,kbo-player-abilities-2024-2025-v1
75847,SSG 랜더스,최정,IF,timing,14,13,-1,KBO_2024_2025,kbo-player-abilities-2024-2025-v1
75847,SSG 랜더스,최정,IF,speed,10,11,1,KBO_2024_2025,kbo-player-abilities-2024-2025-v1
68868,SSG 랜더스,최준우,IF,contact,7,8,1,KBO_2024_2025,kbo-player-abilities-2024-2025-v1
68868,SSG 랜더스,최준우,IF,power,8,9,1,KBO_2024_2025,kbo-player-abilities-2024-2025-v1
68868,SSG 랜더스,최준우,IF,plate_discipline,14,15,1,KBO_2024_2025,kbo-player-abilities-2024-2025-v1
68868,SSG 랜더스,최준우,IF,bat_control,8,9,1,KBO_2024_2025,kbo-player-abilities-2024-2025-v1
68868,SSG 랜더스,최준우,IF,timing,9,10,1,KBO_2024_2025,kbo-player-abilities-2024-2025-v1
68868,SSG 랜더스,최준우,IF,speed,11,12,1,KBO_2024_2025,kbo-player-abilities-2024-2025-v1
68868,SSG 랜더스,최준우,IF,baserunning_judgment,12,13,1,KBO_2024_2025,kbo-player-abilities-2024-2025-v1
50840,SSG 랜더스,현원회,IF,power,10,11,1,KBO_2024_2025,kbo-player-abilities-2024-2025-v1
50840,SSG 랜더스,현원회,IF,plate_discipline,9,10,1,KBO_2024_2025,kbo-player-abilities-2024-2025-v1
50840,SSG 랜더스,현원회,IF,bat_control,10,11,1,KBO_2024_2025,kbo-player-abilities-2024-2025-v1
50840,SSG 랜더스,현원회,IF,timing,10,11,1,KBO_2024_2025,kbo-player-abilities-2024-2025-v1
50840,SSG 랜더스,현원회,IF,baserunning_judgment,11,10,-1,KBO_2024_2025,kbo-player-abilities-2024-2025-v1
55897,SSG 랜더스,홍대인,IF,contact,10,11,1,KBO_2024_2025,kbo-player-abilities-2024-2025-v1
55897,SSG 랜더스,홍대인,IF,power,10,11,1,KBO_2024_2025,kbo-player-abilities-2024-2025-v1
55897,SSG 랜더스,홍대인,IF,plate_discipline,10,11,1,KBO_2024_2025,kbo-player-abilities-2024-2025-v1
55897,SSG 랜더스,홍대인,IF,bat_control,10,11,1,KBO_2024_2025,kbo-player-abilities-2024-2025-v1
62934,SSG 랜더스,김성욱,OF,contact,6,8,2,KBO_2024_2025,kbo-player-abilities-2024-2025-v1
62934,SSG 랜더스,김성욱,OF,power,9,12,3,KBO_2024_2025,kbo-player-abilities-2024-2025-v1
62934,SSG 랜더스,김성욱,OF,plate_discipline,6,9,3,KBO_2024_2025,kbo-player-abilities-2024-2025-v1
62934,SSG 랜더스,김성욱,OF,bat_control,7,9,2,KBO_2024_2025,kbo-player-abilities-2024-2025-v1
62934,SSG 랜더스,김성욱,OF,timing,7,9,2,KBO_2024_2025,kbo-player-abilities-2024-2025-v1
62934,SSG 랜더스,김성욱,OF,speed,12,13,1,KBO_2024_2025,kbo-player-abilities-2024-2025-v1
62934,SSG 랜더스,김성욱,OF,baserunning_judgment,10,12,2,KBO_2024_2025,kbo-player-abilities-2024-2025-v1
69825,SSG 랜더스,김창평,OF,contact,10,11,1,KBO_2024_2025,kbo-player-abilities-2024-2025-v1
69825,SSG 랜더스,김창평,OF,power,10,11,1,KBO_2024_2025,kbo-player-abilities-2024-2025-v1
69825,SSG 랜더스,김창평,OF,plate_discipline,12,11,-1,KBO_2024_2025,kbo-player-abilities-2024-2025-v1
69825,SSG 랜더스,김창평,OF,speed,8,10,2,KBO_2024_2025,kbo-player-abilities-2024-2025-v1
69825,SSG 랜더스,김창평,OF,baserunning_judgment,9,10,1,KBO_2024_2025,kbo-player-abilities-2024-2025-v1
50868,SSG 랜더스,류효승,OF,power,15,14,-1,KBO_2024_2025,kbo-player-abilities-2024-2025-v1
50868,SSG 랜더스,류효승,OF,baserunning_judgment,11,10,-1,KBO_2024_2025,kbo-player-abilities-2024-2025-v1
51860,SSG 랜더스,박정빈,OF,contact,13,11,-2,FUTURES_2024_2025,kbo-player-abilities-2024-2025-v1
51860,SSG 랜더스,박정빈,OF,power,12,9,-3,FUTURES_2024_2025,kbo-player-abilities-2024-2025-v1
51860,SSG 랜더스,박정빈,OF,plate_discipline,13,11,-2,FUTURES_2024_2025,kbo-player-abilities-2024-2025-v1
51860,SSG 랜더스,박정빈,OF,bat_control,13,11,-2,FUTURES_2024_2025,kbo-player-abilities-2024-2025-v1
51860,SSG 랜더스,박정빈,OF,timing,12,11,-1,FUTURES_2024_2025,kbo-player-abilities-2024-2025-v1
51860,SSG 랜더스,박정빈,OF,speed,9,10,1,FUTURES_2024_2025,kbo-player-abilities-2024-2025-v1
51860,SSG 랜더스,박정빈,OF,baserunning_judgment,9,10,1,FUTURES_2024_2025,kbo-player-abilities-2024-2025-v1
53827,SSG 랜더스,에레디아,OF,contact,18,17,-1,KBO_2024_2025,kbo-player-abilities-2024-2025-v1
53827,SSG 랜더스,에레디아,OF,power,17,16,-1,KBO_2024_2025,kbo-player-abilities-2024-2025-v1
53827,SSG 랜더스,에레디아,OF,plate_discipline,12,11,-1,KBO_2024_2025,kbo-player-abilities-2024-2025-v1
53827,SSG 랜더스,에레디아,OF,bat_control,16,15,-1,KBO_2024_2025,kbo-player-abilities-2024-2025-v1
53827,SSG 랜더스,에레디아,OF,timing,15,16,1,KBO_2024_2025,kbo-player-abilities-2024-2025-v1
60558,SSG 랜더스,오태곤,OF,contact,9,10,1,KBO_2024_2025,kbo-player-abilities-2024-2025-v1
60558,SSG 랜더스,오태곤,OF,power,13,14,1,KBO_2024_2025,kbo-player-abilities-2024-2025-v1
60558,SSG 랜더스,오태곤,OF,plate_discipline,16,15,-1,KBO_2024_2025,kbo-player-abilities-2024-2025-v1
60558,SSG 랜더스,오태곤,OF,speed,14,15,1,KBO_2024_2025,kbo-player-abilities-2024-2025-v1
60558,SSG 랜더스,오태곤,OF,baserunning_judgment,11,13,2,KBO_2024_2025,kbo-player-abilities-2024-2025-v1
54806,SSG 랜더스,이승민,OF,contact,10,11,1,KBO_2024_2025,kbo-player-abilities-2024-2025-v1
54806,SSG 랜더스,이승민,OF,power,10,11,1,KBO_2024_2025,kbo-player-abilities-2024-2025-v1
54806,SSG 랜더스,이승민,OF,plate_discipline,10,11,1,KBO_2024_2025,kbo-player-abilities-2024-2025-v1
54806,SSG 랜더스,이승민,OF,bat_control,10,11,1,KBO_2024_2025,kbo-player-abilities-2024-2025-v1
67807,SSG 랜더스,이정범,OF,contact,10,11,1,KBO_2024_2025,kbo-player-abilities-2024-2025-v1
67807,SSG 랜더스,이정범,OF,power,10,11,1,KBO_2024_2025,kbo-player-abilities-2024-2025-v1
67807,SSG 랜더스,이정범,OF,plate_discipline,10,11,1,KBO_2024_2025,kbo-player-abilities-2024-2025-v1
67807,SSG 랜더스,이정범,OF,bat_control,10,11,1,KBO_2024_2025,kbo-player-abilities-2024-2025-v1
52807,SSG 랜더스,임근우,OF,contact,10,11,1,KBO_2024_2025,kbo-player-abilities-2024-2025-v1
52807,SSG 랜더스,임근우,OF,power,10,11,1,KBO_2024_2025,kbo-player-abilities-2024-2025-v1
52807,SSG 랜더스,임근우,OF,plate_discipline,10,11,1,KBO_2024_2025,kbo-player-abilities-2024-2025-v1
52807,SSG 랜더스,임근우,OF,bat_control,10,11,1,KBO_2024_2025,kbo-player-abilities-2024-2025-v1
69804,SSG 랜더스,채현우,OF,contact,7,9,2,KBO_2024_2025,kbo-player-abilities-2024-2025-v1
69804,SSG 랜더스,채현우,OF,power,10,11,1,KBO_2024_2025,kbo-player-abilities-2024-2025-v1
69804,SSG 랜더스,채현우,OF,plate_discipline,7,9,2,KBO_2024_2025,kbo-player-abilities-2024-2025-v1
69804,SSG 랜더스,채현우,OF,bat_control,7,9,2,KBO_2024_2025,kbo-player-abilities-2024-2025-v1
69804,SSG 랜더스,채현우,OF,timing,8,9,1,KBO_2024_2025,kbo-player-abilities-2024-2025-v1
50854,SSG 랜더스,최지훈,OF,contact,16,15,-1,KBO_2024_2025,kbo-player-abilities-2024-2025-v1
50854,SSG 랜더스,최지훈,OF,power,11,12,1,KBO_2024_2025,kbo-player-abilities-2024-2025-v1
50854,SSG 랜더스,최지훈,OF,plate_discipline,11,12,1,KBO_2024_2025,kbo-player-abilities-2024-2025-v1
50854,SSG 랜더스,최지훈,OF,bat_control,16,15,-1,KBO_2024_2025,kbo-player-abilities-2024-2025-v1
50854,SSG 랜더스,최지훈,OF,timing,13,14,1,KBO_2024_2025,kbo-player-abilities-2024-2025-v1
50854,SSG 랜더스,최지훈,OF,speed,15,16,1,KBO_2024_2025,kbo-player-abilities-2024-2025-v1
50854,SSG 랜더스,최지훈,OF,baserunning_judgment,11,14,3,KBO_2024_2025,kbo-player-abilities-2024-2025-v1
69813,SSG 랜더스,하재훈,OF,contact,6,8,2,KBO_2024_2025,kbo-player-abilities-2024-2025-v1
69813,SSG 랜더스,하재훈,OF,power,11,14,3,KBO_2024_2025,kbo-player-abilities-2024-2025-v1
69813,SSG 랜더스,하재훈,OF,plate_discipline,7,8,1,KBO_2024_2025,kbo-player-abilities-2024-2025-v1
69813,SSG 랜더스,하재훈,OF,bat_control,6,8,2,KBO_2024_2025,kbo-player-abilities-2024-2025-v1
69813,SSG 랜더스,하재훈,OF,timing,7,8,1,KBO_2024_2025,kbo-player-abilities-2024-2025-v1
69813,SSG 랜더스,하재훈,OF,speed,12,13,1,KBO_2024_2025,kbo-player-abilities-2024-2025-v1
69813,SSG 랜더스,하재훈,OF,baserunning_judgment,11,13,2,KBO_2024_2025,kbo-player-abilities-2024-2025-v1
62895,SSG 랜더스,한유섬,OF,contact,14,13,-1,KBO_2024_2025,kbo-player-abilities-2024-2025-v1
62895,SSG 랜더스,한유섬,OF,speed,10,11,1,KBO_2024_2025,kbo-player-abilities-2024-2025-v1
62895,SSG 랜더스,한유섬,OF,baserunning_judgment,13,12,-1,KBO_2024_2025,kbo-player-abilities-2024-2025-v1
51867,SSG 랜더스,김건우,P,pitcher_command,8,9,1,KBO_2024_2025,kbo-player-abilities-2024-2025-v1
51867,SSG 랜더스,김건우,P,pitcher_movement,17,15,-2,KBO_2024_2025,kbo-player-abilities-2024-2025-v1
51867,SSG 랜더스,김건우,P,pitcher_stamina,12,13,1,KBO_2024_2025,kbo-player-abilities-2024-2025-v1
51867,SSG 랜더스,김건우,P,pitcher_pitchability,11,12,1,KBO_2024_2025,kbo-player-abilities-2024-2025-v1
51867,SSG 랜더스,김건우,P,pitcher_strikeout,17,15,-2,KBO_2024_2025,kbo-player-abilities-2024-2025-v1
51867,SSG 랜더스,김건우,P,pitcher_walk_control,1,5,4,KBO_2024_2025,kbo-player-abilities-2024-2025-v1
51867,SSG 랜더스,김건우,P,pitcher_composure,13,12,-1,KBO_2024_2025,kbo-player-abilities-2024-2025-v1
77829,SSG 랜더스,김광현,P,pitcher_stuff,13,14,1,KBO_2024_2025,kbo-player-abilities-2024-2025-v1
77829,SSG 랜더스,김광현,P,pitcher_movement,12,11,-1,KBO_2024_2025,kbo-player-abilities-2024-2025-v1
77829,SSG 랜더스,김광현,P,pitcher_stamina,20,18,-2,KBO_2024_2025,kbo-player-abilities-2024-2025-v1
77829,SSG 랜더스,김광현,P,pitcher_pitchability,16,15,-1,KBO_2024_2025,kbo-player-abilities-2024-2025-v1
77829,SSG 랜더스,김광현,P,pitcher_strikeout,17,16,-1,KBO_2024_2025,kbo-player-abilities-2024-2025-v1
77829,SSG 랜더스,김광현,P,pitcher_walk_control,17,14,-3,KBO_2024_2025,kbo-player-abilities-2024-2025-v1
77829,SSG 랜더스,김광현,P,pitcher_composure,11,12,1,KBO_2024_2025,kbo-player-abilities-2024-2025-v1
68043,SSG 랜더스,김민,P,pitcher_stuff,13,14,1,KBO_2024_2025,kbo-player-abilities-2024-2025-v1
68043,SSG 랜더스,김민,P,pitcher_command,14,15,1,KBO_2024_2025,kbo-player-abilities-2024-2025-v1
68043,SSG 랜더스,김민,P,pitcher_stamina,10,11,1,KBO_2024_2025,kbo-player-abilities-2024-2025-v1
68043,SSG 랜더스,김민,P,pitcher_pitchability,18,16,-2,KBO_2024_2025,kbo-player-abilities-2024-2025-v1
68043,SSG 랜더스,김민,P,pitcher_strikeout,18,16,-2,KBO_2024_2025,kbo-player-abilities-2024-2025-v1
68043,SSG 랜더스,김민,P,pitcher_walk_control,18,15,-3,KBO_2024_2025,kbo-player-abilities-2024-2025-v1
68043,SSG 랜더스,김민,P,pitcher_composure,18,16,-2,KBO_2024_2025,kbo-player-abilities-2024-2025-v1
65343,SSG 랜더스,김택형,P,pitcher_command,12,11,-1,KBO_2024_2025,kbo-player-abilities-2024-2025-v1
65343,SSG 랜더스,김택형,P,pitcher_movement,16,13,-3,KBO_2024_2025,kbo-player-abilities-2024-2025-v1
65343,SSG 랜더스,김택형,P,pitcher_stamina,9,10,1,KBO_2024_2025,kbo-player-abilities-2024-2025-v1
65343,SSG 랜더스,김택형,P,pitcher_pitchability,12,11,-1,KBO_2024_2025,kbo-player-abilities-2024-2025-v1
65343,SSG 랜더스,김택형,P,pitcher_strikeout,6,8,2,KBO_2024_2025,kbo-player-abilities-2024-2025-v1
65343,SSG 랜더스,김택형,P,pitcher_composure,16,13,-3,KBO_2024_2025,kbo-player-abilities-2024-2025-v1
73211,SSG 랜더스,노경은,P,pitcher_movement,19,16,-3,KBO_2024_2025,kbo-player-abilities-2024-2025-v1
73211,SSG 랜더스,노경은,P,pitcher_stamina,10,11,1,KBO_2024_2025,kbo-player-abilities-2024-2025-v1
73211,SSG 랜더스,노경은,P,pitcher_pitchability,18,15,-3,KBO_2024_2025,kbo-player-abilities-2024-2025-v1
73211,SSG 랜더스,노경은,P,pitcher_strikeout,16,15,-1,KBO_2024_2025,kbo-player-abilities-2024-2025-v1
73211,SSG 랜더스,노경은,P,pitcher_walk_control,16,14,-2,KBO_2024_2025,kbo-player-abilities-2024-2025-v1
73211,SSG 랜더스,노경은,P,pitcher_composure,19,17,-2,KBO_2024_2025,kbo-player-abilities-2024-2025-v1
62869,SSG 랜더스,문승원,P,pitcher_stuff,6,8,2,KBO_2024_2025,kbo-player-abilities-2024-2025-v1
62869,SSG 랜더스,문승원,P,pitcher_movement,6,8,2,KBO_2024_2025,kbo-player-abilities-2024-2025-v1
62869,SSG 랜더스,문승원,P,pitcher_stamina,18,16,-2,KBO_2024_2025,kbo-player-abilities-2024-2025-v1
62869,SSG 랜더스,문승원,P,pitcher_pitchability,9,10,1,KBO_2024_2025,kbo-player-abilities-2024-2025-v1
62869,SSG 랜더스,문승원,P,pitcher_strikeout,2,6,4,KBO_2024_2025,kbo-player-abilities-2024-2025-v1
62869,SSG 랜더스,문승원,P,pitcher_walk_control,15,14,-1,KBO_2024_2025,kbo-player-abilities-2024-2025-v1
62869,SSG 랜더스,문승원,P,pitcher_composure,10,11,1,KBO_2024_2025,kbo-player-abilities-2024-2025-v1
54802,SSG 랜더스,박기호,P,pitcher_stuff,7,9,2,KBO_2024_2025,kbo-player-abilities-2024-2025-v1
54802,SSG 랜더스,박기호,P,pitcher_command,10,11,1,KBO_2024_2025,kbo-player-abilities-2024-2025-v1
54802,SSG 랜더스,박기호,P,pitcher_movement,8,10,2,KBO_2024_2025,kbo-player-abilities-2024-2025-v1
54802,SSG 랜더스,박기호,P,pitcher_stamina,10,11,1,KBO_2024_2025,kbo-player-abilities-2024-2025-v1
54802,SSG 랜더스,박기호,P,pitcher_pitchability,7,9,2,KBO_2024_2025,kbo-player-abilities-2024-2025-v1
54802,SSG 랜더스,박기호,P,pitcher_strikeout,3,7,4,KBO_2024_2025,kbo-player-abilities-2024-2025-v1
54802,SSG 랜더스,박기호,P,pitcher_walk_control,10,11,1,KBO_2024_2025,kbo-player-abilities-2024-2025-v1
54802,SSG 랜더스,박기호,P,pitcher_composure,13,12,-1,KBO_2024_2025,kbo-player-abilities-2024-2025-v1
54807,SSG 랜더스,박성빈,P,pitcher_stuff,4,8,4,KBO_2024_2025,kbo-player-abilities-2024-2025-v1
54807,SSG 랜더스,박성빈,P,pitcher_command,8,10,2,KBO_2024_2025,kbo-player-abilities-2024-2025-v1
54807,SSG 랜더스,박성빈,P,pitcher_movement,6,9,3,KBO_2024_2025,kbo-player-abilities-2024-2025-v1
54807,SSG 랜더스,박성빈,P,pitcher_stamina,8,10,2,KBO_2024_2025,kbo-player-abilities-2024-2025-v1
54807,SSG 랜더스,박성빈,P,pitcher_pitchability,5,9,4,KBO_2024_2025,kbo-player-abilities-2024-2025-v1
54807,SSG 랜더스,박성빈,P,pitcher_strikeout,1,7,6,KBO_2024_2025,kbo-player-abilities-2024-2025-v1
54807,SSG 랜더스,박성빈,P,pitcher_composure,5,9,4,KBO_2024_2025,kbo-player-abilities-2024-2025-v1
50812,SSG 랜더스,박시후,P,pitcher_stuff,7,9,2,KBO_2024_2025,kbo-player-abilities-2024-2025-v1
50812,SSG 랜더스,박시후,P,pitcher_command,9,10,1,KBO_2024_2025,kbo-player-abilities-2024-2025-v1
50812,SSG 랜더스,박시후,P,pitcher_movement,10,11,1,KBO_2024_2025,kbo-player-abilities-2024-2025-v1
50812,SSG 랜더스,박시후,P,pitcher_stamina,10,11,1,KBO_2024_2025,kbo-player-abilities-2024-2025-v1
50812,SSG 랜더스,박시후,P,pitcher_pitchability,7,9,2,KBO_2024_2025,kbo-player-abilities-2024-2025-v1
50812,SSG 랜더스,박시후,P,pitcher_strikeout,4,7,3,KBO_2024_2025,kbo-player-abilities-2024-2025-v1
50812,SSG 랜더스,박시후,P,pitcher_walk_control,5,8,3,KBO_2024_2025,kbo-player-abilities-2024-2025-v1
50812,SSG 랜더스,박시후,P,pitcher_composure,14,13,-1,KBO_2024_2025,kbo-player-abilities-2024-2025-v1
60841,SSG 랜더스,박종훈,P,pitcher_stuff,6,9,3,KBO_2024_2025,kbo-player-abilities-2024-2025-v1
60841,SSG 랜더스,박종훈,P,pitcher_command,7,8,1,KBO_2024_2025,kbo-player-abilities-2024-2025-v1
60841,SSG 랜더스,박종훈,P,pitcher_movement,4,7,3,KBO_2024_2025,kbo-player-abilities-2024-2025-v1
60841,SSG 랜더스,박종훈,P,pitcher_stamina,14,13,-1,KBO_2024_2025,kbo-player-abilities-2024-2025-v1
60841,SSG 랜더스,박종훈,P,pitcher_pitchability,3,7,4,KBO_2024_2025,kbo-player-abilities-2024-2025-v1
60841,SSG 랜더스,박종훈,P,pitcher_strikeout,3,7,4,KBO_2024_2025,kbo-player-abilities-2024-2025-v1
60841,SSG 랜더스,박종훈,P,pitcher_walk_control,2,6,4,KBO_2024_2025,kbo-player-abilities-2024-2025-v1
60841,SSG 랜더스,박종훈,P,pitcher_composure,5,8,3,KBO_2024_2025,kbo-player-abilities-2024-2025-v1
69839,SSG 랜더스,백승건,P,pitcher_stuff,8,9,1,KBO_2024_2025,kbo-player-abilities-2024-2025-v1
69839,SSG 랜더스,백승건,P,pitcher_command,8,9,1,KBO_2024_2025,kbo-player-abilities-2024-2025-v1
69839,SSG 랜더스,백승건,P,pitcher_movement,8,9,1,KBO_2024_2025,kbo-player-abilities-2024-2025-v1
69839,SSG 랜더스,백승건,P,pitcher_stamina,8,9,1,KBO_2024_2025,kbo-player-abilities-2024-2025-v1
69839,SSG 랜더스,백승건,P,pitcher_pitchability,8,9,1,KBO_2024_2025,kbo-player-abilities-2024-2025-v1
69839,SSG 랜더스,백승건,P,pitcher_strikeout,8,9,1,KBO_2024_2025,kbo-player-abilities-2024-2025-v1
69839,SSG 랜더스,백승건,P,pitcher_walk_control,8,9,1,KBO_2024_2025,kbo-player-abilities-2024-2025-v1
69839,SSG 랜더스,백승건,P,pitcher_composure,8,9,1,KBO_2024_2025,kbo-player-abilities-2024-2025-v1
61895,SSG 랜더스,서진용,P,pitcher_stuff,10,11,1,KBO_2024_2025,kbo-player-abilities-2024-2025-v1
61895,SSG 랜더스,서진용,P,pitcher_command,9,10,1,KBO_2024_2025,kbo-player-abilities-2024-2025-v1
61895,SSG 랜더스,서진용,P,pitcher_stamina,8,9,1,KBO_2024_2025,kbo-player-abilities-2024-2025-v1
61895,SSG 랜더스,서진용,P,pitcher_pitchability,9,10,1,KBO_2024_2025,kbo-player-abilities-2024-2025-v1
61895,SSG 랜더스,서진용,P,pitcher_strikeout,10,11,1,KBO_2024_2025,kbo-player-abilities-2024-2025-v1
61895,SSG 랜더스,서진용,P,pitcher_walk_control,6,8,2,KBO_2024_2025,kbo-player-abilities-2024-2025-v1
53898,SSG 랜더스,송영진,P,pitcher_stuff,6,8,2,KBO_2024_2025,kbo-player-abilities-2024-2025-v1
53898,SSG 랜더스,송영진,P,pitcher_command,8,9,1,KBO_2024_2025,kbo-player-abilities-2024-2025-v1
53898,SSG 랜더스,송영진,P,pitcher_movement,4,7,3,KBO_2024_2025,kbo-player-abilities-2024-2025-v1
53898,SSG 랜더스,송영진,P,pitcher_stamina,14,15,1,KBO_2024_2025,kbo-player-abilities-2024-2025-v1
53898,SSG 랜더스,송영진,P,pitcher_pitchability,5,8,3,KBO_2024_2025,kbo-player-abilities-2024-2025-v1
53898,SSG 랜더스,송영진,P,pitcher_strikeout,3,6,3,KBO_2024_2025,kbo-player-abilities-2024-2025-v1
53898,SSG 랜더스,송영진,P,pitcher_walk_control,8,10,2,KBO_2024_2025,kbo-player-abilities-2024-2025-v1
53898,SSG 랜더스,송영진,P,pitcher_composure,5,8,3,KBO_2024_2025,kbo-player-abilities-2024-2025-v1
55860,SSG 랜더스,신지환,P,pitcher_stuff,12,11,-1,KBO_2024_2025,kbo-player-abilities-2024-2025-v1
55860,SSG 랜더스,신지환,P,pitcher_command,12,11,-1,KBO_2024_2025,kbo-player-abilities-2024-2025-v1
55860,SSG 랜더스,신지환,P,pitcher_movement,13,12,-1,KBO_2024_2025,kbo-player-abilities-2024-2025-v1
55860,SSG 랜더스,신지환,P,pitcher_stamina,9,10,1,KBO_2024_2025,kbo-player-abilities-2024-2025-v1
55860,SSG 랜더스,신지환,P,pitcher_pitchability,14,12,-2,KBO_2024_2025,kbo-player-abilities-2024-2025-v1
55860,SSG 랜더스,신지환,P,pitcher_strikeout,14,12,-2,KBO_2024_2025,kbo-player-abilities-2024-2025-v1
55860,SSG 랜더스,신지환,P,pitcher_walk_control,14,12,-2,KBO_2024_2025,kbo-player-abilities-2024-2025-v1
55860,SSG 랜더스,신지환,P,pitcher_composure,14,12,-2,KBO_2024_2025,kbo-player-abilities-2024-2025-v1
54833,SSG 랜더스,앤더슨,P,pitcher_stuff,16,17,1,KBO_2024_2025,kbo-player-abilities-2024-2025-v1
54833,SSG 랜더스,앤더슨,P,pitcher_movement,16,15,-1,KBO_2024_2025,kbo-player-abilities-2024-2025-v1
54833,SSG 랜더스,앤더슨,P,pitcher_stamina,20,18,-2,KBO_2024_2025,kbo-player-abilities-2024-2025-v1
54833,SSG 랜더스,앤더슨,P,pitcher_pitchability,19,17,-2,KBO_2024_2025,kbo-player-abilities-2024-2025-v1
54833,SSG 랜더스,앤더슨,P,pitcher_strikeout,20,18,-2,KBO_2024_2025,kbo-player-abilities-2024-2025-v1
54833,SSG 랜더스,앤더슨,P,pitcher_walk_control,18,15,-3,KBO_2024_2025,kbo-player-abilities-2024-2025-v1
54833,SSG 랜더스,앤더슨,P,pitcher_composure,20,18,-2,KBO_2024_2025,kbo-player-abilities-2024-2025-v1
64861,SSG 랜더스,이건욱,P,pitcher_stuff,4,8,4,KBO_2024_2025,kbo-player-abilities-2024-2025-v1
64861,SSG 랜더스,이건욱,P,pitcher_command,3,7,4,KBO_2024_2025,kbo-player-abilities-2024-2025-v1
64861,SSG 랜더스,이건욱,P,pitcher_movement,3,7,4,KBO_2024_2025,kbo-player-abilities-2024-2025-v1
64861,SSG 랜더스,이건욱,P,pitcher_stamina,8,10,2,KBO_2024_2025,kbo-player-abilities-2024-2025-v1
64861,SSG 랜더스,이건욱,P,pitcher_pitchability,3,7,4,KBO_2024_2025,kbo-player-abilities-2024-2025-v1
64861,SSG 랜더스,이건욱,P,pitcher_strikeout,6,9,3,KBO_2024_2025,kbo-player-abilities-2024-2025-v1
64861,SSG 랜더스,이건욱,P,pitcher_walk_control,4,8,4,KBO_2024_2025,kbo-player-abilities-2024-2025-v1
64861,SSG 랜더스,이건욱,P,pitcher_composure,1,6,5,KBO_2024_2025,kbo-player-abilities-2024-2025-v1
53892,SSG 랜더스,이로운,P,pitcher_command,14,13,-1,KBO_2024_2025,kbo-player-abilities-2024-2025-v1
53892,SSG 랜더스,이로운,P,pitcher_stamina,10,11,1,KBO_2024_2025,kbo-player-abilities-2024-2025-v1
53892,SSG 랜더스,이로운,P,pitcher_pitchability,17,14,-3,KBO_2024_2025,kbo-player-abilities-2024-2025-v1
53892,SSG 랜더스,이로운,P,pitcher_strikeout,16,13,-3,KBO_2024_2025,kbo-player-abilities-2024-2025-v1
53892,SSG 랜더스,이로운,P,pitcher_walk_control,15,12,-3,KBO_2024_2025,kbo-player-abilities-2024-2025-v1
53892,SSG 랜더스,이로운,P,pitcher_composure,19,16,-3,KBO_2024_2025,kbo-player-abilities-2024-2025-v1
51895,SSG 랜더스,장지훈,P,pitcher_stuff,11,10,-1,KBO_2024_2025,kbo-player-abilities-2024-2025-v1
51895,SSG 랜더스,장지훈,P,pitcher_command,15,12,-3,KBO_2024_2025,kbo-player-abilities-2024-2025-v1
51895,SSG 랜더스,장지훈,P,pitcher_movement,13,11,-2,KBO_2024_2025,kbo-player-abilities-2024-2025-v1
51895,SSG 랜더스,장지훈,P,pitcher_stamina,8,10,2,KBO_2024_2025,kbo-player-abilities-2024-2025-v1
51895,SSG 랜더스,장지훈,P,pitcher_pitchability,13,11,-2,KBO_2024_2025,kbo-player-abilities-2024-2025-v1
51895,SSG 랜더스,장지훈,P,pitcher_strikeout,7,8,1,KBO_2024_2025,kbo-player-abilities-2024-2025-v1
51895,SSG 랜더스,장지훈,P,pitcher_walk_control,14,12,-2,KBO_2024_2025,kbo-player-abilities-2024-2025-v1
51895,SSG 랜더스,장지훈,P,pitcher_composure,16,12,-4,KBO_2024_2025,kbo-player-abilities-2024-2025-v1
52809,SSG 랜더스,전영준,P,pitcher_stuff,12,13,1,KBO_2024_2025,kbo-player-abilities-2024-2025-v1
52809,SSG 랜더스,전영준,P,pitcher_command,10,11,1,KBO_2024_2025,kbo-player-abilities-2024-2025-v1
52809,SSG 랜더스,전영준,P,pitcher_stamina,11,12,1,KBO_2024_2025,kbo-player-abilities-2024-2025-v1
52809,SSG 랜더스,전영준,P,pitcher_pitchability,13,12,-1,KBO_2024_2025,kbo-player-abilities-2024-2025-v1
52809,SSG 랜더스,전영준,P,pitcher_strikeout,18,15,-3,KBO_2024_2025,kbo-player-abilities-2024-2025-v1
52809,SSG 랜더스,전영준,P,pitcher_walk_control,7,10,3,KBO_2024_2025,kbo-player-abilities-2024-2025-v1
66858,SSG 랜더스,정동윤,P,pitcher_command,8,9,1,KBO_2024_2025,kbo-player-abilities-2024-2025-v1
66858,SSG 랜더스,정동윤,P,pitcher_movement,9,10,1,KBO_2024_2025,kbo-player-abilities-2024-2025-v1
66858,SSG 랜더스,정동윤,P,pitcher_stamina,10,11,1,KBO_2024_2025,kbo-player-abilities-2024-2025-v1
66858,SSG 랜더스,정동윤,P,pitcher_pitchability,9,10,1,KBO_2024_2025,kbo-player-abilities-2024-2025-v1
66858,SSG 랜더스,정동윤,P,pitcher_strikeout,15,13,-2,KBO_2024_2025,kbo-player-abilities-2024-2025-v1
66858,SSG 랜더스,정동윤,P,pitcher_walk_control,5,8,3,KBO_2024_2025,kbo-player-abilities-2024-2025-v1
66858,SSG 랜더스,정동윤,P,pitcher_composure,5,8,3,KBO_2024_2025,kbo-player-abilities-2024-2025-v1
51897,SSG 랜더스,조병현,P,pitcher_stuff,15,16,1,KBO_2024_2025,kbo-player-abilities-2024-2025-v1
51897,SSG 랜더스,조병현,P,pitcher_command,15,14,-1,KBO_2024_2025,kbo-player-abilities-2024-2025-v1
51897,SSG 랜더스,조병현,P,pitcher_movement,15,14,-1,KBO_2024_2025,kbo-player-abilities-2024-2025-v1
51897,SSG 랜더스,조병현,P,pitcher_stamina,10,11,1,KBO_2024_2025,kbo-player-abilities-2024-2025-v1
51897,SSG 랜더스,조병현,P,pitcher_pitchability,19,16,-3,KBO_2024_2025,kbo-player-abilities-2024-2025-v1
51897,SSG 랜더스,조병현,P,pitcher_strikeout,20,17,-3,KBO_2024_2025,kbo-player-abilities-2024-2025-v1
51897,SSG 랜더스,조병현,P,pitcher_walk_control,17,14,-3,KBO_2024_2025,kbo-player-abilities-2024-2025-v1
51897,SSG 랜더스,조병현,P,pitcher_composure,20,17,-3,KBO_2024_2025,kbo-player-abilities-2024-2025-v1
55890,SSG 랜더스,천범석,P,pitcher_stuff,3,6,3,FUTURES_2024_2025,kbo-player-abilities-2024-2025-v1
55890,SSG 랜더스,천범석,P,pitcher_command,14,11,-3,FUTURES_2024_2025,kbo-player-abilities-2024-2025-v1
55890,SSG 랜더스,천범석,P,pitcher_movement,4,5,1,FUTURES_2024_2025,kbo-player-abilities-2024-2025-v1
55890,SSG 랜더스,천범석,P,pitcher_stamina,12,11,-1,FUTURES_2024_2025,kbo-player-abilities-2024-2025-v1
55890,SSG 랜더스,천범석,P,pitcher_pitchability,9,8,-1,FUTURES_2024_2025,kbo-player-abilities-2024-2025-v1
55890,SSG 랜더스,천범석,P,pitcher_strikeout,4,6,2,FUTURES_2024_2025,kbo-player-abilities-2024-2025-v1
55890,SSG 랜더스,천범석,P,pitcher_walk_control,17,13,-4,FUTURES_2024_2025,kbo-player-abilities-2024-2025-v1
55890,SSG 랜더스,천범석,P,pitcher_composure,11,10,-1,FUTURES_2024_2025,kbo-player-abilities-2024-2025-v1
68856,SSG 랜더스,최민준,P,pitcher_stuff,8,9,1,KBO_2024_2025,kbo-player-abilities-2024-2025-v1
68856,SSG 랜더스,최민준,P,pitcher_command,12,11,-1,KBO_2024_2025,kbo-player-abilities-2024-2025-v1
68856,SSG 랜더스,최민준,P,pitcher_movement,10,9,-1,KBO_2024_2025,kbo-player-abilities-2024-2025-v1
68856,SSG 랜더스,최민준,P,pitcher_stamina,11,12,1,KBO_2024_2025,kbo-player-abilities-2024-2025-v1
68856,SSG 랜더스,최민준,P,pitcher_pitchability,10,11,1,KBO_2024_2025,kbo-player-abilities-2024-2025-v1
68856,SSG 랜더스,최민준,P,pitcher_strikeout,4,8,4,KBO_2024_2025,kbo-player-abilities-2024-2025-v1
68856,SSG 랜더스,최민준,P,pitcher_walk_control,15,13,-2,KBO_2024_2025,kbo-player-abilities-2024-2025-v1
68856,SSG 랜더스,최민준,P,pitcher_composure,13,12,-1,KBO_2024_2025,kbo-player-abilities-2024-2025-v1
54803,SSG 랜더스,최현석,P,pitcher_stuff,7,9,2,KBO_2024_2025,kbo-player-abilities-2024-2025-v1
54803,SSG 랜더스,최현석,P,pitcher_movement,5,8,3,KBO_2024_2025,kbo-player-abilities-2024-2025-v1
54803,SSG 랜더스,최현석,P,pitcher_stamina,10,11,1,KBO_2024_2025,kbo-player-abilities-2024-2025-v1
54803,SSG 랜더스,최현석,P,pitcher_pitchability,9,10,1,KBO_2024_2025,kbo-player-abilities-2024-2025-v1
54803,SSG 랜더스,최현석,P,pitcher_strikeout,7,9,2,KBO_2024_2025,kbo-player-abilities-2024-2025-v1
54803,SSG 랜더스,최현석,P,pitcher_walk_control,15,12,-3,KBO_2024_2025,kbo-player-abilities-2024-2025-v1
54803,SSG 랜더스,최현석,P,pitcher_composure,8,9,1,KBO_2024_2025,kbo-player-abilities-2024-2025-v1
68092,SSG 랜더스,한두솔,P,pitcher_stuff,11,12,1,KBO_2024_2025,kbo-player-abilities-2024-2025-v1
68092,SSG 랜더스,한두솔,P,pitcher_command,9,10,1,KBO_2024_2025,kbo-player-abilities-2024-2025-v1
68092,SSG 랜더스,한두솔,P,pitcher_stamina,10,9,-1,KBO_2024_2025,kbo-player-abilities-2024-2025-v1
68092,SSG 랜더스,한두솔,P,pitcher_pitchability,9,11,2,KBO_2024_2025,kbo-player-abilities-2024-2025-v1
68092,SSG 랜더스,한두솔,P,pitcher_strikeout,6,10,4,KBO_2024_2025,kbo-player-abilities-2024-2025-v1
68092,SSG 랜더스,한두솔,P,pitcher_walk_control,8,9,1,KBO_2024_2025,kbo-player-abilities-2024-2025-v1
68092,SSG 랜더스,한두솔,P,pitcher_composure,10,11,1,KBO_2024_2025,kbo-player-abilities-2024-2025-v1
55855,SSG 랜더스,화이트,P,pitcher_movement,17,15,-2,KBO_2024_2025,kbo-player-abilities-2024-2025-v1
55855,SSG 랜더스,화이트,P,pitcher_stamina,20,17,-3,KBO_2024_2025,kbo-player-abilities-2024-2025-v1
55855,SSG 랜더스,화이트,P,pitcher_pitchability,18,16,-2,KBO_2024_2025,kbo-player-abilities-2024-2025-v1
55855,SSG 랜더스,화이트,P,pitcher_strikeout,19,16,-3,KBO_2024_2025,kbo-player-abilities-2024-2025-v1
55855,SSG 랜더스,화이트,P,pitcher_walk_control,17,15,-2,KBO_2024_2025,kbo-player-abilities-2024-2025-v1
55855,SSG 랜더스,화이트,P,pitcher_composure,19,17,-2,KBO_2024_2025,kbo-player-abilities-2024-2025-v1
66112,두산 베어스,김기연,C,contact,12,13,1,KBO_2024_2025,kbo-player-abilities-2024-2025-v1
66112,두산 베어스,김기연,C,power,10,11,1,KBO_2024_2025,kbo-player-abilities-2024-2025-v1
66112,두산 베어스,김기연,C,timing,11,12,1,KBO_2024_2025,kbo-player-abilities-2024-2025-v1
66112,두산 베어스,김기연,C,speed,11,10,-1,KBO_2024_2025,kbo-player-abilities-2024-2025-v1
66112,두산 베어스,김기연,C,baserunning_judgment,13,11,-2,KBO_2024_2025,kbo-player-abilities-2024-2025-v1
55216,두산 베어스,김성재,C,contact,10,11,1,KBO_2024_2025,kbo-player-abilities-2024-2025-v1
55216,두산 베어스,김성재,C,power,10,11,1,KBO_2024_2025,kbo-player-abilities-2024-2025-v1
55216,두산 베어스,김성재,C,plate_discipline,10,11,1,KBO_2024_2025,kbo-player-abilities-2024-2025-v1
55216,두산 베어스,김성재,C,bat_control,10,11,1,KBO_2024_2025,kbo-player-abilities-2024-2025-v1
54219,두산 베어스,류현준,C,contact,7,10,3,KBO_2024_2025,kbo-player-abilities-2024-2025-v1
54219,두산 베어스,류현준,C,power,7,9,2,KBO_2024_2025,kbo-player-abilities-2024-2025-v1
54219,두산 베어스,류현준,C,plate_discipline,7,9,2,KBO_2024_2025,kbo-player-abilities-2024-2025-v1
54219,두산 베어스,류현준,C,bat_control,7,10,3,KBO_2024_2025,kbo-player-abilities-2024-2025-v1
54219,두산 베어스,류현준,C,timing,7,9,2,KBO_2024_2025,kbo-player-abilities-2024-2025-v1
54219,두산 베어스,류현준,C,speed,11,10,-1,KBO_2024_2025,kbo-player-abilities-2024-2025-v1
54219,두산 베어스,류현준,C,baserunning_judgment,11,10,-1,KBO_2024_2025,kbo-player-abilities-2024-2025-v1
53204,두산 베어스,박민준,C,contact,10,11,1,KBO_2024_2025,kbo-player-abilities-2024-2025-v1
53204,두산 베어스,박민준,C,power,10,11,1,KBO_2024_2025,kbo-player-abilities-2024-2025-v1
53204,두산 베어스,박민준,C,plate_discipline,10,11,1,KBO_2024_2025,kbo-player-abilities-2024-2025-v1
53204,두산 베어스,박민준,C,bat_control,10,11,1,KBO_2024_2025,kbo-player-abilities-2024-2025-v1
51298,두산 베어스,박성재,C,contact,10,11,1,KBO_2024_2025,kbo-player-abilities-2024-2025-v1
51298,두산 베어스,박성재,C,power,10,11,1,KBO_2024_2025,kbo-player-abilities-2024-2025-v1
51298,두산 베어스,박성재,C,plate_discipline,10,11,1,KBO_2024_2025,kbo-player-abilities-2024-2025-v1
51298,두산 베어스,박성재,C,bat_control,10,11,1,KBO_2024_2025,kbo-player-abilities-2024-2025-v1
76232,두산 베어스,양의지,C,contact,19,17,-2,KBO_2024_2025,kbo-player-abilities-2024-2025-v1
76232,두산 베어스,양의지,C,power,18,17,-1,KBO_2024_2025,kbo-player-abilities-2024-2025-v1
76232,두산 베어스,양의지,C,plate_discipline,16,14,-2,KBO_2024_2025,kbo-player-abilities-2024-2025-v1
76232,두산 베어스,양의지,C,bat_control,17,16,-1,KBO_2024_2025,kbo-player-abilities-2024-2025-v1
76232,두산 베어스,양의지,C,timing,17,16,-1,KBO_2024_2025,kbo-player-abilities-2024-2025-v1
76232,두산 베어스,양의지,C,speed,12,11,-1,KBO_2024_2025,kbo-player-abilities-2024-2025-v1
76232,두산 베어스,양의지,C,baserunning_judgment,10,11,1,KBO_2024_2025,kbo-player-abilities-2024-2025-v1
63202,두산 베어스,장승현,C,contact,10,11,1,KBO_2024_2025,kbo-player-abilities-2024-2025-v1
63202,두산 베어스,장승현,C,power,10,11,1,KBO_2024_2025,kbo-player-abilities-2024-2025-v1
63202,두산 베어스,장승현,C,plate_discipline,10,11,1,KBO_2024_2025,kbo-player-abilities-2024-2025-v1
63202,두산 베어스,장승현,C,bat_control,10,11,1,KBO_2024_2025,kbo-player-abilities-2024-2025-v1
63123,두산 베어스,강승호,IF,contact,8,11,3,KBO_2024_2025,kbo-player-abilities-2024-2025-v1
63123,두산 베어스,강승호,IF,power,13,14,1,KBO_2024_2025,kbo-player-abilities-2024-2025-v1
63123,두산 베어스,강승호,IF,plate_discipline,7,8,1,KBO_2024_2025,kbo-player-abilities-2024-2025-v1
63123,두산 베어스,강승호,IF,bat_control,8,9,1,KBO_2024_2025,kbo-player-abilities-2024-2025-v1
63123,두산 베어스,강승호,IF,timing,10,11,1,KBO_2024_2025,kbo-player-abilities-2024-2025-v1
63123,두산 베어스,강승호,IF,speed,15,14,-1,KBO_2024_2025,kbo-player-abilities-2024-2025-v1
63123,두산 베어스,강승호,IF,baserunning_judgment,11,13,2,KBO_2024_2025,kbo-player-abilities-2024-2025-v1
52267,두산 베어스,김동준,IF,contact,7,10,3,KBO_2024_2025,kbo-player-abilities-2024-2025-v1
52267,두산 베어스,김동준,IF,power,10,11,1,KBO_2024_2025,kbo-player-abilities-2024-2025-v1
52267,두산 베어스,김동준,IF,plate_discipline,6,9,3,KBO_2024_2025,kbo-player-abilities-2024-2025-v1
52267,두산 베어스,김동준,IF,bat_control,7,9,2,KBO_2024_2025,kbo-player-abilities-2024-2025-v1
52267,두산 베어스,김동준,IF,timing,7,9,2,KBO_2024_2025,kbo-player-abilities-2024-2025-v1
65269,두산 베어스,김민혁,IF,timing,11,10,-1,KBO_2024_2025,kbo-player-abilities-2024-2025-v1
65269,두산 베어스,김민혁,IF,baserunning_judgment,11,10,-1,KBO_2024_2025,kbo-player-abilities-2024-2025-v1
55226,두산 베어스,김준상,IF,contact,9,10,1,KBO_2024_2025,kbo-player-abilities-2024-2025-v1
55226,두산 베어스,김준상,IF,power,9,10,1,KBO_2024_2025,kbo-player-abilities-2024-2025-v1
55226,두산 베어스,김준상,IF,plate_discipline,8,10,2,KBO_2024_2025,kbo-player-abilities-2024-2025-v1
55226,두산 베어스,김준상,IF,bat_control,8,10,2,KBO_2024_2025,kbo-player-abilities-2024-2025-v1
55226,두산 베어스,김준상,IF,timing,9,10,1,KBO_2024_2025,kbo-player-abilities-2024-2025-v1
64468,두산 베어스,박계범,IF,power,10,11,1,KBO_2024_2025,kbo-player-abilities-2024-2025-v1
64468,두산 베어스,박계범,IF,plate_discipline,9,10,1,KBO_2024_2025,kbo-player-abilities-2024-2025-v1
64468,두산 베어스,박계범,IF,bat_control,10,11,1,KBO_2024_2025,kbo-player-abilities-2024-2025-v1
64468,두산 베어스,박계범,IF,timing,10,11,1,KBO_2024_2025,kbo-player-abilities-2024-2025-v1
64468,두산 베어스,박계범,IF,speed,13,12,-1,KBO_2024_2025,kbo-player-abilities-2024-2025-v1
64468,두산 베어스,박계범,IF,baserunning_judgment,10,12,2,KBO_2024_2025,kbo-player-abilities-2024-2025-v1
55252,두산 베어스,박준순,IF,contact,15,14,-1,KBO_2024_2025,kbo-player-abilities-2024-2025-v1
55252,두산 베어스,박준순,IF,power,12,11,-1,KBO_2024_2025,kbo-player-abilities-2024-2025-v1
55252,두산 베어스,박준순,IF,plate_discipline,7,8,1,KBO_2024_2025,kbo-player-abilities-2024-2025-v1
55252,두산 베어스,박준순,IF,bat_control,13,12,-1,KBO_2024_2025,kbo-player-abilities-2024-2025-v1
55252,두산 베어스,박준순,IF,speed,14,13,-1,KBO_2024_2025,kbo-player-abilities-2024-2025-v1
55252,두산 베어스,박준순,IF,baserunning_judgment,11,13,2,KBO_2024_2025,kbo-player-abilities-2024-2025-v1
66928,두산 베어스,박준영,IF,contact,7,9,2,KBO_2024_2025,kbo-player-abilities-2024-2025-v1
66928,두산 베어스,박준영,IF,power,9,12,3,KBO_2024_2025,kbo-player-abilities-2024-2025-v1
66928,두산 베어스,박준영,IF,plate_discipline,9,11,2,KBO_2024_2025,kbo-player-abilities-2024-2025-v1
66928,두산 베어스,박준영,IF,bat_control,7,9,2,KBO_2024_2025,kbo-player-abilities-2024-2025-v1
66928,두산 베어스,박준영,IF,timing,7,9,2,KBO_2024_2025,kbo-player-abilities-2024-2025-v1
66928,두산 베어스,박준영,IF,speed,12,13,1,KBO_2024_2025,kbo-player-abilities-2024-2025-v1
66928,두산 베어스,박준영,IF,baserunning_judgment,12,13,1,KBO_2024_2025,kbo-player-abilities-2024-2025-v1
50204,두산 베어스,박지훈,IF,contact,14,13,-1,KBO_2024_2025,kbo-player-abilities-2024-2025-v1
50204,두산 베어스,박지훈,IF,power,13,12,-1,KBO_2024_2025,kbo-player-abilities-2024-2025-v1
51203,두산 베어스,안재석,IF,contact,15,14,-1,KBO_2024_2025,kbo-player-abilities-2024-2025-v1
51203,두산 베어스,안재석,IF,power,16,15,-1,KBO_2024_2025,kbo-player-abilities-2024-2025-v1
51203,두산 베어스,안재석,IF,timing,12,13,1,KBO_2024_2025,kbo-player-abilities-2024-2025-v1
51203,두산 베어스,안재석,IF,baserunning_judgment,11,12,1,KBO_2024_2025,kbo-player-abilities-2024-2025-v1
64153,두산 베어스,양석환,IF,timing,12,11,-1,KBO_2024_2025,kbo-player-abilities-2024-2025-v1
64153,두산 베어스,양석환,IF,baserunning_judgment,13,12,-1,KBO_2024_2025,kbo-player-abilities-2024-2025-v1
54205,두산 베어스,여동건,IF,contact,10,11,1,KBO_2024_2025,kbo-player-abilities-2024-2025-v1
54205,두산 베어스,여동건,IF,power,9,10,1,KBO_2024_2025,kbo-player-abilities-2024-2025-v1
54205,두산 베어스,여동건,IF,plate_discipline,12,11,-1,KBO_2024_2025,kbo-player-abilities-2024-2025-v1
54205,두산 베어스,여동건,IF,bat_control,10,11,1,KBO_2024_2025,kbo-player-abilities-2024-2025-v1
54205,두산 베어스,여동건,IF,timing,10,11,1,KBO_2024_2025,kbo-player-abilities-2024-2025-v1
54205,두산 베어스,여동건,IF,baserunning_judgment,11,12,1,KBO_2024_2025,kbo-player-abilities-2024-2025-v1
50208,두산 베어스,오명진,IF,power,12,11,-1,KBO_2024_2025,kbo-player-abilities-2024-2025-v1
50208,두산 베어스,오명진,IF,timing,11,12,1,KBO_2024_2025,kbo-player-abilities-2024-2025-v1
50208,두산 베어스,오명진,IF,baserunning_judgment,10,12,2,KBO_2024_2025,kbo-player-abilities-2024-2025-v1
55224,두산 베어스,이선우,IF,contact,9,10,1,KBO_2024_2025,kbo-player-abilities-2024-2025-v1
55224,두산 베어스,이선우,IF,power,9,10,1,KBO_2024_2025,kbo-player-abilities-2024-2025-v1
55224,두산 베어스,이선우,IF,plate_discipline,8,10,2,KBO_2024_2025,kbo-player-abilities-2024-2025-v1
55224,두산 베어스,이선우,IF,bat_control,10,11,1,KBO_2024_2025,kbo-player-abilities-2024-2025-v1
55224,두산 베어스,이선우,IF,timing,10,11,1,KBO_2024_2025,kbo-player-abilities-2024-2025-v1
67207,두산 베어스,이유찬,IF,contact,11,12,1,KBO_2024_2025,kbo-player-abilities-2024-2025-v1
67207,두산 베어스,이유찬,IF,plate_discipline,14,13,-1,KBO_2024_2025,kbo-player-abilities-2024-2025-v1
67207,두산 베어스,이유찬,IF,timing,11,12,1,KBO_2024_2025,kbo-player-abilities-2024-2025-v1
67207,두산 베어스,이유찬,IF,baserunning_judgment,12,14,2,KBO_2024_2025,kbo-player-abilities-2024-2025-v1
54236,두산 베어스,임종성,IF,contact,11,12,1,KBO_2024_2025,kbo-player-abilities-2024-2025-v1
54236,두산 베어스,임종성,IF,plate_discipline,8,9,1,KBO_2024_2025,kbo-player-abilities-2024-2025-v1
54236,두산 베어스,임종성,IF,bat_control,10,11,1,KBO_2024_2025,kbo-player-abilities-2024-2025-v1
54236,두산 베어스,임종성,IF,timing,10,11,1,KBO_2024_2025,kbo-player-abilities-2024-2025-v1
54236,두산 베어스,임종성,IF,baserunning_judgment,12,11,-1,KBO_2024_2025,kbo-player-abilities-2024-2025-v1
51269,두산 베어스,강현구,OF,contact,10,11,1,KBO_2024_2025,kbo-player-abilities-2024-2025-v1
51269,두산 베어스,강현구,OF,power,10,11,1,KBO_2024_2025,kbo-player-abilities-2024-2025-v1
51269,두산 베어스,강현구,OF,plate_discipline,10,11,1,KBO_2024_2025,kbo-player-abilities-2024-2025-v1
51269,두산 베어스,강현구,OF,bat_control,10,11,1,KBO_2024_2025,kbo-player-abilities-2024-2025-v1
69238,두산 베어스,김대한,OF,contact,10,9,-1,KBO_2024_2025,kbo-player-abilities-2024-2025-v1
69238,두산 베어스,김대한,OF,plate_discipline,9,10,1,KBO_2024_2025,kbo-player-abilities-2024-2025-v1
69238,두산 베어스,김대한,OF,bat_control,12,11,-1,KBO_2024_2025,kbo-player-abilities-2024-2025-v1
69238,두산 베어스,김대한,OF,speed,11,12,1,KBO_2024_2025,kbo-player-abilities-2024-2025-v1
53554,두산 베어스,김민석,OF,contact,7,9,2,KBO_2024_2025,kbo-player-abilities-2024-2025-v1
53554,두산 베어스,김민석,OF,power,7,9,2,KBO_2024_2025,kbo-player-abilities-2024-2025-v1
53554,두산 베어스,김민석,OF,plate_discipline,4,7,3,KBO_2024_2025,kbo-player-abilities-2024-2025-v1
53554,두산 베어스,김민석,OF,bat_control,7,9,2,KBO_2024_2025,kbo-player-abilities-2024-2025-v1
53554,두산 베어스,김민석,OF,timing,7,9,2,KBO_2024_2025,kbo-player-abilities-2024-2025-v1
53554,두산 베어스,김민석,OF,speed,13,12,-1,KBO_2024_2025,kbo-player-abilities-2024-2025-v1
53554,두산 베어스,김민석,OF,baserunning_judgment,10,12,2,KBO_2024_2025,kbo-player-abilities-2024-2025-v1
63257,두산 베어스,김인태,OF,plate_discipline,16,15,-1,KBO_2024_2025,kbo-player-abilities-2024-2025-v1
63257,두산 베어스,김인태,OF,timing,11,10,-1,KBO_2024_2025,kbo-player-abilities-2024-2025-v1
63257,두산 베어스,김인태,OF,speed,11,10,-1,KBO_2024_2025,kbo-player-abilities-2024-2025-v1
63257,두산 베어스,김인태,OF,baserunning_judgment,10,9,-1,KBO_2024_2025,kbo-player-abilities-2024-2025-v1
78224,두산 베어스,김재환,OF,contact,11,12,1,KBO_2024_2025,kbo-player-abilities-2024-2025-v1
78224,두산 베어스,김재환,OF,plate_discipline,17,16,-1,KBO_2024_2025,kbo-player-abilities-2024-2025-v1
78224,두산 베어스,김재환,OF,timing,12,11,-1,KBO_2024_2025,kbo-player-abilities-2024-2025-v1
78224,두산 베어스,김재환,OF,baserunning_judgment,11,12,1,KBO_2024_2025,kbo-player-abilities-2024-2025-v1
54214,두산 베어스,전다민,OF,contact,9,10,1,KBO_2024_2025,kbo-player-abilities-2024-2025-v1
54214,두산 베어스,전다민,OF,power,8,9,1,KBO_2024_2025,kbo-player-abilities-2024-2025-v1
54214,두산 베어스,전다민,OF,plate_discipline,8,11,3,KBO_2024_2025,kbo-player-abilities-2024-2025-v1
54214,두산 베어스,전다민,OF,bat_control,9,10,1,KBO_2024_2025,kbo-player-abilities-2024-2025-v1
54214,두산 베어스,전다민,OF,timing,9,10,1,KBO_2024_2025,kbo-player-abilities-2024-2025-v1
54214,두산 베어스,전다민,OF,baserunning_judgment,11,12,1,KBO_2024_2025,kbo-player-abilities-2024-2025-v1
79231,두산 베어스,정수빈,OF,contact,15,14,-1,KBO_2024_2025,kbo-player-abilities-2024-2025-v1
79231,두산 베어스,정수빈,OF,power,12,11,-1,KBO_2024_2025,kbo-player-abilities-2024-2025-v1
79231,두산 베어스,정수빈,OF,plate_discipline,17,16,-1,KBO_2024_2025,kbo-player-abilities-2024-2025-v1
79231,두산 베어스,정수빈,OF,bat_control,16,15,-1,KBO_2024_2025,kbo-player-abilities-2024-2025-v1
79231,두산 베어스,정수빈,OF,baserunning_judgment,11,13,2,KBO_2024_2025,kbo-player-abilities-2024-2025-v1
66209,두산 베어스,조수행,OF,contact,11,12,1,KBO_2024_2025,kbo-player-abilities-2024-2025-v1
66209,두산 베어스,조수행,OF,power,9,8,-1,KBO_2024_2025,kbo-player-abilities-2024-2025-v1
66209,두산 베어스,조수행,OF,plate_discipline,13,12,-1,KBO_2024_2025,kbo-player-abilities-2024-2025-v1
66209,두산 베어스,조수행,OF,bat_control,12,13,1,KBO_2024_2025,kbo-player-abilities-2024-2025-v1
66209,두산 베어스,조수행,OF,timing,11,12,1,KBO_2024_2025,kbo-player-abilities-2024-2025-v1
66209,두산 베어스,조수행,OF,speed,14,15,1,KBO_2024_2025,kbo-player-abilities-2024-2025-v1
66209,두산 베어스,조수행,OF,baserunning_judgment,10,13,3,KBO_2024_2025,kbo-player-abilities-2024-2025-v1
52208,두산 베어스,천현재,OF,contact,10,11,1,KBO_2024_2025,kbo-player-abilities-2024-2025-v1
52208,두산 베어스,천현재,OF,power,10,11,1,KBO_2024_2025,kbo-player-abilities-2024-2025-v1
52208,두산 베어스,천현재,OF,plate_discipline,10,11,1,KBO_2024_2025,kbo-player-abilities-2024-2025-v1
52208,두산 베어스,천현재,OF,bat_control,10,11,1,KBO_2024_2025,kbo-player-abilities-2024-2025-v1
68362,두산 베어스,추재현,OF,contact,8,10,2,KBO_2024_2025,kbo-player-abilities-2024-2025-v1
68362,두산 베어스,추재현,OF,power,9,10,1,KBO_2024_2025,kbo-player-abilities-2024-2025-v1
68362,두산 베어스,추재현,OF,plate_discipline,6,8,2,KBO_2024_2025,kbo-player-abilities-2024-2025-v1
68362,두산 베어스,추재현,OF,bat_control,9,10,1,KBO_2024_2025,kbo-player-abilities-2024-2025-v1
68362,두산 베어스,추재현,OF,timing,7,9,2,KBO_2024_2025,kbo-player-abilities-2024-2025-v1
68362,두산 베어스,추재현,OF,baserunning_judgment,11,10,-1,KBO_2024_2025,kbo-player-abilities-2024-2025-v1
55208,두산 베어스,케이브,OF,power,16,15,-1,KBO_2024_2025,kbo-player-abilities-2024-2025-v1
55208,두산 베어스,케이브,OF,bat_control,13,14,1,KBO_2024_2025,kbo-player-abilities-2024-2025-v1
55208,두산 베어스,케이브,OF,baserunning_judgment,12,14,2,KBO_2024_2025,kbo-player-abilities-2024-2025-v1
66233,두산 베어스,홍성호,OF,contact,13,12,-1,KBO_2024_2025,kbo-player-abilities-2024-2025-v1
66233,두산 베어스,홍성호,OF,timing,12,11,-1,KBO_2024_2025,kbo-player-abilities-2024-2025-v1
66233,두산 베어스,홍성호,OF,speed,10,11,1,KBO_2024_2025,kbo-player-abilities-2024-2025-v1
72523,두산 베어스,고효준,P,pitcher_stuff,9,10,1,KBO_2024_2025,kbo-player-abilities-2024-2025-v1
72523,두산 베어스,고효준,P,pitcher_command,7,8,1,KBO_2024_2025,kbo-player-abilities-2024-2025-v1
72523,두산 베어스,고효준,P,pitcher_movement,5,8,3,KBO_2024_2025,kbo-player-abilities-2024-2025-v1
72523,두산 베어스,고효준,P,pitcher_stamina,8,9,1,KBO_2024_2025,kbo-player-abilities-2024-2025-v1
72523,두산 베어스,고효준,P,pitcher_pitchability,7,9,2,KBO_2024_2025,kbo-player-abilities-2024-2025-v1
72523,두산 베어스,고효준,P,pitcher_strikeout,11,12,1,KBO_2024_2025,kbo-player-abilities-2024-2025-v1
72523,두산 베어스,고효준,P,pitcher_walk_control,6,8,2,KBO_2024_2025,kbo-player-abilities-2024-2025-v1
72523,두산 베어스,고효준,P,pitcher_composure,5,8,3,KBO_2024_2025,kbo-player-abilities-2024-2025-v1
68220,두산 베어스,곽빈,P,pitcher_stuff,14,15,1,KBO_2024_2025,kbo-player-abilities-2024-2025-v1
68220,두산 베어스,곽빈,P,pitcher_movement,15,14,-1,KBO_2024_2025,kbo-player-abilities-2024-2025-v1
68220,두산 베어스,곽빈,P,pitcher_stamina,20,18,-2,KBO_2024_2025,kbo-player-abilities-2024-2025-v1
68220,두산 베어스,곽빈,P,pitcher_pitchability,17,16,-1,KBO_2024_2025,kbo-player-abilities-2024-2025-v1
68220,두산 베어스,곽빈,P,pitcher_strikeout,18,16,-2,KBO_2024_2025,kbo-player-abilities-2024-2025-v1
68220,두산 베어스,곽빈,P,pitcher_walk_control,14,13,-1,KBO_2024_2025,kbo-player-abilities-2024-2025-v1
68220,두산 베어스,곽빈,P,pitcher_composure,16,15,-1,KBO_2024_2025,kbo-player-abilities-2024-2025-v1
67246,두산 베어스,김명신,P,pitcher_stuff,12,10,-2,KBO_2024_2025,kbo-player-abilities-2024-2025-v1
67246,두산 베어스,김명신,P,pitcher_movement,13,10,-3,KBO_2024_2025,kbo-player-abilities-2024-2025-v1
67246,두산 베어스,김명신,P,pitcher_stamina,9,10,1,KBO_2024_2025,kbo-player-abilities-2024-2025-v1
67246,두산 베어스,김명신,P,pitcher_pitchability,12,11,-1,KBO_2024_2025,kbo-player-abilities-2024-2025-v1
67246,두산 베어스,김명신,P,pitcher_strikeout,8,9,1,KBO_2024_2025,kbo-player-abilities-2024-2025-v1
67246,두산 베어스,김명신,P,pitcher_walk_control,15,14,-1,KBO_2024_2025,kbo-player-abilities-2024-2025-v1
67246,두산 베어스,김명신,P,pitcher_composure,11,10,-1,KBO_2024_2025,kbo-player-abilities-2024-2025-v1
68200,두산 베어스,김민규,P,pitcher_stuff,9,10,1,KBO_2024_2025,kbo-player-abilities-2024-2025-v1
68200,두산 베어스,김민규,P,pitcher_stamina,10,11,1,KBO_2024_2025,kbo-player-abilities-2024-2025-v1
68200,두산 베어스,김민규,P,pitcher_pitchability,9,10,1,KBO_2024_2025,kbo-player-abilities-2024-2025-v1
68200,두산 베어스,김민규,P,pitcher_strikeout,7,9,2,KBO_2024_2025,kbo-player-abilities-2024-2025-v1
68200,두산 베어스,김민규,P,pitcher_walk_control,10,9,-1,KBO_2024_2025,kbo-player-abilities-2024-2025-v1
53262,두산 베어스,김유성,P,pitcher_stuff,11,12,1,KBO_2024_2025,kbo-player-abilities-2024-2025-v1
53262,두산 베어스,김유성,P,pitcher_command,7,8,1,KBO_2024_2025,kbo-player-abilities-2024-2025-v1
53262,두산 베어스,김유성,P,pitcher_movement,8,10,2,KBO_2024_2025,kbo-player-abilities-2024-2025-v1
53262,두산 베어스,김유성,P,pitcher_pitchability,9,10,1,KBO_2024_2025,kbo-player-abilities-2024-2025-v1
53262,두산 베어스,김유성,P,pitcher_strikeout,18,15,-3,KBO_2024_2025,kbo-player-abilities-2024-2025-v1
53262,두산 베어스,김유성,P,pitcher_walk_control,4,7,3,KBO_2024_2025,kbo-player-abilities-2024-2025-v1
53262,두산 베어스,김유성,P,pitcher_composure,5,8,3,KBO_2024_2025,kbo-player-abilities-2024-2025-v1
68830,두산 베어스,김정우,P,pitcher_stamina,9,10,1,KBO_2024_2025,kbo-player-abilities-2024-2025-v1
68830,두산 베어스,김정우,P,pitcher_pitchability,9,10,1,KBO_2024_2025,kbo-player-abilities-2024-2025-v1
68830,두산 베어스,김정우,P,pitcher_strikeout,4,8,4,KBO_2024_2025,kbo-player-abilities-2024-2025-v1
68830,두산 베어스,김정우,P,pitcher_walk_control,13,12,-1,KBO_2024_2025,kbo-player-abilities-2024-2025-v1
68830,두산 베어스,김정우,P,pitcher_composure,12,11,-1,KBO_2024_2025,kbo-player-abilities-2024-2025-v1
54263,두산 베어스,김택연,P,pitcher_stuff,14,15,1,KBO_2024_2025,kbo-player-abilities-2024-2025-v1
54263,두산 베어스,김택연,P,pitcher_command,11,12,1,KBO_2024_2025,kbo-player-abilities-2024-2025-v1
54263,두산 베어스,김택연,P,pitcher_stamina,10,11,1,KBO_2024_2025,kbo-player-abilities-2024-2025-v1
54263,두산 베어스,김택연,P,pitcher_pitchability,16,15,-1,KBO_2024_2025,kbo-player-abilities-2024-2025-v1
54263,두산 베어스,김택연,P,pitcher_strikeout,19,17,-2,KBO_2024_2025,kbo-player-abilities-2024-2025-v1
54263,두산 베어스,김택연,P,pitcher_walk_control,8,10,2,KBO_2024_2025,kbo-player-abilities-2024-2025-v1
54263,두산 베어스,김택연,P,pitcher_composure,17,16,-1,KBO_2024_2025,kbo-player-abilities-2024-2025-v1
55221,두산 베어스,김한중,P,pitcher_command,13,12,-1,KBO_2024_2025,kbo-player-abilities-2024-2025-v1
55221,두산 베어스,김한중,P,pitcher_movement,12,11,-1,KBO_2024_2025,kbo-player-abilities-2024-2025-v1
55221,두산 베어스,김한중,P,pitcher_stamina,9,10,1,KBO_2024_2025,kbo-player-abilities-2024-2025-v1
55221,두산 베어스,김한중,P,pitcher_pitchability,13,12,-1,KBO_2024_2025,kbo-player-abilities-2024-2025-v1
55221,두산 베어스,김한중,P,pitcher_strikeout,9,10,1,KBO_2024_2025,kbo-player-abilities-2024-2025-v1
55221,두산 베어스,김한중,P,pitcher_walk_control,15,12,-3,KBO_2024_2025,kbo-player-abilities-2024-2025-v1
55221,두산 베어스,김한중,P,pitcher_composure,15,12,-3,KBO_2024_2025,kbo-player-abilities-2024-2025-v1
68269,두산 베어스,김호준,P,pitcher_stuff,7,8,1,KBO_2024_2025,kbo-player-abilities-2024-2025-v1
68269,두산 베어스,김호준,P,pitcher_command,8,10,2,KBO_2024_2025,kbo-player-abilities-2024-2025-v1
68269,두산 베어스,김호준,P,pitcher_movement,6,9,3,KBO_2024_2025,kbo-player-abilities-2024-2025-v1
68269,두산 베어스,김호준,P,pitcher_stamina,8,9,1,KBO_2024_2025,kbo-player-abilities-2024-2025-v1
68269,두산 베어스,김호준,P,pitcher_pitchability,7,9,2,KBO_2024_2025,kbo-player-abilities-2024-2025-v1
68269,두산 베어스,김호준,P,pitcher_strikeout,7,8,1,KBO_2024_2025,kbo-player-abilities-2024-2025-v1
68269,두산 베어스,김호준,P,pitcher_walk_control,9,10,1,KBO_2024_2025,kbo-player-abilities-2024-2025-v1
68269,두산 베어스,김호준,P,pitcher_composure,7,9,2,KBO_2024_2025,kbo-player-abilities-2024-2025-v1
68249,두산 베어스,박신지,P,pitcher_stuff,9,10,1,KBO_2024_2025,kbo-player-abilities-2024-2025-v1
68249,두산 베어스,박신지,P,pitcher_command,10,11,1,KBO_2024_2025,kbo-player-abilities-2024-2025-v1
68249,두산 베어스,박신지,P,pitcher_movement,14,13,-1,KBO_2024_2025,kbo-player-abilities-2024-2025-v1
68249,두산 베어스,박신지,P,pitcher_stamina,10,11,1,KBO_2024_2025,kbo-player-abilities-2024-2025-v1
68249,두산 베어스,박신지,P,pitcher_pitchability,8,9,1,KBO_2024_2025,kbo-player-abilities-2024-2025-v1
68249,두산 베어스,박신지,P,pitcher_strikeout,2,6,4,KBO_2024_2025,kbo-player-abilities-2024-2025-v1
68249,두산 베어스,박신지,P,pitcher_walk_control,8,9,1,KBO_2024_2025,kbo-player-abilities-2024-2025-v1
68249,두산 베어스,박신지,P,pitcher_composure,15,14,-1,KBO_2024_2025,kbo-player-abilities-2024-2025-v1
65639,두산 베어스,박정수,P,pitcher_command,12,13,1,KBO_2024_2025,kbo-player-abilities-2024-2025-v1
65639,두산 베어스,박정수,P,pitcher_movement,14,13,-1,KBO_2024_2025,kbo-player-abilities-2024-2025-v1
65639,두산 베어스,박정수,P,pitcher_stamina,9,10,1,KBO_2024_2025,kbo-player-abilities-2024-2025-v1
65639,두산 베어스,박정수,P,pitcher_pitchability,11,12,1,KBO_2024_2025,kbo-player-abilities-2024-2025-v1
65639,두산 베어스,박정수,P,pitcher_strikeout,4,7,3,KBO_2024_2025,kbo-player-abilities-2024-2025-v1
65639,두산 베어스,박정수,P,pitcher_walk_control,17,14,-3,KBO_2024_2025,kbo-player-abilities-2024-2025-v1
65639,두산 베어스,박정수,P,pitcher_composure,13,12,-1,KBO_2024_2025,kbo-player-abilities-2024-2025-v1
54213,두산 베어스,박지호,P,pitcher_stuff,7,10,3,KBO_2024_2025,kbo-player-abilities-2024-2025-v1
54213,두산 베어스,박지호,P,pitcher_command,5,9,4,KBO_2024_2025,kbo-player-abilities-2024-2025-v1
54213,두산 베어스,박지호,P,pitcher_movement,6,9,3,KBO_2024_2025,kbo-player-abilities-2024-2025-v1
54213,두산 베어스,박지호,P,pitcher_stamina,7,10,3,KBO_2024_2025,kbo-player-abilities-2024-2025-v1
54213,두산 베어스,박지호,P,pitcher_pitchability,7,10,3,KBO_2024_2025,kbo-player-abilities-2024-2025-v1
54213,두산 베어스,박지호,P,pitcher_strikeout,12,11,-1,KBO_2024_2025,kbo-player-abilities-2024-2025-v1
54213,두산 베어스,박지호,P,pitcher_walk_control,6,9,3,KBO_2024_2025,kbo-player-abilities-2024-2025-v1
54213,두산 베어스,박지호,P,pitcher_composure,4,8,4,KBO_2024_2025,kbo-player-abilities-2024-2025-v1
67266,두산 베어스,박치국,P,pitcher_stuff,13,12,-1,KBO_2024_2025,kbo-player-abilities-2024-2025-v1
67266,두산 베어스,박치국,P,pitcher_command,14,13,-1,KBO_2024_2025,kbo-player-abilities-2024-2025-v1
67266,두산 베어스,박치국,P,pitcher_movement,16,13,-3,KBO_2024_2025,kbo-player-abilities-2024-2025-v1
67266,두산 베어스,박치국,P,pitcher_pitchability,17,14,-3,KBO_2024_2025,kbo-player-abilities-2024-2025-v1
67266,두산 베어스,박치국,P,pitcher_strikeout,16,13,-3,KBO_2024_2025,kbo-player-abilities-2024-2025-v1
67266,두산 베어스,박치국,P,pitcher_walk_control,16,15,-1,KBO_2024_2025,kbo-player-abilities-2024-2025-v1
67266,두산 베어스,박치국,P,pitcher_composure,17,14,-3,KBO_2024_2025,kbo-player-abilities-2024-2025-v1
55215,두산 베어스,양재훈,P,pitcher_stuff,11,12,1,KBO_2024_2025,kbo-player-abilities-2024-2025-v1
55215,두산 베어스,양재훈,P,pitcher_stamina,9,10,1,KBO_2024_2025,kbo-player-abilities-2024-2025-v1
55215,두산 베어스,양재훈,P,pitcher_pitchability,14,13,-1,KBO_2024_2025,kbo-player-abilities-2024-2025-v1
55215,두산 베어스,양재훈,P,pitcher_strikeout,14,13,-1,KBO_2024_2025,kbo-player-abilities-2024-2025-v1
55215,두산 베어스,양재훈,P,pitcher_walk_control,13,12,-1,KBO_2024_2025,kbo-player-abilities-2024-2025-v1
55215,두산 베어스,양재훈,P,pitcher_composure,14,13,-1,KBO_2024_2025,kbo-player-abilities-2024-2025-v1
52202,두산 베어스,윤태호,P,pitcher_command,14,13,-1,KBO_2024_2025,kbo-player-abilities-2024-2025-v1
52202,두산 베어스,윤태호,P,pitcher_movement,12,11,-1,KBO_2024_2025,kbo-player-abilities-2024-2025-v1
52202,두산 베어스,윤태호,P,pitcher_stamina,10,11,1,KBO_2024_2025,kbo-player-abilities-2024-2025-v1
52202,두산 베어스,윤태호,P,pitcher_pitchability,16,13,-3,KBO_2024_2025,kbo-player-abilities-2024-2025-v1
52202,두산 베어스,윤태호,P,pitcher_strikeout,15,13,-2,KBO_2024_2025,kbo-player-abilities-2024-2025-v1
52202,두산 베어스,윤태호,P,pitcher_walk_control,16,13,-3,KBO_2024_2025,kbo-player-abilities-2024-2025-v1
52202,두산 베어스,윤태호,P,pitcher_composure,12,11,-1,KBO_2024_2025,kbo-player-abilities-2024-2025-v1
69205,두산 베어스,이교훈,P,pitcher_stuff,13,12,-1,KBO_2024_2025,kbo-player-abilities-2024-2025-v1
69205,두산 베어스,이교훈,P,pitcher_command,12,11,-1,KBO_2024_2025,kbo-player-abilities-2024-2025-v1
69205,두산 베어스,이교훈,P,pitcher_movement,16,12,-4,KBO_2024_2025,kbo-player-abilities-2024-2025-v1
69205,두산 베어스,이교훈,P,pitcher_stamina,8,9,1,KBO_2024_2025,kbo-player-abilities-2024-2025-v1
69205,두산 베어스,이교훈,P,pitcher_pitchability,14,12,-2,KBO_2024_2025,kbo-player-abilities-2024-2025-v1
69205,두산 베어스,이교훈,P,pitcher_strikeout,16,13,-3,KBO_2024_2025,kbo-player-abilities-2024-2025-v1
69205,두산 베어스,이교훈,P,pitcher_walk_control,10,11,1,KBO_2024_2025,kbo-player-abilities-2024-2025-v1
69205,두산 베어스,이교훈,P,pitcher_composure,16,13,-3,KBO_2024_2025,kbo-player-abilities-2024-2025-v1
52204,두산 베어스,이병헌,P,pitcher_stuff,10,11,1,KBO_2024_2025,kbo-player-abilities-2024-2025-v1
52204,두산 베어스,이병헌,P,pitcher_command,8,10,2,KBO_2024_2025,kbo-player-abilities-2024-2025-v1
52204,두산 베어스,이병헌,P,pitcher_movement,11,12,1,KBO_2024_2025,kbo-player-abilities-2024-2025-v1
52204,두산 베어스,이병헌,P,pitcher_stamina,8,9,1,KBO_2024_2025,kbo-player-abilities-2024-2025-v1
52204,두산 베어스,이병헌,P,pitcher_pitchability,8,10,2,KBO_2024_2025,kbo-player-abilities-2024-2025-v1
52204,두산 베어스,이병헌,P,pitcher_strikeout,10,11,1,KBO_2024_2025,kbo-player-abilities-2024-2025-v1
52204,두산 베어스,이병헌,P,pitcher_walk_control,4,7,3,KBO_2024_2025,kbo-player-abilities-2024-2025-v1
52204,두산 베어스,이병헌,P,pitcher_composure,9,12,3,KBO_2024_2025,kbo-player-abilities-2024-2025-v1
64805,두산 베어스,이승진,P,pitcher_stuff,9,8,-1,FUTURES_2024_2025,kbo-player-abilities-2024-2025-v1
64805,두산 베어스,이승진,P,pitcher_command,9,8,-1,FUTURES_2024_2025,kbo-player-abilities-2024-2025-v1
64805,두산 베어스,이승진,P,pitcher_stamina,7,8,1,FUTURES_2024_2025,kbo-player-abilities-2024-2025-v1
64805,두산 베어스,이승진,P,pitcher_strikeout,5,6,1,FUTURES_2024_2025,kbo-player-abilities-2024-2025-v1
64805,두산 베어스,이승진,P,pitcher_walk_control,12,10,-2,FUTURES_2024_2025,kbo-player-abilities-2024-2025-v1
64805,두산 베어스,이승진,P,pitcher_composure,5,7,2,FUTURES_2024_2025,kbo-player-abilities-2024-2025-v1
66291,두산 베어스,이영하,P,pitcher_command,7,10,3,KBO_2024_2025,kbo-player-abilities-2024-2025-v1
66291,두산 베어스,이영하,P,pitcher_movement,16,15,-1,KBO_2024_2025,kbo-player-abilities-2024-2025-v1
66291,두산 베어스,이영하,P,pitcher_stamina,10,11,1,KBO_2024_2025,kbo-player-abilities-2024-2025-v1
66291,두산 베어스,이영하,P,pitcher_strikeout,18,16,-2,KBO_2024_2025,kbo-player-abilities-2024-2025-v1
66291,두산 베어스,이영하,P,pitcher_walk_control,4,7,3,KBO_2024_2025,kbo-player-abilities-2024-2025-v1
55239,두산 베어스,잭로그,P,pitcher_stuff,14,15,1,KBO_2024_2025,kbo-player-abilities-2024-2025-v1
55239,두산 베어스,잭로그,P,pitcher_command,15,16,1,KBO_2024_2025,kbo-player-abilities-2024-2025-v1
55239,두산 베어스,잭로그,P,pitcher_movement,19,16,-3,KBO_2024_2025,kbo-player-abilities-2024-2025-v1
55239,두산 베어스,잭로그,P,pitcher_stamina,20,17,-3,KBO_2024_2025,kbo-player-abilities-2024-2025-v1
55239,두산 베어스,잭로그,P,pitcher_pitchability,19,17,-2,KBO_2024_2025,kbo-player-abilities-2024-2025-v1
55239,두산 베어스,잭로그,P,pitcher_strikeout,17,15,-2,KBO_2024_2025,kbo-player-abilities-2024-2025-v1
55239,두산 베어스,잭로그,P,pitcher_walk_control,19,17,-2,KBO_2024_2025,kbo-player-abilities-2024-2025-v1
55239,두산 베어스,잭로그,P,pitcher_composure,19,17,-2,KBO_2024_2025,kbo-player-abilities-2024-2025-v1
50211,두산 베어스,제환유,P,pitcher_stuff,7,9,2,KBO_2024_2025,kbo-player-abilities-2024-2025-v1
50211,두산 베어스,제환유,P,pitcher_command,8,9,1,KBO_2024_2025,kbo-player-abilities-2024-2025-v1
50211,두산 베어스,제환유,P,pitcher_movement,7,10,3,KBO_2024_2025,kbo-player-abilities-2024-2025-v1
50211,두산 베어스,제환유,P,pitcher_stamina,12,11,-1,KBO_2024_2025,kbo-player-abilities-2024-2025-v1
50211,두산 베어스,제환유,P,pitcher_pitchability,5,8,3,KBO_2024_2025,kbo-player-abilities-2024-2025-v1
50211,두산 베어스,제환유,P,pitcher_strikeout,3,7,4,KBO_2024_2025,kbo-player-abilities-2024-2025-v1
50211,두산 베어스,제환유,P,pitcher_walk_control,5,8,3,KBO_2024_2025,kbo-player-abilities-2024-2025-v1
50211,두산 베어스,제환유,P,pitcher_composure,9,10,1,KBO_2024_2025,kbo-player-abilities-2024-2025-v1
55268,두산 베어스,최민석,P,pitcher_stuff,8,10,2,KBO_2024_2025,kbo-player-abilities-2024-2025-v1
55268,두산 베어스,최민석,P,pitcher_command,11,12,1,KBO_2024_2025,kbo-player-abilities-2024-2025-v1
55268,두산 베어스,최민석,P,pitcher_movement,11,12,1,KBO_2024_2025,kbo-player-abilities-2024-2025-v1
55268,두산 베어스,최민석,P,pitcher_stamina,17,15,-2,KBO_2024_2025,kbo-player-abilities-2024-2025-v1
55268,두산 베어스,최민석,P,pitcher_pitchability,9,10,1,KBO_2024_2025,kbo-player-abilities-2024-2025-v1
55268,두산 베어스,최민석,P,pitcher_strikeout,5,8,3,KBO_2024_2025,kbo-player-abilities-2024-2025-v1
55268,두산 베어스,최민석,P,pitcher_walk_control,10,11,1,KBO_2024_2025,kbo-player-abilities-2024-2025-v1
55268,두산 베어스,최민석,P,pitcher_composure,13,12,-1,KBO_2024_2025,kbo-player-abilities-2024-2025-v1
51264,두산 베어스,최승용,P,pitcher_movement,13,12,-1,KBO_2024_2025,kbo-player-abilities-2024-2025-v1
51264,두산 베어스,최승용,P,pitcher_stamina,19,16,-3,KBO_2024_2025,kbo-player-abilities-2024-2025-v1
51264,두산 베어스,최승용,P,pitcher_strikeout,2,6,4,KBO_2024_2025,kbo-player-abilities-2024-2025-v1
51264,두산 베어스,최승용,P,pitcher_walk_control,18,16,-2,KBO_2024_2025,kbo-player-abilities-2024-2025-v1
51264,두산 베어스,최승용,P,pitcher_composure,14,13,-1,KBO_2024_2025,kbo-player-abilities-2024-2025-v1
67263,두산 베어스,최원준,P,pitcher_stuff,6,8,2,KBO_2024_2025,kbo-player-abilities-2024-2025-v1
67263,두산 베어스,최원준,P,pitcher_command,12,13,1,KBO_2024_2025,kbo-player-abilities-2024-2025-v1
67263,두산 베어스,최원준,P,pitcher_movement,6,7,1,KBO_2024_2025,kbo-player-abilities-2024-2025-v1
67263,두산 베어스,최원준,P,pitcher_stamina,13,14,1,KBO_2024_2025,kbo-player-abilities-2024-2025-v1
67263,두산 베어스,최원준,P,pitcher_pitchability,9,10,1,KBO_2024_2025,kbo-player-abilities-2024-2025-v1
67263,두산 베어스,최원준,P,pitcher_strikeout,2,6,4,KBO_2024_2025,kbo-player-abilities-2024-2025-v1
67263,두산 베어스,최원준,P,pitcher_walk_control,16,15,-1,KBO_2024_2025,kbo-player-abilities-2024-2025-v1
50206,두산 베어스,최종인,P,pitcher_stuff,13,12,-1,KBO_2024_2025,kbo-player-abilities-2024-2025-v1
50206,두산 베어스,최종인,P,pitcher_command,9,10,1,KBO_2024_2025,kbo-player-abilities-2024-2025-v1
50206,두산 베어스,최종인,P,pitcher_movement,13,12,-1,KBO_2024_2025,kbo-player-abilities-2024-2025-v1
50206,두산 베어스,최종인,P,pitcher_stamina,8,9,1,KBO_2024_2025,kbo-player-abilities-2024-2025-v1
50206,두산 베어스,최종인,P,pitcher_pitchability,13,12,-1,KBO_2024_2025,kbo-player-abilities-2024-2025-v1
50206,두산 베어스,최종인,P,pitcher_strikeout,18,14,-4,KBO_2024_2025,kbo-player-abilities-2024-2025-v1
50206,두산 베어스,최종인,P,pitcher_walk_control,7,9,2,KBO_2024_2025,kbo-player-abilities-2024-2025-v1
50206,두산 베어스,최종인,P,pitcher_composure,12,11,-1,KBO_2024_2025,kbo-player-abilities-2024-2025-v1
53259,두산 베어스,최준호,P,pitcher_stuff,7,10,3,KBO_2024_2025,kbo-player-abilities-2024-2025-v1
53259,두산 베어스,최준호,P,pitcher_command,9,10,1,KBO_2024_2025,kbo-player-abilities-2024-2025-v1
53259,두산 베어스,최준호,P,pitcher_movement,5,8,3,KBO_2024_2025,kbo-player-abilities-2024-2025-v1
53259,두산 베어스,최준호,P,pitcher_stamina,10,12,2,KBO_2024_2025,kbo-player-abilities-2024-2025-v1
53259,두산 베어스,최준호,P,pitcher_pitchability,7,10,3,KBO_2024_2025,kbo-player-abilities-2024-2025-v1
53259,두산 베어스,최준호,P,pitcher_strikeout,7,10,3,KBO_2024_2025,kbo-player-abilities-2024-2025-v1
53259,두산 베어스,최준호,P,pitcher_walk_control,9,10,1,KBO_2024_2025,kbo-player-abilities-2024-2025-v1
53259,두산 베어스,최준호,P,pitcher_composure,5,8,3,KBO_2024_2025,kbo-player-abilities-2024-2025-v1
52206,두산 베어스,최지강,P,pitcher_command,11,12,1,KBO_2024_2025,kbo-player-abilities-2024-2025-v1
52206,두산 베어스,최지강,P,pitcher_movement,12,11,-1,KBO_2024_2025,kbo-player-abilities-2024-2025-v1
52206,두산 베어스,최지강,P,pitcher_pitchability,15,14,-1,KBO_2024_2025,kbo-player-abilities-2024-2025-v1
52206,두산 베어스,최지강,P,pitcher_strikeout,18,15,-3,KBO_2024_2025,kbo-player-abilities-2024-2025-v1
52206,두산 베어스,최지강,P,pitcher_walk_control,14,13,-1,KBO_2024_2025,kbo-player-abilities-2024-2025-v1
52206,두산 베어스,최지강,P,pitcher_composure,9,11,2,KBO_2024_2025,kbo-player-abilities-2024-2025-v1
55257,두산 베어스,콜어빈,P,pitcher_stuff,12,13,1,KBO_2024_2025,kbo-player-abilities-2024-2025-v1
55257,두산 베어스,콜어빈,P,pitcher_command,8,10,2,KBO_2024_2025,kbo-player-abilities-2024-2025-v1
55257,두산 베어스,콜어빈,P,pitcher_movement,15,14,-1,KBO_2024_2025,kbo-player-abilities-2024-2025-v1
55257,두산 베어스,콜어빈,P,pitcher_stamina,20,17,-3,KBO_2024_2025,kbo-player-abilities-2024-2025-v1
55257,두산 베어스,콜어빈,P,pitcher_pitchability,10,11,1,KBO_2024_2025,kbo-player-abilities-2024-2025-v1
55257,두산 베어스,콜어빈,P,pitcher_strikeout,14,13,-1,KBO_2024_2025,kbo-player-abilities-2024-2025-v1
55257,두산 베어스,콜어빈,P,pitcher_walk_control,4,7,3,KBO_2024_2025,kbo-player-abilities-2024-2025-v1
55257,두산 베어스,콜어빈,P,pitcher_composure,10,11,1,KBO_2024_2025,kbo-player-abilities-2024-2025-v1
61643,두산 베어스,홍건희,P,pitcher_stuff,9,10,1,KBO_2024_2025,kbo-player-abilities-2024-2025-v1
61643,두산 베어스,홍건희,P,pitcher_command,6,8,2,KBO_2024_2025,kbo-player-abilities-2024-2025-v1
61643,두산 베어스,홍건희,P,pitcher_movement,8,11,3,KBO_2024_2025,kbo-player-abilities-2024-2025-v1
61643,두산 베어스,홍건희,P,pitcher_stamina,9,10,1,KBO_2024_2025,kbo-player-abilities-2024-2025-v1
61643,두산 베어스,홍건희,P,pitcher_pitchability,6,9,3,KBO_2024_2025,kbo-player-abilities-2024-2025-v1
61643,두산 베어스,홍건희,P,pitcher_walk_control,3,7,4,KBO_2024_2025,kbo-player-abilities-2024-2025-v1
61643,두산 베어스,홍건희,P,pitcher_composure,6,10,4,KBO_2024_2025,kbo-player-abilities-2024-2025-v1
55267,두산 베어스,홍민규,P,pitcher_stuff,7,9,2,KBO_2024_2025,kbo-player-abilities-2024-2025-v1
55267,두산 베어스,홍민규,P,pitcher_command,10,11,1,KBO_2024_2025,kbo-player-abilities-2024-2025-v1
55267,두산 베어스,홍민규,P,pitcher_movement,7,9,2,KBO_2024_2025,kbo-player-abilities-2024-2025-v1
55267,두산 베어스,홍민규,P,pitcher_stamina,11,12,1,KBO_2024_2025,kbo-player-abilities-2024-2025-v1
55267,두산 베어스,홍민규,P,pitcher_pitchability,7,9,2,KBO_2024_2025,kbo-player-abilities-2024-2025-v1
55267,두산 베어스,홍민규,P,pitcher_strikeout,2,6,4,KBO_2024_2025,kbo-player-abilities-2024-2025-v1
55267,두산 베어스,홍민규,P,pitcher_composure,10,11,1,KBO_2024_2025,kbo-player-abilities-2024-2025-v1
55258,두산 베어스,황희천,P,pitcher_stuff,10,9,-1,FUTURES_2024_2025,kbo-player-abilities-2024-2025-v1
55258,두산 베어스,황희천,P,pitcher_command,7,8,1,FUTURES_2024_2025,kbo-player-abilities-2024-2025-v1
55258,두산 베어스,황희천,P,pitcher_movement,10,9,-1,FUTURES_2024_2025,kbo-player-abilities-2024-2025-v1
55258,두산 베어스,황희천,P,pitcher_stamina,6,7,1,FUTURES_2024_2025,kbo-player-abilities-2024-2025-v1
55258,두산 베어스,황희천,P,pitcher_pitchability,9,8,-1,FUTURES_2024_2025,kbo-player-abilities-2024-2025-v1
55258,두산 베어스,황희천,P,pitcher_strikeout,12,10,-2,FUTURES_2024_2025,kbo-player-abilities-2024-2025-v1
55258,두산 베어스,황희천,P,pitcher_walk_control,5,7,2,FUTURES_2024_2025,kbo-player-abilities-2024-2025-v1
55258,두산 베어스,황희천,P,pitcher_composure,10,9,-1,FUTURES_2024_2025,kbo-player-abilities-2024-2025-v1
54506,롯데 자이언츠,강승구,C,contact,10,11,1,KBO_2024_2025,kbo-player-abilities-2024-2025-v1
54506,롯데 자이언츠,강승구,C,power,10,11,1,KBO_2024_2025,kbo-player-abilities-2024-2025-v1
54506,롯데 자이언츠,강승구,C,plate_discipline,10,11,1,KBO_2024_2025,kbo-player-abilities-2024-2025-v1
54506,롯데 자이언츠,강승구,C,bat_control,10,11,1,KBO_2024_2025,kbo-player-abilities-2024-2025-v1
55509,롯데 자이언츠,박건우,C,contact,10,11,1,KBO_2024_2025,kbo-player-abilities-2024-2025-v1
55509,롯데 자이언츠,박건우,C,power,10,11,1,KBO_2024_2025,kbo-player-abilities-2024-2025-v1
55509,롯데 자이언츠,박건우,C,plate_discipline,10,11,1,KBO_2024_2025,kbo-player-abilities-2024-2025-v1
55509,롯데 자이언츠,박건우,C,bat_control,10,11,1,KBO_2024_2025,kbo-player-abilities-2024-2025-v1
55563,롯데 자이언츠,박재엽,C,power,13,12,-1,KBO_2024_2025,kbo-player-abilities-2024-2025-v1
55563,롯데 자이언츠,박재엽,C,plate_discipline,12,11,-1,KBO_2024_2025,kbo-player-abilities-2024-2025-v1
54507,롯데 자이언츠,백두산,C,contact,5,9,4,KBO_2024_2025,kbo-player-abilities-2024-2025-v1
54507,롯데 자이언츠,백두산,C,power,8,10,2,KBO_2024_2025,kbo-player-abilities-2024-2025-v1
54507,롯데 자이언츠,백두산,C,plate_discipline,4,9,5,KBO_2024_2025,kbo-player-abilities-2024-2025-v1
54507,롯데 자이언츠,백두산,C,bat_control,4,9,5,KBO_2024_2025,kbo-player-abilities-2024-2025-v1
54507,롯데 자이언츠,백두산,C,timing,7,9,2,KBO_2024_2025,kbo-player-abilities-2024-2025-v1
54507,롯데 자이언츠,백두산,C,speed,9,10,1,KBO_2024_2025,kbo-player-abilities-2024-2025-v1
54507,롯데 자이언츠,백두산,C,baserunning_judgment,9,10,1,KBO_2024_2025,kbo-player-abilities-2024-2025-v1
51528,롯데 자이언츠,손성빈,C,contact,5,8,3,KBO_2024_2025,kbo-player-abilities-2024-2025-v1
51528,롯데 자이언츠,손성빈,C,power,7,11,4,KBO_2024_2025,kbo-player-abilities-2024-2025-v1
51528,롯데 자이언츠,손성빈,C,plate_discipline,7,9,2,KBO_2024_2025,kbo-player-abilities-2024-2025-v1
51528,롯데 자이언츠,손성빈,C,bat_control,7,9,2,KBO_2024_2025,kbo-player-abilities-2024-2025-v1
51528,롯데 자이언츠,손성빈,C,timing,6,8,2,KBO_2024_2025,kbo-player-abilities-2024-2025-v1
51528,롯데 자이언츠,손성빈,C,speed,10,9,-1,KBO_2024_2025,kbo-player-abilities-2024-2025-v1
51528,롯데 자이언츠,손성빈,C,baserunning_judgment,11,9,-2,KBO_2024_2025,kbo-player-abilities-2024-2025-v1
61102,롯데 자이언츠,유강남,C,contact,15,13,-2,KBO_2024_2025,kbo-player-abilities-2024-2025-v1
61102,롯데 자이언츠,유강남,C,power,14,13,-1,KBO_2024_2025,kbo-player-abilities-2024-2025-v1
61102,롯데 자이언츠,유강남,C,timing,13,12,-1,KBO_2024_2025,kbo-player-abilities-2024-2025-v1
61102,롯데 자이언츠,유강남,C,speed,8,7,-1,KBO_2024_2025,kbo-player-abilities-2024-2025-v1
61102,롯데 자이언츠,유강남,C,baserunning_judgment,9,8,-1,KBO_2024_2025,kbo-player-abilities-2024-2025-v1
68518,롯데 자이언츠,정보근,C,contact,6,8,2,KBO_2024_2025,kbo-player-abilities-2024-2025-v1
68518,롯데 자이언츠,정보근,C,power,7,9,2,KBO_2024_2025,kbo-player-abilities-2024-2025-v1
68518,롯데 자이언츠,정보근,C,plate_discipline,12,11,-1,KBO_2024_2025,kbo-player-abilities-2024-2025-v1
68518,롯데 자이언츠,정보근,C,bat_control,6,8,2,KBO_2024_2025,kbo-player-abilities-2024-2025-v1
68518,롯데 자이언츠,정보근,C,timing,8,9,1,KBO_2024_2025,kbo-player-abilities-2024-2025-v1
68518,롯데 자이언츠,정보근,C,speed,10,9,-1,KBO_2024_2025,kbo-player-abilities-2024-2025-v1
68518,롯데 자이언츠,정보근,C,baserunning_judgment,11,9,-2,KBO_2024_2025,kbo-player-abilities-2024-2025-v1
69517,롯데 자이언츠,고승민,IF,power,11,12,1,KBO_2024_2025,kbo-player-abilities-2024-2025-v1
69517,롯데 자이언츠,고승민,IF,plate_discipline,15,14,-1,KBO_2024_2025,kbo-player-abilities-2024-2025-v1
69517,롯데 자이언츠,고승민,IF,timing,13,14,1,KBO_2024_2025,kbo-player-abilities-2024-2025-v1
69517,롯데 자이언츠,고승민,IF,baserunning_judgment,12,13,1,KBO_2024_2025,kbo-player-abilities-2024-2025-v1
77564,롯데 자이언츠,김민성,IF,contact,13,12,-1,KBO_2024_2025,kbo-player-abilities-2024-2025-v1
77564,롯데 자이언츠,김민성,IF,plate_discipline,16,15,-1,KBO_2024_2025,kbo-player-abilities-2024-2025-v1
77564,롯데 자이언츠,김민성,IF,bat_control,12,11,-1,KBO_2024_2025,kbo-player-abilities-2024-2025-v1
77564,롯데 자이언츠,김민성,IF,timing,12,11,-1,KBO_2024_2025,kbo-player-abilities-2024-2025-v1
77564,롯데 자이언츠,김민성,IF,speed,10,9,-1,KBO_2024_2025,kbo-player-abilities-2024-2025-v1
77564,롯데 자이언츠,김민성,IF,baserunning_judgment,10,9,-1,KBO_2024_2025,kbo-player-abilities-2024-2025-v1
52514,롯데 자이언츠,김세민,IF,contact,11,10,-1,FUTURES_2024_2025,kbo-player-abilities-2024-2025-v1
52514,롯데 자이언츠,김세민,IF,power,12,10,-2,FUTURES_2024_2025,kbo-player-abilities-2024-2025-v1
52514,롯데 자이언츠,김세민,IF,plate_discipline,9,8,-1,FUTURES_2024_2025,kbo-player-abilities-2024-2025-v1
52514,롯데 자이언츠,김세민,IF,bat_control,11,10,-1,FUTURES_2024_2025,kbo-player-abilities-2024-2025-v1
52514,롯데 자이언츠,김세민,IF,timing,11,10,-1,FUTURES_2024_2025,kbo-player-abilities-2024-2025-v1
52514,롯데 자이언츠,김세민,IF,speed,9,10,1,FUTURES_2024_2025,kbo-player-abilities-2024-2025-v1
52514,롯데 자이언츠,김세민,IF,baserunning_judgment,9,10,1,FUTURES_2024_2025,kbo-player-abilities-2024-2025-v1
51551,롯데 자이언츠,나승엽,IF,contact,12,13,1,KBO_2024_2025,kbo-player-abilities-2024-2025-v1
51551,롯데 자이언츠,나승엽,IF,power,15,14,-1,KBO_2024_2025,kbo-player-abilities-2024-2025-v1
51551,롯데 자이언츠,나승엽,IF,plate_discipline,17,16,-1,KBO_2024_2025,kbo-player-abilities-2024-2025-v1
51551,롯데 자이언츠,나승엽,IF,bat_control,12,13,1,KBO_2024_2025,kbo-player-abilities-2024-2025-v1
51551,롯데 자이언츠,나승엽,IF,timing,12,13,1,KBO_2024_2025,kbo-player-abilities-2024-2025-v1
62931,롯데 자이언츠,노진혁,IF,contact,12,11,-1,KBO_2024_2025,kbo-player-abilities-2024-2025-v1
62931,롯데 자이언츠,노진혁,IF,power,12,11,-1,KBO_2024_2025,kbo-player-abilities-2024-2025-v1
62931,롯데 자이언츠,노진혁,IF,timing,10,11,1,KBO_2024_2025,kbo-player-abilities-2024-2025-v1
62931,롯데 자이언츠,노진혁,IF,speed,11,10,-1,KBO_2024_2025,kbo-player-abilities-2024-2025-v1
62931,롯데 자이언츠,노진혁,IF,baserunning_judgment,11,9,-2,KBO_2024_2025,kbo-player-abilities-2024-2025-v1
62802,롯데 자이언츠,박승욱,IF,contact,5,9,4,KBO_2024_2025,kbo-player-abilities-2024-2025-v1
62802,롯데 자이언츠,박승욱,IF,power,5,9,4,KBO_2024_2025,kbo-player-abilities-2024-2025-v1
62802,롯데 자이언츠,박승욱,IF,plate_discipline,7,10,3,KBO_2024_2025,kbo-player-abilities-2024-2025-v1
62802,롯데 자이언츠,박승욱,IF,bat_control,7,9,2,KBO_2024_2025,kbo-player-abilities-2024-2025-v1
62802,롯데 자이언츠,박승욱,IF,timing,5,8,3,KBO_2024_2025,kbo-player-abilities-2024-2025-v1
62802,롯데 자이언츠,박승욱,IF,speed,11,12,1,KBO_2024_2025,kbo-player-abilities-2024-2025-v1
55530,롯데 자이언츠,박찬형,IF,contact,16,15,-1,KBO_2024_2025,kbo-player-abilities-2024-2025-v1
55530,롯데 자이언츠,박찬형,IF,power,15,14,-1,KBO_2024_2025,kbo-player-abilities-2024-2025-v1
55530,롯데 자이언츠,박찬형,IF,speed,12,11,-1,KBO_2024_2025,kbo-player-abilities-2024-2025-v1
55530,롯데 자이언츠,박찬형,IF,baserunning_judgment,10,11,1,KBO_2024_2025,kbo-player-abilities-2024-2025-v1
50150,롯데 자이언츠,손호영,IF,contact,12,13,1,KBO_2024_2025,kbo-player-abilities-2024-2025-v1
50150,롯데 자이언츠,손호영,IF,power,11,13,2,KBO_2024_2025,kbo-player-abilities-2024-2025-v1
50150,롯데 자이언츠,손호영,IF,plate_discipline,9,8,-1,KBO_2024_2025,kbo-player-abilities-2024-2025-v1
50150,롯데 자이언츠,손호영,IF,bat_control,12,13,1,KBO_2024_2025,kbo-player-abilities-2024-2025-v1
50150,롯데 자이언츠,손호영,IF,timing,12,13,1,KBO_2024_2025,kbo-player-abilities-2024-2025-v1
50150,롯데 자이언츠,손호영,IF,speed,12,13,1,KBO_2024_2025,kbo-player-abilities-2024-2025-v1
50150,롯데 자이언츠,손호영,IF,baserunning_judgment,12,14,2,KBO_2024_2025,kbo-player-abilities-2024-2025-v1
69508,롯데 자이언츠,신윤후,IF,contact,9,10,1,KBO_2024_2025,kbo-player-abilities-2024-2025-v1
69508,롯데 자이언츠,신윤후,IF,power,8,9,1,KBO_2024_2025,kbo-player-abilities-2024-2025-v1
69508,롯데 자이언츠,신윤후,IF,plate_discipline,8,9,1,KBO_2024_2025,kbo-player-abilities-2024-2025-v1
69508,롯데 자이언츠,신윤후,IF,bat_control,9,10,1,KBO_2024_2025,kbo-player-abilities-2024-2025-v1
69508,롯데 자이언츠,신윤후,IF,timing,9,10,1,KBO_2024_2025,kbo-player-abilities-2024-2025-v1
69508,롯데 자이언츠,신윤후,IF,baserunning_judgment,11,12,1,KBO_2024_2025,kbo-player-abilities-2024-2025-v1
55511,롯데 자이언츠,이태경,IF,contact,10,11,1,KBO_2024_2025,kbo-player-abilities-2024-2025-v1
55511,롯데 자이언츠,이태경,IF,power,10,11,1,KBO_2024_2025,kbo-player-abilities-2024-2025-v1
55511,롯데 자이언츠,이태경,IF,plate_discipline,10,11,1,KBO_2024_2025,kbo-player-abilities-2024-2025-v1
55511,롯데 자이언츠,이태경,IF,bat_control,10,11,1,KBO_2024_2025,kbo-player-abilities-2024-2025-v1
54598,롯데 자이언츠,이호준,IF,power,15,14,-1,KBO_2024_2025,kbo-player-abilities-2024-2025-v1
54598,롯데 자이언츠,이호준,IF,speed,12,11,-1,KBO_2024_2025,kbo-player-abilities-2024-2025-v1
54598,롯데 자이언츠,이호준,IF,baserunning_judgment,12,11,-1,KBO_2024_2025,kbo-player-abilities-2024-2025-v1
68205,롯데 자이언츠,전민재,IF,contact,15,14,-1,KBO_2024_2025,kbo-player-abilities-2024-2025-v1
68205,롯데 자이언츠,전민재,IF,power,12,11,-1,KBO_2024_2025,kbo-player-abilities-2024-2025-v1
68205,롯데 자이언츠,전민재,IF,bat_control,15,14,-1,KBO_2024_2025,kbo-player-abilities-2024-2025-v1
68205,롯데 자이언츠,전민재,IF,timing,14,13,-1,KBO_2024_2025,kbo-player-abilities-2024-2025-v1
68205,롯데 자이언츠,전민재,IF,speed,11,12,1,KBO_2024_2025,kbo-player-abilities-2024-2025-v1
68205,롯데 자이언츠,전민재,IF,baserunning_judgment,10,11,1,KBO_2024_2025,kbo-player-abilities-2024-2025-v1
60523,롯데 자이언츠,정훈,IF,contact,9,10,1,KBO_2024_2025,kbo-player-abilities-2024-2025-v1
60523,롯데 자이언츠,정훈,IF,power,9,12,3,KBO_2024_2025,kbo-player-abilities-2024-2025-v1
60523,롯데 자이언츠,정훈,IF,plate_discipline,7,10,3,KBO_2024_2025,kbo-player-abilities-2024-2025-v1
60523,롯데 자이언츠,정훈,IF,bat_control,9,11,2,KBO_2024_2025,kbo-player-abilities-2024-2025-v1
60523,롯데 자이언츠,정훈,IF,timing,9,10,1,KBO_2024_2025,kbo-player-abilities-2024-2025-v1
60523,롯데 자이언츠,정훈,IF,speed,9,10,1,KBO_2024_2025,kbo-player-abilities-2024-2025-v1
62884,롯데 자이언츠,최항,IF,contact,10,11,1,KBO_2024_2025,kbo-player-abilities-2024-2025-v1
62884,롯데 자이언츠,최항,IF,power,10,9,-1,KBO_2024_2025,kbo-player-abilities-2024-2025-v1
62884,롯데 자이언츠,최항,IF,plate_discipline,10,11,1,KBO_2024_2025,kbo-player-abilities-2024-2025-v1
62884,롯데 자이언츠,최항,IF,bat_control,10,11,1,KBO_2024_2025,kbo-player-abilities-2024-2025-v1
62884,롯데 자이언츠,최항,IF,speed,11,10,-1,KBO_2024_2025,kbo-player-abilities-2024-2025-v1
62884,롯데 자이언츠,최항,IF,baserunning_judgment,11,10,-1,KBO_2024_2025,kbo-player-abilities-2024-2025-v1
52568,롯데 자이언츠,한태양,IF,contact,14,13,-1,KBO_2024_2025,kbo-player-abilities-2024-2025-v1
52568,롯데 자이언츠,한태양,IF,power,13,12,-1,KBO_2024_2025,kbo-player-abilities-2024-2025-v1
52568,롯데 자이언츠,한태양,IF,plate_discipline,15,14,-1,KBO_2024_2025,kbo-player-abilities-2024-2025-v1
52568,롯데 자이언츠,한태양,IF,speed,13,12,-1,KBO_2024_2025,kbo-player-abilities-2024-2025-v1
52568,롯데 자이언츠,한태양,IF,baserunning_judgment,11,12,1,KBO_2024_2025,kbo-player-abilities-2024-2025-v1
52504,롯데 자이언츠,김동혁,OF,speed,14,13,-1,KBO_2024_2025,kbo-player-abilities-2024-2025-v1
52504,롯데 자이언츠,김동혁,OF,baserunning_judgment,11,12,1,KBO_2024_2025,kbo-player-abilities-2024-2025-v1
55502,롯데 자이언츠,김동현,OF,contact,14,12,-2,FUTURES_2024_2025,kbo-player-abilities-2024-2025-v1
55502,롯데 자이언츠,김동현,OF,power,15,12,-3,FUTURES_2024_2025,kbo-player-abilities-2024-2025-v1
55502,롯데 자이언츠,김동현,OF,plate_discipline,15,13,-2,FUTURES_2024_2025,kbo-player-abilities-2024-2025-v1
55502,롯데 자이언츠,김동현,OF,bat_control,14,11,-3,FUTURES_2024_2025,kbo-player-abilities-2024-2025-v1
55502,롯데 자이언츠,김동현,OF,timing,13,12,-1,FUTURES_2024_2025,kbo-player-abilities-2024-2025-v1
55502,롯데 자이언츠,김동현,OF,speed,8,7,-1,FUTURES_2024_2025,kbo-player-abilities-2024-2025-v1
55502,롯데 자이언츠,김동현,OF,baserunning_judgment,9,7,-2,FUTURES_2024_2025,kbo-player-abilities-2024-2025-v1
54529,롯데 자이언츠,레이예스,OF,contact,20,18,-2,KBO_2024_2025,kbo-player-abilities-2024-2025-v1
54529,롯데 자이언츠,레이예스,OF,power,17,16,-1,KBO_2024_2025,kbo-player-abilities-2024-2025-v1
54529,롯데 자이언츠,레이예스,OF,plate_discipline,15,13,-2,KBO_2024_2025,kbo-player-abilities-2024-2025-v1
54529,롯데 자이언츠,레이예스,OF,bat_control,17,16,-1,KBO_2024_2025,kbo-player-abilities-2024-2025-v1
54529,롯데 자이언츠,레이예스,OF,timing,17,16,-1,KBO_2024_2025,kbo-player-abilities-2024-2025-v1
54529,롯데 자이언츠,레이예스,OF,speed,12,11,-1,KBO_2024_2025,kbo-player-abilities-2024-2025-v1
54529,롯데 자이언츠,레이예스,OF,baserunning_judgment,12,13,1,KBO_2024_2025,kbo-player-abilities-2024-2025-v1
52591,롯데 자이언츠,윤동희,OF,contact,16,15,-1,KBO_2024_2025,kbo-player-abilities-2024-2025-v1
52591,롯데 자이언츠,윤동희,OF,power,17,16,-1,KBO_2024_2025,kbo-player-abilities-2024-2025-v1
52591,롯데 자이언츠,윤동희,OF,plate_discipline,17,16,-1,KBO_2024_2025,kbo-player-abilities-2024-2025-v1
52591,롯데 자이언츠,윤동희,OF,bat_control,14,13,-1,KBO_2024_2025,kbo-player-abilities-2024-2025-v1
52591,롯데 자이언츠,윤동희,OF,speed,12,11,-1,KBO_2024_2025,kbo-player-abilities-2024-2025-v1
52591,롯데 자이언츠,윤동희,OF,baserunning_judgment,11,12,1,KBO_2024_2025,kbo-player-abilities-2024-2025-v1
50608,롯데 자이언츠,이인한,OF,contact,5,9,4,KBO_2024_2025,kbo-player-abilities-2024-2025-v1
50608,롯데 자이언츠,이인한,OF,power,7,10,3,KBO_2024_2025,kbo-player-abilities-2024-2025-v1
50608,롯데 자이언츠,이인한,OF,plate_discipline,4,9,5,KBO_2024_2025,kbo-player-abilities-2024-2025-v1
50608,롯데 자이언츠,이인한,OF,bat_control,5,9,4,KBO_2024_2025,kbo-player-abilities-2024-2025-v1
50608,롯데 자이언츠,이인한,OF,timing,7,9,2,KBO_2024_2025,kbo-player-abilities-2024-2025-v1
50608,롯데 자이언츠,이인한,OF,speed,9,10,1,KBO_2024_2025,kbo-player-abilities-2024-2025-v1
50608,롯데 자이언츠,이인한,OF,baserunning_judgment,8,10,2,KBO_2024_2025,kbo-player-abilities-2024-2025-v1
68507,롯데 자이언츠,장두성,OF,contact,11,12,1,KBO_2024_2025,kbo-player-abilities-2024-2025-v1
68507,롯데 자이언츠,장두성,OF,power,7,8,1,KBO_2024_2025,kbo-player-abilities-2024-2025-v1
68507,롯데 자이언츠,장두성,OF,timing,10,11,1,KBO_2024_2025,kbo-player-abilities-2024-2025-v1
68507,롯데 자이언츠,장두성,OF,speed,15,14,-1,KBO_2024_2025,kbo-player-abilities-2024-2025-v1
68507,롯데 자이언츠,장두성,OF,baserunning_judgment,10,13,3,KBO_2024_2025,kbo-player-abilities-2024-2025-v1
78513,롯데 자이언츠,전준우,OF,contact,17,16,-1,KBO_2024_2025,kbo-player-abilities-2024-2025-v1
78513,롯데 자이언츠,전준우,OF,power,16,15,-1,KBO_2024_2025,kbo-player-abilities-2024-2025-v1
78513,롯데 자이언츠,전준우,OF,bat_control,16,15,-1,KBO_2024_2025,kbo-player-abilities-2024-2025-v1
78513,롯데 자이언츠,전준우,OF,baserunning_judgment,11,12,1,KBO_2024_2025,kbo-player-abilities-2024-2025-v1
52516,롯데 자이언츠,조세진,OF,contact,10,11,1,KBO_2024_2025,kbo-player-abilities-2024-2025-v1
52516,롯데 자이언츠,조세진,OF,power,10,11,1,KBO_2024_2025,kbo-player-abilities-2024-2025-v1
52516,롯데 자이언츠,조세진,OF,plate_discipline,10,11,1,KBO_2024_2025,kbo-player-abilities-2024-2025-v1
52516,롯데 자이언츠,조세진,OF,bat_control,10,11,1,KBO_2024_2025,kbo-player-abilities-2024-2025-v1
55506,롯데 자이언츠,한승현,OF,contact,7,9,2,KBO_2024_2025,kbo-player-abilities-2024-2025-v1
55506,롯데 자이언츠,한승현,OF,power,7,10,3,KBO_2024_2025,kbo-player-abilities-2024-2025-v1
55506,롯데 자이언츠,한승현,OF,plate_discipline,7,10,3,KBO_2024_2025,kbo-player-abilities-2024-2025-v1
55506,롯데 자이언츠,한승현,OF,bat_control,7,10,3,KBO_2024_2025,kbo-player-abilities-2024-2025-v1
55506,롯데 자이언츠,한승현,OF,timing,7,9,2,KBO_2024_2025,kbo-player-abilities-2024-2025-v1
55506,롯데 자이언츠,한승현,OF,speed,12,11,-1,KBO_2024_2025,kbo-player-abilities-2024-2025-v1
50500,롯데 자이언츠,황성빈,OF,contact,14,15,1,KBO_2024_2025,kbo-player-abilities-2024-2025-v1
50500,롯데 자이언츠,황성빈,OF,bat_control,13,14,1,KBO_2024_2025,kbo-player-abilities-2024-2025-v1
50500,롯데 자이언츠,황성빈,OF,timing,11,13,2,KBO_2024_2025,kbo-player-abilities-2024-2025-v1
50500,롯데 자이언츠,황성빈,OF,speed,16,15,-1,KBO_2024_2025,kbo-player-abilities-2024-2025-v1
50500,롯데 자이언츠,황성빈,OF,baserunning_judgment,13,15,2,KBO_2024_2025,kbo-player-abilities-2024-2025-v1
55532,롯데 자이언츠,감보아,P,pitcher_stuff,16,15,-1,KBO_2024_2025,kbo-player-abilities-2024-2025-v1
55532,롯데 자이언츠,감보아,P,pitcher_command,12,13,1,KBO_2024_2025,kbo-player-abilities-2024-2025-v1
55532,롯데 자이언츠,감보아,P,pitcher_movement,18,15,-3,KBO_2024_2025,kbo-player-abilities-2024-2025-v1
55532,롯데 자이언츠,감보아,P,pitcher_stamina,20,17,-3,KBO_2024_2025,kbo-player-abilities-2024-2025-v1
55532,롯데 자이언츠,감보아,P,pitcher_pitchability,16,15,-1,KBO_2024_2025,kbo-player-abilities-2024-2025-v1
55532,롯데 자이언츠,감보아,P,pitcher_strikeout,19,16,-3,KBO_2024_2025,kbo-player-abilities-2024-2025-v1
55532,롯데 자이언츠,감보아,P,pitcher_walk_control,10,11,1,KBO_2024_2025,kbo-player-abilities-2024-2025-v1
55532,롯데 자이언츠,감보아,P,pitcher_composure,17,15,-2,KBO_2024_2025,kbo-player-abilities-2024-2025-v1
63543,롯데 자이언츠,구승민,P,pitcher_stuff,11,12,1,KBO_2024_2025,kbo-player-abilities-2024-2025-v1
63543,롯데 자이언츠,구승민,P,pitcher_command,9,10,1,KBO_2024_2025,kbo-player-abilities-2024-2025-v1
63543,롯데 자이언츠,구승민,P,pitcher_pitchability,10,11,1,KBO_2024_2025,kbo-player-abilities-2024-2025-v1
63543,롯데 자이언츠,구승민,P,pitcher_strikeout,15,14,-1,KBO_2024_2025,kbo-player-abilities-2024-2025-v1
63543,롯데 자이언츠,구승민,P,pitcher_walk_control,7,8,1,KBO_2024_2025,kbo-player-abilities-2024-2025-v1
63543,롯데 자이언츠,구승민,P,pitcher_composure,9,10,1,KBO_2024_2025,kbo-player-abilities-2024-2025-v1
65522,롯데 자이언츠,김강현,P,pitcher_stuff,7,9,2,KBO_2024_2025,kbo-player-abilities-2024-2025-v1
65522,롯데 자이언츠,김강현,P,pitcher_command,14,13,-1,KBO_2024_2025,kbo-player-abilities-2024-2025-v1
65522,롯데 자이언츠,김강현,P,pitcher_movement,8,9,1,KBO_2024_2025,kbo-player-abilities-2024-2025-v1
65522,롯데 자이언츠,김강현,P,pitcher_stamina,10,11,1,KBO_2024_2025,kbo-player-abilities-2024-2025-v1
65522,롯데 자이언츠,김강현,P,pitcher_pitchability,10,11,1,KBO_2024_2025,kbo-player-abilities-2024-2025-v1
65522,롯데 자이언츠,김강현,P,pitcher_strikeout,2,6,4,KBO_2024_2025,kbo-player-abilities-2024-2025-v1
65522,롯데 자이언츠,김강현,P,pitcher_walk_control,18,15,-3,KBO_2024_2025,kbo-player-abilities-2024-2025-v1
65522,롯데 자이언츠,김강현,P,pitcher_composure,14,13,-1,KBO_2024_2025,kbo-player-abilities-2024-2025-v1
68585,롯데 자이언츠,김도규,P,pitcher_stuff,4,8,4,KBO_2024_2025,kbo-player-abilities-2024-2025-v1
68585,롯데 자이언츠,김도규,P,pitcher_command,3,7,4,KBO_2024_2025,kbo-player-abilities-2024-2025-v1
68585,롯데 자이언츠,김도규,P,pitcher_movement,7,10,3,KBO_2024_2025,kbo-player-abilities-2024-2025-v1
68585,롯데 자이언츠,김도규,P,pitcher_stamina,7,9,2,KBO_2024_2025,kbo-player-abilities-2024-2025-v1
68585,롯데 자이언츠,김도규,P,pitcher_pitchability,3,8,5,KBO_2024_2025,kbo-player-abilities-2024-2025-v1
68585,롯데 자이언츠,김도규,P,pitcher_strikeout,3,8,5,KBO_2024_2025,kbo-player-abilities-2024-2025-v1
68585,롯데 자이언츠,김도규,P,pitcher_walk_control,6,9,3,KBO_2024_2025,kbo-player-abilities-2024-2025-v1
68585,롯데 자이언츠,김도규,P,pitcher_composure,1,7,6,KBO_2024_2025,kbo-player-abilities-2024-2025-v1
76430,롯데 자이언츠,김상수,P,pitcher_stuff,8,10,2,KBO_2024_2025,kbo-player-abilities-2024-2025-v1
76430,롯데 자이언츠,김상수,P,pitcher_command,9,11,2,KBO_2024_2025,kbo-player-abilities-2024-2025-v1
76430,롯데 자이언츠,김상수,P,pitcher_movement,7,10,3,KBO_2024_2025,kbo-player-abilities-2024-2025-v1
76430,롯데 자이언츠,김상수,P,pitcher_pitchability,7,10,3,KBO_2024_2025,kbo-player-abilities-2024-2025-v1
76430,롯데 자이언츠,김상수,P,pitcher_strikeout,5,8,3,KBO_2024_2025,kbo-player-abilities-2024-2025-v1
76430,롯데 자이언츠,김상수,P,pitcher_walk_control,11,12,1,KBO_2024_2025,kbo-player-abilities-2024-2025-v1
76430,롯데 자이언츠,김상수,P,pitcher_composure,5,9,4,KBO_2024_2025,kbo-player-abilities-2024-2025-v1
62528,롯데 자이언츠,김원중,P,pitcher_command,9,10,1,KBO_2024_2025,kbo-player-abilities-2024-2025-v1
62528,롯데 자이언츠,김원중,P,pitcher_movement,15,14,-1,KBO_2024_2025,kbo-player-abilities-2024-2025-v1
62528,롯데 자이언츠,김원중,P,pitcher_stamina,10,11,1,KBO_2024_2025,kbo-player-abilities-2024-2025-v1
62528,롯데 자이언츠,김원중,P,pitcher_pitchability,14,13,-1,KBO_2024_2025,kbo-player-abilities-2024-2025-v1
62528,롯데 자이언츠,김원중,P,pitcher_strikeout,19,16,-3,KBO_2024_2025,kbo-player-abilities-2024-2025-v1
62528,롯데 자이언츠,김원중,P,pitcher_walk_control,6,9,3,KBO_2024_2025,kbo-player-abilities-2024-2025-v1
62528,롯데 자이언츠,김원중,P,pitcher_composure,16,15,-1,KBO_2024_2025,kbo-player-abilities-2024-2025-v1
51516,롯데 자이언츠,김진욱,P,pitcher_stuff,7,10,3,KBO_2024_2025,kbo-player-abilities-2024-2025-v1
51516,롯데 자이언츠,김진욱,P,pitcher_command,7,9,2,KBO_2024_2025,kbo-player-abilities-2024-2025-v1
51516,롯데 자이언츠,김진욱,P,pitcher_movement,3,6,3,KBO_2024_2025,kbo-player-abilities-2024-2025-v1
51516,롯데 자이언츠,김진욱,P,pitcher_stamina,11,13,2,KBO_2024_2025,kbo-player-abilities-2024-2025-v1
51516,롯데 자이언츠,김진욱,P,pitcher_pitchability,6,9,3,KBO_2024_2025,kbo-player-abilities-2024-2025-v1
51516,롯데 자이언츠,김진욱,P,pitcher_strikeout,10,12,2,KBO_2024_2025,kbo-player-abilities-2024-2025-v1
51516,롯데 자이언츠,김진욱,P,pitcher_walk_control,7,9,2,KBO_2024_2025,kbo-player-abilities-2024-2025-v1
51516,롯데 자이언츠,김진욱,P,pitcher_composure,2,6,4,KBO_2024_2025,kbo-player-abilities-2024-2025-v1
55566,롯데 자이언츠,김태현,P,pitcher_command,8,10,2,KBO_2024_2025,kbo-player-abilities-2024-2025-v1
55566,롯데 자이언츠,김태현,P,pitcher_movement,12,11,-1,KBO_2024_2025,kbo-player-abilities-2024-2025-v1
55566,롯데 자이언츠,김태현,P,pitcher_pitchability,9,10,1,KBO_2024_2025,kbo-player-abilities-2024-2025-v1
55566,롯데 자이언츠,김태현,P,pitcher_strikeout,13,12,-1,KBO_2024_2025,kbo-player-abilities-2024-2025-v1
55566,롯데 자이언츠,김태현,P,pitcher_walk_control,6,9,3,KBO_2024_2025,kbo-player-abilities-2024-2025-v1
67539,롯데 자이언츠,나균안,P,pitcher_stuff,11,12,1,KBO_2024_2025,kbo-player-abilities-2024-2025-v1
67539,롯데 자이언츠,나균안,P,pitcher_command,13,12,-1,KBO_2024_2025,kbo-player-abilities-2024-2025-v1
67539,롯데 자이언츠,나균안,P,pitcher_movement,11,10,-1,KBO_2024_2025,kbo-player-abilities-2024-2025-v1
67539,롯데 자이언츠,나균안,P,pitcher_stamina,18,17,-1,KBO_2024_2025,kbo-player-abilities-2024-2025-v1
67539,롯데 자이언츠,나균안,P,pitcher_pitchability,14,13,-1,KBO_2024_2025,kbo-player-abilities-2024-2025-v1
67539,롯데 자이언츠,나균안,P,pitcher_strikeout,12,13,1,KBO_2024_2025,kbo-player-abilities-2024-2025-v1
67539,롯데 자이언츠,나균안,P,pitcher_walk_control,16,13,-3,KBO_2024_2025,kbo-player-abilities-2024-2025-v1
67539,롯데 자이언츠,나균안,P,pitcher_composure,15,12,-3,KBO_2024_2025,kbo-player-abilities-2024-2025-v1
64021,롯데 자이언츠,박세웅,P,pitcher_command,13,14,1,KBO_2024_2025,kbo-player-abilities-2024-2025-v1
64021,롯데 자이언츠,박세웅,P,pitcher_stamina,20,18,-2,KBO_2024_2025,kbo-player-abilities-2024-2025-v1
64021,롯데 자이언츠,박세웅,P,pitcher_pitchability,16,15,-1,KBO_2024_2025,kbo-player-abilities-2024-2025-v1
64021,롯데 자이언츠,박세웅,P,pitcher_strikeout,17,14,-3,KBO_2024_2025,kbo-player-abilities-2024-2025-v1
64021,롯데 자이언츠,박세웅,P,pitcher_walk_control,18,16,-2,KBO_2024_2025,kbo-player-abilities-2024-2025-v1
64021,롯데 자이언츠,박세웅,P,pitcher_composure,11,12,1,KBO_2024_2025,kbo-player-abilities-2024-2025-v1
66047,롯데 자이언츠,박세진,P,pitcher_stuff,16,13,-3,KBO_2024_2025,kbo-player-abilities-2024-2025-v1
66047,롯데 자이언츠,박세진,P,pitcher_command,13,12,-1,KBO_2024_2025,kbo-player-abilities-2024-2025-v1
66047,롯데 자이언츠,박세진,P,pitcher_movement,15,12,-3,KBO_2024_2025,kbo-player-abilities-2024-2025-v1
66047,롯데 자이언츠,박세진,P,pitcher_stamina,8,10,2,KBO_2024_2025,kbo-player-abilities-2024-2025-v1
66047,롯데 자이언츠,박세진,P,pitcher_pitchability,14,12,-2,KBO_2024_2025,kbo-player-abilities-2024-2025-v1
66047,롯데 자이언츠,박세진,P,pitcher_strikeout,15,12,-3,KBO_2024_2025,kbo-player-abilities-2024-2025-v1
66047,롯데 자이언츠,박세진,P,pitcher_composure,15,12,-3,KBO_2024_2025,kbo-player-abilities-2024-2025-v1
55568,롯데 자이언츠,박세현,P,pitcher_stuff,10,11,1,KBO_2024_2025,kbo-player-abilities-2024-2025-v1
55568,롯데 자이언츠,박세현,P,pitcher_movement,8,10,2,KBO_2024_2025,kbo-player-abilities-2024-2025-v1
55568,롯데 자이언츠,박세현,P,pitcher_stamina,9,10,1,KBO_2024_2025,kbo-player-abilities-2024-2025-v1
55568,롯데 자이언츠,박세현,P,pitcher_strikeout,13,12,-1,KBO_2024_2025,kbo-player-abilities-2024-2025-v1
55568,롯데 자이언츠,박세현,P,pitcher_walk_control,15,12,-3,KBO_2024_2025,kbo-player-abilities-2024-2025-v1
55568,롯데 자이언츠,박세현,P,pitcher_composure,6,9,3,KBO_2024_2025,kbo-player-abilities-2024-2025-v1
60559,롯데 자이언츠,박시영,P,pitcher_command,6,9,3,KBO_2024_2025,kbo-player-abilities-2024-2025-v1
60559,롯데 자이언츠,박시영,P,pitcher_movement,13,12,-1,KBO_2024_2025,kbo-player-abilities-2024-2025-v1
60559,롯데 자이언츠,박시영,P,pitcher_stamina,8,9,1,KBO_2024_2025,kbo-player-abilities-2024-2025-v1
60559,롯데 자이언츠,박시영,P,pitcher_pitchability,9,10,1,KBO_2024_2025,kbo-player-abilities-2024-2025-v1
60559,롯데 자이언츠,박시영,P,pitcher_strikeout,16,14,-2,KBO_2024_2025,kbo-player-abilities-2024-2025-v1
60559,롯데 자이언츠,박시영,P,pitcher_walk_control,3,7,4,KBO_2024_2025,kbo-player-abilities-2024-2025-v1
60559,롯데 자이언츠,박시영,P,pitcher_composure,5,8,3,KBO_2024_2025,kbo-player-abilities-2024-2025-v1
54503,롯데 자이언츠,박준우,P,pitcher_stuff,12,11,-1,KBO_2024_2025,kbo-player-abilities-2024-2025-v1
54503,롯데 자이언츠,박준우,P,pitcher_movement,13,12,-1,KBO_2024_2025,kbo-player-abilities-2024-2025-v1
54503,롯데 자이언츠,박준우,P,pitcher_stamina,9,10,1,KBO_2024_2025,kbo-player-abilities-2024-2025-v1
54503,롯데 자이언츠,박준우,P,pitcher_walk_control,12,11,-1,KBO_2024_2025,kbo-player-abilities-2024-2025-v1
54503,롯데 자이언츠,박준우,P,pitcher_composure,7,9,2,KBO_2024_2025,kbo-player-abilities-2024-2025-v1
69594,롯데 자이언츠,박진,P,pitcher_stuff,8,9,1,KBO_2024_2025,kbo-player-abilities-2024-2025-v1
69594,롯데 자이언츠,박진,P,pitcher_command,13,14,1,KBO_2024_2025,kbo-player-abilities-2024-2025-v1
69594,롯데 자이언츠,박진,P,pitcher_movement,7,9,2,KBO_2024_2025,kbo-player-abilities-2024-2025-v1
69594,롯데 자이언츠,박진,P,pitcher_stamina,11,12,1,KBO_2024_2025,kbo-player-abilities-2024-2025-v1
69594,롯데 자이언츠,박진,P,pitcher_pitchability,11,12,1,KBO_2024_2025,kbo-player-abilities-2024-2025-v1
69594,롯데 자이언츠,박진,P,pitcher_strikeout,6,9,3,KBO_2024_2025,kbo-player-abilities-2024-2025-v1
69594,롯데 자이언츠,박진,P,pitcher_walk_control,17,16,-1,KBO_2024_2025,kbo-player-abilities-2024-2025-v1
69594,롯데 자이언츠,박진,P,pitcher_composure,10,11,1,KBO_2024_2025,kbo-player-abilities-2024-2025-v1
63512,롯데 자이언츠,박진형,P,pitcher_stuff,10,11,1,KBO_2024_2025,kbo-player-abilities-2024-2025-v1
63512,롯데 자이언츠,박진형,P,pitcher_command,10,11,1,KBO_2024_2025,kbo-player-abilities-2024-2025-v1
63512,롯데 자이언츠,박진형,P,pitcher_movement,8,10,2,KBO_2024_2025,kbo-player-abilities-2024-2025-v1
63512,롯데 자이언츠,박진형,P,pitcher_stamina,8,9,1,KBO_2024_2025,kbo-player-abilities-2024-2025-v1
63512,롯데 자이언츠,박진형,P,pitcher_pitchability,10,11,1,KBO_2024_2025,kbo-player-abilities-2024-2025-v1
63512,롯데 자이언츠,박진형,P,pitcher_strikeout,12,11,-1,KBO_2024_2025,kbo-player-abilities-2024-2025-v1
63512,롯데 자이언츠,박진형,P,pitcher_composure,8,10,2,KBO_2024_2025,kbo-player-abilities-2024-2025-v1
55526,롯데 자이언츠,벨라스케즈,P,pitcher_stuff,7,9,2,KBO_2024_2025,kbo-player-abilities-2024-2025-v1
55526,롯데 자이언츠,벨라스케즈,P,pitcher_command,8,9,1,KBO_2024_2025,kbo-player-abilities-2024-2025-v1
55526,롯데 자이언츠,벨라스케즈,P,pitcher_movement,4,7,3,KBO_2024_2025,kbo-player-abilities-2024-2025-v1
55526,롯데 자이언츠,벨라스케즈,P,pitcher_stamina,14,13,-1,KBO_2024_2025,kbo-player-abilities-2024-2025-v1
55526,롯데 자이언츠,벨라스케즈,P,pitcher_pitchability,6,9,3,KBO_2024_2025,kbo-player-abilities-2024-2025-v1
55526,롯데 자이언츠,벨라스케즈,P,pitcher_strikeout,7,10,3,KBO_2024_2025,kbo-player-abilities-2024-2025-v1
55526,롯데 자이언츠,벨라스케즈,P,pitcher_walk_control,10,11,1,KBO_2024_2025,kbo-player-abilities-2024-2025-v1
55526,롯데 자이언츠,벨라스케즈,P,pitcher_composure,3,7,4,KBO_2024_2025,kbo-player-abilities-2024-2025-v1
51594,롯데 자이언츠,송재영,P,pitcher_stuff,11,12,1,KBO_2024_2025,kbo-player-abilities-2024-2025-v1
51594,롯데 자이언츠,송재영,P,pitcher_command,7,8,1,KBO_2024_2025,kbo-player-abilities-2024-2025-v1
51594,롯데 자이언츠,송재영,P,pitcher_movement,10,11,1,KBO_2024_2025,kbo-player-abilities-2024-2025-v1
51594,롯데 자이언츠,송재영,P,pitcher_stamina,8,9,1,KBO_2024_2025,kbo-player-abilities-2024-2025-v1
51594,롯데 자이언츠,송재영,P,pitcher_pitchability,9,10,1,KBO_2024_2025,kbo-player-abilities-2024-2025-v1
51594,롯데 자이언츠,송재영,P,pitcher_strikeout,17,14,-3,KBO_2024_2025,kbo-player-abilities-2024-2025-v1
51594,롯데 자이언츠,송재영,P,pitcher_walk_control,1,6,5,KBO_2024_2025,kbo-player-abilities-2024-2025-v1
68067,롯데 자이언츠,신병률,P,pitcher_stuff,3,6,3,FUTURES_2024_2025,kbo-player-abilities-2024-2025-v1
68067,롯데 자이언츠,신병률,P,pitcher_command,11,10,-1,FUTURES_2024_2025,kbo-player-abilities-2024-2025-v1
68067,롯데 자이언츠,신병률,P,pitcher_movement,5,8,3,FUTURES_2024_2025,kbo-player-abilities-2024-2025-v1
68067,롯데 자이언츠,신병률,P,pitcher_stamina,8,9,1,FUTURES_2024_2025,kbo-player-abilities-2024-2025-v1
68067,롯데 자이언츠,신병률,P,pitcher_pitchability,7,8,1,FUTURES_2024_2025,kbo-player-abilities-2024-2025-v1
68067,롯데 자이언츠,신병률,P,pitcher_strikeout,1,4,3,FUTURES_2024_2025,kbo-player-abilities-2024-2025-v1
68067,롯데 자이언츠,신병률,P,pitcher_walk_control,16,12,-4,FUTURES_2024_2025,kbo-player-abilities-2024-2025-v1
68067,롯데 자이언츠,신병률,P,pitcher_composure,4,8,4,FUTURES_2024_2025,kbo-player-abilities-2024-2025-v1
64017,롯데 자이언츠,심재민,P,pitcher_stuff,12,11,-1,KBO_2024_2025,kbo-player-abilities-2024-2025-v1
64017,롯데 자이언츠,심재민,P,pitcher_command,12,11,-1,KBO_2024_2025,kbo-player-abilities-2024-2025-v1
64017,롯데 자이언츠,심재민,P,pitcher_movement,12,11,-1,KBO_2024_2025,kbo-player-abilities-2024-2025-v1
64017,롯데 자이언츠,심재민,P,pitcher_stamina,8,10,2,KBO_2024_2025,kbo-player-abilities-2024-2025-v1
64017,롯데 자이언츠,심재민,P,pitcher_pitchability,13,12,-1,KBO_2024_2025,kbo-player-abilities-2024-2025-v1
64017,롯데 자이언츠,심재민,P,pitcher_walk_control,14,12,-2,KBO_2024_2025,kbo-player-abilities-2024-2025-v1
64017,롯데 자이언츠,심재민,P,pitcher_composure,13,12,-1,KBO_2024_2025,kbo-player-abilities-2024-2025-v1
67588,롯데 자이언츠,윤성빈,P,pitcher_stuff,14,13,-1,KBO_2024_2025,kbo-player-abilities-2024-2025-v1
67588,롯데 자이언츠,윤성빈,P,pitcher_command,7,9,2,KBO_2024_2025,kbo-player-abilities-2024-2025-v1
67588,롯데 자이언츠,윤성빈,P,pitcher_stamina,9,10,1,KBO_2024_2025,kbo-player-abilities-2024-2025-v1
67588,롯데 자이언츠,윤성빈,P,pitcher_strikeout,20,16,-4,KBO_2024_2025,kbo-player-abilities-2024-2025-v1
67588,롯데 자이언츠,윤성빈,P,pitcher_walk_control,3,7,4,KBO_2024_2025,kbo-player-abilities-2024-2025-v1
67588,롯데 자이언츠,윤성빈,P,pitcher_composure,6,9,3,KBO_2024_2025,kbo-player-abilities-2024-2025-v1
52530,롯데 자이언츠,이민석,P,pitcher_stuff,7,8,1,KBO_2024_2025,kbo-player-abilities-2024-2025-v1
52530,롯데 자이언츠,이민석,P,pitcher_command,6,8,2,KBO_2024_2025,kbo-player-abilities-2024-2025-v1
52530,롯데 자이언츠,이민석,P,pitcher_movement,6,9,3,KBO_2024_2025,kbo-player-abilities-2024-2025-v1
52530,롯데 자이언츠,이민석,P,pitcher_stamina,17,16,-1,KBO_2024_2025,kbo-player-abilities-2024-2025-v1
52530,롯데 자이언츠,이민석,P,pitcher_pitchability,3,7,4,KBO_2024_2025,kbo-player-abilities-2024-2025-v1
52530,롯데 자이언츠,이민석,P,pitcher_strikeout,3,7,4,KBO_2024_2025,kbo-player-abilities-2024-2025-v1
52530,롯데 자이언츠,이민석,P,pitcher_walk_control,3,6,3,KBO_2024_2025,kbo-player-abilities-2024-2025-v1
52530,롯데 자이언츠,이민석,P,pitcher_composure,5,8,3,KBO_2024_2025,kbo-player-abilities-2024-2025-v1
51592,롯데 자이언츠,이병준,P,pitcher_stuff,10,9,-1,FUTURES_2024_2025,kbo-player-abilities-2024-2025-v1
51592,롯데 자이언츠,이병준,P,pitcher_command,3,7,4,FUTURES_2024_2025,kbo-player-abilities-2024-2025-v1
51592,롯데 자이언츠,이병준,P,pitcher_movement,12,11,-1,FUTURES_2024_2025,kbo-player-abilities-2024-2025-v1
51592,롯데 자이언츠,이병준,P,pitcher_stamina,12,11,-1,FUTURES_2024_2025,kbo-player-abilities-2024-2025-v1
51592,롯데 자이언츠,이병준,P,pitcher_pitchability,5,8,3,FUTURES_2024_2025,kbo-player-abilities-2024-2025-v1
51592,롯데 자이언츠,이병준,P,pitcher_strikeout,7,8,1,FUTURES_2024_2025,kbo-player-abilities-2024-2025-v1
51592,롯데 자이언츠,이병준,P,pitcher_walk_control,3,7,4,FUTURES_2024_2025,kbo-player-abilities-2024-2025-v1
51592,롯데 자이언츠,이병준,P,pitcher_composure,2,6,4,FUTURES_2024_2025,kbo-player-abilities-2024-2025-v1
55503,롯데 자이언츠,이영재,P,pitcher_stuff,10,11,1,KBO_2024_2025,kbo-player-abilities-2024-2025-v1
55503,롯데 자이언츠,이영재,P,pitcher_command,12,11,-1,KBO_2024_2025,kbo-player-abilities-2024-2025-v1
55503,롯데 자이언츠,이영재,P,pitcher_movement,8,10,2,KBO_2024_2025,kbo-player-abilities-2024-2025-v1
55503,롯데 자이언츠,이영재,P,pitcher_stamina,8,10,2,KBO_2024_2025,kbo-player-abilities-2024-2025-v1
55503,롯데 자이언츠,이영재,P,pitcher_pitchability,12,11,-1,KBO_2024_2025,kbo-player-abilities-2024-2025-v1
55503,롯데 자이언츠,이영재,P,pitcher_strikeout,13,12,-1,KBO_2024_2025,kbo-player-abilities-2024-2025-v1
55503,롯데 자이언츠,이영재,P,pitcher_walk_control,16,13,-3,KBO_2024_2025,kbo-player-abilities-2024-2025-v1
55503,롯데 자이언츠,이영재,P,pitcher_composure,10,11,1,KBO_2024_2025,kbo-player-abilities-2024-2025-v1
68556,롯데 자이언츠,정성종,P,pitcher_stuff,9,10,1,KBO_2024_2025,kbo-player-abilities-2024-2025-v1
68556,롯데 자이언츠,정성종,P,pitcher_command,12,11,-1,KBO_2024_2025,kbo-player-abilities-2024-2025-v1
68556,롯데 자이언츠,정성종,P,pitcher_movement,8,10,2,KBO_2024_2025,kbo-player-abilities-2024-2025-v1
68556,롯데 자이언츠,정성종,P,pitcher_stamina,9,10,1,KBO_2024_2025,kbo-player-abilities-2024-2025-v1
68556,롯데 자이언츠,정성종,P,pitcher_strikeout,8,10,2,KBO_2024_2025,kbo-player-abilities-2024-2025-v1
68556,롯데 자이언츠,정성종,P,pitcher_walk_control,15,12,-3,KBO_2024_2025,kbo-player-abilities-2024-2025-v1
68556,롯데 자이언츠,정성종,P,pitcher_composure,12,11,-1,KBO_2024_2025,kbo-player-abilities-2024-2025-v1
51546,롯데 자이언츠,정우준,P,pitcher_stuff,12,11,-1,KBO_2024_2025,kbo-player-abilities-2024-2025-v1
51546,롯데 자이언츠,정우준,P,pitcher_command,13,12,-1,KBO_2024_2025,kbo-player-abilities-2024-2025-v1
51546,롯데 자이언츠,정우준,P,pitcher_movement,13,11,-2,KBO_2024_2025,kbo-player-abilities-2024-2025-v1
51546,롯데 자이언츠,정우준,P,pitcher_stamina,9,10,1,KBO_2024_2025,kbo-player-abilities-2024-2025-v1
51546,롯데 자이언츠,정우준,P,pitcher_pitchability,14,12,-2,KBO_2024_2025,kbo-player-abilities-2024-2025-v1
51546,롯데 자이언츠,정우준,P,pitcher_strikeout,13,12,-1,KBO_2024_2025,kbo-player-abilities-2024-2025-v1
51546,롯데 자이언츠,정우준,P,pitcher_walk_control,16,13,-3,KBO_2024_2025,kbo-player-abilities-2024-2025-v1
51546,롯데 자이언츠,정우준,P,pitcher_composure,12,11,-1,KBO_2024_2025,kbo-player-abilities-2024-2025-v1
68242,롯데 자이언츠,정철원,P,pitcher_command,12,11,-1,KBO_2024_2025,kbo-player-abilities-2024-2025-v1
68242,롯데 자이언츠,정철원,P,pitcher_movement,15,13,-2,KBO_2024_2025,kbo-player-abilities-2024-2025-v1
68242,롯데 자이언츠,정철원,P,pitcher_strikeout,8,11,3,KBO_2024_2025,kbo-player-abilities-2024-2025-v1
68242,롯데 자이언츠,정철원,P,pitcher_walk_control,13,12,-1,KBO_2024_2025,kbo-player-abilities-2024-2025-v1
68242,롯데 자이언츠,정철원,P,pitcher_composure,13,12,-1,KBO_2024_2025,kbo-player-abilities-2024-2025-v1
54537,롯데 자이언츠,정현수,P,pitcher_stuff,12,13,1,KBO_2024_2025,kbo-player-abilities-2024-2025-v1
54537,롯데 자이언츠,정현수,P,pitcher_command,10,11,1,KBO_2024_2025,kbo-player-abilities-2024-2025-v1
54537,롯데 자이언츠,정현수,P,pitcher_movement,14,13,-1,KBO_2024_2025,kbo-player-abilities-2024-2025-v1
54537,롯데 자이언츠,정현수,P,pitcher_strikeout,17,15,-2,KBO_2024_2025,kbo-player-abilities-2024-2025-v1
54537,롯데 자이언츠,정현수,P,pitcher_walk_control,5,8,3,KBO_2024_2025,kbo-player-abilities-2024-2025-v1
54537,롯데 자이언츠,정현수,P,pitcher_composure,15,14,-1,KBO_2024_2025,kbo-player-abilities-2024-2025-v1
76650,롯데 자이언츠,진해수,P,pitcher_stuff,8,9,1,KBO_2024_2025,kbo-player-abilities-2024-2025-v1
76650,롯데 자이언츠,진해수,P,pitcher_command,10,11,1,KBO_2024_2025,kbo-player-abilities-2024-2025-v1
76650,롯데 자이언츠,진해수,P,pitcher_movement,8,9,1,KBO_2024_2025,kbo-player-abilities-2024-2025-v1
76650,롯데 자이언츠,진해수,P,pitcher_stamina,7,8,1,KBO_2024_2025,kbo-player-abilities-2024-2025-v1
76650,롯데 자이언츠,진해수,P,pitcher_pitchability,9,10,1,KBO_2024_2025,kbo-player-abilities-2024-2025-v1
76650,롯데 자이언츠,진해수,P,pitcher_strikeout,8,10,2,KBO_2024_2025,kbo-player-abilities-2024-2025-v1
76650,롯데 자이언츠,진해수,P,pitcher_walk_control,10,11,1,KBO_2024_2025,kbo-player-abilities-2024-2025-v1
50556,롯데 자이언츠,최준용,P,pitcher_stuff,15,14,-1,KBO_2024_2025,kbo-player-abilities-2024-2025-v1
50556,롯데 자이언츠,최준용,P,pitcher_command,15,14,-1,KBO_2024_2025,kbo-player-abilities-2024-2025-v1
50556,롯데 자이언츠,최준용,P,pitcher_movement,14,13,-1,KBO_2024_2025,kbo-player-abilities-2024-2025-v1
50556,롯데 자이언츠,최준용,P,pitcher_stamina,10,11,1,KBO_2024_2025,kbo-player-abilities-2024-2025-v1
50556,롯데 자이언츠,최준용,P,pitcher_pitchability,18,15,-3,KBO_2024_2025,kbo-player-abilities-2024-2025-v1
50556,롯데 자이언츠,최준용,P,pitcher_strikeout,19,16,-3,KBO_2024_2025,kbo-player-abilities-2024-2025-v1
50556,롯데 자이언츠,최준용,P,pitcher_walk_control,18,15,-3,KBO_2024_2025,kbo-player-abilities-2024-2025-v1
50556,롯데 자이언츠,최준용,P,pitcher_composure,14,13,-1,KBO_2024_2025,kbo-player-abilities-2024-2025-v1
62363,롯데 자이언츠,한현희,P,pitcher_stuff,10,11,1,KBO_2024_2025,kbo-player-abilities-2024-2025-v1
62363,롯데 자이언츠,한현희,P,pitcher_command,12,13,1,KBO_2024_2025,kbo-player-abilities-2024-2025-v1
62363,롯데 자이언츠,한현희,P,pitcher_movement,8,9,1,KBO_2024_2025,kbo-player-abilities-2024-2025-v1
62363,롯데 자이언츠,한현희,P,pitcher_pitchability,12,13,1,KBO_2024_2025,kbo-player-abilities-2024-2025-v1
62363,롯데 자이언츠,한현희,P,pitcher_walk_control,16,15,-1,KBO_2024_2025,kbo-player-abilities-2024-2025-v1
62363,롯데 자이언츠,한현희,P,pitcher_composure,10,11,1,KBO_2024_2025,kbo-player-abilities-2024-2025-v1
68260,롯데 자이언츠,현도훈,P,pitcher_stuff,6,9,3,KBO_2024_2025,kbo-player-abilities-2024-2025-v1
68260,롯데 자이언츠,현도훈,P,pitcher_command,9,10,1,KBO_2024_2025,kbo-player-abilities-2024-2025-v1
68260,롯데 자이언츠,현도훈,P,pitcher_movement,3,7,4,KBO_2024_2025,kbo-player-abilities-2024-2025-v1
68260,롯데 자이언츠,현도훈,P,pitcher_stamina,9,10,1,KBO_2024_2025,kbo-player-abilities-2024-2025-v1
68260,롯데 자이언츠,현도훈,P,pitcher_pitchability,8,9,1,KBO_2024_2025,kbo-player-abilities-2024-2025-v1
68260,롯데 자이언츠,현도훈,P,pitcher_strikeout,9,10,1,KBO_2024_2025,kbo-player-abilities-2024-2025-v1
68260,롯데 자이언츠,현도훈,P,pitcher_walk_control,14,12,-2,KBO_2024_2025,kbo-player-abilities-2024-2025-v1
68260,롯데 자이언츠,현도훈,P,pitcher_composure,1,7,6,KBO_2024_2025,kbo-player-abilities-2024-2025-v1
50596,롯데 자이언츠,홍민기,P,pitcher_stuff,15,14,-1,KBO_2024_2025,kbo-player-abilities-2024-2025-v1
50596,롯데 자이언츠,홍민기,P,pitcher_movement,19,15,-4,KBO_2024_2025,kbo-player-abilities-2024-2025-v1
50596,롯데 자이언츠,홍민기,P,pitcher_stamina,10,11,1,KBO_2024_2025,kbo-player-abilities-2024-2025-v1
50596,롯데 자이언츠,홍민기,P,pitcher_pitchability,18,15,-3,KBO_2024_2025,kbo-player-abilities-2024-2025-v1
50596,롯데 자이언츠,홍민기,P,pitcher_strikeout,19,16,-3,KBO_2024_2025,kbo-player-abilities-2024-2025-v1
50596,롯데 자이언츠,홍민기,P,pitcher_walk_control,14,13,-1,KBO_2024_2025,kbo-player-abilities-2024-2025-v1
50596,롯데 자이언츠,홍민기,P,pitcher_composure,18,15,-3,KBO_2024_2025,kbo-player-abilities-2024-2025-v1
74540,삼성 라이온즈,강민호,C,contact,15,14,-1,KBO_2024_2025,kbo-player-abilities-2024-2025-v1
74540,삼성 라이온즈,강민호,C,power,16,15,-1,KBO_2024_2025,kbo-player-abilities-2024-2025-v1
74540,삼성 라이온즈,강민호,C,timing,13,14,1,KBO_2024_2025,kbo-player-abilities-2024-2025-v1
74540,삼성 라이온즈,강민호,C,speed,11,10,-1,KBO_2024_2025,kbo-player-abilities-2024-2025-v1
74540,삼성 라이온즈,강민호,C,baserunning_judgment,10,11,1,KBO_2024_2025,kbo-player-abilities-2024-2025-v1
69442,삼성 라이온즈,김도환,C,contact,9,10,1,KBO_2024_2025,kbo-player-abilities-2024-2025-v1
69442,삼성 라이온즈,김도환,C,power,9,10,1,KBO_2024_2025,kbo-player-abilities-2024-2025-v1
69442,삼성 라이온즈,김도환,C,plate_discipline,8,9,1,KBO_2024_2025,kbo-player-abilities-2024-2025-v1
69442,삼성 라이온즈,김도환,C,bat_control,10,11,1,KBO_2024_2025,kbo-player-abilities-2024-2025-v1
69442,삼성 라이온즈,김도환,C,timing,10,11,1,KBO_2024_2025,kbo-player-abilities-2024-2025-v1
72457,삼성 라이온즈,김민수,C,contact,8,10,2,SCOUTING_PRIOR,kbo-player-abilities-2024-2025-v1
72457,삼성 라이온즈,김민수,C,power,8,10,2,SCOUTING_PRIOR,kbo-player-abilities-2024-2025-v1
72457,삼성 라이온즈,김민수,C,plate_discipline,8,10,2,SCOUTING_PRIOR,kbo-player-abilities-2024-2025-v1
72457,삼성 라이온즈,김민수,C,bat_control,8,10,2,SCOUTING_PRIOR,kbo-player-abilities-2024-2025-v1
72457,삼성 라이온즈,김민수,C,timing,8,10,2,SCOUTING_PRIOR,kbo-player-abilities-2024-2025-v1
72457,삼성 라이온즈,김민수,C,bunt,1,8,7,SCOUTING_PRIOR,kbo-player-abilities-2024-2025-v1
72457,삼성 라이온즈,김민수,C,speed,8,7,-1,SCOUTING_PRIOR,kbo-player-abilities-2024-2025-v1
72457,삼성 라이온즈,김민수,C,baserunning_judgment,14,8,-6,SCOUTING_PRIOR,kbo-player-abilities-2024-2025-v1
72457,삼성 라이온즈,김민수,C,fielding_range,8,10,2,SCOUTING_PRIOR,kbo-player-abilities-2024-2025-v1
72457,삼성 라이온즈,김민수,C,catching,8,10,2,SCOUTING_PRIOR,kbo-player-abilities-2024-2025-v1
72457,삼성 라이온즈,김민수,C,throwing_power,8,12,4,SCOUTING_PRIOR,kbo-player-abilities-2024-2025-v1
72457,삼성 라이온즈,김민수,C,throwing_accuracy,8,10,2,SCOUTING_PRIOR,kbo-player-abilities-2024-2025-v1
72457,삼성 라이온즈,김민수,C,fielding_judgment,8,10,2,SCOUTING_PRIOR,kbo-player-abilities-2024-2025-v1
72457,삼성 라이온즈,김민수,C,composure,8,10,2,SCOUTING_PRIOR,kbo-player-abilities-2024-2025-v1
72457,삼성 라이온즈,김민수,C,leadership,12,7,-5,SCOUTING_PRIOR,kbo-player-abilities-2024-2025-v1
72457,삼성 라이온즈,김민수,C,aggressiveness,9,8,-1,SCOUTING_PRIOR,kbo-player-abilities-2024-2025-v1
65132,삼성 라이온즈,김재성,C,contact,5,8,3,KBO_2024_2025,kbo-player-abilities-2024-2025-v1
65132,삼성 라이온즈,김재성,C,power,6,9,3,KBO_2024_2025,kbo-player-abilities-2024-2025-v1
65132,삼성 라이온즈,김재성,C,plate_discipline,8,10,2,KBO_2024_2025,kbo-player-abilities-2024-2025-v1
65132,삼성 라이온즈,김재성,C,bat_control,7,9,2,KBO_2024_2025,kbo-player-abilities-2024-2025-v1
65132,삼성 라이온즈,김재성,C,timing,7,9,2,KBO_2024_2025,kbo-player-abilities-2024-2025-v1
65132,삼성 라이온즈,김재성,C,baserunning_judgment,10,9,-1,KBO_2024_2025,kbo-player-abilities-2024-2025-v1
53411,삼성 라이온즈,박진우,C,contact,10,11,1,KBO_2024_2025,kbo-player-abilities-2024-2025-v1
53411,삼성 라이온즈,박진우,C,power,10,11,1,KBO_2024_2025,kbo-player-abilities-2024-2025-v1
53411,삼성 라이온즈,박진우,C,plate_discipline,10,11,1,KBO_2024_2025,kbo-player-abilities-2024-2025-v1
53411,삼성 라이온즈,박진우,C,bat_control,10,11,1,KBO_2024_2025,kbo-player-abilities-2024-2025-v1
69428,삼성 라이온즈,이병헌,C,contact,8,9,1,KBO_2024_2025,kbo-player-abilities-2024-2025-v1
69428,삼성 라이온즈,이병헌,C,power,11,10,-1,KBO_2024_2025,kbo-player-abilities-2024-2025-v1
69428,삼성 라이온즈,이병헌,C,plate_discipline,8,10,2,KBO_2024_2025,kbo-player-abilities-2024-2025-v1
69428,삼성 라이온즈,이병헌,C,bat_control,9,10,1,KBO_2024_2025,kbo-player-abilities-2024-2025-v1
69428,삼성 라이온즈,이병헌,C,speed,10,9,-1,KBO_2024_2025,kbo-player-abilities-2024-2025-v1
69428,삼성 라이온즈,이병헌,C,baserunning_judgment,11,9,-2,KBO_2024_2025,kbo-player-abilities-2024-2025-v1
64610,삼성 라이온즈,강한울,IF,contact,9,10,1,KBO_2024_2025,kbo-player-abilities-2024-2025-v1
64610,삼성 라이온즈,강한울,IF,power,7,9,2,KBO_2024_2025,kbo-player-abilities-2024-2025-v1
64610,삼성 라이온즈,강한울,IF,plate_discipline,7,9,2,KBO_2024_2025,kbo-player-abilities-2024-2025-v1
64610,삼성 라이온즈,강한울,IF,bat_control,7,10,3,KBO_2024_2025,kbo-player-abilities-2024-2025-v1
64610,삼성 라이온즈,강한울,IF,timing,9,10,1,KBO_2024_2025,kbo-player-abilities-2024-2025-v1
64610,삼성 라이온즈,강한울,IF,speed,8,9,1,KBO_2024_2025,kbo-player-abilities-2024-2025-v1
64610,삼성 라이온즈,강한울,IF,baserunning_judgment,9,10,1,KBO_2024_2025,kbo-player-abilities-2024-2025-v1
68407,삼성 라이온즈,공민규,IF,contact,14,11,-3,KBO_2024_2025,kbo-player-abilities-2024-2025-v1
68407,삼성 라이온즈,공민규,IF,power,14,12,-2,KBO_2024_2025,kbo-player-abilities-2024-2025-v1
68407,삼성 라이온즈,공민규,IF,plate_discipline,13,12,-1,KBO_2024_2025,kbo-player-abilities-2024-2025-v1
68407,삼성 라이온즈,공민규,IF,bat_control,13,11,-2,KBO_2024_2025,kbo-player-abilities-2024-2025-v1
68407,삼성 라이온즈,공민규,IF,timing,12,11,-1,KBO_2024_2025,kbo-player-abilities-2024-2025-v1
68407,삼성 라이온즈,공민규,IF,speed,8,10,2,KBO_2024_2025,kbo-player-abilities-2024-2025-v1
68407,삼성 라이온즈,공민규,IF,baserunning_judgment,9,10,1,KBO_2024_2025,kbo-player-abilities-2024-2025-v1
52430,삼성 라이온즈,김영웅,IF,contact,11,10,-1,KBO_2024_2025,kbo-player-abilities-2024-2025-v1
52430,삼성 라이온즈,김영웅,IF,plate_discipline,14,13,-1,KBO_2024_2025,kbo-player-abilities-2024-2025-v1
52430,삼성 라이온즈,김영웅,IF,timing,11,10,-1,KBO_2024_2025,kbo-player-abilities-2024-2025-v1
52430,삼성 라이온즈,김영웅,IF,speed,13,14,1,KBO_2024_2025,kbo-player-abilities-2024-2025-v1
52430,삼성 라이온즈,김영웅,IF,baserunning_judgment,12,13,1,KBO_2024_2025,kbo-player-abilities-2024-2025-v1
54400,삼성 라이온즈,디아즈,IF,contact,18,16,-2,KBO_2024_2025,kbo-player-abilities-2024-2025-v1
54400,삼성 라이온즈,디아즈,IF,power,20,18,-2,KBO_2024_2025,kbo-player-abilities-2024-2025-v1
54400,삼성 라이온즈,디아즈,IF,plate_discipline,15,13,-2,KBO_2024_2025,kbo-player-abilities-2024-2025-v1
54400,삼성 라이온즈,디아즈,IF,bat_control,16,15,-1,KBO_2024_2025,kbo-player-abilities-2024-2025-v1
54400,삼성 라이온즈,디아즈,IF,timing,18,16,-2,KBO_2024_2025,kbo-player-abilities-2024-2025-v1
54400,삼성 라이온즈,디아즈,IF,baserunning_judgment,12,11,-1,KBO_2024_2025,kbo-player-abilities-2024-2025-v1
62234,삼성 라이온즈,류지혁,IF,contact,15,14,-1,KBO_2024_2025,kbo-player-abilities-2024-2025-v1
62234,삼성 라이온즈,류지혁,IF,timing,12,13,1,KBO_2024_2025,kbo-player-abilities-2024-2025-v1
62234,삼성 라이온즈,류지혁,IF,baserunning_judgment,9,12,3,KBO_2024_2025,kbo-player-abilities-2024-2025-v1
75125,삼성 라이온즈,박병호,IF,contact,9,8,-1,KBO_2024_2025,kbo-player-abilities-2024-2025-v1
75125,삼성 라이온즈,박병호,IF,power,17,16,-1,KBO_2024_2025,kbo-player-abilities-2024-2025-v1
75125,삼성 라이온즈,박병호,IF,bat_control,9,8,-1,KBO_2024_2025,kbo-player-abilities-2024-2025-v1
75125,삼성 라이온즈,박병호,IF,timing,11,9,-2,KBO_2024_2025,kbo-player-abilities-2024-2025-v1
75125,삼성 라이온즈,박병호,IF,speed,9,10,1,KBO_2024_2025,kbo-player-abilities-2024-2025-v1
75125,삼성 라이온즈,박병호,IF,baserunning_judgment,11,13,2,KBO_2024_2025,kbo-player-abilities-2024-2025-v1
55438,삼성 라이온즈,심재훈,IF,contact,7,9,2,KBO_2024_2025,kbo-player-abilities-2024-2025-v1
55438,삼성 라이온즈,심재훈,IF,power,6,9,3,KBO_2024_2025,kbo-player-abilities-2024-2025-v1
55438,삼성 라이온즈,심재훈,IF,plate_discipline,8,10,2,KBO_2024_2025,kbo-player-abilities-2024-2025-v1
55438,삼성 라이온즈,심재훈,IF,bat_control,7,10,3,KBO_2024_2025,kbo-player-abilities-2024-2025-v1
55438,삼성 라이온즈,심재훈,IF,timing,7,9,2,KBO_2024_2025,kbo-player-abilities-2024-2025-v1
55438,삼성 라이온즈,심재훈,IF,baserunning_judgment,11,12,1,KBO_2024_2025,kbo-player-abilities-2024-2025-v1
66406,삼성 라이온즈,안주형,IF,contact,11,10,-1,KBO_2024_2025,kbo-player-abilities-2024-2025-v1
66406,삼성 라이온즈,안주형,IF,power,12,11,-1,KBO_2024_2025,kbo-player-abilities-2024-2025-v1
66406,삼성 라이온즈,안주형,IF,plate_discipline,11,10,-1,KBO_2024_2025,kbo-player-abilities-2024-2025-v1
66406,삼성 라이온즈,안주형,IF,bat_control,11,10,-1,KBO_2024_2025,kbo-player-abilities-2024-2025-v1
66406,삼성 라이온즈,안주형,IF,timing,11,10,-1,KBO_2024_2025,kbo-player-abilities-2024-2025-v1
66406,삼성 라이온즈,안주형,IF,speed,11,12,1,KBO_2024_2025,kbo-player-abilities-2024-2025-v1
66406,삼성 라이온즈,안주형,IF,baserunning_judgment,11,12,1,KBO_2024_2025,kbo-player-abilities-2024-2025-v1
54408,삼성 라이온즈,양도근,IF,contact,11,12,1,KBO_2024_2025,kbo-player-abilities-2024-2025-v1
54408,삼성 라이온즈,양도근,IF,power,7,8,1,KBO_2024_2025,kbo-player-abilities-2024-2025-v1
54408,삼성 라이온즈,양도근,IF,plate_discipline,11,12,1,KBO_2024_2025,kbo-player-abilities-2024-2025-v1
54408,삼성 라이온즈,양도근,IF,timing,10,11,1,KBO_2024_2025,kbo-player-abilities-2024-2025-v1
54408,삼성 라이온즈,양도근,IF,speed,12,13,1,KBO_2024_2025,kbo-player-abilities-2024-2025-v1
54408,삼성 라이온즈,양도근,IF,baserunning_judgment,11,13,2,KBO_2024_2025,kbo-player-abilities-2024-2025-v1
69403,삼성 라이온즈,양우현,IF,contact,9,10,1,KBO_2024_2025,kbo-player-abilities-2024-2025-v1
69403,삼성 라이온즈,양우현,IF,power,9,10,1,KBO_2024_2025,kbo-player-abilities-2024-2025-v1
69403,삼성 라이온즈,양우현,IF,plate_discipline,8,9,1,KBO_2024_2025,kbo-player-abilities-2024-2025-v1
69403,삼성 라이온즈,양우현,IF,bat_control,10,11,1,KBO_2024_2025,kbo-player-abilities-2024-2025-v1
69403,삼성 라이온즈,양우현,IF,timing,10,11,1,KBO_2024_2025,kbo-player-abilities-2024-2025-v1
69403,삼성 라이온즈,양우현,IF,speed,11,10,-1,KBO_2024_2025,kbo-player-abilities-2024-2025-v1
69403,삼성 라이온즈,양우현,IF,baserunning_judgment,11,10,-1,KBO_2024_2025,kbo-player-abilities-2024-2025-v1
52415,삼성 라이온즈,이재현,IF,contact,13,12,-1,KBO_2024_2025,kbo-player-abilities-2024-2025-v1
52415,삼성 라이온즈,이재현,IF,power,18,17,-1,KBO_2024_2025,kbo-player-abilities-2024-2025-v1
52415,삼성 라이온즈,이재현,IF,bat_control,13,12,-1,KBO_2024_2025,kbo-player-abilities-2024-2025-v1
52415,삼성 라이온즈,이재현,IF,timing,14,13,-1,KBO_2024_2025,kbo-player-abilities-2024-2025-v1
52415,삼성 라이온즈,이재현,IF,baserunning_judgment,13,14,1,KBO_2024_2025,kbo-player-abilities-2024-2025-v1
51407,삼성 라이온즈,이창용,IF,contact,11,10,-1,KBO_2024_2025,kbo-player-abilities-2024-2025-v1
51407,삼성 라이온즈,이창용,IF,timing,11,10,-1,KBO_2024_2025,kbo-player-abilities-2024-2025-v1
51407,삼성 라이온즈,이창용,IF,speed,11,12,1,KBO_2024_2025,kbo-player-abilities-2024-2025-v1
69416,삼성 라이온즈,이해승,IF,contact,10,11,1,KBO_2024_2025,kbo-player-abilities-2024-2025-v1
69416,삼성 라이온즈,이해승,IF,power,10,11,1,KBO_2024_2025,kbo-player-abilities-2024-2025-v1
69416,삼성 라이온즈,이해승,IF,plate_discipline,10,11,1,KBO_2024_2025,kbo-player-abilities-2024-2025-v1
69416,삼성 라이온즈,이해승,IF,bat_control,10,11,1,KBO_2024_2025,kbo-player-abilities-2024-2025-v1
65586,삼성 라이온즈,전병우,IF,contact,12,11,-1,KBO_2024_2025,kbo-player-abilities-2024-2025-v1
65586,삼성 라이온즈,전병우,IF,power,11,12,1,KBO_2024_2025,kbo-player-abilities-2024-2025-v1
65586,삼성 라이온즈,전병우,IF,plate_discipline,15,14,-1,KBO_2024_2025,kbo-player-abilities-2024-2025-v1
65586,삼성 라이온즈,전병우,IF,bat_control,10,9,-1,KBO_2024_2025,kbo-player-abilities-2024-2025-v1
65586,삼성 라이온즈,전병우,IF,timing,11,10,-1,KBO_2024_2025,kbo-player-abilities-2024-2025-v1
65586,삼성 라이온즈,전병우,IF,speed,11,10,-1,KBO_2024_2025,kbo-player-abilities-2024-2025-v1
65586,삼성 라이온즈,전병우,IF,baserunning_judgment,12,11,-1,KBO_2024_2025,kbo-player-abilities-2024-2025-v1
55435,삼성 라이온즈,차승준,IF,contact,10,11,1,KBO_2024_2025,kbo-player-abilities-2024-2025-v1
55435,삼성 라이온즈,차승준,IF,power,10,11,1,KBO_2024_2025,kbo-player-abilities-2024-2025-v1
55435,삼성 라이온즈,차승준,IF,plate_discipline,10,11,1,KBO_2024_2025,kbo-player-abilities-2024-2025-v1
55435,삼성 라이온즈,차승준,IF,bat_control,10,11,1,KBO_2024_2025,kbo-player-abilities-2024-2025-v1
62404,삼성 라이온즈,구자욱,OF,contact,18,17,-1,KBO_2024_2025,kbo-player-abilities-2024-2025-v1
62404,삼성 라이온즈,구자욱,OF,power,18,17,-1,KBO_2024_2025,kbo-player-abilities-2024-2025-v1
62404,삼성 라이온즈,구자욱,OF,plate_discipline,17,16,-1,KBO_2024_2025,kbo-player-abilities-2024-2025-v1
62404,삼성 라이온즈,구자욱,OF,bat_control,17,16,-1,KBO_2024_2025,kbo-player-abilities-2024-2025-v1
62404,삼성 라이온즈,구자욱,OF,timing,17,16,-1,KBO_2024_2025,kbo-player-abilities-2024-2025-v1
62404,삼성 라이온즈,구자욱,OF,speed,12,13,1,KBO_2024_2025,kbo-player-abilities-2024-2025-v1
62404,삼성 라이온즈,구자욱,OF,baserunning_judgment,12,13,1,KBO_2024_2025,kbo-player-abilities-2024-2025-v1
67449,삼성 라이온즈,김성윤,OF,contact,19,17,-2,KBO_2024_2025,kbo-player-abilities-2024-2025-v1
67449,삼성 라이온즈,김성윤,OF,power,16,14,-2,KBO_2024_2025,kbo-player-abilities-2024-2025-v1
67449,삼성 라이온즈,김성윤,OF,plate_discipline,18,16,-2,KBO_2024_2025,kbo-player-abilities-2024-2025-v1
67449,삼성 라이온즈,김성윤,OF,bat_control,17,16,-1,KBO_2024_2025,kbo-player-abilities-2024-2025-v1
67449,삼성 라이온즈,김성윤,OF,timing,17,16,-1,KBO_2024_2025,kbo-player-abilities-2024-2025-v1
67449,삼성 라이온즈,김성윤,OF,speed,15,14,-1,KBO_2024_2025,kbo-player-abilities-2024-2025-v1
67449,삼성 라이온즈,김성윤,OF,baserunning_judgment,11,13,2,KBO_2024_2025,kbo-player-abilities-2024-2025-v1
52424,삼성 라이온즈,김재혁,OF,plate_discipline,10,11,1,KBO_2024_2025,kbo-player-abilities-2024-2025-v1
52424,삼성 라이온즈,김재혁,OF,timing,11,10,-1,KBO_2024_2025,kbo-player-abilities-2024-2025-v1
52424,삼성 라이온즈,김재혁,OF,baserunning_judgment,11,12,1,KBO_2024_2025,kbo-player-abilities-2024-2025-v1
50458,삼성 라이온즈,김지찬,OF,contact,15,16,1,KBO_2024_2025,kbo-player-abilities-2024-2025-v1
50458,삼성 라이온즈,김지찬,OF,power,8,9,1,KBO_2024_2025,kbo-player-abilities-2024-2025-v1
50458,삼성 라이온즈,김지찬,OF,bat_control,14,15,1,KBO_2024_2025,kbo-player-abilities-2024-2025-v1
50458,삼성 라이온즈,김지찬,OF,timing,13,15,2,KBO_2024_2025,kbo-player-abilities-2024-2025-v1
50458,삼성 라이온즈,김지찬,OF,baserunning_judgment,12,14,2,KBO_2024_2025,kbo-player-abilities-2024-2025-v1
69207,삼성 라이온즈,김태근,OF,contact,10,11,1,KBO_2024_2025,kbo-player-abilities-2024-2025-v1
69207,삼성 라이온즈,김태근,OF,power,9,10,1,KBO_2024_2025,kbo-player-abilities-2024-2025-v1
69207,삼성 라이온즈,김태근,OF,plate_discipline,12,11,-1,KBO_2024_2025,kbo-player-abilities-2024-2025-v1
69207,삼성 라이온즈,김태근,OF,bat_control,10,11,1,KBO_2024_2025,kbo-player-abilities-2024-2025-v1
69207,삼성 라이온즈,김태근,OF,timing,10,11,1,KBO_2024_2025,kbo-player-abilities-2024-2025-v1
65040,삼성 라이온즈,김태훈,OF,contact,8,10,2,KBO_2024_2025,kbo-player-abilities-2024-2025-v1
65040,삼성 라이온즈,김태훈,OF,power,9,10,1,KBO_2024_2025,kbo-player-abilities-2024-2025-v1
65040,삼성 라이온즈,김태훈,OF,plate_discipline,6,8,2,KBO_2024_2025,kbo-player-abilities-2024-2025-v1
65040,삼성 라이온즈,김태훈,OF,bat_control,9,10,1,KBO_2024_2025,kbo-player-abilities-2024-2025-v1
65040,삼성 라이온즈,김태훈,OF,timing,7,9,2,KBO_2024_2025,kbo-player-abilities-2024-2025-v1
65040,삼성 라이온즈,김태훈,OF,baserunning_judgment,12,11,-1,KBO_2024_2025,kbo-player-abilities-2024-2025-v1
61404,삼성 라이온즈,김헌곤,OF,contact,10,12,2,KBO_2024_2025,kbo-player-abilities-2024-2025-v1
61404,삼성 라이온즈,김헌곤,OF,power,10,11,1,KBO_2024_2025,kbo-player-abilities-2024-2025-v1
61404,삼성 라이온즈,김헌곤,OF,plate_discipline,9,10,1,KBO_2024_2025,kbo-player-abilities-2024-2025-v1
61404,삼성 라이온즈,김헌곤,OF,bat_control,12,13,1,KBO_2024_2025,kbo-player-abilities-2024-2025-v1
61404,삼성 라이온즈,김헌곤,OF,timing,10,12,2,KBO_2024_2025,kbo-player-abilities-2024-2025-v1
61404,삼성 라이온즈,김헌곤,OF,speed,11,12,1,KBO_2024_2025,kbo-player-abilities-2024-2025-v1
61404,삼성 라이온즈,김헌곤,OF,baserunning_judgment,12,13,1,KBO_2024_2025,kbo-player-abilities-2024-2025-v1
69418,삼성 라이온즈,박승규,OF,contact,15,14,-1,KBO_2024_2025,kbo-player-abilities-2024-2025-v1
69418,삼성 라이온즈,박승규,OF,power,15,14,-1,KBO_2024_2025,kbo-player-abilities-2024-2025-v1
68463,삼성 라이온즈,윤정빈,OF,contact,7,10,3,KBO_2024_2025,kbo-player-abilities-2024-2025-v1
68463,삼성 라이온즈,윤정빈,OF,power,7,10,3,KBO_2024_2025,kbo-player-abilities-2024-2025-v1
68463,삼성 라이온즈,윤정빈,OF,plate_discipline,9,12,3,KBO_2024_2025,kbo-player-abilities-2024-2025-v1
68463,삼성 라이온즈,윤정빈,OF,bat_control,7,10,3,KBO_2024_2025,kbo-player-abilities-2024-2025-v1
68463,삼성 라이온즈,윤정빈,OF,timing,7,9,2,KBO_2024_2025,kbo-player-abilities-2024-2025-v1
68463,삼성 라이온즈,윤정빈,OF,speed,10,11,1,KBO_2024_2025,kbo-player-abilities-2024-2025-v1
66409,삼성 라이온즈,이성규,OF,power,15,16,1,KBO_2024_2025,kbo-player-abilities-2024-2025-v1
66409,삼성 라이온즈,이성규,OF,timing,11,10,-1,KBO_2024_2025,kbo-player-abilities-2024-2025-v1
66409,삼성 라이온즈,이성규,OF,baserunning_judgment,11,13,2,KBO_2024_2025,kbo-player-abilities-2024-2025-v1
55440,삼성 라이온즈,함수호,OF,contact,9,10,1,KBO_2024_2025,kbo-player-abilities-2024-2025-v1
55440,삼성 라이온즈,함수호,OF,power,8,10,2,KBO_2024_2025,kbo-player-abilities-2024-2025-v1
55440,삼성 라이온즈,함수호,OF,plate_discipline,8,10,2,KBO_2024_2025,kbo-player-abilities-2024-2025-v1
55440,삼성 라이온즈,함수호,OF,bat_control,9,10,1,KBO_2024_2025,kbo-player-abilities-2024-2025-v1
55440,삼성 라이온즈,함수호,OF,timing,9,10,1,KBO_2024_2025,kbo-player-abilities-2024-2025-v1
67005,삼성 라이온즈,홍현빈,OF,contact,7,9,2,KBO_2024_2025,kbo-player-abilities-2024-2025-v1
67005,삼성 라이온즈,홍현빈,OF,power,7,10,3,KBO_2024_2025,kbo-player-abilities-2024-2025-v1
67005,삼성 라이온즈,홍현빈,OF,plate_discipline,9,11,2,KBO_2024_2025,kbo-player-abilities-2024-2025-v1
67005,삼성 라이온즈,홍현빈,OF,bat_control,9,10,1,KBO_2024_2025,kbo-player-abilities-2024-2025-v1
67005,삼성 라이온즈,홍현빈,OF,timing,7,9,2,KBO_2024_2025,kbo-player-abilities-2024-2025-v1
67005,삼성 라이온즈,홍현빈,OF,baserunning_judgment,11,10,-1,KBO_2024_2025,kbo-player-abilities-2024-2025-v1
55460,삼성 라이온즈,가라비토,P,pitcher_command,11,12,1,KBO_2024_2025,kbo-player-abilities-2024-2025-v1
55460,삼성 라이온즈,가라비토,P,pitcher_movement,16,14,-2,KBO_2024_2025,kbo-player-abilities-2024-2025-v1
55460,삼성 라이온즈,가라비토,P,pitcher_stamina,18,15,-3,KBO_2024_2025,kbo-player-abilities-2024-2025-v1
55460,삼성 라이온즈,가라비토,P,pitcher_pitchability,15,14,-1,KBO_2024_2025,kbo-player-abilities-2024-2025-v1
55460,삼성 라이온즈,가라비토,P,pitcher_strikeout,19,16,-3,KBO_2024_2025,kbo-player-abilities-2024-2025-v1
55460,삼성 라이온즈,가라비토,P,pitcher_walk_control,7,9,2,KBO_2024_2025,kbo-player-abilities-2024-2025-v1
55460,삼성 라이온즈,가라비토,P,pitcher_composure,18,15,-3,KBO_2024_2025,kbo-player-abilities-2024-2025-v1
55441,삼성 라이온즈,권현우,P,pitcher_velocity,8,9,1,SCOUTING_PRIOR,kbo-player-abilities-2024-2025-v1
55441,삼성 라이온즈,권현우,P,pitcher_stuff,8,10,2,SCOUTING_PRIOR,kbo-player-abilities-2024-2025-v1
55441,삼성 라이온즈,권현우,P,pitcher_command,8,10,2,SCOUTING_PRIOR,kbo-player-abilities-2024-2025-v1
55441,삼성 라이온즈,권현우,P,pitcher_movement,8,10,2,SCOUTING_PRIOR,kbo-player-abilities-2024-2025-v1
55441,삼성 라이온즈,권현우,P,pitcher_stamina,8,10,2,SCOUTING_PRIOR,kbo-player-abilities-2024-2025-v1
55441,삼성 라이온즈,권현우,P,pitcher_pitchability,8,10,2,SCOUTING_PRIOR,kbo-player-abilities-2024-2025-v1
55441,삼성 라이온즈,권현우,P,pitcher_strikeout,8,10,2,SCOUTING_PRIOR,kbo-player-abilities-2024-2025-v1
55441,삼성 라이온즈,권현우,P,pitcher_walk_control,8,10,2,SCOUTING_PRIOR,kbo-player-abilities-2024-2025-v1
55441,삼성 라이온즈,권현우,P,pitcher_composure,8,10,2,SCOUTING_PRIOR,kbo-player-abilities-2024-2025-v1
55441,삼성 라이온즈,권현우,P,pitch_four_seam,,9,,SCOUTING_PRIOR,kbo-player-abilities-2024-2025-v1
55441,삼성 라이온즈,권현우,P,pitch_slider,,10,,SCOUTING_PRIOR,kbo-player-abilities-2024-2025-v1
55441,삼성 라이온즈,권현우,P,pitch_curve,,11,,SCOUTING_PRIOR,kbo-player-abilities-2024-2025-v1
61365,삼성 라이온즈,김대우,P,pitcher_stuff,11,10,-1,KBO_2024_2025,kbo-player-abilities-2024-2025-v1
61365,삼성 라이온즈,김대우,P,pitcher_command,12,13,1,KBO_2024_2025,kbo-player-abilities-2024-2025-v1
61365,삼성 라이온즈,김대우,P,pitcher_movement,12,11,-1,KBO_2024_2025,kbo-player-abilities-2024-2025-v1
61365,삼성 라이온즈,김대우,P,pitcher_stamina,8,9,1,KBO_2024_2025,kbo-player-abilities-2024-2025-v1
61365,삼성 라이온즈,김대우,P,pitcher_pitchability,13,12,-1,KBO_2024_2025,kbo-player-abilities-2024-2025-v1
61365,삼성 라이온즈,김대우,P,pitcher_strikeout,12,11,-1,KBO_2024_2025,kbo-player-abilities-2024-2025-v1
61365,삼성 라이온즈,김대우,P,pitcher_composure,13,12,-1,KBO_2024_2025,kbo-player-abilities-2024-2025-v1
54401,삼성 라이온즈,김대호,P,pitcher_stuff,9,10,1,KBO_2024_2025,kbo-player-abilities-2024-2025-v1
54401,삼성 라이온즈,김대호,P,pitcher_command,7,9,2,KBO_2024_2025,kbo-player-abilities-2024-2025-v1
54401,삼성 라이온즈,김대호,P,pitcher_movement,7,9,2,KBO_2024_2025,kbo-player-abilities-2024-2025-v1
54401,삼성 라이온즈,김대호,P,pitcher_stamina,11,12,1,KBO_2024_2025,kbo-player-abilities-2024-2025-v1
54401,삼성 라이온즈,김대호,P,pitcher_pitchability,7,9,2,KBO_2024_2025,kbo-player-abilities-2024-2025-v1
54401,삼성 라이온즈,김대호,P,pitcher_walk_control,5,8,3,KBO_2024_2025,kbo-player-abilities-2024-2025-v1
54401,삼성 라이온즈,김대호,P,pitcher_composure,7,9,2,KBO_2024_2025,kbo-player-abilities-2024-2025-v1
68403,삼성 라이온즈,김무신,P,pitcher_stuff,8,10,2,KBO_2024_2025,kbo-player-abilities-2024-2025-v1
68403,삼성 라이온즈,김무신,P,pitcher_command,8,9,1,KBO_2024_2025,kbo-player-abilities-2024-2025-v1
68403,삼성 라이온즈,김무신,P,pitcher_movement,8,10,2,KBO_2024_2025,kbo-player-abilities-2024-2025-v1
68403,삼성 라이온즈,김무신,P,pitcher_stamina,8,10,2,KBO_2024_2025,kbo-player-abilities-2024-2025-v1
68403,삼성 라이온즈,김무신,P,pitcher_pitchability,8,9,1,KBO_2024_2025,kbo-player-abilities-2024-2025-v1
68403,삼성 라이온즈,김무신,P,pitcher_strikeout,8,9,1,KBO_2024_2025,kbo-player-abilities-2024-2025-v1
68403,삼성 라이온즈,김무신,P,pitcher_walk_control,8,9,1,KBO_2024_2025,kbo-player-abilities-2024-2025-v1
68403,삼성 라이온즈,김무신,P,pitcher_composure,8,9,1,KBO_2024_2025,kbo-player-abilities-2024-2025-v1
65062,삼성 라이온즈,김재윤,P,pitcher_stuff,8,10,2,KBO_2024_2025,kbo-player-abilities-2024-2025-v1
65062,삼성 라이온즈,김재윤,P,pitcher_movement,8,9,1,KBO_2024_2025,kbo-player-abilities-2024-2025-v1
65062,삼성 라이온즈,김재윤,P,pitcher_stamina,10,11,1,KBO_2024_2025,kbo-player-abilities-2024-2025-v1
65062,삼성 라이온즈,김재윤,P,pitcher_strikeout,9,10,1,KBO_2024_2025,kbo-player-abilities-2024-2025-v1
65062,삼성 라이온즈,김재윤,P,pitcher_walk_control,19,16,-3,KBO_2024_2025,kbo-player-abilities-2024-2025-v1
62360,삼성 라이온즈,김태훈,P,pitcher_stuff,13,14,1,KBO_2024_2025,kbo-player-abilities-2024-2025-v1
62360,삼성 라이온즈,김태훈,P,pitcher_pitchability,16,15,-1,KBO_2024_2025,kbo-player-abilities-2024-2025-v1
62360,삼성 라이온즈,김태훈,P,pitcher_strikeout,19,16,-3,KBO_2024_2025,kbo-player-abilities-2024-2025-v1
55455,삼성 라이온즈,배찬승,P,pitcher_stuff,15,14,-1,KBO_2024_2025,kbo-player-abilities-2024-2025-v1
55455,삼성 라이온즈,배찬승,P,pitcher_command,8,9,1,KBO_2024_2025,kbo-player-abilities-2024-2025-v1
55455,삼성 라이온즈,배찬승,P,pitcher_movement,15,14,-1,KBO_2024_2025,kbo-player-abilities-2024-2025-v1
55455,삼성 라이온즈,배찬승,P,pitcher_pitchability,11,12,1,KBO_2024_2025,kbo-player-abilities-2024-2025-v1
55455,삼성 라이온즈,배찬승,P,pitcher_strikeout,18,15,-3,KBO_2024_2025,kbo-player-abilities-2024-2025-v1
55455,삼성 라이온즈,배찬승,P,pitcher_walk_control,2,6,4,KBO_2024_2025,kbo-player-abilities-2024-2025-v1
77446,삼성 라이온즈,백정현,P,pitcher_stuff,14,13,-1,KBO_2024_2025,kbo-player-abilities-2024-2025-v1
77446,삼성 라이온즈,백정현,P,pitcher_command,15,14,-1,KBO_2024_2025,kbo-player-abilities-2024-2025-v1
77446,삼성 라이온즈,백정현,P,pitcher_movement,18,14,-4,KBO_2024_2025,kbo-player-abilities-2024-2025-v1
77446,삼성 라이온즈,백정현,P,pitcher_stamina,10,13,3,KBO_2024_2025,kbo-player-abilities-2024-2025-v1
77446,삼성 라이온즈,백정현,P,pitcher_pitchability,19,15,-4,KBO_2024_2025,kbo-player-abilities-2024-2025-v1
77446,삼성 라이온즈,백정현,P,pitcher_strikeout,17,14,-3,KBO_2024_2025,kbo-player-abilities-2024-2025-v1
77446,삼성 라이온즈,백정현,P,pitcher_walk_control,18,16,-2,KBO_2024_2025,kbo-player-abilities-2024-2025-v1
77446,삼성 라이온즈,백정현,P,pitcher_composure,19,15,-4,KBO_2024_2025,kbo-player-abilities-2024-2025-v1
73801,삼성 라이온즈,송은범,P,pitcher_stuff,11,10,-1,KBO_2024_2025,kbo-player-abilities-2024-2025-v1
73801,삼성 라이온즈,송은범,P,pitcher_command,11,12,1,KBO_2024_2025,kbo-player-abilities-2024-2025-v1
73801,삼성 라이온즈,송은범,P,pitcher_stamina,9,10,1,KBO_2024_2025,kbo-player-abilities-2024-2025-v1
73801,삼성 라이온즈,송은범,P,pitcher_pitchability,10,11,1,KBO_2024_2025,kbo-player-abilities-2024-2025-v1
73801,삼성 라이온즈,송은범,P,pitcher_strikeout,6,9,3,KBO_2024_2025,kbo-player-abilities-2024-2025-v1
73801,삼성 라이온즈,송은범,P,pitcher_composure,11,12,1,KBO_2024_2025,kbo-player-abilities-2024-2025-v1
68415,삼성 라이온즈,양창섭,P,pitcher_command,14,13,-1,KBO_2024_2025,kbo-player-abilities-2024-2025-v1
68415,삼성 라이온즈,양창섭,P,pitcher_movement,15,14,-1,KBO_2024_2025,kbo-player-abilities-2024-2025-v1
68415,삼성 라이온즈,양창섭,P,pitcher_stamina,12,13,1,KBO_2024_2025,kbo-player-abilities-2024-2025-v1
68415,삼성 라이온즈,양창섭,P,pitcher_pitchability,13,12,-1,KBO_2024_2025,kbo-player-abilities-2024-2025-v1
68415,삼성 라이온즈,양창섭,P,pitcher_strikeout,6,9,3,KBO_2024_2025,kbo-player-abilities-2024-2025-v1
68415,삼성 라이온즈,양창섭,P,pitcher_walk_control,18,15,-3,KBO_2024_2025,kbo-player-abilities-2024-2025-v1
68415,삼성 라이온즈,양창섭,P,pitcher_composure,16,14,-2,KBO_2024_2025,kbo-player-abilities-2024-2025-v1
61268,삼성 라이온즈,양현,P,pitcher_stuff,11,10,-1,KBO_2024_2025,kbo-player-abilities-2024-2025-v1
61268,삼성 라이온즈,양현,P,pitcher_movement,12,11,-1,KBO_2024_2025,kbo-player-abilities-2024-2025-v1
61268,삼성 라이온즈,양현,P,pitcher_stamina,9,10,1,KBO_2024_2025,kbo-player-abilities-2024-2025-v1
61268,삼성 라이온즈,양현,P,pitcher_strikeout,9,10,1,KBO_2024_2025,kbo-player-abilities-2024-2025-v1
61268,삼성 라이온즈,양현,P,pitcher_walk_control,9,10,1,KBO_2024_2025,kbo-player-abilities-2024-2025-v1
61268,삼성 라이온즈,양현,P,pitcher_composure,14,11,-3,KBO_2024_2025,kbo-player-abilities-2024-2025-v1
75421,삼성 라이온즈,오승환,P,pitcher_stuff,11,10,-1,KBO_2024_2025,kbo-player-abilities-2024-2025-v1
75421,삼성 라이온즈,오승환,P,pitcher_command,11,12,1,KBO_2024_2025,kbo-player-abilities-2024-2025-v1
75421,삼성 라이온즈,오승환,P,pitcher_stamina,8,9,1,KBO_2024_2025,kbo-player-abilities-2024-2025-v1
75421,삼성 라이온즈,오승환,P,pitcher_walk_control,15,14,-1,KBO_2024_2025,kbo-player-abilities-2024-2025-v1
75421,삼성 라이온즈,오승환,P,pitcher_composure,8,9,1,KBO_2024_2025,kbo-player-abilities-2024-2025-v1
69446,삼성 라이온즈,원태인,P,pitcher_stuff,8,11,3,KBO_2024_2025,kbo-player-abilities-2024-2025-v1
69446,삼성 라이온즈,원태인,P,pitcher_movement,8,10,2,KBO_2024_2025,kbo-player-abilities-2024-2025-v1
69446,삼성 라이온즈,원태인,P,pitcher_stamina,20,18,-2,KBO_2024_2025,kbo-player-abilities-2024-2025-v1
69446,삼성 라이온즈,원태인,P,pitcher_strikeout,4,8,4,KBO_2024_2025,kbo-player-abilities-2024-2025-v1
69446,삼성 라이온즈,원태인,P,pitcher_walk_control,20,18,-2,KBO_2024_2025,kbo-player-abilities-2024-2025-v1
69446,삼성 라이온즈,원태인,P,pitcher_composure,18,17,-1,KBO_2024_2025,kbo-player-abilities-2024-2025-v1
54404,삼성 라이온즈,육선엽,P,pitcher_stuff,7,9,2,KBO_2024_2025,kbo-player-abilities-2024-2025-v1
54404,삼성 라이온즈,육선엽,P,pitcher_command,7,8,1,KBO_2024_2025,kbo-player-abilities-2024-2025-v1
54404,삼성 라이온즈,육선엽,P,pitcher_movement,6,9,3,KBO_2024_2025,kbo-player-abilities-2024-2025-v1
54404,삼성 라이온즈,육선엽,P,pitcher_stamina,10,11,1,KBO_2024_2025,kbo-player-abilities-2024-2025-v1
54404,삼성 라이온즈,육선엽,P,pitcher_pitchability,4,7,3,KBO_2024_2025,kbo-player-abilities-2024-2025-v1
54404,삼성 라이온즈,육선엽,P,pitcher_strikeout,5,8,3,KBO_2024_2025,kbo-player-abilities-2024-2025-v1
54404,삼성 라이온즈,육선엽,P,pitcher_walk_control,2,6,4,KBO_2024_2025,kbo-player-abilities-2024-2025-v1
54404,삼성 라이온즈,육선엽,P,pitcher_composure,8,9,1,KBO_2024_2025,kbo-player-abilities-2024-2025-v1
63960,삼성 라이온즈,이상민,P,pitcher_stuff,12,11,-1,KBO_2024_2025,kbo-player-abilities-2024-2025-v1
63960,삼성 라이온즈,이상민,P,pitcher_command,12,13,1,KBO_2024_2025,kbo-player-abilities-2024-2025-v1
63960,삼성 라이온즈,이상민,P,pitcher_movement,12,11,-1,KBO_2024_2025,kbo-player-abilities-2024-2025-v1
63960,삼성 라이온즈,이상민,P,pitcher_stamina,9,10,1,KBO_2024_2025,kbo-player-abilities-2024-2025-v1
63960,삼성 라이온즈,이상민,P,pitcher_pitchability,14,13,-1,KBO_2024_2025,kbo-player-abilities-2024-2025-v1
63960,삼성 라이온즈,이상민,P,pitcher_strikeout,13,10,-3,KBO_2024_2025,kbo-player-abilities-2024-2025-v1
63960,삼성 라이온즈,이상민,P,pitcher_walk_control,14,13,-1,KBO_2024_2025,kbo-player-abilities-2024-2025-v1
63960,삼성 라이온즈,이상민,P,pitcher_composure,14,13,-1,KBO_2024_2025,kbo-player-abilities-2024-2025-v1
50464,삼성 라이온즈,이승민,P,pitcher_stuff,11,10,-1,KBO_2024_2025,kbo-player-abilities-2024-2025-v1
50464,삼성 라이온즈,이승민,P,pitcher_command,12,11,-1,KBO_2024_2025,kbo-player-abilities-2024-2025-v1
50464,삼성 라이온즈,이승민,P,pitcher_movement,14,11,-3,KBO_2024_2025,kbo-player-abilities-2024-2025-v1
50464,삼성 라이온즈,이승민,P,pitcher_stamina,10,12,2,KBO_2024_2025,kbo-player-abilities-2024-2025-v1
50464,삼성 라이온즈,이승민,P,pitcher_pitchability,13,11,-2,KBO_2024_2025,kbo-player-abilities-2024-2025-v1
50464,삼성 라이온즈,이승민,P,pitcher_strikeout,12,11,-1,KBO_2024_2025,kbo-player-abilities-2024-2025-v1
50464,삼성 라이온즈,이승민,P,pitcher_composure,15,12,-3,KBO_2024_2025,kbo-player-abilities-2024-2025-v1
51454,삼성 라이온즈,이승현,P,pitcher_stuff,8,9,1,KBO_2024_2025,kbo-player-abilities-2024-2025-v1
51454,삼성 라이온즈,이승현,P,pitcher_command,9,11,2,KBO_2024_2025,kbo-player-abilities-2024-2025-v1
51454,삼성 라이온즈,이승현,P,pitcher_movement,8,10,2,KBO_2024_2025,kbo-player-abilities-2024-2025-v1
51454,삼성 라이온즈,이승현,P,pitcher_stamina,17,16,-1,KBO_2024_2025,kbo-player-abilities-2024-2025-v1
51454,삼성 라이온즈,이승현,P,pitcher_pitchability,7,10,3,KBO_2024_2025,kbo-player-abilities-2024-2025-v1
51454,삼성 라이온즈,이승현,P,pitcher_strikeout,4,8,4,KBO_2024_2025,kbo-player-abilities-2024-2025-v1
51454,삼성 라이온즈,이승현,P,pitcher_walk_control,11,12,1,KBO_2024_2025,kbo-player-abilities-2024-2025-v1
51454,삼성 라이온즈,이승현,P,pitcher_composure,6,9,3,KBO_2024_2025,kbo-player-abilities-2024-2025-v1
60146,삼성 라이온즈,이승현,P,pitcher_stuff,8,10,2,KBO_2024_2025,kbo-player-abilities-2024-2025-v1
60146,삼성 라이온즈,이승현,P,pitcher_movement,6,7,1,KBO_2024_2025,kbo-player-abilities-2024-2025-v1
60146,삼성 라이온즈,이승현,P,pitcher_pitchability,11,12,1,KBO_2024_2025,kbo-player-abilities-2024-2025-v1
60146,삼성 라이온즈,이승현,P,pitcher_strikeout,10,11,1,KBO_2024_2025,kbo-player-abilities-2024-2025-v1
60146,삼성 라이온즈,이승현,P,pitcher_walk_control,17,15,-2,KBO_2024_2025,kbo-player-abilities-2024-2025-v1
60146,삼성 라이온즈,이승현,P,pitcher_composure,7,10,3,KBO_2024_2025,kbo-player-abilities-2024-2025-v1
63492,삼성 라이온즈,이재익,P,pitcher_stuff,13,12,-1,KBO_2024_2025,kbo-player-abilities-2024-2025-v1
63492,삼성 라이온즈,이재익,P,pitcher_command,13,12,-1,KBO_2024_2025,kbo-player-abilities-2024-2025-v1
63492,삼성 라이온즈,이재익,P,pitcher_movement,15,12,-3,KBO_2024_2025,kbo-player-abilities-2024-2025-v1
63492,삼성 라이온즈,이재익,P,pitcher_stamina,9,10,1,KBO_2024_2025,kbo-player-abilities-2024-2025-v1
63492,삼성 라이온즈,이재익,P,pitcher_pitchability,15,12,-3,KBO_2024_2025,kbo-player-abilities-2024-2025-v1
63492,삼성 라이온즈,이재익,P,pitcher_strikeout,13,11,-2,KBO_2024_2025,kbo-player-abilities-2024-2025-v1
63492,삼성 라이온즈,이재익,P,pitcher_walk_control,15,13,-2,KBO_2024_2025,kbo-player-abilities-2024-2025-v1
63492,삼성 라이온즈,이재익,P,pitcher_composure,16,12,-4,KBO_2024_2025,kbo-player-abilities-2024-2025-v1
51460,삼성 라이온즈,이재희,P,pitcher_stuff,13,12,-1,KBO_2024_2025,kbo-player-abilities-2024-2025-v1
51460,삼성 라이온즈,이재희,P,pitcher_movement,16,13,-3,KBO_2024_2025,kbo-player-abilities-2024-2025-v1
51460,삼성 라이온즈,이재희,P,pitcher_stamina,9,10,1,KBO_2024_2025,kbo-player-abilities-2024-2025-v1
51460,삼성 라이온즈,이재희,P,pitcher_pitchability,14,12,-2,KBO_2024_2025,kbo-player-abilities-2024-2025-v1
51460,삼성 라이온즈,이재희,P,pitcher_strikeout,15,13,-2,KBO_2024_2025,kbo-player-abilities-2024-2025-v1
51460,삼성 라이온즈,이재희,P,pitcher_walk_control,10,11,1,KBO_2024_2025,kbo-player-abilities-2024-2025-v1
51460,삼성 라이온즈,이재희,P,pitcher_composure,15,13,-2,KBO_2024_2025,kbo-player-abilities-2024-2025-v1
53455,삼성 라이온즈,이호성,P,pitcher_stuff,13,12,-1,KBO_2024_2025,kbo-player-abilities-2024-2025-v1
53455,삼성 라이온즈,이호성,P,pitcher_command,9,10,1,KBO_2024_2025,kbo-player-abilities-2024-2025-v1
53455,삼성 라이온즈,이호성,P,pitcher_movement,10,9,-1,KBO_2024_2025,kbo-player-abilities-2024-2025-v1
53455,삼성 라이온즈,이호성,P,pitcher_stamina,10,11,1,KBO_2024_2025,kbo-player-abilities-2024-2025-v1
53455,삼성 라이온즈,이호성,P,pitcher_pitchability,13,12,-1,KBO_2024_2025,kbo-player-abilities-2024-2025-v1
53455,삼성 라이온즈,이호성,P,pitcher_strikeout,19,16,-3,KBO_2024_2025,kbo-player-abilities-2024-2025-v1
53455,삼성 라이온즈,이호성,P,pitcher_walk_control,7,9,2,KBO_2024_2025,kbo-player-abilities-2024-2025-v1
53455,삼성 라이온즈,이호성,P,pitcher_composure,9,10,1,KBO_2024_2025,kbo-player-abilities-2024-2025-v1
78352,삼성 라이온즈,임창민,P,pitcher_stuff,6,9,3,KBO_2024_2025,kbo-player-abilities-2024-2025-v1
78352,삼성 라이온즈,임창민,P,pitcher_command,9,10,1,KBO_2024_2025,kbo-player-abilities-2024-2025-v1
78352,삼성 라이온즈,임창민,P,pitcher_movement,3,7,4,KBO_2024_2025,kbo-player-abilities-2024-2025-v1
78352,삼성 라이온즈,임창민,P,pitcher_stamina,9,10,1,KBO_2024_2025,kbo-player-abilities-2024-2025-v1
78352,삼성 라이온즈,임창민,P,pitcher_pitchability,6,9,3,KBO_2024_2025,kbo-player-abilities-2024-2025-v1
78352,삼성 라이온즈,임창민,P,pitcher_strikeout,4,8,4,KBO_2024_2025,kbo-player-abilities-2024-2025-v1
78352,삼성 라이온즈,임창민,P,pitcher_walk_control,11,10,-1,KBO_2024_2025,kbo-player-abilities-2024-2025-v1
78352,삼성 라이온즈,임창민,P,pitcher_composure,8,10,2,KBO_2024_2025,kbo-player-abilities-2024-2025-v1
54467,삼성 라이온즈,정민성,P,pitcher_stuff,10,11,1,KBO_2024_2025,kbo-player-abilities-2024-2025-v1
54467,삼성 라이온즈,정민성,P,pitcher_stamina,9,10,1,KBO_2024_2025,kbo-player-abilities-2024-2025-v1
54467,삼성 라이온즈,정민성,P,pitcher_strikeout,10,11,1,KBO_2024_2025,kbo-player-abilities-2024-2025-v1
54467,삼성 라이온즈,정민성,P,pitcher_walk_control,15,12,-3,KBO_2024_2025,kbo-player-abilities-2024-2025-v1
54467,삼성 라이온즈,정민성,P,pitcher_composure,7,10,3,KBO_2024_2025,kbo-player-abilities-2024-2025-v1
62146,삼성 라이온즈,최성훈,P,pitcher_stuff,12,11,-1,KBO_2024_2025,kbo-player-abilities-2024-2025-v1
62146,삼성 라이온즈,최성훈,P,pitcher_command,11,10,-1,KBO_2024_2025,kbo-player-abilities-2024-2025-v1
62146,삼성 라이온즈,최성훈,P,pitcher_movement,12,11,-1,KBO_2024_2025,kbo-player-abilities-2024-2025-v1
62146,삼성 라이온즈,최성훈,P,pitcher_stamina,8,9,1,KBO_2024_2025,kbo-player-abilities-2024-2025-v1
62146,삼성 라이온즈,최성훈,P,pitcher_pitchability,13,12,-1,KBO_2024_2025,kbo-player-abilities-2024-2025-v1
62146,삼성 라이온즈,최성훈,P,pitcher_strikeout,13,12,-1,KBO_2024_2025,kbo-player-abilities-2024-2025-v1
62146,삼성 라이온즈,최성훈,P,pitcher_walk_control,11,10,-1,KBO_2024_2025,kbo-player-abilities-2024-2025-v1
62146,삼성 라이온즈,최성훈,P,pitcher_composure,12,11,-1,KBO_2024_2025,kbo-player-abilities-2024-2025-v1
65320,삼성 라이온즈,최원태,P,pitcher_stuff,11,12,1,KBO_2024_2025,kbo-player-abilities-2024-2025-v1
65320,삼성 라이온즈,최원태,P,pitcher_command,11,12,1,KBO_2024_2025,kbo-player-abilities-2024-2025-v1
65320,삼성 라이온즈,최원태,P,pitcher_movement,10,11,1,KBO_2024_2025,kbo-player-abilities-2024-2025-v1
65320,삼성 라이온즈,최원태,P,pitcher_stamina,18,17,-1,KBO_2024_2025,kbo-player-abilities-2024-2025-v1
65320,삼성 라이온즈,최원태,P,pitcher_pitchability,12,13,1,KBO_2024_2025,kbo-player-abilities-2024-2025-v1
65320,삼성 라이온즈,최원태,P,pitcher_strikeout,14,13,-1,KBO_2024_2025,kbo-player-abilities-2024-2025-v1
65320,삼성 라이온즈,최원태,P,pitcher_walk_control,13,12,-1,KBO_2024_2025,kbo-player-abilities-2024-2025-v1
65320,삼성 라이온즈,최원태,P,pitcher_composure,11,12,1,KBO_2024_2025,kbo-player-abilities-2024-2025-v1
67421,삼성 라이온즈,최지광,P,pitcher_stuff,8,11,3,KBO_2024_2025,kbo-player-abilities-2024-2025-v1
67421,삼성 라이온즈,최지광,P,pitcher_command,8,10,2,KBO_2024_2025,kbo-player-abilities-2024-2025-v1
67421,삼성 라이온즈,최지광,P,pitcher_movement,8,11,3,KBO_2024_2025,kbo-player-abilities-2024-2025-v1
67421,삼성 라이온즈,최지광,P,pitcher_stamina,8,10,2,KBO_2024_2025,kbo-player-abilities-2024-2025-v1
67421,삼성 라이온즈,최지광,P,pitcher_pitchability,8,11,3,KBO_2024_2025,kbo-player-abilities-2024-2025-v1
67421,삼성 라이온즈,최지광,P,pitcher_strikeout,8,11,3,KBO_2024_2025,kbo-player-abilities-2024-2025-v1
67421,삼성 라이온즈,최지광,P,pitcher_walk_control,8,9,1,KBO_2024_2025,kbo-player-abilities-2024-2025-v1
67421,삼성 라이온즈,최지광,P,pitcher_composure,8,11,3,KBO_2024_2025,kbo-player-abilities-2024-2025-v1
66451,삼성 라이온즈,최충연,P,pitcher_stuff,8,10,2,KBO_2024_2025,kbo-player-abilities-2024-2025-v1
66451,삼성 라이온즈,최충연,P,pitcher_command,8,10,2,KBO_2024_2025,kbo-player-abilities-2024-2025-v1
66451,삼성 라이온즈,최충연,P,pitcher_movement,6,9,3,KBO_2024_2025,kbo-player-abilities-2024-2025-v1
66451,삼성 라이온즈,최충연,P,pitcher_stamina,8,10,2,KBO_2024_2025,kbo-player-abilities-2024-2025-v1
66451,삼성 라이온즈,최충연,P,pitcher_pitchability,7,10,3,KBO_2024_2025,kbo-player-abilities-2024-2025-v1
66451,삼성 라이온즈,최충연,P,pitcher_strikeout,9,10,1,KBO_2024_2025,kbo-player-abilities-2024-2025-v1
66451,삼성 라이온즈,최충연,P,pitcher_composure,2,8,6,KBO_2024_2025,kbo-player-abilities-2024-2025-v1
68501,삼성 라이온즈,최하늘,P,pitcher_stuff,9,10,1,KBO_2024_2025,kbo-player-abilities-2024-2025-v1
68501,삼성 라이온즈,최하늘,P,pitcher_command,7,10,3,KBO_2024_2025,kbo-player-abilities-2024-2025-v1
68501,삼성 라이온즈,최하늘,P,pitcher_movement,8,11,3,KBO_2024_2025,kbo-player-abilities-2024-2025-v1
68501,삼성 라이온즈,최하늘,P,pitcher_stamina,7,10,3,KBO_2024_2025,kbo-player-abilities-2024-2025-v1
68501,삼성 라이온즈,최하늘,P,pitcher_pitchability,8,10,2,KBO_2024_2025,kbo-player-abilities-2024-2025-v1
68501,삼성 라이온즈,최하늘,P,pitcher_strikeout,10,9,-1,KBO_2024_2025,kbo-player-abilities-2024-2025-v1
68501,삼성 라이온즈,최하늘,P,pitcher_walk_control,8,10,2,KBO_2024_2025,kbo-player-abilities-2024-2025-v1
68501,삼성 라이온즈,최하늘,P,pitcher_composure,6,9,3,KBO_2024_2025,kbo-player-abilities-2024-2025-v1
50430,삼성 라이온즈,홍원표,P,pitcher_stamina,9,10,1,KBO_2024_2025,kbo-player-abilities-2024-2025-v1
50430,삼성 라이온즈,홍원표,P,pitcher_walk_control,11,10,-1,KBO_2024_2025,kbo-player-abilities-2024-2025-v1
50441,삼성 라이온즈,황동재,P,pitcher_stuff,13,12,-1,KBO_2024_2025,kbo-player-abilities-2024-2025-v1
50441,삼성 라이온즈,황동재,P,pitcher_command,8,10,2,KBO_2024_2025,kbo-player-abilities-2024-2025-v1
50441,삼성 라이온즈,황동재,P,pitcher_stamina,10,11,1,KBO_2024_2025,kbo-player-abilities-2024-2025-v1
50441,삼성 라이온즈,황동재,P,pitcher_pitchability,10,11,1,KBO_2024_2025,kbo-player-abilities-2024-2025-v1
50441,삼성 라이온즈,황동재,P,pitcher_strikeout,15,13,-2,KBO_2024_2025,kbo-player-abilities-2024-2025-v1
50441,삼성 라이온즈,황동재,P,pitcher_walk_control,6,9,3,KBO_2024_2025,kbo-player-abilities-2024-2025-v1
50441,삼성 라이온즈,황동재,P,pitcher_composure,6,9,3,KBO_2024_2025,kbo-player-abilities-2024-2025-v1
53375,삼성 라이온즈,후라도,P,pitcher_stuff,11,13,2,KBO_2024_2025,kbo-player-abilities-2024-2025-v1
53375,삼성 라이온즈,후라도,P,pitcher_command,16,17,1,KBO_2024_2025,kbo-player-abilities-2024-2025-v1
53375,삼성 라이온즈,후라도,P,pitcher_stamina,20,19,-1,KBO_2024_2025,kbo-player-abilities-2024-2025-v1
53375,삼성 라이온즈,후라도,P,pitcher_strikeout,8,11,3,KBO_2024_2025,kbo-player-abilities-2024-2025-v1
53375,삼성 라이온즈,후라도,P,pitcher_walk_control,20,18,-2,KBO_2024_2025,kbo-player-abilities-2024-2025-v1
53375,삼성 라이온즈,후라도,P,pitcher_composure,19,18,-1,KBO_2024_2025,kbo-player-abilities-2024-2025-v1
53312,키움 히어로즈,김건희,C,contact,7,10,3,KBO_2024_2025,kbo-player-abilities-2024-2025-v1
53312,키움 히어로즈,김건희,C,power,9,12,3,KBO_2024_2025,kbo-player-abilities-2024-2025-v1
53312,키움 히어로즈,김건희,C,plate_discipline,3,6,3,KBO_2024_2025,kbo-player-abilities-2024-2025-v1
53312,키움 히어로즈,김건희,C,bat_control,6,8,2,KBO_2024_2025,kbo-player-abilities-2024-2025-v1
53312,키움 히어로즈,김건희,C,timing,7,9,2,KBO_2024_2025,kbo-player-abilities-2024-2025-v1
53312,키움 히어로즈,김건희,C,speed,12,11,-1,KBO_2024_2025,kbo-player-abilities-2024-2025-v1
53344,키움 히어로즈,김동헌,C,contact,11,12,1,KBO_2024_2025,kbo-player-abilities-2024-2025-v1
53344,키움 히어로즈,김동헌,C,power,7,9,2,KBO_2024_2025,kbo-player-abilities-2024-2025-v1
53344,키움 히어로즈,김동헌,C,plate_discipline,9,10,1,KBO_2024_2025,kbo-player-abilities-2024-2025-v1
53344,키움 히어로즈,김동헌,C,bat_control,9,11,2,KBO_2024_2025,kbo-player-abilities-2024-2025-v1
53344,키움 히어로즈,김동헌,C,timing,10,11,1,KBO_2024_2025,kbo-player-abilities-2024-2025-v1
53344,키움 히어로즈,김동헌,C,baserunning_judgment,11,10,-1,KBO_2024_2025,kbo-player-abilities-2024-2025-v1
62332,키움 히어로즈,김재현,C,contact,7,10,3,KBO_2024_2025,kbo-player-abilities-2024-2025-v1
62332,키움 히어로즈,김재현,C,power,6,7,1,KBO_2024_2025,kbo-player-abilities-2024-2025-v1
62332,키움 히어로즈,김재현,C,plate_discipline,4,6,2,KBO_2024_2025,kbo-player-abilities-2024-2025-v1
62332,키움 히어로즈,김재현,C,bat_control,8,10,2,KBO_2024_2025,kbo-player-abilities-2024-2025-v1
62332,키움 히어로즈,김재현,C,timing,7,9,2,KBO_2024_2025,kbo-player-abilities-2024-2025-v1
62332,키움 히어로즈,김재현,C,baserunning_judgment,13,12,-1,KBO_2024_2025,kbo-player-abilities-2024-2025-v1
53305,키움 히어로즈,박성빈,C,contact,5,9,4,KBO_2024_2025,kbo-player-abilities-2024-2025-v1
53305,키움 히어로즈,박성빈,C,power,5,9,4,KBO_2024_2025,kbo-player-abilities-2024-2025-v1
53305,키움 히어로즈,박성빈,C,plate_discipline,4,9,5,KBO_2024_2025,kbo-player-abilities-2024-2025-v1
53305,키움 히어로즈,박성빈,C,bat_control,7,10,3,KBO_2024_2025,kbo-player-abilities-2024-2025-v1
53305,키움 히어로즈,박성빈,C,timing,7,9,2,KBO_2024_2025,kbo-player-abilities-2024-2025-v1
53305,키움 히어로즈,박성빈,C,speed,8,10,2,KBO_2024_2025,kbo-player-abilities-2024-2025-v1
53305,키움 히어로즈,박성빈,C,baserunning_judgment,9,10,1,KBO_2024_2025,kbo-player-abilities-2024-2025-v1
54344,키움 히어로즈,고영우,IF,contact,9,11,2,KBO_2024_2025,kbo-player-abilities-2024-2025-v1
54344,키움 히어로즈,고영우,IF,power,8,9,1,KBO_2024_2025,kbo-player-abilities-2024-2025-v1
54344,키움 히어로즈,고영우,IF,plate_discipline,9,11,2,KBO_2024_2025,kbo-player-abilities-2024-2025-v1
54344,키움 히어로즈,고영우,IF,timing,10,11,1,KBO_2024_2025,kbo-player-abilities-2024-2025-v1
54344,키움 히어로즈,고영우,IF,speed,10,9,-1,KBO_2024_2025,kbo-player-abilities-2024-2025-v1
54344,키움 히어로즈,고영우,IF,baserunning_judgment,11,9,-2,KBO_2024_2025,kbo-player-abilities-2024-2025-v1
55371,키움 히어로즈,권혁빈,IF,contact,7,9,2,KBO_2024_2025,kbo-player-abilities-2024-2025-v1
55371,키움 히어로즈,권혁빈,IF,power,7,9,2,KBO_2024_2025,kbo-player-abilities-2024-2025-v1
55371,키움 히어로즈,권혁빈,IF,plate_discipline,9,10,1,KBO_2024_2025,kbo-player-abilities-2024-2025-v1
55371,키움 히어로즈,권혁빈,IF,bat_control,7,9,2,KBO_2024_2025,kbo-player-abilities-2024-2025-v1
55371,키움 히어로즈,권혁빈,IF,timing,7,9,2,KBO_2024_2025,kbo-player-abilities-2024-2025-v1
55371,키움 히어로즈,권혁빈,IF,baserunning_judgment,11,10,-1,KBO_2024_2025,kbo-player-abilities-2024-2025-v1
50304,키움 히어로즈,김병휘,IF,power,10,11,1,KBO_2024_2025,kbo-player-abilities-2024-2025-v1
50304,키움 히어로즈,김병휘,IF,plate_discipline,10,11,1,KBO_2024_2025,kbo-player-abilities-2024-2025-v1
50304,키움 히어로즈,김병휘,IF,timing,11,10,-1,KBO_2024_2025,kbo-player-abilities-2024-2025-v1
50304,키움 히어로즈,김병휘,IF,speed,11,10,-1,KBO_2024_2025,kbo-player-abilities-2024-2025-v1
50304,키움 히어로즈,김병휘,IF,baserunning_judgment,11,10,-1,KBO_2024_2025,kbo-player-abilities-2024-2025-v1
65898,키움 히어로즈,김웅빈,IF,contact,8,9,1,KBO_2024_2025,kbo-player-abilities-2024-2025-v1
65898,키움 히어로즈,김웅빈,IF,power,8,9,1,KBO_2024_2025,kbo-player-abilities-2024-2025-v1
65898,키움 히어로즈,김웅빈,IF,plate_discipline,11,12,1,KBO_2024_2025,kbo-player-abilities-2024-2025-v1
65898,키움 히어로즈,김웅빈,IF,bat_control,8,9,1,KBO_2024_2025,kbo-player-abilities-2024-2025-v1
65898,키움 히어로즈,김웅빈,IF,timing,8,9,1,KBO_2024_2025,kbo-player-abilities-2024-2025-v1
65898,키움 히어로즈,김웅빈,IF,baserunning_judgment,11,10,-1,KBO_2024_2025,kbo-player-abilities-2024-2025-v1
64984,키움 히어로즈,김태진,IF,power,13,12,-1,KBO_2024_2025,kbo-player-abilities-2024-2025-v1
64984,키움 히어로즈,김태진,IF,plate_discipline,10,9,-1,KBO_2024_2025,kbo-player-abilities-2024-2025-v1
64984,키움 히어로즈,김태진,IF,speed,12,11,-1,KBO_2024_2025,kbo-player-abilities-2024-2025-v1
64984,키움 히어로즈,김태진,IF,baserunning_judgment,11,10,-1,KBO_2024_2025,kbo-player-abilities-2024-2025-v1
53309,키움 히어로즈,서유신,IF,contact,10,11,1,KBO_2024_2025,kbo-player-abilities-2024-2025-v1
53309,키움 히어로즈,서유신,IF,power,10,11,1,KBO_2024_2025,kbo-player-abilities-2024-2025-v1
53309,키움 히어로즈,서유신,IF,plate_discipline,10,11,1,KBO_2024_2025,kbo-player-abilities-2024-2025-v1
53309,키움 히어로즈,서유신,IF,bat_control,10,11,1,KBO_2024_2025,kbo-player-abilities-2024-2025-v1
65357,키움 히어로즈,송성문,IF,contact,17,16,-1,KBO_2024_2025,kbo-player-abilities-2024-2025-v1
65357,키움 히어로즈,송성문,IF,power,19,18,-1,KBO_2024_2025,kbo-player-abilities-2024-2025-v1
65357,키움 히어로즈,송성문,IF,plate_discipline,16,15,-1,KBO_2024_2025,kbo-player-abilities-2024-2025-v1
65357,키움 히어로즈,송성문,IF,bat_control,17,16,-1,KBO_2024_2025,kbo-player-abilities-2024-2025-v1
65357,키움 히어로즈,송성문,IF,timing,18,17,-1,KBO_2024_2025,kbo-player-abilities-2024-2025-v1
65357,키움 히어로즈,송성문,IF,baserunning_judgment,11,14,3,KBO_2024_2025,kbo-player-abilities-2024-2025-v1
54394,키움 히어로즈,송지후,IF,contact,7,9,2,KBO_2024_2025,kbo-player-abilities-2024-2025-v1
54394,키움 히어로즈,송지후,IF,power,8,10,2,KBO_2024_2025,kbo-player-abilities-2024-2025-v1
54394,키움 히어로즈,송지후,IF,plate_discipline,6,9,3,KBO_2024_2025,kbo-player-abilities-2024-2025-v1
54394,키움 히어로즈,송지후,IF,bat_control,7,9,2,KBO_2024_2025,kbo-player-abilities-2024-2025-v1
54394,키움 히어로즈,송지후,IF,timing,7,9,2,KBO_2024_2025,kbo-player-abilities-2024-2025-v1
54394,키움 히어로즈,송지후,IF,speed,11,10,-1,KBO_2024_2025,kbo-player-abilities-2024-2025-v1
55370,키움 히어로즈,양현종,IF,contact,8,10,2,KBO_2024_2025,kbo-player-abilities-2024-2025-v1
55370,키움 히어로즈,양현종,IF,power,8,10,2,KBO_2024_2025,kbo-player-abilities-2024-2025-v1
55370,키움 히어로즈,양현종,IF,bat_control,9,10,1,KBO_2024_2025,kbo-player-abilities-2024-2025-v1
55370,키움 히어로즈,양현종,IF,timing,10,11,1,KBO_2024_2025,kbo-player-abilities-2024-2025-v1
55392,키움 히어로즈,어준서,IF,power,12,11,-1,KBO_2024_2025,kbo-player-abilities-2024-2025-v1
55392,키움 히어로즈,어준서,IF,plate_discipline,12,11,-1,KBO_2024_2025,kbo-player-abilities-2024-2025-v1
55392,키움 히어로즈,어준서,IF,timing,10,11,1,KBO_2024_2025,kbo-player-abilities-2024-2025-v1
55392,키움 히어로즈,어준서,IF,speed,11,10,-1,KBO_2024_2025,kbo-player-abilities-2024-2025-v1
55392,키움 히어로즈,어준서,IF,baserunning_judgment,13,12,-1,KBO_2024_2025,kbo-player-abilities-2024-2025-v1
55393,키움 히어로즈,여동욱,IF,contact,6,9,3,KBO_2024_2025,kbo-player-abilities-2024-2025-v1
55393,키움 히어로즈,여동욱,IF,power,10,11,1,KBO_2024_2025,kbo-player-abilities-2024-2025-v1
55393,키움 히어로즈,여동욱,IF,plate_discipline,10,11,1,KBO_2024_2025,kbo-player-abilities-2024-2025-v1
55393,키움 히어로즈,여동욱,IF,bat_control,6,9,3,KBO_2024_2025,kbo-player-abilities-2024-2025-v1
55393,키움 히어로즈,여동욱,IF,timing,7,9,2,KBO_2024_2025,kbo-player-abilities-2024-2025-v1
55339,키움 히어로즈,염승원,IF,contact,9,10,1,KBO_2024_2025,kbo-player-abilities-2024-2025-v1
55339,키움 히어로즈,염승원,IF,power,8,9,1,KBO_2024_2025,kbo-player-abilities-2024-2025-v1
55339,키움 히어로즈,염승원,IF,plate_discipline,8,10,2,KBO_2024_2025,kbo-player-abilities-2024-2025-v1
55339,키움 히어로즈,염승원,IF,bat_control,9,10,1,KBO_2024_2025,kbo-player-abilities-2024-2025-v1
55339,키움 히어로즈,염승원,IF,timing,9,10,1,KBO_2024_2025,kbo-player-abilities-2024-2025-v1
78756,키움 히어로즈,오선진,IF,contact,9,10,1,KBO_2024_2025,kbo-player-abilities-2024-2025-v1
78756,키움 히어로즈,오선진,IF,power,9,10,1,KBO_2024_2025,kbo-player-abilities-2024-2025-v1
78756,키움 히어로즈,오선진,IF,plate_discipline,9,10,1,KBO_2024_2025,kbo-player-abilities-2024-2025-v1
78756,키움 히어로즈,오선진,IF,bat_control,8,9,1,KBO_2024_2025,kbo-player-abilities-2024-2025-v1
78756,키움 히어로즈,오선진,IF,timing,8,10,2,KBO_2024_2025,kbo-player-abilities-2024-2025-v1
78756,키움 히어로즈,오선진,IF,baserunning_judgment,10,9,-1,KBO_2024_2025,kbo-player-abilities-2024-2025-v1
75566,키움 히어로즈,이원석,IF,contact,10,11,1,KBO_2024_2025,kbo-player-abilities-2024-2025-v1
75566,키움 히어로즈,이원석,IF,plate_discipline,10,12,2,KBO_2024_2025,kbo-player-abilities-2024-2025-v1
75566,키움 히어로즈,이원석,IF,bat_control,10,11,1,KBO_2024_2025,kbo-player-abilities-2024-2025-v1
75566,키움 히어로즈,이원석,IF,speed,11,10,-1,KBO_2024_2025,kbo-player-abilities-2024-2025-v1
75566,키움 히어로즈,이원석,IF,baserunning_judgment,11,10,-1,KBO_2024_2025,kbo-player-abilities-2024-2025-v1
54305,키움 히어로즈,이재상,IF,plate_discipline,10,9,-1,KBO_2024_2025,kbo-player-abilities-2024-2025-v1
54305,키움 히어로즈,이재상,IF,timing,11,10,-1,KBO_2024_2025,kbo-player-abilities-2024-2025-v1
54305,키움 히어로즈,이재상,IF,speed,11,10,-1,KBO_2024_2025,kbo-player-abilities-2024-2025-v1
54305,키움 히어로즈,이재상,IF,baserunning_judgment,11,10,-1,KBO_2024_2025,kbo-player-abilities-2024-2025-v1
51302,키움 히어로즈,이주형,IF,contact,9,10,1,KBO_2024_2025,kbo-player-abilities-2024-2025-v1
51302,키움 히어로즈,이주형,IF,power,8,10,2,KBO_2024_2025,kbo-player-abilities-2024-2025-v1
51302,키움 히어로즈,이주형,IF,plate_discipline,9,10,1,KBO_2024_2025,kbo-player-abilities-2024-2025-v1
51302,키움 히어로즈,이주형,IF,bat_control,10,11,1,KBO_2024_2025,kbo-player-abilities-2024-2025-v1
51302,키움 히어로즈,이주형,IF,timing,10,11,1,KBO_2024_2025,kbo-player-abilities-2024-2025-v1
55397,키움 히어로즈,전태현,IF,contact,7,10,3,KBO_2024_2025,kbo-player-abilities-2024-2025-v1
55397,키움 히어로즈,전태현,IF,power,5,8,3,KBO_2024_2025,kbo-player-abilities-2024-2025-v1
55397,키움 히어로즈,전태현,IF,plate_discipline,9,11,2,KBO_2024_2025,kbo-player-abilities-2024-2025-v1
55397,키움 히어로즈,전태현,IF,bat_control,7,9,2,KBO_2024_2025,kbo-player-abilities-2024-2025-v1
55397,키움 히어로즈,전태현,IF,timing,7,9,2,KBO_2024_2025,kbo-player-abilities-2024-2025-v1
55397,키움 히어로즈,전태현,IF,speed,12,13,1,KBO_2024_2025,kbo-player-abilities-2024-2025-v1
55397,키움 히어로즈,전태현,IF,baserunning_judgment,13,14,1,KBO_2024_2025,kbo-player-abilities-2024-2025-v1
76267,키움 히어로즈,최주환,IF,contact,15,14,-1,KBO_2024_2025,kbo-player-abilities-2024-2025-v1
76267,키움 히어로즈,최주환,IF,power,17,16,-1,KBO_2024_2025,kbo-player-abilities-2024-2025-v1
76267,키움 히어로즈,최주환,IF,plate_discipline,12,11,-1,KBO_2024_2025,kbo-player-abilities-2024-2025-v1
76267,키움 히어로즈,최주환,IF,bat_control,16,15,-1,KBO_2024_2025,kbo-player-abilities-2024-2025-v1
76267,키움 히어로즈,최주환,IF,timing,15,14,-1,KBO_2024_2025,kbo-player-abilities-2024-2025-v1
76267,키움 히어로즈,최주환,IF,speed,9,8,-1,KBO_2024_2025,kbo-player-abilities-2024-2025-v1
76267,키움 히어로즈,최주환,IF,baserunning_judgment,9,8,-1,KBO_2024_2025,kbo-player-abilities-2024-2025-v1
66838,키움 히어로즈,김동엽,OF,contact,9,10,1,KBO_2024_2025,kbo-player-abilities-2024-2025-v1
66838,키움 히어로즈,김동엽,OF,power,9,10,1,KBO_2024_2025,kbo-player-abilities-2024-2025-v1
66838,키움 히어로즈,김동엽,OF,bat_control,8,9,1,KBO_2024_2025,kbo-player-abilities-2024-2025-v1
66838,키움 히어로즈,김동엽,OF,baserunning_judgment,11,10,-1,KBO_2024_2025,kbo-player-abilities-2024-2025-v1
52305,키움 히어로즈,박수종,OF,contact,7,10,3,KBO_2024_2025,kbo-player-abilities-2024-2025-v1
52305,키움 히어로즈,박수종,OF,power,9,10,1,KBO_2024_2025,kbo-player-abilities-2024-2025-v1
52305,키움 히어로즈,박수종,OF,plate_discipline,7,10,3,KBO_2024_2025,kbo-player-abilities-2024-2025-v1
52305,키움 히어로즈,박수종,OF,bat_control,7,10,3,KBO_2024_2025,kbo-player-abilities-2024-2025-v1
52305,키움 히어로즈,박수종,OF,timing,7,9,2,KBO_2024_2025,kbo-player-abilities-2024-2025-v1
52305,키움 히어로즈,박수종,OF,speed,12,13,1,KBO_2024_2025,kbo-player-abilities-2024-2025-v1
52305,키움 히어로즈,박수종,OF,baserunning_judgment,12,13,1,KBO_2024_2025,kbo-player-abilities-2024-2025-v1
50357,키움 히어로즈,박주홍,OF,contact,10,9,-1,KBO_2024_2025,kbo-player-abilities-2024-2025-v1
50357,키움 히어로즈,박주홍,OF,power,12,11,-1,KBO_2024_2025,kbo-player-abilities-2024-2025-v1
50357,키움 히어로즈,박주홍,OF,timing,11,10,-1,KBO_2024_2025,kbo-player-abilities-2024-2025-v1
50357,키움 히어로즈,박주홍,OF,baserunning_judgment,11,13,2,KBO_2024_2025,kbo-player-abilities-2024-2025-v1
68305,키움 히어로즈,변상권,OF,contact,10,11,1,KBO_2024_2025,kbo-player-abilities-2024-2025-v1
68305,키움 히어로즈,변상권,OF,power,10,11,1,KBO_2024_2025,kbo-player-abilities-2024-2025-v1
68305,키움 히어로즈,변상권,OF,plate_discipline,9,8,-1,KBO_2024_2025,kbo-player-abilities-2024-2025-v1
68305,키움 히어로즈,변상권,OF,timing,10,11,1,KBO_2024_2025,kbo-player-abilities-2024-2025-v1
68305,키움 히어로즈,변상권,OF,speed,11,10,-1,KBO_2024_2025,kbo-player-abilities-2024-2025-v1
68305,키움 히어로즈,변상권,OF,baserunning_judgment,11,9,-2,KBO_2024_2025,kbo-player-abilities-2024-2025-v1
54307,키움 히어로즈,원성준,OF,power,13,12,-1,KBO_2024_2025,kbo-player-abilities-2024-2025-v1
54307,키움 히어로즈,원성준,OF,plate_discipline,13,12,-1,KBO_2024_2025,kbo-player-abilities-2024-2025-v1
54307,키움 히어로즈,원성준,OF,speed,10,11,1,KBO_2024_2025,kbo-player-abilities-2024-2025-v1
54307,키움 히어로즈,원성준,OF,baserunning_judgment,11,12,1,KBO_2024_2025,kbo-player-abilities-2024-2025-v1
74163,키움 히어로즈,이용규,OF,contact,9,12,3,KBO_2024_2025,kbo-player-abilities-2024-2025-v1
74163,키움 히어로즈,이용규,OF,power,8,9,1,KBO_2024_2025,kbo-player-abilities-2024-2025-v1
74163,키움 히어로즈,이용규,OF,plate_discipline,9,12,3,KBO_2024_2025,kbo-player-abilities-2024-2025-v1
74163,키움 히어로즈,이용규,OF,bat_control,10,12,2,KBO_2024_2025,kbo-player-abilities-2024-2025-v1
74163,키움 히어로즈,이용규,OF,timing,10,12,2,KBO_2024_2025,kbo-player-abilities-2024-2025-v1
50167,키움 히어로즈,이주형,OF,power,15,14,-1,KBO_2024_2025,kbo-player-abilities-2024-2025-v1
50167,키움 히어로즈,이주형,OF,plate_discipline,11,12,1,KBO_2024_2025,kbo-player-abilities-2024-2025-v1
50167,키움 히어로즈,이주형,OF,bat_control,11,12,1,KBO_2024_2025,kbo-player-abilities-2024-2025-v1
50167,키움 히어로즈,이주형,OF,baserunning_judgment,12,14,2,KBO_2024_2025,kbo-player-abilities-2024-2025-v1
78135,키움 히어로즈,이형종,OF,contact,9,10,1,KBO_2024_2025,kbo-player-abilities-2024-2025-v1
78135,키움 히어로즈,이형종,OF,power,11,12,1,KBO_2024_2025,kbo-player-abilities-2024-2025-v1
78135,키움 히어로즈,이형종,OF,plate_discipline,13,14,1,KBO_2024_2025,kbo-player-abilities-2024-2025-v1
78135,키움 히어로즈,이형종,OF,bat_control,9,10,1,KBO_2024_2025,kbo-player-abilities-2024-2025-v1
78135,키움 히어로즈,이형종,OF,timing,9,10,1,KBO_2024_2025,kbo-player-abilities-2024-2025-v1
78135,키움 히어로즈,이형종,OF,speed,11,12,1,KBO_2024_2025,kbo-player-abilities-2024-2025-v1
78135,키움 히어로즈,이형종,OF,baserunning_judgment,12,13,1,KBO_2024_2025,kbo-player-abilities-2024-2025-v1
64346,키움 히어로즈,임병욱,OF,contact,9,10,1,KBO_2024_2025,kbo-player-abilities-2024-2025-v1
64346,키움 히어로즈,임병욱,OF,power,10,11,1,KBO_2024_2025,kbo-player-abilities-2024-2025-v1
64346,키움 히어로즈,임병욱,OF,plate_discipline,6,7,1,KBO_2024_2025,kbo-player-abilities-2024-2025-v1
64346,키움 히어로즈,임병욱,OF,bat_control,9,10,1,KBO_2024_2025,kbo-player-abilities-2024-2025-v1
64346,키움 히어로즈,임병욱,OF,timing,9,10,1,KBO_2024_2025,kbo-player-abilities-2024-2025-v1
64346,키움 히어로즈,임병욱,OF,baserunning_judgment,12,13,1,KBO_2024_2025,kbo-player-abilities-2024-2025-v1
64340,키움 히어로즈,임지열,OF,contact,11,10,-1,KBO_2024_2025,kbo-player-abilities-2024-2025-v1
64340,키움 히어로즈,임지열,OF,power,15,14,-1,KBO_2024_2025,kbo-player-abilities-2024-2025-v1
64340,키움 히어로즈,임지열,OF,timing,11,10,-1,KBO_2024_2025,kbo-player-abilities-2024-2025-v1
64340,키움 히어로즈,임지열,OF,speed,14,13,-1,KBO_2024_2025,kbo-player-abilities-2024-2025-v1
64340,키움 히어로즈,임지열,OF,baserunning_judgment,12,13,1,KBO_2024_2025,kbo-player-abilities-2024-2025-v1
69332,키움 히어로즈,주성원,OF,contact,9,10,1,KBO_2024_2025,kbo-player-abilities-2024-2025-v1
69332,키움 히어로즈,주성원,OF,power,7,9,2,KBO_2024_2025,kbo-player-abilities-2024-2025-v1
69332,키움 히어로즈,주성원,OF,plate_discipline,9,10,1,KBO_2024_2025,kbo-player-abilities-2024-2025-v1
69332,키움 히어로즈,주성원,OF,bat_control,7,9,2,KBO_2024_2025,kbo-player-abilities-2024-2025-v1
69332,키움 히어로즈,주성원,OF,timing,7,9,2,KBO_2024_2025,kbo-player-abilities-2024-2025-v1
69332,키움 히어로즈,주성원,OF,speed,12,13,1,KBO_2024_2025,kbo-player-abilities-2024-2025-v1
69332,키움 히어로즈,주성원,OF,baserunning_judgment,12,13,1,KBO_2024_2025,kbo-player-abilities-2024-2025-v1
54444,키움 히어로즈,카디네스,OF,contact,13,12,-1,KBO_2024_2025,kbo-player-abilities-2024-2025-v1
54444,키움 히어로즈,카디네스,OF,power,14,13,-1,KBO_2024_2025,kbo-player-abilities-2024-2025-v1
54444,키움 히어로즈,카디네스,OF,speed,11,10,-1,KBO_2024_2025,kbo-player-abilities-2024-2025-v1
53164,키움 히어로즈,김동규,P,pitcher_stuff,10,11,1,KBO_2024_2025,kbo-player-abilities-2024-2025-v1
53164,키움 히어로즈,김동규,P,pitcher_command,5,8,3,KBO_2024_2025,kbo-player-abilities-2024-2025-v1
53164,키움 히어로즈,김동규,P,pitcher_movement,6,9,3,KBO_2024_2025,kbo-player-abilities-2024-2025-v1
53164,키움 히어로즈,김동규,P,pitcher_stamina,9,10,1,KBO_2024_2025,kbo-player-abilities-2024-2025-v1
53164,키움 히어로즈,김동규,P,pitcher_pitchability,6,9,3,KBO_2024_2025,kbo-player-abilities-2024-2025-v1
53164,키움 히어로즈,김동규,P,pitcher_strikeout,14,12,-2,KBO_2024_2025,kbo-player-abilities-2024-2025-v1
53164,키움 히어로즈,김동규,P,pitcher_walk_control,2,7,5,KBO_2024_2025,kbo-player-abilities-2024-2025-v1
53164,키움 히어로즈,김동규,P,pitcher_composure,5,8,3,KBO_2024_2025,kbo-player-abilities-2024-2025-v1
55359,키움 히어로즈,김서준,P,pitcher_stuff,7,9,2,KBO_2024_2025,kbo-player-abilities-2024-2025-v1
55359,키움 히어로즈,김서준,P,pitcher_command,8,9,1,KBO_2024_2025,kbo-player-abilities-2024-2025-v1
55359,키움 히어로즈,김서준,P,pitcher_movement,4,8,4,KBO_2024_2025,kbo-player-abilities-2024-2025-v1
55359,키움 히어로즈,김서준,P,pitcher_stamina,10,11,1,KBO_2024_2025,kbo-player-abilities-2024-2025-v1
55359,키움 히어로즈,김서준,P,pitcher_pitchability,6,9,3,KBO_2024_2025,kbo-player-abilities-2024-2025-v1
55359,키움 히어로즈,김서준,P,pitcher_strikeout,8,9,1,KBO_2024_2025,kbo-player-abilities-2024-2025-v1
55359,키움 히어로즈,김서준,P,pitcher_walk_control,8,10,2,KBO_2024_2025,kbo-player-abilities-2024-2025-v1
55359,키움 히어로즈,김서준,P,pitcher_composure,2,7,5,KBO_2024_2025,kbo-player-abilities-2024-2025-v1
66018,키움 히어로즈,김선기,P,pitcher_stuff,7,8,1,KBO_2024_2025,kbo-player-abilities-2024-2025-v1
66018,키움 히어로즈,김선기,P,pitcher_command,6,9,3,KBO_2024_2025,kbo-player-abilities-2024-2025-v1
66018,키움 히어로즈,김선기,P,pitcher_stamina,11,13,2,KBO_2024_2025,kbo-player-abilities-2024-2025-v1
66018,키움 히어로즈,김선기,P,pitcher_pitchability,3,7,4,KBO_2024_2025,kbo-player-abilities-2024-2025-v1
66018,키움 히어로즈,김선기,P,pitcher_strikeout,1,5,4,KBO_2024_2025,kbo-player-abilities-2024-2025-v1
66018,키움 히어로즈,김선기,P,pitcher_walk_control,5,9,4,KBO_2024_2025,kbo-player-abilities-2024-2025-v1
66018,키움 히어로즈,김선기,P,pitcher_composure,5,8,3,KBO_2024_2025,kbo-player-abilities-2024-2025-v1
67828,키움 히어로즈,김성민,P,pitcher_command,10,11,1,KBO_2024_2025,kbo-player-abilities-2024-2025-v1
67828,키움 히어로즈,김성민,P,pitcher_movement,14,13,-1,KBO_2024_2025,kbo-player-abilities-2024-2025-v1
67828,키움 히어로즈,김성민,P,pitcher_stamina,9,10,1,KBO_2024_2025,kbo-player-abilities-2024-2025-v1
67828,키움 히어로즈,김성민,P,pitcher_pitchability,9,10,1,KBO_2024_2025,kbo-player-abilities-2024-2025-v1
67828,키움 히어로즈,김성민,P,pitcher_strikeout,7,10,3,KBO_2024_2025,kbo-player-abilities-2024-2025-v1
67828,키움 히어로즈,김성민,P,pitcher_walk_control,9,10,1,KBO_2024_2025,kbo-player-abilities-2024-2025-v1
67828,키움 히어로즈,김성민,P,pitcher_composure,11,12,1,KBO_2024_2025,kbo-player-abilities-2024-2025-v1
54368,키움 히어로즈,김연주,P,pitcher_stuff,6,7,1,KBO_2024_2025,kbo-player-abilities-2024-2025-v1
54368,키움 히어로즈,김연주,P,pitcher_command,8,9,1,KBO_2024_2025,kbo-player-abilities-2024-2025-v1
54368,키움 히어로즈,김연주,P,pitcher_movement,3,6,3,KBO_2024_2025,kbo-player-abilities-2024-2025-v1
54368,키움 히어로즈,김연주,P,pitcher_pitchability,5,8,3,KBO_2024_2025,kbo-player-abilities-2024-2025-v1
54368,키움 히어로즈,김연주,P,pitcher_strikeout,2,6,4,KBO_2024_2025,kbo-player-abilities-2024-2025-v1
54368,키움 히어로즈,김연주,P,pitcher_composure,3,7,4,KBO_2024_2025,kbo-player-abilities-2024-2025-v1
54319,키움 히어로즈,김윤하,P,pitcher_stuff,6,7,1,KBO_2024_2025,kbo-player-abilities-2024-2025-v1
54319,키움 히어로즈,김윤하,P,pitcher_command,8,9,1,KBO_2024_2025,kbo-player-abilities-2024-2025-v1
54319,키움 히어로즈,김윤하,P,pitcher_movement,2,6,4,KBO_2024_2025,kbo-player-abilities-2024-2025-v1
54319,키움 히어로즈,김윤하,P,pitcher_stamina,18,16,-2,KBO_2024_2025,kbo-player-abilities-2024-2025-v1
54319,키움 히어로즈,김윤하,P,pitcher_pitchability,4,7,3,KBO_2024_2025,kbo-player-abilities-2024-2025-v1
54319,키움 히어로즈,김윤하,P,pitcher_strikeout,1,5,4,KBO_2024_2025,kbo-player-abilities-2024-2025-v1
54319,키움 히어로즈,김윤하,P,pitcher_walk_control,9,11,2,KBO_2024_2025,kbo-player-abilities-2024-2025-v1
54319,키움 히어로즈,김윤하,P,pitcher_composure,3,7,4,KBO_2024_2025,kbo-player-abilities-2024-2025-v1
69367,키움 히어로즈,김인범,P,pitcher_command,8,9,1,KBO_2024_2025,kbo-player-abilities-2024-2025-v1
69367,키움 히어로즈,김인범,P,pitcher_movement,8,9,1,KBO_2024_2025,kbo-player-abilities-2024-2025-v1
69367,키움 히어로즈,김인범,P,pitcher_stamina,8,11,3,KBO_2024_2025,kbo-player-abilities-2024-2025-v1
69367,키움 히어로즈,김인범,P,pitcher_pitchability,8,9,1,KBO_2024_2025,kbo-player-abilities-2024-2025-v1
69367,키움 히어로즈,김인범,P,pitcher_strikeout,8,7,-1,KBO_2024_2025,kbo-player-abilities-2024-2025-v1
69367,키움 히어로즈,김인범,P,pitcher_walk_control,8,10,2,KBO_2024_2025,kbo-player-abilities-2024-2025-v1
69367,키움 히어로즈,김인범,P,pitcher_composure,8,9,1,KBO_2024_2025,kbo-player-abilities-2024-2025-v1
55342,키움 히어로즈,메르세데스,P,pitcher_command,15,14,-1,KBO_2024_2025,kbo-player-abilities-2024-2025-v1
55342,키움 히어로즈,메르세데스,P,pitcher_stamina,19,15,-4,KBO_2024_2025,kbo-player-abilities-2024-2025-v1
55342,키움 히어로즈,메르세데스,P,pitcher_pitchability,17,14,-3,KBO_2024_2025,kbo-player-abilities-2024-2025-v1
55342,키움 히어로즈,메르세데스,P,pitcher_strikeout,15,14,-1,KBO_2024_2025,kbo-player-abilities-2024-2025-v1
55342,키움 히어로즈,메르세데스,P,pitcher_walk_control,19,16,-3,KBO_2024_2025,kbo-player-abilities-2024-2025-v1
55342,키움 히어로즈,메르세데스,P,pitcher_composure,14,13,-1,KBO_2024_2025,kbo-player-abilities-2024-2025-v1
53301,키움 히어로즈,박윤성,P,pitcher_stuff,8,10,2,KBO_2024_2025,kbo-player-abilities-2024-2025-v1
53301,키움 히어로즈,박윤성,P,pitcher_movement,7,8,1,KBO_2024_2025,kbo-player-abilities-2024-2025-v1
53301,키움 히어로즈,박윤성,P,pitcher_stamina,10,11,1,KBO_2024_2025,kbo-player-abilities-2024-2025-v1
53301,키움 히어로즈,박윤성,P,pitcher_strikeout,9,10,1,KBO_2024_2025,kbo-player-abilities-2024-2025-v1
53301,키움 히어로즈,박윤성,P,pitcher_walk_control,15,13,-2,KBO_2024_2025,kbo-player-abilities-2024-2025-v1
55394,키움 히어로즈,박정훈,P,pitcher_stuff,8,9,1,KBO_2024_2025,kbo-player-abilities-2024-2025-v1
55394,키움 히어로즈,박정훈,P,pitcher_command,6,8,2,KBO_2024_2025,kbo-player-abilities-2024-2025-v1
55394,키움 히어로즈,박정훈,P,pitcher_movement,11,12,1,KBO_2024_2025,kbo-player-abilities-2024-2025-v1
55394,키움 히어로즈,박정훈,P,pitcher_stamina,10,11,1,KBO_2024_2025,kbo-player-abilities-2024-2025-v1
55394,키움 히어로즈,박정훈,P,pitcher_pitchability,3,7,4,KBO_2024_2025,kbo-player-abilities-2024-2025-v1
55394,키움 히어로즈,박정훈,P,pitcher_strikeout,1,6,5,KBO_2024_2025,kbo-player-abilities-2024-2025-v1
55394,키움 히어로즈,박정훈,P,pitcher_walk_control,2,6,4,KBO_2024_2025,kbo-player-abilities-2024-2025-v1
55394,키움 히어로즈,박정훈,P,pitcher_composure,4,8,4,KBO_2024_2025,kbo-player-abilities-2024-2025-v1
69328,키움 히어로즈,박주성,P,pitcher_stuff,6,8,2,KBO_2024_2025,kbo-player-abilities-2024-2025-v1
69328,키움 히어로즈,박주성,P,pitcher_command,13,12,-1,KBO_2024_2025,kbo-player-abilities-2024-2025-v1
69328,키움 히어로즈,박주성,P,pitcher_movement,5,8,3,KBO_2024_2025,kbo-player-abilities-2024-2025-v1
69328,키움 히어로즈,박주성,P,pitcher_pitchability,8,9,1,KBO_2024_2025,kbo-player-abilities-2024-2025-v1
69328,키움 히어로즈,박주성,P,pitcher_strikeout,2,6,4,KBO_2024_2025,kbo-player-abilities-2024-2025-v1
69328,키움 히어로즈,박주성,P,pitcher_walk_control,18,15,-3,KBO_2024_2025,kbo-player-abilities-2024-2025-v1
69328,키움 히어로즈,박주성,P,pitcher_composure,6,9,3,KBO_2024_2025,kbo-player-abilities-2024-2025-v1
54363,키움 히어로즈,손현기,P,pitcher_stuff,8,9,1,KBO_2024_2025,kbo-player-abilities-2024-2025-v1
54363,키움 히어로즈,손현기,P,pitcher_command,7,9,2,KBO_2024_2025,kbo-player-abilities-2024-2025-v1
54363,키움 히어로즈,손현기,P,pitcher_movement,6,9,3,KBO_2024_2025,kbo-player-abilities-2024-2025-v1
54363,키움 히어로즈,손현기,P,pitcher_stamina,10,11,1,KBO_2024_2025,kbo-player-abilities-2024-2025-v1
54363,키움 히어로즈,손현기,P,pitcher_pitchability,5,8,3,KBO_2024_2025,kbo-player-abilities-2024-2025-v1
54363,키움 히어로즈,손현기,P,pitcher_strikeout,7,8,1,KBO_2024_2025,kbo-player-abilities-2024-2025-v1
54363,키움 히어로즈,손현기,P,pitcher_walk_control,4,8,4,KBO_2024_2025,kbo-player-abilities-2024-2025-v1
54363,키움 히어로즈,손현기,P,pitcher_composure,4,7,3,KBO_2024_2025,kbo-player-abilities-2024-2025-v1
55300,키움 히어로즈,손힘찬,P,pitcher_stuff,12,11,-1,KBO_2024_2025,kbo-player-abilities-2024-2025-v1
55300,키움 히어로즈,손힘찬,P,pitcher_command,9,10,1,KBO_2024_2025,kbo-player-abilities-2024-2025-v1
55300,키움 히어로즈,손힘찬,P,pitcher_movement,13,12,-1,KBO_2024_2025,kbo-player-abilities-2024-2025-v1
55300,키움 히어로즈,손힘찬,P,pitcher_stamina,9,10,1,KBO_2024_2025,kbo-player-abilities-2024-2025-v1
55300,키움 히어로즈,손힘찬,P,pitcher_pitchability,10,11,1,KBO_2024_2025,kbo-player-abilities-2024-2025-v1
55300,키움 히어로즈,손힘찬,P,pitcher_strikeout,13,12,-1,KBO_2024_2025,kbo-player-abilities-2024-2025-v1
55300,키움 히어로즈,손힘찬,P,pitcher_walk_control,8,10,2,KBO_2024_2025,kbo-player-abilities-2024-2025-v1
55300,키움 히어로즈,손힘찬,P,pitcher_composure,8,10,2,KBO_2024_2025,kbo-player-abilities-2024-2025-v1
68341,키움 히어로즈,안우진,P,pitcher_velocity,8,11,3,SCOUTING_PRIOR,kbo-player-abilities-2024-2025-v1
68341,키움 히어로즈,안우진,P,pitcher_stuff,8,10,2,SCOUTING_PRIOR,kbo-player-abilities-2024-2025-v1
68341,키움 히어로즈,안우진,P,pitcher_command,8,10,2,SCOUTING_PRIOR,kbo-player-abilities-2024-2025-v1
68341,키움 히어로즈,안우진,P,pitcher_movement,8,10,2,SCOUTING_PRIOR,kbo-player-abilities-2024-2025-v1
68341,키움 히어로즈,안우진,P,pitcher_stamina,8,10,2,SCOUTING_PRIOR,kbo-player-abilities-2024-2025-v1
68341,키움 히어로즈,안우진,P,pitcher_pitchability,8,10,2,SCOUTING_PRIOR,kbo-player-abilities-2024-2025-v1
68341,키움 히어로즈,안우진,P,pitcher_strikeout,8,10,2,SCOUTING_PRIOR,kbo-player-abilities-2024-2025-v1
68341,키움 히어로즈,안우진,P,pitcher_walk_control,8,10,2,SCOUTING_PRIOR,kbo-player-abilities-2024-2025-v1
68341,키움 히어로즈,안우진,P,pitcher_composure,8,10,2,SCOUTING_PRIOR,kbo-player-abilities-2024-2025-v1
68341,키움 히어로즈,안우진,P,pitch_four_seam,,9,,SCOUTING_PRIOR,kbo-player-abilities-2024-2025-v1
68341,키움 히어로즈,안우진,P,pitch_slider,,12,,SCOUTING_PRIOR,kbo-player-abilities-2024-2025-v1
68341,키움 히어로즈,안우진,P,pitch_curve,,8,,SCOUTING_PRIOR,kbo-player-abilities-2024-2025-v1
69045,키움 히어로즈,알칸타라,P,pitcher_movement,12,11,-1,KBO_2024_2025,kbo-player-abilities-2024-2025-v1
69045,키움 히어로즈,알칸타라,P,pitcher_stamina,20,17,-3,KBO_2024_2025,kbo-player-abilities-2024-2025-v1
69045,키움 히어로즈,알칸타라,P,pitcher_pitchability,17,15,-2,KBO_2024_2025,kbo-player-abilities-2024-2025-v1
69045,키움 히어로즈,알칸타라,P,pitcher_walk_control,20,17,-3,KBO_2024_2025,kbo-player-abilities-2024-2025-v1
69045,키움 히어로즈,알칸타라,P,pitcher_composure,18,16,-2,KBO_2024_2025,kbo-player-abilities-2024-2025-v1
67365,키움 히어로즈,양지율,P,pitcher_stuff,8,9,1,KBO_2024_2025,kbo-player-abilities-2024-2025-v1
67365,키움 히어로즈,양지율,P,pitcher_command,9,10,1,KBO_2024_2025,kbo-player-abilities-2024-2025-v1
67365,키움 히어로즈,양지율,P,pitcher_movement,6,9,3,KBO_2024_2025,kbo-player-abilities-2024-2025-v1
67365,키움 히어로즈,양지율,P,pitcher_stamina,8,9,1,KBO_2024_2025,kbo-player-abilities-2024-2025-v1
67365,키움 히어로즈,양지율,P,pitcher_pitchability,8,9,1,KBO_2024_2025,kbo-player-abilities-2024-2025-v1
67365,키움 히어로즈,양지율,P,pitcher_strikeout,7,8,1,KBO_2024_2025,kbo-player-abilities-2024-2025-v1
67365,키움 히어로즈,양지율,P,pitcher_walk_control,12,11,-1,KBO_2024_2025,kbo-player-abilities-2024-2025-v1
67365,키움 히어로즈,양지율,P,pitcher_composure,6,9,3,KBO_2024_2025,kbo-player-abilities-2024-2025-v1
67116,키움 히어로즈,오석주,P,pitcher_stuff,10,11,1,KBO_2024_2025,kbo-player-abilities-2024-2025-v1
67116,키움 히어로즈,오석주,P,pitcher_command,9,10,1,KBO_2024_2025,kbo-player-abilities-2024-2025-v1
67116,키움 히어로즈,오석주,P,pitcher_movement,14,13,-1,KBO_2024_2025,kbo-player-abilities-2024-2025-v1
67116,키움 히어로즈,오석주,P,pitcher_stamina,10,11,1,KBO_2024_2025,kbo-player-abilities-2024-2025-v1
67116,키움 히어로즈,오석주,P,pitcher_pitchability,9,10,1,KBO_2024_2025,kbo-player-abilities-2024-2025-v1
67116,키움 히어로즈,오석주,P,pitcher_strikeout,8,10,2,KBO_2024_2025,kbo-player-abilities-2024-2025-v1
67116,키움 히어로즈,오석주,P,pitcher_walk_control,7,9,2,KBO_2024_2025,kbo-player-abilities-2024-2025-v1
67116,키움 히어로즈,오석주,P,pitcher_composure,14,13,-1,KBO_2024_2025,kbo-player-abilities-2024-2025-v1
76118,키움 히어로즈,원종현,P,pitcher_stuff,9,10,1,KBO_2024_2025,kbo-player-abilities-2024-2025-v1
76118,키움 히어로즈,원종현,P,pitcher_command,12,13,1,KBO_2024_2025,kbo-player-abilities-2024-2025-v1
76118,키움 히어로즈,원종현,P,pitcher_movement,9,10,1,KBO_2024_2025,kbo-player-abilities-2024-2025-v1
76118,키움 히어로즈,원종현,P,pitcher_pitchability,11,12,1,KBO_2024_2025,kbo-player-abilities-2024-2025-v1
76118,키움 히어로즈,원종현,P,pitcher_strikeout,6,9,3,KBO_2024_2025,kbo-player-abilities-2024-2025-v1
76118,키움 히어로즈,원종현,P,pitcher_walk_control,17,14,-3,KBO_2024_2025,kbo-player-abilities-2024-2025-v1
76118,키움 히어로즈,원종현,P,pitcher_composure,8,10,2,KBO_2024_2025,kbo-player-abilities-2024-2025-v1
52395,키움 히어로즈,윤석원,P,pitcher_stuff,11,10,-1,KBO_2024_2025,kbo-player-abilities-2024-2025-v1
52395,키움 히어로즈,윤석원,P,pitcher_command,13,12,-1,KBO_2024_2025,kbo-player-abilities-2024-2025-v1
52395,키움 히어로즈,윤석원,P,pitcher_movement,12,11,-1,KBO_2024_2025,kbo-player-abilities-2024-2025-v1
52395,키움 히어로즈,윤석원,P,pitcher_stamina,10,11,1,KBO_2024_2025,kbo-player-abilities-2024-2025-v1
52395,키움 히어로즈,윤석원,P,pitcher_pitchability,13,12,-1,KBO_2024_2025,kbo-player-abilities-2024-2025-v1
52395,키움 히어로즈,윤석원,P,pitcher_strikeout,8,9,1,KBO_2024_2025,kbo-player-abilities-2024-2025-v1
52395,키움 히어로즈,윤석원,P,pitcher_walk_control,16,14,-2,KBO_2024_2025,kbo-player-abilities-2024-2025-v1
52395,키움 히어로즈,윤석원,P,pitcher_composure,11,10,-1,KBO_2024_2025,kbo-player-abilities-2024-2025-v1
55396,키움 히어로즈,윤현,P,pitcher_stuff,8,9,1,KBO_2024_2025,kbo-player-abilities-2024-2025-v1
55396,키움 히어로즈,윤현,P,pitcher_command,5,8,3,KBO_2024_2025,kbo-player-abilities-2024-2025-v1
55396,키움 히어로즈,윤현,P,pitcher_movement,9,10,1,KBO_2024_2025,kbo-player-abilities-2024-2025-v1
55396,키움 히어로즈,윤현,P,pitcher_stamina,9,10,1,KBO_2024_2025,kbo-player-abilities-2024-2025-v1
55396,키움 히어로즈,윤현,P,pitcher_pitchability,2,6,4,KBO_2024_2025,kbo-player-abilities-2024-2025-v1
55396,키움 히어로즈,윤현,P,pitcher_strikeout,3,7,4,KBO_2024_2025,kbo-player-abilities-2024-2025-v1
55396,키움 히어로즈,윤현,P,pitcher_walk_control,2,6,4,KBO_2024_2025,kbo-player-abilities-2024-2025-v1
55396,키움 히어로즈,윤현,P,pitcher_composure,2,6,4,KBO_2024_2025,kbo-player-abilities-2024-2025-v1
50036,키움 히어로즈,이강준,P,pitcher_command,7,9,2,KBO_2024_2025,kbo-player-abilities-2024-2025-v1
50036,키움 히어로즈,이강준,P,pitcher_movement,9,10,1,KBO_2024_2025,kbo-player-abilities-2024-2025-v1
50036,키움 히어로즈,이강준,P,pitcher_stamina,9,10,1,KBO_2024_2025,kbo-player-abilities-2024-2025-v1
50036,키움 히어로즈,이강준,P,pitcher_pitchability,9,10,1,KBO_2024_2025,kbo-player-abilities-2024-2025-v1
50036,키움 히어로즈,이강준,P,pitcher_strikeout,16,13,-3,KBO_2024_2025,kbo-player-abilities-2024-2025-v1
50036,키움 히어로즈,이강준,P,pitcher_walk_control,5,8,3,KBO_2024_2025,kbo-player-abilities-2024-2025-v1
50036,키움 히어로즈,이강준,P,pitcher_composure,6,9,3,KBO_2024_2025,kbo-player-abilities-2024-2025-v1
55301,키움 히어로즈,이준우,P,pitcher_stuff,8,9,1,KBO_2024_2025,kbo-player-abilities-2024-2025-v1
55301,키움 히어로즈,이준우,P,pitcher_command,8,9,1,KBO_2024_2025,kbo-player-abilities-2024-2025-v1
55301,키움 히어로즈,이준우,P,pitcher_movement,4,7,3,KBO_2024_2025,kbo-player-abilities-2024-2025-v1
55301,키움 히어로즈,이준우,P,pitcher_stamina,8,9,1,KBO_2024_2025,kbo-player-abilities-2024-2025-v1
55301,키움 히어로즈,이준우,P,pitcher_pitchability,8,9,1,KBO_2024_2025,kbo-player-abilities-2024-2025-v1
55301,키움 히어로즈,이준우,P,pitcher_strikeout,12,11,-1,KBO_2024_2025,kbo-player-abilities-2024-2025-v1
55301,키움 히어로즈,이준우,P,pitcher_composure,2,6,4,KBO_2024_2025,kbo-player-abilities-2024-2025-v1
55382,키움 히어로즈,임진묵,P,pitcher_command,7,9,2,KBO_2024_2025,kbo-player-abilities-2024-2025-v1
55382,키움 히어로즈,임진묵,P,pitcher_stamina,9,10,1,KBO_2024_2025,kbo-player-abilities-2024-2025-v1
55382,키움 히어로즈,임진묵,P,pitcher_pitchability,6,9,3,KBO_2024_2025,kbo-player-abilities-2024-2025-v1
55382,키움 히어로즈,임진묵,P,pitcher_strikeout,8,9,1,KBO_2024_2025,kbo-player-abilities-2024-2025-v1
55382,키움 히어로즈,임진묵,P,pitcher_walk_control,7,9,2,KBO_2024_2025,kbo-player-abilities-2024-2025-v1
55382,키움 히어로즈,임진묵,P,pitcher_composure,3,7,4,KBO_2024_2025,kbo-player-abilities-2024-2025-v1
54362,키움 히어로즈,전준표,P,pitcher_stuff,8,9,1,KBO_2024_2025,kbo-player-abilities-2024-2025-v1
54362,키움 히어로즈,전준표,P,pitcher_command,6,7,1,KBO_2024_2025,kbo-player-abilities-2024-2025-v1
54362,키움 히어로즈,전준표,P,pitcher_movement,8,9,1,KBO_2024_2025,kbo-player-abilities-2024-2025-v1
54362,키움 히어로즈,전준표,P,pitcher_stamina,9,10,1,KBO_2024_2025,kbo-player-abilities-2024-2025-v1
54362,키움 히어로즈,전준표,P,pitcher_pitchability,3,6,3,KBO_2024_2025,kbo-player-abilities-2024-2025-v1
54362,키움 히어로즈,전준표,P,pitcher_strikeout,4,7,3,KBO_2024_2025,kbo-player-abilities-2024-2025-v1
54362,키움 히어로즈,전준표,P,pitcher_walk_control,3,7,4,KBO_2024_2025,kbo-player-abilities-2024-2025-v1
54362,키움 히어로즈,전준표,P,pitcher_composure,2,6,4,KBO_2024_2025,kbo-player-abilities-2024-2025-v1
55377,키움 히어로즈,정세영,P,pitcher_stuff,10,11,1,KBO_2024_2025,kbo-player-abilities-2024-2025-v1
55377,키움 히어로즈,정세영,P,pitcher_command,8,10,2,KBO_2024_2025,kbo-player-abilities-2024-2025-v1
55377,키움 히어로즈,정세영,P,pitcher_movement,10,11,1,KBO_2024_2025,kbo-player-abilities-2024-2025-v1
55377,키움 히어로즈,정세영,P,pitcher_stamina,8,9,1,KBO_2024_2025,kbo-player-abilities-2024-2025-v1
55377,키움 히어로즈,정세영,P,pitcher_pitchability,7,10,3,KBO_2024_2025,kbo-player-abilities-2024-2025-v1
55377,키움 히어로즈,정세영,P,pitcher_strikeout,8,9,1,KBO_2024_2025,kbo-player-abilities-2024-2025-v1
55377,키움 히어로즈,정세영,P,pitcher_walk_control,8,10,2,KBO_2024_2025,kbo-player-abilities-2024-2025-v1
55377,키움 히어로즈,정세영,P,pitcher_composure,3,7,4,KBO_2024_2025,kbo-player-abilities-2024-2025-v1
55313,키움 히어로즈,정현우,P,pitcher_stuff,7,9,2,KBO_2024_2025,kbo-player-abilities-2024-2025-v1
55313,키움 히어로즈,정현우,P,pitcher_command,7,9,2,KBO_2024_2025,kbo-player-abilities-2024-2025-v1
55313,키움 히어로즈,정현우,P,pitcher_movement,7,10,3,KBO_2024_2025,kbo-player-abilities-2024-2025-v1
55313,키움 히어로즈,정현우,P,pitcher_stamina,17,15,-2,KBO_2024_2025,kbo-player-abilities-2024-2025-v1
55313,키움 히어로즈,정현우,P,pitcher_pitchability,4,7,3,KBO_2024_2025,kbo-player-abilities-2024-2025-v1
55313,키움 히어로즈,정현우,P,pitcher_strikeout,3,7,4,KBO_2024_2025,kbo-player-abilities-2024-2025-v1
55313,키움 히어로즈,정현우,P,pitcher_walk_control,4,7,3,KBO_2024_2025,kbo-player-abilities-2024-2025-v1
55313,키움 히어로즈,정현우,P,pitcher_composure,5,8,3,KBO_2024_2025,kbo-player-abilities-2024-2025-v1
69360,키움 히어로즈,조영건,P,pitcher_stuff,7,8,1,KBO_2024_2025,kbo-player-abilities-2024-2025-v1
69360,키움 히어로즈,조영건,P,pitcher_command,8,9,1,KBO_2024_2025,kbo-player-abilities-2024-2025-v1
69360,키움 히어로즈,조영건,P,pitcher_movement,4,7,3,KBO_2024_2025,kbo-player-abilities-2024-2025-v1
69360,키움 히어로즈,조영건,P,pitcher_stamina,11,12,1,KBO_2024_2025,kbo-player-abilities-2024-2025-v1
69360,키움 히어로즈,조영건,P,pitcher_pitchability,5,8,3,KBO_2024_2025,kbo-player-abilities-2024-2025-v1
69360,키움 히어로즈,조영건,P,pitcher_strikeout,2,6,4,KBO_2024_2025,kbo-player-abilities-2024-2025-v1
69360,키움 히어로즈,조영건,P,pitcher_walk_control,8,10,2,KBO_2024_2025,kbo-player-abilities-2024-2025-v1
69360,키움 히어로즈,조영건,P,pitcher_composure,6,8,2,KBO_2024_2025,kbo-player-abilities-2024-2025-v1
52330,키움 히어로즈,주승우,P,pitcher_stuff,9,11,2,KBO_2024_2025,kbo-player-abilities-2024-2025-v1
52330,키움 히어로즈,주승우,P,pitcher_command,11,12,1,KBO_2024_2025,kbo-player-abilities-2024-2025-v1
52330,키움 히어로즈,주승우,P,pitcher_movement,9,10,1,KBO_2024_2025,kbo-player-abilities-2024-2025-v1
52330,키움 히어로즈,주승우,P,pitcher_stamina,10,11,1,KBO_2024_2025,kbo-player-abilities-2024-2025-v1
52330,키움 히어로즈,주승우,P,pitcher_pitchability,12,13,1,KBO_2024_2025,kbo-player-abilities-2024-2025-v1
52330,키움 히어로즈,주승우,P,pitcher_strikeout,13,12,-1,KBO_2024_2025,kbo-player-abilities-2024-2025-v1
52330,키움 히어로즈,주승우,P,pitcher_walk_control,12,13,1,KBO_2024_2025,kbo-player-abilities-2024-2025-v1
52330,키움 히어로즈,주승우,P,pitcher_composure,16,15,-1,KBO_2024_2025,kbo-player-abilities-2024-2025-v1
64350,키움 히어로즈,하영민,P,pitcher_stuff,13,12,-1,KBO_2024_2025,kbo-player-abilities-2024-2025-v1
64350,키움 히어로즈,하영민,P,pitcher_movement,14,13,-1,KBO_2024_2025,kbo-player-abilities-2024-2025-v1
64350,키움 히어로즈,하영민,P,pitcher_stamina,20,18,-2,KBO_2024_2025,kbo-player-abilities-2024-2025-v1
64350,키움 히어로즈,하영민,P,pitcher_pitchability,17,15,-2,KBO_2024_2025,kbo-player-abilities-2024-2025-v1
64350,키움 히어로즈,하영민,P,pitcher_strikeout,14,13,-1,KBO_2024_2025,kbo-player-abilities-2024-2025-v1
64350,키움 히어로즈,하영민,P,pitcher_walk_control,19,16,-3,KBO_2024_2025,kbo-player-abilities-2024-2025-v1
66707,한화 이글스,박상언,C,contact,11,12,1,KBO_2024_2025,kbo-player-abilities-2024-2025-v1
66707,한화 이글스,박상언,C,power,13,12,-1,KBO_2024_2025,kbo-player-abilities-2024-2025-v1
66707,한화 이글스,박상언,C,plate_discipline,11,12,1,KBO_2024_2025,kbo-player-abilities-2024-2025-v1
66707,한화 이글스,박상언,C,bat_control,11,12,1,KBO_2024_2025,kbo-player-abilities-2024-2025-v1
66707,한화 이글스,박상언,C,timing,11,12,1,KBO_2024_2025,kbo-player-abilities-2024-2025-v1
66707,한화 이글스,박상언,C,speed,9,10,1,KBO_2024_2025,kbo-player-abilities-2024-2025-v1
66707,한화 이글스,박상언,C,baserunning_judgment,9,10,1,KBO_2024_2025,kbo-player-abilities-2024-2025-v1
76812,한화 이글스,이재원,C,contact,9,10,1,KBO_2024_2025,kbo-player-abilities-2024-2025-v1
76812,한화 이글스,이재원,C,plate_discipline,13,12,-1,KBO_2024_2025,kbo-player-abilities-2024-2025-v1
76812,한화 이글스,이재원,C,bat_control,11,12,1,KBO_2024_2025,kbo-player-abilities-2024-2025-v1
76812,한화 이글스,이재원,C,timing,9,10,1,KBO_2024_2025,kbo-player-abilities-2024-2025-v1
76812,한화 이글스,이재원,C,speed,12,11,-1,KBO_2024_2025,kbo-player-abilities-2024-2025-v1
76812,한화 이글스,이재원,C,baserunning_judgment,12,11,-1,KBO_2024_2025,kbo-player-abilities-2024-2025-v1
51762,한화 이글스,장규현,C,contact,10,11,1,KBO_2024_2025,kbo-player-abilities-2024-2025-v1
51762,한화 이글스,장규현,C,power,10,11,1,KBO_2024_2025,kbo-player-abilities-2024-2025-v1
51762,한화 이글스,장규현,C,plate_discipline,10,11,1,KBO_2024_2025,kbo-player-abilities-2024-2025-v1
51762,한화 이글스,장규현,C,bat_control,10,11,1,KBO_2024_2025,kbo-player-abilities-2024-2025-v1
78288,한화 이글스,최재훈,C,contact,16,15,-1,KBO_2024_2025,kbo-player-abilities-2024-2025-v1
78288,한화 이글스,최재훈,C,power,11,10,-1,KBO_2024_2025,kbo-player-abilities-2024-2025-v1
78288,한화 이글스,최재훈,C,plate_discipline,18,17,-1,KBO_2024_2025,kbo-player-abilities-2024-2025-v1
78288,한화 이글스,최재훈,C,bat_control,15,14,-1,KBO_2024_2025,kbo-player-abilities-2024-2025-v1
78288,한화 이글스,최재훈,C,baserunning_judgment,11,10,-1,KBO_2024_2025,kbo-player-abilities-2024-2025-v1
55767,한화 이글스,한지윤,C,contact,4,6,2,FUTURES_2024_2025,kbo-player-abilities-2024-2025-v1
55767,한화 이글스,한지윤,C,power,9,10,1,FUTURES_2024_2025,kbo-player-abilities-2024-2025-v1
55767,한화 이글스,한지윤,C,plate_discipline,4,7,3,FUTURES_2024_2025,kbo-player-abilities-2024-2025-v1
55767,한화 이글스,한지윤,C,bat_control,4,6,2,FUTURES_2024_2025,kbo-player-abilities-2024-2025-v1
55767,한화 이글스,한지윤,C,speed,8,7,-1,FUTURES_2024_2025,kbo-player-abilities-2024-2025-v1
55767,한화 이글스,한지윤,C,baserunning_judgment,9,8,-1,FUTURES_2024_2025,kbo-player-abilities-2024-2025-v1
52764,한화 이글스,허인서,C,contact,7,9,2,KBO_2024_2025,kbo-player-abilities-2024-2025-v1
52764,한화 이글스,허인서,C,power,7,9,2,KBO_2024_2025,kbo-player-abilities-2024-2025-v1
52764,한화 이글스,허인서,C,plate_discipline,7,9,2,KBO_2024_2025,kbo-player-abilities-2024-2025-v1
52764,한화 이글스,허인서,C,bat_control,7,9,2,KBO_2024_2025,kbo-player-abilities-2024-2025-v1
52764,한화 이글스,허인서,C,timing,7,9,2,KBO_2024_2025,kbo-player-abilities-2024-2025-v1
52764,한화 이글스,허인서,C,baserunning_judgment,11,10,-1,KBO_2024_2025,kbo-player-abilities-2024-2025-v1
52769,한화 이글스,권광민,IF,contact,7,9,2,KBO_2024_2025,kbo-player-abilities-2024-2025-v1
52769,한화 이글스,권광민,IF,power,9,12,3,KBO_2024_2025,kbo-player-abilities-2024-2025-v1
52769,한화 이글스,권광민,IF,plate_discipline,7,9,2,KBO_2024_2025,kbo-player-abilities-2024-2025-v1
52769,한화 이글스,권광민,IF,bat_control,7,9,2,KBO_2024_2025,kbo-player-abilities-2024-2025-v1
52769,한화 이글스,권광민,IF,timing,9,10,1,KBO_2024_2025,kbo-player-abilities-2024-2025-v1
52769,한화 이글스,권광민,IF,speed,11,10,-1,KBO_2024_2025,kbo-player-abilities-2024-2025-v1
52769,한화 이글스,권광민,IF,baserunning_judgment,11,10,-1,KBO_2024_2025,kbo-player-abilities-2024-2025-v1
66715,한화 이글스,김인환,IF,contact,7,9,2,KBO_2024_2025,kbo-player-abilities-2024-2025-v1
66715,한화 이글스,김인환,IF,plate_discipline,7,9,2,KBO_2024_2025,kbo-player-abilities-2024-2025-v1
66715,한화 이글스,김인환,IF,bat_control,7,8,1,KBO_2024_2025,kbo-player-abilities-2024-2025-v1
66715,한화 이글스,김인환,IF,timing,8,9,1,KBO_2024_2025,kbo-player-abilities-2024-2025-v1
66715,한화 이글스,김인환,IF,speed,10,9,-1,KBO_2024_2025,kbo-player-abilities-2024-2025-v1
66715,한화 이글스,김인환,IF,baserunning_judgment,11,10,-1,KBO_2024_2025,kbo-player-abilities-2024-2025-v1
69737,한화 이글스,노시환,IF,contact,15,13,-2,KBO_2024_2025,kbo-player-abilities-2024-2025-v1
69737,한화 이글스,노시환,IF,power,19,18,-1,KBO_2024_2025,kbo-player-abilities-2024-2025-v1
69737,한화 이글스,노시환,IF,plate_discipline,17,16,-1,KBO_2024_2025,kbo-player-abilities-2024-2025-v1
69737,한화 이글스,노시환,IF,bat_control,14,13,-1,KBO_2024_2025,kbo-player-abilities-2024-2025-v1
69737,한화 이글스,노시환,IF,timing,16,14,-2,KBO_2024_2025,kbo-player-abilities-2024-2025-v1
69737,한화 이글스,노시환,IF,speed,14,13,-1,KBO_2024_2025,kbo-player-abilities-2024-2025-v1
69737,한화 이글스,노시환,IF,baserunning_judgment,10,12,2,KBO_2024_2025,kbo-player-abilities-2024-2025-v1
53764,한화 이글스,문현빈,IF,contact,18,17,-1,KBO_2024_2025,kbo-player-abilities-2024-2025-v1
53764,한화 이글스,문현빈,IF,power,15,14,-1,KBO_2024_2025,kbo-player-abilities-2024-2025-v1
53764,한화 이글스,문현빈,IF,plate_discipline,11,10,-1,KBO_2024_2025,kbo-player-abilities-2024-2025-v1
53764,한화 이글스,문현빈,IF,bat_control,17,15,-2,KBO_2024_2025,kbo-player-abilities-2024-2025-v1
53764,한화 이글스,문현빈,IF,timing,17,16,-1,KBO_2024_2025,kbo-player-abilities-2024-2025-v1
53764,한화 이글스,문현빈,IF,speed,14,13,-1,KBO_2024_2025,kbo-player-abilities-2024-2025-v1
53764,한화 이글스,문현빈,IF,baserunning_judgment,11,13,2,KBO_2024_2025,kbo-player-abilities-2024-2025-v1
50709,한화 이글스,박정현,IF,contact,10,11,1,KBO_2024_2025,kbo-player-abilities-2024-2025-v1
50709,한화 이글스,박정현,IF,power,10,11,1,KBO_2024_2025,kbo-player-abilities-2024-2025-v1
50709,한화 이글스,박정현,IF,plate_discipline,10,11,1,KBO_2024_2025,kbo-player-abilities-2024-2025-v1
50709,한화 이글스,박정현,IF,bat_control,10,11,1,KBO_2024_2025,kbo-player-abilities-2024-2025-v1
55798,한화 이글스,배승수,IF,contact,8,7,-1,FUTURES_2024_2025,kbo-player-abilities-2024-2025-v1
55798,한화 이글스,배승수,IF,power,10,9,-1,FUTURES_2024_2025,kbo-player-abilities-2024-2025-v1
55798,한화 이글스,배승수,IF,plate_discipline,10,9,-1,FUTURES_2024_2025,kbo-player-abilities-2024-2025-v1
55798,한화 이글스,배승수,IF,bat_control,8,7,-1,FUTURES_2024_2025,kbo-player-abilities-2024-2025-v1
55798,한화 이글스,배승수,IF,timing,10,8,-2,FUTURES_2024_2025,kbo-player-abilities-2024-2025-v1
55798,한화 이글스,배승수,IF,speed,8,9,1,FUTURES_2024_2025,kbo-player-abilities-2024-2025-v1
64006,한화 이글스,심우준,IF,contact,9,11,2,KBO_2024_2025,kbo-player-abilities-2024-2025-v1
64006,한화 이글스,심우준,IF,power,8,9,1,KBO_2024_2025,kbo-player-abilities-2024-2025-v1
64006,한화 이글스,심우준,IF,plate_discipline,8,9,1,KBO_2024_2025,kbo-player-abilities-2024-2025-v1
64006,한화 이글스,심우준,IF,bat_control,11,12,1,KBO_2024_2025,kbo-player-abilities-2024-2025-v1
64006,한화 이글스,심우준,IF,timing,10,11,1,KBO_2024_2025,kbo-player-abilities-2024-2025-v1
64006,한화 이글스,심우준,IF,baserunning_judgment,11,13,2,KBO_2024_2025,kbo-player-abilities-2024-2025-v1
79608,한화 이글스,안치홍,IF,contact,6,10,4,KBO_2024_2025,kbo-player-abilities-2024-2025-v1
79608,한화 이글스,안치홍,IF,power,7,10,3,KBO_2024_2025,kbo-player-abilities-2024-2025-v1
79608,한화 이글스,안치홍,IF,plate_discipline,8,11,3,KBO_2024_2025,kbo-player-abilities-2024-2025-v1
79608,한화 이글스,안치홍,IF,bat_control,9,12,3,KBO_2024_2025,kbo-player-abilities-2024-2025-v1
79608,한화 이글스,안치홍,IF,timing,7,10,3,KBO_2024_2025,kbo-player-abilities-2024-2025-v1
79608,한화 이글스,안치홍,IF,baserunning_judgment,12,13,1,KBO_2024_2025,kbo-player-abilities-2024-2025-v1
65703,한화 이글스,이도윤,IF,contact,11,12,1,KBO_2024_2025,kbo-player-abilities-2024-2025-v1
65703,한화 이글스,이도윤,IF,power,9,10,1,KBO_2024_2025,kbo-player-abilities-2024-2025-v1
65703,한화 이글스,이도윤,IF,plate_discipline,6,7,1,KBO_2024_2025,kbo-player-abilities-2024-2025-v1
65703,한화 이글스,이도윤,IF,bat_control,11,12,1,KBO_2024_2025,kbo-player-abilities-2024-2025-v1
65703,한화 이글스,이도윤,IF,timing,9,11,2,KBO_2024_2025,kbo-player-abilities-2024-2025-v1
65703,한화 이글스,이도윤,IF,baserunning_judgment,13,12,-1,KBO_2024_2025,kbo-player-abilities-2024-2025-v1
51764,한화 이글스,정민규,IF,contact,11,10,-1,FUTURES_2024_2025,kbo-player-abilities-2024-2025-v1
51764,한화 이글스,정민규,IF,power,13,11,-2,FUTURES_2024_2025,kbo-player-abilities-2024-2025-v1
51764,한화 이글스,정민규,IF,plate_discipline,12,11,-1,FUTURES_2024_2025,kbo-player-abilities-2024-2025-v1
51764,한화 이글스,정민규,IF,bat_control,10,9,-1,FUTURES_2024_2025,kbo-player-abilities-2024-2025-v1
51764,한화 이글스,정민규,IF,timing,11,10,-1,FUTURES_2024_2025,kbo-player-abilities-2024-2025-v1
51764,한화 이글스,정민규,IF,baserunning_judgment,9,10,1,FUTURES_2024_2025,kbo-player-abilities-2024-2025-v1
79192,한화 이글스,채은성,IF,contact,16,15,-1,KBO_2024_2025,kbo-player-abilities-2024-2025-v1
79192,한화 이글스,채은성,IF,power,18,17,-1,KBO_2024_2025,kbo-player-abilities-2024-2025-v1
79192,한화 이글스,채은성,IF,plate_discipline,10,11,1,KBO_2024_2025,kbo-player-abilities-2024-2025-v1
79192,한화 이글스,채은성,IF,bat_control,15,14,-1,KBO_2024_2025,kbo-player-abilities-2024-2025-v1
79192,한화 이글스,채은성,IF,timing,15,14,-1,KBO_2024_2025,kbo-player-abilities-2024-2025-v1
79192,한화 이글스,채은성,IF,speed,11,10,-1,KBO_2024_2025,kbo-player-abilities-2024-2025-v1
62700,한화 이글스,하주석,IF,contact,15,14,-1,KBO_2024_2025,kbo-player-abilities-2024-2025-v1
62700,한화 이글스,하주석,IF,timing,12,13,1,KBO_2024_2025,kbo-player-abilities-2024-2025-v1
62700,한화 이글스,하주석,IF,speed,11,10,-1,KBO_2024_2025,kbo-player-abilities-2024-2025-v1
54795,한화 이글스,황영묵,IF,power,11,10,-1,KBO_2024_2025,kbo-player-abilities-2024-2025-v1
54795,한화 이글스,황영묵,IF,timing,13,14,1,KBO_2024_2025,kbo-player-abilities-2024-2025-v1
54795,한화 이글스,황영묵,IF,baserunning_judgment,9,10,1,KBO_2024_2025,kbo-player-abilities-2024-2025-v1
66704,한화 이글스,김태연,OF,power,11,12,1,KBO_2024_2025,kbo-player-abilities-2024-2025-v1
66704,한화 이글스,김태연,OF,plate_discipline,10,11,1,KBO_2024_2025,kbo-player-abilities-2024-2025-v1
66704,한화 이글스,김태연,OF,timing,12,13,1,KBO_2024_2025,kbo-player-abilities-2024-2025-v1
66704,한화 이글스,김태연,OF,baserunning_judgment,11,12,1,KBO_2024_2025,kbo-player-abilities-2024-2025-v1
55703,한화 이글스,리베라토,OF,contact,15,14,-1,KBO_2024_2025,kbo-player-abilities-2024-2025-v1
55703,한화 이글스,리베라토,OF,power,17,16,-1,KBO_2024_2025,kbo-player-abilities-2024-2025-v1
55703,한화 이글스,리베라토,OF,plate_discipline,13,12,-1,KBO_2024_2025,kbo-player-abilities-2024-2025-v1
55703,한화 이글스,리베라토,OF,bat_control,15,14,-1,KBO_2024_2025,kbo-player-abilities-2024-2025-v1
55703,한화 이글스,리베라토,OF,timing,15,14,-1,KBO_2024_2025,kbo-player-abilities-2024-2025-v1
55703,한화 이글스,리베라토,OF,speed,12,11,-1,KBO_2024_2025,kbo-player-abilities-2024-2025-v1
55703,한화 이글스,리베라토,OF,baserunning_judgment,12,11,-1,KBO_2024_2025,kbo-player-abilities-2024-2025-v1
77532,한화 이글스,손아섭,OF,contact,16,15,-1,KBO_2024_2025,kbo-player-abilities-2024-2025-v1
77532,한화 이글스,손아섭,OF,plate_discipline,14,11,-3,KBO_2024_2025,kbo-player-abilities-2024-2025-v1
77532,한화 이글스,손아섭,OF,bat_control,16,15,-1,KBO_2024_2025,kbo-player-abilities-2024-2025-v1
77532,한화 이글스,손아섭,OF,timing,13,14,1,KBO_2024_2025,kbo-player-abilities-2024-2025-v1
77532,한화 이글스,손아섭,OF,speed,11,12,1,KBO_2024_2025,kbo-player-abilities-2024-2025-v1
77532,한화 이글스,손아섭,OF,baserunning_judgment,9,10,1,KBO_2024_2025,kbo-player-abilities-2024-2025-v1
69766,한화 이글스,유로결,OF,contact,7,9,2,KBO_2024_2025,kbo-player-abilities-2024-2025-v1
69766,한화 이글스,유로결,OF,power,7,9,2,KBO_2024_2025,kbo-player-abilities-2024-2025-v1
69766,한화 이글스,유로결,OF,plate_discipline,7,9,2,KBO_2024_2025,kbo-player-abilities-2024-2025-v1
69766,한화 이글스,유로결,OF,bat_control,9,10,1,KBO_2024_2025,kbo-player-abilities-2024-2025-v1
69766,한화 이글스,유로결,OF,timing,9,10,1,KBO_2024_2025,kbo-player-abilities-2024-2025-v1
69766,한화 이글스,유로결,OF,baserunning_judgment,11,12,1,KBO_2024_2025,kbo-player-abilities-2024-2025-v1
55710,한화 이글스,이민재,OF,contact,10,11,1,KBO_2024_2025,kbo-player-abilities-2024-2025-v1
55710,한화 이글스,이민재,OF,power,10,11,1,KBO_2024_2025,kbo-player-abilities-2024-2025-v1
55710,한화 이글스,이민재,OF,plate_discipline,10,11,1,KBO_2024_2025,kbo-player-abilities-2024-2025-v1
55710,한화 이글스,이민재,OF,bat_control,10,11,1,KBO_2024_2025,kbo-player-abilities-2024-2025-v1
52704,한화 이글스,이상혁,OF,contact,9,10,1,KBO_2024_2025,kbo-player-abilities-2024-2025-v1
52704,한화 이글스,이상혁,OF,power,9,10,1,KBO_2024_2025,kbo-player-abilities-2024-2025-v1
52704,한화 이글스,이상혁,OF,plate_discipline,8,10,2,KBO_2024_2025,kbo-player-abilities-2024-2025-v1
52704,한화 이글스,이상혁,OF,bat_control,10,11,1,KBO_2024_2025,kbo-player-abilities-2024-2025-v1
52704,한화 이글스,이상혁,OF,timing,10,11,1,KBO_2024_2025,kbo-player-abilities-2024-2025-v1
68700,한화 이글스,이원석,OF,power,11,10,-1,KBO_2024_2025,kbo-player-abilities-2024-2025-v1
68700,한화 이글스,이원석,OF,timing,11,10,-1,KBO_2024_2025,kbo-player-abilities-2024-2025-v1
68700,한화 이글스,이원석,OF,baserunning_judgment,10,13,3,KBO_2024_2025,kbo-player-abilities-2024-2025-v1
66657,한화 이글스,이진영,OF,contact,14,13,-1,KBO_2024_2025,kbo-player-abilities-2024-2025-v1
66657,한화 이글스,이진영,OF,power,16,15,-1,KBO_2024_2025,kbo-player-abilities-2024-2025-v1
66657,한화 이글스,이진영,OF,bat_control,11,10,-1,KBO_2024_2025,kbo-player-abilities-2024-2025-v1
66657,한화 이글스,이진영,OF,timing,12,11,-1,KBO_2024_2025,kbo-player-abilities-2024-2025-v1
66657,한화 이글스,이진영,OF,speed,11,10,-1,KBO_2024_2025,kbo-player-abilities-2024-2025-v1
50704,한화 이글스,임종찬,OF,power,11,12,1,KBO_2024_2025,kbo-player-abilities-2024-2025-v1
50704,한화 이글스,임종찬,OF,bat_control,9,10,1,KBO_2024_2025,kbo-player-abilities-2024-2025-v1
50704,한화 이글스,임종찬,OF,timing,10,9,-1,KBO_2024_2025,kbo-player-abilities-2024-2025-v1
50704,한화 이글스,임종찬,OF,baserunning_judgment,11,12,1,KBO_2024_2025,kbo-player-abilities-2024-2025-v1
50707,한화 이글스,최인호,OF,power,13,12,-1,KBO_2024_2025,kbo-player-abilities-2024-2025-v1
50707,한화 이글스,최인호,OF,plate_discipline,12,13,1,KBO_2024_2025,kbo-player-abilities-2024-2025-v1
50707,한화 이글스,최인호,OF,bat_control,12,13,1,KBO_2024_2025,kbo-player-abilities-2024-2025-v1
50707,한화 이글스,최인호,OF,timing,12,13,1,KBO_2024_2025,kbo-player-abilities-2024-2025-v1
50707,한화 이글스,최인호,OF,speed,11,12,1,KBO_2024_2025,kbo-player-abilities-2024-2025-v1
50707,한화 이글스,최인호,OF,baserunning_judgment,12,13,1,KBO_2024_2025,kbo-player-abilities-2024-2025-v1
50705,한화 이글스,강재민,P,pitcher_movement,9,10,1,KBO_2024_2025,kbo-player-abilities-2024-2025-v1
50705,한화 이글스,강재민,P,pitcher_stamina,9,10,1,KBO_2024_2025,kbo-player-abilities-2024-2025-v1
50705,한화 이글스,강재민,P,pitcher_pitchability,12,11,-1,KBO_2024_2025,kbo-player-abilities-2024-2025-v1
50705,한화 이글스,강재민,P,pitcher_strikeout,15,12,-3,KBO_2024_2025,kbo-player-abilities-2024-2025-v1
50705,한화 이글스,강재민,P,pitcher_walk_control,12,11,-1,KBO_2024_2025,kbo-player-abilities-2024-2025-v1
50705,한화 이글스,강재민,P,pitcher_composure,9,10,1,KBO_2024_2025,kbo-player-abilities-2024-2025-v1
55764,한화 이글스,권민규,P,pitcher_stuff,9,10,1,KBO_2024_2025,kbo-player-abilities-2024-2025-v1
55764,한화 이글스,권민규,P,pitcher_command,7,9,2,KBO_2024_2025,kbo-player-abilities-2024-2025-v1
55764,한화 이글스,권민규,P,pitcher_movement,8,10,2,KBO_2024_2025,kbo-player-abilities-2024-2025-v1
55764,한화 이글스,권민규,P,pitcher_stamina,9,10,1,KBO_2024_2025,kbo-player-abilities-2024-2025-v1
55764,한화 이글스,권민규,P,pitcher_pitchability,7,9,2,KBO_2024_2025,kbo-player-abilities-2024-2025-v1
55764,한화 이글스,권민규,P,pitcher_strikeout,10,11,1,KBO_2024_2025,kbo-player-abilities-2024-2025-v1
55764,한화 이글스,권민규,P,pitcher_walk_control,4,8,4,KBO_2024_2025,kbo-player-abilities-2024-2025-v1
55764,한화 이글스,권민규,P,pitcher_composure,7,9,2,KBO_2024_2025,kbo-player-abilities-2024-2025-v1
51715,한화 이글스,김기중,P,pitcher_stuff,11,10,-1,KBO_2024_2025,kbo-player-abilities-2024-2025-v1
51715,한화 이글스,김기중,P,pitcher_command,12,11,-1,KBO_2024_2025,kbo-player-abilities-2024-2025-v1
51715,한화 이글스,김기중,P,pitcher_movement,15,12,-3,KBO_2024_2025,kbo-player-abilities-2024-2025-v1
51715,한화 이글스,김기중,P,pitcher_pitchability,11,10,-1,KBO_2024_2025,kbo-player-abilities-2024-2025-v1
51715,한화 이글스,김기중,P,pitcher_strikeout,5,7,2,KBO_2024_2025,kbo-player-abilities-2024-2025-v1
51715,한화 이글스,김기중,P,pitcher_walk_control,13,12,-1,KBO_2024_2025,kbo-player-abilities-2024-2025-v1
51715,한화 이글스,김기중,P,pitcher_composure,14,11,-3,KBO_2024_2025,kbo-player-abilities-2024-2025-v1
54705,한화 이글스,김도빈,P,pitcher_stuff,15,12,-3,KBO_2024_2025,kbo-player-abilities-2024-2025-v1
54705,한화 이글스,김도빈,P,pitcher_command,8,10,2,KBO_2024_2025,kbo-player-abilities-2024-2025-v1
54705,한화 이글스,김도빈,P,pitcher_movement,12,11,-1,KBO_2024_2025,kbo-player-abilities-2024-2025-v1
54705,한화 이글스,김도빈,P,pitcher_stamina,7,10,3,KBO_2024_2025,kbo-player-abilities-2024-2025-v1
54705,한화 이글스,김도빈,P,pitcher_pitchability,12,11,-1,KBO_2024_2025,kbo-player-abilities-2024-2025-v1
54705,한화 이글스,김도빈,P,pitcher_strikeout,16,13,-3,KBO_2024_2025,kbo-player-abilities-2024-2025-v1
54705,한화 이글스,김도빈,P,pitcher_walk_control,4,8,4,KBO_2024_2025,kbo-player-abilities-2024-2025-v1
54705,한화 이글스,김도빈,P,pitcher_composure,12,11,-1,KBO_2024_2025,kbo-player-abilities-2024-2025-v1
65764,한화 이글스,김민우,P,pitcher_stuff,8,11,3,KBO_2024_2025,kbo-player-abilities-2024-2025-v1
65764,한화 이글스,김민우,P,pitcher_command,8,10,2,KBO_2024_2025,kbo-player-abilities-2024-2025-v1
65764,한화 이글스,김민우,P,pitcher_movement,8,10,2,KBO_2024_2025,kbo-player-abilities-2024-2025-v1
65764,한화 이글스,김민우,P,pitcher_stamina,8,10,2,KBO_2024_2025,kbo-player-abilities-2024-2025-v1
65764,한화 이글스,김민우,P,pitcher_pitchability,8,10,2,KBO_2024_2025,kbo-player-abilities-2024-2025-v1
65764,한화 이글스,김민우,P,pitcher_strikeout,8,11,3,KBO_2024_2025,kbo-player-abilities-2024-2025-v1
65764,한화 이글스,김민우,P,pitcher_walk_control,8,10,2,KBO_2024_2025,kbo-player-abilities-2024-2025-v1
65764,한화 이글스,김민우,P,pitcher_composure,8,11,3,KBO_2024_2025,kbo-player-abilities-2024-2025-v1
65769,한화 이글스,김범수,P,pitcher_stuff,14,13,-1,KBO_2024_2025,kbo-player-abilities-2024-2025-v1
65769,한화 이글스,김범수,P,pitcher_movement,19,15,-4,KBO_2024_2025,kbo-player-abilities-2024-2025-v1
65769,한화 이글스,김범수,P,pitcher_pitchability,15,13,-2,KBO_2024_2025,kbo-player-abilities-2024-2025-v1
65769,한화 이글스,김범수,P,pitcher_strikeout,16,15,-1,KBO_2024_2025,kbo-player-abilities-2024-2025-v1
65769,한화 이글스,김범수,P,pitcher_walk_control,8,9,1,KBO_2024_2025,kbo-player-abilities-2024-2025-v1
65769,한화 이글스,김범수,P,pitcher_composure,19,16,-3,KBO_2024_2025,kbo-player-abilities-2024-2025-v1
53754,한화 이글스,김서현,P,pitcher_movement,17,15,-2,KBO_2024_2025,kbo-player-abilities-2024-2025-v1
53754,한화 이글스,김서현,P,pitcher_stamina,10,11,1,KBO_2024_2025,kbo-player-abilities-2024-2025-v1
53754,한화 이글스,김서현,P,pitcher_pitchability,15,14,-1,KBO_2024_2025,kbo-player-abilities-2024-2025-v1
53754,한화 이글스,김서현,P,pitcher_strikeout,19,16,-3,KBO_2024_2025,kbo-player-abilities-2024-2025-v1
53754,한화 이글스,김서현,P,pitcher_walk_control,8,9,1,KBO_2024_2025,kbo-player-abilities-2024-2025-v1
53754,한화 이글스,김서현,P,pitcher_composure,17,15,-2,KBO_2024_2025,kbo-player-abilities-2024-2025-v1
50711,한화 이글스,김승일,P,pitcher_stuff,9,10,1,KBO_2024_2025,kbo-player-abilities-2024-2025-v1
50711,한화 이글스,김승일,P,pitcher_command,9,10,1,KBO_2024_2025,kbo-player-abilities-2024-2025-v1
50711,한화 이글스,김승일,P,pitcher_movement,8,10,2,KBO_2024_2025,kbo-player-abilities-2024-2025-v1
50711,한화 이글스,김승일,P,pitcher_stamina,8,9,1,KBO_2024_2025,kbo-player-abilities-2024-2025-v1
50711,한화 이글스,김승일,P,pitcher_pitchability,9,10,1,KBO_2024_2025,kbo-player-abilities-2024-2025-v1
50711,한화 이글스,김승일,P,pitcher_strikeout,13,12,-1,KBO_2024_2025,kbo-player-abilities-2024-2025-v1
50711,한화 이글스,김승일,P,pitcher_walk_control,9,10,1,KBO_2024_2025,kbo-player-abilities-2024-2025-v1
50711,한화 이글스,김승일,P,pitcher_composure,5,8,3,KBO_2024_2025,kbo-player-abilities-2024-2025-v1
63765,한화 이글스,김종수,P,pitcher_stuff,12,13,1,KBO_2024_2025,kbo-player-abilities-2024-2025-v1
63765,한화 이글스,김종수,P,pitcher_command,8,10,2,KBO_2024_2025,kbo-player-abilities-2024-2025-v1
63765,한화 이글스,김종수,P,pitcher_movement,14,13,-1,KBO_2024_2025,kbo-player-abilities-2024-2025-v1
63765,한화 이글스,김종수,P,pitcher_stamina,10,11,1,KBO_2024_2025,kbo-player-abilities-2024-2025-v1
63765,한화 이글스,김종수,P,pitcher_pitchability,11,12,1,KBO_2024_2025,kbo-player-abilities-2024-2025-v1
63765,한화 이글스,김종수,P,pitcher_strikeout,16,14,-2,KBO_2024_2025,kbo-player-abilities-2024-2025-v1
63765,한화 이글스,김종수,P,pitcher_walk_control,4,7,3,KBO_2024_2025,kbo-player-abilities-2024-2025-v1
63765,한화 이글스,김종수,P,pitcher_composure,14,13,-1,KBO_2024_2025,kbo-player-abilities-2024-2025-v1
76715,한화 이글스,류현진,P,pitcher_stuff,13,14,1,KBO_2024_2025,kbo-player-abilities-2024-2025-v1
76715,한화 이글스,류현진,P,pitcher_movement,14,13,-1,KBO_2024_2025,kbo-player-abilities-2024-2025-v1
76715,한화 이글스,류현진,P,pitcher_stamina,20,18,-2,KBO_2024_2025,kbo-player-abilities-2024-2025-v1
76715,한화 이글스,류현진,P,pitcher_pitchability,18,17,-1,KBO_2024_2025,kbo-player-abilities-2024-2025-v1
76715,한화 이글스,류현진,P,pitcher_strikeout,16,15,-1,KBO_2024_2025,kbo-player-abilities-2024-2025-v1
76715,한화 이글스,류현진,P,pitcher_walk_control,20,18,-2,KBO_2024_2025,kbo-player-abilities-2024-2025-v1
76715,한화 이글스,류현진,P,pitcher_composure,18,17,-1,KBO_2024_2025,kbo-player-abilities-2024-2025-v1
52701,한화 이글스,문동주,P,pitcher_stuff,16,15,-1,KBO_2024_2025,kbo-player-abilities-2024-2025-v1
52701,한화 이글스,문동주,P,pitcher_movement,18,14,-4,KBO_2024_2025,kbo-player-abilities-2024-2025-v1
52701,한화 이글스,문동주,P,pitcher_stamina,19,17,-2,KBO_2024_2025,kbo-player-abilities-2024-2025-v1
52701,한화 이글스,문동주,P,pitcher_pitchability,19,17,-2,KBO_2024_2025,kbo-player-abilities-2024-2025-v1
52701,한화 이글스,문동주,P,pitcher_strikeout,19,17,-2,KBO_2024_2025,kbo-player-abilities-2024-2025-v1
52701,한화 이글스,문동주,P,pitcher_walk_control,19,17,-2,KBO_2024_2025,kbo-player-abilities-2024-2025-v1
52701,한화 이글스,문동주,P,pitcher_composure,17,15,-2,KBO_2024_2025,kbo-player-abilities-2024-2025-v1
67703,한화 이글스,박상원,P,pitcher_stuff,12,13,1,KBO_2024_2025,kbo-player-abilities-2024-2025-v1
67703,한화 이글스,박상원,P,pitcher_command,14,15,1,KBO_2024_2025,kbo-player-abilities-2024-2025-v1
67703,한화 이글스,박상원,P,pitcher_movement,15,14,-1,KBO_2024_2025,kbo-player-abilities-2024-2025-v1
67703,한화 이글스,박상원,P,pitcher_stamina,10,11,1,KBO_2024_2025,kbo-player-abilities-2024-2025-v1
67703,한화 이글스,박상원,P,pitcher_strikeout,8,11,3,KBO_2024_2025,kbo-player-abilities-2024-2025-v1
67703,한화 이글스,박상원,P,pitcher_walk_control,18,15,-3,KBO_2024_2025,kbo-player-abilities-2024-2025-v1
67703,한화 이글스,박상원,P,pitcher_composure,15,14,-1,KBO_2024_2025,kbo-player-abilities-2024-2025-v1
52731,한화 이글스,박준영,P,pitcher_command,8,10,2,KBO_2024_2025,kbo-player-abilities-2024-2025-v1
52731,한화 이글스,박준영,P,pitcher_movement,13,12,-1,KBO_2024_2025,kbo-player-abilities-2024-2025-v1
52731,한화 이글스,박준영,P,pitcher_stamina,16,13,-3,KBO_2024_2025,kbo-player-abilities-2024-2025-v1
52731,한화 이글스,박준영,P,pitcher_pitchability,9,10,1,KBO_2024_2025,kbo-player-abilities-2024-2025-v1
52731,한화 이글스,박준영,P,pitcher_strikeout,9,10,1,KBO_2024_2025,kbo-player-abilities-2024-2025-v1
52731,한화 이글스,박준영,P,pitcher_walk_control,5,8,3,KBO_2024_2025,kbo-player-abilities-2024-2025-v1
52731,한화 이글스,박준영,P,pitcher_composure,12,11,-1,KBO_2024_2025,kbo-player-abilities-2024-2025-v1
51761,한화 이글스,배동현,P,pitcher_stuff,14,12,-2,FUTURES_2024_2025,kbo-player-abilities-2024-2025-v1
51761,한화 이글스,배동현,P,pitcher_command,17,13,-4,FUTURES_2024_2025,kbo-player-abilities-2024-2025-v1
51761,한화 이글스,배동현,P,pitcher_stamina,8,9,1,FUTURES_2024_2025,kbo-player-abilities-2024-2025-v1
51761,한화 이글스,배동현,P,pitcher_pitchability,17,13,-4,FUTURES_2024_2025,kbo-player-abilities-2024-2025-v1
51761,한화 이글스,배동현,P,pitcher_strikeout,17,13,-4,FUTURES_2024_2025,kbo-player-abilities-2024-2025-v1
51761,한화 이글스,배동현,P,pitcher_walk_control,17,13,-4,FUTURES_2024_2025,kbo-player-abilities-2024-2025-v1
51761,한화 이글스,배동현,P,pitcher_composure,16,13,-3,FUTURES_2024_2025,kbo-player-abilities-2024-2025-v1
69974,한화 이글스,배민서,P,pitcher_stuff,15,12,-3,KBO_2024_2025,kbo-player-abilities-2024-2025-v1
69974,한화 이글스,배민서,P,pitcher_command,17,13,-4,KBO_2024_2025,kbo-player-abilities-2024-2025-v1
69974,한화 이글스,배민서,P,pitcher_movement,16,13,-3,KBO_2024_2025,kbo-player-abilities-2024-2025-v1
69974,한화 이글스,배민서,P,pitcher_pitchability,16,13,-3,KBO_2024_2025,kbo-player-abilities-2024-2025-v1
69974,한화 이글스,배민서,P,pitcher_strikeout,14,12,-2,KBO_2024_2025,kbo-player-abilities-2024-2025-v1
69974,한화 이글스,배민서,P,pitcher_walk_control,17,13,-4,KBO_2024_2025,kbo-player-abilities-2024-2025-v1
69974,한화 이글스,배민서,P,pitcher_composure,18,14,-4,KBO_2024_2025,kbo-player-abilities-2024-2025-v1
65056,한화 이글스,엄상백,P,pitcher_stuff,9,11,2,KBO_2024_2025,kbo-player-abilities-2024-2025-v1
65056,한화 이글스,엄상백,P,pitcher_command,9,12,3,KBO_2024_2025,kbo-player-abilities-2024-2025-v1
65056,한화 이글스,엄상백,P,pitcher_movement,5,7,2,KBO_2024_2025,kbo-player-abilities-2024-2025-v1
65056,한화 이글스,엄상백,P,pitcher_stamina,13,15,2,KBO_2024_2025,kbo-player-abilities-2024-2025-v1
65056,한화 이글스,엄상백,P,pitcher_pitchability,8,11,3,KBO_2024_2025,kbo-player-abilities-2024-2025-v1
65056,한화 이글스,엄상백,P,pitcher_strikeout,13,14,1,KBO_2024_2025,kbo-player-abilities-2024-2025-v1
65056,한화 이글스,엄상백,P,pitcher_walk_control,11,13,2,KBO_2024_2025,kbo-player-abilities-2024-2025-v1
65056,한화 이글스,엄상백,P,pitcher_composure,3,8,5,KBO_2024_2025,kbo-player-abilities-2024-2025-v1
54755,한화 이글스,와이스,P,pitcher_stuff,15,16,1,KBO_2024_2025,kbo-player-abilities-2024-2025-v1
54755,한화 이글스,와이스,P,pitcher_command,15,16,1,KBO_2024_2025,kbo-player-abilities-2024-2025-v1
54755,한화 이글스,와이스,P,pitcher_movement,17,15,-2,KBO_2024_2025,kbo-player-abilities-2024-2025-v1
54755,한화 이글스,와이스,P,pitcher_stamina,20,18,-2,KBO_2024_2025,kbo-player-abilities-2024-2025-v1
54755,한화 이글스,와이스,P,pitcher_pitchability,19,17,-2,KBO_2024_2025,kbo-player-abilities-2024-2025-v1
54755,한화 이글스,와이스,P,pitcher_strikeout,20,18,-2,KBO_2024_2025,kbo-player-abilities-2024-2025-v1
54755,한화 이글스,와이스,P,pitcher_walk_control,17,16,-1,KBO_2024_2025,kbo-player-abilities-2024-2025-v1
54755,한화 이글스,와이스,P,pitcher_composure,19,17,-2,KBO_2024_2025,kbo-player-abilities-2024-2025-v1
54702,한화 이글스,원종혁,P,pitcher_stuff,9,10,1,KBO_2024_2025,kbo-player-abilities-2024-2025-v1
54702,한화 이글스,원종혁,P,pitcher_command,9,10,1,KBO_2024_2025,kbo-player-abilities-2024-2025-v1
54702,한화 이글스,원종혁,P,pitcher_movement,7,10,3,KBO_2024_2025,kbo-player-abilities-2024-2025-v1
54702,한화 이글스,원종혁,P,pitcher_stamina,9,10,1,KBO_2024_2025,kbo-player-abilities-2024-2025-v1
54702,한화 이글스,원종혁,P,pitcher_pitchability,9,10,1,KBO_2024_2025,kbo-player-abilities-2024-2025-v1
54702,한화 이글스,원종혁,P,pitcher_walk_control,10,11,1,KBO_2024_2025,kbo-player-abilities-2024-2025-v1
54702,한화 이글스,원종혁,P,pitcher_composure,7,10,3,KBO_2024_2025,kbo-player-abilities-2024-2025-v1
63464,한화 이글스,윤대경,P,pitcher_stuff,10,11,1,KBO_2024_2025,kbo-player-abilities-2024-2025-v1
63464,한화 이글스,윤대경,P,pitcher_command,13,11,-2,KBO_2024_2025,kbo-player-abilities-2024-2025-v1
63464,한화 이글스,윤대경,P,pitcher_movement,14,12,-2,KBO_2024_2025,kbo-player-abilities-2024-2025-v1
63464,한화 이글스,윤대경,P,pitcher_stamina,7,10,3,KBO_2024_2025,kbo-player-abilities-2024-2025-v1
63464,한화 이글스,윤대경,P,pitcher_strikeout,4,8,4,KBO_2024_2025,kbo-player-abilities-2024-2025-v1
63464,한화 이글스,윤대경,P,pitcher_walk_control,12,11,-1,KBO_2024_2025,kbo-player-abilities-2024-2025-v1
63464,한화 이글스,윤대경,P,pitcher_composure,16,12,-4,KBO_2024_2025,kbo-player-abilities-2024-2025-v1
69213,한화 이글스,윤산흠,P,pitcher_stuff,13,12,-1,KBO_2024_2025,kbo-player-abilities-2024-2025-v1
69213,한화 이글스,윤산흠,P,pitcher_command,13,12,-1,KBO_2024_2025,kbo-player-abilities-2024-2025-v1
69213,한화 이글스,윤산흠,P,pitcher_movement,15,13,-2,KBO_2024_2025,kbo-player-abilities-2024-2025-v1
69213,한화 이글스,윤산흠,P,pitcher_stamina,10,11,1,KBO_2024_2025,kbo-player-abilities-2024-2025-v1
69213,한화 이글스,윤산흠,P,pitcher_pitchability,16,13,-3,KBO_2024_2025,kbo-player-abilities-2024-2025-v1
69213,한화 이글스,윤산흠,P,pitcher_strikeout,16,13,-3,KBO_2024_2025,kbo-player-abilities-2024-2025-v1
69213,한화 이글스,윤산흠,P,pitcher_walk_control,16,13,-3,KBO_2024_2025,kbo-player-abilities-2024-2025-v1
69213,한화 이글스,윤산흠,P,pitcher_composure,15,13,-2,KBO_2024_2025,kbo-player-abilities-2024-2025-v1
65616,한화 이글스,이민우,P,pitcher_command,14,13,-1,KBO_2024_2025,kbo-player-abilities-2024-2025-v1
65616,한화 이글스,이민우,P,pitcher_movement,10,11,1,KBO_2024_2025,kbo-player-abilities-2024-2025-v1
65616,한화 이글스,이민우,P,pitcher_stamina,8,9,1,KBO_2024_2025,kbo-player-abilities-2024-2025-v1
65616,한화 이글스,이민우,P,pitcher_pitchability,14,13,-1,KBO_2024_2025,kbo-player-abilities-2024-2025-v1
65616,한화 이글스,이민우,P,pitcher_strikeout,14,13,-1,KBO_2024_2025,kbo-player-abilities-2024-2025-v1
65616,한화 이글스,이민우,P,pitcher_walk_control,14,13,-1,KBO_2024_2025,kbo-player-abilities-2024-2025-v1
65616,한화 이글스,이민우,P,pitcher_composure,16,14,-2,KBO_2024_2025,kbo-player-abilities-2024-2025-v1
65117,한화 이글스,이상규,P,pitcher_stuff,11,10,-1,KBO_2024_2025,kbo-player-abilities-2024-2025-v1
65117,한화 이글스,이상규,P,pitcher_movement,12,11,-1,KBO_2024_2025,kbo-player-abilities-2024-2025-v1
65117,한화 이글스,이상규,P,pitcher_stamina,10,11,1,KBO_2024_2025,kbo-player-abilities-2024-2025-v1
65117,한화 이글스,이상규,P,pitcher_pitchability,10,11,1,KBO_2024_2025,kbo-player-abilities-2024-2025-v1
65117,한화 이글스,이상규,P,pitcher_strikeout,6,9,3,KBO_2024_2025,kbo-player-abilities-2024-2025-v1
65117,한화 이글스,이상규,P,pitcher_walk_control,13,12,-1,KBO_2024_2025,kbo-player-abilities-2024-2025-v1
65117,한화 이글스,이상규,P,pitcher_composure,8,9,1,KBO_2024_2025,kbo-player-abilities-2024-2025-v1
60768,한화 이글스,이태양,P,pitcher_stuff,12,11,-1,KBO_2024_2025,kbo-player-abilities-2024-2025-v1
60768,한화 이글스,이태양,P,pitcher_movement,14,11,-3,KBO_2024_2025,kbo-player-abilities-2024-2025-v1
60768,한화 이글스,이태양,P,pitcher_stamina,9,10,1,KBO_2024_2025,kbo-player-abilities-2024-2025-v1
60768,한화 이글스,이태양,P,pitcher_pitchability,12,11,-1,KBO_2024_2025,kbo-player-abilities-2024-2025-v1
60768,한화 이글스,이태양,P,pitcher_composure,13,11,-2,KBO_2024_2025,kbo-player-abilities-2024-2025-v1
79764,한화 이글스,장민재,P,pitcher_stuff,13,11,-2,KBO_2024_2025,kbo-player-abilities-2024-2025-v1
79764,한화 이글스,장민재,P,pitcher_command,18,14,-4,KBO_2024_2025,kbo-player-abilities-2024-2025-v1
79764,한화 이글스,장민재,P,pitcher_movement,9,10,1,KBO_2024_2025,kbo-player-abilities-2024-2025-v1
79764,한화 이글스,장민재,P,pitcher_stamina,12,11,-1,KBO_2024_2025,kbo-player-abilities-2024-2025-v1
79764,한화 이글스,장민재,P,pitcher_pitchability,17,13,-4,KBO_2024_2025,kbo-player-abilities-2024-2025-v1
79764,한화 이글스,장민재,P,pitcher_strikeout,18,12,-6,KBO_2024_2025,kbo-player-abilities-2024-2025-v1
79764,한화 이글스,장민재,P,pitcher_walk_control,18,15,-3,KBO_2024_2025,kbo-player-abilities-2024-2025-v1
79764,한화 이글스,장민재,P,pitcher_composure,17,14,-3,KBO_2024_2025,kbo-player-abilities-2024-2025-v1
77318,한화 이글스,장시환,P,pitcher_command,9,10,1,KBO_2024_2025,kbo-player-abilities-2024-2025-v1
77318,한화 이글스,장시환,P,pitcher_movement,9,11,2,KBO_2024_2025,kbo-player-abilities-2024-2025-v1
77318,한화 이글스,장시환,P,pitcher_stamina,7,10,3,KBO_2024_2025,kbo-player-abilities-2024-2025-v1
77318,한화 이글스,장시환,P,pitcher_strikeout,17,13,-4,KBO_2024_2025,kbo-player-abilities-2024-2025-v1
77318,한화 이글스,장시환,P,pitcher_walk_control,7,9,2,KBO_2024_2025,kbo-player-abilities-2024-2025-v1
77318,한화 이글스,장시환,P,pitcher_composure,12,11,-1,KBO_2024_2025,kbo-player-abilities-2024-2025-v1
69645,한화 이글스,장지수,P,pitcher_stuff,13,12,-1,KBO_2024_2025,kbo-player-abilities-2024-2025-v1
69645,한화 이글스,장지수,P,pitcher_command,9,10,1,KBO_2024_2025,kbo-player-abilities-2024-2025-v1
69645,한화 이글스,장지수,P,pitcher_movement,13,12,-1,KBO_2024_2025,kbo-player-abilities-2024-2025-v1
69645,한화 이글스,장지수,P,pitcher_stamina,8,10,2,KBO_2024_2025,kbo-player-abilities-2024-2025-v1
69645,한화 이글스,장지수,P,pitcher_strikeout,13,11,-2,KBO_2024_2025,kbo-player-abilities-2024-2025-v1
69645,한화 이글스,장지수,P,pitcher_walk_control,8,9,1,KBO_2024_2025,kbo-player-abilities-2024-2025-v1
69645,한화 이글스,장지수,P,pitcher_composure,9,10,1,KBO_2024_2025,kbo-player-abilities-2024-2025-v1
55743,한화 이글스,정우주,P,pitcher_movement,13,12,-1,KBO_2024_2025,kbo-player-abilities-2024-2025-v1
55743,한화 이글스,정우주,P,pitcher_stamina,10,11,1,KBO_2024_2025,kbo-player-abilities-2024-2025-v1
55743,한화 이글스,정우주,P,pitcher_pitchability,17,15,-2,KBO_2024_2025,kbo-player-abilities-2024-2025-v1
55743,한화 이글스,정우주,P,pitcher_strikeout,20,17,-3,KBO_2024_2025,kbo-player-abilities-2024-2025-v1
55743,한화 이글스,정우주,P,pitcher_walk_control,13,12,-1,KBO_2024_2025,kbo-player-abilities-2024-2025-v1
55743,한화 이글스,정우주,P,pitcher_composure,19,16,-3,KBO_2024_2025,kbo-player-abilities-2024-2025-v1
54768,한화 이글스,조동욱,P,pitcher_stuff,9,10,1,KBO_2024_2025,kbo-player-abilities-2024-2025-v1
54768,한화 이글스,조동욱,P,pitcher_command,9,10,1,KBO_2024_2025,kbo-player-abilities-2024-2025-v1
54768,한화 이글스,조동욱,P,pitcher_stamina,10,11,1,KBO_2024_2025,kbo-player-abilities-2024-2025-v1
54768,한화 이글스,조동욱,P,pitcher_pitchability,7,10,3,KBO_2024_2025,kbo-player-abilities-2024-2025-v1
54768,한화 이글스,조동욱,P,pitcher_strikeout,4,7,3,KBO_2024_2025,kbo-player-abilities-2024-2025-v1
54768,한화 이글스,조동욱,P,pitcher_walk_control,10,11,1,KBO_2024_2025,kbo-player-abilities-2024-2025-v1
54768,한화 이글스,조동욱,P,pitcher_composure,10,11,1,KBO_2024_2025,kbo-player-abilities-2024-2025-v1
65707,한화 이글스,주현상,P,pitcher_stuff,9,12,3,KBO_2024_2025,kbo-player-abilities-2024-2025-v1
65707,한화 이글스,주현상,P,pitcher_command,12,14,2,KBO_2024_2025,kbo-player-abilities-2024-2025-v1
65707,한화 이글스,주현상,P,pitcher_movement,6,8,2,KBO_2024_2025,kbo-player-abilities-2024-2025-v1
65707,한화 이글스,주현상,P,pitcher_stamina,10,11,1,KBO_2024_2025,kbo-player-abilities-2024-2025-v1
65707,한화 이글스,주현상,P,pitcher_pitchability,12,13,1,KBO_2024_2025,kbo-player-abilities-2024-2025-v1
65707,한화 이글스,주현상,P,pitcher_strikeout,12,13,1,KBO_2024_2025,kbo-player-abilities-2024-2025-v1
65707,한화 이글스,주현상,P,pitcher_walk_control,19,17,-2,KBO_2024_2025,kbo-player-abilities-2024-2025-v1
65707,한화 이글스,주현상,P,pitcher_composure,8,12,4,KBO_2024_2025,kbo-player-abilities-2024-2025-v1
55730,한화 이글스,폰세,P,pitcher_movement,19,16,-3,KBO_2024_2025,kbo-player-abilities-2024-2025-v1
55730,한화 이글스,폰세,P,pitcher_stamina,20,17,-3,KBO_2024_2025,kbo-player-abilities-2024-2025-v1
55730,한화 이글스,폰세,P,pitcher_pitchability,20,17,-3,KBO_2024_2025,kbo-player-abilities-2024-2025-v1
55730,한화 이글스,폰세,P,pitcher_strikeout,20,18,-2,KBO_2024_2025,kbo-player-abilities-2024-2025-v1
55730,한화 이글스,폰세,P,pitcher_walk_control,19,17,-2,KBO_2024_2025,kbo-player-abilities-2024-2025-v1
55730,한화 이글스,폰세,P,pitcher_composure,20,18,-2,KBO_2024_2025,kbo-player-abilities-2024-2025-v1
61666,한화 이글스,한승혁,P,pitcher_stuff,13,14,1,KBO_2024_2025,kbo-player-abilities-2024-2025-v1
61666,한화 이글스,한승혁,P,pitcher_command,13,12,-1,KBO_2024_2025,kbo-player-abilities-2024-2025-v1
61666,한화 이글스,한승혁,P,pitcher_movement,16,15,-1,KBO_2024_2025,kbo-player-abilities-2024-2025-v1
61666,한화 이글스,한승혁,P,pitcher_pitchability,15,14,-1,KBO_2024_2025,kbo-player-abilities-2024-2025-v1
61666,한화 이글스,한승혁,P,pitcher_walk_control,14,12,-2,KBO_2024_2025,kbo-player-abilities-2024-2025-v1
61666,한화 이글스,한승혁,P,pitcher_composure,18,15,-3,KBO_2024_2025,kbo-player-abilities-2024-2025-v1
54729,한화 이글스,황준서,P,pitcher_stuff,12,13,1,KBO_2024_2025,kbo-player-abilities-2024-2025-v1
54729,한화 이글스,황준서,P,pitcher_stamina,13,14,1,KBO_2024_2025,kbo-player-abilities-2024-2025-v1
54729,한화 이글스,황준서,P,pitcher_pitchability,13,12,-1,KBO_2024_2025,kbo-player-abilities-2024-2025-v1
54729,한화 이글스,황준서,P,pitcher_strikeout,18,15,-3,KBO_2024_2025,kbo-player-abilities-2024-2025-v1
54729,한화 이글스,황준서,P,pitcher_composure,10,11,1,KBO_2024_2025,kbo-player-abilities-2024-2025-v1
DRAFT-2025-024,롯데 자이언츠,김현우,P,pitcher_velocity,,12,,SCOUTING_PRIOR,kbo-player-abilities-2024-2025-v1
DRAFT-2025-024,롯데 자이언츠,김현우,P,pitcher_stuff,,11,,SCOUTING_PRIOR,kbo-player-abilities-2024-2025-v1
DRAFT-2025-024,롯데 자이언츠,김현우,P,pitcher_command,,12,,SCOUTING_PRIOR,kbo-player-abilities-2024-2025-v1
DRAFT-2025-024,롯데 자이언츠,김현우,P,pitcher_movement,,10,,SCOUTING_PRIOR,kbo-player-abilities-2024-2025-v1
DRAFT-2025-024,롯데 자이언츠,김현우,P,pitcher_stamina,,11,,SCOUTING_PRIOR,kbo-player-abilities-2024-2025-v1
DRAFT-2025-024,롯데 자이언츠,김현우,P,pitcher_pitchability,,11,,SCOUTING_PRIOR,kbo-player-abilities-2024-2025-v1
DRAFT-2025-024,롯데 자이언츠,김현우,P,pitcher_strikeout,,11,,SCOUTING_PRIOR,kbo-player-abilities-2024-2025-v1
DRAFT-2025-024,롯데 자이언츠,김현우,P,pitcher_walk_control,,12,,SCOUTING_PRIOR,kbo-player-abilities-2024-2025-v1
DRAFT-2025-024,롯데 자이언츠,김현우,P,pitcher_composure,,11,,SCOUTING_PRIOR,kbo-player-abilities-2024-2025-v1
DRAFT-2025-024,롯데 자이언츠,김현우,P,pitch_four_seam,,13,,SCOUTING_PRIOR,kbo-player-abilities-2024-2025-v1
DRAFT-2025-024,롯데 자이언츠,김현우,P,pitch_slider,,13,,SCOUTING_PRIOR,kbo-player-abilities-2024-2025-v1
DRAFT-2025-024,롯데 자이언츠,김현우,P,pitch_curve,,10,,SCOUTING_PRIOR,kbo-player-abilities-2024-2025-v1
DRAFT-2025-039,KT 위즈,박준혁,P,pitcher_velocity,,9,,SCOUTING_PRIOR,kbo-player-abilities-2024-2025-v1
DRAFT-2025-039,KT 위즈,박준혁,P,pitcher_stuff,,10,,SCOUTING_PRIOR,kbo-player-abilities-2024-2025-v1
DRAFT-2025-039,KT 위즈,박준혁,P,pitcher_command,,12,,SCOUTING_PRIOR,kbo-player-abilities-2024-2025-v1
DRAFT-2025-039,KT 위즈,박준혁,P,pitcher_movement,,12,,SCOUTING_PRIOR,kbo-player-abilities-2024-2025-v1
DRAFT-2025-039,KT 위즈,박준혁,P,pitcher_stamina,,12,,SCOUTING_PRIOR,kbo-player-abilities-2024-2025-v1
DRAFT-2025-039,KT 위즈,박준혁,P,pitcher_pitchability,,11,,SCOUTING_PRIOR,kbo-player-abilities-2024-2025-v1
DRAFT-2025-039,KT 위즈,박준혁,P,pitcher_strikeout,,10,,SCOUTING_PRIOR,kbo-player-abilities-2024-2025-v1
DRAFT-2025-039,KT 위즈,박준혁,P,pitcher_walk_control,,12,,SCOUTING_PRIOR,kbo-player-abilities-2024-2025-v1
DRAFT-2025-039,KT 위즈,박준혁,P,pitcher_composure,,12,,SCOUTING_PRIOR,kbo-player-abilities-2024-2025-v1
DRAFT-2025-039,KT 위즈,박준혁,P,pitch_four_seam,,9,,SCOUTING_PRIOR,kbo-player-abilities-2024-2025-v1
DRAFT-2025-039,KT 위즈,박준혁,P,pitch_slider,,10,,SCOUTING_PRIOR,kbo-player-abilities-2024-2025-v1
DRAFT-2025-039,KT 위즈,박준혁,P,pitch_curve,,12,,SCOUTING_PRIOR,kbo-player-abilities-2024-2025-v1
DRAFT-2025-042,한화 이글스,이동영,P,pitcher_velocity,,8,,SCOUTING_PRIOR,kbo-player-abilities-2024-2025-v1
DRAFT-2025-042,한화 이글스,이동영,P,pitcher_stuff,,9,,SCOUTING_PRIOR,kbo-player-abilities-2024-2025-v1
DRAFT-2025-042,한화 이글스,이동영,P,pitcher_command,,10,,SCOUTING_PRIOR,kbo-player-abilities-2024-2025-v1
DRAFT-2025-042,한화 이글스,이동영,P,pitcher_movement,,10,,SCOUTING_PRIOR,kbo-player-abilities-2024-2025-v1
DRAFT-2025-042,한화 이글스,이동영,P,pitcher_stamina,,10,,SCOUTING_PRIOR,kbo-player-abilities-2024-2025-v1
DRAFT-2025-042,한화 이글스,이동영,P,pitcher_pitchability,,10,,SCOUTING_PRIOR,kbo-player-abilities-2024-2025-v1
DRAFT-2025-042,한화 이글스,이동영,P,pitcher_strikeout,,9,,SCOUTING_PRIOR,kbo-player-abilities-2024-2025-v1
DRAFT-2025-042,한화 이글스,이동영,P,pitcher_walk_control,,10,,SCOUTING_PRIOR,kbo-player-abilities-2024-2025-v1
DRAFT-2025-042,한화 이글스,이동영,P,pitcher_composure,,10,,SCOUTING_PRIOR,kbo-player-abilities-2024-2025-v1
DRAFT-2025-042,한화 이글스,이동영,P,pitch_four_seam,,9,,SCOUTING_PRIOR,kbo-player-abilities-2024-2025-v1
DRAFT-2025-042,한화 이글스,이동영,P,pitch_slider,,8,,SCOUTING_PRIOR,kbo-player-abilities-2024-2025-v1
DRAFT-2025-042,한화 이글스,이동영,P,pitch_curve,,7,,SCOUTING_PRIOR,kbo-player-abilities-2024-2025-v1
DRAFT-2025-047,NC 다이노스,유재현,IF,contact,,11,,SCOUTING_PRIOR,kbo-player-abilities-2024-2025-v1
DRAFT-2025-047,NC 다이노스,유재현,IF,power,,11,,SCOUTING_PRIOR,kbo-player-abilities-2024-2025-v1
DRAFT-2025-047,NC 다이노스,유재현,IF,plate_discipline,,10,,SCOUTING_PRIOR,kbo-player-abilities-2024-2025-v1
DRAFT-2025-047,NC 다이노스,유재현,IF,bat_control,,11,,SCOUTING_PRIOR,kbo-player-abilities-2024-2025-v1
DRAFT-2025-047,NC 다이노스,유재현,IF,timing,,11,,SCOUTING_PRIOR,kbo-player-abilities-2024-2025-v1
DRAFT-2025-047,NC 다이노스,유재현,IF,bunt,,7,,SCOUTING_PRIOR,kbo-player-abilities-2024-2025-v1
DRAFT-2025-047,NC 다이노스,유재현,IF,speed,,10,,SCOUTING_PRIOR,kbo-player-abilities-2024-2025-v1
DRAFT-2025-047,NC 다이노스,유재현,IF,baserunning_judgment,,10,,SCOUTING_PRIOR,kbo-player-abilities-2024-2025-v1
DRAFT-2025-047,NC 다이노스,유재현,IF,fielding_range,,9,,SCOUTING_PRIOR,kbo-player-abilities-2024-2025-v1
DRAFT-2025-047,NC 다이노스,유재현,IF,catching,,5,,SCOUTING_PRIOR,kbo-player-abilities-2024-2025-v1
DRAFT-2025-047,NC 다이노스,유재현,IF,throwing_power,,9,,SCOUTING_PRIOR,kbo-player-abilities-2024-2025-v1
DRAFT-2025-047,NC 다이노스,유재현,IF,throwing_accuracy,,9,,SCOUTING_PRIOR,kbo-player-abilities-2024-2025-v1
DRAFT-2025-047,NC 다이노스,유재현,IF,fielding_judgment,,9,,SCOUTING_PRIOR,kbo-player-abilities-2024-2025-v1
DRAFT-2025-047,NC 다이노스,유재현,IF,composure,,10,,SCOUTING_PRIOR,kbo-player-abilities-2024-2025-v1
DRAFT-2025-047,NC 다이노스,유재현,IF,leadership,,7,,SCOUTING_PRIOR,kbo-player-abilities-2024-2025-v1
DRAFT-2025-047,NC 다이노스,유재현,IF,aggressiveness,,10,,SCOUTING_PRIOR,kbo-player-abilities-2024-2025-v1
DRAFT-2025-048,SSG 랜더스,이원준,OF,contact,,11,,SCOUTING_PRIOR,kbo-player-abilities-2024-2025-v1
DRAFT-2025-048,SSG 랜더스,이원준,OF,power,,11,,SCOUTING_PRIOR,kbo-player-abilities-2024-2025-v1
DRAFT-2025-048,SSG 랜더스,이원준,OF,plate_discipline,,9,,SCOUTING_PRIOR,kbo-player-abilities-2024-2025-v1
DRAFT-2025-048,SSG 랜더스,이원준,OF,bat_control,,10,,SCOUTING_PRIOR,kbo-player-abilities-2024-2025-v1
DRAFT-2025-048,SSG 랜더스,이원준,OF,timing,,11,,SCOUTING_PRIOR,kbo-player-abilities-2024-2025-v1
DRAFT-2025-048,SSG 랜더스,이원준,OF,bunt,,6,,SCOUTING_PRIOR,kbo-player-abilities-2024-2025-v1
DRAFT-2025-048,SSG 랜더스,이원준,OF,speed,,11,,SCOUTING_PRIOR,kbo-player-abilities-2024-2025-v1
DRAFT-2025-048,SSG 랜더스,이원준,OF,baserunning_judgment,,10,,SCOUTING_PRIOR,kbo-player-abilities-2024-2025-v1
DRAFT-2025-048,SSG 랜더스,이원준,OF,fielding_range,,9,,SCOUTING_PRIOR,kbo-player-abilities-2024-2025-v1
DRAFT-2025-048,SSG 랜더스,이원준,OF,catching,,5,,SCOUTING_PRIOR,kbo-player-abilities-2024-2025-v1
DRAFT-2025-048,SSG 랜더스,이원준,OF,throwing_power,,11,,SCOUTING_PRIOR,kbo-player-abilities-2024-2025-v1
DRAFT-2025-048,SSG 랜더스,이원준,OF,throwing_accuracy,,9,,SCOUTING_PRIOR,kbo-player-abilities-2024-2025-v1
DRAFT-2025-048,SSG 랜더스,이원준,OF,fielding_judgment,,9,,SCOUTING_PRIOR,kbo-player-abilities-2024-2025-v1
DRAFT-2025-048,SSG 랜더스,이원준,OF,composure,,9,,SCOUTING_PRIOR,kbo-player-abilities-2024-2025-v1
DRAFT-2025-048,SSG 랜더스,이원준,OF,leadership,,7,,SCOUTING_PRIOR,kbo-player-abilities-2024-2025-v1
DRAFT-2025-048,SSG 랜더스,이원준,OF,aggressiveness,,11,,SCOUTING_PRIOR,kbo-player-abilities-2024-2025-v1
DRAFT-2025-052,한화 이글스,박상현,P,pitcher_velocity,,9,,SCOUTING_PRIOR,kbo-player-abilities-2024-2025-v1
DRAFT-2025-052,한화 이글스,박상현,P,pitcher_stuff,,10,,SCOUTING_PRIOR,kbo-player-abilities-2024-2025-v1
DRAFT-2025-052,한화 이글스,박상현,P,pitcher_command,,9,,SCOUTING_PRIOR,kbo-player-abilities-2024-2025-v1
DRAFT-2025-052,한화 이글스,박상현,P,pitcher_movement,,9,,SCOUTING_PRIOR,kbo-player-abilities-2024-2025-v1
DRAFT-2025-052,한화 이글스,박상현,P,pitcher_stamina,,11,,SCOUTING_PRIOR,kbo-player-abilities-2024-2025-v1
DRAFT-2025-052,한화 이글스,박상현,P,pitcher_pitchability,,9,,SCOUTING_PRIOR,kbo-player-abilities-2024-2025-v1
DRAFT-2025-052,한화 이글스,박상현,P,pitcher_strikeout,,10,,SCOUTING_PRIOR,kbo-player-abilities-2024-2025-v1
DRAFT-2025-052,한화 이글스,박상현,P,pitcher_walk_control,,9,,SCOUTING_PRIOR,kbo-player-abilities-2024-2025-v1
DRAFT-2025-052,한화 이글스,박상현,P,pitcher_composure,,9,,SCOUTING_PRIOR,kbo-player-abilities-2024-2025-v1
DRAFT-2025-052,한화 이글스,박상현,P,pitch_four_seam,,11,,SCOUTING_PRIOR,kbo-player-abilities-2024-2025-v1
DRAFT-2025-052,한화 이글스,박상현,P,pitch_slider,,12,,SCOUTING_PRIOR,kbo-player-abilities-2024-2025-v1
DRAFT-2025-052,한화 이글스,박상현,P,pitch_curve,,12,,SCOUTING_PRIOR,kbo-player-abilities-2024-2025-v1
DRAFT-2025-053,삼성 라이온즈,이진용,OF,contact,,10,,SCOUTING_PRIOR,kbo-player-abilities-2024-2025-v1
DRAFT-2025-053,삼성 라이온즈,이진용,OF,power,,11,,SCOUTING_PRIOR,kbo-player-abilities-2024-2025-v1
DRAFT-2025-053,삼성 라이온즈,이진용,OF,plate_discipline,,9,,SCOUTING_PRIOR,kbo-player-abilities-2024-2025-v1
DRAFT-2025-053,삼성 라이온즈,이진용,OF,bat_control,,10,,SCOUTING_PRIOR,kbo-player-abilities-2024-2025-v1
DRAFT-2025-053,삼성 라이온즈,이진용,OF,timing,,10,,SCOUTING_PRIOR,kbo-player-abilities-2024-2025-v1
DRAFT-2025-053,삼성 라이온즈,이진용,OF,bunt,,7,,SCOUTING_PRIOR,kbo-player-abilities-2024-2025-v1
DRAFT-2025-053,삼성 라이온즈,이진용,OF,speed,,12,,SCOUTING_PRIOR,kbo-player-abilities-2024-2025-v1
DRAFT-2025-053,삼성 라이온즈,이진용,OF,baserunning_judgment,,10,,SCOUTING_PRIOR,kbo-player-abilities-2024-2025-v1
DRAFT-2025-053,삼성 라이온즈,이진용,OF,fielding_range,,10,,SCOUTING_PRIOR,kbo-player-abilities-2024-2025-v1
DRAFT-2025-053,삼성 라이온즈,이진용,OF,catching,,5,,SCOUTING_PRIOR,kbo-player-abilities-2024-2025-v1
DRAFT-2025-053,삼성 라이온즈,이진용,OF,throwing_power,,10,,SCOUTING_PRIOR,kbo-player-abilities-2024-2025-v1
DRAFT-2025-053,삼성 라이온즈,이진용,OF,throwing_accuracy,,10,,SCOUTING_PRIOR,kbo-player-abilities-2024-2025-v1
DRAFT-2025-053,삼성 라이온즈,이진용,OF,fielding_judgment,,10,,SCOUTING_PRIOR,kbo-player-abilities-2024-2025-v1
DRAFT-2025-053,삼성 라이온즈,이진용,OF,composure,,9,,SCOUTING_PRIOR,kbo-player-abilities-2024-2025-v1
DRAFT-2025-053,삼성 라이온즈,이진용,OF,leadership,,7,,SCOUTING_PRIOR,kbo-player-abilities-2024-2025-v1
DRAFT-2025-053,삼성 라이온즈,이진용,OF,aggressiveness,,12,,SCOUTING_PRIOR,kbo-player-abilities-2024-2025-v1
DRAFT-2025-055,KIA 타이거즈,최건희,P,pitcher_velocity,,8,,SCOUTING_PRIOR,kbo-player-abilities-2024-2025-v1
DRAFT-2025-055,KIA 타이거즈,최건희,P,pitcher_stuff,,10,,SCOUTING_PRIOR,kbo-player-abilities-2024-2025-v1
DRAFT-2025-055,KIA 타이거즈,최건희,P,pitcher_command,,10,,SCOUTING_PRIOR,kbo-player-abilities-2024-2025-v1
DRAFT-2025-055,KIA 타이거즈,최건희,P,pitcher_movement,,10,,SCOUTING_PRIOR,kbo-player-abilities-2024-2025-v1
DRAFT-2025-055,KIA 타이거즈,최건희,P,pitcher_stamina,,10,,SCOUTING_PRIOR,kbo-player-abilities-2024-2025-v1
DRAFT-2025-055,KIA 타이거즈,최건희,P,pitcher_pitchability,,10,,SCOUTING_PRIOR,kbo-player-abilities-2024-2025-v1
DRAFT-2025-055,KIA 타이거즈,최건희,P,pitcher_strikeout,,10,,SCOUTING_PRIOR,kbo-player-abilities-2024-2025-v1
DRAFT-2025-055,KIA 타이거즈,최건희,P,pitcher_walk_control,,10,,SCOUTING_PRIOR,kbo-player-abilities-2024-2025-v1
DRAFT-2025-055,KIA 타이거즈,최건희,P,pitcher_composure,,10,,SCOUTING_PRIOR,kbo-player-abilities-2024-2025-v1
DRAFT-2025-055,KIA 타이거즈,최건희,P,pitch_four_seam,,10,,SCOUTING_PRIOR,kbo-player-abilities-2024-2025-v1
DRAFT-2025-055,KIA 타이거즈,최건희,P,pitch_slider,,12,,SCOUTING_PRIOR,kbo-player-abilities-2024-2025-v1
DRAFT-2025-055,KIA 타이거즈,최건희,P,pitch_curve,,9,,SCOUTING_PRIOR,kbo-player-abilities-2024-2025-v1
DRAFT-2025-056,두산 베어스,한다현,IF,contact,,9,,SCOUTING_PRIOR,kbo-player-abilities-2024-2025-v1
DRAFT-2025-056,두산 베어스,한다현,IF,power,,9,,SCOUTING_PRIOR,kbo-player-abilities-2024-2025-v1
DRAFT-2025-056,두산 베어스,한다현,IF,plate_discipline,,11,,SCOUTING_PRIOR,kbo-player-abilities-2024-2025-v1
DRAFT-2025-056,두산 베어스,한다현,IF,bat_control,,10,,SCOUTING_PRIOR,kbo-player-abilities-2024-2025-v1
DRAFT-2025-056,두산 베어스,한다현,IF,timing,,9,,SCOUTING_PRIOR,kbo-player-abilities-2024-2025-v1
DRAFT-2025-056,두산 베어스,한다현,IF,bunt,,6,,SCOUTING_PRIOR,kbo-player-abilities-2024-2025-v1
DRAFT-2025-056,두산 베어스,한다현,IF,speed,,8,,SCOUTING_PRIOR,kbo-player-abilities-2024-2025-v1
DRAFT-2025-056,두산 베어스,한다현,IF,baserunning_judgment,,10,,SCOUTING_PRIOR,kbo-player-abilities-2024-2025-v1
DRAFT-2025-056,두산 베어스,한다현,IF,fielding_range,,10,,SCOUTING_PRIOR,kbo-player-abilities-2024-2025-v1
DRAFT-2025-056,두산 베어스,한다현,IF,catching,,5,,SCOUTING_PRIOR,kbo-player-abilities-2024-2025-v1
DRAFT-2025-056,두산 베어스,한다현,IF,throwing_power,,9,,SCOUTING_PRIOR,kbo-player-abilities-2024-2025-v1
DRAFT-2025-056,두산 베어스,한다현,IF,throwing_accuracy,,10,,SCOUTING_PRIOR,kbo-player-abilities-2024-2025-v1
DRAFT-2025-056,두산 베어스,한다현,IF,fielding_judgment,,10,,SCOUTING_PRIOR,kbo-player-abilities-2024-2025-v1
DRAFT-2025-056,두산 베어스,한다현,IF,composure,,11,,SCOUTING_PRIOR,kbo-player-abilities-2024-2025-v1
DRAFT-2025-056,두산 베어스,한다현,IF,leadership,,7,,SCOUTING_PRIOR,kbo-player-abilities-2024-2025-v1
DRAFT-2025-056,두산 베어스,한다현,IF,aggressiveness,,8,,SCOUTING_PRIOR,kbo-player-abilities-2024-2025-v1
DRAFT-2025-062,한화 이글스,이지성,IF,contact,,10,,SCOUTING_PRIOR,kbo-player-abilities-2024-2025-v1
DRAFT-2025-062,한화 이글스,이지성,IF,power,,9,,SCOUTING_PRIOR,kbo-player-abilities-2024-2025-v1
DRAFT-2025-062,한화 이글스,이지성,IF,plate_discipline,,9,,SCOUTING_PRIOR,kbo-player-abilities-2024-2025-v1
DRAFT-2025-062,한화 이글스,이지성,IF,bat_control,,10,,SCOUTING_PRIOR,kbo-player-abilities-2024-2025-v1
DRAFT-2025-062,한화 이글스,이지성,IF,timing,,10,,SCOUTING_PRIOR,kbo-player-abilities-2024-2025-v1
DRAFT-2025-062,한화 이글스,이지성,IF,bunt,,8,,SCOUTING_PRIOR,kbo-player-abilities-2024-2025-v1
DRAFT-2025-062,한화 이글스,이지성,IF,speed,,13,,SCOUTING_PRIOR,kbo-player-abilities-2024-2025-v1
DRAFT-2025-062,한화 이글스,이지성,IF,baserunning_judgment,,11,,SCOUTING_PRIOR,kbo-player-abilities-2024-2025-v1
DRAFT-2025-062,한화 이글스,이지성,IF,fielding_range,,10,,SCOUTING_PRIOR,kbo-player-abilities-2024-2025-v1
DRAFT-2025-062,한화 이글스,이지성,IF,catching,,5,,SCOUTING_PRIOR,kbo-player-abilities-2024-2025-v1
DRAFT-2025-062,한화 이글스,이지성,IF,throwing_power,,9,,SCOUTING_PRIOR,kbo-player-abilities-2024-2025-v1
DRAFT-2025-062,한화 이글스,이지성,IF,throwing_accuracy,,10,,SCOUTING_PRIOR,kbo-player-abilities-2024-2025-v1
DRAFT-2025-062,한화 이글스,이지성,IF,fielding_judgment,,10,,SCOUTING_PRIOR,kbo-player-abilities-2024-2025-v1
DRAFT-2025-062,한화 이글스,이지성,IF,composure,,9,,SCOUTING_PRIOR,kbo-player-abilities-2024-2025-v1
DRAFT-2025-062,한화 이글스,이지성,IF,leadership,,7,,SCOUTING_PRIOR,kbo-player-abilities-2024-2025-v1
DRAFT-2025-062,한화 이글스,이지성,IF,aggressiveness,,11,,SCOUTING_PRIOR,kbo-player-abilities-2024-2025-v1
DRAFT-2025-063,삼성 라이온즈,홍준영,P,pitcher_velocity,,12,,SCOUTING_PRIOR,kbo-player-abilities-2024-2025-v1
DRAFT-2025-063,삼성 라이온즈,홍준영,P,pitcher_stuff,,10,,SCOUTING_PRIOR,kbo-player-abilities-2024-2025-v1
DRAFT-2025-063,삼성 라이온즈,홍준영,P,pitcher_command,,10,,SCOUTING_PRIOR,kbo-player-abilities-2024-2025-v1
DRAFT-2025-063,삼성 라이온즈,홍준영,P,pitcher_movement,,8,,SCOUTING_PRIOR,kbo-player-abilities-2024-2025-v1
DRAFT-2025-063,삼성 라이온즈,홍준영,P,pitcher_stamina,,9,,SCOUTING_PRIOR,kbo-player-abilities-2024-2025-v1
DRAFT-2025-063,삼성 라이온즈,홍준영,P,pitcher_pitchability,,9,,SCOUTING_PRIOR,kbo-player-abilities-2024-2025-v1
DRAFT-2025-063,삼성 라이온즈,홍준영,P,pitcher_strikeout,,10,,SCOUTING_PRIOR,kbo-player-abilities-2024-2025-v1
DRAFT-2025-063,삼성 라이온즈,홍준영,P,pitcher_walk_control,,10,,SCOUTING_PRIOR,kbo-player-abilities-2024-2025-v1
DRAFT-2025-063,삼성 라이온즈,홍준영,P,pitcher_composure,,9,,SCOUTING_PRIOR,kbo-player-abilities-2024-2025-v1
DRAFT-2025-063,삼성 라이온즈,홍준영,P,pitch_four_seam,,10,,SCOUTING_PRIOR,kbo-player-abilities-2024-2025-v1
DRAFT-2025-063,삼성 라이온즈,홍준영,P,pitch_slider,,11,,SCOUTING_PRIOR,kbo-player-abilities-2024-2025-v1
DRAFT-2025-063,삼성 라이온즈,홍준영,P,pitch_curve,,12,,SCOUTING_PRIOR,kbo-player-abilities-2024-2025-v1
DRAFT-2025-065,KIA 타이거즈,나연우,P,pitcher_velocity,,9,,SCOUTING_PRIOR,kbo-player-abilities-2024-2025-v1
DRAFT-2025-065,KIA 타이거즈,나연우,P,pitcher_stuff,,10,,SCOUTING_PRIOR,kbo-player-abilities-2024-2025-v1
DRAFT-2025-065,KIA 타이거즈,나연우,P,pitcher_command,,9,,SCOUTING_PRIOR,kbo-player-abilities-2024-2025-v1
DRAFT-2025-065,KIA 타이거즈,나연우,P,pitcher_movement,,8,,SCOUTING_PRIOR,kbo-player-abilities-2024-2025-v1
DRAFT-2025-065,KIA 타이거즈,나연우,P,pitcher_stamina,,9,,SCOUTING_PRIOR,kbo-player-abilities-2024-2025-v1
DRAFT-2025-065,KIA 타이거즈,나연우,P,pitcher_pitchability,,9,,SCOUTING_PRIOR,kbo-player-abilities-2024-2025-v1
DRAFT-2025-065,KIA 타이거즈,나연우,P,pitcher_strikeout,,10,,SCOUTING_PRIOR,kbo-player-abilities-2024-2025-v1
DRAFT-2025-065,KIA 타이거즈,나연우,P,pitcher_walk_control,,9,,SCOUTING_PRIOR,kbo-player-abilities-2024-2025-v1
DRAFT-2025-065,KIA 타이거즈,나연우,P,pitcher_composure,,8,,SCOUTING_PRIOR,kbo-player-abilities-2024-2025-v1
DRAFT-2025-065,KIA 타이거즈,나연우,P,pitch_four_seam,,12,,SCOUTING_PRIOR,kbo-player-abilities-2024-2025-v1
DRAFT-2025-065,KIA 타이거즈,나연우,P,pitch_slider,,8,,SCOUTING_PRIOR,kbo-player-abilities-2024-2025-v1
DRAFT-2025-065,KIA 타이거즈,나연우,P,pitch_curve,,11,,SCOUTING_PRIOR,kbo-player-abilities-2024-2025-v1
DRAFT-2025-067,NC 다이노스,정현창,IF,contact,,9,,SCOUTING_PRIOR,kbo-player-abilities-2024-2025-v1
DRAFT-2025-067,NC 다이노스,정현창,IF,power,,9,,SCOUTING_PRIOR,kbo-player-abilities-2024-2025-v1
DRAFT-2025-067,NC 다이노스,정현창,IF,plate_discipline,,9,,SCOUTING_PRIOR,kbo-player-abilities-2024-2025-v1
DRAFT-2025-067,NC 다이노스,정현창,IF,bat_control,,9,,SCOUTING_PRIOR,kbo-player-abilities-2024-2025-v1
DRAFT-2025-067,NC 다이노스,정현창,IF,timing,,9,,SCOUTING_PRIOR,kbo-player-abilities-2024-2025-v1
DRAFT-2025-067,NC 다이노스,정현창,IF,bunt,,8,,SCOUTING_PRIOR,kbo-player-abilities-2024-2025-v1
DRAFT-2025-067,NC 다이노스,정현창,IF,speed,,7,,SCOUTING_PRIOR,kbo-player-abilities-2024-2025-v1
DRAFT-2025-067,NC 다이노스,정현창,IF,baserunning_judgment,,8,,SCOUTING_PRIOR,kbo-player-abilities-2024-2025-v1
DRAFT-2025-067,NC 다이노스,정현창,IF,fielding_range,,9,,SCOUTING_PRIOR,kbo-player-abilities-2024-2025-v1
DRAFT-2025-067,NC 다이노스,정현창,IF,catching,,5,,SCOUTING_PRIOR,kbo-player-abilities-2024-2025-v1
DRAFT-2025-067,NC 다이노스,정현창,IF,throwing_power,,8,,SCOUTING_PRIOR,kbo-player-abilities-2024-2025-v1
DRAFT-2025-067,NC 다이노스,정현창,IF,throwing_accuracy,,9,,SCOUTING_PRIOR,kbo-player-abilities-2024-2025-v1
DRAFT-2025-067,NC 다이노스,정현창,IF,fielding_judgment,,9,,SCOUTING_PRIOR,kbo-player-abilities-2024-2025-v1
DRAFT-2025-067,NC 다이노스,정현창,IF,composure,,9,,SCOUTING_PRIOR,kbo-player-abilities-2024-2025-v1
DRAFT-2025-067,NC 다이노스,정현창,IF,leadership,,7,,SCOUTING_PRIOR,kbo-player-abilities-2024-2025-v1
DRAFT-2025-067,NC 다이노스,정현창,IF,aggressiveness,,8,,SCOUTING_PRIOR,kbo-player-abilities-2024-2025-v1
DRAFT-2025-068,SSG 랜더스,김현재,P,pitcher_velocity,,11,,SCOUTING_PRIOR,kbo-player-abilities-2024-2025-v1
DRAFT-2025-068,SSG 랜더스,김현재,P,pitcher_stuff,,9,,SCOUTING_PRIOR,kbo-player-abilities-2024-2025-v1
DRAFT-2025-068,SSG 랜더스,김현재,P,pitcher_command,,10,,SCOUTING_PRIOR,kbo-player-abilities-2024-2025-v1
DRAFT-2025-068,SSG 랜더스,김현재,P,pitcher_movement,,10,,SCOUTING_PRIOR,kbo-player-abilities-2024-2025-v1
DRAFT-2025-068,SSG 랜더스,김현재,P,pitcher_stamina,,9,,SCOUTING_PRIOR,kbo-player-abilities-2024-2025-v1
DRAFT-2025-068,SSG 랜더스,김현재,P,pitcher_pitchability,,10,,SCOUTING_PRIOR,kbo-player-abilities-2024-2025-v1
DRAFT-2025-068,SSG 랜더스,김현재,P,pitcher_strikeout,,9,,SCOUTING_PRIOR,kbo-player-abilities-2024-2025-v1
DRAFT-2025-068,SSG 랜더스,김현재,P,pitcher_walk_control,,10,,SCOUTING_PRIOR,kbo-player-abilities-2024-2025-v1
DRAFT-2025-068,SSG 랜더스,김현재,P,pitcher_composure,,10,,SCOUTING_PRIOR,kbo-player-abilities-2024-2025-v1
DRAFT-2025-068,SSG 랜더스,김현재,P,pitch_four_seam,,7,,SCOUTING_PRIOR,kbo-player-abilities-2024-2025-v1
DRAFT-2025-068,SSG 랜더스,김현재,P,pitch_slider,,8,,SCOUTING_PRIOR,kbo-player-abilities-2024-2025-v1
DRAFT-2025-068,SSG 랜더스,김현재,P,pitch_curve,,9,,SCOUTING_PRIOR,kbo-player-abilities-2024-2025-v1
DRAFT-2025-069,KT 위즈,이용현,IF,contact,,10,,SCOUTING_PRIOR,kbo-player-abilities-2024-2025-v1
DRAFT-2025-069,KT 위즈,이용현,IF,power,,10,,SCOUTING_PRIOR,kbo-player-abilities-2024-2025-v1
DRAFT-2025-069,KT 위즈,이용현,IF,plate_discipline,,10,,SCOUTING_PRIOR,kbo-player-abilities-2024-2025-v1
DRAFT-2025-069,KT 위즈,이용현,IF,bat_control,,10,,SCOUTING_PRIOR,kbo-player-abilities-2024-2025-v1
DRAFT-2025-069,KT 위즈,이용현,IF,timing,,10,,SCOUTING_PRIOR,kbo-player-abilities-2024-2025-v1
DRAFT-2025-069,KT 위즈,이용현,IF,bunt,,6,,SCOUTING_PRIOR,kbo-player-abilities-2024-2025-v1
DRAFT-2025-069,KT 위즈,이용현,IF,speed,,9,,SCOUTING_PRIOR,kbo-player-abilities-2024-2025-v1
DRAFT-2025-069,KT 위즈,이용현,IF,baserunning_judgment,,10,,SCOUTING_PRIOR,kbo-player-abilities-2024-2025-v1
DRAFT-2025-069,KT 위즈,이용현,IF,fielding_range,,10,,SCOUTING_PRIOR,kbo-player-abilities-2024-2025-v1
DRAFT-2025-069,KT 위즈,이용현,IF,catching,,5,,SCOUTING_PRIOR,kbo-player-abilities-2024-2025-v1
DRAFT-2025-069,KT 위즈,이용현,IF,throwing_power,,9,,SCOUTING_PRIOR,kbo-player-abilities-2024-2025-v1
DRAFT-2025-069,KT 위즈,이용현,IF,throwing_accuracy,,10,,SCOUTING_PRIOR,kbo-player-abilities-2024-2025-v1
DRAFT-2025-069,KT 위즈,이용현,IF,fielding_judgment,,10,,SCOUTING_PRIOR,kbo-player-abilities-2024-2025-v1
DRAFT-2025-069,KT 위즈,이용현,IF,composure,,10,,SCOUTING_PRIOR,kbo-player-abilities-2024-2025-v1
DRAFT-2025-069,KT 위즈,이용현,IF,leadership,,7,,SCOUTING_PRIOR,kbo-player-abilities-2024-2025-v1
DRAFT-2025-069,KT 위즈,이용현,IF,aggressiveness,,10,,SCOUTING_PRIOR,kbo-player-abilities-2024-2025-v1
DRAFT-2025-072,한화 이글스,엄상현,P,pitcher_velocity,,9,,SCOUTING_PRIOR,kbo-player-abilities-2024-2025-v1
DRAFT-2025-072,한화 이글스,엄상현,P,pitcher_stuff,,8,,SCOUTING_PRIOR,kbo-player-abilities-2024-2025-v1
DRAFT-2025-072,한화 이글스,엄상현,P,pitcher_command,,8,,SCOUTING_PRIOR,kbo-player-abilities-2024-2025-v1
DRAFT-2025-072,한화 이글스,엄상현,P,pitcher_movement,,10,,SCOUTING_PRIOR,kbo-player-abilities-2024-2025-v1
DRAFT-2025-072,한화 이글스,엄상현,P,pitcher_stamina,,8,,SCOUTING_PRIOR,kbo-player-abilities-2024-2025-v1
DRAFT-2025-072,한화 이글스,엄상현,P,pitcher_pitchability,,9,,SCOUTING_PRIOR,kbo-player-abilities-2024-2025-v1
DRAFT-2025-072,한화 이글스,엄상현,P,pitcher_strikeout,,8,,SCOUTING_PRIOR,kbo-player-abilities-2024-2025-v1
DRAFT-2025-072,한화 이글스,엄상현,P,pitcher_walk_control,,8,,SCOUTING_PRIOR,kbo-player-abilities-2024-2025-v1
DRAFT-2025-072,한화 이글스,엄상현,P,pitcher_composure,,9,,SCOUTING_PRIOR,kbo-player-abilities-2024-2025-v1
DRAFT-2025-072,한화 이글스,엄상현,P,pitch_four_seam,,7,,SCOUTING_PRIOR,kbo-player-abilities-2024-2025-v1
DRAFT-2025-072,한화 이글스,엄상현,P,pitch_slider,,8,,SCOUTING_PRIOR,kbo-player-abilities-2024-2025-v1
DRAFT-2025-072,한화 이글스,엄상현,P,pitch_curve,,6,,SCOUTING_PRIOR,kbo-player-abilities-2024-2025-v1
DRAFT-2025-073,삼성 라이온즈,천겸,P,pitcher_velocity,,6,,SCOUTING_PRIOR,kbo-player-abilities-2024-2025-v1
DRAFT-2025-073,삼성 라이온즈,천겸,P,pitcher_stuff,,8,,SCOUTING_PRIOR,kbo-player-abilities-2024-2025-v1
DRAFT-2025-073,삼성 라이온즈,천겸,P,pitcher_command,,8,,SCOUTING_PRIOR,kbo-player-abilities-2024-2025-v1
DRAFT-2025-073,삼성 라이온즈,천겸,P,pitcher_movement,,10,,SCOUTING_PRIOR,kbo-player-abilities-2024-2025-v1
DRAFT-2025-073,삼성 라이온즈,천겸,P,pitcher_stamina,,8,,SCOUTING_PRIOR,kbo-player-abilities-2024-2025-v1
DRAFT-2025-073,삼성 라이온즈,천겸,P,pitcher_pitchability,,9,,SCOUTING_PRIOR,kbo-player-abilities-2024-2025-v1
DRAFT-2025-073,삼성 라이온즈,천겸,P,pitcher_strikeout,,8,,SCOUTING_PRIOR,kbo-player-abilities-2024-2025-v1
DRAFT-2025-073,삼성 라이온즈,천겸,P,pitcher_walk_control,,8,,SCOUTING_PRIOR,kbo-player-abilities-2024-2025-v1
DRAFT-2025-073,삼성 라이온즈,천겸,P,pitcher_composure,,9,,SCOUTING_PRIOR,kbo-player-abilities-2024-2025-v1
DRAFT-2025-073,삼성 라이온즈,천겸,P,pitch_four_seam,,6,,SCOUTING_PRIOR,kbo-player-abilities-2024-2025-v1
DRAFT-2025-073,삼성 라이온즈,천겸,P,pitch_slider,,8,,SCOUTING_PRIOR,kbo-player-abilities-2024-2025-v1
DRAFT-2025-073,삼성 라이온즈,천겸,P,pitch_curve,,8,,SCOUTING_PRIOR,kbo-player-abilities-2024-2025-v1
DRAFT-2025-074,롯데 자이언츠,최민규,IF,contact,,10,,SCOUTING_PRIOR,kbo-player-abilities-2024-2025-v1
DRAFT-2025-074,롯데 자이언츠,최민규,IF,power,,10,,SCOUTING_PRIOR,kbo-player-abilities-2024-2025-v1
DRAFT-2025-074,롯데 자이언츠,최민규,IF,plate_discipline,,10,,SCOUTING_PRIOR,kbo-player-abilities-2024-2025-v1
DRAFT-2025-074,롯데 자이언츠,최민규,IF,bat_control,,10,,SCOUTING_PRIOR,kbo-player-abilities-2024-2025-v1
DRAFT-2025-074,롯데 자이언츠,최민규,IF,timing,,10,,SCOUTING_PRIOR,kbo-player-abilities-2024-2025-v1
DRAFT-2025-074,롯데 자이언츠,최민규,IF,bunt,,9,,SCOUTING_PRIOR,kbo-player-abilities-2024-2025-v1
DRAFT-2025-074,롯데 자이언츠,최민규,IF,speed,,8,,SCOUTING_PRIOR,kbo-player-abilities-2024-2025-v1
DRAFT-2025-074,롯데 자이언츠,최민규,IF,baserunning_judgment,,9,,SCOUTING_PRIOR,kbo-player-abilities-2024-2025-v1
DRAFT-2025-074,롯데 자이언츠,최민규,IF,fielding_range,,10,,SCOUTING_PRIOR,kbo-player-abilities-2024-2025-v1
DRAFT-2025-074,롯데 자이언츠,최민규,IF,catching,,5,,SCOUTING_PRIOR,kbo-player-abilities-2024-2025-v1
DRAFT-2025-074,롯데 자이언츠,최민규,IF,throwing_power,,9,,SCOUTING_PRIOR,kbo-player-abilities-2024-2025-v1
DRAFT-2025-074,롯데 자이언츠,최민규,IF,throwing_accuracy,,10,,SCOUTING_PRIOR,kbo-player-abilities-2024-2025-v1
DRAFT-2025-074,롯데 자이언츠,최민규,IF,fielding_judgment,,10,,SCOUTING_PRIOR,kbo-player-abilities-2024-2025-v1
DRAFT-2025-074,롯데 자이언츠,최민규,IF,composure,,10,,SCOUTING_PRIOR,kbo-player-abilities-2024-2025-v1
DRAFT-2025-074,롯데 자이언츠,최민규,IF,leadership,,7,,SCOUTING_PRIOR,kbo-player-abilities-2024-2025-v1
DRAFT-2025-074,롯데 자이언츠,최민규,IF,aggressiveness,,9,,SCOUTING_PRIOR,kbo-player-abilities-2024-2025-v1
DRAFT-2025-075,KIA 타이거즈,임다온,P,pitcher_velocity,,9,,SCOUTING_PRIOR,kbo-player-abilities-2024-2025-v1
DRAFT-2025-075,KIA 타이거즈,임다온,P,pitcher_stuff,,9,,SCOUTING_PRIOR,kbo-player-abilities-2024-2025-v1
DRAFT-2025-075,KIA 타이거즈,임다온,P,pitcher_command,,9,,SCOUTING_PRIOR,kbo-player-abilities-2024-2025-v1
DRAFT-2025-075,KIA 타이거즈,임다온,P,pitcher_movement,,10,,SCOUTING_PRIOR,kbo-player-abilities-2024-2025-v1
DRAFT-2025-075,KIA 타이거즈,임다온,P,pitcher_stamina,,8,,SCOUTING_PRIOR,kbo-player-abilities-2024-2025-v1
DRAFT-2025-075,KIA 타이거즈,임다온,P,pitcher_pitchability,,9,,SCOUTING_PRIOR,kbo-player-abilities-2024-2025-v1
DRAFT-2025-075,KIA 타이거즈,임다온,P,pitcher_strikeout,,9,,SCOUTING_PRIOR,kbo-player-abilities-2024-2025-v1
DRAFT-2025-075,KIA 타이거즈,임다온,P,pitcher_walk_control,,9,,SCOUTING_PRIOR,kbo-player-abilities-2024-2025-v1
DRAFT-2025-075,KIA 타이거즈,임다온,P,pitcher_composure,,10,,SCOUTING_PRIOR,kbo-player-abilities-2024-2025-v1
DRAFT-2025-075,KIA 타이거즈,임다온,P,pitch_four_seam,,7,,SCOUTING_PRIOR,kbo-player-abilities-2024-2025-v1
DRAFT-2025-075,KIA 타이거즈,임다온,P,pitch_slider,,11,,SCOUTING_PRIOR,kbo-player-abilities-2024-2025-v1
DRAFT-2025-075,KIA 타이거즈,임다온,P,pitch_curve,,7,,SCOUTING_PRIOR,kbo-player-abilities-2024-2025-v1
DRAFT-2025-077,NC 다이노스,신민우,C,contact,,9,,SCOUTING_PRIOR,kbo-player-abilities-2024-2025-v1
DRAFT-2025-077,NC 다이노스,신민우,C,power,,9,,SCOUTING_PRIOR,kbo-player-abilities-2024-2025-v1
DRAFT-2025-077,NC 다이노스,신민우,C,plate_discipline,,9,,SCOUTING_PRIOR,kbo-player-abilities-2024-2025-v1
DRAFT-2025-077,NC 다이노스,신민우,C,bat_control,,9,,SCOUTING_PRIOR,kbo-player-abilities-2024-2025-v1
DRAFT-2025-077,NC 다이노스,신민우,C,timing,,9,,SCOUTING_PRIOR,kbo-player-abilities-2024-2025-v1
DRAFT-2025-077,NC 다이노스,신민우,C,bunt,,5,,SCOUTING_PRIOR,kbo-player-abilities-2024-2025-v1
DRAFT-2025-077,NC 다이노스,신민우,C,speed,,13,,SCOUTING_PRIOR,kbo-player-abilities-2024-2025-v1
DRAFT-2025-077,NC 다이노스,신민우,C,baserunning_judgment,,11,,SCOUTING_PRIOR,kbo-player-abilities-2024-2025-v1
DRAFT-2025-077,NC 다이노스,신민우,C,fielding_range,,9,,SCOUTING_PRIOR,kbo-player-abilities-2024-2025-v1
DRAFT-2025-077,NC 다이노스,신민우,C,catching,,9,,SCOUTING_PRIOR,kbo-player-abilities-2024-2025-v1
DRAFT-2025-077,NC 다이노스,신민우,C,throwing_power,,8,,SCOUTING_PRIOR,kbo-player-abilities-2024-2025-v1
DRAFT-2025-077,NC 다이노스,신민우,C,throwing_accuracy,,9,,SCOUTING_PRIOR,kbo-player-abilities-2024-2025-v1
DRAFT-2025-077,NC 다이노스,신민우,C,fielding_judgment,,9,,SCOUTING_PRIOR,kbo-player-abilities-2024-2025-v1
DRAFT-2025-077,NC 다이노스,신민우,C,composure,,9,,SCOUTING_PRIOR,kbo-player-abilities-2024-2025-v1
DRAFT-2025-077,NC 다이노스,신민우,C,leadership,,7,,SCOUTING_PRIOR,kbo-player-abilities-2024-2025-v1
DRAFT-2025-077,NC 다이노스,신민우,C,aggressiveness,,11,,SCOUTING_PRIOR,kbo-player-abilities-2024-2025-v1
DRAFT-2025-078,SSG 랜더스,이도우,P,pitcher_velocity,,11,,SCOUTING_PRIOR,kbo-player-abilities-2024-2025-v1
DRAFT-2025-078,SSG 랜더스,이도우,P,pitcher_stuff,,9,,SCOUTING_PRIOR,kbo-player-abilities-2024-2025-v1
DRAFT-2025-078,SSG 랜더스,이도우,P,pitcher_command,,9,,SCOUTING_PRIOR,kbo-player-abilities-2024-2025-v1
DRAFT-2025-078,SSG 랜더스,이도우,P,pitcher_movement,,10,,SCOUTING_PRIOR,kbo-player-abilities-2024-2025-v1
DRAFT-2025-078,SSG 랜더스,이도우,P,pitcher_stamina,,8,,SCOUTING_PRIOR,kbo-player-abilities-2024-2025-v1
DRAFT-2025-078,SSG 랜더스,이도우,P,pitcher_pitchability,,9,,SCOUTING_PRIOR,kbo-player-abilities-2024-2025-v1
DRAFT-2025-078,SSG 랜더스,이도우,P,pitcher_strikeout,,9,,SCOUTING_PRIOR,kbo-player-abilities-2024-2025-v1
DRAFT-2025-078,SSG 랜더스,이도우,P,pitcher_walk_control,,9,,SCOUTING_PRIOR,kbo-player-abilities-2024-2025-v1
DRAFT-2025-078,SSG 랜더스,이도우,P,pitcher_composure,,10,,SCOUTING_PRIOR,kbo-player-abilities-2024-2025-v1
DRAFT-2025-078,SSG 랜더스,이도우,P,pitch_four_seam,,11,,SCOUTING_PRIOR,kbo-player-abilities-2024-2025-v1
DRAFT-2025-078,SSG 랜더스,이도우,P,pitch_slider,,8,,SCOUTING_PRIOR,kbo-player-abilities-2024-2025-v1
DRAFT-2025-078,SSG 랜더스,이도우,P,pitch_curve,,7,,SCOUTING_PRIOR,kbo-player-abilities-2024-2025-v1
DRAFT-2025-079,KT 위즈,윤상인,P,pitcher_velocity,,9,,SCOUTING_PRIOR,kbo-player-abilities-2024-2025-v1
DRAFT-2025-079,KT 위즈,윤상인,P,pitcher_stuff,,8,,SCOUTING_PRIOR,kbo-player-abilities-2024-2025-v1
DRAFT-2025-079,KT 위즈,윤상인,P,pitcher_command,,10,,SCOUTING_PRIOR,kbo-player-abilities-2024-2025-v1
DRAFT-2025-079,KT 위즈,윤상인,P,pitcher_movement,,10,,SCOUTING_PRIOR,kbo-player-abilities-2024-2025-v1
DRAFT-2025-079,KT 위즈,윤상인,P,pitcher_stamina,,10,,SCOUTING_PRIOR,kbo-player-abilities-2024-2025-v1
DRAFT-2025-079,KT 위즈,윤상인,P,pitcher_pitchability,,9,,SCOUTING_PRIOR,kbo-player-abilities-2024-2025-v1
DRAFT-2025-079,KT 위즈,윤상인,P,pitcher_strikeout,,8,,SCOUTING_PRIOR,kbo-player-abilities-2024-2025-v1
DRAFT-2025-079,KT 위즈,윤상인,P,pitcher_walk_control,,10,,SCOUTING_PRIOR,kbo-player-abilities-2024-2025-v1
DRAFT-2025-079,KT 위즈,윤상인,P,pitcher_composure,,10,,SCOUTING_PRIOR,kbo-player-abilities-2024-2025-v1
DRAFT-2025-079,KT 위즈,윤상인,P,pitch_four_seam,,7,,SCOUTING_PRIOR,kbo-player-abilities-2024-2025-v1
DRAFT-2025-079,KT 위즈,윤상인,P,pitch_slider,,6,,SCOUTING_PRIOR,kbo-player-abilities-2024-2025-v1
DRAFT-2025-079,KT 위즈,윤상인,P,pitch_curve,,7,,SCOUTING_PRIOR,kbo-player-abilities-2024-2025-v1
DRAFT-2025-080,LG 트윈스,우정안,IF,contact,,9,,SCOUTING_PRIOR,kbo-player-abilities-2024-2025-v1
DRAFT-2025-080,LG 트윈스,우정안,IF,power,,10,,SCOUTING_PRIOR,kbo-player-abilities-2024-2025-v1
DRAFT-2025-080,LG 트윈스,우정안,IF,plate_discipline,,10,,SCOUTING_PRIOR,kbo-player-abilities-2024-2025-v1
DRAFT-2025-080,LG 트윈스,우정안,IF,bat_control,,9,,SCOUTING_PRIOR,kbo-player-abilities-2024-2025-v1
DRAFT-2025-080,LG 트윈스,우정안,IF,timing,,9,,SCOUTING_PRIOR,kbo-player-abilities-2024-2025-v1
DRAFT-2025-080,LG 트윈스,우정안,IF,bunt,,7,,SCOUTING_PRIOR,kbo-player-abilities-2024-2025-v1
DRAFT-2025-080,LG 트윈스,우정안,IF,speed,,12,,SCOUTING_PRIOR,kbo-player-abilities-2024-2025-v1
DRAFT-2025-080,LG 트윈스,우정안,IF,baserunning_judgment,,11,,SCOUTING_PRIOR,kbo-player-abilities-2024-2025-v1
DRAFT-2025-080,LG 트윈스,우정안,IF,fielding_range,,10,,SCOUTING_PRIOR,kbo-player-abilities-2024-2025-v1
DRAFT-2025-080,LG 트윈스,우정안,IF,catching,,5,,SCOUTING_PRIOR,kbo-player-abilities-2024-2025-v1
DRAFT-2025-080,LG 트윈스,우정안,IF,throwing_power,,8,,SCOUTING_PRIOR,kbo-player-abilities-2024-2025-v1
DRAFT-2025-080,LG 트윈스,우정안,IF,throwing_accuracy,,10,,SCOUTING_PRIOR,kbo-player-abilities-2024-2025-v1
DRAFT-2025-080,LG 트윈스,우정안,IF,fielding_judgment,,10,,SCOUTING_PRIOR,kbo-player-abilities-2024-2025-v1
DRAFT-2025-080,LG 트윈스,우정안,IF,composure,,10,,SCOUTING_PRIOR,kbo-player-abilities-2024-2025-v1
DRAFT-2025-080,LG 트윈스,우정안,IF,leadership,,7,,SCOUTING_PRIOR,kbo-player-abilities-2024-2025-v1
DRAFT-2025-080,LG 트윈스,우정안,IF,aggressiveness,,11,,SCOUTING_PRIOR,kbo-player-abilities-2024-2025-v1
DRAFT-2025-082,한화 이글스,엄요셉,P,pitcher_velocity,,5,,SCOUTING_PRIOR,kbo-player-abilities-2024-2025-v1
DRAFT-2025-082,한화 이글스,엄요셉,P,pitcher_stuff,,7,,SCOUTING_PRIOR,kbo-player-abilities-2024-2025-v1
DRAFT-2025-082,한화 이글스,엄요셉,P,pitcher_command,,8,,SCOUTING_PRIOR,kbo-player-abilities-2024-2025-v1
DRAFT-2025-082,한화 이글스,엄요셉,P,pitcher_movement,,8,,SCOUTING_PRIOR,kbo-player-abilities-2024-2025-v1
DRAFT-2025-082,한화 이글스,엄요셉,P,pitcher_stamina,,8,,SCOUTING_PRIOR,kbo-player-abilities-2024-2025-v1
DRAFT-2025-082,한화 이글스,엄요셉,P,pitcher_pitchability,,8,,SCOUTING_PRIOR,kbo-player-abilities-2024-2025-v1
DRAFT-2025-082,한화 이글스,엄요셉,P,pitcher_strikeout,,7,,SCOUTING_PRIOR,kbo-player-abilities-2024-2025-v1
DRAFT-2025-082,한화 이글스,엄요셉,P,pitcher_walk_control,,8,,SCOUTING_PRIOR,kbo-player-abilities-2024-2025-v1
DRAFT-2025-082,한화 이글스,엄요셉,P,pitcher_composure,,8,,SCOUTING_PRIOR,kbo-player-abilities-2024-2025-v1
DRAFT-2025-082,한화 이글스,엄요셉,P,pitch_four_seam,,8,,SCOUTING_PRIOR,kbo-player-abilities-2024-2025-v1
DRAFT-2025-082,한화 이글스,엄요셉,P,pitch_slider,,5,,SCOUTING_PRIOR,kbo-player-abilities-2024-2025-v1
DRAFT-2025-082,한화 이글스,엄요셉,P,pitch_curve,,7,,SCOUTING_PRIOR,kbo-player-abilities-2024-2025-v1
DRAFT-2025-083,삼성 라이온즈,우승완,P,pitcher_velocity,,5,,SCOUTING_PRIOR,kbo-player-abilities-2024-2025-v1
DRAFT-2025-083,삼성 라이온즈,우승완,P,pitcher_stuff,,7,,SCOUTING_PRIOR,kbo-player-abilities-2024-2025-v1
DRAFT-2025-083,삼성 라이온즈,우승완,P,pitcher_command,,9,,SCOUTING_PRIOR,kbo-player-abilities-2024-2025-v1
DRAFT-2025-083,삼성 라이온즈,우승완,P,pitcher_movement,,9,,SCOUTING_PRIOR,kbo-player-abilities-2024-2025-v1
DRAFT-2025-083,삼성 라이온즈,우승완,P,pitcher_stamina,,9,,SCOUTING_PRIOR,kbo-player-abilities-2024-2025-v1
DRAFT-2025-083,삼성 라이온즈,우승완,P,pitcher_pitchability,,8,,SCOUTING_PRIOR,kbo-player-abilities-2024-2025-v1
DRAFT-2025-083,삼성 라이온즈,우승완,P,pitcher_strikeout,,7,,SCOUTING_PRIOR,kbo-player-abilities-2024-2025-v1
DRAFT-2025-083,삼성 라이온즈,우승완,P,pitcher_walk_control,,9,,SCOUTING_PRIOR,kbo-player-abilities-2024-2025-v1
DRAFT-2025-083,삼성 라이온즈,우승완,P,pitcher_composure,,9,,SCOUTING_PRIOR,kbo-player-abilities-2024-2025-v1
DRAFT-2025-083,삼성 라이온즈,우승완,P,pitch_four_seam,,9,,SCOUTING_PRIOR,kbo-player-abilities-2024-2025-v1
DRAFT-2025-083,삼성 라이온즈,우승완,P,pitch_slider,,9,,SCOUTING_PRIOR,kbo-player-abilities-2024-2025-v1
DRAFT-2025-083,삼성 라이온즈,우승완,P,pitch_curve,,8,,SCOUTING_PRIOR,kbo-player-abilities-2024-2025-v1
DRAFT-2025-085,KIA 타이거즈,엄준현,IF,contact,,7,,SCOUTING_PRIOR,kbo-player-abilities-2024-2025-v1
DRAFT-2025-085,KIA 타이거즈,엄준현,IF,power,,9,,SCOUTING_PRIOR,kbo-player-abilities-2024-2025-v1
DRAFT-2025-085,KIA 타이거즈,엄준현,IF,plate_discipline,,9,,SCOUTING_PRIOR,kbo-player-abilities-2024-2025-v1
DRAFT-2025-085,KIA 타이거즈,엄준현,IF,bat_control,,8,,SCOUTING_PRIOR,kbo-player-abilities-2024-2025-v1
DRAFT-2025-085,KIA 타이거즈,엄준현,IF,timing,,7,,SCOUTING_PRIOR,kbo-player-abilities-2024-2025-v1
DRAFT-2025-085,KIA 타이거즈,엄준현,IF,bunt,,8,,SCOUTING_PRIOR,kbo-player-abilities-2024-2025-v1
DRAFT-2025-085,KIA 타이거즈,엄준현,IF,speed,,13,,SCOUTING_PRIOR,kbo-player-abilities-2024-2025-v1
DRAFT-2025-085,KIA 타이거즈,엄준현,IF,baserunning_judgment,,11,,SCOUTING_PRIOR,kbo-player-abilities-2024-2025-v1
DRAFT-2025-085,KIA 타이거즈,엄준현,IF,fielding_range,,7,,SCOUTING_PRIOR,kbo-player-abilities-2024-2025-v1
DRAFT-2025-085,KIA 타이거즈,엄준현,IF,catching,,5,,SCOUTING_PRIOR,kbo-player-abilities-2024-2025-v1
DRAFT-2025-085,KIA 타이거즈,엄준현,IF,throwing_power,,6,,SCOUTING_PRIOR,kbo-player-abilities-2024-2025-v1
DRAFT-2025-085,KIA 타이거즈,엄준현,IF,throwing_accuracy,,7,,SCOUTING_PRIOR,kbo-player-abilities-2024-2025-v1
DRAFT-2025-085,KIA 타이거즈,엄준현,IF,fielding_judgment,,7,,SCOUTING_PRIOR,kbo-player-abilities-2024-2025-v1
DRAFT-2025-085,KIA 타이거즈,엄준현,IF,composure,,9,,SCOUTING_PRIOR,kbo-player-abilities-2024-2025-v1
DRAFT-2025-085,KIA 타이거즈,엄준현,IF,leadership,,7,,SCOUTING_PRIOR,kbo-player-abilities-2024-2025-v1
DRAFT-2025-085,KIA 타이거즈,엄준현,IF,aggressiveness,,11,,SCOUTING_PRIOR,kbo-player-abilities-2024-2025-v1
DRAFT-2025-086,두산 베어스,주양준,OF,contact,,7,,SCOUTING_PRIOR,kbo-player-abilities-2024-2025-v1
DRAFT-2025-086,두산 베어스,주양준,OF,power,,8,,SCOUTING_PRIOR,kbo-player-abilities-2024-2025-v1
DRAFT-2025-086,두산 베어스,주양준,OF,plate_discipline,,9,,SCOUTING_PRIOR,kbo-player-abilities-2024-2025-v1
DRAFT-2025-086,두산 베어스,주양준,OF,bat_control,,8,,SCOUTING_PRIOR,kbo-player-abilities-2024-2025-v1
DRAFT-2025-086,두산 베어스,주양준,OF,timing,,7,,SCOUTING_PRIOR,kbo-player-abilities-2024-2025-v1
DRAFT-2025-086,두산 베어스,주양준,OF,bunt,,7,,SCOUTING_PRIOR,kbo-player-abilities-2024-2025-v1
DRAFT-2025-086,두산 베어스,주양준,OF,speed,,8,,SCOUTING_PRIOR,kbo-player-abilities-2024-2025-v1
DRAFT-2025-086,두산 베어스,주양준,OF,baserunning_judgment,,8,,SCOUTING_PRIOR,kbo-player-abilities-2024-2025-v1
DRAFT-2025-086,두산 베어스,주양준,OF,fielding_range,,8,,SCOUTING_PRIOR,kbo-player-abilities-2024-2025-v1
DRAFT-2025-086,두산 베어스,주양준,OF,catching,,5,,SCOUTING_PRIOR,kbo-player-abilities-2024-2025-v1
DRAFT-2025-086,두산 베어스,주양준,OF,throwing_power,,10,,SCOUTING_PRIOR,kbo-player-abilities-2024-2025-v1
DRAFT-2025-086,두산 베어스,주양준,OF,throwing_accuracy,,8,,SCOUTING_PRIOR,kbo-player-abilities-2024-2025-v1
DRAFT-2025-086,두산 베어스,주양준,OF,fielding_judgment,,8,,SCOUTING_PRIOR,kbo-player-abilities-2024-2025-v1
DRAFT-2025-086,두산 베어스,주양준,OF,composure,,9,,SCOUTING_PRIOR,kbo-player-abilities-2024-2025-v1
DRAFT-2025-086,두산 베어스,주양준,OF,leadership,,7,,SCOUTING_PRIOR,kbo-player-abilities-2024-2025-v1
DRAFT-2025-086,두산 베어스,주양준,OF,aggressiveness,,8,,SCOUTING_PRIOR,kbo-player-abilities-2024-2025-v1
DRAFT-2025-089,KT 위즈,이정환,C,contact,,9,,SCOUTING_PRIOR,kbo-player-abilities-2024-2025-v1
DRAFT-2025-089,KT 위즈,이정환,C,power,,9,,SCOUTING_PRIOR,kbo-player-abilities-2024-2025-v1
DRAFT-2025-089,KT 위즈,이정환,C,plate_discipline,,7,,SCOUTING_PRIOR,kbo-player-abilities-2024-2025-v1
DRAFT-2025-089,KT 위즈,이정환,C,bat_control,,8,,SCOUTING_PRIOR,kbo-player-abilities-2024-2025-v1
DRAFT-2025-089,KT 위즈,이정환,C,timing,,9,,SCOUTING_PRIOR,kbo-player-abilities-2024-2025-v1
DRAFT-2025-089,KT 위즈,이정환,C,bunt,,7,,SCOUTING_PRIOR,kbo-player-abilities-2024-2025-v1
DRAFT-2025-089,KT 위즈,이정환,C,speed,,12,,SCOUTING_PRIOR,kbo-player-abilities-2024-2025-v1
DRAFT-2025-089,KT 위즈,이정환,C,baserunning_judgment,,10,,SCOUTING_PRIOR,kbo-player-abilities-2024-2025-v1
DRAFT-2025-089,KT 위즈,이정환,C,fielding_range,,7,,SCOUTING_PRIOR,kbo-player-abilities-2024-2025-v1
DRAFT-2025-089,KT 위즈,이정환,C,catching,,7,,SCOUTING_PRIOR,kbo-player-abilities-2024-2025-v1
DRAFT-2025-089,KT 위즈,이정환,C,throwing_power,,5,,SCOUTING_PRIOR,kbo-player-abilities-2024-2025-v1
DRAFT-2025-089,KT 위즈,이정환,C,throwing_accuracy,,7,,SCOUTING_PRIOR,kbo-player-abilities-2024-2025-v1
DRAFT-2025-089,KT 위즈,이정환,C,fielding_judgment,,7,,SCOUTING_PRIOR,kbo-player-abilities-2024-2025-v1
DRAFT-2025-089,KT 위즈,이정환,C,composure,,7,,SCOUTING_PRIOR,kbo-player-abilities-2024-2025-v1
DRAFT-2025-089,KT 위즈,이정환,C,leadership,,7,,SCOUTING_PRIOR,kbo-player-abilities-2024-2025-v1
DRAFT-2025-089,KT 위즈,이정환,C,aggressiveness,,10,,SCOUTING_PRIOR,kbo-player-abilities-2024-2025-v1
DRAFT-2025-090,LG 트윈스,안시후,P,pitcher_velocity,,7,,SCOUTING_PRIOR,kbo-player-abilities-2024-2025-v1
DRAFT-2025-090,LG 트윈스,안시후,P,pitcher_stuff,,7,,SCOUTING_PRIOR,kbo-player-abilities-2024-2025-v1
DRAFT-2025-090,LG 트윈스,안시후,P,pitcher_command,,7,,SCOUTING_PRIOR,kbo-player-abilities-2024-2025-v1
DRAFT-2025-090,LG 트윈스,안시후,P,pitcher_movement,,8,,SCOUTING_PRIOR,kbo-player-abilities-2024-2025-v1
DRAFT-2025-090,LG 트윈스,안시후,P,pitcher_stamina,,7,,SCOUTING_PRIOR,kbo-player-abilities-2024-2025-v1
DRAFT-2025-090,LG 트윈스,안시후,P,pitcher_pitchability,,7,,SCOUTING_PRIOR,kbo-player-abilities-2024-2025-v1
DRAFT-2025-090,LG 트윈스,안시후,P,pitcher_strikeout,,7,,SCOUTING_PRIOR,kbo-player-abilities-2024-2025-v1
DRAFT-2025-090,LG 트윈스,안시후,P,pitcher_walk_control,,7,,SCOUTING_PRIOR,kbo-player-abilities-2024-2025-v1
DRAFT-2025-090,LG 트윈스,안시후,P,pitcher_composure,,8,,SCOUTING_PRIOR,kbo-player-abilities-2024-2025-v1
DRAFT-2025-090,LG 트윈스,안시후,P,pitch_four_seam,,8,,SCOUTING_PRIOR,kbo-player-abilities-2024-2025-v1
DRAFT-2025-090,LG 트윈스,안시후,P,pitch_slider,,8,,SCOUTING_PRIOR,kbo-player-abilities-2024-2025-v1
DRAFT-2025-090,LG 트윈스,안시후,P,pitch_curve,,7,,SCOUTING_PRIOR,kbo-player-abilities-2024-2025-v1
DRAFT-2025-091,키움 히어로즈,오혜성,P,pitcher_velocity,,9,,SCOUTING_PRIOR,kbo-player-abilities-2024-2025-v1
DRAFT-2025-091,키움 히어로즈,오혜성,P,pitcher_stuff,,9,,SCOUTING_PRIOR,kbo-player-abilities-2024-2025-v1
DRAFT-2025-091,키움 히어로즈,오혜성,P,pitcher_command,,8,,SCOUTING_PRIOR,kbo-player-abilities-2024-2025-v1
DRAFT-2025-091,키움 히어로즈,오혜성,P,pitcher_movement,,8,,SCOUTING_PRIOR,kbo-player-abilities-2024-2025-v1
DRAFT-2025-091,키움 히어로즈,오혜성,P,pitcher_stamina,,8,,SCOUTING_PRIOR,kbo-player-abilities-2024-2025-v1
DRAFT-2025-091,키움 히어로즈,오혜성,P,pitcher_pitchability,,8,,SCOUTING_PRIOR,kbo-player-abilities-2024-2025-v1
DRAFT-2025-091,키움 히어로즈,오혜성,P,pitcher_strikeout,,9,,SCOUTING_PRIOR,kbo-player-abilities-2024-2025-v1
DRAFT-2025-091,키움 히어로즈,오혜성,P,pitcher_walk_control,,8,,SCOUTING_PRIOR,kbo-player-abilities-2024-2025-v1
DRAFT-2025-091,키움 히어로즈,오혜성,P,pitcher_composure,,8,,SCOUTING_PRIOR,kbo-player-abilities-2024-2025-v1
DRAFT-2025-091,키움 히어로즈,오혜성,P,pitch_four_seam,,8,,SCOUTING_PRIOR,kbo-player-abilities-2024-2025-v1
DRAFT-2025-091,키움 히어로즈,오혜성,P,pitch_slider,,11,,SCOUTING_PRIOR,kbo-player-abilities-2024-2025-v1
DRAFT-2025-091,키움 히어로즈,오혜성,P,pitch_curve,,8,,SCOUTING_PRIOR,kbo-player-abilities-2024-2025-v1
DRAFT-2025-092,한화 이글스,최주원,P,pitcher_velocity,,6,,SCOUTING_PRIOR,kbo-player-abilities-2024-2025-v1
DRAFT-2025-092,한화 이글스,최주원,P,pitcher_stuff,,7,,SCOUTING_PRIOR,kbo-player-abilities-2024-2025-v1
DRAFT-2025-092,한화 이글스,최주원,P,pitcher_command,,7,,SCOUTING_PRIOR,kbo-player-abilities-2024-2025-v1
DRAFT-2025-092,한화 이글스,최주원,P,pitcher_movement,,9,,SCOUTING_PRIOR,kbo-player-abilities-2024-2025-v1
DRAFT-2025-092,한화 이글스,최주원,P,pitcher_stamina,,7,,SCOUTING_PRIOR,kbo-player-abilities-2024-2025-v1
DRAFT-2025-092,한화 이글스,최주원,P,pitcher_pitchability,,8,,SCOUTING_PRIOR,kbo-player-abilities-2024-2025-v1
DRAFT-2025-092,한화 이글스,최주원,P,pitcher_strikeout,,7,,SCOUTING_PRIOR,kbo-player-abilities-2024-2025-v1
DRAFT-2025-092,한화 이글스,최주원,P,pitcher_walk_control,,7,,SCOUTING_PRIOR,kbo-player-abilities-2024-2025-v1
DRAFT-2025-092,한화 이글스,최주원,P,pitcher_composure,,8,,SCOUTING_PRIOR,kbo-player-abilities-2024-2025-v1
DRAFT-2025-092,한화 이글스,최주원,P,pitch_four_seam,,5,,SCOUTING_PRIOR,kbo-player-abilities-2024-2025-v1
DRAFT-2025-092,한화 이글스,최주원,P,pitch_slider,,8,,SCOUTING_PRIOR,kbo-player-abilities-2024-2025-v1
DRAFT-2025-092,한화 이글스,최주원,P,pitch_curve,,7,,SCOUTING_PRIOR,kbo-player-abilities-2024-2025-v1
DRAFT-2025-093,삼성 라이온즈,강민성,IF,contact,,7,,SCOUTING_PRIOR,kbo-player-abilities-2024-2025-v1
DRAFT-2025-093,삼성 라이온즈,강민성,IF,power,,8,,SCOUTING_PRIOR,kbo-player-abilities-2024-2025-v1
DRAFT-2025-093,삼성 라이온즈,강민성,IF,plate_discipline,,7,,SCOUTING_PRIOR,kbo-player-abilities-2024-2025-v1
DRAFT-2025-093,삼성 라이온즈,강민성,IF,bat_control,,7,,SCOUTING_PRIOR,kbo-player-abilities-2024-2025-v1
DRAFT-2025-093,삼성 라이온즈,강민성,IF,timing,,7,,SCOUTING_PRIOR,kbo-player-abilities-2024-2025-v1
DRAFT-2025-093,삼성 라이온즈,강민성,IF,bunt,,9,,SCOUTING_PRIOR,kbo-player-abilities-2024-2025-v1
DRAFT-2025-093,삼성 라이온즈,강민성,IF,speed,,8,,SCOUTING_PRIOR,kbo-player-abilities-2024-2025-v1
DRAFT-2025-093,삼성 라이온즈,강민성,IF,baserunning_judgment,,8,,SCOUTING_PRIOR,kbo-player-abilities-2024-2025-v1
DRAFT-2025-093,삼성 라이온즈,강민성,IF,fielding_range,,9,,SCOUTING_PRIOR,kbo-player-abilities-2024-2025-v1
DRAFT-2025-093,삼성 라이온즈,강민성,IF,catching,,5,,SCOUTING_PRIOR,kbo-player-abilities-2024-2025-v1
DRAFT-2025-093,삼성 라이온즈,강민성,IF,throwing_power,,9,,SCOUTING_PRIOR,kbo-player-abilities-2024-2025-v1
DRAFT-2025-093,삼성 라이온즈,강민성,IF,throwing_accuracy,,9,,SCOUTING_PRIOR,kbo-player-abilities-2024-2025-v1
DRAFT-2025-093,삼성 라이온즈,강민성,IF,fielding_judgment,,9,,SCOUTING_PRIOR,kbo-player-abilities-2024-2025-v1
DRAFT-2025-093,삼성 라이온즈,강민성,IF,composure,,7,,SCOUTING_PRIOR,kbo-player-abilities-2024-2025-v1
DRAFT-2025-093,삼성 라이온즈,강민성,IF,leadership,,7,,SCOUTING_PRIOR,kbo-player-abilities-2024-2025-v1
DRAFT-2025-093,삼성 라이온즈,강민성,IF,aggressiveness,,8,,SCOUTING_PRIOR,kbo-player-abilities-2024-2025-v1
DRAFT-2025-094,롯데 자이언츠,김태균,P,pitcher_velocity,,8,,SCOUTING_PRIOR,kbo-player-abilities-2024-2025-v1
DRAFT-2025-094,롯데 자이언츠,김태균,P,pitcher_stuff,,8,,SCOUTING_PRIOR,kbo-player-abilities-2024-2025-v1
DRAFT-2025-094,롯데 자이언츠,김태균,P,pitcher_command,,7,,SCOUTING_PRIOR,kbo-player-abilities-2024-2025-v1
DRAFT-2025-094,롯데 자이언츠,김태균,P,pitcher_movement,,9,,SCOUTING_PRIOR,kbo-player-abilities-2024-2025-v1
DRAFT-2025-094,롯데 자이언츠,김태균,P,pitcher_stamina,,8,,SCOUTING_PRIOR,kbo-player-abilities-2024-2025-v1
DRAFT-2025-094,롯데 자이언츠,김태균,P,pitcher_pitchability,,8,,SCOUTING_PRIOR,kbo-player-abilities-2024-2025-v1
DRAFT-2025-094,롯데 자이언츠,김태균,P,pitcher_strikeout,,8,,SCOUTING_PRIOR,kbo-player-abilities-2024-2025-v1
DRAFT-2025-094,롯데 자이언츠,김태균,P,pitcher_walk_control,,7,,SCOUTING_PRIOR,kbo-player-abilities-2024-2025-v1
DRAFT-2025-094,롯데 자이언츠,김태균,P,pitcher_composure,,8,,SCOUTING_PRIOR,kbo-player-abilities-2024-2025-v1
DRAFT-2025-094,롯데 자이언츠,김태균,P,pitch_four_seam,,9,,SCOUTING_PRIOR,kbo-player-abilities-2024-2025-v1
DRAFT-2025-094,롯데 자이언츠,김태균,P,pitch_slider,,8,,SCOUTING_PRIOR,kbo-player-abilities-2024-2025-v1
DRAFT-2025-094,롯데 자이언츠,김태균,P,pitch_curve,,10,,SCOUTING_PRIOR,kbo-player-abilities-2024-2025-v1
DRAFT-2025-096,두산 베어스,연서준,P,pitcher_velocity,,9,,SCOUTING_PRIOR,kbo-player-abilities-2024-2025-v1
DRAFT-2025-096,두산 베어스,연서준,P,pitcher_stuff,,7,,SCOUTING_PRIOR,kbo-player-abilities-2024-2025-v1
DRAFT-2025-096,두산 베어스,연서준,P,pitcher_command,,9,,SCOUTING_PRIOR,kbo-player-abilities-2024-2025-v1
DRAFT-2025-096,두산 베어스,연서준,P,pitcher_movement,,9,,SCOUTING_PRIOR,kbo-player-abilities-2024-2025-v1
DRAFT-2025-096,두산 베어스,연서준,P,pitcher_stamina,,7,,SCOUTING_PRIOR,kbo-player-abilities-2024-2025-v1
DRAFT-2025-096,두산 베어스,연서준,P,pitcher_pitchability,,8,,SCOUTING_PRIOR,kbo-player-abilities-2024-2025-v1
DRAFT-2025-096,두산 베어스,연서준,P,pitcher_strikeout,,7,,SCOUTING_PRIOR,kbo-player-abilities-2024-2025-v1
DRAFT-2025-096,두산 베어스,연서준,P,pitcher_walk_control,,9,,SCOUTING_PRIOR,kbo-player-abilities-2024-2025-v1
DRAFT-2025-096,두산 베어스,연서준,P,pitcher_composure,,9,,SCOUTING_PRIOR,kbo-player-abilities-2024-2025-v1
DRAFT-2025-096,두산 베어스,연서준,P,pitch_four_seam,,9,,SCOUTING_PRIOR,kbo-player-abilities-2024-2025-v1
DRAFT-2025-096,두산 베어스,연서준,P,pitch_slider,,6,,SCOUTING_PRIOR,kbo-player-abilities-2024-2025-v1
DRAFT-2025-096,두산 베어스,연서준,P,pitch_curve,,6,,SCOUTING_PRIOR,kbo-player-abilities-2024-2025-v1
DRAFT-2025-097,NC 다이노스,양가온솔,OF,contact,,9,,SCOUTING_PRIOR,kbo-player-abilities-2024-2025-v1
DRAFT-2025-097,NC 다이노스,양가온솔,OF,power,,9,,SCOUTING_PRIOR,kbo-player-abilities-2024-2025-v1
DRAFT-2025-097,NC 다이노스,양가온솔,OF,plate_discipline,,7,,SCOUTING_PRIOR,kbo-player-abilities-2024-2025-v1
DRAFT-2025-097,NC 다이노스,양가온솔,OF,bat_control,,8,,SCOUTING_PRIOR,kbo-player-abilities-2024-2025-v1
DRAFT-2025-097,NC 다이노스,양가온솔,OF,timing,,9,,SCOUTING_PRIOR,kbo-player-abilities-2024-2025-v1
DRAFT-2025-097,NC 다이노스,양가온솔,OF,bunt,,8,,SCOUTING_PRIOR,kbo-player-abilities-2024-2025-v1
DRAFT-2025-097,NC 다이노스,양가온솔,OF,speed,,12,,SCOUTING_PRIOR,kbo-player-abilities-2024-2025-v1
DRAFT-2025-097,NC 다이노스,양가온솔,OF,baserunning_judgment,,10,,SCOUTING_PRIOR,kbo-player-abilities-2024-2025-v1
DRAFT-2025-097,NC 다이노스,양가온솔,OF,fielding_range,,7,,SCOUTING_PRIOR,kbo-player-abilities-2024-2025-v1
DRAFT-2025-097,NC 다이노스,양가온솔,OF,catching,,5,,SCOUTING_PRIOR,kbo-player-abilities-2024-2025-v1
DRAFT-2025-097,NC 다이노스,양가온솔,OF,throwing_power,,7,,SCOUTING_PRIOR,kbo-player-abilities-2024-2025-v1
DRAFT-2025-097,NC 다이노스,양가온솔,OF,throwing_accuracy,,7,,SCOUTING_PRIOR,kbo-player-abilities-2024-2025-v1
DRAFT-2025-097,NC 다이노스,양가온솔,OF,fielding_judgment,,7,,SCOUTING_PRIOR,kbo-player-abilities-2024-2025-v1
DRAFT-2025-097,NC 다이노스,양가온솔,OF,composure,,7,,SCOUTING_PRIOR,kbo-player-abilities-2024-2025-v1
DRAFT-2025-097,NC 다이노스,양가온솔,OF,leadership,,7,,SCOUTING_PRIOR,kbo-player-abilities-2024-2025-v1
DRAFT-2025-097,NC 다이노스,양가온솔,OF,aggressiveness,,10,,SCOUTING_PRIOR,kbo-player-abilities-2024-2025-v1
DRAFT-2025-098,SSG 랜더스,한지헌,P,pitcher_velocity,,9,,SCOUTING_PRIOR,kbo-player-abilities-2024-2025-v1
DRAFT-2025-098,SSG 랜더스,한지헌,P,pitcher_stuff,,8,,SCOUTING_PRIOR,kbo-player-abilities-2024-2025-v1
DRAFT-2025-098,SSG 랜더스,한지헌,P,pitcher_command,,8,,SCOUTING_PRIOR,kbo-player-abilities-2024-2025-v1
DRAFT-2025-098,SSG 랜더스,한지헌,P,pitcher_movement,,7,,SCOUTING_PRIOR,kbo-player-abilities-2024-2025-v1
DRAFT-2025-098,SSG 랜더스,한지헌,P,pitcher_stamina,,8,,SCOUTING_PRIOR,kbo-player-abilities-2024-2025-v1
DRAFT-2025-098,SSG 랜더스,한지헌,P,pitcher_pitchability,,8,,SCOUTING_PRIOR,kbo-player-abilities-2024-2025-v1
DRAFT-2025-098,SSG 랜더스,한지헌,P,pitcher_strikeout,,8,,SCOUTING_PRIOR,kbo-player-abilities-2024-2025-v1
DRAFT-2025-098,SSG 랜더스,한지헌,P,pitcher_walk_control,,8,,SCOUTING_PRIOR,kbo-player-abilities-2024-2025-v1
DRAFT-2025-098,SSG 랜더스,한지헌,P,pitcher_composure,,8,,SCOUTING_PRIOR,kbo-player-abilities-2024-2025-v1
DRAFT-2025-098,SSG 랜더스,한지헌,P,pitch_four_seam,,9,,SCOUTING_PRIOR,kbo-player-abilities-2024-2025-v1
DRAFT-2025-098,SSG 랜더스,한지헌,P,pitch_slider,,7,,SCOUTING_PRIOR,kbo-player-abilities-2024-2025-v1
DRAFT-2025-098,SSG 랜더스,한지헌,P,pitch_curve,,10,,SCOUTING_PRIOR,kbo-player-abilities-2024-2025-v1
DRAFT-2025-099,KT 위즈,정영웅,OF,contact,,9,,SCOUTING_PRIOR,kbo-player-abilities-2024-2025-v1
DRAFT-2025-099,KT 위즈,정영웅,OF,power,,9,,SCOUTING_PRIOR,kbo-player-abilities-2024-2025-v1
DRAFT-2025-099,KT 위즈,정영웅,OF,plate_discipline,,8,,SCOUTING_PRIOR,kbo-player-abilities-2024-2025-v1
DRAFT-2025-099,KT 위즈,정영웅,OF,bat_control,,9,,SCOUTING_PRIOR,kbo-player-abilities-2024-2025-v1
DRAFT-2025-099,KT 위즈,정영웅,OF,timing,,9,,SCOUTING_PRIOR,kbo-player-abilities-2024-2025-v1
DRAFT-2025-099,KT 위즈,정영웅,OF,bunt,,9,,SCOUTING_PRIOR,kbo-player-abilities-2024-2025-v1
DRAFT-2025-099,KT 위즈,정영웅,OF,speed,,12,,SCOUTING_PRIOR,kbo-player-abilities-2024-2025-v1
DRAFT-2025-099,KT 위즈,정영웅,OF,baserunning_judgment,,10,,SCOUTING_PRIOR,kbo-player-abilities-2024-2025-v1
DRAFT-2025-099,KT 위즈,정영웅,OF,fielding_range,,7,,SCOUTING_PRIOR,kbo-player-abilities-2024-2025-v1
DRAFT-2025-099,KT 위즈,정영웅,OF,catching,,5,,SCOUTING_PRIOR,kbo-player-abilities-2024-2025-v1
DRAFT-2025-099,KT 위즈,정영웅,OF,throwing_power,,7,,SCOUTING_PRIOR,kbo-player-abilities-2024-2025-v1
DRAFT-2025-099,KT 위즈,정영웅,OF,throwing_accuracy,,7,,SCOUTING_PRIOR,kbo-player-abilities-2024-2025-v1
DRAFT-2025-099,KT 위즈,정영웅,OF,fielding_judgment,,7,,SCOUTING_PRIOR,kbo-player-abilities-2024-2025-v1
DRAFT-2025-099,KT 위즈,정영웅,OF,composure,,8,,SCOUTING_PRIOR,kbo-player-abilities-2024-2025-v1
DRAFT-2025-099,KT 위즈,정영웅,OF,leadership,,7,,SCOUTING_PRIOR,kbo-player-abilities-2024-2025-v1
DRAFT-2025-099,KT 위즈,정영웅,OF,aggressiveness,,10,,SCOUTING_PRIOR,kbo-player-abilities-2024-2025-v1
DRAFT-2025-100,LG 트윈스,고영웅,P,pitcher_velocity,,9,,SCOUTING_PRIOR,kbo-player-abilities-2024-2025-v1
DRAFT-2025-100,LG 트윈스,고영웅,P,pitcher_stuff,,7,,SCOUTING_PRIOR,kbo-player-abilities-2024-2025-v1
DRAFT-2025-100,LG 트윈스,고영웅,P,pitcher_command,,8,,SCOUTING_PRIOR,kbo-player-abilities-2024-2025-v1
DRAFT-2025-100,LG 트윈스,고영웅,P,pitcher_movement,,8,,SCOUTING_PRIOR,kbo-player-abilities-2024-2025-v1
DRAFT-2025-100,LG 트윈스,고영웅,P,pitcher_stamina,,8,,SCOUTING_PRIOR,kbo-player-abilities-2024-2025-v1
DRAFT-2025-100,LG 트윈스,고영웅,P,pitcher_pitchability,,8,,SCOUTING_PRIOR,kbo-player-abilities-2024-2025-v1
DRAFT-2025-100,LG 트윈스,고영웅,P,pitcher_strikeout,,7,,SCOUTING_PRIOR,kbo-player-abilities-2024-2025-v1
DRAFT-2025-100,LG 트윈스,고영웅,P,pitcher_walk_control,,8,,SCOUTING_PRIOR,kbo-player-abilities-2024-2025-v1
DRAFT-2025-100,LG 트윈스,고영웅,P,pitcher_composure,,8,,SCOUTING_PRIOR,kbo-player-abilities-2024-2025-v1
DRAFT-2025-100,LG 트윈스,고영웅,P,pitch_four_seam,,9,,SCOUTING_PRIOR,kbo-player-abilities-2024-2025-v1
DRAFT-2025-100,LG 트윈스,고영웅,P,pitch_slider,,8,,SCOUTING_PRIOR,kbo-player-abilities-2024-2025-v1
DRAFT-2025-100,LG 트윈스,고영웅,P,pitch_curve,,5,,SCOUTING_PRIOR,kbo-player-abilities-2024-2025-v1
DRAFT-2025-101,키움 히어로즈,정동준,P,pitcher_velocity,,9,,SCOUTING_PRIOR,kbo-player-abilities-2024-2025-v1
DRAFT-2025-101,키움 히어로즈,정동준,P,pitcher_stuff,,7,,SCOUTING_PRIOR,kbo-player-abilities-2024-2025-v1
DRAFT-2025-101,키움 히어로즈,정동준,P,pitcher_command,,8,,SCOUTING_PRIOR,kbo-player-abilities-2024-2025-v1
DRAFT-2025-101,키움 히어로즈,정동준,P,pitcher_movement,,8,,SCOUTING_PRIOR,kbo-player-abilities-2024-2025-v1
DRAFT-2025-101,키움 히어로즈,정동준,P,pitcher_stamina,,6,,SCOUTING_PRIOR,kbo-player-abilities-2024-2025-v1
DRAFT-2025-101,키움 히어로즈,정동준,P,pitcher_pitchability,,8,,SCOUTING_PRIOR,kbo-player-abilities-2024-2025-v1
DRAFT-2025-101,키움 히어로즈,정동준,P,pitcher_strikeout,,7,,SCOUTING_PRIOR,kbo-player-abilities-2024-2025-v1
DRAFT-2025-101,키움 히어로즈,정동준,P,pitcher_walk_control,,8,,SCOUTING_PRIOR,kbo-player-abilities-2024-2025-v1
DRAFT-2025-101,키움 히어로즈,정동준,P,pitcher_composure,,8,,SCOUTING_PRIOR,kbo-player-abilities-2024-2025-v1
DRAFT-2025-101,키움 히어로즈,정동준,P,pitch_four_seam,,9,,SCOUTING_PRIOR,kbo-player-abilities-2024-2025-v1
DRAFT-2025-101,키움 히어로즈,정동준,P,pitch_slider,,9,,SCOUTING_PRIOR,kbo-player-abilities-2024-2025-v1
DRAFT-2025-101,키움 히어로즈,정동준,P,pitch_curve,,5,,SCOUTING_PRIOR,kbo-player-abilities-2024-2025-v1
DRAFT-2025-103,삼성 라이온즈,진희성,P,pitcher_velocity,,6,,SCOUTING_PRIOR,kbo-player-abilities-2024-2025-v1
DRAFT-2025-103,삼성 라이온즈,진희성,P,pitcher_stuff,,7,,SCOUTING_PRIOR,kbo-player-abilities-2024-2025-v1
DRAFT-2025-103,삼성 라이온즈,진희성,P,pitcher_command,,6,,SCOUTING_PRIOR,kbo-player-abilities-2024-2025-v1
DRAFT-2025-103,삼성 라이온즈,진희성,P,pitcher_movement,,8,,SCOUTING_PRIOR,kbo-player-abilities-2024-2025-v1
DRAFT-2025-103,삼성 라이온즈,진희성,P,pitcher_stamina,,7,,SCOUTING_PRIOR,kbo-player-abilities-2024-2025-v1
DRAFT-2025-103,삼성 라이온즈,진희성,P,pitcher_pitchability,,7,,SCOUTING_PRIOR,kbo-player-abilities-2024-2025-v1
DRAFT-2025-103,삼성 라이온즈,진희성,P,pitcher_strikeout,,7,,SCOUTING_PRIOR,kbo-player-abilities-2024-2025-v1
DRAFT-2025-103,삼성 라이온즈,진희성,P,pitcher_walk_control,,6,,SCOUTING_PRIOR,kbo-player-abilities-2024-2025-v1
DRAFT-2025-103,삼성 라이온즈,진희성,P,pitcher_composure,,7,,SCOUTING_PRIOR,kbo-player-abilities-2024-2025-v1
DRAFT-2025-103,삼성 라이온즈,진희성,P,pitch_four_seam,,5,,SCOUTING_PRIOR,kbo-player-abilities-2024-2025-v1
DRAFT-2025-103,삼성 라이온즈,진희성,P,pitch_slider,,7,,SCOUTING_PRIOR,kbo-player-abilities-2024-2025-v1
DRAFT-2025-103,삼성 라이온즈,진희성,P,pitch_curve,,8,,SCOUTING_PRIOR,kbo-player-abilities-2024-2025-v1
DRAFT-2025-104,롯데 자이언츠,조영우,P,pitcher_velocity,,5,,SCOUTING_PRIOR,kbo-player-abilities-2024-2025-v1
DRAFT-2025-104,롯데 자이언츠,조영우,P,pitcher_stuff,,6,,SCOUTING_PRIOR,kbo-player-abilities-2024-2025-v1
DRAFT-2025-104,롯데 자이언츠,조영우,P,pitcher_command,,7,,SCOUTING_PRIOR,kbo-player-abilities-2024-2025-v1
DRAFT-2025-104,롯데 자이언츠,조영우,P,pitcher_movement,,6,,SCOUTING_PRIOR,kbo-player-abilities-2024-2025-v1
DRAFT-2025-104,롯데 자이언츠,조영우,P,pitcher_stamina,,7,,SCOUTING_PRIOR,kbo-player-abilities-2024-2025-v1
DRAFT-2025-104,롯데 자이언츠,조영우,P,pitcher_pitchability,,6,,SCOUTING_PRIOR,kbo-player-abilities-2024-2025-v1
DRAFT-2025-104,롯데 자이언츠,조영우,P,pitcher_strikeout,,6,,SCOUTING_PRIOR,kbo-player-abilities-2024-2025-v1
DRAFT-2025-104,롯데 자이언츠,조영우,P,pitcher_walk_control,,7,,SCOUTING_PRIOR,kbo-player-abilities-2024-2025-v1
DRAFT-2025-104,롯데 자이언츠,조영우,P,pitcher_composure,,6,,SCOUTING_PRIOR,kbo-player-abilities-2024-2025-v1
DRAFT-2025-104,롯데 자이언츠,조영우,P,pitch_four_seam,,4,,SCOUTING_PRIOR,kbo-player-abilities-2024-2025-v1
DRAFT-2025-104,롯데 자이언츠,조영우,P,pitch_slider,,6,,SCOUTING_PRIOR,kbo-player-abilities-2024-2025-v1
DRAFT-2025-104,롯데 자이언츠,조영우,P,pitch_curve,,4,,SCOUTING_PRIOR,kbo-player-abilities-2024-2025-v1
DRAFT-2025-106,두산 베어스,최우혁,P,pitcher_velocity,,4,,SCOUTING_PRIOR,kbo-player-abilities-2024-2025-v1
DRAFT-2025-106,두산 베어스,최우혁,P,pitcher_stuff,,6,,SCOUTING_PRIOR,kbo-player-abilities-2024-2025-v1
DRAFT-2025-106,두산 베어스,최우혁,P,pitcher_command,,6,,SCOUTING_PRIOR,kbo-player-abilities-2024-2025-v1
DRAFT-2025-106,두산 베어스,최우혁,P,pitcher_movement,,6,,SCOUTING_PRIOR,kbo-player-abilities-2024-2025-v1
DRAFT-2025-106,두산 베어스,최우혁,P,pitcher_stamina,,6,,SCOUTING_PRIOR,kbo-player-abilities-2024-2025-v1
DRAFT-2025-106,두산 베어스,최우혁,P,pitcher_pitchability,,6,,SCOUTING_PRIOR,kbo-player-abilities-2024-2025-v1
DRAFT-2025-106,두산 베어스,최우혁,P,pitcher_strikeout,,6,,SCOUTING_PRIOR,kbo-player-abilities-2024-2025-v1
DRAFT-2025-106,두산 베어스,최우혁,P,pitcher_walk_control,,6,,SCOUTING_PRIOR,kbo-player-abilities-2024-2025-v1
DRAFT-2025-106,두산 베어스,최우혁,P,pitcher_composure,,6,,SCOUTING_PRIOR,kbo-player-abilities-2024-2025-v1
DRAFT-2025-106,두산 베어스,최우혁,P,pitch_four_seam,,8,,SCOUTING_PRIOR,kbo-player-abilities-2024-2025-v1
DRAFT-2025-106,두산 베어스,최우혁,P,pitch_slider,,7,,SCOUTING_PRIOR,kbo-player-abilities-2024-2025-v1
DRAFT-2025-106,두산 베어스,최우혁,P,pitch_curve,,7,,SCOUTING_PRIOR,kbo-player-abilities-2024-2025-v1
DRAFT-2025-107,NC 다이노스,조창연,C,contact,,8,,SCOUTING_PRIOR,kbo-player-abilities-2024-2025-v1
DRAFT-2025-107,NC 다이노스,조창연,C,power,,8,,SCOUTING_PRIOR,kbo-player-abilities-2024-2025-v1
DRAFT-2025-107,NC 다이노스,조창연,C,plate_discipline,,8,,SCOUTING_PRIOR,kbo-player-abilities-2024-2025-v1
DRAFT-2025-107,NC 다이노스,조창연,C,bat_control,,8,,SCOUTING_PRIOR,kbo-player-abilities-2024-2025-v1
DRAFT-2025-107,NC 다이노스,조창연,C,timing,,8,,SCOUTING_PRIOR,kbo-player-abilities-2024-2025-v1
DRAFT-2025-107,NC 다이노스,조창연,C,bunt,,5,,SCOUTING_PRIOR,kbo-player-abilities-2024-2025-v1
DRAFT-2025-107,NC 다이노스,조창연,C,speed,,10,,SCOUTING_PRIOR,kbo-player-abilities-2024-2025-v1
DRAFT-2025-107,NC 다이노스,조창연,C,baserunning_judgment,,9,,SCOUTING_PRIOR,kbo-player-abilities-2024-2025-v1
DRAFT-2025-107,NC 다이노스,조창연,C,fielding_range,,6,,SCOUTING_PRIOR,kbo-player-abilities-2024-2025-v1
DRAFT-2025-107,NC 다이노스,조창연,C,catching,,6,,SCOUTING_PRIOR,kbo-player-abilities-2024-2025-v1
DRAFT-2025-107,NC 다이노스,조창연,C,throwing_power,,5,,SCOUTING_PRIOR,kbo-player-abilities-2024-2025-v1
DRAFT-2025-107,NC 다이노스,조창연,C,throwing_accuracy,,6,,SCOUTING_PRIOR,kbo-player-abilities-2024-2025-v1
DRAFT-2025-107,NC 다이노스,조창연,C,fielding_judgment,,6,,SCOUTING_PRIOR,kbo-player-abilities-2024-2025-v1
DRAFT-2025-107,NC 다이노스,조창연,C,composure,,8,,SCOUTING_PRIOR,kbo-player-abilities-2024-2025-v1
DRAFT-2025-107,NC 다이노스,조창연,C,leadership,,7,,SCOUTING_PRIOR,kbo-player-abilities-2024-2025-v1
DRAFT-2025-107,NC 다이노스,조창연,C,aggressiveness,,9,,SCOUTING_PRIOR,kbo-player-abilities-2024-2025-v1
DRAFT-2025-108,SSG 랜더스,도재현,P,pitcher_velocity,,6,,SCOUTING_PRIOR,kbo-player-abilities-2024-2025-v1
DRAFT-2025-108,SSG 랜더스,도재현,P,pitcher_stuff,,7,,SCOUTING_PRIOR,kbo-player-abilities-2024-2025-v1
DRAFT-2025-108,SSG 랜더스,도재현,P,pitcher_command,,7,,SCOUTING_PRIOR,kbo-player-abilities-2024-2025-v1
DRAFT-2025-108,SSG 랜더스,도재현,P,pitcher_movement,,6,,SCOUTING_PRIOR,kbo-player-abilities-2024-2025-v1
DRAFT-2025-108,SSG 랜더스,도재현,P,pitcher_stamina,,7,,SCOUTING_PRIOR,kbo-player-abilities-2024-2025-v1
DRAFT-2025-108,SSG 랜더스,도재현,P,pitcher_pitchability,,7,,SCOUTING_PRIOR,kbo-player-abilities-2024-2025-v1
DRAFT-2025-108,SSG 랜더스,도재현,P,pitcher_strikeout,,7,,SCOUTING_PRIOR,kbo-player-abilities-2024-2025-v1
DRAFT-2025-108,SSG 랜더스,도재현,P,pitcher_walk_control,,7,,SCOUTING_PRIOR,kbo-player-abilities-2024-2025-v1
DRAFT-2025-108,SSG 랜더스,도재현,P,pitcher_composure,,6,,SCOUTING_PRIOR,kbo-player-abilities-2024-2025-v1
DRAFT-2025-108,SSG 랜더스,도재현,P,pitch_four_seam,,5,,SCOUTING_PRIOR,kbo-player-abilities-2024-2025-v1
DRAFT-2025-108,SSG 랜더스,도재현,P,pitch_slider,,6,,SCOUTING_PRIOR,kbo-player-abilities-2024-2025-v1
DRAFT-2025-108,SSG 랜더스,도재현,P,pitch_curve,,6,,SCOUTING_PRIOR,kbo-player-abilities-2024-2025-v1
DRAFT-2025-109,KT 위즈,이승준,IF,contact,,8,,SCOUTING_PRIOR,kbo-player-abilities-2024-2025-v1
DRAFT-2025-109,KT 위즈,이승준,IF,power,,8,,SCOUTING_PRIOR,kbo-player-abilities-2024-2025-v1
DRAFT-2025-109,KT 위즈,이승준,IF,plate_discipline,,7,,SCOUTING_PRIOR,kbo-player-abilities-2024-2025-v1
DRAFT-2025-109,KT 위즈,이승준,IF,bat_control,,8,,SCOUTING_PRIOR,kbo-player-abilities-2024-2025-v1
DRAFT-2025-109,KT 위즈,이승준,IF,timing,,8,,SCOUTING_PRIOR,kbo-player-abilities-2024-2025-v1
DRAFT-2025-109,KT 위즈,이승준,IF,bunt,,7,,SCOUTING_PRIOR,kbo-player-abilities-2024-2025-v1
DRAFT-2025-109,KT 위즈,이승준,IF,speed,,7,,SCOUTING_PRIOR,kbo-player-abilities-2024-2025-v1
DRAFT-2025-109,KT 위즈,이승준,IF,baserunning_judgment,,7,,SCOUTING_PRIOR,kbo-player-abilities-2024-2025-v1
DRAFT-2025-109,KT 위즈,이승준,IF,fielding_range,,8,,SCOUTING_PRIOR,kbo-player-abilities-2024-2025-v1
DRAFT-2025-109,KT 위즈,이승준,IF,catching,,5,,SCOUTING_PRIOR,kbo-player-abilities-2024-2025-v1
DRAFT-2025-109,KT 위즈,이승준,IF,throwing_power,,9,,SCOUTING_PRIOR,kbo-player-abilities-2024-2025-v1
DRAFT-2025-109,KT 위즈,이승준,IF,throwing_accuracy,,8,,SCOUTING_PRIOR,kbo-player-abilities-2024-2025-v1
DRAFT-2025-109,KT 위즈,이승준,IF,fielding_judgment,,8,,SCOUTING_PRIOR,kbo-player-abilities-2024-2025-v1
DRAFT-2025-109,KT 위즈,이승준,IF,composure,,7,,SCOUTING_PRIOR,kbo-player-abilities-2024-2025-v1
DRAFT-2025-109,KT 위즈,이승준,IF,leadership,,7,,SCOUTING_PRIOR,kbo-player-abilities-2024-2025-v1
DRAFT-2025-109,KT 위즈,이승준,IF,aggressiveness,,8,,SCOUTING_PRIOR,kbo-player-abilities-2024-2025-v1
DRAFT-2025-110,LG 트윈스,성준서,P,pitcher_velocity,,8,,SCOUTING_PRIOR,kbo-player-abilities-2024-2025-v1
DRAFT-2025-110,LG 트윈스,성준서,P,pitcher_stuff,,6,,SCOUTING_PRIOR,kbo-player-abilities-2024-2025-v1
DRAFT-2025-110,LG 트윈스,성준서,P,pitcher_command,,7,,SCOUTING_PRIOR,kbo-player-abilities-2024-2025-v1
DRAFT-2025-110,LG 트윈스,성준서,P,pitcher_movement,,7,,SCOUTING_PRIOR,kbo-player-abilities-2024-2025-v1
DRAFT-2025-110,LG 트윈스,성준서,P,pitcher_stamina,,6,,SCOUTING_PRIOR,kbo-player-abilities-2024-2025-v1
DRAFT-2025-110,LG 트윈스,성준서,P,pitcher_pitchability,,7,,SCOUTING_PRIOR,kbo-player-abilities-2024-2025-v1
DRAFT-2025-110,LG 트윈스,성준서,P,pitcher_strikeout,,6,,SCOUTING_PRIOR,kbo-player-abilities-2024-2025-v1
DRAFT-2025-110,LG 트윈스,성준서,P,pitcher_walk_control,,7,,SCOUTING_PRIOR,kbo-player-abilities-2024-2025-v1
DRAFT-2025-110,LG 트윈스,성준서,P,pitcher_composure,,7,,SCOUTING_PRIOR,kbo-player-abilities-2024-2025-v1
DRAFT-2025-110,LG 트윈스,성준서,P,pitch_four_seam,,7,,SCOUTING_PRIOR,kbo-player-abilities-2024-2025-v1
DRAFT-2025-110,LG 트윈스,성준서,P,pitch_slider,,6,,SCOUTING_PRIOR,kbo-player-abilities-2024-2025-v1
DRAFT-2025-110,LG 트윈스,성준서,P,pitch_curve,,4,,SCOUTING_PRIOR,kbo-player-abilities-2024-2025-v1
