"season","kbo_player_id","n_pitches","avg_speed","k_stuff_plus","k_location_plus","k_rate","bb_rate","whiff_rate","csw_rate","repertoire","pitch_detail_json","source_url"
"2025","50030","2208","143.02367205542726","98.84387826741265","112.75036000649175","0.1993517017828201","0.04700162074554295","0.10054347826086957","0.29936594202898553","Sinker/Cutter/Changeup/Curve/Four-seam","[{""code"":""SI"",""name"":""Sinker"",""n"":1126,""usage_pct"":51,""speed"":145.1,""k_stuff_plus"":101.47,""k_location_plus"":113.1,""whiff_rate"":0.0586,""csw_rate"":0.3224},{""code"":""FC"",""name"":""Cutter"",""n"":604,""usage_pct"":27.4,""speed"":139.1,""k_stuff_plus"":97.54,""k_location_plus"":109.3,""whiff_rate"":0.0911,""csw_rate"":0.2599},{""code"":""CH"",""name"":""Changeup"",""n"":398,""usage_pct"":18,""speed"":131.9,""k_stuff_plus"":99.87,""k_location_plus"":104.4,""whiff_rate"":0.2186,""csw_rate"":0.309},{""code"":""CU"",""name"":""Curve"",""n"":78,""usage_pct"":3.5,""speed"":123.8,""k_stuff_plus"":100.96,""k_location_plus"":95.0,""whiff_rate"":0.1795,""csw_rate"":0.2179},{""code"":""FF"",""name"":""Four-seam"",""n"":2,""usage_pct"":0.1,""speed"":148.0,""k_stuff_plus"":96.58,""k_location_plus"":102.1,""whiff_rate"":0.0,""csw_rate"":0.5}]","https://www.kbostuff.app/stuff/50030?season=2025"
"2025","50036","483","151.94369973190348","106.15238171661025","97.27025019669843","0.2184873949579832","0.14285714285714285","0.09316770186335403","0.2691511387163561","Sinker/Slider/Four-seam/Splitter/Curve/Changeup","[{""code"":""SI"",""name"":""Sinker"",""n"":302,""usage_pct"":62.5,""speed"":152.1,""k_stuff_plus"":110.17,""k_location_plus"":97.0,""whiff_rate"":0.0861,""csw_rate"":0.2881},{""code"":""SL"",""name"":""Slider"",""n"":83,""usage_pct"":17.2,""speed"":133.3,""k_stuff_plus"":99.96,""k_location_plus"":94.7,""whiff_rate"":0.0723,""csw_rate"":0.2651},{""code"":""FF"",""name"":""Four-seam"",""n"":71,""usage_pct"":14.7,""speed"":151.5,""k_stuff_plus"":111.49,""k_location_plus"":92.4,""whiff_rate"":0.1549,""csw_rate"":0.2394},{""code"":""FS"",""name"":""Splitter"",""n"":20,""usage_pct"":4.1,""speed"":140.3,""k_stuff_plus"":103.64,""k_location_plus"":93.5,""whiff_rate"":0.1,""csw_rate"":0.2},{""code"":""CU"",""name"":""Curve"",""n"":6,""usage_pct"":1.2,""speed"":131.3,""k_stuff_plus"":101.71,""k_location_plus"":101.6,""whiff_rate"":0.0,""csw_rate"":0.0},{""code"":""CH"",""name"":""Changeup"",""n"":1,""usage_pct"":0.2,""speed"":137.0,""k_stuff_plus"":100.91,""k_location_plus"":102.9,""whiff_rate"":0.0,""csw_rate"":0.0}]","https://www.kbostuff.app/stuff/50036?season=2025"
"2025","50106","672","148.50902527075812","106.30755706959144","98.00375521509483","0.2937853107344633","0.12994350282485875","0.18452380952380953","0.3482142857142857","Four-seam/Slider/Splitter","[{""code"":""FF"",""name"":""Four-seam"",""n"":277,""usage_pct"":41.2,""speed"":148.5,""k_stuff_plus"":100.16,""k_location_plus"":94.3,""whiff_rate"":0.0758,""csw_rate"":0.2491},{""code"":""SL"",""name"":""Slider"",""n"":264,""usage_pct"":39.3,""speed"":134.0,""k_stuff_plus"":105.66,""k_location_plus"":103.5,""whiff_rate"":0.2727,""csw_rate"":0.4356},{""code"":""FS"",""name"":""Splitter"",""n"":131,""usage_pct"":19.5,""speed"":135.4,""k_stuff_plus"":108.33,""k_location_plus"":98.1,""whiff_rate"":0.2366,""csw_rate"":0.3817}]","https://www.kbostuff.app/stuff/50106?season=2025"
"2025","50206","46","146.0","109.9878981421754","95.50552265265351","0.5555555555555556","0.3333333333333333","0.17391304347826086","0.30434782608695654","Four-seam/Slider/Curve/Splitter","[{""code"":""FF"",""name"":""Four-seam"",""n"":21,""usage_pct"":45.7,""speed"":146.0,""k_stuff_plus"":112.59,""k_location_plus"":99.3,""whiff_rate"":0.0952,""csw_rate"":0.2857},{""code"":""SL"",""name"":""Slider"",""n"":16,""usage_pct"":34.8,""speed"":134.2,""k_stuff_plus"":101.36,""k_location_plus"":94.1,""whiff_rate"":0.25,""csw_rate"":0.25},{""code"":""CU"",""name"":""Curve"",""n"":8,""usage_pct"":17.4,""speed"":118.1,""k_stuff_plus"":108.9,""k_location_plus"":100.9,""whiff_rate"":0.25,""csw_rate"":0.5},{""code"":""FS"",""name"":""Splitter"",""n"":1,""usage_pct"":2.2,""speed"":140.0,""k_stuff_plus"":null,""k_location_plus"":96.6,""whiff_rate"":0.0,""csw_rate"":0.0}]","https://www.kbostuff.app/stuff/50206?season=2025"
"2025","50211","304","145.4","95.38199587489119","97.15929909060183","0.10256410256410256","0.15384615384615385","0.046052631578947366","0.2236842105263158","Four-seam/Slider/Curve/Splitter/Changeup","[{""code"":""FF"",""name"":""Four-seam"",""n"":160,""usage_pct"":52.6,""speed"":145.4,""k_stuff_plus"":94.49,""k_location_plus"":102.2,""whiff_rate"":0.0063,""csw_rate"":0.1625},{""code"":""SL"",""name"":""Slider"",""n"":70,""usage_pct"":23,""speed"":132.7,""k_stuff_plus"":97.47,""k_location_plus"":91.1,""whiff_rate"":0.0571,""csw_rate"":0.3},{""code"":""CU"",""name"":""Curve"",""n"":49,""usage_pct"":16.1,""speed"":119.6,""k_stuff_plus"":103.89,""k_location_plus"":98.4,""whiff_rate"":0.1633,""csw_rate"":0.3673},{""code"":""FS"",""name"":""Splitter"",""n"":22,""usage_pct"":7.2,""speed"":128.5,""k_stuff_plus"":94.47,""k_location_plus"":100.3,""whiff_rate"":0.0455,""csw_rate"":0.1364},{""code"":""CH"",""name"":""Changeup"",""n"":3,""usage_pct"":1,""speed"":129.0,""k_stuff_plus"":89.79,""k_location_plus"":98.1,""whiff_rate"":0.0,""csw_rate"":0.0}]","https://www.kbostuff.app/stuff/50211?season=2025"
"2025","50430","40","135.8","93.97125879670295","96.06895370741464","0.08333333333333333","0.16666666666666666","0.075","0.175","Slider/Four-seam/Curve/Sweeper/Sinker","[{""code"":""SL"",""name"":""Slider"",""n"":23,""usage_pct"":57.5,""speed"":130.4,""k_stuff_plus"":94.97,""k_location_plus"":96.0,""whiff_rate"":0.087,""csw_rate"":0.1304},{""code"":""FF"",""name"":""Four-seam"",""n"":9,""usage_pct"":22.5,""speed"":135.8,""k_stuff_plus"":100.29,""k_location_plus"":98.2,""whiff_rate"":0.0,""csw_rate"":0.2222},{""code"":""CU"",""name"":""Curve"",""n"":4,""usage_pct"":10,""speed"":119.5,""k_stuff_plus"":95.08,""k_location_plus"":99.2,""whiff_rate"":0.25,""csw_rate"":0.25},{""code"":""ST"",""name"":""Sweeper"",""n"":3,""usage_pct"":7.5,""speed"":120.3,""k_stuff_plus"":97.87,""k_location_plus"":100.7,""whiff_rate"":0.0,""csw_rate"":0.3333},{""code"":""SI"",""name"":""Sinker"",""n"":1,""usage_pct"":2.5,""speed"":136.0,""k_stuff_plus"":93.75,""k_location_plus"":102.3,""whiff_rate"":0.0,""csw_rate"":0.0}]","https://www.kbostuff.app/stuff/50430?season=2025"
"2025","50441","403","145.11731843575419","98.78090031927634","96.54064445004622","0.21153846153846154","0.1346153846153846","0.12903225806451613","0.3002481389578164","Slider/Four-seam/Splitter/Sinker/Curve/Changeup","[{""code"":""SL"",""name"":""Slider"",""n"":151,""usage_pct"":37.5,""speed"":133.9,""k_stuff_plus"":104.16,""k_location_plus"":96.6,""whiff_rate"":0.1987,""csw_rate"":0.3642},{""code"":""FF"",""name"":""Four-seam"",""n"":147,""usage_pct"":36.5,""speed"":144.9,""k_stuff_plus"":93.03,""k_location_plus"":92.9,""whiff_rate"":0.0544,""csw_rate"":0.2517},{""code"":""FS"",""name"":""Splitter"",""n"":66,""usage_pct"":16.4,""speed"":133.7,""k_stuff_plus"":100.15,""k_location_plus"":104.2,""whiff_rate"":0.1667,""csw_rate"":0.2424},{""code"":""SI"",""name"":""Sinker"",""n"":32,""usage_pct"":7.9,""speed"":146.0,""k_stuff_plus"":95.26,""k_location_plus"":103.2,""whiff_rate"":0.0312,""csw_rate"":0.3438},{""code"":""CU"",""name"":""Curve"",""n"":5,""usage_pct"":1.2,""speed"":122.6,""k_stuff_plus"":91.46,""k_location_plus"":99.5,""whiff_rate"":0.2,""csw_rate"":0.2},{""code"":""CH"",""name"":""Changeup"",""n"":2,""usage_pct"":0.5,""speed"":135.5,""k_stuff_plus"":100.71,""k_location_plus"":103.6,""whiff_rate"":0.5,""csw_rate"":0.5}]","https://www.kbostuff.app/stuff/50441?season=2025"
"2025","50464","1063","142.4868913857678","96.39292292461836","102.65054598240447","0.18928571428571428","0.09285714285714286","0.09877704609595485","0.28974600188146754","Four-seam/Slider/Changeup/Curve","[{""code"":""FF"",""name"":""Four-seam"",""n"":534,""usage_pct"":50.2,""speed"":142.5,""k_stuff_plus"":97.52,""k_location_plus"":103.6,""whiff_rate"":0.1011,""csw_rate"":0.2903},{""code"":""SL"",""name"":""Slider"",""n"":252,""usage_pct"":23.7,""speed"":129.8,""k_stuff_plus"":98.18,""k_location_plus"":102.1,""whiff_rate"":0.1071,""csw_rate"":0.3214},{""code"":""CH"",""name"":""Changeup"",""n"":164,""usage_pct"":15.4,""speed"":127.0,""k_stuff_plus"":96.0,""k_location_plus"":103.3,""whiff_rate"":0.0854,""csw_rate"":0.25},{""code"":""CU"",""name"":""Curve"",""n"":113,""usage_pct"":10.6,""speed"":122.8,""k_stuff_plus"":99.34,""k_location_plus"":96.7,""whiff_rate"":0.0885,""csw_rate"":0.2743}]","https://www.kbostuff.app/stuff/50464?season=2025"
"2025","50556","892","149.99087591240877","110.21168851243867","105.23864990848374","0.26495726495726496","0.06837606837606838","0.15022421524663676","0.32847533632286996","Four-seam/Slider/Curve/Changeup/Cutter/Splitter","[{""code"":""FF"",""name"":""Four-seam"",""n"":533,""usage_pct"":59.8,""speed"":150.3,""k_stuff_plus"":108.35,""k_location_plus"":104.8,""whiff_rate"":0.1351,""csw_rate"":0.3171},{""code"":""SL"",""name"":""Slider"",""n"":171,""usage_pct"":19.2,""speed"":139.2,""k_stuff_plus"":104.67,""k_location_plus"":105.1,""whiff_rate"":0.1754,""csw_rate"":0.3333},{""code"":""CU"",""name"":""Curve"",""n"":87,""usage_pct"":9.8,""speed"":120.4,""k_stuff_plus"":106.81,""k_location_plus"":104.1,""whiff_rate"":0.1494,""csw_rate"":0.4253},{""code"":""CH"",""name"":""Changeup"",""n"":85,""usage_pct"":9.5,""speed"":136.9,""k_stuff_plus"":105.35,""k_location_plus"":99.0,""whiff_rate"":0.1412,""csw_rate"":0.2471},{""code"":""FC"",""name"":""Cutter"",""n"":15,""usage_pct"":1.7,""speed"":139.5,""k_stuff_plus"":109.89,""k_location_plus"":93.4,""whiff_rate"":0.4,""csw_rate"":0.5333},{""code"":""FS"",""name"":""Splitter"",""n"":1,""usage_pct"":0.1,""speed"":138.0,""k_stuff_plus"":104.57,""k_location_plus"":102.0,""whiff_rate"":1.0,""csw_rate"":1.0}]","https://www.kbostuff.app/stuff/50556?season=2025"
"2025","50596","509","150.0922619047619","109.23335601965127","103.15834885282602","0.3023255813953488","0.08527131782945736","0.12966601178781925","0.3280943025540275","Four-seam/Slider/Curve","[{""code"":""FF"",""name"":""Four-seam"",""n"":336,""usage_pct"":66,""speed"":150.1,""k_stuff_plus"":105.4,""k_location_plus"":103.3,""whiff_rate"":0.0833,""csw_rate"":0.2917},{""code"":""SL"",""name"":""Slider"",""n"":157,""usage_pct"":30.8,""speed"":133.1,""k_stuff_plus"":110.53,""k_location_plus"":99.3,""whiff_rate"":0.242,""csw_rate"":0.4331},{""code"":""CU"",""name"":""Curve"",""n"":16,""usage_pct"":3.1,""speed"":128.9,""k_stuff_plus"":98.14,""k_location_plus"":100.6,""whiff_rate"":0.0,""csw_rate"":0.0625}]","https://www.kbostuff.app/stuff/50596?season=2025"
"2025","50604","10","142.25","93.40043289880039","103.28456856069928","0.0","0.0","0.0","0.1","Four-seam/Slider/Curve","[{""code"":""FF"",""name"":""Four-seam"",""n"":8,""usage_pct"":80,""speed"":142.2,""k_stuff_plus"":91.92,""k_location_plus"":102.7,""whiff_rate"":0.0,""csw_rate"":0.125},{""code"":""SL"",""name"":""Slider"",""n"":1,""usage_pct"":10,""speed"":131.0,""k_stuff_plus"":105.44,""k_location_plus"":101.7,""whiff_rate"":0.0,""csw_rate"":0.0},{""code"":""CU"",""name"":""Curve"",""n"":1,""usage_pct"":10,""speed"":116.0,""k_stuff_plus"":null,""k_location_plus"":101.0,""whiff_rate"":0.0,""csw_rate"":0.0}]","https://www.kbostuff.app/stuff/50604?season=2025"
"2025","50641","63","145.2058823529412","103.49346886105636","93.08095783940959","0.15384615384615385","0.23076923076923078","0.12698412698412698","0.25396825396825395","Four-seam/Slider/Splitter","[{""code"":""FF"",""name"":""Four-seam"",""n"":34,""usage_pct"":54,""speed"":145.2,""k_stuff_plus"":97.93,""k_location_plus"":94.9,""whiff_rate"":0.0882,""csw_rate"":0.2647},{""code"":""SL"",""name"":""Slider"",""n"":28,""usage_pct"":44.4,""speed"":130.6,""k_stuff_plus"":108.24,""k_location_plus"":95.1,""whiff_rate"":0.1786,""csw_rate"":0.25},{""code"":""FS"",""name"":""Splitter"",""n"":1,""usage_pct"":1.6,""speed"":129.0,""k_stuff_plus"":null,""k_location_plus"":96.6,""whiff_rate"":0.0,""csw_rate"":0.0}]","https://www.kbostuff.app/stuff/50641?season=2025"
"2025","50650","128","142.8019801980198","102.97657410619486","104.16381167142032","0.1282051282051282","0.05128205128205128","0.09375","0.1875","Four-seam/Changeup/Cutter","[{""code"":""FF"",""name"":""Four-seam"",""n"":77,""usage_pct"":60.2,""speed"":145.3,""k_stuff_plus"":102.13,""k_location_plus"":102.5,""whiff_rate"":0.0779,""csw_rate"":0.1948},{""code"":""CH"",""name"":""Changeup"",""n"":27,""usage_pct"":21.1,""speed"":134.0,""k_stuff_plus"":94.55,""k_location_plus"":103.2,""whiff_rate"":0.0741,""csw_rate"":0.1481},{""code"":""FC"",""name"":""Cutter"",""n"":24,""usage_pct"":18.8,""speed"":134.9,""k_stuff_plus"":100.15,""k_location_plus"":100.9,""whiff_rate"":0.1667,""csw_rate"":0.2083}]","https://www.kbostuff.app/stuff/50650?season=2025"
"2025","50662","1100","147.67868852459017","103.1703590418201","100.78737681132763","0.2608695652173913","0.06521739130434782","0.13727272727272727","0.28","Four-seam/Slider/Splitter/Curve","[{""code"":""FF"",""name"":""Four-seam"",""n"":610,""usage_pct"":55.5,""speed"":147.7,""k_stuff_plus"":104.97,""k_location_plus"":94.9,""whiff_rate"":0.1049,""csw_rate"":0.2525},{""code"":""SL"",""name"":""Slider"",""n"":310,""usage_pct"":28.2,""speed"":135.5,""k_stuff_plus"":100.97,""k_location_plus"":101.1,""whiff_rate"":0.1613,""csw_rate"":0.3065},{""code"":""FS"",""name"":""Splitter"",""n"":176,""usage_pct"":16,""speed"":135.5,""k_stuff_plus"":98.76,""k_location_plus"":108.5,""whiff_rate"":0.2102,""csw_rate"":0.3295},{""code"":""CU"",""name"":""Curve"",""n"":4,""usage_pct"":0.4,""speed"":121.8,""k_stuff_plus"":103.82,""k_location_plus"":102.1,""whiff_rate"":0.0,""csw_rate"":0.25}]","https://www.kbostuff.app/stuff/50662?season=2025"
"2025","50705","92","143.6046511627907","98.35305310656457","102.18223656203496","0.25","0.1","0.07608695652173914","0.2391304347826087","Slider/Four-seam/Splitter/Sinker","[{""code"":""SL"",""name"":""Slider"",""n"":46,""usage_pct"":50,""speed"":126.5,""k_stuff_plus"":98.76,""k_location_plus"":103.9,""whiff_rate"":0.087,""csw_rate"":0.2826},{""code"":""FF"",""name"":""Four-seam"",""n"":40,""usage_pct"":43.5,""speed"":143.9,""k_stuff_plus"":98.62,""k_location_plus"":95.3,""whiff_rate"":0.05,""csw_rate"":0.2},{""code"":""FS"",""name"":""Splitter"",""n"":3,""usage_pct"":3.3,""speed"":137.0,""k_stuff_plus"":103.53,""k_location_plus"":102.2,""whiff_rate"":0.3333,""csw_rate"":0.3333},{""code"":""SI"",""name"":""Sinker"",""n"":3,""usage_pct"":3.3,""speed"":140.0,""k_stuff_plus"":94.95,""k_location_plus"":101.7,""whiff_rate"":0.0,""csw_rate"":0.0}]","https://www.kbostuff.app/stuff/50705?season=2025"
"2025","50711","67","144.95833333333334","102.73360808315546","87.44424827386558","0.17647058823529413","0.17647058823529413","0.08955223880597014","0.22388059701492538","Four-seam/Curve/Changeup","[{""code"":""FF"",""name"":""Four-seam"",""n"":48,""usage_pct"":71.6,""speed"":145.0,""k_stuff_plus"":99.98,""k_location_plus"":91.4,""whiff_rate"":0.0417,""csw_rate"":0.1875},{""code"":""CU"",""name"":""Curve"",""n"":10,""usage_pct"":14.9,""speed"":127.5,""k_stuff_plus"":105.78,""k_location_plus"":94.8,""whiff_rate"":0.2,""csw_rate"":0.3},{""code"":""CH"",""name"":""Changeup"",""n"":9,""usage_pct"":13.4,""speed"":132.3,""k_stuff_plus"":105.11,""k_location_plus"":95.1,""whiff_rate"":0.2222,""csw_rate"":0.3333}]","https://www.kbostuff.app/stuff/50711?season=2025"
"2025","50812","926","143.01128668171557","96.15702769113079","100.59335566089078","0.1471861471861472","0.12554112554112554","0.10259179265658748","0.26673866090712745","Sinker/Slider/Curve/Changeup/Four-seam","[{""code"":""SI"",""name"":""Sinker"",""n"":426,""usage_pct"":46,""speed"":143.0,""k_stuff_plus"":97.74,""k_location_plus"":97.7,""whiff_rate"":0.0587,""csw_rate"":0.2371},{""code"":""SL"",""name"":""Slider"",""n"":409,""usage_pct"":44.2,""speed"":131.4,""k_stuff_plus"":99.15,""k_location_plus"":102.4,""whiff_rate"":0.1443,""csw_rate"":0.3154},{""code"":""CU"",""name"":""Curve"",""n"":41,""usage_pct"":4.4,""speed"":119.8,""k_stuff_plus"":102.16,""k_location_plus"":96.0,""whiff_rate"":0.1951,""csw_rate"":0.2195},{""code"":""CH"",""name"":""Changeup"",""n"":33,""usage_pct"":3.6,""speed"":132.6,""k_stuff_plus"":104.85,""k_location_plus"":94.5,""whiff_rate"":0.0909,""csw_rate"":0.1818},{""code"":""FF"",""name"":""Four-seam"",""n"":17,""usage_pct"":1.8,""speed"":142.2,""k_stuff_plus"":105.46,""k_location_plus"":95.1,""whiff_rate"":0.0,""csw_rate"":0.1176}]","https://www.kbostuff.app/stuff/50812?season=2025"
"2025","50848","22","149.52380952380952","96.87665419592354","93.53448013492144","0.0","0.5","0.0","0.09090909090909091","Four-seam/Splitter","[{""code"":""FF"",""name"":""Four-seam"",""n"":21,""usage_pct"":95.5,""speed"":149.5,""k_stuff_plus"":97.77,""k_location_plus"":93.0,""whiff_rate"":0.0,""csw_rate"":0.0952},{""code"":""FS"",""name"":""Splitter"",""n"":1,""usage_pct"":4.5,""speed"":128.0,""k_stuff_plus"":null,""k_location_plus"":96.6,""whiff_rate"":0.0,""csw_rate"":0.0}]","https://www.kbostuff.app/stuff/50848?season=2025"
"2025","50859","2174","142.76421404682273","102.06954387843987","105.49130157996538","0.20035460992907803","0.09042553191489362","0.09659613615455381","0.2842686292548298","Four-seam/Changeup/Slider/Curve","[{""code"":""FF"",""name"":""Four-seam"",""n"":1196,""usage_pct"":55,""speed"":142.8,""k_stuff_plus"":102.93,""k_location_plus"":107.1,""whiff_rate"":0.056,""csw_rate"":0.2993},{""code"":""CH"",""name"":""Changeup"",""n"":542,""usage_pct"":24.9,""speed"":130.6,""k_stuff_plus"":101.42,""k_location_plus"":105.3,""whiff_rate"":0.1605,""csw_rate"":0.2934},{""code"":""SL"",""name"":""Slider"",""n"":277,""usage_pct"":12.7,""speed"":132.9,""k_stuff_plus"":98.42,""k_location_plus"":100.1,""whiff_rate"":0.1191,""csw_rate"":0.2347},{""code"":""CU"",""name"":""Curve"",""n"":159,""usage_pct"":7.3,""speed"":116.1,""k_stuff_plus"":100.94,""k_location_plus"":97.4,""whiff_rate"":0.1447,""csw_rate"":0.2264}]","https://www.kbostuff.app/stuff/50859?season=2025"
"2025","50904","19","146.5","106.49500615243753","98.00922644131383","0.3333333333333333","0.16666666666666666","0.15789473684210525","0.3157894736842105","Four-seam/Slider","[{""code"":""FF"",""name"":""Four-seam"",""n"":10,""usage_pct"":52.6,""speed"":146.5,""k_stuff_plus"":97.36,""k_location_plus"":95.7,""whiff_rate"":0.2,""csw_rate"":0.2},{""code"":""SL"",""name"":""Slider"",""n"":9,""usage_pct"":47.4,""speed"":135.8,""k_stuff_plus"":114.7,""k_location_plus"":103.0,""whiff_rate"":0.1111,""csw_rate"":0.4444}]","https://www.kbostuff.app/stuff/50904?season=2025"
"2025","50992","266","139.03773584905662","94.6833574967938","95.5183660122869","0.16129032258064516","0.14516129032258066","0.04887218045112782","0.2518796992481203","Four-seam/Slider/Curve/Splitter","[{""code"":""FF"",""name"":""Four-seam"",""n"":106,""usage_pct"":39.8,""speed"":139.0,""k_stuff_plus"":98.44,""k_location_plus"":99.8,""whiff_rate"":0.0283,""csw_rate"":0.2736},{""code"":""SL"",""name"":""Slider"",""n"":68,""usage_pct"":25.6,""speed"":126.6,""k_stuff_plus"":95.33,""k_location_plus"":104.5,""whiff_rate"":0.0882,""csw_rate"":0.2941},{""code"":""CU"",""name"":""Curve"",""n"":50,""usage_pct"":18.8,""speed"":112.7,""k_stuff_plus"":94.24,""k_location_plus"":91.6,""whiff_rate"":0.04,""csw_rate"":0.2},{""code"":""FS"",""name"":""Splitter"",""n"":42,""usage_pct"":15.8,""speed"":129.1,""k_stuff_plus"":94.94,""k_location_plus"":97.5,""whiff_rate"":0.0476,""csw_rate"":0.1905}]","https://www.kbostuff.app/stuff/50992?season=2025"
"2025","51058","40","146.61904761904762","93.55568461508292","103.68055416739512","0.09090909090909091","0.18181818181818182","0.125","0.25","Four-seam/Splitter/Slider","[{""code"":""FF"",""name"":""Four-seam"",""n"":21,""usage_pct"":52.5,""speed"":146.6,""k_stuff_plus"":93.03,""k_location_plus"":102.9,""whiff_rate"":0.0952,""csw_rate"":0.2381},{""code"":""FS"",""name"":""Splitter"",""n"":13,""usage_pct"":32.5,""speed"":135.4,""k_stuff_plus"":98.01,""k_location_plus"":104.6,""whiff_rate"":0.2308,""csw_rate"":0.3846},{""code"":""SL"",""name"":""Slider"",""n"":6,""usage_pct"":15,""speed"":137.8,""k_stuff_plus"":null,""k_location_plus"":96.5,""whiff_rate"":0.0,""csw_rate"":0.0}]","https://www.kbostuff.app/stuff/51058?season=2025"
"2025","51111","2522","144.8507462686567","106.74037543626439","98.75239674512956","0.1987281399046105","0.07790143084260731","0.11419508326724821","0.2779540047581285","Four-seam/Slider/Changeup/Curve/Splitter","[{""code"":""FF"",""name"":""Four-seam"",""n"":1340,""usage_pct"":53.1,""speed"":144.9,""k_stuff_plus"":107.22,""k_location_plus"":100.2,""whiff_rate"":0.0866,""csw_rate"":0.2739},{""code"":""SL"",""name"":""Slider"",""n"":524,""usage_pct"":20.8,""speed"":131.6,""k_stuff_plus"":102.95,""k_location_plus"":97.5,""whiff_rate"":0.1412,""csw_rate"":0.3015},{""code"":""CH"",""name"":""Changeup"",""n"":361,""usage_pct"":14.3,""speed"":130.4,""k_stuff_plus"":104.98,""k_location_plus"":93.0,""whiff_rate"":0.169,""csw_rate"":0.2825},{""code"":""CU"",""name"":""Curve"",""n"":215,""usage_pct"":8.5,""speed"":116.9,""k_stuff_plus"":98.12,""k_location_plus"":97.9,""whiff_rate"":0.093,""csw_rate"":0.2465},{""code"":""FS"",""name"":""Splitter"",""n"":82,""usage_pct"":3.3,""speed"":128.8,""k_stuff_plus"":105.48,""k_location_plus"":97.4,""whiff_rate"":0.2073,""csw_rate"":0.2561}]","https://www.kbostuff.app/stuff/51111?season=2025"
"2025","51154","99","146.26530612244898","100.01813127548732","103.638901016988","0.2222222222222222","0.037037037037037035","0.12121212121212122","0.2727272727272727","Four-seam/Curve/Changeup/Slider/Splitter","[{""code"":""FF"",""name"":""Four-seam"",""n"":49,""usage_pct"":49.5,""speed"":146.3,""k_stuff_plus"":103.29,""k_location_plus"":105.0,""whiff_rate"":0.1429,""csw_rate"":0.2857},{""code"":""CU"",""name"":""Curve"",""n"":27,""usage_pct"":27.3,""speed"":125.7,""k_stuff_plus"":96.77,""k_location_plus"":101.4,""whiff_rate"":0.0741,""csw_rate"":0.3333},{""code"":""CH"",""name"":""Changeup"",""n"":11,""usage_pct"":11.1,""speed"":134.7,""k_stuff_plus"":102.82,""k_location_plus"":97.2,""whiff_rate"":0.1818,""csw_rate"":0.1818},{""code"":""SL"",""name"":""Slider"",""n"":7,""usage_pct"":7.1,""speed"":134.6,""k_stuff_plus"":96.46,""k_location_plus"":101.6,""whiff_rate"":0.1429,""csw_rate"":0.1429},{""code"":""FS"",""name"":""Splitter"",""n"":5,""usage_pct"":5.1,""speed"":133.0,""k_stuff_plus"":90.23,""k_location_plus"":102.3,""whiff_rate"":0.0,""csw_rate"":0.2}]","https://www.kbostuff.app/stuff/51154?season=2025"
"2025","51264","1958","143.73390557939913","101.50409243437964","100.90877172180066","0.14003944773175542","0.07100591715976332","0.07967313585291114","0.2665985699693565","Four-seam/Slider/Curve/Splitter","[{""code"":""FF"",""name"":""Four-seam"",""n"":932,""usage_pct"":47.6,""speed"":143.7,""k_stuff_plus"":103.27,""k_location_plus"":104.6,""whiff_rate"":0.0676,""csw_rate"":0.2811},{""code"":""SL"",""name"":""Slider"",""n"":465,""usage_pct"":23.7,""speed"":132.5,""k_stuff_plus"":99.59,""k_location_plus"":104.0,""whiff_rate"":0.1054,""csw_rate"":0.286},{""code"":""CU"",""name"":""Curve"",""n"":301,""usage_pct"":15.4,""speed"":116.4,""k_stuff_plus"":96.33,""k_location_plus"":97.7,""whiff_rate"":0.0598,""csw_rate"":0.2492},{""code"":""FS"",""name"":""Splitter"",""n"":260,""usage_pct"":13.3,""speed"":129.2,""k_stuff_plus"":102.99,""k_location_plus"":89.6,""whiff_rate"":0.1,""csw_rate"":0.2}]","https://www.kbostuff.app/stuff/51264?season=2025"
"2025","51454","1836","139.5729794933655","97.45546711549956","100.82495137897558","0.15711252653927812","0.09766454352441614","0.07135076252723312","0.27450980392156865","Four-seam/Slider/Curve/Changeup/Cutter/Sweeper","[{""code"":""FF"",""name"":""Four-seam"",""n"":674,""usage_pct"":36.7,""speed"":141.1,""k_stuff_plus"":98.15,""k_location_plus"":97.9,""whiff_rate"":0.0371,""csw_rate"":0.2329},{""code"":""SL"",""name"":""Slider"",""n"":399,""usage_pct"":21.7,""speed"":132.5,""k_stuff_plus"":95.69,""k_location_plus"":107.4,""whiff_rate"":0.1003,""csw_rate"":0.3208},{""code"":""CU"",""name"":""Curve"",""n"":324,""usage_pct"":17.6,""speed"":118.8,""k_stuff_plus"":98.1,""k_location_plus"":100.3,""whiff_rate"":0.0988,""csw_rate"":0.3364},{""code"":""CH"",""name"":""Changeup"",""n"":257,""usage_pct"":14,""speed"":130.6,""k_stuff_plus"":97.74,""k_location_plus"":90.9,""whiff_rate"":0.0778,""csw_rate"":0.2062},{""code"":""FC"",""name"":""Cutter"",""n"":155,""usage_pct"":8.4,""speed"":132.9,""k_stuff_plus"":98.97,""k_location_plus"":106.1,""whiff_rate"":0.071,""csw_rate"":0.2968},{""code"":""ST"",""name"":""Sweeper"",""n"":27,""usage_pct"":1.5,""speed"":131.9,""k_stuff_plus"":94.3,""k_location_plus"":107.1,""whiff_rate"":0.1111,""csw_rate"":0.4074}]","https://www.kbostuff.app/stuff/51454?season=2025"
"2025","51460","158","146.9879518072289","102.9738939241753","99.3750521648756","0.23076923076923078","0.1282051282051282","0.1518987341772152","0.310126582278481","Four-seam/Slider/Splitter","[{""code"":""FF"",""name"":""Four-seam"",""n"":83,""usage_pct"":52.5,""speed"":147.0,""k_stuff_plus"":103.68,""k_location_plus"":98.7,""whiff_rate"":0.1687,""csw_rate"":0.2892},{""code"":""SL"",""name"":""Slider"",""n"":71,""usage_pct"":44.9,""speed"":136.4,""k_stuff_plus"":100.76,""k_location_plus"":99.2,""whiff_rate"":0.1408,""csw_rate"":0.338},{""code"":""FS"",""name"":""Splitter"",""n"":4,""usage_pct"":2.5,""speed"":134.8,""k_stuff_plus"":null,""k_location_plus"":100.5,""whiff_rate"":0.0,""csw_rate"":0.25}]","https://www.kbostuff.app/stuff/51460?season=2025"
"2025","51516","540","143.61739130434782","101.54718587766745","100.53178541961186","0.17647058823529413","0.11764705882352941","0.07407407407407407","0.2611111111111111","Slider/Four-seam/Curve/Changeup","[{""code"":""SL"",""name"":""Slider"",""n"":236,""usage_pct"":43.7,""speed"":128.9,""k_stuff_plus"":101.91,""k_location_plus"":101.0,""whiff_rate"":0.1059,""csw_rate"":0.322},{""code"":""FF"",""name"":""Four-seam"",""n"":230,""usage_pct"":42.6,""speed"":143.6,""k_stuff_plus"":101.73,""k_location_plus"":99.9,""whiff_rate"":0.0478,""csw_rate"":0.2348},{""code"":""CU"",""name"":""Curve"",""n"":56,""usage_pct"":10.4,""speed"":121.0,""k_stuff_plus"":94.92,""k_location_plus"":105.2,""whiff_rate"":0.0179,""csw_rate"":0.125},{""code"":""CH"",""name"":""Changeup"",""n"":18,""usage_pct"":3.3,""speed"":126.6,""k_stuff_plus"":107.61,""k_location_plus"":96.0,""whiff_rate"":0.1667,""csw_rate"":0.2222}]","https://www.kbostuff.app/stuff/51516?season=2025"
"2025","51526","180","147.01470588235293","98.59756471934404","94.38569956845184","0.10869565217391304","0.13043478260869565","0.07777777777777778","0.2777777777777778","Four-seam/Curve/Splitter/Changeup/Slider/Sinker","[{""code"":""FF"",""name"":""Four-seam"",""n"":135,""usage_pct"":75,""speed"":147.1,""k_stuff_plus"":98.72,""k_location_plus"":94.7,""whiff_rate"":0.0593,""csw_rate"":0.2741},{""code"":""CU"",""name"":""Curve"",""n"":20,""usage_pct"":11.1,""speed"":125.4,""k_stuff_plus"":108.97,""k_location_plus"":97.5,""whiff_rate"":0.1,""csw_rate"":0.25},{""code"":""FS"",""name"":""Splitter"",""n"":18,""usage_pct"":10,""speed"":130.6,""k_stuff_plus"":95.45,""k_location_plus"":102.9,""whiff_rate"":0.1667,""csw_rate"":0.2778},{""code"":""CH"",""name"":""Changeup"",""n"":5,""usage_pct"":2.8,""speed"":131.4,""k_stuff_plus"":92.19,""k_location_plus"":97.6,""whiff_rate"":0.0,""csw_rate"":0.4},{""code"":""SL"",""name"":""Slider"",""n"":1,""usage_pct"":0.6,""speed"":130.0,""k_stuff_plus"":null,""k_location_plus"":97.6,""whiff_rate"":0.0,""csw_rate"":0.0},{""code"":""SI"",""name"":""Sinker"",""n"":1,""usage_pct"":0.6,""speed"":130.0,""k_stuff_plus"":127.36,""k_location_plus"":96.9,""whiff_rate"":1.0,""csw_rate"":1.0}]","https://www.kbostuff.app/stuff/51526?season=2025"
"2025","51546","58","144.67741935483872","101.23598755733352","103.42785810294535","0.1875","0.0","0.06896551724137931","0.25862068965517243","Four-seam/Slider/Curve/Changeup/Splitter","[{""code"":""FF"",""name"":""Four-seam"",""n"":31,""usage_pct"":53.4,""speed"":144.7,""k_stuff_plus"":98.63,""k_location_plus"":106.7,""whiff_rate"":0.0,""csw_rate"":0.2581},{""code"":""SL"",""name"":""Slider"",""n"":12,""usage_pct"":20.7,""speed"":129.4,""k_stuff_plus"":96.51,""k_location_plus"":96.9,""whiff_rate"":0.0833,""csw_rate"":0.25},{""code"":""CU"",""name"":""Curve"",""n"":8,""usage_pct"":13.8,""speed"":124.1,""k_stuff_plus"":110.2,""k_location_plus"":102.0,""whiff_rate"":0.125,""csw_rate"":0.25},{""code"":""CH"",""name"":""Changeup"",""n"":6,""usage_pct"":10.3,""speed"":133.2,""k_stuff_plus"":102.41,""k_location_plus"":96.9,""whiff_rate"":0.3333,""csw_rate"":0.3333},{""code"":""FS"",""name"":""Splitter"",""n"":1,""usage_pct"":1.7,""speed"":134.0,""k_stuff_plus"":null,""k_location_plus"":96.6,""whiff_rate"":0.0,""csw_rate"":0.0}]","https://www.kbostuff.app/stuff/51546?season=2025"
"2025","51594","481","141.03571428571428","96.69944770691393","99.65127551795","0.23140495867768596","0.19834710743801653","0.10810810810810811","0.2806652806652807","Four-seam/Slider/Curve","[{""code"":""FF"",""name"":""Four-seam"",""n"":252,""usage_pct"":52.4,""speed"":141.0,""k_stuff_plus"":98.57,""k_location_plus"":95.3,""whiff_rate"":0.1071,""csw_rate"":0.2857},{""code"":""SL"",""name"":""Slider"",""n"":220,""usage_pct"":45.7,""speed"":129.1,""k_stuff_plus"":96.92,""k_location_plus"":102.4,""whiff_rate"":0.1136,""csw_rate"":0.2727},{""code"":""CU"",""name"":""Curve"",""n"":9,""usage_pct"":1.9,""speed"":117.9,""k_stuff_plus"":92.12,""k_location_plus"":101.1,""whiff_rate"":0.0,""csw_rate"":0.3333}]","https://www.kbostuff.app/stuff/51594?season=2025"
"2025","51648","775","147.8224043715847","106.31260843008009","95.43913371106969","0.21761658031088082","0.16062176165803108","0.11483870967741935","0.27741935483870966","Four-seam/Slider/Changeup/Curve","[{""code"":""FF"",""name"":""Four-seam"",""n"":366,""usage_pct"":47.2,""speed"":147.8,""k_stuff_plus"":106.34,""k_location_plus"":92.3,""whiff_rate"":0.0601,""csw_rate"":0.2486},{""code"":""SL"",""name"":""Slider"",""n"":187,""usage_pct"":24.1,""speed"":135.3,""k_stuff_plus"":103.57,""k_location_plus"":107.1,""whiff_rate"":0.1765,""csw_rate"":0.3316},{""code"":""CH"",""name"":""Changeup"",""n"":142,""usage_pct"":18.3,""speed"":132.9,""k_stuff_plus"":105.49,""k_location_plus"":88.3,""whiff_rate"":0.2254,""csw_rate"":0.3028},{""code"":""CU"",""name"":""Curve"",""n"":80,""usage_pct"":10.3,""speed"":124.7,""k_stuff_plus"":96.15,""k_location_plus"":100.0,""whiff_rate"":0.025,""csw_rate"":0.2375}]","https://www.kbostuff.app/stuff/51648?season=2025"
"2025","51715","259","143.05172413793105","95.21442148332957","101.03361389823519","0.12121212121212122","0.09090909090909091","0.06177606177606178","0.2702702702702703","Four-seam/Curve/Slider/Splitter/Changeup/Sweeper","[{""code"":""FF"",""name"":""Four-seam"",""n"":116,""usage_pct"":44.8,""speed"":143.1,""k_stuff_plus"":96.45,""k_location_plus"":95.1,""whiff_rate"":0.0345,""csw_rate"":0.2155},{""code"":""CU"",""name"":""Curve"",""n"":38,""usage_pct"":14.7,""speed"":116.9,""k_stuff_plus"":96.38,""k_location_plus"":106.1,""whiff_rate"":0.1053,""csw_rate"":0.3158},{""code"":""SL"",""name"":""Slider"",""n"":36,""usage_pct"":13.9,""speed"":124.8,""k_stuff_plus"":98.81,""k_location_plus"":96.6,""whiff_rate"":0.0556,""csw_rate"":0.3056},{""code"":""FS"",""name"":""Splitter"",""n"":33,""usage_pct"":12.7,""speed"":129.9,""k_stuff_plus"":97.05,""k_location_plus"":110.0,""whiff_rate"":0.0909,""csw_rate"":0.2727},{""code"":""CH"",""name"":""Changeup"",""n"":19,""usage_pct"":7.3,""speed"":130.9,""k_stuff_plus"":97.45,""k_location_plus"":99.3,""whiff_rate"":0.1053,""csw_rate"":0.2632},{""code"":""ST"",""name"":""Sweeper"",""n"":17,""usage_pct"":6.6,""speed"":122.6,""k_stuff_plus"":91.23,""k_location_plus"":97.4,""whiff_rate"":0.0588,""csw_rate"":0.4706}]","https://www.kbostuff.app/stuff/51715?season=2025"
"2025","51867","1239","145.89871794871794","105.95849737319669","97.24064658672677","0.22591362126245848","0.16279069767441862","0.10250201775625505","0.29055690072639223","Four-seam/Changeup/Slider/Curve/Cutter","[{""code"":""FF"",""name"":""Four-seam"",""n"":778,""usage_pct"":62.8,""speed"":145.9,""k_stuff_plus"":105.66,""k_location_plus"":91.4,""whiff_rate"":0.0835,""csw_rate"":0.2776},{""code"":""CH"",""name"":""Changeup"",""n"":256,""usage_pct"":20.7,""speed"":131.1,""k_stuff_plus"":105.65,""k_location_plus"":102.9,""whiff_rate"":0.1836,""csw_rate"":0.3438},{""code"":""SL"",""name"":""Slider"",""n"":127,""usage_pct"":10.3,""speed"":137.1,""k_stuff_plus"":98.72,""k_location_plus"":98.4,""whiff_rate"":0.0945,""csw_rate"":0.2677},{""code"":""CU"",""name"":""Curve"",""n"":76,""usage_pct"":6.1,""speed"":124.1,""k_stuff_plus"":99.04,""k_location_plus"":102.6,""whiff_rate"":0.0395,""csw_rate"":0.2763},{""code"":""FC"",""name"":""Cutter"",""n"":2,""usage_pct"":0.2,""speed"":138.5,""k_stuff_plus"":109.35,""k_location_plus"":101.3,""whiff_rate"":0.0,""csw_rate"":0.5}]","https://www.kbostuff.app/stuff/51867?season=2025"
"2025","51897","1088","147.53491271820448","110.13335159170494","105.5386470383295","0.30980392156862746","0.07058823529411765","0.1332720588235294","0.3088235294117647","Four-seam/Splitter/Curve","[{""code"":""FF"",""name"":""Four-seam"",""n"":802,""usage_pct"":73.7,""speed"":147.5,""k_stuff_plus"":109.4,""k_location_plus"":106.1,""whiff_rate"":0.1047,""csw_rate"":0.2968},{""code"":""FS"",""name"":""Splitter"",""n"":228,""usage_pct"":21,""speed"":132.9,""k_stuff_plus"":104.79,""k_location_plus"":100.7,""whiff_rate"":0.2544,""csw_rate"":0.3596},{""code"":""CU"",""name"":""Curve"",""n"":58,""usage_pct"":5.3,""speed"":125.2,""k_stuff_plus"":100.11,""k_location_plus"":101.2,""whiff_rate"":0.0517,""csw_rate"":0.2759}]","https://www.kbostuff.app/stuff/51897?season=2025"
"2025","51994","674","147.60487804878048","102.86513725328146","94.21212664608913","0.2111801242236025","0.19254658385093168","0.10089020771513353","0.2596439169139466","Four-seam/Slider/Splitter/Curve/Sinker","[{""code"":""FF"",""name"":""Four-seam"",""n"":409,""usage_pct"":60.7,""speed"":147.6,""k_stuff_plus"":100.88,""k_location_plus"":96.7,""whiff_rate"":0.0685,""csw_rate"":0.2396},{""code"":""SL"",""name"":""Slider"",""n"":197,""usage_pct"":29.2,""speed"":133.1,""k_stuff_plus"":104.28,""k_location_plus"":90.8,""whiff_rate"":0.1472,""csw_rate"":0.2843},{""code"":""FS"",""name"":""Splitter"",""n"":65,""usage_pct"":9.6,""speed"":133.0,""k_stuff_plus"":104.7,""k_location_plus"":98.3,""whiff_rate"":0.1692,""csw_rate"":0.3231},{""code"":""CU"",""name"":""Curve"",""n"":2,""usage_pct"":0.3,""speed"":117.5,""k_stuff_plus"":92.95,""k_location_plus"":99.8,""whiff_rate"":0.0,""csw_rate"":0.0},{""code"":""SI"",""name"":""Sinker"",""n"":1,""usage_pct"":0.1,""speed"":147.0,""k_stuff_plus"":null,""k_location_plus"":96.9,""whiff_rate"":0.0,""csw_rate"":0.0}]","https://www.kbostuff.app/stuff/51994?season=2025"
"2025","52060","1233","147.31763285024155","110.8305445840517","103.12471789708358","0.25245901639344265","0.11147540983606558","0.1321978913219789","0.2911597729115977","Four-seam/Changeup/Slider/Cutter","[{""code"":""FF"",""name"":""Four-seam"",""n"":817,""usage_pct"":66.3,""speed"":147.5,""k_stuff_plus"":110.68,""k_location_plus"":102.3,""whiff_rate"":0.1163,""csw_rate"":0.2791},{""code"":""CH"",""name"":""Changeup"",""n"":315,""usage_pct"":25.5,""speed"":129.0,""k_stuff_plus"":103.07,""k_location_plus"":102.0,""whiff_rate"":0.1492,""csw_rate"":0.3143},{""code"":""SL"",""name"":""Slider"",""n"":90,""usage_pct"":7.3,""speed"":136.1,""k_stuff_plus"":109.44,""k_location_plus"":95.6,""whiff_rate"":0.2222,""csw_rate"":0.3333},{""code"":""FC"",""name"":""Cutter"",""n"":11,""usage_pct"":0.9,""speed"":137.5,""k_stuff_plus"":102.02,""k_location_plus"":103.0,""whiff_rate"":0.0909,""csw_rate"":0.1818}]","https://www.kbostuff.app/stuff/52060?season=2025"
"2025","52202","287","149.41477272727272","102.74992945747249","108.7797983932809","0.2191780821917808","0.0684931506849315","0.11149825783972125","0.30313588850174217","Four-seam/Slider/Curve/Splitter/Changeup","[{""code"":""FF"",""name"":""Four-seam"",""n"":176,""usage_pct"":61.3,""speed"":149.4,""k_stuff_plus"":102.23,""k_location_plus"":109.2,""whiff_rate"":0.1023,""csw_rate"":0.2898},{""code"":""SL"",""name"":""Slider"",""n"":84,""usage_pct"":29.3,""speed"":137.0,""k_stuff_plus"":101.18,""k_location_plus"":106.0,""whiff_rate"":0.1429,""csw_rate"":0.3571},{""code"":""CU"",""name"":""Curve"",""n"":23,""usage_pct"":8,""speed"":124.6,""k_stuff_plus"":107.13,""k_location_plus"":97.4,""whiff_rate"":0.087,""csw_rate"":0.2609},{""code"":""FS"",""name"":""Splitter"",""n"":3,""usage_pct"":1,""speed"":132.7,""k_stuff_plus"":null,""k_location_plus"":95.2,""whiff_rate"":0.0,""csw_rate"":0.0},{""code"":""CH"",""name"":""Changeup"",""n"":1,""usage_pct"":0.3,""speed"":135.0,""k_stuff_plus"":98.26,""k_location_plus"":103.4,""whiff_rate"":0.0,""csw_rate"":0.0}]","https://www.kbostuff.app/stuff/52202?season=2025"
"2025","52204","217","145.2089552238806","103.96162832601236","93.55314389780729","0.16071428571428573","0.17857142857142858","0.07834101382488479","0.21658986175115208","Four-seam/Slider/Changeup/Splitter","[{""code"":""FF"",""name"":""Four-seam"",""n"":134,""usage_pct"":61.8,""speed"":145.2,""k_stuff_plus"":103.85,""k_location_plus"":89.0,""whiff_rate"":0.0373,""csw_rate"":0.1642},{""code"":""SL"",""name"":""Slider"",""n"":78,""usage_pct"":35.9,""speed"":134.6,""k_stuff_plus"":101.2,""k_location_plus"":101.6,""whiff_rate"":0.141,""csw_rate"":0.2949},{""code"":""CH"",""name"":""Changeup"",""n"":4,""usage_pct"":1.8,""speed"":131.8,""k_stuff_plus"":131.69,""k_location_plus"":98.6,""whiff_rate"":0.25,""csw_rate"":0.5},{""code"":""FS"",""name"":""Splitter"",""n"":1,""usage_pct"":0.5,""speed"":134.0,""k_stuff_plus"":null,""k_location_plus"":96.6,""whiff_rate"":0.0,""csw_rate"":0.0}]","https://www.kbostuff.app/stuff/52204?season=2025"
"2025","52206","582","147.43825665859563","103.6355939696165","96.0733435923245","0.2550335570469799","0.087248322147651","0.10824742268041238","0.31099656357388317","Sinker/Slider/Cutter/Changeup/Sweeper/Four-seam/Splitter","[{""code"":""SI"",""name"":""Sinker"",""n"":328,""usage_pct"":56.4,""speed"":148.7,""k_stuff_plus"":103.04,""k_location_plus"":86.4,""whiff_rate"":0.0823,""csw_rate"":0.2927},{""code"":""SL"",""name"":""Slider"",""n"":112,""usage_pct"":19.2,""speed"":132.3,""k_stuff_plus"":107.85,""k_location_plus"":93.1,""whiff_rate"":0.1964,""csw_rate"":0.3393},{""code"":""FC"",""name"":""Cutter"",""n"":77,""usage_pct"":13.2,""speed"":142.1,""k_stuff_plus"":100.8,""k_location_plus"":108.6,""whiff_rate"":0.039,""csw_rate"":0.3377},{""code"":""CH"",""name"":""Changeup"",""n"":44,""usage_pct"":7.6,""speed"":133.6,""k_stuff_plus"":98.68,""k_location_plus"":92.9,""whiff_rate"":0.2045,""csw_rate"":0.3409},{""code"":""ST"",""name"":""Sweeper"",""n"":12,""usage_pct"":2.1,""speed"":127.8,""k_stuff_plus"":104.71,""k_location_plus"":103.4,""whiff_rate"":0.0833,""csw_rate"":0.1667},{""code"":""FF"",""name"":""Four-seam"",""n"":8,""usage_pct"":1.4,""speed"":147.5,""k_stuff_plus"":115.39,""k_location_plus"":103.0,""whiff_rate"":0.125,""csw_rate"":0.5},{""code"":""FS"",""name"":""Splitter"",""n"":1,""usage_pct"":0.2,""speed"":135.0,""k_stuff_plus"":null,""k_location_plus"":96.6,""whiff_rate"":0.0,""csw_rate"":0.0}]","https://www.kbostuff.app/stuff/52206?season=2025"
"2025","52330","713","148.30133928571428","100.66546350109817","95.69995701025844","0.19553072625698323","0.09497206703910614","0.091164095371669","0.23562412342215988","Four-seam/Sinker/Slider/Splitter/Sweeper/Cutter/Curve","[{""code"":""FF"",""name"":""Four-seam"",""n"":238,""usage_pct"":33.4,""speed"":148.9,""k_stuff_plus"":100.92,""k_location_plus"":101.4,""whiff_rate"":0.063,""csw_rate"":0.1933},{""code"":""SI"",""name"":""Sinker"",""n"":189,""usage_pct"":26.5,""speed"":148.2,""k_stuff_plus"":99.27,""k_location_plus"":100.7,""whiff_rate"":0.0529,""csw_rate"":0.2275},{""code"":""SL"",""name"":""Slider"",""n"":142,""usage_pct"":19.9,""speed"":131.4,""k_stuff_plus"":103.06,""k_location_plus"":89.0,""whiff_rate"":0.1197,""csw_rate"":0.3169},{""code"":""FS"",""name"":""Splitter"",""n"":98,""usage_pct"":13.7,""speed"":136.3,""k_stuff_plus"":104.28,""k_location_plus"":91.2,""whiff_rate"":0.1633,""csw_rate"":0.2245},{""code"":""ST"",""name"":""Sweeper"",""n"":22,""usage_pct"":3.1,""speed"":131.1,""k_stuff_plus"":96.31,""k_location_plus"":98.8,""whiff_rate"":0.0909,""csw_rate"":0.2273},{""code"":""FC"",""name"":""Cutter"",""n"":21,""usage_pct"":2.9,""speed"":142.4,""k_stuff_plus"":99.03,""k_location_plus"":91.4,""whiff_rate"":0.2381,""csw_rate"":0.3333},{""code"":""CU"",""name"":""Curve"",""n"":3,""usage_pct"":0.4,""speed"":129.7,""k_stuff_plus"":106.71,""k_location_plus"":102.4,""whiff_rate"":0.0,""csw_rate"":0.0}]","https://www.kbostuff.app/stuff/52330?season=2025"
"2025","52395","611","142.99147727272728","98.3068673724172","103.48220089682243","0.16875","0.075","0.07364975450081833","0.24877250409165302","Four-seam/Slider/Curve/Changeup","[{""code"":""FF"",""name"":""Four-seam"",""n"":352,""usage_pct"":57.6,""speed"":143.0,""k_stuff_plus"":99.26,""k_location_plus"":102.5,""whiff_rate"":0.0597,""csw_rate"":0.2358},{""code"":""SL"",""name"":""Slider"",""n"":179,""usage_pct"":29.3,""speed"":128.6,""k_stuff_plus"":98.52,""k_location_plus"":105.0,""whiff_rate"":0.1061,""csw_rate"":0.257},{""code"":""CU"",""name"":""Curve"",""n"":50,""usage_pct"":8.2,""speed"":118.4,""k_stuff_plus"":98.13,""k_location_plus"":101.0,""whiff_rate"":0.06,""csw_rate"":0.34},{""code"":""CH"",""name"":""Changeup"",""n"":30,""usage_pct"":4.9,""speed"":130.7,""k_stuff_plus"":97.29,""k_location_plus"":95.8,""whiff_rate"":0.0667,""csw_rate"":0.2}]","https://www.kbostuff.app/stuff/52395?season=2025"
"2025","52528","761","143.05479452054794","97.75490851730824","99.4703896974367","0.18627450980392157","0.08333333333333333","0.10775295663600526","0.29172141918528255","Four-seam/Slider/Changeup/Sinker","[{""code"":""FF"",""name"":""Four-seam"",""n"":262,""usage_pct"":34.4,""speed"":143.4,""k_stuff_plus"":95.92,""k_location_plus"":102.9,""whiff_rate"":0.0153,""csw_rate"":0.2557},{""code"":""SL"",""name"":""Slider"",""n"":259,""usage_pct"":34,""speed"":130.7,""k_stuff_plus"":101.6,""k_location_plus"":94.0,""whiff_rate"":0.2355,""csw_rate"":0.3475},{""code"":""CH"",""name"":""Changeup"",""n"":137,""usage_pct"":18,""speed"":129.8,""k_stuff_plus"":97.6,""k_location_plus"":99.9,""whiff_rate"":0.0949,""csw_rate"":0.2409},{""code"":""SI"",""name"":""Sinker"",""n"":103,""usage_pct"":13.5,""speed"":142.2,""k_stuff_plus"":97.61,""k_location_plus"":98.0,""whiff_rate"":0.0388,""csw_rate"":0.3107}]","https://www.kbostuff.app/stuff/52528?season=2025"
"2025","52530","1596","150.13704994192798","102.57705720532144","97.53612658690822","0.14628297362110312","0.1342925659472422","0.08270676691729323","0.2518796992481203","Four-seam/Slider/Changeup/Curve","[{""code"":""FF"",""name"":""Four-seam"",""n"":861,""usage_pct"":53.9,""speed"":150.1,""k_stuff_plus"":99.78,""k_location_plus"":98.1,""whiff_rate"":0.0499,""csw_rate"":0.2358},{""code"":""SL"",""name"":""Slider"",""n"":540,""usage_pct"":33.8,""speed"":138.4,""k_stuff_plus"":105.37,""k_location_plus"":99.0,""whiff_rate"":0.1296,""csw_rate"":0.2926},{""code"":""CH"",""name"":""Changeup"",""n"":139,""usage_pct"":8.7,""speed"":139.9,""k_stuff_plus"":99.96,""k_location_plus"":91.2,""whiff_rate"":0.1007,""csw_rate"":0.1871},{""code"":""CU"",""name"":""Curve"",""n"":56,""usage_pct"":3.5,""speed"":123.6,""k_stuff_plus"":104.45,""k_location_plus"":93.1,""whiff_rate"":0.0893,""csw_rate"":0.2679}]","https://www.kbostuff.app/stuff/52530?season=2025"
"2025","52639","1039","145.79943502824858","97.31642980055035","97.73863333019251","0.1541501976284585","0.2015810276679842","0.06737247353224254","0.25601539942252166","Four-seam/Slider/Changeup","[{""code"":""FF"",""name"":""Four-seam"",""n"":708,""usage_pct"":68.1,""speed"":145.8,""k_stuff_plus"":96.1,""k_location_plus"":98.7,""whiff_rate"":0.0424,""csw_rate"":0.2613},{""code"":""SL"",""name"":""Slider"",""n"":213,""usage_pct"":20.5,""speed"":134.2,""k_stuff_plus"":102.18,""k_location_plus"":91.0,""whiff_rate"":0.1455,""csw_rate"":0.2817},{""code"":""CH"",""name"":""Changeup"",""n"":118,""usage_pct"":11.4,""speed"":134.6,""k_stuff_plus"":99.28,""k_location_plus"":93.6,""whiff_rate"":0.0763,""csw_rate"":0.178}]","https://www.kbostuff.app/stuff/52639?season=2025"
"2025","52641","570","144.19591836734693","99.00661183866772","100.92592622283097","0.2","0.06451612903225806","0.10350877192982456","0.2649122807017544","Four-seam/Slider/Splitter/Curve","[{""code"":""FF"",""name"":""Four-seam"",""n"":245,""usage_pct"":43,""speed"":144.2,""k_stuff_plus"":100.5,""k_location_plus"":101.3,""whiff_rate"":0.049,""csw_rate"":0.2286},{""code"":""SL"",""name"":""Slider"",""n"":200,""usage_pct"":35.1,""speed"":131.5,""k_stuff_plus"":99.52,""k_location_plus"":101.3,""whiff_rate"":0.17,""csw_rate"":0.33},{""code"":""FS"",""name"":""Splitter"",""n"":78,""usage_pct"":13.7,""speed"":130.1,""k_stuff_plus"":95.82,""k_location_plus"":99.8,""whiff_rate"":0.1026,""csw_rate"":0.2308},{""code"":""CU"",""name"":""Curve"",""n"":47,""usage_pct"":8.2,""speed"":117.1,""k_stuff_plus"":101.34,""k_location_plus"":102.9,""whiff_rate"":0.1064,""csw_rate"":0.234}]","https://www.kbostuff.app/stuff/52641?season=2025"
"2025","52701","1931","152.12004287245446","109.17845265227652","101.94427018168253","0.2694610778443114","0.06187624750499002","0.13102019678922838","0.30450543759709997","Four-seam/Splitter/Slider/Curve/Sinker","[{""code"":""FF"",""name"":""Four-seam"",""n"":910,""usage_pct"":47.1,""speed"":152.3,""k_stuff_plus"":105.16,""k_location_plus"":105.4,""whiff_rate"":0.0769,""csw_rate"":0.2615},{""code"":""FS"",""name"":""Splitter"",""n"":390,""usage_pct"":20.2,""speed"":137.6,""k_stuff_plus"":112.04,""k_location_plus"":90.7,""whiff_rate"":0.2718,""csw_rate"":0.3436},{""code"":""SL"",""name"":""Slider"",""n"":327,""usage_pct"":16.9,""speed"":137.2,""k_stuff_plus"":105.95,""k_location_plus"":102.8,""whiff_rate"":0.1743,""csw_rate"":0.3486},{""code"":""CU"",""name"":""Curve"",""n"":281,""usage_pct"":14.6,""speed"":125.1,""k_stuff_plus"":101.56,""k_location_plus"":110.5,""whiff_rate"":0.0676,""csw_rate"":0.3452},{""code"":""SI"",""name"":""Sinker"",""n"":23,""usage_pct"":1.2,""speed"":143.1,""k_stuff_plus"":103.87,""k_location_plus"":96.1,""whiff_rate"":0.0435,""csw_rate"":0.2174}]","https://www.kbostuff.app/stuff/52701?season=2025"
"2025","52731","110","146.16923076923078","108.48496301068401","97.45465786336096","0.125","0.25","0.02727272727272727","0.24545454545454545","Four-seam/Slider/Curve","[{""code"":""FF"",""name"":""Four-seam"",""n"":65,""usage_pct"":59.1,""speed"":146.2,""k_stuff_plus"":108.97,""k_location_plus"":98.0,""whiff_rate"":0.0,""csw_rate"":0.2769},{""code"":""SL"",""name"":""Slider"",""n"":37,""usage_pct"":33.6,""speed"":133.3,""k_stuff_plus"":103.79,""k_location_plus"":102.0,""whiff_rate"":0.0811,""csw_rate"":0.2432},{""code"":""CU"",""name"":""Curve"",""n"":8,""usage_pct"":7.3,""speed"":122.2,""k_stuff_plus"":null,""k_location_plus"":92.6,""whiff_rate"":0.0,""csw_rate"":0.0}]","https://www.kbostuff.app/stuff/52731?season=2025"
"2025","52809","985","143.73261205564143","100.17448200448496","102.69830896707217","0.2412280701754386","0.11403508771929824","0.07918781725888324","0.2730964467005076","Four-seam/Splitter/Slider/Curve","[{""code"":""FF"",""name"":""Four-seam"",""n"":647,""usage_pct"":65.7,""speed"":143.7,""k_stuff_plus"":101.7,""k_location_plus"":102.7,""whiff_rate"":0.0757,""csw_rate"":0.2998},{""code"":""FS"",""name"":""Splitter"",""n"":136,""usage_pct"":13.8,""speed"":128.2,""k_stuff_plus"":99.53,""k_location_plus"":105.2,""whiff_rate"":0.1029,""csw_rate"":0.1985},{""code"":""SL"",""name"":""Slider"",""n"":129,""usage_pct"":13.1,""speed"":129.4,""k_stuff_plus"":95.68,""k_location_plus"":100.7,""whiff_rate"":0.1085,""csw_rate"":0.2558},{""code"":""CU"",""name"":""Curve"",""n"":73,""usage_pct"":7.4,""speed"":115.4,""k_stuff_plus"":98.18,""k_location_plus"":94.9,""whiff_rate"":0.0137,""csw_rate"":0.2055}]","https://www.kbostuff.app/stuff/52809?season=2025"
"2025","52902","85","152.8793103448276","112.08361186918806","96.7842121994699","0.35","0.25","0.15294117647058825","0.2823529411764706","Four-seam/Slider/Splitter","[{""code"":""FF"",""name"":""Four-seam"",""n"":58,""usage_pct"":68.2,""speed"":152.9,""k_stuff_plus"":108.34,""k_location_plus"":96.1,""whiff_rate"":0.1034,""csw_rate"":0.2241},{""code"":""SL"",""name"":""Slider"",""n"":14,""usage_pct"":16.5,""speed"":135.5,""k_stuff_plus"":119.26,""k_location_plus"":96.7,""whiff_rate"":0.2143,""csw_rate"":0.4286},{""code"":""FS"",""name"":""Splitter"",""n"":13,""usage_pct"":15.3,""speed"":135.7,""k_stuff_plus"":106.62,""k_location_plus"":102.8,""whiff_rate"":0.3077,""csw_rate"":0.3846}]","https://www.kbostuff.app/stuff/52902?season=2025"
"2025","52903","258","140.32673267326732","90.66784517744603","105.27474535813951","0.06557377049180328","0.18032786885245902","0.06201550387596899","0.23255813953488372","Four-seam/Changeup/Splitter/Curve/Slider","[{""code"":""FF"",""name"":""Four-seam"",""n"":101,""usage_pct"":39.1,""speed"":140.3,""k_stuff_plus"":92.57,""k_location_plus"":103.4,""whiff_rate"":0.0396,""csw_rate"":0.297},{""code"":""CH"",""name"":""Changeup"",""n"":86,""usage_pct"":33.3,""speed"":122.9,""k_stuff_plus"":94.66,""k_location_plus"":107.8,""whiff_rate"":0.093,""csw_rate"":0.2558},{""code"":""FS"",""name"":""Splitter"",""n"":47,""usage_pct"":18.2,""speed"":131.3,""k_stuff_plus"":94.19,""k_location_plus"":104.6,""whiff_rate"":0.0638,""csw_rate"":0.1064},{""code"":""CU"",""name"":""Curve"",""n"":13,""usage_pct"":5,""speed"":117.5,""k_stuff_plus"":93.86,""k_location_plus"":96.9,""whiff_rate"":0.0,""csw_rate"":0.0769},{""code"":""SL"",""name"":""Slider"",""n"":11,""usage_pct"":4.3,""speed"":131.0,""k_stuff_plus"":96.92,""k_location_plus"":99.3,""whiff_rate"":0.0909,""csw_rate"":0.1818}]","https://www.kbostuff.app/stuff/52903?season=2025"
"2025","52992","695","145.01556420233464","98.4310918034156","96.49080147815594","0.17647058823529413","0.11764705882352941","0.08776978417266187","0.28633093525179854","Slider/Four-seam/Curve/Changeup","[{""code"":""SL"",""name"":""Slider"",""n"":302,""usage_pct"":43.5,""speed"":132.1,""k_stuff_plus"":100.83,""k_location_plus"":102.3,""whiff_rate"":0.1391,""csw_rate"":0.3974},{""code"":""FF"",""name"":""Four-seam"",""n"":257,""usage_pct"":37,""speed"":145.0,""k_stuff_plus"":94.73,""k_location_plus"":95.0,""whiff_rate"":0.035,""csw_rate"":0.2062},{""code"":""CU"",""name"":""Curve"",""n"":81,""usage_pct"":11.7,""speed"":123.3,""k_stuff_plus"":104.56,""k_location_plus"":97.4,""whiff_rate"":0.0988,""csw_rate"":0.2593},{""code"":""CH"",""name"":""Changeup"",""n"":55,""usage_pct"":7.9,""speed"":132.0,""k_stuff_plus"":95.76,""k_location_plus"":90.7,""whiff_rate"":0.0364,""csw_rate"":0.0909}]","https://www.kbostuff.app/stuff/52992?season=2025"
"2025","52995","1284","146.06315789473683","97.62842377318411","101.92971634345248","0.11314984709480122","0.1437308868501529","0.07165109034267912","0.23052959501557632","Four-seam/Changeup/Slider/Curve/Cutter","[{""code"":""FF"",""name"":""Four-seam"",""n"":561,""usage_pct"":43.7,""speed"":146.2,""k_stuff_plus"":98.98,""k_location_plus"":101.1,""whiff_rate"":0.0446,""csw_rate"":0.2139},{""code"":""CH"",""name"":""Changeup"",""n"":378,""usage_pct"":29.4,""speed"":133.9,""k_stuff_plus"":98.14,""k_location_plus"":108.9,""whiff_rate"":0.0926,""csw_rate"":0.2381},{""code"":""SL"",""name"":""Slider"",""n"":248,""usage_pct"":19.3,""speed"":137.2,""k_stuff_plus"":98.14,""k_location_plus"":96.8,""whiff_rate"":0.1008,""csw_rate"":0.2661},{""code"":""CU"",""name"":""Curve"",""n"":88,""usage_pct"":6.9,""speed"":127.8,""k_stuff_plus"":99.04,""k_location_plus"":94.9,""whiff_rate"":0.0795,""csw_rate"":0.1932},{""code"":""FC"",""name"":""Cutter"",""n"":9,""usage_pct"":0.7,""speed"":140.0,""k_stuff_plus"":null,""k_location_plus"":96.8,""whiff_rate"":0.0,""csw_rate"":0.3333}]","https://www.kbostuff.app/stuff/52995?season=2025"
"2025","53006","94","142.79661016949152","102.20147117011904","93.56781057928168","0.038461538461538464","0.2692307692307692","0.06382978723404255","0.2127659574468085","Four-seam/Slider/Curve/Cutter","[{""code"":""FF"",""name"":""Four-seam"",""n"":53,""usage_pct"":56.4,""speed"":143.3,""k_stuff_plus"":106.5,""k_location_plus"":100.5,""whiff_rate"":0.0755,""csw_rate"":0.2642},{""code"":""SL"",""name"":""Slider"",""n"":25,""usage_pct"":26.6,""speed"":134.1,""k_stuff_plus"":95.63,""k_location_plus"":96.2,""whiff_rate"":0.04,""csw_rate"":0.12},{""code"":""CU"",""name"":""Curve"",""n"":10,""usage_pct"":10.6,""speed"":121.2,""k_stuff_plus"":93.08,""k_location_plus"":93.0,""whiff_rate"":0.0,""csw_rate"":0.1},{""code"":""FC"",""name"":""Cutter"",""n"":6,""usage_pct"":6.4,""speed"":138.3,""k_stuff_plus"":96.63,""k_location_plus"":95.8,""whiff_rate"":0.1667,""csw_rate"":0.3333}]","https://www.kbostuff.app/stuff/53006?season=2025"
"2025","53139","621","146.10863509749305","99.12990872437305","96.56254626645023","0.17857142857142858","0.09523809523809523","0.09339774557165861","0.2528180354267311","Four-seam/Changeup/Curve/Slider","[{""code"":""FF"",""name"":""Four-seam"",""n"":359,""usage_pct"":57.8,""speed"":146.1,""k_stuff_plus"":99.93,""k_location_plus"":97.8,""whiff_rate"":0.0947,""csw_rate"":0.2702},{""code"":""CH"",""name"":""Changeup"",""n"":130,""usage_pct"":20.9,""speed"":131.3,""k_stuff_plus"":98.86,""k_location_plus"":101.7,""whiff_rate"":0.1231,""csw_rate"":0.2385},{""code"":""CU"",""name"":""Curve"",""n"":128,""usage_pct"":20.6,""speed"":120.8,""k_stuff_plus"":99.75,""k_location_plus"":92.3,""whiff_rate"":0.0625,""csw_rate"":0.2266},{""code"":""SL"",""name"":""Slider"",""n"":4,""usage_pct"":0.6,""speed"":124.0,""k_stuff_plus"":null,""k_location_plus"":96.1,""whiff_rate"":0.0,""csw_rate"":0.0}]","https://www.kbostuff.app/stuff/53139?season=2025"
"2025","53164","203","149.66935483870967","109.00783087881226","89.74358361794428","0.20408163265306123","0.22448979591836735","0.13793103448275862","0.2857142857142857","Four-seam/Slider/Curve","[{""code"":""FF"",""name"":""Four-seam"",""n"":124,""usage_pct"":61.1,""speed"":149.7,""k_stuff_plus"":102.29,""k_location_plus"":93.0,""whiff_rate"":0.0565,""csw_rate"":0.2177},{""code"":""SL"",""name"":""Slider"",""n"":76,""usage_pct"":37.4,""speed"":137.7,""k_stuff_plus"":111.85,""k_location_plus"":90.1,""whiff_rate"":0.2763,""csw_rate"":0.4079},{""code"":""CU"",""name"":""Curve"",""n"":3,""usage_pct"":1.5,""speed"":128.3,""k_stuff_plus"":null,""k_location_plus"":97.0,""whiff_rate"":0.0,""csw_rate"":0.0}]","https://www.kbostuff.app/stuff/53164?season=2025"
"2025","53259","306","145.35714285714286","104.07523442040446","95.9416547797565","0.14864864864864866","0.12162162162162163","0.06862745098039216","0.22549019607843138","Four-seam/Slider/Curve/Splitter","[{""code"":""FF"",""name"":""Four-seam"",""n"":154,""usage_pct"":50.3,""speed"":145.4,""k_stuff_plus"":105.2,""k_location_plus"":100.4,""whiff_rate"":0.0325,""csw_rate"":0.1688},{""code"":""SL"",""name"":""Slider"",""n"":121,""usage_pct"":39.5,""speed"":134.3,""k_stuff_plus"":100.83,""k_location_plus"":97.1,""whiff_rate"":0.0992,""csw_rate"":0.314},{""code"":""CU"",""name"":""Curve"",""n"":18,""usage_pct"":5.9,""speed"":116.9,""k_stuff_plus"":100.98,""k_location_plus"":90.6,""whiff_rate"":0.1667,""csw_rate"":0.2222},{""code"":""FS"",""name"":""Splitter"",""n"":13,""usage_pct"":4.2,""speed"":132.8,""k_stuff_plus"":98.92,""k_location_plus"":100.1,""whiff_rate"":0.0769,""csw_rate"":0.0769}]","https://www.kbostuff.app/stuff/53259?season=2025"
"2025","53262","384","149.04368932038835","102.81894466164356","97.16901020371557","0.25882352941176473","0.16470588235294117","0.11979166666666667","0.3020833333333333","Four-seam/Slider/Curve/Splitter/Changeup","[{""code"":""FF"",""name"":""Four-seam"",""n"":206,""usage_pct"":53.6,""speed"":149.0,""k_stuff_plus"":104.37,""k_location_plus"":96.2,""whiff_rate"":0.1068,""csw_rate"":0.2718},{""code"":""SL"",""name"":""Slider"",""n"":130,""usage_pct"":33.9,""speed"":135.0,""k_stuff_plus"":100.49,""k_location_plus"":99.1,""whiff_rate"":0.1462,""csw_rate"":0.3692},{""code"":""CU"",""name"":""Curve"",""n"":37,""usage_pct"":9.6,""speed"":124.7,""k_stuff_plus"":100.05,""k_location_plus"":98.2,""whiff_rate"":0.1081,""csw_rate"":0.2703},{""code"":""FS"",""name"":""Splitter"",""n"":10,""usage_pct"":2.6,""speed"":137.8,""k_stuff_plus"":92.55,""k_location_plus"":98.9,""whiff_rate"":0.1,""csw_rate"":0.1},{""code"":""CH"",""name"":""Changeup"",""n"":1,""usage_pct"":0.3,""speed"":134.0,""k_stuff_plus"":null,""k_location_plus"":103.4,""whiff_rate"":0.0,""csw_rate"":1.0}]","https://www.kbostuff.app/stuff/53262?season=2025"
"2025","53301","905","141.46486486486486","95.38338124738796","100.49491623728763","0.17699115044247787","0.084070796460177","0.06408839779005525","0.23867403314917127","Four-seam/Curve/Slider/Changeup/Cutter/Splitter","[{""code"":""FF"",""name"":""Four-seam"",""n"":547,""usage_pct"":60.4,""speed"":141.6,""k_stuff_plus"":96.06,""k_location_plus"":97.7,""whiff_rate"":0.0439,""csw_rate"":0.1938},{""code"":""CU"",""name"":""Curve"",""n"":207,""usage_pct"":22.9,""speed"":124.8,""k_stuff_plus"":98.67,""k_location_plus"":99.8,""whiff_rate"":0.0435,""csw_rate"":0.2947},{""code"":""SL"",""name"":""Slider"",""n"":113,""usage_pct"":12.5,""speed"":134.0,""k_stuff_plus"":95.73,""k_location_plus"":103.8,""whiff_rate"":0.177,""csw_rate"":0.3805},{""code"":""CH"",""name"":""Changeup"",""n"":29,""usage_pct"":3.2,""speed"":133.4,""k_stuff_plus"":95.6,""k_location_plus"":106.2,""whiff_rate"":0.1379,""csw_rate"":0.1724},{""code"":""FC"",""name"":""Cutter"",""n"":8,""usage_pct"":0.9,""speed"":135.2,""k_stuff_plus"":98.38,""k_location_plus"":100.5,""whiff_rate"":0.125,""csw_rate"":0.125},{""code"":""FS"",""name"":""Splitter"",""n"":1,""usage_pct"":0.1,""speed"":134.0,""k_stuff_plus"":null,""k_location_plus"":96.6,""whiff_rate"":0.0,""csw_rate"":0.0}]","https://www.kbostuff.app/stuff/53301?season=2025"
"2025","53375","2914","145.20444191343964","99.97452603077913","110.94426960246764","0.1806615776081425","0.04580152671755725","0.10020590253946465","0.28448867536032946","Four-seam/Changeup/Sinker/Curve/Cutter/Slider","[{""code"":""FF"",""name"":""Four-seam"",""n"":921,""usage_pct"":31.6,""speed"":146.8,""k_stuff_plus"":99.95,""k_location_plus"":110.8,""whiff_rate"":0.0717,""csw_rate"":0.2541},{""code"":""CH"",""name"":""Changeup"",""n"":650,""usage_pct"":22.3,""speed"":135.6,""k_stuff_plus"":100.95,""k_location_plus"":112.1,""whiff_rate"":0.1677,""csw_rate"":0.2831},{""code"":""SI"",""name"":""Sinker"",""n"":524,""usage_pct"":18,""speed"":146.0,""k_stuff_plus"":95.99,""k_location_plus"":106.9,""whiff_rate"":0.042,""csw_rate"":0.2863},{""code"":""CU"",""name"":""Curve"",""n"":312,""usage_pct"":10.7,""speed"":129.4,""k_stuff_plus"":101.37,""k_location_plus"":110.7,""whiff_rate"":0.1058,""csw_rate"":0.3397},{""code"":""FC"",""name"":""Cutter"",""n"":311,""usage_pct"":10.7,""speed"":139.0,""k_stuff_plus"":99.44,""k_location_plus"":96.6,""whiff_rate"":0.1061,""csw_rate"":0.3023},{""code"":""SL"",""name"":""Slider"",""n"":196,""usage_pct"":6.7,""speed"":136.0,""k_stuff_plus"":99.87,""k_location_plus"":109.3,""whiff_rate"":0.148,""csw_rate"":0.3112}]","https://www.kbostuff.app/stuff/53375?season=2025"
"2025","53455","1025","145.28552803129074","106.59278886631209","99.95480223397614","0.27380952380952384","0.11507936507936507","0.11024390243902439","0.29365853658536584","Four-seam/Cutter/Curve/Slider/Changeup/Splitter","[{""code"":""FF"",""name"":""Four-seam"",""n"":549,""usage_pct"":53.6,""speed"":148.2,""k_stuff_plus"":104.85,""k_location_plus"":98.7,""whiff_rate"":0.102,""csw_rate"":0.2805},{""code"":""FC"",""name"":""Cutter"",""n"":218,""usage_pct"":21.3,""speed"":138.0,""k_stuff_plus"":100.24,""k_location_plus"":100.0,""whiff_rate"":0.1422,""csw_rate"":0.3807},{""code"":""CU"",""name"":""Curve"",""n"":163,""usage_pct"":15.9,""speed"":126.1,""k_stuff_plus"":102.84,""k_location_plus"":89.3,""whiff_rate"":0.1043,""csw_rate"":0.2331},{""code"":""SL"",""name"":""Slider"",""n"":90,""usage_pct"":8.8,""speed"":136.4,""k_stuff_plus"":96.86,""k_location_plus"":105.5,""whiff_rate"":0.0889,""csw_rate"":0.2778},{""code"":""CH"",""name"":""Changeup"",""n"":3,""usage_pct"":0.3,""speed"":133.3,""k_stuff_plus"":107.6,""k_location_plus"":102.6,""whiff_rate"":0.3333,""csw_rate"":0.3333},{""code"":""FS"",""name"":""Splitter"",""n"":2,""usage_pct"":0.2,""speed"":140.0,""k_stuff_plus"":null,""k_location_plus"":95.9,""whiff_rate"":0.0,""csw_rate"":0.0}]","https://www.kbostuff.app/stuff/53455?season=2025"
"2025","53609","99","142.4927536231884","99.3147654857288","98.09103080847022","0.22727272727272727","0.2727272727272727","0.09090909090909091","0.35353535353535354","Sinker/Curve/Changeup","[{""code"":""SI"",""name"":""Sinker"",""n"":69,""usage_pct"":69.7,""speed"":142.5,""k_stuff_plus"":102.36,""k_location_plus"":96.4,""whiff_rate"":0.058,""csw_rate"":0.3478},{""code"":""CU"",""name"":""Curve"",""n"":25,""usage_pct"":25.3,""speed"":123.6,""k_stuff_plus"":103.21,""k_location_plus"":101.9,""whiff_rate"":0.2,""csw_rate"":0.4},{""code"":""CH"",""name"":""Changeup"",""n"":5,""usage_pct"":5.1,""speed"":127.2,""k_stuff_plus"":100.6,""k_location_plus"":98.7,""whiff_rate"":0.0,""csw_rate"":0.2}]","https://www.kbostuff.app/stuff/53609?season=2025"
"2025","53613","888","136.77136752136752","98.64711350575108","97.98713022283337","0.1894273127753304","0.13215859030837004","0.07545045045045046","0.268018018018018","Four-seam/Slider/Changeup/Cutter/Curve","[{""code"":""FF"",""name"":""Four-seam"",""n"":343,""usage_pct"":38.6,""speed"":138.7,""k_stuff_plus"":101.13,""k_location_plus"":94.5,""whiff_rate"":0.0379,""csw_rate"":0.2711},{""code"":""SL"",""name"":""Slider"",""n"":220,""usage_pct"":24.8,""speed"":124.7,""k_stuff_plus"":96.49,""k_location_plus"":102.6,""whiff_rate"":0.1409,""csw_rate"":0.3182},{""code"":""CH"",""name"":""Changeup"",""n"":126,""usage_pct"":14.2,""speed"":128.3,""k_stuff_plus"":96.19,""k_location_plus"":96.7,""whiff_rate"":0.0873,""csw_rate"":0.1746},{""code"":""FC"",""name"":""Cutter"",""n"":125,""usage_pct"":14.1,""speed"":131.5,""k_stuff_plus"":98.23,""k_location_plus"":96.4,""whiff_rate"":0.048,""csw_rate"":0.248},{""code"":""CU"",""name"":""Curve"",""n"":74,""usage_pct"":8.3,""speed"":118.4,""k_stuff_plus"":99.93,""k_location_plus"":100.0,""whiff_rate"":0.0811,""csw_rate"":0.2973}]","https://www.kbostuff.app/stuff/53613?season=2025"
"2025","53615","242","143.0072463768116","94.93686111295875","100.54633851623635","0.13846153846153847","0.12307692307692308","0.09504132231404959","0.2396694214876033","Four-seam/Changeup/Curve","[{""code"":""FF"",""name"":""Four-seam"",""n"":138,""usage_pct"":57,""speed"":143.0,""k_stuff_plus"":96.36,""k_location_plus"":98.1,""whiff_rate"":0.0725,""csw_rate"":0.2029},{""code"":""CH"",""name"":""Changeup"",""n"":94,""usage_pct"":38.8,""speed"":131.8,""k_stuff_plus"":97.08,""k_location_plus"":104.2,""whiff_rate"":0.1383,""csw_rate"":0.2979},{""code"":""CU"",""name"":""Curve"",""n"":10,""usage_pct"":4.1,""speed"":122.0,""k_stuff_plus"":null,""k_location_plus"":93.8,""whiff_rate"":0.0,""csw_rate"":0.2}]","https://www.kbostuff.app/stuff/53615?season=2025"
"2025","53754","1121","153.44267053701017","108.32175085451836","92.5446229047975","0.25357142857142856","0.11071428571428571","0.13559322033898305","0.3015165031222123","Four-seam/Slider/Changeup/Sinker/Curve/Splitter","[{""code"":""FF"",""name"":""Four-seam"",""n"":664,""usage_pct"":59.2,""speed"":153.4,""k_stuff_plus"":101.79,""k_location_plus"":96.4,""whiff_rate"":0.0783,""csw_rate"":0.259},{""code"":""SL"",""name"":""Slider"",""n"":352,""usage_pct"":31.4,""speed"":134.7,""k_stuff_plus"":112.63,""k_location_plus"":85.1,""whiff_rate"":0.2216,""csw_rate"":0.3835},{""code"":""CH"",""name"":""Changeup"",""n"":72,""usage_pct"":6.4,""speed"":142.3,""k_stuff_plus"":109.95,""k_location_plus"":97.9,""whiff_rate"":0.2639,""csw_rate"":0.3056},{""code"":""SI"",""name"":""Sinker"",""n"":25,""usage_pct"":2.2,""speed"":153.8,""k_stuff_plus"":107.0,""k_location_plus"":98.0,""whiff_rate"":0.04,""csw_rate"":0.2},{""code"":""CU"",""name"":""Curve"",""n"":6,""usage_pct"":0.5,""speed"":127.2,""k_stuff_plus"":113.35,""k_location_plus"":101.7,""whiff_rate"":0.1667,""csw_rate"":0.5},{""code"":""FS"",""name"":""Splitter"",""n"":2,""usage_pct"":0.2,""speed"":144.5,""k_stuff_plus"":102.32,""k_location_plus"":100.7,""whiff_rate"":0.5,""csw_rate"":0.5}]","https://www.kbostuff.app/stuff/53754?season=2025"
"2025","53892","1252","147.6689655172414","102.70017315671919","103.34392011304756","0.21639344262295082","0.08524590163934426","0.10543130990415335","0.29313099041533547","Four-seam/Changeup/Slider/Curve","[{""code"":""FF"",""name"":""Four-seam"",""n"":580,""usage_pct"":46.3,""speed"":147.7,""k_stuff_plus"":99.2,""k_location_plus"":105.0,""whiff_rate"":0.081,""csw_rate"":0.2672},{""code"":""CH"",""name"":""Changeup"",""n"":297,""usage_pct"":23.7,""speed"":126.2,""k_stuff_plus"":105.37,""k_location_plus"":96.8,""whiff_rate"":0.1549,""csw_rate"":0.2525},{""code"":""SL"",""name"":""Slider"",""n"":245,""usage_pct"":19.6,""speed"":136.9,""k_stuff_plus"":105.23,""k_location_plus"":100.8,""whiff_rate"":0.1347,""csw_rate"":0.3469},{""code"":""CU"",""name"":""Curve"",""n"":130,""usage_pct"":10.4,""speed"":124.6,""k_stuff_plus"":99.04,""k_location_plus"":107.1,""whiff_rate"":0.0462,""csw_rate"":0.4}]","https://www.kbostuff.app/stuff/53892?season=2025"
"2025","53898","1057","143.56386861313868","94.90058476062273","97.73650750136686","0.1388888888888889","0.1076388888888889","0.07190160832544938","0.261116367076632","Four-seam/Curve/Slider/Splitter","[{""code"":""FF"",""name"":""Four-seam"",""n"":548,""usage_pct"":51.8,""speed"":143.6,""k_stuff_plus"":93.7,""k_location_plus"":98.7,""whiff_rate"":0.0547,""csw_rate"":0.2281},{""code"":""CU"",""name"":""Curve"",""n"":231,""usage_pct"":21.9,""speed"":116.2,""k_stuff_plus"":99.42,""k_location_plus"":104.9,""whiff_rate"":0.0649,""csw_rate"":0.3506},{""code"":""SL"",""name"":""Slider"",""n"":207,""usage_pct"":19.6,""speed"":134.7,""k_stuff_plus"":97.1,""k_location_plus"":94.2,""whiff_rate"":0.0918,""csw_rate"":0.256},{""code"":""FS"",""name"":""Splitter"",""n"":71,""usage_pct"":6.7,""speed"":131.9,""k_stuff_plus"":102.83,""k_location_plus"":94.8,""whiff_rate"":0.169,""csw_rate"":0.2394}]","https://www.kbostuff.app/stuff/53898?season=2025"
"2025","53919","302","151.26050420168067","111.89919408920709","84.84631448716432","0.27941176470588236","0.23529411764705882","0.10927152317880795","0.3079470198675497","Slider/Four-seam/Curve/Splitter","[{""code"":""SL"",""name"":""Slider"",""n"":151,""usage_pct"":50,""speed"":135.0,""k_stuff_plus"":110.81,""k_location_plus"":91.6,""whiff_rate"":0.1457,""csw_rate"":0.3709},{""code"":""FF"",""name"":""Four-seam"",""n"":119,""usage_pct"":39.4,""speed"":151.3,""k_stuff_plus"":105.24,""k_location_plus"":87.6,""whiff_rate"":0.0504,""csw_rate"":0.2521},{""code"":""CU"",""name"":""Curve"",""n"":30,""usage_pct"":9.9,""speed"":130.3,""k_stuff_plus"":104.67,""k_location_plus"":90.9,""whiff_rate"":0.1667,""csw_rate"":0.2333},{""code"":""FS"",""name"":""Splitter"",""n"":2,""usage_pct"":0.7,""speed"":139.0,""k_stuff_plus"":null,""k_location_plus"":95.4,""whiff_rate"":0.0,""csw_rate"":0.0}]","https://www.kbostuff.app/stuff/53919?season=2025"
"2025","53973","1112","145.06286836935166","99.12089704794657","97.8297404043362","0.16071428571428573","0.15","0.06474820143884892","0.25089928057553956","Four-seam/Slider/Splitter/Curve/Sinker","[{""code"":""FF"",""name"":""Four-seam"",""n"":494,""usage_pct"":44.4,""speed"":145.1,""k_stuff_plus"":97.54,""k_location_plus"":99.9,""whiff_rate"":0.0223,""csw_rate"":0.2004},{""code"":""SL"",""name"":""Slider"",""n"":297,""usage_pct"":26.7,""speed"":133.5,""k_stuff_plus"":100.08,""k_location_plus"":102.7,""whiff_rate"":0.101,""csw_rate"":0.3502},{""code"":""FS"",""name"":""Splitter"",""n"":212,""usage_pct"":19.1,""speed"":128.9,""k_stuff_plus"":102.43,""k_location_plus"":93.6,""whiff_rate"":0.1038,""csw_rate"":0.2311},{""code"":""CU"",""name"":""Curve"",""n"":94,""usage_pct"":8.5,""speed"":121.1,""k_stuff_plus"":100.32,""k_location_plus"":95.7,""whiff_rate"":0.0957,""csw_rate"":0.2553},{""code"":""SI"",""name"":""Sinker"",""n"":15,""usage_pct"":1.3,""speed"":143.1,""k_stuff_plus"":99.68,""k_location_plus"":99.9,""whiff_rate"":0.0,""csw_rate"":0.2}]","https://www.kbostuff.app/stuff/53973?season=2025"
"2025","54063","1005","146.7520325203252","99.60272312059789","100.7936637185243","0.17307692307692307","0.13846153846153847","0.09950248756218906","0.2935323383084577","Four-seam/Changeup/Curve/Sinker","[{""code"":""FF"",""name"":""Four-seam"",""n"":482,""usage_pct"":48,""speed"":146.8,""k_stuff_plus"":99.14,""k_location_plus"":101.5,""whiff_rate"":0.0373,""csw_rate"":0.2905},{""code"":""CH"",""name"":""Changeup"",""n"":367,""usage_pct"":36.5,""speed"":129.1,""k_stuff_plus"":99.99,""k_location_plus"":101.8,""whiff_rate"":0.1798,""csw_rate"":0.3488},{""code"":""CU"",""name"":""Curve"",""n"":146,""usage_pct"":14.5,""speed"":129.9,""k_stuff_plus"":101.52,""k_location_plus"":98.3,""whiff_rate"":0.1096,""csw_rate"":0.1712},{""code"":""SI"",""name"":""Sinker"",""n"":10,""usage_pct"":1,""speed"":144.9,""k_stuff_plus"":97.33,""k_location_plus"":100.0,""whiff_rate"":0.0,""csw_rate"":0.2}]","https://www.kbostuff.app/stuff/54063?season=2025"
"2025","54119","1133","147.0363901018923","104.9962781654577","105.82578343764607","0.2644927536231884","0.08695652173913043","0.10679611650485436","0.30714916151809357","Four-seam/Curve/Slider/Changeup/Cutter/Sinker","[{""code"":""FF"",""name"":""Four-seam"",""n"":607,""usage_pct"":53.6,""speed"":147.8,""k_stuff_plus"":102.95,""k_location_plus"":108.4,""whiff_rate"":0.0824,""csw_rate"":0.3031},{""code"":""CU"",""name"":""Curve"",""n"":213,""usage_pct"":18.8,""speed"":121.0,""k_stuff_plus"":105.55,""k_location_plus"":99.1,""whiff_rate"":0.1174,""csw_rate"":0.3239},{""code"":""SL"",""name"":""Slider"",""n"":133,""usage_pct"":11.7,""speed"":129.6,""k_stuff_plus"":105.49,""k_location_plus"":103.6,""whiff_rate"":0.1805,""csw_rate"":0.3759},{""code"":""CH"",""name"":""Changeup"",""n"":100,""usage_pct"":8.8,""speed"":135.0,""k_stuff_plus"":99.12,""k_location_plus"":103.2,""whiff_rate"":0.15,""csw_rate"":0.29},{""code"":""FC"",""name"":""Cutter"",""n"":60,""usage_pct"":5.3,""speed"":139.4,""k_stuff_plus"":100.98,""k_location_plus"":97.1,""whiff_rate"":0.1,""csw_rate"":0.1833},{""code"":""SI"",""name"":""Sinker"",""n"":20,""usage_pct"":1.8,""speed"":145.8,""k_stuff_plus"":98.7,""k_location_plus"":101.5,""whiff_rate"":0.05,""csw_rate"":0.25}]","https://www.kbostuff.app/stuff/54119?season=2025"
"2025","54263","1151","150.46539379474942","112.83025761666288","91.54800058615002","0.2801418439716312","0.1099290780141844","0.1520417028670721","0.2797567332754127","Four-seam/Slider/Changeup/Splitter/Curve","[{""code"":""FF"",""name"":""Four-seam"",""n"":838,""usage_pct"":72.8,""speed"":150.5,""k_stuff_plus"":109.0,""k_location_plus"":94.4,""whiff_rate"":0.1325,""csw_rate"":0.2661},{""code"":""SL"",""name"":""Slider"",""n"":271,""usage_pct"":23.5,""speed"":134.8,""k_stuff_plus"":114.62,""k_location_plus"":85.0,""whiff_rate"":0.2251,""csw_rate"":0.3542},{""code"":""CH"",""name"":""Changeup"",""n"":19,""usage_pct"":1.7,""speed"":135.8,""k_stuff_plus"":102.2,""k_location_plus"":94.9,""whiff_rate"":0.0,""csw_rate"":0.0},{""code"":""FS"",""name"":""Splitter"",""n"":19,""usage_pct"":1.7,""speed"":139.2,""k_stuff_plus"":105.76,""k_location_plus"":100.8,""whiff_rate"":0.1579,""csw_rate"":0.1579},{""code"":""CU"",""name"":""Curve"",""n"":4,""usage_pct"":0.3,""speed"":121.5,""k_stuff_plus"":90.92,""k_location_plus"":95.0,""whiff_rate"":0.0,""csw_rate"":0.0}]","https://www.kbostuff.app/stuff/54263?season=2025"
"2025","54319","1642","143.98535564853557","100.52781689035373","99.20592057213146","0.12322274881516587","0.10426540284360189","0.08404384896467722","0.2356881851400731","Four-seam/Curve/Splitter/Slider/Sinker/Cutter","[{""code"":""FF"",""name"":""Four-seam"",""n"":833,""usage_pct"":50.7,""speed"":144.1,""k_stuff_plus"":102.36,""k_location_plus"":99.3,""whiff_rate"":0.0624,""csw_rate"":0.2101},{""code"":""CU"",""name"":""Curve"",""n"":352,""usage_pct"":21.4,""speed"":121.6,""k_stuff_plus"":98.41,""k_location_plus"":101.8,""whiff_rate"":0.0881,""csw_rate"":0.2784},{""code"":""FS"",""name"":""Splitter"",""n"":193,""usage_pct"":11.8,""speed"":131.5,""k_stuff_plus"":101.33,""k_location_plus"":96.6,""whiff_rate"":0.1658,""csw_rate"":0.2383},{""code"":""SL"",""name"":""Slider"",""n"":141,""usage_pct"":8.6,""speed"":133.7,""k_stuff_plus"":99.86,""k_location_plus"":99.7,""whiff_rate"":0.1206,""csw_rate"":0.2553},{""code"":""SI"",""name"":""Sinker"",""n"":119,""usage_pct"":7.2,""speed"":143.2,""k_stuff_plus"":96.3,""k_location_plus"":97.1,""whiff_rate"":0.0504,""csw_rate"":0.2521},{""code"":""FC"",""name"":""Cutter"",""n"":4,""usage_pct"":0.2,""speed"":137.2,""k_stuff_plus"":null,""k_location_plus"":101.0,""whiff_rate"":0.0,""csw_rate"":0.5}]","https://www.kbostuff.app/stuff/54319?season=2025"
"2025","54354","2709","149.5010101010101","110.15075703152787","103.83638121339114","0.23174157303370788","0.06179775280898876","0.12698412698412698","0.3049095607235142","Four-seam/Slider/Changeup/Sinker/Curve","[{""code"":""FF"",""name"":""Four-seam"",""n"":1198,""usage_pct"":44.2,""speed"":149.5,""k_stuff_plus"":113.44,""k_location_plus"":100.7,""whiff_rate"":0.0977,""csw_rate"":0.2863},{""code"":""SL"",""name"":""Slider"",""n"":540,""usage_pct"":19.9,""speed"":135.9,""k_stuff_plus"":105.93,""k_location_plus"":105.5,""whiff_rate"":0.1778,""csw_rate"":0.3593},{""code"":""CH"",""name"":""Changeup"",""n"":540,""usage_pct"":19.9,""speed"":139.0,""k_stuff_plus"":102.75,""k_location_plus"":104.3,""whiff_rate"":0.1741,""csw_rate"":0.3148},{""code"":""SI"",""name"":""Sinker"",""n"":287,""usage_pct"":10.6,""speed"":149.6,""k_stuff_plus"":108.06,""k_location_plus"":106.7,""whiff_rate"":0.0801,""csw_rate"":0.2613},{""code"":""CU"",""name"":""Curve"",""n"":143,""usage_pct"":5.3,""speed"":122.3,""k_stuff_plus"":103.93,""k_location_plus"":95.7,""whiff_rate"":0.0979,""csw_rate"":0.3077},{""code"":""ST"",""name"":""Sweeper"",""n"":1,""usage_pct"":0,""speed"":130.0,""k_stuff_plus"":107.53,""k_location_plus"":95.9,""whiff_rate"":0.0,""csw_rate"":0.0}]","https://www.kbostuff.app/stuff/54354?season=2025"
"2025","54362","394","148.2785234899329","99.76762298903684","98.32634292973219","0.13157894736842105","0.16666666666666666","0.06345177664974619","0.2131979695431472","Four-seam/Sinker/Curve/Sweeper/Slider/Splitter/SV","[{""code"":""FF"",""name"":""Four-seam"",""n"":161,""usage_pct"":40.9,""speed"":148.2,""k_stuff_plus"":101.23,""k_location_plus"":103.0,""whiff_rate"":0.0497,""csw_rate"":0.1925},{""code"":""SI"",""name"":""Sinker"",""n"":137,""usage_pct"":34.8,""speed"":148.3,""k_stuff_plus"":101.35,""k_location_plus"":92.7,""whiff_rate"":0.0438,""csw_rate"":0.2336},{""code"":""CU"",""name"":""Curve"",""n"":62,""usage_pct"":15.7,""speed"":123.8,""k_stuff_plus"":102.94,""k_location_plus"":94.4,""whiff_rate"":0.129,""csw_rate"":0.2258},{""code"":""ST"",""name"":""Sweeper"",""n"":12,""usage_pct"":3,""speed"":125.6,""k_stuff_plus"":94.16,""k_location_plus"":103.1,""whiff_rate"":0.0,""csw_rate"":0.25},{""code"":""SL"",""name"":""Slider"",""n"":10,""usage_pct"":2.5,""speed"":133.1,""k_stuff_plus"":97.8,""k_location_plus"":96.7,""whiff_rate"":0.2,""csw_rate"":0.2},{""code"":""FS"",""name"":""Splitter"",""n"":9,""usage_pct"":2.3,""speed"":133.1,""k_stuff_plus"":111.72,""k_location_plus"":92.7,""whiff_rate"":0.1111,""csw_rate"":0.1111},{""code"":""SV"",""name"":""SV"",""n"":3,""usage_pct"":0.8,""speed"":126.0,""k_stuff_plus"":100.0,""k_location_plus"":100.0,""whiff_rate"":0.0,""csw_rate"":0.3333}]","https://www.kbostuff.app/stuff/54362?season=2025"
"2025","54363","78","144.66666666666666","103.04874188762489","92.25360011427232","0.05555555555555555","0.3333333333333333","0.05128205128205128","0.24358974358974358","Four-seam/Slider","[{""code"":""FF"",""name"":""Four-seam"",""n"":42,""usage_pct"":53.8,""speed"":144.7,""k_stuff_plus"":111.42,""k_location_plus"":93.8,""whiff_rate"":0.0,""csw_rate"":0.1905},{""code"":""SL"",""name"":""Slider"",""n"":36,""usage_pct"":46.2,""speed"":138.9,""k_stuff_plus"":95.35,""k_location_plus"":97.2,""whiff_rate"":0.1111,""csw_rate"":0.3056}]","https://www.kbostuff.app/stuff/54363?season=2025"
"2025","54368","930","141.13095238095238","97.42582132068424","94.9162241609479","0.112","0.1","0.05268817204301075","0.23763440860215054","Four-seam/Slider/Changeup/Curve/Sinker/Splitter","[{""code"":""FF"",""name"":""Four-seam"",""n"":499,""usage_pct"":53.7,""speed"":141.1,""k_stuff_plus"":97.5,""k_location_plus"":97.2,""whiff_rate"":0.0461,""csw_rate"":0.2305},{""code"":""SL"",""name"":""Slider"",""n"":235,""usage_pct"":25.3,""speed"":126.3,""k_stuff_plus"":100.12,""k_location_plus"":94.5,""whiff_rate"":0.0766,""csw_rate"":0.2723},{""code"":""CH"",""name"":""Changeup"",""n"":96,""usage_pct"":10.3,""speed"":127.5,""k_stuff_plus"":99.26,""k_location_plus"":94.3,""whiff_rate"":0.0729,""csw_rate"":0.2083},{""code"":""CU"",""name"":""Curve"",""n"":94,""usage_pct"":10.1,""speed"":119.1,""k_stuff_plus"":96.37,""k_location_plus"":95.2,""whiff_rate"":0.0106,""csw_rate"":0.2234},{""code"":""SI"",""name"":""Sinker"",""n"":5,""usage_pct"":0.5,""speed"":140.2,""k_stuff_plus"":97.47,""k_location_plus"":97.0,""whiff_rate"":0.0,""csw_rate"":0.2},{""code"":""FS"",""name"":""Splitter"",""n"":1,""usage_pct"":0.1,""speed"":128.0,""k_stuff_plus"":null,""k_location_plus"":96.6,""whiff_rate"":0.0,""csw_rate"":0.0}]","https://www.kbostuff.app/stuff/54368?season=2025"
"2025","54401","392","144.12222222222223","96.1749829433763","98.66578649547748","0.18095238095238095","0.14285714285714285","0.10459183673469388","0.28316326530612246","Four-seam/Slider/Splitter/Curve","[{""code"":""FF"",""name"":""Four-seam"",""n"":180,""usage_pct"":45.9,""speed"":144.1,""k_stuff_plus"":94.9,""k_location_plus"":97.1,""whiff_rate"":0.0722,""csw_rate"":0.2444},{""code"":""SL"",""name"":""Slider"",""n"":136,""usage_pct"":34.7,""speed"":129.3,""k_stuff_plus"":98.55,""k_location_plus"":105.5,""whiff_rate"":0.1471,""csw_rate"":0.375},{""code"":""FS"",""name"":""Splitter"",""n"":48,""usage_pct"":12.2,""speed"":133.6,""k_stuff_plus"":100.82,""k_location_plus"":96.4,""whiff_rate"":0.1458,""csw_rate"":0.25},{""code"":""CU"",""name"":""Curve"",""n"":28,""usage_pct"":7.1,""speed"":119.1,""k_stuff_plus"":95.98,""k_location_plus"":96.5,""whiff_rate"":0.0357,""csw_rate"":0.1429}]","https://www.kbostuff.app/stuff/54401?season=2025"
"2025","54404","560","143.7629179331307","100.45250951450181","96.82513955243385","0.14285714285714285","0.18045112781954886","0.10535714285714286","0.23035714285714284","Four-seam/Changeup/Cutter/Curve/Slider/Splitter","[{""code"":""FF"",""name"":""Four-seam"",""n"":247,""usage_pct"":44.1,""speed"":145.9,""k_stuff_plus"":100.67,""k_location_plus"":95.0,""whiff_rate"":0.0567,""csw_rate"":0.1862},{""code"":""CH"",""name"":""Changeup"",""n"":111,""usage_pct"":19.8,""speed"":133.4,""k_stuff_plus"":97.29,""k_location_plus"":99.8,""whiff_rate"":0.1802,""csw_rate"":0.2703},{""code"":""FC"",""name"":""Cutter"",""n"":82,""usage_pct"":14.6,""speed"":137.5,""k_stuff_plus"":99.52,""k_location_plus"":93.1,""whiff_rate"":0.1341,""csw_rate"":0.2561},{""code"":""CU"",""name"":""Curve"",""n"":73,""usage_pct"":13,""speed"":129.8,""k_stuff_plus"":98.49,""k_location_plus"":98.7,""whiff_rate"":0.0685,""csw_rate"":0.2055},{""code"":""SL"",""name"":""Slider"",""n"":46,""usage_pct"":8.2,""speed"":135.9,""k_stuff_plus"":98.91,""k_location_plus"":104.0,""whiff_rate"":0.1957,""csw_rate"":0.3696},{""code"":""FS"",""name"":""Splitter"",""n"":1,""usage_pct"":0.2,""speed"":134.0,""k_stuff_plus"":null,""k_location_plus"":96.6,""whiff_rate"":0.0,""csw_rate"":0.0}]","https://www.kbostuff.app/stuff/54404?season=2025"
"2025","54443","841","142.4968152866242","99.6962785465887","108.82559372524877","0.16279069767441862","0.05581395348837209","0.093935790725327","0.2699167657550535","Four-seam/Slider/Changeup/Cutter/Sinker","[{""code"":""FF"",""name"":""Four-seam"",""n"":281,""usage_pct"":33.4,""speed"":144.8,""k_stuff_plus"":101.83,""k_location_plus"":105.7,""whiff_rate"":0.0391,""csw_rate"":0.2278},{""code"":""SL"",""name"":""Slider"",""n"":218,""usage_pct"":25.9,""speed"":127.0,""k_stuff_plus"":96.95,""k_location_plus"":108.9,""whiff_rate"":0.1422,""csw_rate"":0.3394},{""code"":""CH"",""name"":""Changeup"",""n"":152,""usage_pct"":18.1,""speed"":132.4,""k_stuff_plus"":98.62,""k_location_plus"":103.3,""whiff_rate"":0.1447,""csw_rate"":0.2697},{""code"":""FC"",""name"":""Cutter"",""n"":124,""usage_pct"":14.7,""speed"":136.8,""k_stuff_plus"":98.62,""k_location_plus"":105.3,""whiff_rate"":0.0887,""csw_rate"":0.2177},{""code"":""SI"",""name"":""Sinker"",""n"":66,""usage_pct"":7.8,""speed"":143.4,""k_stuff_plus"":98.76,""k_location_plus"":104.6,""whiff_rate"":0.0606,""csw_rate"":0.3182}]","https://www.kbostuff.app/stuff/54443?season=2025"
"2025","54467","23","144.41666666666666","95.89936019214885","104.59199938062288","0.0","0.0","0.08695652173913043","0.2608695652173913","Four-seam/Slider/Changeup","[{""code"":""FF"",""name"":""Four-seam"",""n"":12,""usage_pct"":52.2,""speed"":144.4,""k_stuff_plus"":95.84,""k_location_plus"":103.7,""whiff_rate"":0.1667,""csw_rate"":0.4167},{""code"":""SL"",""name"":""Slider"",""n"":8,""usage_pct"":34.8,""speed"":127.4,""k_stuff_plus"":97.92,""k_location_plus"":98.8,""whiff_rate"":0.0,""csw_rate"":0.125},{""code"":""CH"",""name"":""Changeup"",""n"":3,""usage_pct"":13,""speed"":131.3,""k_stuff_plus"":102.09,""k_location_plus"":102.6,""whiff_rate"":0.0,""csw_rate"":0.0}]","https://www.kbostuff.app/stuff/54467?season=2025"
"2025","54503","235","145.19230769230768","98.89136296027937","104.18283593069533","0.171875","0.09375","0.09787234042553192","0.28936170212765955","Four-seam/Slider/Splitter/Curve/Changeup","[{""code"":""FF"",""name"":""Four-seam"",""n"":104,""usage_pct"":44.3,""speed"":145.2,""k_stuff_plus"":97.49,""k_location_plus"":103.1,""whiff_rate"":0.0481,""csw_rate"":0.2404},{""code"":""SL"",""name"":""Slider"",""n"":101,""usage_pct"":43,""speed"":133.3,""k_stuff_plus"":100.32,""k_location_plus"":102.3,""whiff_rate"":0.1584,""csw_rate"":0.3564},{""code"":""FS"",""name"":""Splitter"",""n"":21,""usage_pct"":8.9,""speed"":132.4,""k_stuff_plus"":102.66,""k_location_plus"":104.4,""whiff_rate"":0.0952,""csw_rate"":0.1905},{""code"":""CU"",""name"":""Curve"",""n"":7,""usage_pct"":3,""speed"":123.7,""k_stuff_plus"":null,""k_location_plus"":98.6,""whiff_rate"":0.0,""csw_rate"":0.4286},{""code"":""CH"",""name"":""Changeup"",""n"":2,""usage_pct"":0.9,""speed"":127.5,""k_stuff_plus"":93.62,""k_location_plus"":103.7,""whiff_rate"":0.0,""csw_rate"":0.0}]","https://www.kbostuff.app/stuff/54503?season=2025"
"2025","54537","853","141.41964285714286","94.85026883999672","104.50756368977665","0.2315270935960591","0.12807881773399016","0.08675263774912075","0.30011723329425555","Slider/Four-seam/Curve/Changeup","[{""code"":""SL"",""name"":""Slider"",""n"":437,""usage_pct"":51.2,""speed"":127.9,""k_stuff_plus"":96.39,""k_location_plus"":108.3,""whiff_rate"":0.1213,""csw_rate"":0.3295},{""code"":""FF"",""name"":""Four-seam"",""n"":336,""usage_pct"":39.4,""speed"":141.4,""k_stuff_plus"":96.73,""k_location_plus"":99.9,""whiff_rate"":0.0506,""csw_rate"":0.2679},{""code"":""CU"",""name"":""Curve"",""n"":68,""usage_pct"":8,""speed"":119.4,""k_stuff_plus"":93.93,""k_location_plus"":103.0,""whiff_rate"":0.0441,""csw_rate"":0.2794},{""code"":""CH"",""name"":""Changeup"",""n"":12,""usage_pct"":1.4,""speed"":125.8,""k_stuff_plus"":93.34,""k_location_plus"":98.0,""whiff_rate"":0.0833,""csw_rate"":0.25}]","https://www.kbostuff.app/stuff/54537?season=2025"
"2025","54608","21","144.93333333333334","96.87787250989875","102.96814481075847","0.125","0.0","0.09523809523809523","0.19047619047619047","Four-seam/Slider/Splitter","[{""code"":""FF"",""name"":""Four-seam"",""n"":15,""usage_pct"":71.4,""speed"":144.9,""k_stuff_plus"":94.33,""k_location_plus"":102.2,""whiff_rate"":0.0667,""csw_rate"":0.2},{""code"":""SL"",""name"":""Slider"",""n"":3,""usage_pct"":14.3,""speed"":134.7,""k_stuff_plus"":104.5,""k_location_plus"":100.5,""whiff_rate"":0.3333,""csw_rate"":0.3333},{""code"":""FS"",""name"":""Splitter"",""n"":3,""usage_pct"":14.3,""speed"":134.0,""k_stuff_plus"":99.35,""k_location_plus"":102.2,""whiff_rate"":0.0,""csw_rate"":0.0}]","https://www.kbostuff.app/stuff/54608?season=2025"
"2025","54610","749","139.2681744749596","100.69052581469857","102.41446634000361","0.15151515151515152","0.06565656565656566","0.09746328437917223","0.2817089452603471","Cutter/Sinker/Curve/Splitter","[{""code"":""FC"",""name"":""Cutter"",""n"":321,""usage_pct"":42.9,""speed"":135.8,""k_stuff_plus"":97.85,""k_location_plus"":99.1,""whiff_rate"":0.1651,""csw_rate"":0.2928},{""code"":""SI"",""name"":""Sinker"",""n"":298,""usage_pct"":39.8,""speed"":143.1,""k_stuff_plus"":101.77,""k_location_plus"":101.4,""whiff_rate"":0.0268,""csw_rate"":0.2886},{""code"":""CU"",""name"":""Curve"",""n"":129,""usage_pct"":17.2,""speed"":125.1,""k_stuff_plus"":98.54,""k_location_plus"":92.9,""whiff_rate"":0.093,""csw_rate"":0.2403},{""code"":""FS"",""name"":""Splitter"",""n"":1,""usage_pct"":0.1,""speed"":133.0,""k_stuff_plus"":null,""k_location_plus"":102.0,""whiff_rate"":0.0,""csw_rate"":0.0}]","https://www.kbostuff.app/stuff/54610?season=2025"
"2025","54640","2515","147.26919967663702","98.8099026848004","104.6242975008359","0.2289156626506024","0.061746987951807226","0.09900596421471174","0.28986083499005966","Sinker/Slider/Changeup/Sweeper/Cutter/Four-seam/Curve","[{""code"":""SI"",""name"":""Sinker"",""n"":804,""usage_pct"":32,""speed"":148.3,""k_stuff_plus"":100.65,""k_location_plus"":100.0,""whiff_rate"":0.0522,""csw_rate"":0.2799},{""code"":""SL"",""name"":""Slider"",""n"":491,""usage_pct"":19.5,""speed"":134.5,""k_stuff_plus"":101.11,""k_location_plus"":106.6,""whiff_rate"":0.167,""csw_rate"":0.3462},{""code"":""CH"",""name"":""Changeup"",""n"":488,""usage_pct"":19.4,""speed"":139.9,""k_stuff_plus"":96.66,""k_location_plus"":108.6,""whiff_rate"":0.082,""csw_rate"":0.248},{""code"":""ST"",""name"":""Sweeper"",""n"":276,""usage_pct"":11,""speed"":134.6,""k_stuff_plus"":99.73,""k_location_plus"":102.9,""whiff_rate"":0.1377,""csw_rate"":0.3478},{""code"":""FC"",""name"":""Cutter"",""n"":250,""usage_pct"":9.9,""speed"":142.9,""k_stuff_plus"":99.07,""k_location_plus"":92.5,""whiff_rate"":0.132,""csw_rate"":0.316},{""code"":""FF"",""name"":""Four-seam"",""n"":183,""usage_pct"":7.3,""speed"":148.7,""k_stuff_plus"":100.37,""k_location_plus"":95.1,""whiff_rate"":0.071,""csw_rate"":0.1803},{""code"":""CU"",""name"":""Curve"",""n"":23,""usage_pct"":0.9,""speed"":124.3,""k_stuff_plus"":92.59,""k_location_plus"":102.5,""whiff_rate"":0.0435,""csw_rate"":0.2174}]","https://www.kbostuff.app/stuff/54640?season=2025"
"2025","54645","54","139.14285714285714","96.40590201393474","102.66761539740926","0.11764705882352941","0.11764705882352941","0.1111111111111111","0.2962962962962963","Four-seam/Changeup/Curve","[{""code"":""FF"",""name"":""Four-seam"",""n"":28,""usage_pct"":51.9,""speed"":139.1,""k_stuff_plus"":93.39,""k_location_plus"":102.7,""whiff_rate"":0.0,""csw_rate"":0.2857},{""code"":""CH"",""name"":""Changeup"",""n"":18,""usage_pct"":33.3,""speed"":124.7,""k_stuff_plus"":99.94,""k_location_plus"":102.5,""whiff_rate"":0.2222,""csw_rate"":0.2778},{""code"":""CU"",""name"":""Curve"",""n"":8,""usage_pct"":14.8,""speed"":122.6,""k_stuff_plus"":101.86,""k_location_plus"":100.5,""whiff_rate"":0.25,""csw_rate"":0.375}]","https://www.kbostuff.app/stuff/54645?season=2025"
"2025","54702","36","152.33333333333334","95.95985006993143","101.87824488261951","0.0","0.2","0.027777777777777776","0.16666666666666666","Four-seam/Slider","[{""code"":""FF"",""name"":""Four-seam"",""n"":30,""usage_pct"":83.3,""speed"":152.3,""k_stuff_plus"":97.02,""k_location_plus"":101.4,""whiff_rate"":0.0333,""csw_rate"":0.1667},{""code"":""SL"",""name"":""Slider"",""n"":6,""usage_pct"":16.7,""speed"":134.3,""k_stuff_plus"":null,""k_location_plus"":97.9,""whiff_rate"":0.0,""csw_rate"":0.1667}]","https://www.kbostuff.app/stuff/54702?season=2025"
"2025","54729","1004","143.70481927710844","97.65893076200535","102.81975463122674","0.23553719008264462","0.10743801652892562","0.08764940239043825","0.31175298804780877","Four-seam/Splitter/Curve/Slider","[{""code"":""FF"",""name"":""Four-seam"",""n"":498,""usage_pct"":49.6,""speed"":143.7,""k_stuff_plus"":96.86,""k_location_plus"":104.9,""whiff_rate"":0.0422,""csw_rate"":0.3133},{""code"":""FS"",""name"":""Splitter"",""n"":407,""usage_pct"":40.5,""speed"":126.2,""k_stuff_plus"":99.98,""k_location_plus"":104.4,""whiff_rate"":0.1523,""csw_rate"":0.3243},{""code"":""CU"",""name"":""Curve"",""n"":77,""usage_pct"":7.7,""speed"":110.8,""k_stuff_plus"":96.9,""k_location_plus"":101.4,""whiff_rate"":0.0649,""csw_rate"":0.3117},{""code"":""SL"",""name"":""Slider"",""n"":22,""usage_pct"":2.2,""speed"":126.8,""k_stuff_plus"":94.63,""k_location_plus"":96.0,""whiff_rate"":0.0,""csw_rate"":0.0455}]","https://www.kbostuff.app/stuff/54729?season=2025"
"2025","54755","2836","151.7375189107413","109.55491423870838","103.45089745321545","0.28551724137931034","0.07724137931034483","0.13399153737658676","0.32933709449929477","Four-seam/Slider/Curve/Sweeper/Changeup","[{""code"":""FF"",""name"":""Four-seam"",""n"":1322,""usage_pct"":46.6,""speed"":151.7,""k_stuff_plus"":108.02,""k_location_plus"":105.7,""whiff_rate"":0.1036,""csw_rate"":0.3086},{""code"":""SL"",""name"":""Slider"",""n"":701,""usage_pct"":24.7,""speed"":135.0,""k_stuff_plus"":106.85,""k_location_plus"":103.6,""whiff_rate"":0.1683,""csw_rate"":0.3638},{""code"":""CU"",""name"":""Curve"",""n"":351,""usage_pct"":12.4,""speed"":129.1,""k_stuff_plus"":104.72,""k_location_plus"":99.1,""whiff_rate"":0.114,""csw_rate"":0.3305},{""code"":""ST"",""name"":""Sweeper"",""n"":281,""usage_pct"":9.9,""speed"":134.3,""k_stuff_plus"":107.24,""k_location_plus"":97.3,""whiff_rate"":0.1993,""csw_rate"":0.3808},{""code"":""CH"",""name"":""Changeup"",""n"":181,""usage_pct"":6.4,""speed"":139.7,""k_stuff_plus"":105.4,""k_location_plus"":97.4,""whiff_rate"":0.1602,""csw_rate"":0.2652}]","https://www.kbostuff.app/stuff/54755?season=2025"
"2025","54768","1057","144.006","98.36511075782357","97.91271234863402","0.1519434628975265","0.10247349823321555","0.09744560075685904","0.27625354777672656","Four-seam/Slider/Changeup/Splitter","[{""code"":""FF"",""name"":""Four-seam"",""n"":500,""usage_pct"":47.3,""speed"":144.0,""k_stuff_plus"":96.5,""k_location_plus"":104.6,""whiff_rate"":0.038,""csw_rate"":0.262},{""code"":""SL"",""name"":""Slider"",""n"":381,""usage_pct"":36,""speed"":126.7,""k_stuff_plus"":100.58,""k_location_plus"":87.8,""whiff_rate"":0.1522,""csw_rate"":0.2913},{""code"":""CH"",""name"":""Changeup"",""n"":174,""usage_pct"":16.5,""speed"":128.5,""k_stuff_plus"":100.95,""k_location_plus"":94.4,""whiff_rate"":0.1494,""csw_rate"":0.2874},{""code"":""FS"",""name"":""Splitter"",""n"":2,""usage_pct"":0.2,""speed"":125.5,""k_stuff_plus"":93.48,""k_location_plus"":100.6,""whiff_rate"":0.0,""csw_rate"":0.0}]","https://www.kbostuff.app/stuff/54768?season=2025"
"2025","54802","426","138.85714285714286","96.81048092340947","90.20972679735092","0.11818181818181818","0.10909090909090909","0.07981220657276995","0.2746478873239437","Four-seam/Changeup/Curve/Slider/Sinker","[{""code"":""FF"",""name"":""Four-seam"",""n"":239,""usage_pct"":56.1,""speed"":138.9,""k_stuff_plus"":94.72,""k_location_plus"":95.9,""whiff_rate"":0.0586,""csw_rate"":0.2929},{""code"":""CH"",""name"":""Changeup"",""n"":114,""usage_pct"":26.8,""speed"":123.3,""k_stuff_plus"":104.08,""k_location_plus"":86.6,""whiff_rate"":0.1228,""csw_rate"":0.2544},{""code"":""CU"",""name"":""Curve"",""n"":54,""usage_pct"":12.7,""speed"":119.7,""k_stuff_plus"":96.85,""k_location_plus"":99.8,""whiff_rate"":0.0556,""csw_rate"":0.2222},{""code"":""SL"",""name"":""Slider"",""n"":13,""usage_pct"":3.1,""speed"":120.8,""k_stuff_plus"":103.56,""k_location_plus"":96.7,""whiff_rate"":0.2308,""csw_rate"":0.3846},{""code"":""SI"",""name"":""Sinker"",""n"":6,""usage_pct"":1.4,""speed"":136.8,""k_stuff_plus"":95.4,""k_location_plus"":101.7,""whiff_rate"":0.0,""csw_rate"":0.1667}]","https://www.kbostuff.app/stuff/54802?season=2025"
"2025","54803","290","144.70503597122303","96.18752021373606","102.47485376921776","0.14285714285714285","0.07792207792207792","0.07241379310344828","0.27241379310344827","Four-seam/Slider/Curve/Splitter","[{""code"":""FF"",""name"":""Four-seam"",""n"":139,""usage_pct"":47.9,""speed"":144.7,""k_stuff_plus"":95.6,""k_location_plus"":103.1,""whiff_rate"":0.036,""csw_rate"":0.1799},{""code"":""SL"",""name"":""Slider"",""n"":79,""usage_pct"":27.2,""speed"":133.9,""k_stuff_plus"":97.51,""k_location_plus"":101.1,""whiff_rate"":0.1392,""csw_rate"":0.4177},{""code"":""CU"",""name"":""Curve"",""n"":49,""usage_pct"":16.9,""speed"":117.2,""k_stuff_plus"":99.39,""k_location_plus"":103.2,""whiff_rate"":0.0816,""csw_rate"":0.4082},{""code"":""FS"",""name"":""Splitter"",""n"":23,""usage_pct"":7.9,""speed"":128.1,""k_stuff_plus"":100.84,""k_location_plus"":99.6,""whiff_rate"":0.0435,""csw_rate"":0.0435}]","https://www.kbostuff.app/stuff/54803?season=2025"
"2025","54833","2790","152.68875502008032","116.28911540726541","102.57821704988238","0.35353535353535354","0.0735930735930736","0.15268817204301074","0.34121863799283153","Four-seam/Curve/Changeup/Slider/Cutter","[{""code"":""FF"",""name"":""Four-seam"",""n"":1446,""usage_pct"":51.8,""speed"":153.0,""k_stuff_plus"":115.0,""k_location_plus"":101.8,""whiff_rate"":0.1438,""csw_rate"":0.3015},{""code"":""CU"",""name"":""Curve"",""n"":586,""usage_pct"":21,""speed"":128.3,""k_stuff_plus"":106.22,""k_location_plus"":107.0,""whiff_rate"":0.1485,""csw_rate"":0.4215},{""code"":""CH"",""name"":""Changeup"",""n"":553,""usage_pct"":19.8,""speed"":143.0,""k_stuff_plus"":111.67,""k_location_plus"":99.0,""whiff_rate"":0.1971,""csw_rate"":0.3689},{""code"":""SL"",""name"":""Slider"",""n"":157,""usage_pct"":5.6,""speed"":134.9,""k_stuff_plus"":103.66,""k_location_plus"":108.7,""whiff_rate"":0.1083,""csw_rate"":0.3503},{""code"":""FC"",""name"":""Cutter"",""n"":48,""usage_pct"":1.7,""speed"":142.5,""k_stuff_plus"":100.97,""k_location_plus"":89.9,""whiff_rate"":0.1042,""csw_rate"":0.2083}]","https://www.kbostuff.app/stuff/54833?season=2025"
"2025","54900","34","145.9090909090909","97.01798047333774","94.43949287031143","0.0","0.375","0.0","0.17647058823529413","Four-seam/Slider/Curve/Splitter","[{""code"":""FF"",""name"":""Four-seam"",""n"":22,""usage_pct"":64.7,""speed"":145.9,""k_stuff_plus"":97.88,""k_location_plus"":94.0,""whiff_rate"":0.0,""csw_rate"":0.1364},{""code"":""SL"",""name"":""Slider"",""n"":6,""usage_pct"":17.6,""speed"":130.5,""k_stuff_plus"":null,""k_location_plus"":96.5,""whiff_rate"":0.0,""csw_rate"":0.1667},{""code"":""CU"",""name"":""Curve"",""n"":4,""usage_pct"":11.8,""speed"":123.8,""k_stuff_plus"":null,""k_location_plus"":103.4,""whiff_rate"":0.0,""csw_rate"":0.5},{""code"":""FS"",""name"":""Splitter"",""n"":2,""usage_pct"":5.9,""speed"":134.5,""k_stuff_plus"":null,""k_location_plus"":100.6,""whiff_rate"":0.0,""csw_rate"":0.0}]","https://www.kbostuff.app/stuff/54900?season=2025"
"2025","54903","274","145.86274509803923","98.25572624621184","98.94948038046327","0.2","0.12","0.11678832116788321","0.2737226277372263","Four-seam/Slider/Changeup","[{""code"":""FF"",""name"":""Four-seam"",""n"":153,""usage_pct"":55.8,""speed"":145.9,""k_stuff_plus"":97.42,""k_location_plus"":96.1,""whiff_rate"":0.098,""csw_rate"":0.281},{""code"":""SL"",""name"":""Slider"",""n"":87,""usage_pct"":31.8,""speed"":131.0,""k_stuff_plus"":101.76,""k_location_plus"":102.9,""whiff_rate"":0.1379,""csw_rate"":0.2874},{""code"":""CH"",""name"":""Changeup"",""n"":34,""usage_pct"":12.4,""speed"":135.2,""k_stuff_plus"":97.31,""k_location_plus"":98.4,""whiff_rate"":0.1471,""csw_rate"":0.2059}]","https://www.kbostuff.app/stuff/54903?season=2025"
"2025","54904","804","147.37752161383284","100.84594044261118","103.8565027357038","0.16517857142857142","0.08482142857142858","0.08955223880597014","0.2860696517412935","Slider/Four-seam/Splitter/Sinker","[{""code"":""SL"",""name"":""Slider"",""n"":391,""usage_pct"":48.6,""speed"":135.8,""k_stuff_plus"":100.1,""k_location_plus"":108.0,""whiff_rate"":0.0997,""csw_rate"":0.3325},{""code"":""FF"",""name"":""Four-seam"",""n"":346,""usage_pct"":43,""speed"":147.4,""k_stuff_plus"":101.82,""k_location_plus"":99.4,""whiff_rate"":0.0809,""csw_rate"":0.2543},{""code"":""FS"",""name"":""Splitter"",""n"":66,""usage_pct"":8.2,""speed"":135.6,""k_stuff_plus"":98.94,""k_location_plus"":101.5,""whiff_rate"":0.0758,""csw_rate"":0.1818},{""code"":""SI"",""name"":""Sinker"",""n"":1,""usage_pct"":0.1,""speed"":148.0,""k_stuff_plus"":null,""k_location_plus"":96.9,""whiff_rate"":0.0,""csw_rate"":0.0}]","https://www.kbostuff.app/stuff/54904?season=2025"
"2025","54913","96","141.5344827586207","95.90842094700392","92.20397915769215","0.08695652173913043","0.17391304347826086","0.11458333333333333","0.2604166666666667","Sinker/Slider/Changeup/Curve","[{""code"":""SI"",""name"":""Sinker"",""n"":58,""usage_pct"":60.4,""speed"":141.5,""k_stuff_plus"":97.85,""k_location_plus"":97.4,""whiff_rate"":0.069,""csw_rate"":0.2759},{""code"":""SL"",""name"":""Slider"",""n"":28,""usage_pct"":29.2,""speed"":134.3,""k_stuff_plus"":102.25,""k_location_plus"":93.8,""whiff_rate"":0.2143,""csw_rate"":0.2857},{""code"":""CH"",""name"":""Changeup"",""n"":5,""usage_pct"":5.2,""speed"":129.6,""k_stuff_plus"":96.2,""k_location_plus"":98.2,""whiff_rate"":0.0,""csw_rate"":0.0},{""code"":""CU"",""name"":""Curve"",""n"":5,""usage_pct"":5.2,""speed"":124.8,""k_stuff_plus"":105.09,""k_location_plus"":94.9,""whiff_rate"":0.2,""csw_rate"":0.2}]","https://www.kbostuff.app/stuff/54913?season=2025"
"2025","55032","967","150.41735537190084","100.3929924535685","106.24412340283618","0.16853932584269662","0.07865168539325842","0.08583247156153051","0.27714581178903824","Four-seam/Sinker/Curve/Slider/Changeup","[{""code"":""FF"",""name"":""Four-seam"",""n"":263,""usage_pct"":27.2,""speed"":150.5,""k_stuff_plus"":102.07,""k_location_plus"":107.2,""whiff_rate"":0.0456,""csw_rate"":0.2776},{""code"":""SI"",""name"":""Sinker"",""n"":221,""usage_pct"":22.9,""speed"":150.3,""k_stuff_plus"":99.75,""k_location_plus"":104.3,""whiff_rate"":0.0724,""csw_rate"":0.2579},{""code"":""CU"",""name"":""Curve"",""n"":211,""usage_pct"":21.8,""speed"":130.1,""k_stuff_plus"":100.89,""k_location_plus"":106.2,""whiff_rate"":0.0948,""csw_rate"":0.2701},{""code"":""SL"",""name"":""Slider"",""n"":181,""usage_pct"":18.7,""speed"":136.8,""k_stuff_plus"":103.52,""k_location_plus"":97.4,""whiff_rate"":0.1492,""csw_rate"":0.326},{""code"":""CH"",""name"":""Changeup"",""n"":91,""usage_pct"":9.4,""speed"":141.3,""k_stuff_plus"":100.08,""k_location_plus"":106.6,""whiff_rate"":0.0879,""csw_rate"":0.2418}]","https://www.kbostuff.app/stuff/55032?season=2025"
"2025","55040","66","146.85714285714286","111.19707889160865","95.2594778333982","0.21052631578947367","0.15789473684210525","0.13636363636363635","0.25757575757575757","Four-seam/Splitter","[{""code"":""FF"",""name"":""Four-seam"",""n"":42,""usage_pct"":63.6,""speed"":146.9,""k_stuff_plus"":107.94,""k_location_plus"":100.8,""whiff_rate"":0.0476,""csw_rate"":0.2143},{""code"":""FS"",""name"":""Splitter"",""n"":24,""usage_pct"":36.4,""speed"":136.5,""k_stuff_plus"":108.79,""k_location_plus"":96.6,""whiff_rate"":0.2917,""csw_rate"":0.3333}]","https://www.kbostuff.app/stuff/55040?season=2025"
"2025","55043","93","144.93650793650792","100.46446734963436","92.16423295549237","0.16666666666666666","0.3333333333333333","0.03225806451612903","0.20430107526881722","Four-seam/Slider/Sinker","[{""code"":""FF"",""name"":""Four-seam"",""n"":59,""usage_pct"":63.4,""speed"":145.0,""k_stuff_plus"":101.9,""k_location_plus"":94.8,""whiff_rate"":0.0169,""csw_rate"":0.1695},{""code"":""SL"",""name"":""Slider"",""n"":30,""usage_pct"":32.3,""speed"":129.0,""k_stuff_plus"":97.96,""k_location_plus"":94.3,""whiff_rate"":0.0667,""csw_rate"":0.3},{""code"":""SI"",""name"":""Sinker"",""n"":4,""usage_pct"":4.3,""speed"":144.2,""k_stuff_plus"":102.04,""k_location_plus"":95.0,""whiff_rate"":0.0,""csw_rate"":0.0}]","https://www.kbostuff.app/stuff/55043?season=2025"
"2025","55046","117","142.45205479452054","100.86772452171172","105.02129122459978","0.32142857142857145","0.14285714285714285","0.09401709401709402","0.26495726495726496","Four-seam/Curve/Slider/Splitter/Changeup","[{""code"":""FF"",""name"":""Four-seam"",""n"":73,""usage_pct"":62.4,""speed"":142.5,""k_stuff_plus"":103.65,""k_location_plus"":103.7,""whiff_rate"":0.0822,""csw_rate"":0.2192},{""code"":""CU"",""name"":""Curve"",""n"":28,""usage_pct"":23.9,""speed"":125.8,""k_stuff_plus"":97.11,""k_location_plus"":102.5,""whiff_rate"":0.1071,""csw_rate"":0.3214},{""code"":""SL"",""name"":""Slider"",""n"":10,""usage_pct"":8.5,""speed"":135.4,""k_stuff_plus"":95.07,""k_location_plus"":103.2,""whiff_rate"":0.1,""csw_rate"":0.4},{""code"":""FS"",""name"":""Splitter"",""n"":4,""usage_pct"":3.4,""speed"":132.5,""k_stuff_plus"":95.91,""k_location_plus"":101.9,""whiff_rate"":0.25,""csw_rate"":0.5},{""code"":""CH"",""name"":""Changeup"",""n"":2,""usage_pct"":1.7,""speed"":132.0,""k_stuff_plus"":null,""k_location_plus"":98.4,""whiff_rate"":0.0,""csw_rate"":0.0}]","https://www.kbostuff.app/stuff/55046?season=2025"
"2025","55121","35","151.2","100.06478241804538","89.02084735474452","0.0","0.5555555555555556","0.02857142857142857","0.11428571428571428","Four-seam/Slider/Changeup/Splitter","[{""code"":""FF"",""name"":""Four-seam"",""n"":30,""usage_pct"":85.7,""speed"":151.2,""k_stuff_plus"":100.37,""k_location_plus"":90.0,""whiff_rate"":0.0333,""csw_rate"":0.1333},{""code"":""SL"",""name"":""Slider"",""n"":2,""usage_pct"":5.7,""speed"":139.5,""k_stuff_plus"":null,""k_location_plus"":97.1,""whiff_rate"":0.0,""csw_rate"":0.0},{""code"":""CH"",""name"":""Changeup"",""n"":2,""usage_pct"":5.7,""speed"":144.0,""k_stuff_plus"":null,""k_location_plus"":98.4,""whiff_rate"":0.0,""csw_rate"":0.0},{""code"":""FS"",""name"":""Splitter"",""n"":1,""usage_pct"":2.9,""speed"":143.0,""k_stuff_plus"":null,""k_location_plus"":96.6,""whiff_rate"":0.0,""csw_rate"":0.0}]","https://www.kbostuff.app/stuff/55121?season=2025"
"2025","55122","31","145.28571428571428","111.07482891366081","106.40142323180127","0.2857142857142857","0.0","0.0967741935483871","0.25806451612903225","Four-seam/Slider/Splitter/Curve","[{""code"":""FF"",""name"":""Four-seam"",""n"":21,""usage_pct"":67.7,""speed"":145.3,""k_stuff_plus"":109.92,""k_location_plus"":106.0,""whiff_rate"":0.0952,""csw_rate"":0.2857},{""code"":""SL"",""name"":""Slider"",""n"":7,""usage_pct"":22.6,""speed"":136.7,""k_stuff_plus"":121.76,""k_location_plus"":98.3,""whiff_rate"":0.1429,""csw_rate"":0.2857},{""code"":""FS"",""name"":""Splitter"",""n"":2,""usage_pct"":6.5,""speed"":138.5,""k_stuff_plus"":89.05,""k_location_plus"":102.2,""whiff_rate"":0.0,""csw_rate"":0.0},{""code"":""CU"",""name"":""Curve"",""n"":1,""usage_pct"":3.2,""speed"":125.0,""k_stuff_plus"":null,""k_location_plus"":96.7,""whiff_rate"":0.0,""csw_rate"":0.0}]","https://www.kbostuff.app/stuff/55122?season=2025"
"2025","55130","709","147.1159737417943","104.2399563697487","106.56585053727885","0.24456521739130435","0.08695652173913043","0.09167842031029619","0.29901269393511987","Four-seam/Cutter/Splitter/Curve/Slider","[{""code"":""FF"",""name"":""Four-seam"",""n"":303,""usage_pct"":42.7,""speed"":151.1,""k_stuff_plus"":104.34,""k_location_plus"":110.0,""whiff_rate"":0.0759,""csw_rate"":0.3432},{""code"":""FC"",""name"":""Cutter"",""n"":154,""usage_pct"":21.7,""speed"":139.3,""k_stuff_plus"":99.04,""k_location_plus"":104.7,""whiff_rate"":0.0909,""csw_rate"":0.3117},{""code"":""FS"",""name"":""Splitter"",""n"":131,""usage_pct"":18.5,""speed"":135.2,""k_stuff_plus"":101.61,""k_location_plus"":91.9,""whiff_rate"":0.1679,""csw_rate"":0.1985},{""code"":""CU"",""name"":""Curve"",""n"":74,""usage_pct"":10.4,""speed"":122.8,""k_stuff_plus"":96.27,""k_location_plus"":104.5,""whiff_rate"":0.0541,""csw_rate"":0.3784},{""code"":""SL"",""name"":""Slider"",""n"":47,""usage_pct"":6.6,""speed"":139.4,""k_stuff_plus"":96.16,""k_location_plus"":105.9,""whiff_rate"":0.0426,""csw_rate"":0.1277}]","https://www.kbostuff.app/stuff/55130?season=2025"
"2025","55138","408","143.97989949748742","92.42927939158656","102.4351925203933","0.07476635514018691","0.037383177570093455","0.03431372549019608","0.24019607843137256","Four-seam/Splitter/Curve/Slider","[{""code"":""FF"",""name"":""Four-seam"",""n"":199,""usage_pct"":48.8,""speed"":144.0,""k_stuff_plus"":94.23,""k_location_plus"":99.9,""whiff_rate"":0.0151,""csw_rate"":0.2513},{""code"":""FS"",""name"":""Splitter"",""n"":127,""usage_pct"":31.1,""speed"":135.2,""k_stuff_plus"":94.13,""k_location_plus"":109.9,""whiff_rate"":0.0394,""csw_rate"":0.2047},{""code"":""CU"",""name"":""Curve"",""n"":79,""usage_pct"":19.4,""speed"":124.5,""k_stuff_plus"":97.77,""k_location_plus"":99.8,""whiff_rate"":0.0759,""csw_rate"":0.2785},{""code"":""SL"",""name"":""Slider"",""n"":3,""usage_pct"":0.7,""speed"":126.3,""k_stuff_plus"":93.89,""k_location_plus"":101.8,""whiff_rate"":0.0,""csw_rate"":0.0}]","https://www.kbostuff.app/stuff/55138?season=2025"
"2025","55146","2801","148.68220946915352","96.51488286414535","106.46190180322708","0.18588873812754408","0.048846675712347354","0.09675116029989289","0.29810781863620134","Sinker/Splitter/Slider/Sweeper/Four-seam","[{""code"":""SI"",""name"":""Sinker"",""n"":1292,""usage_pct"":46.1,""speed"":148.6,""k_stuff_plus"":96.06,""k_location_plus"":107.4,""whiff_rate"":0.0464,""csw_rate"":0.2817},{""code"":""FS"",""name"":""Splitter"",""n"":734,""usage_pct"":26.2,""speed"":137.6,""k_stuff_plus"":101.86,""k_location_plus"":104.8,""whiff_rate"":0.188,""csw_rate"":0.2888},{""code"":""SL"",""name"":""Slider"",""n"":389,""usage_pct"":13.9,""speed"":136.1,""k_stuff_plus"":100.2,""k_location_plus"":107.7,""whiff_rate"":0.0797,""csw_rate"":0.3496},{""code"":""ST"",""name"":""Sweeper"",""n"":283,""usage_pct"":10.1,""speed"":135.4,""k_stuff_plus"":99.1,""k_location_plus"":106.5,""whiff_rate"":0.1095,""csw_rate"":0.3852},{""code"":""FF"",""name"":""Four-seam"",""n"":102,""usage_pct"":3.6,""speed"":149.4,""k_stuff_plus"":105.24,""k_location_plus"":85.2,""whiff_rate"":0.1078,""csw_rate"":0.1373},{""code"":""CU"",""name"":""Curve"",""n"":1,""usage_pct"":0,""speed"":116.0,""k_stuff_plus"":null,""k_location_plus"":96.5,""whiff_rate"":0.0,""csw_rate"":0.0}]","https://www.kbostuff.app/stuff/55146?season=2025"
"2025","55167","953","152.66324786324788","106.88297179385768","100.74689769956485","0.2196078431372549","0.11764705882352941","0.11017838405036726","0.2759706190975866","Four-seam/Slider/Curve/Splitter/Cutter","[{""code"":""FF"",""name"":""Four-seam"",""n"":583,""usage_pct"":61.2,""speed"":152.7,""k_stuff_plus"":103.46,""k_location_plus"":98.9,""whiff_rate"":0.0789,""csw_rate"":0.2693},{""code"":""SL"",""name"":""Slider"",""n"":193,""usage_pct"":20.3,""speed"":143.0,""k_stuff_plus"":107.13,""k_location_plus"":104.5,""whiff_rate"":0.1813,""csw_rate"":0.2953},{""code"":""CU"",""name"":""Curve"",""n"":150,""usage_pct"":15.7,""speed"":132.3,""k_stuff_plus"":105.8,""k_location_plus"":102.1,""whiff_rate"":0.1067,""csw_rate"":0.2733},{""code"":""FS"",""name"":""Splitter"",""n"":25,""usage_pct"":2.6,""speed"":136.9,""k_stuff_plus"":106.84,""k_location_plus"":93.9,""whiff_rate"":0.28,""csw_rate"":0.28},{""code"":""FC"",""name"":""Cutter"",""n"":2,""usage_pct"":0.2,""speed"":145.5,""k_stuff_plus"":130.8,""k_location_plus"":95.4,""whiff_rate"":0.5,""csw_rate"":0.5}]","https://www.kbostuff.app/stuff/55167?season=2025"
"2025","55215","380","145.84297520661158","101.44756714661224","103.84244490481346","0.20430107526881722","0.08602150537634409","0.08947368421052632","0.30526315789473685","Four-seam/Curve/Slider/Splitter","[{""code"":""FF"",""name"":""Four-seam"",""n"":242,""usage_pct"":63.7,""speed"":145.8,""k_stuff_plus"":101.73,""k_location_plus"":109.2,""whiff_rate"":0.0744,""csw_rate"":0.3264},{""code"":""CU"",""name"":""Curve"",""n"":60,""usage_pct"":15.8,""speed"":117.2,""k_stuff_plus"":104.57,""k_location_plus"":97.0,""whiff_rate"":0.1167,""csw_rate"":0.3},{""code"":""SL"",""name"":""Slider"",""n"":59,""usage_pct"":15.5,""speed"":132.8,""k_stuff_plus"":97.14,""k_location_plus"":93.1,""whiff_rate"":0.1186,""csw_rate"":0.2881},{""code"":""FS"",""name"":""Splitter"",""n"":19,""usage_pct"":5,""speed"":128.5,""k_stuff_plus"":94.04,""k_location_plus"":98.6,""whiff_rate"":0.1053,""csw_rate"":0.1053}]","https://www.kbostuff.app/stuff/55215?season=2025"
"2025","55221","25","146.0","93.35489847626111","103.56042320073642","0.0","0.0","0.04","0.24","Four-seam/Slider/Splitter","[{""code"":""FF"",""name"":""Four-seam"",""n"":21,""usage_pct"":84,""speed"":146.0,""k_stuff_plus"":93.16,""k_location_plus"":102.2,""whiff_rate"":0.0,""csw_rate"":0.2381},{""code"":""SL"",""name"":""Slider"",""n"":2,""usage_pct"":8,""speed"":130.0,""k_stuff_plus"":93.1,""k_location_plus"":98.6,""whiff_rate"":0.0,""csw_rate"":0.0},{""code"":""FS"",""name"":""Splitter"",""n"":2,""usage_pct"":8,""speed"":130.5,""k_stuff_plus"":103.38,""k_location_plus"":101.8,""whiff_rate"":0.5,""csw_rate"":0.5}]","https://www.kbostuff.app/stuff/55221?season=2025"
"2025","55239","2690","143.30267558528428","102.11967629371992","104.32243005830007","0.21606648199445982","0.054016620498614956","0.09442379182156134","0.30185873605947955","Four-seam/Sinker/Cutter/Changeup/Slider/Sweeper/Curve","[{""code"":""FF"",""name"":""Four-seam"",""n"":853,""usage_pct"":31.7,""speed"":145.3,""k_stuff_plus"":103.51,""k_location_plus"":103.4,""whiff_rate"":0.075,""csw_rate"":0.2837},{""code"":""SI"",""name"":""Sinker"",""n"":578,""usage_pct"":21.5,""speed"":142.9,""k_stuff_plus"":102.34,""k_location_plus"":101.1,""whiff_rate"":0.0519,""csw_rate"":0.3633},{""code"":""FC"",""name"":""Cutter"",""n"":363,""usage_pct"":13.5,""speed"":139.1,""k_stuff_plus"":98.34,""k_location_plus"":109.7,""whiff_rate"":0.0799,""csw_rate"":0.281},{""code"":""CH"",""name"":""Changeup"",""n"":329,""usage_pct"":12.2,""speed"":133.1,""k_stuff_plus"":94.46,""k_location_plus"":102.9,""whiff_rate"":0.0517,""csw_rate"":0.231},{""code"":""SL"",""name"":""Slider"",""n"":307,""usage_pct"":11.4,""speed"":122.9,""k_stuff_plus"":103.15,""k_location_plus"":93.5,""whiff_rate"":0.1922,""csw_rate"":0.3225},{""code"":""ST"",""name"":""Sweeper"",""n"":200,""usage_pct"":7.4,""speed"":123.5,""k_stuff_plus"":105.92,""k_location_plus"":93.9,""whiff_rate"":0.225,""csw_rate"":0.345},{""code"":""CU"",""name"":""Curve"",""n"":60,""usage_pct"":2.2,""speed"":122.6,""k_stuff_plus"":102.74,""k_location_plus"":96.2,""whiff_rate"":0.1667,""csw_rate"":0.2333}]","https://www.kbostuff.app/stuff/55239?season=2025"
"2025","55257","2588","145.55839895013122","101.84134440874995","99.60153996710991","0.19722650231124808","0.12172573189522343","0.09080370942812983","0.27279752704791344","Four-seam/Sinker/Curve/Slider/Changeup/Cutter/Sweeper","[{""code"":""FF"",""name"":""Four-seam"",""n"":962,""usage_pct"":37.2,""speed"":146.8,""k_stuff_plus"":107.45,""k_location_plus"":88.7,""whiff_rate"":0.0956,""csw_rate"":0.2682},{""code"":""SI"",""name"":""Sinker"",""n"":430,""usage_pct"":16.6,""speed"":145.6,""k_stuff_plus"":99.94,""k_location_plus"":89.6,""whiff_rate"":0.0628,""csw_rate"":0.2744},{""code"":""CU"",""name"":""Curve"",""n"":383,""usage_pct"":14.8,""speed"":125.4,""k_stuff_plus"":99.06,""k_location_plus"":109.9,""whiff_rate"":0.1123,""csw_rate"":0.2924},{""code"":""SL"",""name"":""Slider"",""n"":337,""usage_pct"":13,""speed"":131.2,""k_stuff_plus"":97.79,""k_location_plus"":106.5,""whiff_rate"":0.0831,""csw_rate"":0.3175},{""code"":""CH"",""name"":""Changeup"",""n"":319,""usage_pct"":12.3,""speed"":134.4,""k_stuff_plus"":98.66,""k_location_plus"":103.0,""whiff_rate"":0.0972,""csw_rate"":0.2351},{""code"":""FC"",""name"":""Cutter"",""n"":132,""usage_pct"":5.1,""speed"":136.2,""k_stuff_plus"":99.17,""k_location_plus"":101.9,""whiff_rate"":0.0758,""csw_rate"":0.2273},{""code"":""ST"",""name"":""Sweeper"",""n"":25,""usage_pct"":1,""speed"":125.9,""k_stuff_plus"":95.51,""k_location_plus"":105.7,""whiff_rate"":0.16,""csw_rate"":0.24}]","https://www.kbostuff.app/stuff/55257?season=2025"
"2025","55267","571","143.4948096885813","97.88080935092664","98.02119295984227","0.11258278145695365","0.09933774834437085","0.0893169877408056","0.23992994746059546","Four-seam/Changeup/Slider/Curve/Splitter","[{""code"":""FF"",""name"":""Four-seam"",""n"":289,""usage_pct"":50.6,""speed"":143.5,""k_stuff_plus"":94.59,""k_location_plus"":99.2,""whiff_rate"":0.0242,""csw_rate"":0.1972},{""code"":""CH"",""name"":""Changeup"",""n"":161,""usage_pct"":28.2,""speed"":126.7,""k_stuff_plus"":104.41,""k_location_plus"":97.1,""whiff_rate"":0.2112,""csw_rate"":0.2795},{""code"":""SL"",""name"":""Slider"",""n"":89,""usage_pct"":15.6,""speed"":132.4,""k_stuff_plus"":95.32,""k_location_plus"":94.8,""whiff_rate"":0.1011,""csw_rate"":0.3146},{""code"":""CU"",""name"":""Curve"",""n"":31,""usage_pct"":5.4,""speed"":121.6,""k_stuff_plus"":96.61,""k_location_plus"":100.9,""whiff_rate"":0.0323,""csw_rate"":0.2258},{""code"":""FS"",""name"":""Splitter"",""n"":1,""usage_pct"":0.2,""speed"":127.0,""k_stuff_plus"":105.67,""k_location_plus"":102.0,""whiff_rate"":0.0,""csw_rate"":0.0}]","https://www.kbostuff.app/stuff/55267?season=2025"
"2025","55268","1336","143.59071729957805","94.64998914956966","103.6544323050088","0.15915915915915915","0.1021021021021021","0.0658682634730539","0.27245508982035926","Sinker/Slider/Splitter","[{""code"":""SI"",""name"":""Sinker"",""n"":711,""usage_pct"":53.2,""speed"":143.6,""k_stuff_plus"":97.7,""k_location_plus"":99.8,""whiff_rate"":0.0464,""csw_rate"":0.3066},{""code"":""SL"",""name"":""Slider"",""n"":449,""usage_pct"":33.6,""speed"":131.0,""k_stuff_plus"":98.46,""k_location_plus"":102.9,""whiff_rate"":0.0869,""csw_rate"":0.2584},{""code"":""FS"",""name"":""Splitter"",""n"":176,""usage_pct"":13.2,""speed"":134.2,""k_stuff_plus"":97.46,""k_location_plus"":102.2,""whiff_rate"":0.0909,""csw_rate"":0.1705}]","https://www.kbostuff.app/stuff/55268?season=2025"
"2025","55300","84","139.11764705882354","94.95147298088824","94.95332176951706","0.18181818181818182","0.18181818181818182","0.03571428571428571","0.19047619047619047","Four-seam/Slider/Splitter","[{""code"":""FF"",""name"":""Four-seam"",""n"":51,""usage_pct"":60.7,""speed"":139.1,""k_stuff_plus"":96.46,""k_location_plus"":94.3,""whiff_rate"":0.0,""csw_rate"":0.2157},{""code"":""SL"",""name"":""Slider"",""n"":21,""usage_pct"":25,""speed"":125.4,""k_stuff_plus"":97.84,""k_location_plus"":100.3,""whiff_rate"":0.1429,""csw_rate"":0.1905},{""code"":""FS"",""name"":""Splitter"",""n"":12,""usage_pct"":14.3,""speed"":124.0,""k_stuff_plus"":94.33,""k_location_plus"":101.0,""whiff_rate"":0.0,""csw_rate"":0.0833}]","https://www.kbostuff.app/stuff/55300?season=2025"
"2025","55301","452","142.8235294117647","96.59738199307824","98.82736065490522","0.1864406779661017","0.1016949152542373","0.07743362831858407","0.2610619469026549","Four-seam/Slider/Curve/Changeup","[{""code"":""FF"",""name"":""Four-seam"",""n"":221,""usage_pct"":48.9,""speed"":142.8,""k_stuff_plus"":98.08,""k_location_plus"":98.6,""whiff_rate"":0.0679,""csw_rate"":0.2489},{""code"":""SL"",""name"":""Slider"",""n"":129,""usage_pct"":28.5,""speed"":133.1,""k_stuff_plus"":96.47,""k_location_plus"":106.6,""whiff_rate"":0.1008,""csw_rate"":0.3333},{""code"":""CU"",""name"":""Curve"",""n"":101,""usage_pct"":22.3,""speed"":119.1,""k_stuff_plus"":98.11,""k_location_plus"":91.0,""whiff_rate"":0.0693,""csw_rate"":0.198},{""code"":""CH"",""name"":""Changeup"",""n"":1,""usage_pct"":0.2,""speed"":130.0,""k_stuff_plus"":null,""k_location_plus"":99.0,""whiff_rate"":0.0,""csw_rate"":0.0}]","https://www.kbostuff.app/stuff/55301?season=2025"
"2025","55313","1493","141.2233128834356","98.560186099106","97.74119923820548","0.14322916666666666","0.125","0.06764902880107167","0.25987943737441394","Four-seam/Slider/Curve/Splitter/Changeup","[{""code"":""FF"",""name"":""Four-seam"",""n"":815,""usage_pct"":54.6,""speed"":141.2,""k_stuff_plus"":100.1,""k_location_plus"":97.6,""whiff_rate"":0.0344,""csw_rate"":0.2503},{""code"":""SL"",""name"":""Slider"",""n"":404,""usage_pct"":27.1,""speed"":124.8,""k_stuff_plus"":98.2,""k_location_plus"":99.9,""whiff_rate"":0.1213,""csw_rate"":0.3193},{""code"":""CU"",""name"":""Curve"",""n"":147,""usage_pct"":9.8,""speed"":112.3,""k_stuff_plus"":94.29,""k_location_plus"":103.6,""whiff_rate"":0.0272,""csw_rate"":0.1973},{""code"":""FS"",""name"":""Splitter"",""n"":96,""usage_pct"":6.4,""speed"":121.9,""k_stuff_plus"":100.07,""k_location_plus"":92.2,""whiff_rate"":0.1458,""csw_rate"":0.1979},{""code"":""CH"",""name"":""Changeup"",""n"":31,""usage_pct"":2.1,""speed"":123.7,""k_stuff_plus"":103.27,""k_location_plus"":93.7,""whiff_rate"":0.1935,""csw_rate"":0.2258}]","https://www.kbostuff.app/stuff/55313?season=2025"
"2025","55322","1262","143.40545454545455","106.6780038182646","106.56986313255639","0.25","0.078125","0.12282091917591126","0.329635499207607","Four-seam/Slider/Changeup/Curve","[{""code"":""FF"",""name"":""Four-seam"",""n"":550,""usage_pct"":43.6,""speed"":143.4,""k_stuff_plus"":106.89,""k_location_plus"":110.1,""whiff_rate"":0.0636,""csw_rate"":0.3491},{""code"":""SL"",""name"":""Slider"",""n"":349,""usage_pct"":27.7,""speed"":131.1,""k_stuff_plus"":100.94,""k_location_plus"":103.5,""whiff_rate"":0.1318,""csw_rate"":0.3066},{""code"":""CH"",""name"":""Changeup"",""n"":265,""usage_pct"":21,""speed"":127.5,""k_stuff_plus"":108.17,""k_location_plus"":101.6,""whiff_rate"":0.2491,""csw_rate"":0.3434},{""code"":""CU"",""name"":""Curve"",""n"":98,""usage_pct"":7.8,""speed"":120.9,""k_stuff_plus"":97.95,""k_location_plus"":101.8,""whiff_rate"":0.0816,""csw_rate"":0.2653}]","https://www.kbostuff.app/stuff/55322?season=2025"
"2025","55342","756","141.7125748502994","100.28815014498318","106.9295426319191","0.20812182741116753","0.04568527918781726","0.09656084656084656","0.3134920634920635","Four-seam/Curve/Slider/Changeup/Sinker","[{""code"":""FF"",""name"":""Four-seam"",""n"":487,""usage_pct"":64.4,""speed"":141.8,""k_stuff_plus"":99.74,""k_location_plus"":107.4,""whiff_rate"":0.0842,""csw_rate"":0.3142},{""code"":""CU"",""name"":""Curve"",""n"":122,""usage_pct"":16.1,""speed"":120.8,""k_stuff_plus"":100.43,""k_location_plus"":105.4,""whiff_rate"":0.1557,""csw_rate"":0.377},{""code"":""SL"",""name"":""Slider"",""n"":100,""usage_pct"":13.2,""speed"":130.0,""k_stuff_plus"":104.62,""k_location_plus"":99.9,""whiff_rate"":0.1,""csw_rate"":0.3},{""code"":""CH"",""name"":""Changeup"",""n"":33,""usage_pct"":4.4,""speed"":134.3,""k_stuff_plus"":98.5,""k_location_plus"":99.9,""whiff_rate"":0.0303,""csw_rate"":0.1515},{""code"":""SI"",""name"":""Sinker"",""n"":14,""usage_pct"":1.9,""speed"":137.2,""k_stuff_plus"":98.31,""k_location_plus"":100.1,""whiff_rate"":0.1429,""csw_rate"":0.2143}]","https://www.kbostuff.app/stuff/55342?season=2025"
"2025","55348","329","144.35195530726256","105.27743829384644","101.43244769169877","0.18823529411764706","0.07058823529411765","0.11246200607902736","0.2857142857142857","Four-seam/Slider/Changeup/Curve","[{""code"":""FF"",""name"":""Four-seam"",""n"":179,""usage_pct"":54.4,""speed"":144.4,""k_stuff_plus"":109.02,""k_location_plus"":100.6,""whiff_rate"":0.0782,""csw_rate"":0.2682},{""code"":""SL"",""name"":""Slider"",""n"":85,""usage_pct"":25.8,""speed"":135.9,""k_stuff_plus"":98.58,""k_location_plus"":105.7,""whiff_rate"":0.2,""csw_rate"":0.3412},{""code"":""CH"",""name"":""Changeup"",""n"":47,""usage_pct"":14.3,""speed"":133.8,""k_stuff_plus"":105.59,""k_location_plus"":91.2,""whiff_rate"":0.1277,""csw_rate"":0.2553},{""code"":""CU"",""name"":""Curve"",""n"":18,""usage_pct"":5.5,""speed"":122.2,""k_stuff_plus"":93.21,""k_location_plus"":105.4,""whiff_rate"":0.0,""csw_rate"":0.2778}]","https://www.kbostuff.app/stuff/55348?season=2025"
"2025","55359","117","145.23595505617976","100.46873672867294","95.31335008797527","0.11764705882352941","0.14705882352941177","0.06837606837606838","0.1794871794871795","Four-seam/Slider/Curve/Splitter","[{""code"":""FF"",""name"":""Four-seam"",""n"":89,""usage_pct"":76.1,""speed"":145.2,""k_stuff_plus"":101.11,""k_location_plus"":98.0,""whiff_rate"":0.0674,""csw_rate"":0.191},{""code"":""SL"",""name"":""Slider"",""n"":16,""usage_pct"":13.7,""speed"":132.8,""k_stuff_plus"":100.18,""k_location_plus"":96.4,""whiff_rate"":0.125,""csw_rate"":0.25},{""code"":""CU"",""name"":""Curve"",""n"":11,""usage_pct"":9.4,""speed"":120.5,""k_stuff_plus"":96.69,""k_location_plus"":95.9,""whiff_rate"":0.0,""csw_rate"":0.0},{""code"":""FS"",""name"":""Splitter"",""n"":1,""usage_pct"":0.9,""speed"":133.0,""k_stuff_plus"":null,""k_location_plus"":96.6,""whiff_rate"":0.0,""csw_rate"":0.0}]","https://www.kbostuff.app/stuff/55359?season=2025"
"2025","55377","84","139.3409090909091","98.22508226532383","94.83947637026071","0.09090909090909091","0.18181818181818182","0.09523809523809523","0.20238095238095238","Four-seam/Changeup/Slider/Curve","[{""code"":""FF"",""name"":""Four-seam"",""n"":44,""usage_pct"":52.4,""speed"":139.3,""k_stuff_plus"":97.09,""k_location_plus"":96.0,""whiff_rate"":0.0227,""csw_rate"":0.1818},{""code"":""CH"",""name"":""Changeup"",""n"":22,""usage_pct"":26.2,""speed"":126.7,""k_stuff_plus"":99.11,""k_location_plus"":102.8,""whiff_rate"":0.1364,""csw_rate"":0.1818},{""code"":""SL"",""name"":""Slider"",""n"":16,""usage_pct"":19,""speed"":122.2,""k_stuff_plus"":102.07,""k_location_plus"":95.1,""whiff_rate"":0.25,""csw_rate"":0.25},{""code"":""CU"",""name"":""Curve"",""n"":2,""usage_pct"":2.4,""speed"":117.5,""k_stuff_plus"":null,""k_location_plus"":101.1,""whiff_rate"":0.0,""csw_rate"":0.5}]","https://www.kbostuff.app/stuff/55377?season=2025"
"2025","55382","108","141.17567567567568","97.17826839284048","93.0388010985885","0.10714285714285714","0.17857142857142858","0.05555555555555555","0.19444444444444445","Four-seam/Changeup/Slider/Curve","[{""code"":""FF"",""name"":""Four-seam"",""n"":74,""usage_pct"":68.5,""speed"":141.2,""k_stuff_plus"":95.37,""k_location_plus"":88.7,""whiff_rate"":0.027,""csw_rate"":0.1486},{""code"":""CH"",""name"":""Changeup"",""n"":14,""usage_pct"":13,""speed"":123.1,""k_stuff_plus"":98.2,""k_location_plus"":102.5,""whiff_rate"":0.0714,""csw_rate"":0.1429},{""code"":""SL"",""name"":""Slider"",""n"":11,""usage_pct"":10.2,""speed"":127.5,""k_stuff_plus"":107.89,""k_location_plus"":104.0,""whiff_rate"":0.2727,""csw_rate"":0.4545},{""code"":""CU"",""name"":""Curve"",""n"":9,""usage_pct"":8.3,""speed"":114.1,""k_stuff_plus"":91.42,""k_location_plus"":102.5,""whiff_rate"":0.0,""csw_rate"":0.3333}]","https://www.kbostuff.app/stuff/55382?season=2025"
"2025","55394","450","146.4375","101.15209041982429","91.06034827284066","0.0603448275862069","0.1724137931034483","0.06888888888888889","0.2222222222222222","Four-seam/Slider/Changeup/Sinker","[{""code"":""FF"",""name"":""Four-seam"",""n"":244,""usage_pct"":54.2,""speed"":147.1,""k_stuff_plus"":99.78,""k_location_plus"":93.0,""whiff_rate"":0.0328,""csw_rate"":0.1967},{""code"":""SL"",""name"":""Slider"",""n"":140,""usage_pct"":31.1,""speed"":133.5,""k_stuff_plus"":103.53,""k_location_plus"":95.9,""whiff_rate"":0.1357,""csw_rate"":0.2786},{""code"":""CH"",""name"":""Changeup"",""n"":38,""usage_pct"":8.4,""speed"":131.2,""k_stuff_plus"":101.96,""k_location_plus"":91.6,""whiff_rate"":0.0526,""csw_rate"":0.1579},{""code"":""SI"",""name"":""Sinker"",""n"":28,""usage_pct"":6.2,""speed"":140.6,""k_stuff_plus"":98.88,""k_location_plus"":98.0,""whiff_rate"":0.0714,""csw_rate"":0.25}]","https://www.kbostuff.app/stuff/55394?season=2025"
"2025","55396","488","145.0223463687151","100.45143920366723","90.94452657751151","0.12","0.184","0.05737704918032787","0.2151639344262295","Four-seam/Curve/Slider/Splitter","[{""code"":""FF"",""name"":""Four-seam"",""n"":358,""usage_pct"":73.4,""speed"":145.0,""k_stuff_plus"":100.87,""k_location_plus"":92.5,""whiff_rate"":0.0503,""csw_rate"":0.2179},{""code"":""CU"",""name"":""Curve"",""n"":78,""usage_pct"":16,""speed"":122.7,""k_stuff_plus"":102.15,""k_location_plus"":84.9,""whiff_rate"":0.0513,""csw_rate"":0.1923},{""code"":""SL"",""name"":""Slider"",""n"":51,""usage_pct"":10.5,""speed"":133.7,""k_stuff_plus"":97.59,""k_location_plus"":97.4,""whiff_rate"":0.1176,""csw_rate"":0.2353},{""code"":""FS"",""name"":""Splitter"",""n"":1,""usage_pct"":0.2,""speed"":135.0,""k_stuff_plus"":null,""k_location_plus"":96.6,""whiff_rate"":0.0,""csw_rate"":0.0}]","https://www.kbostuff.app/stuff/55396?season=2025"
"2025","55455","953","151.6953642384106","112.04619088858132","98.43163629279645","0.2446351931330472","0.1459227467811159","0.11542497376705142","0.28436516264428124","Four-seam/Slider/Changeup","[{""code"":""FF"",""name"":""Four-seam"",""n"":604,""usage_pct"":63.4,""speed"":151.7,""k_stuff_plus"":109.03,""k_location_plus"":96.7,""whiff_rate"":0.0728,""csw_rate"":0.2384},{""code"":""SL"",""name"":""Slider"",""n"":331,""usage_pct"":34.7,""speed"":136.8,""k_stuff_plus"":109.73,""k_location_plus"":96.9,""whiff_rate"":0.1873,""csw_rate"":0.3686},{""code"":""CH"",""name"":""Changeup"",""n"":18,""usage_pct"":1.9,""speed"":136.1,""k_stuff_plus"":107.87,""k_location_plus"":96.2,""whiff_rate"":0.2222,""csw_rate"":0.2778}]","https://www.kbostuff.app/stuff/55455?season=2025"
"2025","55460","1353","149.94213836477988","103.72225819815512","101.00021883794767","0.25688073394495414","0.11314984709480122","0.10051736881005174","0.2860310421286031","Four-seam/Sinker/Slider/Curve/Sweeper/Changeup/Cutter/Splitter","[{""code"":""FF"",""name"":""Four-seam"",""n"":522,""usage_pct"":38.6,""speed"":151.0,""k_stuff_plus"":104.03,""k_location_plus"":94.1,""whiff_rate"":0.0996,""csw_rate"":0.2567},{""code"":""SI"",""name"":""Sinker"",""n"":225,""usage_pct"":16.6,""speed"":149.2,""k_stuff_plus"":102.24,""k_location_plus"":107.1,""whiff_rate"":0.0711,""csw_rate"":0.3867},{""code"":""SL"",""name"":""Slider"",""n"":184,""usage_pct"":13.6,""speed"":138.0,""k_stuff_plus"":102.52,""k_location_plus"":108.2,""whiff_rate"":0.0924,""csw_rate"":0.2935},{""code"":""CU"",""name"":""Curve"",""n"":144,""usage_pct"":10.6,""speed"":129.9,""k_stuff_plus"":102.56,""k_location_plus"":104.8,""whiff_rate"":0.0972,""csw_rate"":0.2708},{""code"":""ST"",""name"":""Sweeper"",""n"":124,""usage_pct"":9.2,""speed"":130.7,""k_stuff_plus"":104.06,""k_location_plus"":89.4,""whiff_rate"":0.1855,""csw_rate"":0.3468},{""code"":""CH"",""name"":""Changeup"",""n"":103,""usage_pct"":7.6,""speed"":136.7,""k_stuff_plus"":103.42,""k_location_plus"":93.4,""whiff_rate"":0.0777,""csw_rate"":0.1553},{""code"":""FC"",""name"":""Cutter"",""n"":48,""usage_pct"":3.5,""speed"":141.6,""k_stuff_plus"":100.29,""k_location_plus"":99.4,""whiff_rate"":0.125,""csw_rate"":0.2917},{""code"":""FS"",""name"":""Splitter"",""n"":3,""usage_pct"":0.2,""speed"":137.3,""k_stuff_plus"":94.08,""k_location_plus"":100.8,""whiff_rate"":0.0,""csw_rate"":0.0}]","https://www.kbostuff.app/stuff/55460?season=2025"
"2025","55503","43","145.51724137931035","102.08259408318588","100.37305179847435","0.18181818181818182","0.0","0.11627906976744186","0.23255813953488372","Four-seam/Slider/Curve/Changeup","[{""code"":""FF"",""name"":""Four-seam"",""n"":29,""usage_pct"":67.4,""speed"":145.5,""k_stuff_plus"":101.3,""k_location_plus"":101.5,""whiff_rate"":0.069,""csw_rate"":0.1724},{""code"":""SL"",""name"":""Slider"",""n"":6,""usage_pct"":14,""speed"":127.2,""k_stuff_plus"":102.42,""k_location_plus"":96.7,""whiff_rate"":0.3333,""csw_rate"":0.5},{""code"":""CU"",""name"":""Curve"",""n"":6,""usage_pct"":14,""speed"":118.2,""k_stuff_plus"":100.09,""k_location_plus"":100.2,""whiff_rate"":0.1667,""csw_rate"":0.3333},{""code"":""CH"",""name"":""Changeup"",""n"":2,""usage_pct"":4.7,""speed"":137.0,""k_stuff_plus"":106.76,""k_location_plus"":99.7,""whiff_rate"":0.0,""csw_rate"":0.0}]","https://www.kbostuff.app/stuff/55503?season=2025"
"2025","55526","645","148.66666666666666","102.05565808529182","99.98434976913846","0.16666666666666666","0.10714285714285714","0.09147286821705426","0.2496124031007752","Four-seam/Slider/Changeup/Curve/Sinker/Sweeper","[{""code"":""FF"",""name"":""Four-seam"",""n"":262,""usage_pct"":40.6,""speed"":148.8,""k_stuff_plus"":103.5,""k_location_plus"":102.5,""whiff_rate"":0.0878,""csw_rate"":0.2481},{""code"":""SL"",""name"":""Slider"",""n"":148,""usage_pct"":22.9,""speed"":135.7,""k_stuff_plus"":100.16,""k_location_plus"":103.0,""whiff_rate"":0.1081,""csw_rate"":0.277},{""code"":""CH"",""name"":""Changeup"",""n"":100,""usage_pct"":15.5,""speed"":139.9,""k_stuff_plus"":98.58,""k_location_plus"":95.8,""whiff_rate"":0.09,""csw_rate"":0.21},{""code"":""CU"",""name"":""Curve"",""n"":94,""usage_pct"":14.6,""speed"":128.9,""k_stuff_plus"":105.92,""k_location_plus"":98.6,""whiff_rate"":0.1064,""csw_rate"":0.2766},{""code"":""SI"",""name"":""Sinker"",""n"":35,""usage_pct"":5.4,""speed"":147.3,""k_stuff_plus"":97.51,""k_location_plus"":97.7,""whiff_rate"":0.0286,""csw_rate"":0.2},{""code"":""ST"",""name"":""Sweeper"",""n"":6,""usage_pct"":0.9,""speed"":130.5,""k_stuff_plus"":106.95,""k_location_plus"":98.8,""whiff_rate"":0.0,""csw_rate"":0.1667}]","https://www.kbostuff.app/stuff/55526?season=2025"
"2025","55532","1858","152.65286923800565","110.58387432719894","102.60778696505191","0.2463157894736842","0.1031578947368421","0.12701829924650163","0.2933261571582347","Four-seam/Slider/Changeup/Curve","[{""code"":""FF"",""name"":""Four-seam"",""n"":1063,""usage_pct"":57.2,""speed"":152.7,""k_stuff_plus"":111.79,""k_location_plus"":99.5,""whiff_rate"":0.1204,""csw_rate"":0.2926},{""code"":""SL"",""name"":""Slider"",""n"":472,""usage_pct"":25.4,""speed"":138.8,""k_stuff_plus"":105.03,""k_location_plus"":105.4,""whiff_rate"":0.1483,""csw_rate"":0.2818},{""code"":""CH"",""name"":""Changeup"",""n"":170,""usage_pct"":9.1,""speed"":136.0,""k_stuff_plus"":104.33,""k_location_plus"":103.4,""whiff_rate"":0.1529,""csw_rate"":0.3412},{""code"":""CU"",""name"":""Curve"",""n"":153,""usage_pct"":8.2,""speed"":128.6,""k_stuff_plus"":98.67,""k_location_plus"":103.2,""whiff_rate"":0.0784,""csw_rate"":0.281}]","https://www.kbostuff.app/stuff/55532?season=2025"
"2025","55536","2098","145.2552380952381","101.00322648163174","107.61198466906419","0.22495274102079396","0.09073724007561437","0.09580552907530981","0.29075309818875117","Four-seam/Slider/Splitter/Cutter/Curve/Sweeper","[{""code"":""FF"",""name"":""Four-seam"",""n"":856,""usage_pct"":40.8,""speed"":146.5,""k_stuff_plus"":101.99,""k_location_plus"":106.7,""whiff_rate"":0.0759,""csw_rate"":0.3037},{""code"":""SL"",""name"":""Slider"",""n"":695,""usage_pct"":33.1,""speed"":136.7,""k_stuff_plus"":98.73,""k_location_plus"":111.1,""whiff_rate"":0.1165,""csw_rate"":0.2849},{""code"":""FS"",""name"":""Splitter"",""n"":222,""usage_pct"":10.6,""speed"":131.7,""k_stuff_plus"":98.52,""k_location_plus"":98.9,""whiff_rate"":0.1081,""csw_rate"":0.2568},{""code"":""FC"",""name"":""Cutter"",""n"":194,""usage_pct"":9.2,""speed"":139.6,""k_stuff_plus"":99.08,""k_location_plus"":110.4,""whiff_rate"":0.0876,""csw_rate"":0.2887},{""code"":""CU"",""name"":""Curve"",""n"":118,""usage_pct"":5.6,""speed"":122.1,""k_stuff_plus"":100.65,""k_location_plus"":96.7,""whiff_rate"":0.1186,""csw_rate"":0.3136},{""code"":""ST"",""name"":""Sweeper"",""n"":13,""usage_pct"":0.6,""speed"":131.1,""k_stuff_plus"":92.67,""k_location_plus"":98.7,""whiff_rate"":0.0,""csw_rate"":0.1538}]","https://www.kbostuff.app/stuff/55536?season=2025"
"2025","55566","51","143.1","96.36770531506941","92.57000724264174","0.16666666666666666","0.3333333333333333","0.0784313725490196","0.19607843137254902","Four-seam/Splitter/Curve/Changeup","[{""code"":""FF"",""name"":""Four-seam"",""n"":30,""usage_pct"":58.8,""speed"":143.1,""k_stuff_plus"":98.48,""k_location_plus"":93.1,""whiff_rate"":0.0,""csw_rate"":0.1667},{""code"":""FS"",""name"":""Splitter"",""n"":12,""usage_pct"":23.5,""speed"":130.7,""k_stuff_plus"":99.53,""k_location_plus"":99.2,""whiff_rate"":0.25,""csw_rate"":0.25},{""code"":""CU"",""name"":""Curve"",""n"":7,""usage_pct"":13.7,""speed"":117.0,""k_stuff_plus"":91.46,""k_location_plus"":101.6,""whiff_rate"":0.0,""csw_rate"":0.1429},{""code"":""CH"",""name"":""Changeup"",""n"":2,""usage_pct"":3.9,""speed"":131.5,""k_stuff_plus"":98.79,""k_location_plus"":98.8,""whiff_rate"":0.5,""csw_rate"":0.5}]","https://www.kbostuff.app/stuff/55566?season=2025"
"2025","55568","60","145.65625","97.2163650622238","104.10157397050271","0.19047619047619047","0.047619047619047616","0.05","0.23333333333333334","Four-seam/Slider","[{""code"":""FF"",""name"":""Four-seam"",""n"":32,""usage_pct"":53.3,""speed"":145.7,""k_stuff_plus"":101.79,""k_location_plus"":105.6,""whiff_rate"":0.0625,""csw_rate"":0.3438},{""code"":""SL"",""name"":""Slider"",""n"":28,""usage_pct"":46.7,""speed"":132.3,""k_stuff_plus"":94.34,""k_location_plus"":97.9,""whiff_rate"":0.0357,""csw_rate"":0.1071}]","https://www.kbostuff.app/stuff/55568?season=2025"
"2025","55610","422","147.45064377682402","98.39815003052799","102.54186245502807","0.1308411214953271","0.06542056074766354","0.07582938388625593","0.23696682464454977","Four-seam/Slider/Curve/Splitter","[{""code"":""FF"",""name"":""Four-seam"",""n"":233,""usage_pct"":55.2,""speed"":147.5,""k_stuff_plus"":98.74,""k_location_plus"":102.8,""whiff_rate"":0.0515,""csw_rate"":0.2361},{""code"":""SL"",""name"":""Slider"",""n"":97,""usage_pct"":23,""speed"":132.2,""k_stuff_plus"":99.52,""k_location_plus"":103.9,""whiff_rate"":0.1237,""csw_rate"":0.2577},{""code"":""CU"",""name"":""Curve"",""n"":62,""usage_pct"":14.7,""speed"":121.6,""k_stuff_plus"":97.33,""k_location_plus"":102.0,""whiff_rate"":0.1129,""csw_rate"":0.3065},{""code"":""FS"",""name"":""Splitter"",""n"":30,""usage_pct"":7.1,""speed"":130.2,""k_stuff_plus"":101.38,""k_location_plus"":95.6,""whiff_rate"":0.0333,""csw_rate"":0.0333}]","https://www.kbostuff.app/stuff/55610?season=2025"
"2025","55632","71","146.74","95.8900076417018","92.54696967644578","0.15789473684210525","0.21052631578947367","0.056338028169014086","0.23943661971830985","Four-seam/Splitter/Slider","[{""code"":""FF"",""name"":""Four-seam"",""n"":50,""usage_pct"":70.4,""speed"":146.7,""k_stuff_plus"":96.53,""k_location_plus"":93.3,""whiff_rate"":0.02,""csw_rate"":0.24},{""code"":""FS"",""name"":""Splitter"",""n"":15,""usage_pct"":21.1,""speed"":132.9,""k_stuff_plus"":98.08,""k_location_plus"":101.3,""whiff_rate"":0.2,""csw_rate"":0.2667},{""code"":""SL"",""name"":""Slider"",""n"":6,""usage_pct"":8.5,""speed"":129.5,""k_stuff_plus"":null,""k_location_plus"":95.3,""whiff_rate"":0.0,""csw_rate"":0.1667}]","https://www.kbostuff.app/stuff/55632?season=2025"
"2025","55633","2486","149.84552845528455","106.39736382322222","102.60921953673223","0.2725806451612903","0.07580645161290323","0.10539018503620273","0.3041029766693483","Four-seam/Slider/Changeup/Sinker/Curve/Sweeper/Cutter","[{""code"":""FF"",""name"":""Four-seam"",""n"":1015,""usage_pct"":40.8,""speed"":150.0,""k_stuff_plus"":108.51,""k_location_plus"":102.5,""whiff_rate"":0.0887,""csw_rate"":0.2709},{""code"":""SL"",""name"":""Slider"",""n"":656,""usage_pct"":26.4,""speed"":136.0,""k_stuff_plus"":103.12,""k_location_plus"":97.7,""whiff_rate"":0.1402,""csw_rate"":0.3567},{""code"":""CH"",""name"":""Changeup"",""n"":310,""usage_pct"":12.5,""speed"":139.8,""k_stuff_plus"":103.38,""k_location_plus"":97.0,""whiff_rate"":0.1419,""csw_rate"":0.2452},{""code"":""SI"",""name"":""Sinker"",""n"":210,""usage_pct"":8.4,""speed"":149.5,""k_stuff_plus"":104.31,""k_location_plus"":105.8,""whiff_rate"":0.0524,""csw_rate"":0.2667},{""code"":""CU"",""name"":""Curve"",""n"":160,""usage_pct"":6.4,""speed"":129.0,""k_stuff_plus"":99.59,""k_location_plus"":108.2,""whiff_rate"":0.0437,""csw_rate"":0.325},{""code"":""ST"",""name"":""Sweeper"",""n"":130,""usage_pct"":5.2,""speed"":135.5,""k_stuff_plus"":102.47,""k_location_plus"":102.7,""whiff_rate"":0.1385,""csw_rate"":0.4615},{""code"":""FC"",""name"":""Cutter"",""n"":5,""usage_pct"":0.2,""speed"":142.8,""k_stuff_plus"":98.49,""k_location_plus"":101.6,""whiff_rate"":0.0,""csw_rate"":0.6}]","https://www.kbostuff.app/stuff/55633?season=2025"
"2025","55646","21","146.71428571428572","90.96857556330924","103.21740631649868","0.0","0.2","0.0","0.14285714285714285","Four-seam/Curve/Slider","[{""code"":""FF"",""name"":""Four-seam"",""n"":14,""usage_pct"":66.7,""speed"":146.7,""k_stuff_plus"":93.82,""k_location_plus"":100.9,""whiff_rate"":0.0,""csw_rate"":0.0714},{""code"":""CU"",""name"":""Curve"",""n"":4,""usage_pct"":19,""speed"":121.5,""k_stuff_plus"":91.13,""k_location_plus"":101.5,""whiff_rate"":0.0,""csw_rate"":0.25},{""code"":""SL"",""name"":""Slider"",""n"":3,""usage_pct"":14.3,""speed"":128.0,""k_stuff_plus"":91.81,""k_location_plus"":102.7,""whiff_rate"":0.0,""csw_rate"":0.3333}]","https://www.kbostuff.app/stuff/55646?season=2025"
"2025","55663","242","139.25396825396825","94.6613093773689","95.3113050520656","0.09722222222222222","0.125","0.0743801652892562","0.22727272727272727","Four-seam/Slider/Changeup/Curve","[{""code"":""FF"",""name"":""Four-seam"",""n"":126,""usage_pct"":52.1,""speed"":139.3,""k_stuff_plus"":95.34,""k_location_plus"":97.5,""whiff_rate"":0.0079,""csw_rate"":0.1667},{""code"":""SL"",""name"":""Slider"",""n"":47,""usage_pct"":19.4,""speed"":125.6,""k_stuff_plus"":96.86,""k_location_plus"":98.0,""whiff_rate"":0.1702,""csw_rate"":0.3191},{""code"":""CH"",""name"":""Changeup"",""n"":37,""usage_pct"":15.3,""speed"":129.7,""k_stuff_plus"":94.86,""k_location_plus"":97.7,""whiff_rate"":0.1351,""csw_rate"":0.1892},{""code"":""CU"",""name"":""Curve"",""n"":32,""usage_pct"":13.2,""speed"":120.4,""k_stuff_plus"":101.09,""k_location_plus"":97.6,""whiff_rate"":0.125,""csw_rate"":0.375}]","https://www.kbostuff.app/stuff/55663?season=2025"
"2025","55730","2853","152.77434519811953","114.54838177944625","105.84043308975957","0.3601147776183644","0.058823529411764705","0.16684192078513846","0.35331230283911674","Four-seam/Changeup/Curve/Slider/Cutter/Sinker/Splitter","[{""code"":""FF"",""name"":""Four-seam"",""n"":1251,""usage_pct"":43.8,""speed"":153.7,""k_stuff_plus"":113.94,""k_location_plus"":105.9,""whiff_rate"":0.1487,""csw_rate"":0.299},{""code"":""CH"",""name"":""Changeup"",""n"":492,""usage_pct"":17.2,""speed"":141.1,""k_stuff_plus"":111.68,""k_location_plus"":103.5,""whiff_rate"":0.2724,""csw_rate"":0.4065},{""code"":""CU"",""name"":""Curve"",""n"":479,""usage_pct"":16.8,""speed"":131.0,""k_stuff_plus"":107.39,""k_location_plus"":115.4,""whiff_rate"":0.1169,""csw_rate"":0.476},{""code"":""SL"",""name"":""Slider"",""n"":351,""usage_pct"":12.3,""speed"":144.2,""k_stuff_plus"":103.18,""k_location_plus"":103.3,""whiff_rate"":0.1795,""csw_rate"":0.3362},{""code"":""FC"",""name"":""Cutter"",""n"":147,""usage_pct"":5.2,""speed"":144.8,""k_stuff_plus"":100.56,""k_location_plus"":88.2,""whiff_rate"":0.1837,""csw_rate"":0.3469},{""code"":""SI"",""name"":""Sinker"",""n"":91,""usage_pct"":3.2,""speed"":153.1,""k_stuff_plus"":105.54,""k_location_plus"":103.3,""whiff_rate"":0.044,""csw_rate"":0.2967},{""code"":""FS"",""name"":""Splitter"",""n"":42,""usage_pct"":1.5,""speed"":140.7,""k_stuff_plus"":105.72,""k_location_plus"":105.3,""whiff_rate"":0.1429,""csw_rate"":0.2381}]","https://www.kbostuff.app/stuff/55730?season=2025"
"2025","55743","1002","151.1178756476684","113.24661719328145","100.97842410356508","0.35964912280701755","0.09210526315789473","0.15169660678642716","0.3023952095808383","Four-seam/Slider/Curve/Changeup","[{""code"":""FF"",""name"":""Four-seam"",""n"":772,""usage_pct"":77,""speed"":151.1,""k_stuff_plus"":111.47,""k_location_plus"":101.5,""whiff_rate"":0.158,""csw_rate"":0.294},{""code"":""SL"",""name"":""Slider"",""n"":162,""usage_pct"":16.2,""speed"":134.4,""k_stuff_plus"":107.93,""k_location_plus"":92.2,""whiff_rate"":0.142,""csw_rate"":0.3395},{""code"":""CU"",""name"":""Curve"",""n"":63,""usage_pct"":6.3,""speed"":124.3,""k_stuff_plus"":104.83,""k_location_plus"":97.5,""whiff_rate"":0.1111,""csw_rate"":0.3333},{""code"":""CH"",""name"":""Changeup"",""n"":5,""usage_pct"":0.5,""speed"":133.2,""k_stuff_plus"":null,""k_location_plus"":97.6,""whiff_rate"":0.0,""csw_rate"":0.0}]","https://www.kbostuff.app/stuff/55743?season=2025"
"2025","55764","129","140.9873417721519","99.0806895051346","98.45949581642145","0.14285714285714285","0.25","0.08527131782945736","0.2558139534883721","Four-seam/Slider/Splitter/Curve","[{""code"":""FF"",""name"":""Four-seam"",""n"":79,""usage_pct"":61.2,""speed"":141.0,""k_stuff_plus"":99.72,""k_location_plus"":99.1,""whiff_rate"":0.0759,""csw_rate"":0.2405},{""code"":""SL"",""name"":""Slider"",""n"":40,""usage_pct"":31,""speed"":128.9,""k_stuff_plus"":98.49,""k_location_plus"":96.2,""whiff_rate"":0.125,""csw_rate"":0.3},{""code"":""FS"",""name"":""Splitter"",""n"":8,""usage_pct"":6.2,""speed"":127.5,""k_stuff_plus"":null,""k_location_plus"":100.2,""whiff_rate"":0.0,""csw_rate"":0.25},{""code"":""CU"",""name"":""Curve"",""n"":2,""usage_pct"":1.6,""speed"":127.0,""k_stuff_plus"":105.87,""k_location_plus"":101.1,""whiff_rate"":0.0,""csw_rate"":0.0}]","https://www.kbostuff.app/stuff/55764?season=2025"
"2025","55855","2157","149.69573520050923","109.45977703710714","104.67088792588719","0.24377224199288255","0.07829181494661921","0.1214649976819657","0.30598052851182195","Four-seam/Curve/Cutter/Sinker/Slider/Sweeper/Changeup/Splitter","[{""code"":""FF"",""name"":""Four-seam"",""n"":1003,""usage_pct"":46.5,""speed"":151.8,""k_stuff_plus"":106.42,""k_location_plus"":105.9,""whiff_rate"":0.0927,""csw_rate"":0.2921},{""code"":""CU"",""name"":""Curve"",""n"":424,""usage_pct"":19.7,""speed"":127.0,""k_stuff_plus"":104.8,""k_location_plus"":110.5,""whiff_rate"":0.1321,""csw_rate"":0.3726},{""code"":""FC"",""name"":""Cutter"",""n"":380,""usage_pct"":17.6,""speed"":143.7,""k_stuff_plus"":101.27,""k_location_plus"":90.0,""whiff_rate"":0.1789,""csw_rate"":0.3395},{""code"":""SI"",""name"":""Sinker"",""n"":188,""usage_pct"":8.7,""speed"":150.4,""k_stuff_plus"":105.55,""k_location_plus"":107.0,""whiff_rate"":0.1064,""csw_rate"":0.2074},{""code"":""SL"",""name"":""Slider"",""n"":89,""usage_pct"":4.1,""speed"":134.8,""k_stuff_plus"":108.14,""k_location_plus"":94.4,""whiff_rate"":0.1685,""csw_rate"":0.2697},{""code"":""ST"",""name"":""Sweeper"",""n"":55,""usage_pct"":2.5,""speed"":135.8,""k_stuff_plus"":105.26,""k_location_plus"":88.1,""whiff_rate"":0.1273,""csw_rate"":0.2545},{""code"":""CH"",""name"":""Changeup"",""n"":11,""usage_pct"":0.5,""speed"":140.9,""k_stuff_plus"":106.68,""k_location_plus"":96.5,""whiff_rate"":0.2727,""csw_rate"":0.2727},{""code"":""FS"",""name"":""Splitter"",""n"":7,""usage_pct"":0.3,""speed"":140.7,""k_stuff_plus"":100.99,""k_location_plus"":100.1,""whiff_rate"":0.0,""csw_rate"":0.0}]","https://www.kbostuff.app/stuff/55855?season=2025"
"2025","55860","18","140.8","105.5031127087646","97.6546205895964","0.25","0.0","0.1111111111111111","0.2777777777777778","Four-seam/Slider","[{""code"":""FF"",""name"":""Four-seam"",""n"":15,""usage_pct"":83.3,""speed"":140.8,""k_stuff_plus"":105.96,""k_location_plus"":97.6,""whiff_rate"":0.1333,""csw_rate"":0.3333},{""code"":""SL"",""name"":""Slider"",""n"":3,""usage_pct"":16.7,""speed"":125.7,""k_stuff_plus"":98.77,""k_location_plus"":100.4,""whiff_rate"":0.0,""csw_rate"":0.0}]","https://www.kbostuff.app/stuff/55860?season=2025"
"2025","55903","2910","149.86681383370126","110.08989906956896","105.26302551050509","0.304654442877292","0.07898448519040903","0.13814432989690723","0.33127147766323023","Four-seam/Slider/Curve/Splitter","[{""code"":""FF"",""name"":""Four-seam"",""n"":1359,""usage_pct"":46.7,""speed"":149.9,""k_stuff_plus"":109.26,""k_location_plus"":103.4,""whiff_rate"":0.0979,""csw_rate"":0.2958},{""code"":""SL"",""name"":""Slider"",""n"":699,""usage_pct"":24,""speed"":136.9,""k_stuff_plus"":107.23,""k_location_plus"":106.2,""whiff_rate"":0.1817,""csw_rate"":0.4092},{""code"":""CU"",""name"":""Curve"",""n"":498,""usage_pct"":17.1,""speed"":131.7,""k_stuff_plus"":106.01,""k_location_plus"":103.2,""whiff_rate"":0.1667,""csw_rate"":0.3233},{""code"":""FS"",""name"":""Splitter"",""n"":354,""usage_pct"":12.2,""speed"":134.4,""k_stuff_plus"":103.35,""k_location_plus"":116.6,""whiff_rate"":0.1667,""csw_rate"":0.3249}]","https://www.kbostuff.app/stuff/55903?season=2025"
"2025","55912","3028","142.18404193360513","100.69546775882074","105.74779023488497","0.19350649350649352","0.08701298701298701","0.09478203434610304","0.2869881109643329","Four-seam/Slider/Cutter/Changeup/Sinker/Curve/Sweeper","[{""code"":""FF"",""name"":""Four-seam"",""n"":971,""usage_pct"":32.1,""speed"":144.9,""k_stuff_plus"":104.66,""k_location_plus"":100.6,""whiff_rate"":0.0494,""csw_rate"":0.2822},{""code"":""SL"",""name"":""Slider"",""n"":690,""usage_pct"":22.8,""speed"":127.2,""k_stuff_plus"":98.54,""k_location_plus"":109.3,""whiff_rate"":0.1304,""csw_rate"":0.3391},{""code"":""FC"",""name"":""Cutter"",""n"":546,""usage_pct"":18,""speed"":137.6,""k_stuff_plus"":97.53,""k_location_plus"":108.0,""whiff_rate"":0.0971,""csw_rate"":0.2656},{""code"":""CH"",""name"":""Changeup"",""n"":481,""usage_pct"":15.9,""speed"":128.3,""k_stuff_plus"":98.43,""k_location_plus"":103.0,""whiff_rate"":0.1414,""csw_rate"":0.2495},{""code"":""SI"",""name"":""Sinker"",""n"":200,""usage_pct"":6.6,""speed"":141.3,""k_stuff_plus"":97.74,""k_location_plus"":102.4,""whiff_rate"":0.04,""csw_rate"":0.315},{""code"":""CU"",""name"":""Curve"",""n"":116,""usage_pct"":3.8,""speed"":119.5,""k_stuff_plus"":99.32,""k_location_plus"":97.8,""whiff_rate"":0.1379,""csw_rate"":0.2241},{""code"":""ST"",""name"":""Sweeper"",""n"":24,""usage_pct"":0.8,""speed"":126.9,""k_stuff_plus"":98.85,""k_location_plus"":102.9,""whiff_rate"":0.1667,""csw_rate"":0.2917}]","https://www.kbostuff.app/stuff/55912?season=2025"
"2025","55995","338","148.55454545454546","101.45443602321731","93.96101246880512","0.09574468085106383","0.1702127659574468","0.08579881656804733","0.22485207100591717","Four-seam/Slider/Splitter","[{""code"":""FF"",""name"":""Four-seam"",""n"":220,""usage_pct"":65.1,""speed"":148.6,""k_stuff_plus"":97.23,""k_location_plus"":97.5,""whiff_rate"":0.0591,""csw_rate"":0.2136},{""code"":""SL"",""name"":""Slider"",""n"":110,""usage_pct"":32.5,""speed"":132.3,""k_stuff_plus"":109.08,""k_location_plus"":91.7,""whiff_rate"":0.1455,""csw_rate"":0.2636},{""code"":""FS"",""name"":""Splitter"",""n"":8,""usage_pct"":2.4,""speed"":130.8,""k_stuff_plus"":96.22,""k_location_plus"":100.1,""whiff_rate"":0.0,""csw_rate"":0.0}]","https://www.kbostuff.app/stuff/55995?season=2025"
"2025","60146","648","143.19884726224785","97.43326848486124","106.64161095373744","0.18012422360248448","0.06832298136645963","0.08796296296296297","0.24537037037037038","Four-seam/Slider/Changeup/Splitter","[{""code"":""FF"",""name"":""Four-seam"",""n"":347,""usage_pct"":53.5,""speed"":143.2,""k_stuff_plus"":98.52,""k_location_plus"":106.8,""whiff_rate"":0.1153,""csw_rate"":0.2594},{""code"":""SL"",""name"":""Slider"",""n"":159,""usage_pct"":24.5,""speed"":132.8,""k_stuff_plus"":96.19,""k_location_plus"":106.6,""whiff_rate"":0.0377,""csw_rate"":0.239},{""code"":""CH"",""name"":""Changeup"",""n"":134,""usage_pct"":20.7,""speed"":122.7,""k_stuff_plus"":100.12,""k_location_plus"":99.5,""whiff_rate"":0.0821,""csw_rate"":0.2313},{""code"":""FS"",""name"":""Splitter"",""n"":8,""usage_pct"":1.2,""speed"":131.2,""k_stuff_plus"":95.32,""k_location_plus"":99.6,""whiff_rate"":0.0,""csw_rate"":0.0}]","https://www.kbostuff.app/stuff/60146?season=2025"
"2025","60337","140","136.6451612903226","98.37537850106948","103.77189743573172","0.07142857142857142","0.09523809523809523","0.11428571428571428","0.30714285714285716","Four-seam/Slider/Curve/Changeup/Sinker","[{""code"":""FF"",""name"":""Four-seam"",""n"":61,""usage_pct"":43.6,""speed"":136.6,""k_stuff_plus"":101.87,""k_location_plus"":102.7,""whiff_rate"":0.082,""csw_rate"":0.3115},{""code"":""SL"",""name"":""Slider"",""n"":42,""usage_pct"":30,""speed"":126.5,""k_stuff_plus"":95.62,""k_location_plus"":105.2,""whiff_rate"":0.0714,""csw_rate"":0.2381},{""code"":""CU"",""name"":""Curve"",""n"":22,""usage_pct"":15.7,""speed"":118.0,""k_stuff_plus"":100.79,""k_location_plus"":100.4,""whiff_rate"":0.2273,""csw_rate"":0.4545},{""code"":""CH"",""name"":""Changeup"",""n"":14,""usage_pct"":10,""speed"":127.1,""k_stuff_plus"":97.28,""k_location_plus"":100.4,""whiff_rate"":0.2143,""csw_rate"":0.2857},{""code"":""SI"",""name"":""Sinker"",""n"":1,""usage_pct"":0.7,""speed"":137.0,""k_stuff_plus"":null,""k_location_plus"":96.9,""whiff_rate"":0.0,""csw_rate"":0.0}]","https://www.kbostuff.app/stuff/60337?season=2025"
"2025","60559","169","143.94827586206895","99.05923571038875","88.02473680010907","0.23809523809523808","0.21428571428571427","0.14201183431952663","0.2958579881656805","Slider/Four-seam/Sinker/Splitter/Curve","[{""code"":""SL"",""name"":""Slider"",""n"":98,""usage_pct"":58,""speed"":129.7,""k_stuff_plus"":102.16,""k_location_plus"":89.7,""whiff_rate"":0.1735,""csw_rate"":0.3469},{""code"":""FF"",""name"":""Four-seam"",""n"":46,""usage_pct"":27.2,""speed"":144.3,""k_stuff_plus"":94.9,""k_location_plus"":95.0,""whiff_rate"":0.087,""csw_rate"":0.2609},{""code"":""SI"",""name"":""Sinker"",""n"":12,""usage_pct"":7.1,""speed"":142.8,""k_stuff_plus"":98.27,""k_location_plus"":95.5,""whiff_rate"":0.0833,""csw_rate"":0.0833},{""code"":""FS"",""name"":""Splitter"",""n"":8,""usage_pct"":4.7,""speed"":134.4,""k_stuff_plus"":94.55,""k_location_plus"":99.1,""whiff_rate"":0.25,""csw_rate"":0.25},{""code"":""CU"",""name"":""Curve"",""n"":5,""usage_pct"":3,""speed"":122.0,""k_stuff_plus"":90.02,""k_location_plus"":102.4,""whiff_rate"":0.0,""csw_rate"":0.2}]","https://www.kbostuff.app/stuff/60559?season=2025"
"2025","60768","177","139.7906976744186","97.14726339921914","102.84912053778757","0.1568627450980392","0.09803921568627451","0.07909604519774012","0.24858757062146894","Splitter/Four-seam/Cutter/Slider/Curve","[{""code"":""FS"",""name"":""Splitter"",""n"":70,""usage_pct"":39.5,""speed"":126.4,""k_stuff_plus"":94.98,""k_location_plus"":102.9,""whiff_rate"":0.1429,""csw_rate"":0.3},{""code"":""FF"",""name"":""Four-seam"",""n"":67,""usage_pct"":37.9,""speed"":142.1,""k_stuff_plus"":102.79,""k_location_plus"":102.1,""whiff_rate"":0.0299,""csw_rate"":0.209},{""code"":""FC"",""name"":""Cutter"",""n"":19,""usage_pct"":10.7,""speed"":131.5,""k_stuff_plus"":97.97,""k_location_plus"":97.5,""whiff_rate"":0.1053,""csw_rate"":0.1579},{""code"":""SL"",""name"":""Slider"",""n"":12,""usage_pct"":6.8,""speed"":133.0,""k_stuff_plus"":92.46,""k_location_plus"":102.1,""whiff_rate"":0.0,""csw_rate"":0.25},{""code"":""CU"",""name"":""Curve"",""n"":9,""usage_pct"":5.1,""speed"":116.7,""k_stuff_plus"":94.19,""k_location_plus"":102.0,""whiff_rate"":0.0,""csw_rate"":0.3333}]","https://www.kbostuff.app/stuff/60768?season=2025"
"2025","60841","368","133.0375","94.59153739002289","95.07478764403041","0.1111111111111111","0.2","0.06521739130434782","0.25271739130434784","Sinker/Curve/Changeup/Four-seam/Cutter","[{""code"":""SI"",""name"":""Sinker"",""n"":225,""usage_pct"":61.1,""speed"":133.1,""k_stuff_plus"":96.38,""k_location_plus"":93.5,""whiff_rate"":0.0578,""csw_rate"":0.3022},{""code"":""CU"",""name"":""Curve"",""n"":111,""usage_pct"":30.2,""speed"":120.0,""k_stuff_plus"":100.37,""k_location_plus"":99.7,""whiff_rate"":0.0991,""csw_rate"":0.2162},{""code"":""CH"",""name"":""Changeup"",""n"":17,""usage_pct"":4.6,""speed"":122.6,""k_stuff_plus"":99.99,""k_location_plus"":96.3,""whiff_rate"":0.0,""csw_rate"":0.0},{""code"":""FF"",""name"":""Four-seam"",""n"":14,""usage_pct"":3.8,""speed"":132.8,""k_stuff_plus"":90.69,""k_location_plus"":93.6,""whiff_rate"":0.0,""csw_rate"":0.0714},{""code"":""FC"",""name"":""Cutter"",""n"":1,""usage_pct"":0.3,""speed"":126.0,""k_stuff_plus"":null,""k_location_plus"":96.4,""whiff_rate"":0.0,""csw_rate"":0.0}]","https://www.kbostuff.app/stuff/60841?season=2025"
"2025","61101","2480","139.81912442396313","94.87235453386246","108.69960183203807","0.15970149253731344","0.05970149253731343","0.08306451612903226","0.2923387096774194","Four-seam/Curve/Changeup/Slider/Cutter","[{""code"":""FF"",""name"":""Four-seam"",""n"":846,""usage_pct"":34.1,""speed"":140.0,""k_stuff_plus"":94.66,""k_location_plus"":111.3,""whiff_rate"":0.0378,""csw_rate"":0.3168},{""code"":""CU"",""name"":""Curve"",""n"":712,""usage_pct"":28.7,""speed"":110.4,""k_stuff_plus"":97.41,""k_location_plus"":103.4,""whiff_rate"":0.0744,""csw_rate"":0.2879},{""code"":""CH"",""name"":""Changeup"",""n"":651,""usage_pct"":26.2,""speed"":126.8,""k_stuff_plus"":97.82,""k_location_plus"":116.6,""whiff_rate"":0.1505,""csw_rate"":0.2811},{""code"":""SL"",""name"":""Slider"",""n"":249,""usage_pct"":10,""speed"":131.7,""k_stuff_plus"":94.57,""k_location_plus"":102.3,""whiff_rate"":0.0884,""csw_rate"":0.2691},{""code"":""FC"",""name"":""Cutter"",""n"":22,""usage_pct"":0.9,""speed"":131.9,""k_stuff_plus"":98.95,""k_location_plus"":100.7,""whiff_rate"":0.0455,""csw_rate"":0.0909}]","https://www.kbostuff.app/stuff/61101?season=2025"
"2025","61145","338","143.16190476190476","97.68278022485468","95.96551844247197","0.23255813953488372","0.16279069767441862","0.10059171597633136","0.2869822485207101","Splitter/Slider/Four-seam/Curve/Changeup","[{""code"":""FS"",""name"":""Splitter"",""n"":110,""usage_pct"":32.5,""speed"":132.2,""k_stuff_plus"":100.8,""k_location_plus"":98.6,""whiff_rate"":0.1273,""csw_rate"":0.3091},{""code"":""SL"",""name"":""Slider"",""n"":107,""usage_pct"":31.7,""speed"":135.3,""k_stuff_plus"":98.03,""k_location_plus"":104.3,""whiff_rate"":0.1121,""csw_rate"":0.2804},{""code"":""FF"",""name"":""Four-seam"",""n"":105,""usage_pct"":31.1,""speed"":143.2,""k_stuff_plus"":94.5,""k_location_plus"":92.5,""whiff_rate"":0.0476,""csw_rate"":0.2571},{""code"":""CU"",""name"":""Curve"",""n"":14,""usage_pct"":4.1,""speed"":119.5,""k_stuff_plus"":99.07,""k_location_plus"":99.0,""whiff_rate"":0.2143,""csw_rate"":0.3571},{""code"":""CH"",""name"":""Changeup"",""n"":2,""usage_pct"":0.6,""speed"":132.0,""k_stuff_plus"":91.35,""k_location_plus"":99.2,""whiff_rate"":0.0,""csw_rate"":0.5}]","https://www.kbostuff.app/stuff/61145?season=2025"
"2025","61268","65","130.75757575757575","91.06534479865013","99.30029683246178","0.06666666666666667","0.2","0.07692307692307693","0.2","Sinker/Curve/Slider","[{""code"":""SI"",""name"":""Sinker"",""n"":33,""usage_pct"":50.8,""speed"":130.8,""k_stuff_plus"":94.12,""k_location_plus"":95.4,""whiff_rate"":0.0606,""csw_rate"":0.1818},{""code"":""CU"",""name"":""Curve"",""n"":23,""usage_pct"":35.4,""speed"":119.3,""k_stuff_plus"":96.66,""k_location_plus"":103.3,""whiff_rate"":0.0435,""csw_rate"":0.1304},{""code"":""SL"",""name"":""Slider"",""n"":9,""usage_pct"":13.8,""speed"":119.3,""k_stuff_plus"":93.02,""k_location_plus"":100.7,""whiff_rate"":0.2222,""csw_rate"":0.4444}]","https://www.kbostuff.app/stuff/61268?season=2025"
"2025","61365","16","130.25","94.61092072855352","101.6741187097294","0.0","0.0","0.0","0.1875","Four-seam/Curve/Slider","[{""code"":""FF"",""name"":""Four-seam"",""n"":8,""usage_pct"":50,""speed"":130.2,""k_stuff_plus"":97.48,""k_location_plus"":98.0,""whiff_rate"":0.0,""csw_rate"":0.25},{""code"":""CU"",""name"":""Curve"",""n"":7,""usage_pct"":43.8,""speed"":122.3,""k_stuff_plus"":97.0,""k_location_plus"":100.3,""whiff_rate"":0.0,""csw_rate"":0.1429},{""code"":""SL"",""name"":""Slider"",""n"":1,""usage_pct"":6.2,""speed"":122.0,""k_stuff_plus"":89.61,""k_location_plus"":102.3,""whiff_rate"":0.0,""csw_rate"":0.0}]","https://www.kbostuff.app/stuff/61365?season=2025"
"2025","61643","341","145.07042253521126","98.87234207723066","94.5860113445997","0.18072289156626506","0.18072289156626506","0.093841642228739","0.2287390029325513","Four-seam/Slider/Curve/Changeup","[{""code"":""FF"",""name"":""Four-seam"",""n"":213,""usage_pct"":62.5,""speed"":145.1,""k_stuff_plus"":94.6,""k_location_plus"":98.3,""whiff_rate"":0.0704,""csw_rate"":0.23},{""code"":""SL"",""name"":""Slider"",""n"":104,""usage_pct"":30.5,""speed"":135.2,""k_stuff_plus"":104.93,""k_location_plus"":92.9,""whiff_rate"":0.1058,""csw_rate"":0.2019},{""code"":""CU"",""name"":""Curve"",""n"":20,""usage_pct"":5.9,""speed"":115.5,""k_stuff_plus"":105.84,""k_location_plus"":97.6,""whiff_rate"":0.25,""csw_rate"":0.35},{""code"":""CH"",""name"":""Changeup"",""n"":4,""usage_pct"":1.2,""speed"":130.2,""k_stuff_plus"":99.75,""k_location_plus"":102.0,""whiff_rate"":0.25,""csw_rate"":0.25}]","https://www.kbostuff.app/stuff/61643?season=2025"
"2025","61666","995","148.27130044843048","100.60253665717991","99.63632949595984","0.1970260223048327","0.08550185873605948","0.10552763819095477","0.2884422110552764","Four-seam/Slider/Splitter/Curve","[{""code"":""FF"",""name"":""Four-seam"",""n"":446,""usage_pct"":44.8,""speed"":148.3,""k_stuff_plus"":95.14,""k_location_plus"":106.3,""whiff_rate"":0.0605,""csw_rate"":0.2489},{""code"":""SL"",""name"":""Slider"",""n"":299,""usage_pct"":30.1,""speed"":135.7,""k_stuff_plus"":104.04,""k_location_plus"":97.7,""whiff_rate"":0.1405,""csw_rate"":0.3378},{""code"":""FS"",""name"":""Splitter"",""n"":148,""usage_pct"":14.9,""speed"":136.0,""k_stuff_plus"":103.19,""k_location_plus"":94.1,""whiff_rate"":0.1689,""csw_rate"":0.2703},{""code"":""CU"",""name"":""Curve"",""n"":102,""usage_pct"":10.3,""speed"":117.0,""k_stuff_plus"":108.45,""k_location_plus"":95.2,""whiff_rate"":0.1078,""csw_rate"":0.3431}]","https://www.kbostuff.app/stuff/61666?season=2025"
"2025","61895","27","138.71428571428572","95.850473482628","96.2769069835977","0.0","0.42857142857142855","0.037037037037037035","0.1111111111111111","Four-seam/Splitter/Slider","[{""code"":""FF"",""name"":""Four-seam"",""n"":14,""usage_pct"":51.9,""speed"":138.7,""k_stuff_plus"":96.53,""k_location_plus"":98.0,""whiff_rate"":0.0,""csw_rate"":0.1429},{""code"":""FS"",""name"":""Splitter"",""n"":12,""usage_pct"":44.4,""speed"":124.2,""k_stuff_plus"":98.34,""k_location_plus"":98.1,""whiff_rate"":0.0833,""csw_rate"":0.0833},{""code"":""SL"",""name"":""Slider"",""n"":1,""usage_pct"":3.7,""speed"":128.0,""k_stuff_plus"":92.45,""k_location_plus"":101.8,""whiff_rate"":0.0,""csw_rate"":0.0}]","https://www.kbostuff.app/stuff/61895?season=2025"
"2025","62146","20","133.375","98.20934866894869","97.43723068103061","0.2","0.2","0.05","0.3","Sinker/Cutter/Curve/Slider","[{""code"":""SI"",""name"":""Sinker"",""n"":9,""usage_pct"":45,""speed"":137.3,""k_stuff_plus"":106.48,""k_location_plus"":98.6,""whiff_rate"":0.1111,""csw_rate"":0.2222},{""code"":""FC"",""name"":""Cutter"",""n"":7,""usage_pct"":35,""speed"":128.3,""k_stuff_plus"":96.78,""k_location_plus"":100.8,""whiff_rate"":0.0,""csw_rate"":0.4286},{""code"":""CU"",""name"":""Curve"",""n"":3,""usage_pct"":15,""speed"":123.0,""k_stuff_plus"":null,""k_location_plus"":96.8,""whiff_rate"":0.0,""csw_rate"":0.3333},{""code"":""SL"",""name"":""Slider"",""n"":1,""usage_pct"":5,""speed"":130.0,""k_stuff_plus"":90.43,""k_location_plus"":102.3,""whiff_rate"":0.0,""csw_rate"":0.0}]","https://www.kbostuff.app/stuff/62146?season=2025"
"2025","62360","1122","143.82616487455198","97.5427972741331","106.26727608430804","0.2578397212543554","0.09059233449477352","0.12121212121212122","0.3003565062388592","Four-seam/Splitter/Slider/Cutter/Sweeper/Curve","[{""code"":""FF"",""name"":""Four-seam"",""n"":520,""usage_pct"":46.3,""speed"":144.2,""k_stuff_plus"":95.21,""k_location_plus"":106.9,""whiff_rate"":0.0865,""csw_rate"":0.2962},{""code"":""FS"",""name"":""Splitter"",""n"":362,""usage_pct"":32.3,""speed"":131.5,""k_stuff_plus"":100.96,""k_location_plus"":107.0,""whiff_rate"":0.1961,""csw_rate"":0.2928},{""code"":""SL"",""name"":""Slider"",""n"":161,""usage_pct"":14.3,""speed"":123.6,""k_stuff_plus"":96.36,""k_location_plus"":102.2,""whiff_rate"":0.0807,""csw_rate"":0.3106},{""code"":""FC"",""name"":""Cutter"",""n"":38,""usage_pct"":3.4,""speed"":138.3,""k_stuff_plus"":98.35,""k_location_plus"":105.2,""whiff_rate"":0.1053,""csw_rate"":0.1842},{""code"":""ST"",""name"":""Sweeper"",""n"":37,""usage_pct"":3.3,""speed"":124.1,""k_stuff_plus"":102.73,""k_location_plus"":103.0,""whiff_rate"":0.0811,""csw_rate"":0.4865},{""code"":""CU"",""name"":""Curve"",""n"":4,""usage_pct"":0.4,""speed"":121.5,""k_stuff_plus"":93.51,""k_location_plus"":102.0,""whiff_rate"":0.0,""csw_rate"":0.5}]","https://www.kbostuff.app/stuff/62360?season=2025"
"2025","62363","161","143.03896103896105","92.36845463021498","105.29600457018773","0.1951219512195122","0.04878048780487805","0.06832298136645963","0.2981366459627329","Slider/Four-seam/Changeup/Sinker","[{""code"":""SL"",""name"":""Slider"",""n"":76,""usage_pct"":47.2,""speed"":126.4,""k_stuff_plus"":92.21,""k_location_plus"":104.2,""whiff_rate"":0.0789,""csw_rate"":0.3289},{""code"":""FF"",""name"":""Four-seam"",""n"":72,""usage_pct"":44.7,""speed"":143.5,""k_stuff_plus"":96.15,""k_location_plus"":104.6,""whiff_rate"":0.0556,""csw_rate"":0.2917},{""code"":""CH"",""name"":""Changeup"",""n"":8,""usage_pct"":5,""speed"":127.4,""k_stuff_plus"":96.21,""k_location_plus"":98.6,""whiff_rate"":0.125,""csw_rate"":0.125},{""code"":""SI"",""name"":""Sinker"",""n"":5,""usage_pct"":3.1,""speed"":136.6,""k_stuff_plus"":107.63,""k_location_plus"":101.1,""whiff_rate"":0.0,""csw_rate"":0.2}]","https://www.kbostuff.app/stuff/62363?season=2025"
"2025","62528","1116","146.44662309368192","104.93053184819554","96.32200713446308","0.2536764705882353","0.1213235294117647","0.14336917562724014","0.2992831541218638","Splitter/Four-seam/Slider/Curve","[{""code"":""FS"",""name"":""Splitter"",""n"":606,""usage_pct"":54.3,""speed"":134.6,""k_stuff_plus"":105.51,""k_location_plus"":95.1,""whiff_rate"":0.203,""csw_rate"":0.3086},{""code"":""FF"",""name"":""Four-seam"",""n"":459,""usage_pct"":41.1,""speed"":146.4,""k_stuff_plus"":99.48,""k_location_plus"":104.6,""whiff_rate"":0.0675,""csw_rate"":0.2898},{""code"":""SL"",""name"":""Slider"",""n"":34,""usage_pct"":3,""speed"":135.7,""k_stuff_plus"":98.88,""k_location_plus"":98.1,""whiff_rate"":0.0882,""csw_rate"":0.2353},{""code"":""CU"",""name"":""Curve"",""n"":17,""usage_pct"":1.5,""speed"":118.1,""k_stuff_plus"":108.38,""k_location_plus"":97.4,""whiff_rate"":0.1765,""csw_rate"":0.3529}]","https://www.kbostuff.app/stuff/62528?season=2025"
"2025","62754","172","137.65753424657535","95.22342460172165","98.5233949180229","0.09615384615384616","0.07692307692307693","0.0872093023255814","0.23255813953488372","Four-seam/Changeup/Slider/Curve/Sinker","[{""code"":""FF"",""name"":""Four-seam"",""n"":71,""usage_pct"":41.3,""speed"":137.7,""k_stuff_plus"":97.74,""k_location_plus"":95.2,""whiff_rate"":0.0141,""csw_rate"":0.2394},{""code"":""CH"",""name"":""Changeup"",""n"":49,""usage_pct"":28.5,""speed"":125.8,""k_stuff_plus"":96.21,""k_location_plus"":97.2,""whiff_rate"":0.102,""csw_rate"":0.1837},{""code"":""SL"",""name"":""Slider"",""n"":39,""usage_pct"":22.7,""speed"":130.0,""k_stuff_plus"":95.65,""k_location_plus"":105.6,""whiff_rate"":0.1795,""csw_rate"":0.2821},{""code"":""CU"",""name"":""Curve"",""n"":11,""usage_pct"":6.4,""speed"":122.5,""k_stuff_plus"":104.4,""k_location_plus"":93.6,""whiff_rate"":0.0909,""csw_rate"":0.0909},{""code"":""SI"",""name"":""Sinker"",""n"":2,""usage_pct"":1.2,""speed"":136.5,""k_stuff_plus"":95.26,""k_location_plus"":101.3,""whiff_rate"":0.5,""csw_rate"":1.0}]","https://www.kbostuff.app/stuff/62754?season=2025"
"2025","62869","1777","144.9502314814815","101.11237468244592","105.36858188663994","0.13495575221238937","0.084070796460177","0.07034327518289252","0.2543612830613393","Four-seam/Slider/Curve/Changeup/Splitter/Sinker","[{""code"":""FF"",""name"":""Four-seam"",""n"":831,""usage_pct"":46.8,""speed"":145.1,""k_stuff_plus"":103.47,""k_location_plus"":105.6,""whiff_rate"":0.0566,""csw_rate"":0.2611},{""code"":""SL"",""name"":""Slider"",""n"":391,""usage_pct"":22,""speed"":134.6,""k_stuff_plus"":99.57,""k_location_plus"":103.7,""whiff_rate"":0.087,""csw_rate"":0.2251},{""code"":""CU"",""name"":""Curve"",""n"":262,""usage_pct"":14.7,""speed"":114.5,""k_stuff_plus"":95.93,""k_location_plus"":103.4,""whiff_rate"":0.0382,""csw_rate"":0.2557},{""code"":""CH"",""name"":""Changeup"",""n"":226,""usage_pct"":12.7,""speed"":126.7,""k_stuff_plus"":100.49,""k_location_plus"":108.5,""whiff_rate"":0.1283,""csw_rate"":0.3009},{""code"":""FS"",""name"":""Splitter"",""n"":34,""usage_pct"":1.9,""speed"":132.9,""k_stuff_plus"":103.04,""k_location_plus"":99.9,""whiff_rate"":0.1471,""csw_rate"":0.1765},{""code"":""SI"",""name"":""Sinker"",""n"":33,""usage_pct"":1.9,""speed"":140.5,""k_stuff_plus"":98.03,""k_location_plus"":98.6,""whiff_rate"":0.0,""csw_rate"":0.1818}]","https://www.kbostuff.app/stuff/62869?season=2025"
"2025","62951","200","143.33636363636364","94.14234699275835","103.18969444214729","0.10714285714285714","0.08928571428571429","0.065","0.235","Sinker/Slider/Changeup/Four-seam/Curve/Splitter","[{""code"":""SI"",""name"":""Sinker"",""n"":89,""usage_pct"":44.5,""speed"":143.5,""k_stuff_plus"":97.12,""k_location_plus"":107.6,""whiff_rate"":0.0899,""csw_rate"":0.3146},{""code"":""SL"",""name"":""Slider"",""n"":53,""usage_pct"":26.5,""speed"":132.9,""k_stuff_plus"":96.53,""k_location_plus"":93.6,""whiff_rate"":0.0377,""csw_rate"":0.1509},{""code"":""CH"",""name"":""Changeup"",""n"":28,""usage_pct"":14,""speed"":128.2,""k_stuff_plus"":100.14,""k_location_plus"":101.1,""whiff_rate"":0.0714,""csw_rate"":0.2143},{""code"":""FF"",""name"":""Four-seam"",""n"":21,""usage_pct"":10.5,""speed"":142.5,""k_stuff_plus"":94.67,""k_location_plus"":100.0,""whiff_rate"":0.0,""csw_rate"":0.1429},{""code"":""CU"",""name"":""Curve"",""n"":7,""usage_pct"":3.5,""speed"":124.0,""k_stuff_plus"":100.06,""k_location_plus"":100.2,""whiff_rate"":0.1429,""csw_rate"":0.2857},{""code"":""FS"",""name"":""Splitter"",""n"":2,""usage_pct"":1,""speed"":129.5,""k_stuff_plus"":104.61,""k_location_plus"":101.3,""whiff_rate"":0.0,""csw_rate"":0.0}]","https://www.kbostuff.app/stuff/62951?season=2025"
"2025","63145","234","149.0","103.70411247829175","89.8824345695463","0.25","0.125","0.10683760683760683","0.2863247863247863","Four-seam/Slider/Splitter/Curve/Changeup","[{""code"":""FF"",""name"":""Four-seam"",""n"":106,""usage_pct"":45.3,""speed"":149.0,""k_stuff_plus"":100.54,""k_location_plus"":89.9,""whiff_rate"":0.0849,""csw_rate"":0.2453},{""code"":""SL"",""name"":""Slider"",""n"":75,""usage_pct"":32.1,""speed"":134.6,""k_stuff_plus"":105.05,""k_location_plus"":101.4,""whiff_rate"":0.12,""csw_rate"":0.36},{""code"":""FS"",""name"":""Splitter"",""n"":30,""usage_pct"":12.8,""speed"":134.6,""k_stuff_plus"":99.61,""k_location_plus"":97.5,""whiff_rate"":0.1333,""csw_rate"":0.2333},{""code"":""CU"",""name"":""Curve"",""n"":20,""usage_pct"":8.5,""speed"":122.6,""k_stuff_plus"":111.24,""k_location_plus"":94.1,""whiff_rate"":0.15,""csw_rate"":0.3},{""code"":""CH"",""name"":""Changeup"",""n"":3,""usage_pct"":1.3,""speed"":134.0,""k_stuff_plus"":94.1,""k_location_plus"":102.4,""whiff_rate"":0.0,""csw_rate"":0.3333}]","https://www.kbostuff.app/stuff/63145?season=2025"
"2025","63248","457","139.4485596707819","96.89549716874279","101.43607122970744","0.23008849557522124","0.1592920353982301","0.08971553610503283","0.29540481400437635","Four-seam/Changeup/Slider/Curve","[{""code"":""FF"",""name"":""Four-seam"",""n"":243,""usage_pct"":53.2,""speed"":139.4,""k_stuff_plus"":95.66,""k_location_plus"":103.3,""whiff_rate"":0.0617,""csw_rate"":0.3251},{""code"":""CH"",""name"":""Changeup"",""n"":130,""usage_pct"":28.4,""speed"":125.5,""k_stuff_plus"":100.82,""k_location_plus"":100.3,""whiff_rate"":0.1462,""csw_rate"":0.2692},{""code"":""SL"",""name"":""Slider"",""n"":81,""usage_pct"":17.7,""speed"":125.6,""k_stuff_plus"":97.48,""k_location_plus"":93.8,""whiff_rate"":0.0864,""csw_rate"":0.2593},{""code"":""CU"",""name"":""Curve"",""n"":3,""usage_pct"":0.7,""speed"":117.3,""k_stuff_plus"":99.97,""k_location_plus"":101.1,""whiff_rate"":0.0,""csw_rate"":0.0}]","https://www.kbostuff.app/stuff/63248?season=2025"
"2025","63342","1113","145.0778816199377","97.9232216047178","101.80326863102789","0.2029520295202952","0.0996309963099631","0.09433962264150944","0.26774483378256964","Four-seam/Slider/Sinker/Splitter","[{""code"":""FF"",""name"":""Four-seam"",""n"":393,""usage_pct"":35.3,""speed"":145.3,""k_stuff_plus"":99.67,""k_location_plus"":98.6,""whiff_rate"":0.1043,""csw_rate"":0.2799},{""code"":""SL"",""name"":""Slider"",""n"":358,""usage_pct"":32.2,""speed"":129.3,""k_stuff_plus"":99.61,""k_location_plus"":105.8,""whiff_rate"":0.0922,""csw_rate"":0.2989},{""code"":""SI"",""name"":""Sinker"",""n"":249,""usage_pct"":22.4,""speed"":144.7,""k_stuff_plus"":99.86,""k_location_plus"":97.7,""whiff_rate"":0.0763,""csw_rate"":0.2289},{""code"":""FS"",""name"":""Splitter"",""n"":113,""usage_pct"":10.2,""speed"":137.6,""k_stuff_plus"":98.16,""k_location_plus"":97.5,""whiff_rate"":0.1062,""csw_rate"":0.2124}]","https://www.kbostuff.app/stuff/63342?season=2025"
"2025","63492","113","142.40322580645162","97.26144034741691","102.77642077408143","0.1935483870967742","0.06451612903225806","0.05309734513274336","0.336283185840708","Sinker/Slider/Curve/Four-seam","[{""code"":""SI"",""name"":""Sinker"",""n"":59,""usage_pct"":52.2,""speed"":142.4,""k_stuff_plus"":102.13,""k_location_plus"":101.7,""whiff_rate"":0.0678,""csw_rate"":0.3729},{""code"":""SL"",""name"":""Slider"",""n"":40,""usage_pct"":35.4,""speed"":129.6,""k_stuff_plus"":98.66,""k_location_plus"":94.6,""whiff_rate"":0.05,""csw_rate"":0.275},{""code"":""CU"",""name"":""Curve"",""n"":11,""usage_pct"":9.7,""speed"":121.1,""k_stuff_plus"":97.42,""k_location_plus"":104.2,""whiff_rate"":0.0,""csw_rate"":0.2727},{""code"":""FF"",""name"":""Four-seam"",""n"":3,""usage_pct"":2.7,""speed"":143.3,""k_stuff_plus"":100.55,""k_location_plus"":103.2,""whiff_rate"":0.0,""csw_rate"":0.6667}]","https://www.kbostuff.app/stuff/63492?season=2025"
"2025","63512","97","142.82926829268294","99.02846560925143","102.78739580538266","0.1724137931034483","0.10344827586206896","0.08247422680412371","0.25773195876288657","Four-seam/Splitter/Slider","[{""code"":""FF"",""name"":""Four-seam"",""n"":41,""usage_pct"":42.3,""speed"":142.8,""k_stuff_plus"":96.45,""k_location_plus"":95.4,""whiff_rate"":0.0,""csw_rate"":0.1463},{""code"":""FS"",""name"":""Splitter"",""n"":38,""usage_pct"":39.2,""speed"":128.2,""k_stuff_plus"":102.82,""k_location_plus"":102.8,""whiff_rate"":0.2105,""csw_rate"":0.3421},{""code"":""SL"",""name"":""Slider"",""n"":18,""usage_pct"":18.6,""speed"":130.0,""k_stuff_plus"":97.19,""k_location_plus"":106.2,""whiff_rate"":0.0,""csw_rate"":0.3333}]","https://www.kbostuff.app/stuff/63512?season=2025"
"2025","63543","179","144.84126984126985","97.49176638704233","99.60653641553115","0.2222222222222222","0.15555555555555556","0.12290502793296089","0.2905027932960894","Splitter/Four-seam/Slider","[{""code"":""FS"",""name"":""Splitter"",""n"":93,""usage_pct"":52,""speed"":132.6,""k_stuff_plus"":98.68,""k_location_plus"":102.3,""whiff_rate"":0.129,""csw_rate"":0.2473},{""code"":""FF"",""name"":""Four-seam"",""n"":63,""usage_pct"":35.2,""speed"":144.8,""k_stuff_plus"":97.28,""k_location_plus"":94.4,""whiff_rate"":0.1111,""csw_rate"":0.3016},{""code"":""SL"",""name"":""Slider"",""n"":23,""usage_pct"":12.8,""speed"":133.7,""k_stuff_plus"":99.42,""k_location_plus"":104.1,""whiff_rate"":0.1304,""csw_rate"":0.4348}]","https://www.kbostuff.app/stuff/63543?season=2025"
"2025","63765","1104","145.50983606557378","99.97305313218097","96.06680438805337","0.20921985815602837","0.1276595744680851","0.08967391304347826","0.26811594202898553","Four-seam/Slider/Curve/Splitter/Changeup","[{""code"":""FF"",""name"":""Four-seam"",""n"":610,""usage_pct"":55.3,""speed"":145.5,""k_stuff_plus"":100.02,""k_location_plus"":97.1,""whiff_rate"":0.0803,""csw_rate"":0.2574},{""code"":""SL"",""name"":""Slider"",""n"":263,""usage_pct"":23.8,""speed"":133.9,""k_stuff_plus"":100.94,""k_location_plus"":94.2,""whiff_rate"":0.1179,""csw_rate"":0.2852},{""code"":""CU"",""name"":""Curve"",""n"":185,""usage_pct"":16.8,""speed"":122.7,""k_stuff_plus"":100.37,""k_location_plus"":97.9,""whiff_rate"":0.0919,""csw_rate"":0.3081},{""code"":""FS"",""name"":""Splitter"",""n"":44,""usage_pct"":4,""speed"":135.2,""k_stuff_plus"":94.53,""k_location_plus"":96.6,""whiff_rate"":0.0455,""csw_rate"":0.1591},{""code"":""CH"",""name"":""Changeup"",""n"":2,""usage_pct"":0.2,""speed"":130.5,""k_stuff_plus"":91.56,""k_location_plus"":103.3,""whiff_rate"":0.0,""csw_rate"":0.0}]","https://www.kbostuff.app/stuff/63765?season=2025"
"2025","63950","878","147.17518248175182","99.43626315955318","101.77587749435658","0.1623931623931624","0.08974358974358974","0.07630979498861047","0.25740318906605925","Four-seam/Slider/Splitter","[{""code"":""FF"",""name"":""Four-seam"",""n"":411,""usage_pct"":46.8,""speed"":147.2,""k_stuff_plus"":97.13,""k_location_plus"":102.8,""whiff_rate"":0.0316,""csw_rate"":0.2311},{""code"":""SL"",""name"":""Slider"",""n"":296,""usage_pct"":33.7,""speed"":133.4,""k_stuff_plus"":105.93,""k_location_plus"":100.6,""whiff_rate"":0.1588,""csw_rate"":0.3581},{""code"":""FS"",""name"":""Splitter"",""n"":171,""usage_pct"":19.5,""speed"":141.8,""k_stuff_plus"":93.95,""k_location_plus"":102.2,""whiff_rate"":0.0409,""csw_rate"":0.1462}]","https://www.kbostuff.app/stuff/63950?season=2025"
"2025","63959","336","135.64646464646464","92.7520014661511","97.78248095903716","0.17045454545454544","0.10227272727272728","0.0744047619047619","0.29464285714285715","Slider/Sinker/Curve/Splitter/Four-seam","[{""code"":""SL"",""name"":""Slider"",""n"":188,""usage_pct"":56,""speed"":127.5,""k_stuff_plus"":95.63,""k_location_plus"":101.1,""whiff_rate"":0.1064,""csw_rate"":0.3404},{""code"":""SI"",""name"":""Sinker"",""n"":96,""usage_pct"":28.6,""speed"":135.4,""k_stuff_plus"":96.96,""k_location_plus"":95.3,""whiff_rate"":0.0208,""csw_rate"":0.2812},{""code"":""CU"",""name"":""Curve"",""n"":27,""usage_pct"":8,""speed"":118.0,""k_stuff_plus"":94.77,""k_location_plus"":100.5,""whiff_rate"":0.0741,""csw_rate"":0.1852},{""code"":""FS"",""name"":""Splitter"",""n"":22,""usage_pct"":6.5,""speed"":127.1,""k_stuff_plus"":94.39,""k_location_plus"":98.5,""whiff_rate"":0.0455,""csw_rate"":0.1364},{""code"":""FF"",""name"":""Four-seam"",""n"":3,""usage_pct"":0.9,""speed"":142.7,""k_stuff_plus"":null,""k_location_plus"":97.1,""whiff_rate"":0.0,""csw_rate"":0.0}]","https://www.kbostuff.app/stuff/63959?season=2025"
"2025","63960","12","139.0","102.84954552837988","99.25013645281489","0.2","0.0","0.16666666666666666","0.4166666666666667","Changeup/Slider/Four-seam","[{""code"":""CH"",""name"":""Changeup"",""n"":6,""usage_pct"":50,""speed"":130.8,""k_stuff_plus"":102.81,""k_location_plus"":99.0,""whiff_rate"":0.3333,""csw_rate"":0.5},{""code"":""SL"",""name"":""Slider"",""n"":3,""usage_pct"":25,""speed"":127.3,""k_stuff_plus"":103.71,""k_location_plus"":102.0,""whiff_rate"":0.0,""csw_rate"":0.3333},{""code"":""FF"",""name"":""Four-seam"",""n"":3,""usage_pct"":25,""speed"":139.0,""k_stuff_plus"":92.47,""k_location_plus"":98.7,""whiff_rate"":0.0,""csw_rate"":0.3333}]","https://www.kbostuff.app/stuff/63960?season=2025"
"2025","64001","2523","133.90009165902842","101.87751056980079","109.10170937356244","0.22481751824817517","0.043795620437956206","0.14189456995640112","0.3277843836702338","Changeup/Sinker/Curve/Cutter/Four-seam/Slider","[{""code"":""CH"",""name"":""Changeup"",""n"":1178,""usage_pct"":46.7,""speed"":116.7,""k_stuff_plus"":106.18,""k_location_plus"":107.4,""whiff_rate"":0.2445,""csw_rate"":0.3268},{""code"":""SI"",""name"":""Sinker"",""n"":895,""usage_pct"":35.5,""speed"":134.9,""k_stuff_plus"":98.29,""k_location_plus"":110.5,""whiff_rate"":0.0525,""csw_rate"":0.3497},{""code"":""CU"",""name"":""Curve"",""n"":241,""usage_pct"":9.6,""speed"":116.6,""k_stuff_plus"":94.98,""k_location_plus"":108.5,""whiff_rate"":0.0332,""csw_rate"":0.3734},{""code"":""FC"",""name"":""Cutter"",""n"":136,""usage_pct"":5.4,""speed"":127.1,""k_stuff_plus"":95.39,""k_location_plus"":101.4,""whiff_rate"":0.0588,""csw_rate"":0.1397},{""code"":""FF"",""name"":""Four-seam"",""n"":60,""usage_pct"":2.4,""speed"":134.5,""k_stuff_plus"":93.81,""k_location_plus"":104.4,""whiff_rate"":0.1,""csw_rate"":0.2833},{""code"":""SL"",""name"":""Slider"",""n"":13,""usage_pct"":0.5,""speed"":120.2,""k_stuff_plus"":92.37,""k_location_plus"":97.0,""whiff_rate"":0.0769,""csw_rate"":0.2308}]","https://www.kbostuff.app/stuff/64001?season=2025"
"2025","64017","48","141.375","98.05708072371371","103.46091672355735","0.13333333333333333","0.06666666666666667","0.10416666666666667","0.2708333333333333","Slider/Four-seam/Changeup/Curve","[{""code"":""SL"",""name"":""Slider"",""n"":24,""usage_pct"":50,""speed"":131.1,""k_stuff_plus"":97.87,""k_location_plus"":101.4,""whiff_rate"":0.1667,""csw_rate"":0.2083},{""code"":""FF"",""name"":""Four-seam"",""n"":16,""usage_pct"":33.3,""speed"":141.4,""k_stuff_plus"":100.69,""k_location_plus"":100.0,""whiff_rate"":0.0625,""csw_rate"":0.3125},{""code"":""CH"",""name"":""Changeup"",""n"":4,""usage_pct"":8.3,""speed"":132.2,""k_stuff_plus"":99.35,""k_location_plus"":105.1,""whiff_rate"":0.0,""csw_rate"":0.25},{""code"":""CU"",""name"":""Curve"",""n"":4,""usage_pct"":8.3,""speed"":117.5,""k_stuff_plus"":96.72,""k_location_plus"":103.7,""whiff_rate"":0.0,""csw_rate"":0.5}]","https://www.kbostuff.app/stuff/64017?season=2025"
"2025","64021","2688","147.00744186046512","99.83626454875068","100.41631406931883","0.2146814404432133","0.07479224376731301","0.1052827380952381","0.2857142857142857","Four-seam/Slider/Splitter/Curve","[{""code"":""FF"",""name"":""Four-seam"",""n"":1075,""usage_pct"":40,""speed"":147.0,""k_stuff_plus"":96.76,""k_location_plus"":102.8,""whiff_rate"":0.0512,""csw_rate"":0.2288},{""code"":""SL"",""name"":""Slider"",""n"":869,""usage_pct"":32.3,""speed"":135.2,""k_stuff_plus"":99.11,""k_location_plus"":104.5,""whiff_rate"":0.1047,""csw_rate"":0.328},{""code"":""FS"",""name"":""Splitter"",""n"":381,""usage_pct"":14.2,""speed"":134.0,""k_stuff_plus"":103.45,""k_location_plus"":94.9,""whiff_rate"":0.21,""csw_rate"":0.2966},{""code"":""CU"",""name"":""Curve"",""n"":363,""usage_pct"":13.5,""speed"":122.2,""k_stuff_plus"":105.46,""k_location_plus"":94.8,""whiff_rate"":0.157,""csw_rate"":0.3416}]","https://www.kbostuff.app/stuff/64021?season=2025"
"2025","64350","2488","141.8153594771242","99.94806755548824","105.1031278879252","0.20029895366218237","0.061285500747384154","0.10610932475884244","0.29260450160771706","Four-seam/Splitter/Slider/Cutter/Curve","[{""code"":""FF"",""name"":""Four-seam"",""n"":897,""usage_pct"":36.1,""speed"":144.0,""k_stuff_plus"":98.45,""k_location_plus"":106.6,""whiff_rate"":0.0334,""csw_rate"":0.2397},{""code"":""FS"",""name"":""Splitter"",""n"":614,""usage_pct"":24.7,""speed"":132.6,""k_stuff_plus"":97.08,""k_location_plus"":110.2,""whiff_rate"":0.1515,""csw_rate"":0.3176},{""code"":""SL"",""name"":""Slider"",""n"":379,""usage_pct"":15.2,""speed"":128.9,""k_stuff_plus"":99.76,""k_location_plus"":102.7,""whiff_rate"":0.153,""csw_rate"":0.3087},{""code"":""FC"",""name"":""Cutter"",""n"":327,""usage_pct"":13.1,""speed"":135.8,""k_stuff_plus"":100.21,""k_location_plus"":99.4,""whiff_rate"":0.1927,""csw_rate"":0.3578},{""code"":""CU"",""name"":""Curve"",""n"":271,""usage_pct"":10.9,""speed"":122.3,""k_stuff_plus"":98.09,""k_location_plus"":105.0,""whiff_rate"":0.0738,""csw_rate"":0.31}]","https://www.kbostuff.app/stuff/64350?season=2025"
"2025","64580","397","141.77142857142857","99.86623590897436","100.01340771075307","0.14414414414414414","0.14414414414414414","0.08816120906801007","0.27455919395465994","Four-seam/Splitter/Slider/Cutter/Curve","[{""code"":""FF"",""name"":""Four-seam"",""n"":134,""usage_pct"":33.8,""speed"":144.2,""k_stuff_plus"":100.46,""k_location_plus"":100.1,""whiff_rate"":0.0373,""csw_rate"":0.2015},{""code"":""FS"",""name"":""Splitter"",""n"":131,""usage_pct"":33,""speed"":130.0,""k_stuff_plus"":98.73,""k_location_plus"":102.4,""whiff_rate"":0.1298,""csw_rate"":0.2748},{""code"":""SL"",""name"":""Slider"",""n"":75,""usage_pct"":18.9,""speed"":125.1,""k_stuff_plus"":94.93,""k_location_plus"":100.3,""whiff_rate"":0.0933,""csw_rate"":0.3467},{""code"":""FC"",""name"":""Cutter"",""n"":41,""usage_pct"":10.3,""speed"":134.0,""k_stuff_plus"":99.41,""k_location_plus"":105.3,""whiff_rate"":0.0976,""csw_rate"":0.4146},{""code"":""CU"",""name"":""Curve"",""n"":16,""usage_pct"":4,""speed"":120.9,""k_stuff_plus"":117.31,""k_location_plus"":94.0,""whiff_rate"":0.125,""csw_rate"":0.1875}]","https://www.kbostuff.app/stuff/64580?season=2025"
"2025","64596","104","142.77777777777777","93.94518567766569","91.9977274135028","0.19230769230769232","0.15384615384615385","0.0673076923076923","0.23076923076923078","Four-seam/Slider/Splitter/Curve/Changeup","[{""code"":""FF"",""name"":""Four-seam"",""n"":54,""usage_pct"":51.9,""speed"":142.8,""k_stuff_plus"":94.69,""k_location_plus"":94.0,""whiff_rate"":0.0556,""csw_rate"":0.2593},{""code"":""SL"",""name"":""Slider"",""n"":43,""usage_pct"":41.3,""speed"":129.9,""k_stuff_plus"":96.66,""k_location_plus"":94.0,""whiff_rate"":0.093,""csw_rate"":0.2326},{""code"":""FS"",""name"":""Splitter"",""n"":4,""usage_pct"":3.8,""speed"":129.5,""k_stuff_plus"":94.7,""k_location_plus"":100.5,""whiff_rate"":0.0,""csw_rate"":0.0},{""code"":""CU"",""name"":""Curve"",""n"":2,""usage_pct"":1.9,""speed"":123.0,""k_stuff_plus"":null,""k_location_plus"":100.3,""whiff_rate"":0.0,""csw_rate"":0.0},{""code"":""CH"",""name"":""Changeup"",""n"":1,""usage_pct"":1,""speed"":131.0,""k_stuff_plus"":94.33,""k_location_plus"":102.9,""whiff_rate"":0.0,""csw_rate"":0.0}]","https://www.kbostuff.app/stuff/64596?season=2025"
"2025","64768","173","138.9047619047619","90.73991117368854","109.81765173134504","0.06","0.0","0.08092485549132948","0.24855491329479767","Four-seam/Slider/Splitter/Curve","[{""code"":""FF"",""name"":""Four-seam"",""n"":63,""usage_pct"":36.4,""speed"":138.9,""k_stuff_plus"":92.93,""k_location_plus"":104.7,""whiff_rate"":0.0635,""csw_rate"":0.3175},{""code"":""SL"",""name"":""Slider"",""n"":51,""usage_pct"":29.5,""speed"":131.3,""k_stuff_plus"":91.78,""k_location_plus"":107.3,""whiff_rate"":0.098,""csw_rate"":0.1961},{""code"":""FS"",""name"":""Splitter"",""n"":47,""usage_pct"":27.2,""speed"":125.3,""k_stuff_plus"":96.18,""k_location_plus"":105.4,""whiff_rate"":0.1064,""csw_rate"":0.2553},{""code"":""CU"",""name"":""Curve"",""n"":12,""usage_pct"":6.9,""speed"":104.9,""k_stuff_plus"":95.37,""k_location_plus"":105.5,""whiff_rate"":0.0,""csw_rate"":0.0833}]","https://www.kbostuff.app/stuff/64768?season=2025"
"2025","64995","1113","146.79854809437387","99.99011946036435","90.30974931222497","0.1881918819188192","0.13653136531365315","0.09883198562443846","0.25965858041329737","Four-seam/Splitter/Slider/Sinker","[{""code"":""FF"",""name"":""Four-seam"",""n"":550,""usage_pct"":49.4,""speed"":146.8,""k_stuff_plus"":96.98,""k_location_plus"":88.5,""whiff_rate"":0.0691,""csw_rate"":0.2564},{""code"":""FS"",""name"":""Splitter"",""n"":310,""usage_pct"":27.9,""speed"":141.3,""k_stuff_plus"":102.19,""k_location_plus"":97.6,""whiff_rate"":0.1323,""csw_rate"":0.2258},{""code"":""SL"",""name"":""Slider"",""n"":252,""usage_pct"":22.6,""speed"":132.6,""k_stuff_plus"":101.7,""k_location_plus"":96.5,""whiff_rate"":0.123,""csw_rate"":0.3095},{""code"":""SI"",""name"":""Sinker"",""n"":1,""usage_pct"":0.1,""speed"":140.0,""k_stuff_plus"":null,""k_location_plus"":101.3,""whiff_rate"":0.0,""csw_rate"":0.0}]","https://www.kbostuff.app/stuff/64995?season=2025"
"2025","65048","804","141.44420600858368","100.51086546222491","105.1968712099672","0.1565217391304348","0.06521739130434782","0.10199004975124377","0.26492537313432835","Four-seam/Slider/Cutter/Changeup","[{""code"":""FF"",""name"":""Four-seam"",""n"":322,""usage_pct"":40,""speed"":143.3,""k_stuff_plus"":98.88,""k_location_plus"":102.4,""whiff_rate"":0.0497,""csw_rate"":0.264},{""code"":""SL"",""name"":""Slider"",""n"":258,""usage_pct"":32.1,""speed"":130.3,""k_stuff_plus"":100.54,""k_location_plus"":106.1,""whiff_rate"":0.1744,""csw_rate"":0.3062},{""code"":""FC"",""name"":""Cutter"",""n"":144,""usage_pct"":17.9,""speed"":137.2,""k_stuff_plus"":98.59,""k_location_plus"":101.3,""whiff_rate"":0.1042,""csw_rate"":0.2569},{""code"":""CH"",""name"":""Changeup"",""n"":80,""usage_pct"":10,""speed"":129.8,""k_stuff_plus"":96.43,""k_location_plus"":102.6,""whiff_rate"":0.075,""csw_rate"":0.15}]","https://www.kbostuff.app/stuff/65048?season=2025"
"2025","65056","1537","144.7477243172952","100.09434522182983","103.74583612021996","0.19525065963060687","0.10026385224274406","0.10084580351333768","0.2674040338321405","Four-seam/Changeup/Slider/Curve/Cutter/Sinker","[{""code"":""FF"",""name"":""Four-seam"",""n"":605,""usage_pct"":39.4,""speed"":145.6,""k_stuff_plus"":102.82,""k_location_plus"":102.1,""whiff_rate"":0.0942,""csw_rate"":0.2281},{""code"":""CH"",""name"":""Changeup"",""n"":578,""usage_pct"":37.6,""speed"":131.8,""k_stuff_plus"":96.12,""k_location_plus"":108.6,""whiff_rate"":0.1125,""csw_rate"":0.301},{""code"":""SL"",""name"":""Slider"",""n"":99,""usage_pct"":6.4,""speed"":128.4,""k_stuff_plus"":96.23,""k_location_plus"":97.3,""whiff_rate"":0.0505,""csw_rate"":0.2525},{""code"":""CU"",""name"":""Curve"",""n"":91,""usage_pct"":5.9,""speed"":127.0,""k_stuff_plus"":100.46,""k_location_plus"":100.8,""whiff_rate"":0.0549,""csw_rate"":0.3077},{""code"":""FC"",""name"":""Cutter"",""n"":87,""usage_pct"":5.7,""speed"":137.7,""k_stuff_plus"":101.79,""k_location_plus"":93.3,""whiff_rate"":0.1609,""csw_rate"":0.2874},{""code"":""SI"",""name"":""Sinker"",""n"":77,""usage_pct"":5,""speed"":145.7,""k_stuff_plus"":112.84,""k_location_plus"":101.8,""whiff_rate"":0.1169,""csw_rate"":0.2727}]","https://www.kbostuff.app/stuff/65056?season=2025"
"2025","65060","634","142.36686390532543","96.37141534253362","104.74378527948927","0.10795454545454546","0.07386363636363637","0.09936908517350158","0.2302839116719243","Changeup/Sinker/Four-seam/Slider/Curve","[{""code"":""CH"",""name"":""Changeup"",""n"":255,""usage_pct"":40.2,""speed"":128.1,""k_stuff_plus"":99.44,""k_location_plus"":107.6,""whiff_rate"":0.1608,""csw_rate"":0.2627},{""code"":""SI"",""name"":""Sinker"",""n"":237,""usage_pct"":37.4,""speed"":142.1,""k_stuff_plus"":99.01,""k_location_plus"":100.9,""whiff_rate"":0.0633,""csw_rate"":0.2194},{""code"":""FF"",""name"":""Four-seam"",""n"":101,""usage_pct"":15.9,""speed"":143.1,""k_stuff_plus"":97.58,""k_location_plus"":102.6,""whiff_rate"":0.0396,""csw_rate"":0.2079},{""code"":""SL"",""name"":""Slider"",""n"":40,""usage_pct"":6.3,""speed"":135.3,""k_stuff_plus"":99.49,""k_location_plus"":93.3,""whiff_rate"":0.075,""csw_rate"":0.15},{""code"":""CU"",""name"":""Curve"",""n"":1,""usage_pct"":0.2,""speed"":126.0,""k_stuff_plus"":null,""k_location_plus"":96.7,""whiff_rate"":0.0,""csw_rate"":0.0}]","https://www.kbostuff.app/stuff/65060?season=2025"
"2025","65062","932","144.67326732673268","101.56120333760082","106.47703841611495","0.17768595041322313","0.05371900826446281","0.1223175965665236","0.2811158798283262","Four-seam/Slider/Splitter/Curve","[{""code"":""FF"",""name"":""Four-seam"",""n"":505,""usage_pct"":54.2,""speed"":144.7,""k_stuff_plus"":102.2,""k_location_plus"":107.1,""whiff_rate"":0.095,""csw_rate"":0.2733},{""code"":""SL"",""name"":""Slider"",""n"":249,""usage_pct"":26.7,""speed"":130.2,""k_stuff_plus"":99.76,""k_location_plus"":105.0,""whiff_rate"":0.1647,""csw_rate"":0.3333},{""code"":""FS"",""name"":""Splitter"",""n"":174,""usage_pct"":18.7,""speed"":134.1,""k_stuff_plus"":101.08,""k_location_plus"":103.9,""whiff_rate"":0.1437,""csw_rate"":0.2356},{""code"":""CU"",""name"":""Curve"",""n"":4,""usage_pct"":0.4,""speed"":115.2,""k_stuff_plus"":99.13,""k_location_plus"":95.6,""whiff_rate"":0.0,""csw_rate"":0.0}]","https://www.kbostuff.app/stuff/65062?season=2025"
"2025","65109","580","147.21866666666668","103.69739338465723","96.79944537717252","0.18493150684931506","0.1917808219178082","0.07758620689655173","0.23103448275862068","Four-seam/Slider/Splitter","[{""code"":""FF"",""name"":""Four-seam"",""n"":375,""usage_pct"":64.7,""speed"":147.2,""k_stuff_plus"":103.03,""k_location_plus"":93.6,""whiff_rate"":0.0533,""csw_rate"":0.2187},{""code"":""SL"",""name"":""Slider"",""n"":156,""usage_pct"":26.9,""speed"":137.5,""k_stuff_plus"":103.08,""k_location_plus"":95.9,""whiff_rate"":0.141,""csw_rate"":0.2821},{""code"":""FS"",""name"":""Splitter"",""n"":49,""usage_pct"":8.4,""speed"":137.6,""k_stuff_plus"":101.67,""k_location_plus"":104.4,""whiff_rate"":0.0612,""csw_rate"":0.1633}]","https://www.kbostuff.app/stuff/65109?season=2025"
"2025","65117","155","143.13793103448276","97.57079294184449","104.76217579132405","0.10638297872340426","0.0851063829787234","0.09032258064516129","0.2645161290322581","Four-seam/Changeup/Cutter/Curve/Slider/Sweeper/Sinker/Splitter","[{""code"":""FF"",""name"":""Four-seam"",""n"":67,""usage_pct"":43.2,""speed"":144.6,""k_stuff_plus"":95.6,""k_location_plus"":99.2,""whiff_rate"":0.0896,""csw_rate"":0.2388},{""code"":""CH"",""name"":""Changeup"",""n"":32,""usage_pct"":20.6,""speed"":125.7,""k_stuff_plus"":100.69,""k_location_plus"":104.7,""whiff_rate"":0.125,""csw_rate"":0.3125},{""code"":""FC"",""name"":""Cutter"",""n"":18,""usage_pct"":11.6,""speed"":137.6,""k_stuff_plus"":98.66,""k_location_plus"":97.6,""whiff_rate"":0.0556,""csw_rate"":0.1111},{""code"":""CU"",""name"":""Curve"",""n"":16,""usage_pct"":10.3,""speed"":117.8,""k_stuff_plus"":95.96,""k_location_plus"":106.0,""whiff_rate"":0.0625,""csw_rate"":0.5625},{""code"":""SL"",""name"":""Slider"",""n"":15,""usage_pct"":9.7,""speed"":130.2,""k_stuff_plus"":96.21,""k_location_plus"":103.2,""whiff_rate"":0.1333,""csw_rate"":0.2},{""code"":""ST"",""name"":""Sweeper"",""n"":4,""usage_pct"":2.6,""speed"":126.2,""k_stuff_plus"":98.26,""k_location_plus"":103.5,""whiff_rate"":0.0,""csw_rate"":0.25},{""code"":""SI"",""name"":""Sinker"",""n"":2,""usage_pct"":1.3,""speed"":142.5,""k_stuff_plus"":99.79,""k_location_plus"":101.3,""whiff_rate"":0.0,""csw_rate"":0.0},{""code"":""FS"",""name"":""Splitter"",""n"":1,""usage_pct"":0.6,""speed"":125.0,""k_stuff_plus"":90.77,""k_location_plus"":101.3,""whiff_rate"":0.0,""csw_rate"":0.0}]","https://www.kbostuff.app/stuff/65117?season=2025"
"2025","65320","2131","145.30791575889614","102.48061684767856","102.63374162152721","0.19746376811594202","0.09239130434782608","0.09760675739089629","0.2693571093383388","Four-seam/Changeup/Cutter/Slider/Curve/Sinker","[{""code"":""FF"",""name"":""Four-seam"",""n"":1018,""usage_pct"":47.8,""speed"":146.9,""k_stuff_plus"":100.9,""k_location_plus"":103.8,""whiff_rate"":0.0815,""csw_rate"":0.2534},{""code"":""CH"",""name"":""Changeup"",""n"":323,""usage_pct"":15.2,""speed"":130.3,""k_stuff_plus"":99.61,""k_location_plus"":100.8,""whiff_rate"":0.1207,""csw_rate"":0.2415},{""code"":""FC"",""name"":""Cutter"",""n"":305,""usage_pct"":14.3,""speed"":139.7,""k_stuff_plus"":100.59,""k_location_plus"":96.9,""whiff_rate"":0.118,""csw_rate"":0.3213},{""code"":""SL"",""name"":""Slider"",""n"":234,""usage_pct"":11,""speed"":139.4,""k_stuff_plus"":96.25,""k_location_plus"":102.8,""whiff_rate"":0.094,""csw_rate"":0.312},{""code"":""CU"",""name"":""Curve"",""n"":197,""usage_pct"":9.2,""speed"":123.6,""k_stuff_plus"":103.15,""k_location_plus"":93.2,""whiff_rate"":0.132,""csw_rate"":0.269},{""code"":""SI"",""name"":""Sinker"",""n"":54,""usage_pct"":2.5,""speed"":146.2,""k_stuff_plus"":101.33,""k_location_plus"":102.4,""whiff_rate"":0.037,""csw_rate"":0.2593}]","https://www.kbostuff.app/stuff/65320?season=2025"
"2025","65343","366","141.51063829787233","99.64774492357995","98.21720188784816","0.14736842105263157","0.10526315789473684","0.09289617486338798","0.27595628415300544","Four-seam/Slider/Splitter","[{""code"":""FF"",""name"":""Four-seam"",""n"":188,""usage_pct"":51.4,""speed"":141.5,""k_stuff_plus"":99.05,""k_location_plus"":103.5,""whiff_rate"":0.0319,""csw_rate"":0.266},{""code"":""SL"",""name"":""Slider"",""n"":131,""usage_pct"":35.8,""speed"":128.7,""k_stuff_plus"":100.64,""k_location_plus"":89.1,""whiff_rate"":0.1603,""csw_rate"":0.3206},{""code"":""FS"",""name"":""Splitter"",""n"":47,""usage_pct"":12.8,""speed"":129.3,""k_stuff_plus"":100.42,""k_location_plus"":101.0,""whiff_rate"":0.1489,""csw_rate"":0.1915}]","https://www.kbostuff.app/stuff/65343?season=2025"
"2025","65411","23","145.75","105.49221228536793","93.41194310851546","0.2","0.4","0.043478260869565216","0.2608695652173913","Slider/Four-seam/Curve","[{""code"":""SL"",""name"":""Slider"",""n"":11,""usage_pct"":47.8,""speed"":134.3,""k_stuff_plus"":103.61,""k_location_plus"":99.6,""whiff_rate"":0.0909,""csw_rate"":0.2727},{""code"":""FF"",""name"":""Four-seam"",""n"":8,""usage_pct"":34.8,""speed"":145.8,""k_stuff_plus"":null,""k_location_plus"":95.2,""whiff_rate"":0.0,""csw_rate"":0.125},{""code"":""CU"",""name"":""Curve"",""n"":4,""usage_pct"":17.4,""speed"":122.8,""k_stuff_plus"":null,""k_location_plus"":99.8,""whiff_rate"":0.0,""csw_rate"":0.5}]","https://www.kbostuff.app/stuff/65411?season=2025"
"2025","65516","504","145.5529411764706","103.54098892776044","107.90536236721553","0.18110236220472442","0.08661417322834646","0.10714285714285714","0.30357142857142855","Four-seam/Slider/Changeup/Curve/Splitter","[{""code"":""FF"",""name"":""Four-seam"",""n"":255,""usage_pct"":50.6,""speed"":145.6,""k_stuff_plus"":106.49,""k_location_plus"":107.6,""whiff_rate"":0.0667,""csw_rate"":0.3255},{""code"":""SL"",""name"":""Slider"",""n"":173,""usage_pct"":34.3,""speed"":131.9,""k_stuff_plus"":101.12,""k_location_plus"":104.5,""whiff_rate"":0.1908,""csw_rate"":0.3179},{""code"":""CH"",""name"":""Changeup"",""n"":61,""usage_pct"":12.1,""speed"":126.9,""k_stuff_plus"":100.02,""k_location_plus"":104.2,""whiff_rate"":0.0656,""csw_rate"":0.2131},{""code"":""CU"",""name"":""Curve"",""n"":8,""usage_pct"":1.6,""speed"":124.5,""k_stuff_plus"":92.92,""k_location_plus"":102.9,""whiff_rate"":0.0,""csw_rate"":0.125},{""code"":""FS"",""name"":""Splitter"",""n"":7,""usage_pct"":1.4,""speed"":136.3,""k_stuff_plus"":92.61,""k_location_plus"":101.2,""whiff_rate"":0.0,""csw_rate"":0.1429}]","https://www.kbostuff.app/stuff/65516?season=2025"
"2025","65522","1131","144.74730021598273","97.40635550347841","103.32421558006811","0.11764705882352941","0.06862745098039216","0.09637488947833775","0.28116710875331563","Slider/Four-seam/Changeup","[{""code"":""SL"",""name"":""Slider"",""n"":651,""usage_pct"":57.6,""speed"":128.7,""k_stuff_plus"":100.51,""k_location_plus"":100.3,""whiff_rate"":0.1321,""csw_rate"":0.3134},{""code"":""FF"",""name"":""Four-seam"",""n"":463,""usage_pct"":40.9,""speed"":144.7,""k_stuff_plus"":94.24,""k_location_plus"":106.9,""whiff_rate"":0.0454,""csw_rate"":0.2419},{""code"":""CH"",""name"":""Changeup"",""n"":17,""usage_pct"":1.5,""speed"":130.1,""k_stuff_plus"":105.06,""k_location_plus"":97.4,""whiff_rate"":0.1176,""csw_rate"":0.1176}]","https://www.kbostuff.app/stuff/65522?season=2025"
"2025","65639","416","140.76153846153846","98.73908910312481","92.48350449492622","0.12605042016806722","0.06722689075630252","0.11298076923076923","0.25961538461538464","Slider/Four-seam/Curve/Changeup/Sinker","[{""code"":""SL"",""name"":""Slider"",""n"":127,""usage_pct"":30.5,""speed"":133.2,""k_stuff_plus"":99.4,""k_location_plus"":95.4,""whiff_rate"":0.1496,""csw_rate"":0.3307},{""code"":""FF"",""name"":""Four-seam"",""n"":95,""usage_pct"":22.8,""speed"":141.1,""k_stuff_plus"":94.79,""k_location_plus"":93.9,""whiff_rate"":0.0211,""csw_rate"":0.2105},{""code"":""CU"",""name"":""Curve"",""n"":86,""usage_pct"":20.7,""speed"":122.9,""k_stuff_plus"":104.07,""k_location_plus"":99.1,""whiff_rate"":0.1395,""csw_rate"":0.2558},{""code"":""CH"",""name"":""Changeup"",""n"":73,""usage_pct"":17.5,""speed"":127.3,""k_stuff_plus"":97.83,""k_location_plus"":100.3,""whiff_rate"":0.1644,""csw_rate"":0.2466},{""code"":""SI"",""name"":""Sinker"",""n"":35,""usage_pct"":8.4,""speed"":139.7,""k_stuff_plus"":98.87,""k_location_plus"":98.3,""whiff_rate"":0.0571,""csw_rate"":0.1714}]","https://www.kbostuff.app/stuff/65639?season=2025"
"2025","65665","557","142.7448275862069","98.81298257039602","100.50457164009872","0.23448275862068965","0.07586206896551724","0.118491921005386","0.31597845601436264","Slider/Four-seam/Curve/Splitter","[{""code"":""SL"",""name"":""Slider"",""n"":405,""usage_pct"":72.7,""speed"":130.5,""k_stuff_plus"":99.62,""k_location_plus"":104.6,""whiff_rate"":0.158,""csw_rate"":0.3432},{""code"":""FF"",""name"":""Four-seam"",""n"":145,""usage_pct"":26,""speed"":142.7,""k_stuff_plus"":95.78,""k_location_plus"":92.5,""whiff_rate"":0.0138,""csw_rate"":0.2414},{""code"":""CU"",""name"":""Curve"",""n"":5,""usage_pct"":0.9,""speed"":118.0,""k_stuff_plus"":90.53,""k_location_plus"":101.5,""whiff_rate"":0.0,""csw_rate"":0.2},{""code"":""FS"",""name"":""Splitter"",""n"":2,""usage_pct"":0.4,""speed"":134.5,""k_stuff_plus"":null,""k_location_plus"":100.7,""whiff_rate"":0.0,""csw_rate"":0.5}]","https://www.kbostuff.app/stuff/65665?season=2025"
"2025","65707","769","145.17866666666666","99.02264925324721","104.05139201795448","0.19170984455958548","0.05181347150259067","0.09622886866059818","0.2535760728218466","Four-seam/Slider/Changeup/Curve/Splitter","[{""code"":""FF"",""name"":""Four-seam"",""n"":375,""usage_pct"":48.8,""speed"":145.2,""k_stuff_plus"":101.01,""k_location_plus"":102.9,""whiff_rate"":0.0773,""csw_rate"":0.2267},{""code"":""SL"",""name"":""Slider"",""n"":176,""usage_pct"":22.9,""speed"":134.5,""k_stuff_plus"":99.46,""k_location_plus"":99.4,""whiff_rate"":0.1534,""csw_rate"":0.3068},{""code"":""CH"",""name"":""Changeup"",""n"":135,""usage_pct"":17.6,""speed"":130.4,""k_stuff_plus"":97.36,""k_location_plus"":103.4,""whiff_rate"":0.0889,""csw_rate"":0.2296},{""code"":""CU"",""name"":""Curve"",""n"":81,""usage_pct"":10.5,""speed"":123.6,""k_stuff_plus"":96.47,""k_location_plus"":109.8,""whiff_rate"":0.0741,""csw_rate"":0.2963},{""code"":""FS"",""name"":""Splitter"",""n"":2,""usage_pct"":0.3,""speed"":131.5,""k_stuff_plus"":87.99,""k_location_plus"":101.6,""whiff_rate"":0.0,""csw_rate"":0.5}]","https://www.kbostuff.app/stuff/65707?season=2025"
"2025","65769","783","147.10416666666666","102.21799215559368","93.3118269767497","0.21025641025641026","0.11282051282051282","0.11877394636015326","0.2962962962962963","Four-seam/Slider/Splitter/Curve","[{""code"":""FF"",""name"":""Four-seam"",""n"":288,""usage_pct"":36.8,""speed"":147.1,""k_stuff_plus"":98.55,""k_location_plus"":99.3,""whiff_rate"":0.0486,""csw_rate"":0.2604},{""code"":""SL"",""name"":""Slider"",""n"":274,""usage_pct"":35,""speed"":135.5,""k_stuff_plus"":102.24,""k_location_plus"":95.7,""whiff_rate"":0.1569,""csw_rate"":0.2847},{""code"":""FS"",""name"":""Splitter"",""n"":120,""usage_pct"":15.3,""speed"":137.3,""k_stuff_plus"":105.07,""k_location_plus"":91.4,""whiff_rate"":0.2167,""csw_rate"":0.2917},{""code"":""CU"",""name"":""Curve"",""n"":101,""usage_pct"":12.9,""speed"":117.2,""k_stuff_plus"":102.13,""k_location_plus"":101.1,""whiff_rate"":0.099,""csw_rate"":0.4356}]","https://www.kbostuff.app/stuff/65769?season=2025"
"2025","65933","250","142.16528925619835","100.6425700563299","102.97780587317645","0.3050847457627119","0.05084745762711865","0.088","0.304","Four-seam/Slider/Splitter/Curve","[{""code"":""FF"",""name"":""Four-seam"",""n"":121,""usage_pct"":48.4,""speed"":142.2,""k_stuff_plus"":102.6,""k_location_plus"":103.2,""whiff_rate"":0.0579,""csw_rate"":0.3388},{""code"":""SL"",""name"":""Slider"",""n"":65,""usage_pct"":26,""speed"":130.8,""k_stuff_plus"":98.74,""k_location_plus"":103.2,""whiff_rate"":0.0923,""csw_rate"":0.3077},{""code"":""FS"",""name"":""Splitter"",""n"":57,""usage_pct"":22.8,""speed"":130.8,""k_stuff_plus"":99.78,""k_location_plus"":101.3,""whiff_rate"":0.1579,""csw_rate"":0.2632},{""code"":""CU"",""name"":""Curve"",""n"":7,""usage_pct"":2.8,""speed"":115.1,""k_stuff_plus"":92.94,""k_location_plus"":98.7,""whiff_rate"":0.0,""csw_rate"":0.0}]","https://www.kbostuff.app/stuff/65933?season=2025"
"2025","65949","1059","146.09570041608876","102.53700241844162","103.94312979787769","0.20727272727272728","0.10181818181818182","0.09631728045325778","0.28800755429650615","Four-seam/Splitter/Cutter/Slider","[{""code"":""FF"",""name"":""Four-seam"",""n"":604,""usage_pct"":57,""speed"":147.5,""k_stuff_plus"":98.85,""k_location_plus"":106.3,""whiff_rate"":0.0762,""csw_rate"":0.3146},{""code"":""FS"",""name"":""Splitter"",""n"":333,""usage_pct"":31.4,""speed"":137.1,""k_stuff_plus"":102.48,""k_location_plus"":99.2,""whiff_rate"":0.1351,""csw_rate"":0.2523},{""code"":""FC"",""name"":""Cutter"",""n"":117,""usage_pct"":11,""speed"":139.0,""k_stuff_plus"":101.46,""k_location_plus"":102.3,""whiff_rate"":0.0855,""csw_rate"":0.2564},{""code"":""SL"",""name"":""Slider"",""n"":5,""usage_pct"":0.5,""speed"":137.8,""k_stuff_plus"":91.25,""k_location_plus"":96.0,""whiff_rate"":0.2,""csw_rate"":0.2}]","https://www.kbostuff.app/stuff/65949?season=2025"
"2025","66018","1387","142.50139275766017","96.0615464226112","92.95095684855265","0.11286089238845144","0.12335958005249344","0.0692141312184571","0.22710886806056235","Four-seam/Slider/Curve/Splitter/Sweeper/Changeup","[{""code"":""FF"",""name"":""Four-seam"",""n"":718,""usage_pct"":51.8,""speed"":142.5,""k_stuff_plus"":93.93,""k_location_plus"":98.8,""whiff_rate"":0.0237,""csw_rate"":0.2061},{""code"":""SL"",""name"":""Slider"",""n"":477,""usage_pct"":34.4,""speed"":130.6,""k_stuff_plus"":99.61,""k_location_plus"":93.0,""whiff_rate"":0.1258,""csw_rate"":0.2704},{""code"":""CU"",""name"":""Curve"",""n"":118,""usage_pct"":8.5,""speed"":120.3,""k_stuff_plus"":99.8,""k_location_plus"":91.3,""whiff_rate"":0.0932,""csw_rate"":0.2288},{""code"":""FS"",""name"":""Splitter"",""n"":66,""usage_pct"":4.8,""speed"":128.7,""k_stuff_plus"":106.98,""k_location_plus"":81.1,""whiff_rate"":0.1061,""csw_rate"":0.1515},{""code"":""ST"",""name"":""Sweeper"",""n"":4,""usage_pct"":0.3,""speed"":120.2,""k_stuff_plus"":97.27,""k_location_plus"":101.7,""whiff_rate"":0.25,""csw_rate"":0.25},{""code"":""CH"",""name"":""Changeup"",""n"":4,""usage_pct"":0.3,""speed"":132.0,""k_stuff_plus"":null,""k_location_plus"":98.0,""whiff_rate"":0.0,""csw_rate"":0.0}]","https://www.kbostuff.app/stuff/66018?season=2025"
"2025","66291","1136","150.19285714285715","104.56608156017968","88.69380822937751","0.2408026755852843","0.13043478260869565","0.14172535211267606","0.2992957746478873","Four-seam/Slider/Curve/Splitter","[{""code"":""FF"",""name"":""Four-seam"",""n"":560,""usage_pct"":49.3,""speed"":150.2,""k_stuff_plus"":97.74,""k_location_plus"":89.8,""whiff_rate"":0.0518,""csw_rate"":0.2375},{""code"":""SL"",""name"":""Slider"",""n"":475,""usage_pct"":41.8,""speed"":136.6,""k_stuff_plus"":106.38,""k_location_plus"":89.2,""whiff_rate"":0.2232,""csw_rate"":0.3705},{""code"":""CU"",""name"":""Curve"",""n"":91,""usage_pct"":8,""speed"":121.4,""k_stuff_plus"":109.22,""k_location_plus"":93.7,""whiff_rate"":0.2747,""csw_rate"":0.3297},{""code"":""FS"",""name"":""Splitter"",""n"":10,""usage_pct"":0.9,""speed"":136.7,""k_stuff_plus"":104.06,""k_location_plus"":101.1,""whiff_rate"":0.1,""csw_rate"":0.1}]","https://www.kbostuff.app/stuff/66291?season=2025"
"2025","66451","60","141.31578947368422","96.38844661894844","96.85318313317225","0.06666666666666667","0.13333333333333333","0.05","0.26666666666666666","Slider/Four-seam/Changeup","[{""code"":""SL"",""name"":""Slider"",""n"":40,""usage_pct"":66.7,""speed"":129.9,""k_stuff_plus"":95.82,""k_location_plus"":93.5,""whiff_rate"":0.05,""csw_rate"":0.3},{""code"":""FF"",""name"":""Four-seam"",""n"":19,""usage_pct"":31.7,""speed"":141.3,""k_stuff_plus"":99.58,""k_location_plus"":104.6,""whiff_rate"":0.0526,""csw_rate"":0.2105},{""code"":""CH"",""name"":""Changeup"",""n"":1,""usage_pct"":1.7,""speed"":140.0,""k_stuff_plus"":null,""k_location_plus"":102.9,""whiff_rate"":0.0,""csw_rate"":0.0}]","https://www.kbostuff.app/stuff/66451?season=2025"
"2025","66609","1048","143.8218262806236","99.22834585187809","106.22692855148182","0.1724137931034483","0.06896551724137931","0.10782442748091603","0.25763358778625955","Four-seam/Slider/Splitter/Curve","[{""code"":""FF"",""name"":""Four-seam"",""n"":449,""usage_pct"":42.8,""speed"":143.8,""k_stuff_plus"":98.83,""k_location_plus"":105.8,""whiff_rate"":0.0601,""csw_rate"":0.2116},{""code"":""SL"",""name"":""Slider"",""n"":284,""usage_pct"":27.1,""speed"":136.2,""k_stuff_plus"":99.42,""k_location_plus"":108.4,""whiff_rate"":0.1338,""csw_rate"":0.3099},{""code"":""FS"",""name"":""Splitter"",""n"":235,""usage_pct"":22.4,""speed"":134.2,""k_stuff_plus"":100.95,""k_location_plus"":102.9,""whiff_rate"":0.183,""csw_rate"":0.2511},{""code"":""CU"",""name"":""Curve"",""n"":80,""usage_pct"":7.6,""speed"":125.8,""k_stuff_plus"":97.09,""k_location_plus"":106.8,""whiff_rate"":0.0625,""csw_rate"":0.35}]","https://www.kbostuff.app/stuff/66609?season=2025"
"2025","66858","317","142.9738219895288","99.17912424323549","97.60102603821306","0.2073170731707317","0.14634146341463414","0.11356466876971609","0.3028391167192429","Four-seam/Curve/Sinker/Slider/Splitter/Cutter/Changeup","[{""code"":""FF"",""name"":""Four-seam"",""n"":130,""usage_pct"":41,""speed"":143.9,""k_stuff_plus"":95.77,""k_location_plus"":102.8,""whiff_rate"":0.0692,""csw_rate"":0.2615},{""code"":""CU"",""name"":""Curve"",""n"":86,""usage_pct"":27.1,""speed"":121.3,""k_stuff_plus"":109.72,""k_location_plus"":93.1,""whiff_rate"":0.1977,""csw_rate"":0.4186},{""code"":""SI"",""name"":""Sinker"",""n"":51,""usage_pct"":16.1,""speed"":142.9,""k_stuff_plus"":95.6,""k_location_plus"":97.8,""whiff_rate"":0.0784,""csw_rate"":0.2549},{""code"":""SL"",""name"":""Slider"",""n"":24,""usage_pct"":7.6,""speed"":131.7,""k_stuff_plus"":103.92,""k_location_plus"":98.1,""whiff_rate"":0.0833,""csw_rate"":0.375},{""code"":""FS"",""name"":""Splitter"",""n"":13,""usage_pct"":4.1,""speed"":135.2,""k_stuff_plus"":95.54,""k_location_plus"":99.8,""whiff_rate"":0.1538,""csw_rate"":0.1538},{""code"":""FC"",""name"":""Cutter"",""n"":10,""usage_pct"":3.2,""speed"":131.5,""k_stuff_plus"":99.4,""k_location_plus"":97.6,""whiff_rate"":0.1,""csw_rate"":0.1},{""code"":""CH"",""name"":""Changeup"",""n"":3,""usage_pct"":0.9,""speed"":136.3,""k_stuff_plus"":105.78,""k_location_plus"":98.6,""whiff_rate"":0.3333,""csw_rate"":0.3333}]","https://www.kbostuff.app/stuff/66858?season=2025"
"2025","66920","921","137.5374331550802","96.6310267910349","97.99879229699765","0.14473684210526316","0.12280701754385964","0.0738327904451683","0.23887079261672095","Four-seam/Slider/Splitter/Curve","[{""code"":""FF"",""name"":""Four-seam"",""n"":374,""usage_pct"":40.6,""speed"":137.5,""k_stuff_plus"":96.79,""k_location_plus"":102.7,""whiff_rate"":0.0374,""csw_rate"":0.2727},{""code"":""SL"",""name"":""Slider"",""n"":357,""usage_pct"":38.8,""speed"":123.0,""k_stuff_plus"":96.56,""k_location_plus"":100.1,""whiff_rate"":0.0924,""csw_rate"":0.2353},{""code"":""FS"",""name"":""Splitter"",""n"":180,""usage_pct"":19.5,""speed"":123.5,""k_stuff_plus"":100.62,""k_location_plus"":90.3,""whiff_rate"":0.1167,""csw_rate"":0.1889},{""code"":""CU"",""name"":""Curve"",""n"":10,""usage_pct"":1.1,""speed"":107.2,""k_stuff_plus"":92.79,""k_location_plus"":98.4,""whiff_rate"":0.0,""csw_rate"":0.0}]","https://www.kbostuff.app/stuff/66920?season=2025"
"2025","66965","16","132.0","87.89701069847408","98.76207365692017","0.16666666666666666","0.0","0.0","0.125","Splitter/Four-seam","[{""code"":""FS"",""name"":""Splitter"",""n"":11,""usage_pct"":68.8,""speed"":116.0,""k_stuff_plus"":91.06,""k_location_plus"":102.1,""whiff_rate"":0.0,""csw_rate"":0.0909},{""code"":""FF"",""name"":""Four-seam"",""n"":5,""usage_pct"":31.2,""speed"":132.0,""k_stuff_plus"":99.52,""k_location_plus"":98.0,""whiff_rate"":0.0,""csw_rate"":0.2}]","https://www.kbostuff.app/stuff/66965?season=2025"
"2025","67048","93","146.10204081632654","94.65329316492104","99.63908578385148","0.1111111111111111","0.14814814814814814","0.08602150537634409","0.23655913978494625","Four-seam/Slider/Changeup/Splitter","[{""code"":""FF"",""name"":""Four-seam"",""n"":49,""usage_pct"":52.7,""speed"":146.1,""k_stuff_plus"":95.29,""k_location_plus"":94.0,""whiff_rate"":0.0408,""csw_rate"":0.1429},{""code"":""SL"",""name"":""Slider"",""n"":29,""usage_pct"":31.2,""speed"":135.1,""k_stuff_plus"":98.14,""k_location_plus"":104.9,""whiff_rate"":0.1379,""csw_rate"":0.3448},{""code"":""CH"",""name"":""Changeup"",""n"":8,""usage_pct"":8.6,""speed"":133.6,""k_stuff_plus"":92.79,""k_location_plus"":103.8,""whiff_rate"":0.25,""csw_rate"":0.5},{""code"":""FS"",""name"":""Splitter"",""n"":7,""usage_pct"":7.5,""speed"":135.3,""k_stuff_plus"":92.31,""k_location_plus"":95.5,""whiff_rate"":0.0,""csw_rate"":0.1429}]","https://www.kbostuff.app/stuff/67048?season=2025"
"2025","67116","1017","139.60669456066947","94.97299737351388","100.56056347538963","0.1746031746031746","0.11507936507936507","0.0727630285152409","0.2694198623402163","Four-seam/Curve/Splitter/Changeup/Slider/Cutter","[{""code"":""FF"",""name"":""Four-seam"",""n"":476,""usage_pct"":46.8,""speed"":139.6,""k_stuff_plus"":96.78,""k_location_plus"":101.1,""whiff_rate"":0.0693,""csw_rate"":0.2668},{""code"":""CU"",""name"":""Curve"",""n"":400,""usage_pct"":39.3,""speed"":110.6,""k_stuff_plus"":96.33,""k_location_plus"":105.6,""whiff_rate"":0.0675,""csw_rate"":0.2975},{""code"":""FS"",""name"":""Splitter"",""n"":62,""usage_pct"":6.1,""speed"":124.7,""k_stuff_plus"":96.72,""k_location_plus"":101.7,""whiff_rate"":0.1452,""csw_rate"":0.2258},{""code"":""CH"",""name"":""Changeup"",""n"":43,""usage_pct"":4.2,""speed"":130.7,""k_stuff_plus"":94.29,""k_location_plus"":93.3,""whiff_rate"":0.0,""csw_rate"":0.1395},{""code"":""SL"",""name"":""Slider"",""n"":34,""usage_pct"":3.3,""speed"":130.3,""k_stuff_plus"":96.5,""k_location_plus"":98.8,""whiff_rate"":0.1471,""csw_rate"":0.2353},{""code"":""FC"",""name"":""Cutter"",""n"":2,""usage_pct"":0.2,""speed"":131.0,""k_stuff_plus"":null,""k_location_plus"":96.2,""whiff_rate"":0.0,""csw_rate"":0.0}]","https://www.kbostuff.app/stuff/67116?season=2025"
"2025","67143","2485","145.47481021394066","100.93719242971376","106.35101374110371","0.20496894409937888","0.07608695652173914","0.09215291750503019","0.2861167002012072","Four-seam/Curve/Slider/Cutter/Splitter/Changeup","[{""code"":""FF"",""name"":""Four-seam"",""n"":1301,""usage_pct"":52.4,""speed"":146.5,""k_stuff_plus"":101.27,""k_location_plus"":107.4,""whiff_rate"":0.0892,""csw_rate"":0.2859},{""code"":""CU"",""name"":""Curve"",""n"":569,""usage_pct"":22.9,""speed"":121.3,""k_stuff_plus"":100.19,""k_location_plus"":109.5,""whiff_rate"":0.1072,""csw_rate"":0.3269},{""code"":""SL"",""name"":""Slider"",""n"":308,""usage_pct"":12.4,""speed"":134.6,""k_stuff_plus"":98.2,""k_location_plus"":103.4,""whiff_rate"":0.0812,""csw_rate"":0.2662},{""code"":""FC"",""name"":""Cutter"",""n"":148,""usage_pct"":6,""speed"":136.2,""k_stuff_plus"":99.0,""k_location_plus"":98.4,""whiff_rate"":0.0811,""csw_rate"":0.3243},{""code"":""FS"",""name"":""Splitter"",""n"":144,""usage_pct"":5.8,""speed"":132.9,""k_stuff_plus"":99.02,""k_location_plus"":99.1,""whiff_rate"":0.1042,""csw_rate"":0.1458},{""code"":""CH"",""name"":""Changeup"",""n"":15,""usage_pct"":0.6,""speed"":136.1,""k_stuff_plus"":96.14,""k_location_plus"":99.5,""whiff_rate"":0.0,""csw_rate"":0.1333}]","https://www.kbostuff.app/stuff/67143?season=2025"
"2025","67246","202","143.05555555555554","97.25921389896065","98.45398393763206","0.13953488372093023","0.06976744186046512","0.08415841584158416","0.2376237623762376","Four-seam/Slider/Curve/Splitter","[{""code"":""FF"",""name"":""Four-seam"",""n"":108,""usage_pct"":53.5,""speed"":143.1,""k_stuff_plus"":95.09,""k_location_plus"":96.7,""whiff_rate"":0.0648,""csw_rate"":0.2222},{""code"":""SL"",""name"":""Slider"",""n"":34,""usage_pct"":16.8,""speed"":130.4,""k_stuff_plus"":94.76,""k_location_plus"":102.8,""whiff_rate"":0.0294,""csw_rate"":0.2353},{""code"":""CU"",""name"":""Curve"",""n"":30,""usage_pct"":14.9,""speed"":115.7,""k_stuff_plus"":100.88,""k_location_plus"":105.8,""whiff_rate"":0.1,""csw_rate"":0.3333},{""code"":""FS"",""name"":""Splitter"",""n"":30,""usage_pct"":14.9,""speed"":129.8,""k_stuff_plus"":105.09,""k_location_plus"":93.0,""whiff_rate"":0.2,""csw_rate"":0.2}]","https://www.kbostuff.app/stuff/67246?season=2025"
"2025","67263","1842","142.79926108374383","97.69249544422655","98.906119395415","0.13596491228070176","0.08333333333333333","0.09066232356134636","0.2280130293159609","Four-seam/Splitter/Slider/Curve","[{""code"":""FF"",""name"":""Four-seam"",""n"":812,""usage_pct"":44.1,""speed"":142.8,""k_stuff_plus"":97.43,""k_location_plus"":100.8,""whiff_rate"":0.0665,""csw_rate"":0.2192},{""code"":""FS"",""name"":""Splitter"",""n"":460,""usage_pct"":25,""speed"":132.2,""k_stuff_plus"":98.27,""k_location_plus"":108.1,""whiff_rate"":0.1087,""csw_rate"":0.2391},{""code"":""SL"",""name"":""Slider"",""n"":457,""usage_pct"":24.8,""speed"":133.8,""k_stuff_plus"":98.78,""k_location_plus"":91.6,""whiff_rate"":0.116,""csw_rate"":0.2385},{""code"":""CU"",""name"":""Curve"",""n"":113,""usage_pct"":6.1,""speed"":121.6,""k_stuff_plus"":104.81,""k_location_plus"":91.9,""whiff_rate"":0.0885,""csw_rate"":0.2035}]","https://www.kbostuff.app/stuff/67263?season=2025"
"2025","67266","1042","146.3314917127072","99.98693271029073","102.92148630302918","0.21033210332103322","0.07749077490774908","0.09884836852207293","0.2869481765834933","Four-seam/Curve/Sinker/Slider/Changeup","[{""code"":""FF"",""name"":""Four-seam"",""n"":504,""usage_pct"":48.4,""speed"":147.0,""k_stuff_plus"":98.66,""k_location_plus"":104.5,""whiff_rate"":0.0992,""csw_rate"":0.2897},{""code"":""CU"",""name"":""Curve"",""n"":234,""usage_pct"":22.5,""speed"":127.6,""k_stuff_plus"":107.11,""k_location_plus"":96.0,""whiff_rate"":0.1368,""csw_rate"":0.3248},{""code"":""SI"",""name"":""Sinker"",""n"":220,""usage_pct"":21.1,""speed"":144.7,""k_stuff_plus"":102.41,""k_location_plus"":102.1,""whiff_rate"":0.0727,""csw_rate"":0.2682},{""code"":""SL"",""name"":""Slider"",""n"":48,""usage_pct"":4.6,""speed"":126.9,""k_stuff_plus"":96.82,""k_location_plus"":98.3,""whiff_rate"":0.0625,""csw_rate"":0.2917},{""code"":""CH"",""name"":""Changeup"",""n"":36,""usage_pct"":3.5,""speed"":134.5,""k_stuff_plus"":97.3,""k_location_plus"":95.6,""whiff_rate"":0.0556,""csw_rate"":0.1111}]","https://www.kbostuff.app/stuff/67266?season=2025"
"2025","67365","268","141.44444444444446","94.03724214554677","99.52852064948402","0.14492753623188406","0.10144927536231885","0.08582089552238806","0.26119402985074625","Four-seam/Slider/Sinker/Splitter/Changeup","[{""code"":""FF"",""name"":""Four-seam"",""n"":135,""usage_pct"":50.4,""speed"":141.8,""k_stuff_plus"":93.56,""k_location_plus"":100.5,""whiff_rate"":0.0222,""csw_rate"":0.2222},{""code"":""SL"",""name"":""Slider"",""n"":92,""usage_pct"":34.3,""speed"":130.0,""k_stuff_plus"":98.44,""k_location_plus"":99.9,""whiff_rate"":0.163,""csw_rate"":0.3587},{""code"":""SI"",""name"":""Sinker"",""n"":36,""usage_pct"":13.4,""speed"":140.2,""k_stuff_plus"":94.76,""k_location_plus"":96.8,""whiff_rate"":0.1111,""csw_rate"":0.1667},{""code"":""FS"",""name"":""Splitter"",""n"":3,""usage_pct"":1.1,""speed"":136.3,""k_stuff_plus"":100.78,""k_location_plus"":101.6,""whiff_rate"":0.3333,""csw_rate"":0.3333},{""code"":""CH"",""name"":""Changeup"",""n"":2,""usage_pct"":0.7,""speed"":131.0,""k_stuff_plus"":null,""k_location_plus"":98.2,""whiff_rate"":0.0,""csw_rate"":0.0}]","https://www.kbostuff.app/stuff/67365?season=2025"
"2025","67419","522","146.84453781512605","106.083190131818","99.35605784745265","0.256198347107438","0.15702479338842976","0.12452107279693486","0.29118773946360155","Splitter/Four-seam/Curve/Slider","[{""code"":""FS"",""name"":""Splitter"",""n"":245,""usage_pct"":46.9,""speed"":133.8,""k_stuff_plus"":102.97,""k_location_plus"":106.5,""whiff_rate"":0.1755,""csw_rate"":0.351},{""code"":""FF"",""name"":""Four-seam"",""n"":238,""usage_pct"":45.6,""speed"":146.8,""k_stuff_plus"":107.37,""k_location_plus"":91.9,""whiff_rate"":0.084,""csw_rate"":0.2185},{""code"":""CU"",""name"":""Curve"",""n"":30,""usage_pct"":5.7,""speed"":125.6,""k_stuff_plus"":97.85,""k_location_plus"":106.7,""whiff_rate"":0.0667,""csw_rate"":0.4333},{""code"":""SL"",""name"":""Slider"",""n"":9,""usage_pct"":1.7,""speed"":128.7,""k_stuff_plus"":94.42,""k_location_plus"":101.8,""whiff_rate"":0.0,""csw_rate"":0.1111}]","https://www.kbostuff.app/stuff/67419?season=2025"
"2025","67539","2323","143.3008573655495","100.39735966298471","101.6250889014619","0.1930116472545757","0.08319467554076539","0.09341368919500646","0.2681876883340508","Four-seam/Splitter/Cutter/Curve/Slider","[{""code"":""FF"",""name"":""Four-seam"",""n"":961,""usage_pct"":41.4,""speed"":145.2,""k_stuff_plus"":100.34,""k_location_plus"":102.7,""whiff_rate"":0.0604,""csw_rate"":0.2747},{""code"":""FS"",""name"":""Splitter"",""n"":854,""usage_pct"":36.8,""speed"":131.8,""k_stuff_plus"":98.84,""k_location_plus"":107.7,""whiff_rate"":0.1464,""csw_rate"":0.2787},{""code"":""FC"",""name"":""Cutter"",""n"":322,""usage_pct"":13.9,""speed"":137.7,""k_stuff_plus"":98.48,""k_location_plus"":96.1,""whiff_rate"":0.059,""csw_rate"":0.2143},{""code"":""CU"",""name"":""Curve"",""n"":170,""usage_pct"":7.3,""speed"":119.4,""k_stuff_plus"":102.96,""k_location_plus"":90.7,""whiff_rate"":0.0765,""csw_rate"":0.2706},{""code"":""SL"",""name"":""Slider"",""n"":16,""usage_pct"":0.7,""speed"":133.4,""k_stuff_plus"":98.04,""k_location_plus"":104.0,""whiff_rate"":0.125,""csw_rate"":0.375}]","https://www.kbostuff.app/stuff/67539?season=2025"
"2025","67588","526","155.04336043360433","119.91937387898784","91.2822399852569","0.3384615384615385","0.15384615384615385","0.1482889733840304","0.31368821292775667","Four-seam/Splitter/Slider/Curve","[{""code"":""FF"",""name"":""Four-seam"",""n"":369,""usage_pct"":70.2,""speed"":155.0,""k_stuff_plus"":111.11,""k_location_plus"":91.0,""whiff_rate"":0.0786,""csw_rate"":0.2575},{""code"":""FS"",""name"":""Splitter"",""n"":134,""usage_pct"":25.5,""speed"":141.9,""k_stuff_plus"":120.18,""k_location_plus"":96.1,""whiff_rate"":0.3209,""csw_rate"":0.4701},{""code"":""SL"",""name"":""Slider"",""n"":22,""usage_pct"":4.2,""speed"":138.5,""k_stuff_plus"":126.62,""k_location_plus"":95.9,""whiff_rate"":0.2727,""csw_rate"":0.2727},{""code"":""CU"",""name"":""Curve"",""n"":1,""usage_pct"":0.2,""speed"":124.0,""k_stuff_plus"":null,""k_location_plus"":102.2,""whiff_rate"":0.0,""csw_rate"":1.0}]","https://www.kbostuff.app/stuff/67588?season=2025"
"2025","67640","40","143.25","95.92011375963635","95.4520314807076","0.2727272727272727","0.18181818181818182","0.1","0.25","Four-seam/Slider/Curve","[{""code"":""FF"",""name"":""Four-seam"",""n"":24,""usage_pct"":60,""speed"":143.2,""k_stuff_plus"":92.57,""k_location_plus"":94.1,""whiff_rate"":0.0833,""csw_rate"":0.2083},{""code"":""SL"",""name"":""Slider"",""n"":14,""usage_pct"":35,""speed"":132.3,""k_stuff_plus"":97.36,""k_location_plus"":101.0,""whiff_rate"":0.0714,""csw_rate"":0.2857},{""code"":""CU"",""name"":""Curve"",""n"":2,""usage_pct"":5,""speed"":127.5,""k_stuff_plus"":119.48,""k_location_plus"":96.0,""whiff_rate"":0.5,""csw_rate"":0.5}]","https://www.kbostuff.app/stuff/67640?season=2025"
"2025","67703","1127","147.1332116788321","99.36388515253144","101.74130607617336","0.17687074829931973","0.07142857142857142","0.08518189884649512","0.25820763087843834","Four-seam/Splitter/Slider","[{""code"":""FF"",""name"":""Four-seam"",""n"":548,""usage_pct"":48.6,""speed"":147.1,""k_stuff_plus"":100.53,""k_location_plus"":101.8,""whiff_rate"":0.0712,""csw_rate"":0.2755},{""code"":""FS"",""name"":""Splitter"",""n"":361,""usage_pct"":32,""speed"":135.2,""k_stuff_plus"":99.91,""k_location_plus"":104.3,""whiff_rate"":0.133,""csw_rate"":0.2521},{""code"":""SL"",""name"":""Slider"",""n"":218,""usage_pct"":19.3,""speed"":134.4,""k_stuff_plus"":96.95,""k_location_plus"":101.3,""whiff_rate"":0.0413,""csw_rate"":0.2248}]","https://www.kbostuff.app/stuff/67703?season=2025"
"2025","67828","397","135.82027649769586","96.25320771222945","93.76642596782565","0.1592920353982301","0.11504424778761062","0.07808564231738035","0.29974811083123426","Sinker/Curve/Changeup/Slider/Four-seam","[{""code"":""SI"",""name"":""Sinker"",""n"":214,""usage_pct"":53.9,""speed"":135.8,""k_stuff_plus"":98.66,""k_location_plus"":95.7,""whiff_rate"":0.0421,""csw_rate"":0.2944},{""code"":""CU"",""name"":""Curve"",""n"":111,""usage_pct"":28,""speed"":121.0,""k_stuff_plus"":102.02,""k_location_plus"":93.7,""whiff_rate"":0.1171,""csw_rate"":0.3333},{""code"":""CH"",""name"":""Changeup"",""n"":66,""usage_pct"":16.6,""speed"":119.6,""k_stuff_plus"":97.79,""k_location_plus"":94.8,""whiff_rate"":0.1212,""csw_rate"":0.2576},{""code"":""SL"",""name"":""Slider"",""n"":3,""usage_pct"":0.8,""speed"":123.7,""k_stuff_plus"":95.4,""k_location_plus"":102.2,""whiff_rate"":0.3333,""csw_rate"":0.6667},{""code"":""FF"",""name"":""Four-seam"",""n"":3,""usage_pct"":0.8,""speed"":134.0,""k_stuff_plus"":null,""k_location_plus"":96.3,""whiff_rate"":0.0,""csw_rate"":0.0}]","https://www.kbostuff.app/stuff/67828?season=2025"
"2025","67954","1300","146.62517482517484","100.7395855979429","91.21456325327344","0.22151898734177214","0.14240506329113925","0.10692307692307693","0.2784615384615385","Four-seam/Changeup/Slider","[{""code"":""FF"",""name"":""Four-seam"",""n"":715,""usage_pct"":55,""speed"":146.6,""k_stuff_plus"":98.2,""k_location_plus"":97.7,""whiff_rate"":0.0741,""csw_rate"":0.2783},{""code"":""CH"",""name"":""Changeup"",""n"":513,""usage_pct"":39.5,""speed"":128.1,""k_stuff_plus"":102.97,""k_location_plus"":88.6,""whiff_rate"":0.1501,""csw_rate"":0.2904},{""code"":""SL"",""name"":""Slider"",""n"":72,""usage_pct"":5.5,""speed"":129.5,""k_stuff_plus"":103.37,""k_location_plus"":87.1,""whiff_rate"":0.125,""csw_rate"":0.1944}]","https://www.kbostuff.app/stuff/67954?season=2025"
"2025","67956","69","140.06060606060606","97.13689355391192","90.93123179295233","0.11764705882352941","0.17647058823529413","0.10144927536231885","0.2608695652173913","Four-seam/Slider/Splitter","[{""code"":""FF"",""name"":""Four-seam"",""n"":33,""usage_pct"":47.8,""speed"":140.1,""k_stuff_plus"":93.36,""k_location_plus"":95.4,""whiff_rate"":0.0,""csw_rate"":0.2727},{""code"":""SL"",""name"":""Slider"",""n"":31,""usage_pct"":44.9,""speed"":129.3,""k_stuff_plus"":101.96,""k_location_plus"":90.5,""whiff_rate"":0.2258,""csw_rate"":0.2903},{""code"":""FS"",""name"":""Splitter"",""n"":5,""usage_pct"":7.2,""speed"":131.8,""k_stuff_plus"":95.8,""k_location_plus"":102.4,""whiff_rate"":0.0,""csw_rate"":0.0}]","https://www.kbostuff.app/stuff/67956?season=2025"
"2025","67962","133","140.9404761904762","94.8706700915245","97.84196363363749","0.08333333333333333","0.19444444444444445","0.03759398496240601","0.21052631578947367","Four-seam/Slider/Changeup/Cutter","[{""code"":""FF"",""name"":""Four-seam"",""n"":67,""usage_pct"":50.4,""speed"":141.9,""k_stuff_plus"":94.25,""k_location_plus"":104.0,""whiff_rate"":0.0448,""csw_rate"":0.2985},{""code"":""SL"",""name"":""Slider"",""n"":31,""usage_pct"":23.3,""speed"":127.5,""k_stuff_plus"":97.23,""k_location_plus"":98.8,""whiff_rate"":0.0323,""csw_rate"":0.1613},{""code"":""CH"",""name"":""Changeup"",""n"":18,""usage_pct"":13.5,""speed"":132.7,""k_stuff_plus"":96.53,""k_location_plus"":92.3,""whiff_rate"":0.0556,""csw_rate"":0.0556},{""code"":""FC"",""name"":""Cutter"",""n"":17,""usage_pct"":12.8,""speed"":137.1,""k_stuff_plus"":98.19,""k_location_plus"":99.9,""whiff_rate"":0.0,""csw_rate"":0.1176}]","https://www.kbostuff.app/stuff/67962?season=2025"
"2025","68043","942","146.85347985347985","102.3590701099097","102.037304422758","0.24436090225563908","0.06390977443609022","0.11358811040339703","0.3078556263269639","Sinker/Slider/Changeup/Cutter/Four-seam","[{""code"":""SI"",""name"":""Sinker"",""n"":514,""usage_pct"":54.6,""speed"":147.3,""k_stuff_plus"":100.01,""k_location_plus"":97.7,""whiff_rate"":0.0506,""csw_rate"":0.2646},{""code"":""SL"",""name"":""Slider"",""n"":369,""usage_pct"":39.2,""speed"":133.7,""k_stuff_plus"":107.46,""k_location_plus"":99.8,""whiff_rate"":0.1978,""csw_rate"":0.3686},{""code"":""CH"",""name"":""Changeup"",""n"":27,""usage_pct"":2.9,""speed"":139.2,""k_stuff_plus"":96.6,""k_location_plus"":103.7,""whiff_rate"":0.0,""csw_rate"":0.2593},{""code"":""FC"",""name"":""Cutter"",""n"":25,""usage_pct"":2.7,""speed"":138.7,""k_stuff_plus"":101.69,""k_location_plus"":98.8,""whiff_rate"":0.32,""csw_rate"":0.44},{""code"":""FF"",""name"":""Four-seam"",""n"":7,""usage_pct"":0.7,""speed"":145.7,""k_stuff_plus"":100.05,""k_location_plus"":97.1,""whiff_rate"":0.0,""csw_rate"":0.0}]","https://www.kbostuff.app/stuff/68043?season=2025"
"2025","68050","25","139.71428571428572","89.3550422729922","107.91413148635456","0.14285714285714285","0.14285714285714285","0.0","0.24","Four-seam/Slider/Changeup","[{""code"":""FF"",""name"":""Four-seam"",""n"":14,""usage_pct"":56,""speed"":139.7,""k_stuff_plus"":91.42,""k_location_plus"":106.0,""whiff_rate"":0.0,""csw_rate"":0.1429},{""code"":""SL"",""name"":""Slider"",""n"":9,""usage_pct"":36,""speed"":124.7,""k_stuff_plus"":93.46,""k_location_plus"":103.5,""whiff_rate"":0.0,""csw_rate"":0.3333},{""code"":""CH"",""name"":""Changeup"",""n"":2,""usage_pct"":8,""speed"":133.0,""k_stuff_plus"":null,""k_location_plus"":99.7,""whiff_rate"":0.0,""csw_rate"":0.5}]","https://www.kbostuff.app/stuff/68050?season=2025"
"2025","68092","643","144.74603174603175","95.97964289151723","105.60224906189455","0.15976331360946747","0.11242603550295859","0.06687402799377916","0.26749611197511663","Four-seam/Slider/Changeup/Cutter/Splitter/Curve","[{""code"":""FF"",""name"":""Four-seam"",""n"":306,""usage_pct"":47.6,""speed"":144.9,""k_stuff_plus"":95.08,""k_location_plus"":101.1,""whiff_rate"":0.0392,""csw_rate"":0.2124},{""code"":""SL"",""name"":""Slider"",""n"":303,""usage_pct"":47.1,""speed"":131.2,""k_stuff_plus"":98.5,""k_location_plus"":108.9,""whiff_rate"":0.0957,""csw_rate"":0.3267},{""code"":""CH"",""name"":""Changeup"",""n"":18,""usage_pct"":2.8,""speed"":127.4,""k_stuff_plus"":102.41,""k_location_plus"":96.3,""whiff_rate"":0.0556,""csw_rate"":0.1111},{""code"":""FC"",""name"":""Cutter"",""n"":9,""usage_pct"":1.4,""speed"":138.9,""k_stuff_plus"":95.54,""k_location_plus"":103.9,""whiff_rate"":0.1111,""csw_rate"":0.4444},{""code"":""FS"",""name"":""Splitter"",""n"":6,""usage_pct"":0.9,""speed"":129.8,""k_stuff_plus"":99.47,""k_location_plus"":98.4,""whiff_rate"":0.0,""csw_rate"":0.1667},{""code"":""CU"",""name"":""Curve"",""n"":1,""usage_pct"":0.2,""speed"":110.0,""k_stuff_plus"":null,""k_location_plus"":102.2,""whiff_rate"":0.0,""csw_rate"":1.0}]","https://www.kbostuff.app/stuff/68092?season=2025"
"2025","68159","201","146.58415841584159","98.98022184623946","90.04010657808695","0.13333333333333333","0.2","0.12935323383084577","0.24378109452736318","Four-seam/Slider/Splitter","[{""code"":""FF"",""name"":""Four-seam"",""n"":101,""usage_pct"":50.2,""speed"":146.6,""k_stuff_plus"":95.1,""k_location_plus"":88.2,""whiff_rate"":0.0594,""csw_rate"":0.1683},{""code"":""SL"",""name"":""Slider"",""n"":66,""usage_pct"":32.8,""speed"":132.9,""k_stuff_plus"":101.91,""k_location_plus"":98.2,""whiff_rate"":0.2121,""csw_rate"":0.3333},{""code"":""FS"",""name"":""Splitter"",""n"":34,""usage_pct"":16.9,""speed"":134.4,""k_stuff_plus"":104.48,""k_location_plus"":100.6,""whiff_rate"":0.1765,""csw_rate"":0.2941}]","https://www.kbostuff.app/stuff/68159?season=2025"
"2025","68200","199","143.84615384615384","98.92694021848803","97.15662256069935","0.1276595744680851","0.1276595744680851","0.07035175879396985","0.22110552763819097","Four-seam/Slider/Curve/Splitter","[{""code"":""FF"",""name"":""Four-seam"",""n"":91,""usage_pct"":45.7,""speed"":143.8,""k_stuff_plus"":97.52,""k_location_plus"":98.3,""whiff_rate"":0.044,""csw_rate"":0.1538},{""code"":""SL"",""name"":""Slider"",""n"":85,""usage_pct"":42.7,""speed"":128.9,""k_stuff_plus"":100.32,""k_location_plus"":100.0,""whiff_rate"":0.0824,""csw_rate"":0.2824},{""code"":""CU"",""name"":""Curve"",""n"":19,""usage_pct"":9.5,""speed"":115.9,""k_stuff_plus"":103.14,""k_location_plus"":99.0,""whiff_rate"":0.1579,""csw_rate"":0.3158},{""code"":""FS"",""name"":""Splitter"",""n"":4,""usage_pct"":2,""speed"":125.5,""k_stuff_plus"":null,""k_location_plus"":100.2,""whiff_rate"":0.0,""csw_rate"":0.0}]","https://www.kbostuff.app/stuff/68200?season=2025"
"2025","68220","1794","151.403981264637","104.99990702928649","104.77663841897729","0.23010752688172043","0.08817204301075268","0.10144927536231885","0.29431438127090304","Four-seam/Slider/Curve/Changeup/Sinker","[{""code"":""FF"",""name"":""Four-seam"",""n"":853,""usage_pct"":47.5,""speed"":151.4,""k_stuff_plus"":104.26,""k_location_plus"":104.0,""whiff_rate"":0.0856,""csw_rate"":0.2778},{""code"":""SL"",""name"":""Slider"",""n"":396,""usage_pct"":22.1,""speed"":137.7,""k_stuff_plus"":102.95,""k_location_plus"":108.4,""whiff_rate"":0.1111,""csw_rate"":0.351},{""code"":""CU"",""name"":""Curve"",""n"":296,""usage_pct"":16.5,""speed"":121.5,""k_stuff_plus"":101.5,""k_location_plus"":106.9,""whiff_rate"":0.0709,""csw_rate"":0.2635},{""code"":""CH"",""name"":""Changeup"",""n"":248,""usage_pct"":13.8,""speed"":131.0,""k_stuff_plus"":105.3,""k_location_plus"":95.7,""whiff_rate"":0.1774,""csw_rate"":0.2944},{""code"":""SI"",""name"":""Sinker"",""n"":1,""usage_pct"":0.1,""speed"":149.0,""k_stuff_plus"":null,""k_location_plus"":102.3,""whiff_rate"":0.0,""csw_rate"":1.0}]","https://www.kbostuff.app/stuff/68220?season=2025"
"2025","68242","1166","147.5623869801085","98.99616388216106","99.6508250454992","0.1762820512820513","0.08974358974358974","0.08662092624356775","0.27358490566037735","Four-seam/Slider/Splitter","[{""code"":""FF"",""name"":""Four-seam"",""n"":553,""usage_pct"":47.4,""speed"":147.6,""k_stuff_plus"":100.21,""k_location_plus"":101.5,""whiff_rate"":0.0597,""csw_rate"":0.2948},{""code"":""SL"",""name"":""Slider"",""n"":538,""usage_pct"":46.1,""speed"":131.8,""k_stuff_plus"":98.45,""k_location_plus"":99.2,""whiff_rate"":0.1078,""csw_rate"":0.2639},{""code"":""FS"",""name"":""Splitter"",""n"":75,""usage_pct"":6.4,""speed"":132.3,""k_stuff_plus"":100.58,""k_location_plus"":93.2,""whiff_rate"":0.1333,""csw_rate"":0.1867}]","https://www.kbostuff.app/stuff/68242?season=2025"
"2025","68249","1001","147.1907756813417","102.25337206174304","94.76280429896353","0.13636363636363635","0.10984848484848485","0.0939060939060939","0.27372627372627373","Four-seam/Slider/Changeup/Curve/Splitter","[{""code"":""FF"",""name"":""Four-seam"",""n"":477,""usage_pct"":47.7,""speed"":147.2,""k_stuff_plus"":98.34,""k_location_plus"":97.9,""whiff_rate"":0.0419,""csw_rate"":0.2411},{""code"":""SL"",""name"":""Slider"",""n"":269,""usage_pct"":26.9,""speed"":134.6,""k_stuff_plus"":104.27,""k_location_plus"":92.7,""whiff_rate"":0.1599,""csw_rate"":0.3494},{""code"":""CH"",""name"":""Changeup"",""n"":169,""usage_pct"":16.9,""speed"":126.3,""k_stuff_plus"":103.81,""k_location_plus"":96.2,""whiff_rate"":0.1302,""csw_rate"":0.2604},{""code"":""CU"",""name"":""Curve"",""n"":81,""usage_pct"":8.1,""speed"":118.1,""k_stuff_plus"":106.06,""k_location_plus"":97.5,""whiff_rate"":0.1111,""csw_rate"":0.2469},{""code"":""FS"",""name"":""Splitter"",""n"":5,""usage_pct"":0.5,""speed"":128.8,""k_stuff_plus"":101.42,""k_location_plus"":101.8,""whiff_rate"":0.0,""csw_rate"":0.2}]","https://www.kbostuff.app/stuff/68249?season=2025"
"2025","68269","216","142.66442953020135","93.00034156585599","92.83744388588721","0.12962962962962962","0.12962962962962962","0.05092592592592592","0.2175925925925926","Sinker/Slider/Changeup/Four-seam/Splitter","[{""code"":""SI"",""name"":""Sinker"",""n"":137,""usage_pct"":63.4,""speed"":142.6,""k_stuff_plus"":96.96,""k_location_plus"":88.7,""whiff_rate"":0.0292,""csw_rate"":0.2263},{""code"":""SL"",""name"":""Slider"",""n"":45,""usage_pct"":20.8,""speed"":135.5,""k_stuff_plus"":98.54,""k_location_plus"":97.2,""whiff_rate"":0.1111,""csw_rate"":0.1556},{""code"":""CH"",""name"":""Changeup"",""n"":14,""usage_pct"":6.5,""speed"":132.9,""k_stuff_plus"":92.97,""k_location_plus"":99.1,""whiff_rate"":0.0714,""csw_rate"":0.2143},{""code"":""FF"",""name"":""Four-seam"",""n"":12,""usage_pct"":5.6,""speed"":142.9,""k_stuff_plus"":89.07,""k_location_plus"":103.4,""whiff_rate"":0.0,""csw_rate"":0.3333},{""code"":""FS"",""name"":""Splitter"",""n"":8,""usage_pct"":3.7,""speed"":131.6,""k_stuff_plus"":98.96,""k_location_plus"":98.0,""whiff_rate"":0.125,""csw_rate"":0.25}]","https://www.kbostuff.app/stuff/68269?season=2025"
"2025","68415","963","145.98093220338984","96.15889310737876","103.80276545703208","0.16304347826086957","0.06884057971014493","0.08307372793354102","0.27414330218068533","Slider/Four-seam/Sinker/Curve/Changeup/Splitter","[{""code"":""SL"",""name"":""Slider"",""n"":314,""usage_pct"":32.6,""speed"":134.8,""k_stuff_plus"":96.57,""k_location_plus"":102.1,""whiff_rate"":0.1083,""csw_rate"":0.2834},{""code"":""FF"",""name"":""Four-seam"",""n"":307,""usage_pct"":31.9,""speed"":146.3,""k_stuff_plus"":97.78,""k_location_plus"":100.8,""whiff_rate"":0.0586,""csw_rate"":0.2085},{""code"":""SI"",""name"":""Sinker"",""n"":165,""usage_pct"":17.1,""speed"":145.3,""k_stuff_plus"":96.6,""k_location_plus"":105.4,""whiff_rate"":0.0545,""csw_rate"":0.3333},{""code"":""CU"",""name"":""Curve"",""n"":96,""usage_pct"":10,""speed"":121.2,""k_stuff_plus"":102.37,""k_location_plus"":104.2,""whiff_rate"":0.0938,""csw_rate"":0.3438},{""code"":""CH"",""name"":""Changeup"",""n"":49,""usage_pct"":5.1,""speed"":131.3,""k_stuff_plus"":99.34,""k_location_plus"":103.7,""whiff_rate"":0.102,""csw_rate"":0.3265},{""code"":""FS"",""name"":""Splitter"",""n"":32,""usage_pct"":3.3,""speed"":133.7,""k_stuff_plus"":101.49,""k_location_plus"":101.3,""whiff_rate"":0.1562,""csw_rate"":0.2188}]","https://www.kbostuff.app/stuff/68415?season=2025"
"2025","68419","507","137.95454545454547","92.49323802353399","105.07791495270335","0.1590909090909091","0.10606060606060606","0.08086785009861933","0.2485207100591716","Four-seam/Slider/Curve/Changeup","[{""code"":""FF"",""name"":""Four-seam"",""n"":198,""usage_pct"":39.1,""speed"":138.0,""k_stuff_plus"":93.54,""k_location_plus"":104.4,""whiff_rate"":0.0404,""csw_rate"":0.2626},{""code"":""SL"",""name"":""Slider"",""n"":195,""usage_pct"":38.5,""speed"":129.8,""k_stuff_plus"":94.39,""k_location_plus"":109.4,""whiff_rate"":0.1231,""csw_rate"":0.2769},{""code"":""CU"",""name"":""Curve"",""n"":59,""usage_pct"":11.6,""speed"":108.8,""k_stuff_plus"":98.21,""k_location_plus"":90.8,""whiff_rate"":0.0678,""csw_rate"":0.1695},{""code"":""CH"",""name"":""Changeup"",""n"":55,""usage_pct"":10.8,""speed"":122.7,""k_stuff_plus"":96.4,""k_location_plus"":104.9,""whiff_rate"":0.0909,""csw_rate"":0.1818}]","https://www.kbostuff.app/stuff/68419?season=2025"
"2025","68556","37","144.59259259259258","98.9654722477806","94.91114645833197","0.0","0.0","0.10810810810810811","0.1891891891891892","Four-seam/Slider/Changeup","[{""code"":""FF"",""name"":""Four-seam"",""n"":27,""usage_pct"":73,""speed"":144.6,""k_stuff_plus"":99.99,""k_location_plus"":100.3,""whiff_rate"":0.1111,""csw_rate"":0.2222},{""code"":""SL"",""name"":""Slider"",""n"":7,""usage_pct"":18.9,""speed"":123.0,""k_stuff_plus"":94.75,""k_location_plus"":95.0,""whiff_rate"":0.1429,""csw_rate"":0.1429},{""code"":""CH"",""name"":""Changeup"",""n"":3,""usage_pct"":8.1,""speed"":128.0,""k_stuff_plus"":101.28,""k_location_plus"":99.1,""whiff_rate"":0.0,""csw_rate"":0.0}]","https://www.kbostuff.app/stuff/68556?season=2025"
"2025","68619","159","141.84415584415584","95.19113834936186","99.62572192013188","0.14583333333333334","0.14583333333333334","0.07547169811320754","0.2578616352201258","Four-seam/Curve/Splitter/Slider/Changeup","[{""code"":""FF"",""name"":""Four-seam"",""n"":77,""usage_pct"":48.4,""speed"":141.8,""k_stuff_plus"":94.5,""k_location_plus"":100.0,""whiff_rate"":0.013,""csw_rate"":0.2727},{""code"":""CU"",""name"":""Curve"",""n"":45,""usage_pct"":28.3,""speed"":123.3,""k_stuff_plus"":101.44,""k_location_plus"":94.0,""whiff_rate"":0.1333,""csw_rate"":0.2667},{""code"":""FS"",""name"":""Splitter"",""n"":32,""usage_pct"":20.1,""speed"":135.2,""k_stuff_plus"":94.81,""k_location_plus"":107.7,""whiff_rate"":0.125,""csw_rate"":0.2188},{""code"":""SL"",""name"":""Slider"",""n"":4,""usage_pct"":2.5,""speed"":127.2,""k_stuff_plus"":99.58,""k_location_plus"":100.7,""whiff_rate"":0.0,""csw_rate"":0.0},{""code"":""CH"",""name"":""Changeup"",""n"":1,""usage_pct"":0.6,""speed"":133.0,""k_stuff_plus"":100.39,""k_location_plus"":103.4,""whiff_rate"":1.0,""csw_rate"":1.0}]","https://www.kbostuff.app/stuff/68619?season=2025"
"2025","68639","125","142.61194029850745","101.61783769079604","102.18904116165811","0.15151515151515152","0.21212121212121213","0.096","0.272","Four-seam/Slider/Changeup","[{""code"":""FF"",""name"":""Four-seam"",""n"":67,""usage_pct"":53.6,""speed"":142.6,""k_stuff_plus"":106.7,""k_location_plus"":101.6,""whiff_rate"":0.1045,""csw_rate"":0.3284},{""code"":""SL"",""name"":""Slider"",""n"":37,""usage_pct"":29.6,""speed"":131.3,""k_stuff_plus"":95.17,""k_location_plus"":101.3,""whiff_rate"":0.0811,""csw_rate"":0.2432},{""code"":""CH"",""name"":""Changeup"",""n"":21,""usage_pct"":16.8,""speed"":131.7,""k_stuff_plus"":100.54,""k_location_plus"":102.5,""whiff_rate"":0.0952,""csw_rate"":0.1429}]","https://www.kbostuff.app/stuff/68639?season=2025"
"2025","68830","373","146.34080717488789","99.80280725710749","96.27280415678243","0.1262135922330097","0.08737864077669903","0.07238605898123325","0.225201072386059","Four-seam/Slider/Changeup/Curve","[{""code"":""FF"",""name"":""Four-seam"",""n"":223,""usage_pct"":59.8,""speed"":146.3,""k_stuff_plus"":101.13,""k_location_plus"":98.8,""whiff_rate"":0.0493,""csw_rate"":0.1973},{""code"":""SL"",""name"":""Slider"",""n"":75,""usage_pct"":20.1,""speed"":134.5,""k_stuff_plus"":100.2,""k_location_plus"":94.5,""whiff_rate"":0.1333,""csw_rate"":0.3467},{""code"":""CH"",""name"":""Changeup"",""n"":69,""usage_pct"":18.5,""speed"":129.4,""k_stuff_plus"":97.87,""k_location_plus"":96.2,""whiff_rate"":0.087,""csw_rate"":0.2029},{""code"":""CU"",""name"":""Curve"",""n"":6,""usage_pct"":1.6,""speed"":114.8,""k_stuff_plus"":93.18,""k_location_plus"":97.0,""whiff_rate"":0.0,""csw_rate"":0.0}]","https://www.kbostuff.app/stuff/68830?season=2025"
"2025","68856","1168","142.25460636515913","95.8453010528724","103.8492288285914","0.15331010452961671","0.08362369337979095","0.06335616438356165","0.2345890410958904","Four-seam/Curve/Slider/Splitter/Cutter","[{""code"":""FF"",""name"":""Four-seam"",""n"":513,""usage_pct"":43.9,""speed"":142.9,""k_stuff_plus"":95.62,""k_location_plus"":100.4,""whiff_rate"":0.0312,""csw_rate"":0.2125},{""code"":""CU"",""name"":""Curve"",""n"":260,""usage_pct"":22.3,""speed"":122.4,""k_stuff_plus"":97.35,""k_location_plus"":108.4,""whiff_rate"":0.0808,""csw_rate"":0.3038},{""code"":""SL"",""name"":""Slider"",""n"":169,""usage_pct"":14.5,""speed"":134.0,""k_stuff_plus"":96.04,""k_location_plus"":101.8,""whiff_rate"":0.071,""csw_rate"":0.2781},{""code"":""FS"",""name"":""Splitter"",""n"":142,""usage_pct"":12.2,""speed"":135.0,""k_stuff_plus"":97.73,""k_location_plus"":109.6,""whiff_rate"":0.1197,""csw_rate"":0.1831},{""code"":""FC"",""name"":""Cutter"",""n"":84,""usage_pct"":7.2,""speed"":138.0,""k_stuff_plus"":97.62,""k_location_plus"":101.9,""whiff_rate"":0.0952,""csw_rate"":0.1548}]","https://www.kbostuff.app/stuff/68856?season=2025"
"2025","68896","195","142.58928571428572","97.94832250851853","96.99521375817625","0.1509433962264151","0.09433962264150944","0.08205128205128205","0.2717948717948718","Four-seam/Curve/Changeup","[{""code"":""FF"",""name"":""Four-seam"",""n"":112,""usage_pct"":57.4,""speed"":142.6,""k_stuff_plus"":94.68,""k_location_plus"":93.5,""whiff_rate"":0.0536,""csw_rate"":0.2589},{""code"":""CU"",""name"":""Curve"",""n"":72,""usage_pct"":36.9,""speed"":122.7,""k_stuff_plus"":102.13,""k_location_plus"":100.2,""whiff_rate"":0.1389,""csw_rate"":0.3056},{""code"":""CH"",""name"":""Changeup"",""n"":11,""usage_pct"":5.6,""speed"":130.1,""k_stuff_plus"":98.65,""k_location_plus"":98.8,""whiff_rate"":0.0,""csw_rate"":0.1818}]","https://www.kbostuff.app/stuff/68896?season=2025"
"2025","68900","762","144.19209039548022","100.8310325977551","98.65676139186023","0.18518518518518517","0.09523809523809523","0.1115485564304462","0.2742782152230971","Four-seam/Slider/Splitter","[{""code"":""FF"",""name"":""Four-seam"",""n"":354,""usage_pct"":46.5,""speed"":144.2,""k_stuff_plus"":101.41,""k_location_plus"":98.0,""whiff_rate"":0.0537,""csw_rate"":0.2599},{""code"":""SL"",""name"":""Slider"",""n"":276,""usage_pct"":36.2,""speed"":134.0,""k_stuff_plus"":98.92,""k_location_plus"":102.2,""whiff_rate"":0.1594,""csw_rate"":0.3007},{""code"":""FS"",""name"":""Splitter"",""n"":132,""usage_pct"":17.3,""speed"":131.8,""k_stuff_plus"":102.86,""k_location_plus"":95.9,""whiff_rate"":0.1667,""csw_rate"":0.2576}]","https://www.kbostuff.app/stuff/68900?season=2025"
"2025","68902","2292","134.6853146853147","93.27991300522274","108.00123423131295","0.14788732394366197","0.045774647887323945","0.07329842931937172","0.2587260034904014","Changeup/Cutter/Four-seam/Splitter/Curve/Slider","[{""code"":""CH"",""name"":""Changeup"",""n"":928,""usage_pct"":40.5,""speed"":121.5,""k_stuff_plus"":94.2,""k_location_plus"":116.3,""whiff_rate"":0.0991,""csw_rate"":0.2726},{""code"":""FC"",""name"":""Cutter"",""n"":712,""usage_pct"":31.1,""speed"":132.7,""k_stuff_plus"":96.8,""k_location_plus"":103.9,""whiff_rate"":0.0702,""csw_rate"":0.2907},{""code"":""FF"",""name"":""Four-seam"",""n"":432,""usage_pct"":18.8,""speed"":138.0,""k_stuff_plus"":94.57,""k_location_plus"":94.2,""whiff_rate"":0.0278,""csw_rate"":0.2292},{""code"":""FS"",""name"":""Splitter"",""n"":201,""usage_pct"":8.8,""speed"":124.1,""k_stuff_plus"":93.36,""k_location_plus"":111.8,""whiff_rate"":0.0697,""csw_rate"":0.1642},{""code"":""CU"",""name"":""Curve"",""n"":14,""usage_pct"":0.6,""speed"":101.7,""k_stuff_plus"":null,""k_location_plus"":89.5,""whiff_rate"":0.0,""csw_rate"":0.0714},{""code"":""SL"",""name"":""Slider"",""n"":5,""usage_pct"":0.2,""speed"":113.8,""k_stuff_plus"":99.83,""k_location_plus"":96.9,""whiff_rate"":0.0,""csw_rate"":0.0}]","https://www.kbostuff.app/stuff/68902?season=2025"
"2025","68928","437","140.91666666666666","95.70675075876488","105.92881027382346","0.15254237288135594","0.0847457627118644","0.09610983981693363","0.2906178489702517","Four-seam/Splitter/Curve/Slider","[{""code"":""FF"",""name"":""Four-seam"",""n"":168,""usage_pct"":38.4,""speed"":140.9,""k_stuff_plus"":100.63,""k_location_plus"":100.1,""whiff_rate"":0.0595,""csw_rate"":0.2679},{""code"":""FS"",""name"":""Splitter"",""n"":138,""usage_pct"":31.6,""speed"":130.9,""k_stuff_plus"":95.3,""k_location_plus"":115.2,""whiff_rate"":0.0942,""csw_rate"":0.3478},{""code"":""CU"",""name"":""Curve"",""n"":100,""usage_pct"":22.9,""speed"":114.7,""k_stuff_plus"":96.16,""k_location_plus"":107.3,""whiff_rate"":0.15,""csw_rate"":0.27},{""code"":""SL"",""name"":""Slider"",""n"":31,""usage_pct"":7.1,""speed"":128.9,""k_stuff_plus"":94.47,""k_location_plus"":100.2,""whiff_rate"":0.129,""csw_rate"":0.2258}]","https://www.kbostuff.app/stuff/68928?season=2025"
"2025","69032","1645","143.9335154826958","100.91713727618179","102.72294054032012","0.1348314606741573","0.10337078651685393","0.08632218844984803","0.24437689969604864","Four-seam/Cutter/Sinker/Slider/Changeup","[{""code"":""FF"",""name"":""Four-seam"",""n"":461,""usage_pct"":28,""speed"":146.5,""k_stuff_plus"":104.6,""k_location_plus"":93.1,""whiff_rate"":0.0672,""csw_rate"":0.1974},{""code"":""FC"",""name"":""Cutter"",""n"":333,""usage_pct"":20.2,""speed"":139.4,""k_stuff_plus"":97.86,""k_location_plus"":101.6,""whiff_rate"":0.1111,""csw_rate"":0.2973},{""code"":""SI"",""name"":""Sinker"",""n"":304,""usage_pct"":18.5,""speed"":144.9,""k_stuff_plus"":101.0,""k_location_plus"":102.4,""whiff_rate"":0.0592,""csw_rate"":0.2599},{""code"":""SL"",""name"":""Slider"",""n"":281,""usage_pct"":17.1,""speed"":130.3,""k_stuff_plus"":99.27,""k_location_plus"":106.5,""whiff_rate"":0.1174,""csw_rate"":0.274},{""code"":""CH"",""name"":""Changeup"",""n"":266,""usage_pct"":16.2,""speed"":134.5,""k_stuff_plus"":97.76,""k_location_plus"":96.0,""whiff_rate"":0.0865,""csw_rate"":0.2105}]","https://www.kbostuff.app/stuff/69032?season=2025"
"2025","69041","932","144.23809523809524","102.11780208644178","101.16285029598748","0.2140077821011673","0.04669260700389105","0.1405579399141631","0.2703862660944206","Four-seam/Splitter/Curve/Slider","[{""code"":""FF"",""name"":""Four-seam"",""n"":525,""usage_pct"":56.3,""speed"":144.2,""k_stuff_plus"":99.82,""k_location_plus"":107.3,""whiff_rate"":0.0933,""csw_rate"":0.24},{""code"":""FS"",""name"":""Splitter"",""n"":386,""usage_pct"":41.4,""speed"":124.8,""k_stuff_plus"":104.05,""k_location_plus"":94.4,""whiff_rate"":0.2124,""csw_rate"":0.3212},{""code"":""CU"",""name"":""Curve"",""n"":14,""usage_pct"":1.5,""speed"":119.9,""k_stuff_plus"":95.09,""k_location_plus"":99.4,""whiff_rate"":0.0,""csw_rate"":0.0714},{""code"":""SL"",""name"":""Slider"",""n"":7,""usage_pct"":0.8,""speed"":132.7,""k_stuff_plus"":94.49,""k_location_plus"":97.4,""whiff_rate"":0.0,""csw_rate"":0.1429}]","https://www.kbostuff.app/stuff/69041?season=2025"
"2025","69045","1786","150.63645518630412","103.92899537581833","111.78557607095941","0.18699186991869918","0.02032520325203252","0.09686450167973125","0.28275475923852184","Four-seam/Splitter/Slider","[{""code"":""FF"",""name"":""Four-seam"",""n"":993,""usage_pct"":55.6,""speed"":150.6,""k_stuff_plus"":103.48,""k_location_plus"":111.8,""whiff_rate"":0.0765,""csw_rate"":0.2628},{""code"":""FS"",""name"":""Splitter"",""n"":490,""usage_pct"":27.4,""speed"":134.4,""k_stuff_plus"":102.82,""k_location_plus"":114.3,""whiff_rate"":0.149,""csw_rate"":0.2612},{""code"":""SL"",""name"":""Slider"",""n"":303,""usage_pct"":17,""speed"":135.1,""k_stuff_plus"":101.59,""k_location_plus"":108.2,""whiff_rate"":0.0792,""csw_rate"":0.3828}]","https://www.kbostuff.app/stuff/69045?season=2025"
"2025","69047","262","147.6418918918919","103.91717872256726","94.91710598332433","0.16666666666666666","0.10606060606060606","0.09923664122137404","0.26717557251908397","Four-seam/Slider/Cutter/Changeup/Curve","[{""code"":""FF"",""name"":""Four-seam"",""n"":146,""usage_pct"":55.7,""speed"":147.8,""k_stuff_plus"":102.31,""k_location_plus"":97.8,""whiff_rate"":0.0411,""csw_rate"":0.2123},{""code"":""SL"",""name"":""Slider"",""n"":112,""usage_pct"":42.7,""speed"":134.9,""k_stuff_plus"":103.08,""k_location_plus"":93.0,""whiff_rate"":0.1786,""csw_rate"":0.3393},{""code"":""FC"",""name"":""Cutter"",""n"":2,""usage_pct"":0.8,""speed"":135.0,""k_stuff_plus"":108.33,""k_location_plus"":102.6,""whiff_rate"":0.0,""csw_rate"":0.5},{""code"":""CH"",""name"":""Changeup"",""n"":1,""usage_pct"":0.4,""speed"":128.0,""k_stuff_plus"":null,""k_location_plus"":99.0,""whiff_rate"":0.0,""csw_rate"":0.0},{""code"":""CU"",""name"":""Curve"",""n"":1,""usage_pct"":0.4,""speed"":121.0,""k_stuff_plus"":108.37,""k_location_plus"":100.8,""whiff_rate"":0.0,""csw_rate"":0.0}]","https://www.kbostuff.app/stuff/69047?season=2025"
"2025","69054","648","145.6873156342183","103.56570682349948","105.06708362162124","0.20238095238095238","0.05357142857142857","0.11882716049382716","0.26851851851851855","Four-seam/Splitter/Slider/Changeup","[{""code"":""FF"",""name"":""Four-seam"",""n"":339,""usage_pct"":52.3,""speed"":145.7,""k_stuff_plus"":103.08,""k_location_plus"":107.0,""whiff_rate"":0.0708,""csw_rate"":0.2389},{""code"":""FS"",""name"":""Splitter"",""n"":252,""usage_pct"":38.9,""speed"":129.0,""k_stuff_plus"":102.69,""k_location_plus"":99.1,""whiff_rate"":0.1667,""csw_rate"":0.2897},{""code"":""SL"",""name"":""Slider"",""n"":56,""usage_pct"":8.6,""speed"":133.8,""k_stuff_plus"":100.42,""k_location_plus"":109.1,""whiff_rate"":0.1964,""csw_rate"":0.3571},{""code"":""CH"",""name"":""Changeup"",""n"":1,""usage_pct"":0.2,""speed"":128.0,""k_stuff_plus"":null,""k_location_plus"":103.4,""whiff_rate"":0.0,""csw_rate"":0.0}]","https://www.kbostuff.app/stuff/69054?season=2025"
"2025","69108","864","145.8488120950324","99.34684532784244","101.18096943413035","0.1848341232227488","0.11374407582938388","0.08217592592592593","0.2638888888888889","Four-seam/Splitter/Curve/Changeup/Slider/Cutter","[{""code"":""FF"",""name"":""Four-seam"",""n"":452,""usage_pct"":52.3,""speed"":146.0,""k_stuff_plus"":99.55,""k_location_plus"":105.1,""whiff_rate"":0.0774,""csw_rate"":0.3142},{""code"":""FS"",""name"":""Splitter"",""n"":121,""usage_pct"":14,""speed"":134.7,""k_stuff_plus"":100.14,""k_location_plus"":99.4,""whiff_rate"":0.1074,""csw_rate"":0.1818},{""code"":""CU"",""name"":""Curve"",""n"":119,""usage_pct"":13.8,""speed"":121.3,""k_stuff_plus"":101.75,""k_location_plus"":95.2,""whiff_rate"":0.084,""csw_rate"":0.1933},{""code"":""CH"",""name"":""Changeup"",""n"":85,""usage_pct"":9.8,""speed"":130.0,""k_stuff_plus"":100.08,""k_location_plus"":95.2,""whiff_rate"":0.0941,""csw_rate"":0.2471},{""code"":""SL"",""name"":""Slider"",""n"":76,""usage_pct"":8.8,""speed"":135.8,""k_stuff_plus"":95.68,""k_location_plus"":103.7,""whiff_rate"":0.0658,""csw_rate"":0.2368},{""code"":""FC"",""name"":""Cutter"",""n"":11,""usage_pct"":1.3,""speed"":139.7,""k_stuff_plus"":96.24,""k_location_plus"":99.7,""whiff_rate"":0.0,""csw_rate"":0.1818}]","https://www.kbostuff.app/stuff/69108?season=2025"
"2025","69113","179","142.33333333333334","96.74509978525806","98.343371535758","0.14285714285714285","0.16666666666666666","0.05027932960893855","0.24581005586592178","Four-seam/Slider/Curve/Changeup/Cutter","[{""code"":""FF"",""name"":""Four-seam"",""n"":98,""usage_pct"":54.7,""speed"":142.4,""k_stuff_plus"":99.3,""k_location_plus"":97.6,""whiff_rate"":0.051,""csw_rate"":0.2653},{""code"":""SL"",""name"":""Slider"",""n"":33,""usage_pct"":18.4,""speed"":133.8,""k_stuff_plus"":95.76,""k_location_plus"":101.0,""whiff_rate"":0.0606,""csw_rate"":0.1212},{""code"":""CU"",""name"":""Curve"",""n"":29,""usage_pct"":16.2,""speed"":120.7,""k_stuff_plus"":97.8,""k_location_plus"":102.0,""whiff_rate"":0.0,""csw_rate"":0.3448},{""code"":""CH"",""name"":""Changeup"",""n"":18,""usage_pct"":10.1,""speed"":129.4,""k_stuff_plus"":95.66,""k_location_plus"":97.9,""whiff_rate"":0.1111,""csw_rate"":0.2222},{""code"":""FC"",""name"":""Cutter"",""n"":1,""usage_pct"":0.6,""speed"":135.0,""k_stuff_plus"":null,""k_location_plus"":100.7,""whiff_rate"":0.0,""csw_rate"":0.0}]","https://www.kbostuff.app/stuff/69113?season=2025"
"2025","69134","575","144.1042471042471","97.14534600114088","102.37537994961166","0.18705035971223022","0.08633093525179857","0.0817391304347826","0.2817391304347826","Four-seam/Splitter/Slider/Curve","[{""code"":""FF"",""name"":""Four-seam"",""n"":259,""usage_pct"":45,""speed"":144.1,""k_stuff_plus"":97.02,""k_location_plus"":108.0,""whiff_rate"":0.0502,""csw_rate"":0.3089},{""code"":""FS"",""name"":""Splitter"",""n"":129,""usage_pct"":22.4,""speed"":130.9,""k_stuff_plus"":99.93,""k_location_plus"":94.1,""whiff_rate"":0.1628,""csw_rate"":0.2171},{""code"":""SL"",""name"":""Slider"",""n"":101,""usage_pct"":17.6,""speed"":131.7,""k_stuff_plus"":96.24,""k_location_plus"":101.1,""whiff_rate"":0.0594,""csw_rate"":0.2277},{""code"":""CU"",""name"":""Curve"",""n"":86,""usage_pct"":15,""speed"":113.6,""k_stuff_plus"":99.52,""k_location_plus"":102.8,""whiff_rate"":0.0814,""csw_rate"":0.3605}]","https://www.kbostuff.app/stuff/69134?season=2025"
"2025","69159","56","145.71698113207546","101.04481394894802","89.23385054967356","0.23076923076923078","0.3076923076923077","0.03571428571428571","0.25","Sinker/Slider","[{""code"":""SI"",""name"":""Sinker"",""n"":53,""usage_pct"":94.6,""speed"":145.7,""k_stuff_plus"":106.72,""k_location_plus"":86.6,""whiff_rate"":0.0377,""csw_rate"":0.2642},{""code"":""SL"",""name"":""Slider"",""n"":3,""usage_pct"":5.4,""speed"":131.3,""k_stuff_plus"":97.61,""k_location_plus"":97.0,""whiff_rate"":0.0,""csw_rate"":0.0}]","https://www.kbostuff.app/stuff/69159?season=2025"
"2025","69205","125","144.04285714285714","100.54262935678081","92.12370495449709","0.2413793103448276","0.13793103448275862","0.088","0.28","Four-seam/Slider/Changeup/Curve","[{""code"":""FF"",""name"":""Four-seam"",""n"":70,""usage_pct"":56,""speed"":144.0,""k_stuff_plus"":103.32,""k_location_plus"":92.6,""whiff_rate"":0.0571,""csw_rate"":0.3143},{""code"":""SL"",""name"":""Slider"",""n"":32,""usage_pct"":25.6,""speed"":134.7,""k_stuff_plus"":98.2,""k_location_plus"":96.6,""whiff_rate"":0.0625,""csw_rate"":0.125},{""code"":""CH"",""name"":""Changeup"",""n"":18,""usage_pct"":14.4,""speed"":135.2,""k_stuff_plus"":99.81,""k_location_plus"":102.1,""whiff_rate"":0.2778,""csw_rate"":0.5},{""code"":""CU"",""name"":""Curve"",""n"":5,""usage_pct"":4,""speed"":122.4,""k_stuff_plus"":90.27,""k_location_plus"":94.9,""whiff_rate"":0.0,""csw_rate"":0.0}]","https://www.kbostuff.app/stuff/69205?season=2025"
"2025","69213","265","149.00709219858157","103.16559364960564","102.78425619893407","0.2328767123287671","0.0684931506849315","0.09433962264150944","0.2943396226415094","Four-seam/Curve/Slider","[{""code"":""FF"",""name"":""Four-seam"",""n"":141,""usage_pct"":53.2,""speed"":149.0,""k_stuff_plus"":103.66,""k_location_plus"":101.0,""whiff_rate"":0.078,""csw_rate"":0.305},{""code"":""CU"",""name"":""Curve"",""n"":68,""usage_pct"":25.7,""speed"":128.0,""k_stuff_plus"":102.91,""k_location_plus"":109.5,""whiff_rate"":0.1471,""csw_rate"":0.3382},{""code"":""SL"",""name"":""Slider"",""n"":56,""usage_pct"":21.1,""speed"":136.6,""k_stuff_plus"":98.56,""k_location_plus"":97.8,""whiff_rate"":0.0714,""csw_rate"":0.2143}]","https://www.kbostuff.app/stuff/69213?season=2025"
"2025","69328","865","142.40546697038724","94.4964699562225","105.9798061373641","0.11063829787234042","0.06808510638297872","0.06242774566473988","0.2508670520231214","Sinker/Slider/Splitter/Curve/Four-seam","[{""code"":""SI"",""name"":""Sinker"",""n"":390,""usage_pct"":45.1,""speed"":142.2,""k_stuff_plus"":96.1,""k_location_plus"":110.0,""whiff_rate"":0.0436,""csw_rate"":0.2718},{""code"":""SL"",""name"":""Slider"",""n"":190,""usage_pct"":22,""speed"":131.7,""k_stuff_plus"":99.86,""k_location_plus"":104.5,""whiff_rate"":0.0789,""csw_rate"":0.2421},{""code"":""FS"",""name"":""Splitter"",""n"":187,""usage_pct"":21.6,""speed"":126.9,""k_stuff_plus"":98.49,""k_location_plus"":101.3,""whiff_rate"":0.1016,""csw_rate"":0.2513},{""code"":""CU"",""name"":""Curve"",""n"":49,""usage_pct"":5.7,""speed"":116.6,""k_stuff_plus"":100.21,""k_location_plus"":94.0,""whiff_rate"":0.0408,""csw_rate"":0.3265},{""code"":""FF"",""name"":""Four-seam"",""n"":49,""usage_pct"":5.7,""speed"":143.7,""k_stuff_plus"":94.19,""k_location_plus"":100.1,""whiff_rate"":0.0204,""csw_rate"":0.0408}]","https://www.kbostuff.app/stuff/69328?season=2025"
"2025","69360","1323","144.79620253164558","103.06392805004525","101.54006561985418","0.13314447592067988","0.10764872521246459","0.07029478458049887","0.23960695389266817","Four-seam/Splitter/Curve/Slider","[{""code"":""FF"",""name"":""Four-seam"",""n"":790,""usage_pct"":59.7,""speed"":144.8,""k_stuff_plus"":105.27,""k_location_plus"":99.4,""whiff_rate"":0.0519,""csw_rate"":0.2165},{""code"":""FS"",""name"":""Splitter"",""n"":204,""usage_pct"":15.4,""speed"":132.0,""k_stuff_plus"":99.58,""k_location_plus"":100.1,""whiff_rate"":0.1422,""csw_rate"":0.2304},{""code"":""CU"",""name"":""Curve"",""n"":172,""usage_pct"":13,""speed"":123.0,""k_stuff_plus"":95.39,""k_location_plus"":111.7,""whiff_rate"":0.0407,""csw_rate"":0.3256},{""code"":""SL"",""name"":""Slider"",""n"":157,""usage_pct"":11.9,""speed"":135.1,""k_stuff_plus"":99.3,""k_location_plus"":97.9,""whiff_rate"":0.1019,""csw_rate"":0.2739}]","https://www.kbostuff.app/stuff/69360?season=2025"
"2025","69446","2482","145.54065743944636","100.07066065279194","107.97824623943804","0.16095380029806258","0.040238450074515646","0.09347300564061241","0.28283642224012895","Four-seam/Slider/Changeup/Curve/Cutter/Sinker","[{""code"":""FF"",""name"":""Four-seam"",""n"":1056,""usage_pct"":42.5,""speed"":146.3,""k_stuff_plus"":100.81,""k_location_plus"":103.8,""whiff_rate"":0.0578,""csw_rate"":0.2443},{""code"":""SL"",""name"":""Slider"",""n"":661,""usage_pct"":26.6,""speed"":134.7,""k_stuff_plus"":96.13,""k_location_plus"":108.6,""whiff_rate"":0.1104,""csw_rate"":0.3298},{""code"":""CH"",""name"":""Changeup"",""n"":500,""usage_pct"":20.1,""speed"":126.3,""k_stuff_plus"":101.82,""k_location_plus"":111.4,""whiff_rate"":0.154,""csw_rate"":0.3},{""code"":""CU"",""name"":""Curve"",""n"":165,""usage_pct"":6.6,""speed"":122.8,""k_stuff_plus"":101.54,""k_location_plus"":108.2,""whiff_rate"":0.103,""csw_rate"":0.3152},{""code"":""FC"",""name"":""Cutter"",""n"":97,""usage_pct"":3.9,""speed"":137.1,""k_stuff_plus"":99.28,""k_location_plus"":108.3,""whiff_rate"":0.0412,""csw_rate"":0.2474},{""code"":""SI"",""name"":""Sinker"",""n"":3,""usage_pct"":0.1,""speed"":146.0,""k_stuff_plus"":99.74,""k_location_plus"":96.8,""whiff_rate"":0.0,""csw_rate"":0.0}]","https://www.kbostuff.app/stuff/69446?season=2025"
"2025","69516","298","142.17105263157896","95.76276175959025","98.31804796603679","0.12790697674418605","0.1511627906976744","0.08053691275167785","0.2516778523489933","Four-seam/Slider/Curve/Changeup/Splitter","[{""code"":""FF"",""name"":""Four-seam"",""n"":152,""usage_pct"":51,""speed"":142.2,""k_stuff_plus"":95.88,""k_location_plus"":102.7,""whiff_rate"":0.0789,""csw_rate"":0.2632},{""code"":""SL"",""name"":""Slider"",""n"":70,""usage_pct"":23.5,""speed"":133.5,""k_stuff_plus"":100.34,""k_location_plus"":94.6,""whiff_rate"":0.1286,""csw_rate"":0.2714},{""code"":""CU"",""name"":""Curve"",""n"":47,""usage_pct"":15.8,""speed"":122.9,""k_stuff_plus"":97.54,""k_location_plus"":97.8,""whiff_rate"":0.0638,""csw_rate"":0.2128},{""code"":""CH"",""name"":""Changeup"",""n"":27,""usage_pct"":9.1,""speed"":128.8,""k_stuff_plus"":93.16,""k_location_plus"":95.5,""whiff_rate"":0.0,""csw_rate"":0.1852},{""code"":""FS"",""name"":""Splitter"",""n"":2,""usage_pct"":0.7,""speed"":131.5,""k_stuff_plus"":95.47,""k_location_plus"":102.3,""whiff_rate"":0.0,""csw_rate"":0.5}]","https://www.kbostuff.app/stuff/69516?season=2025"
"2025","69594","1160","144.01980198019803","99.59383256462034","102.33548346601887","0.16556291390728478","0.0728476821192053","0.08793103448275862","0.27586206896551724","Four-seam/Slider/Splitter/Curve/Cutter","[{""code"":""FF"",""name"":""Four-seam"",""n"":483,""usage_pct"":41.6,""speed"":144.5,""k_stuff_plus"":98.14,""k_location_plus"":100.0,""whiff_rate"":0.0435,""csw_rate"":0.234},{""code"":""SL"",""name"":""Slider"",""n"":451,""usage_pct"":38.9,""speed"":130.1,""k_stuff_plus"":98.45,""k_location_plus"":106.5,""whiff_rate"":0.1086,""csw_rate"":0.3149},{""code"":""FS"",""name"":""Splitter"",""n"":157,""usage_pct"":13.5,""speed"":131.6,""k_stuff_plus"":104.78,""k_location_plus"":94.1,""whiff_rate"":0.1656,""csw_rate"":0.2611},{""code"":""CU"",""name"":""Curve"",""n"":47,""usage_pct"":4.1,""speed"":116.3,""k_stuff_plus"":102.78,""k_location_plus"":104.6,""whiff_rate"":0.0638,""csw_rate"":0.3404},{""code"":""FC"",""name"":""Cutter"",""n"":22,""usage_pct"":1.9,""speed"":133.6,""k_stuff_plus"":99.37,""k_location_plus"":105.0,""whiff_rate"":0.1364,""csw_rate"":0.3636}]","https://www.kbostuff.app/stuff/69594?season=2025"
"2025","69620","449","142.5353982300885","101.10977813029672","100.33127140664894","0.23076923076923078","0.08547008547008547","0.10244988864142539","0.311804008908686","Four-seam/Changeup/Slider","[{""code"":""FF"",""name"":""Four-seam"",""n"":226,""usage_pct"":50.3,""speed"":142.5,""k_stuff_plus"":101.05,""k_location_plus"":103.4,""whiff_rate"":0.0619,""csw_rate"":0.2876},{""code"":""CH"",""name"":""Changeup"",""n"":129,""usage_pct"":28.7,""speed"":124.0,""k_stuff_plus"":104.22,""k_location_plus"":91.9,""whiff_rate"":0.124,""csw_rate"":0.3256},{""code"":""SL"",""name"":""Slider"",""n"":94,""usage_pct"":20.9,""speed"":131.3,""k_stuff_plus"":97.11,""k_location_plus"":102.3,""whiff_rate"":0.1702,""csw_rate"":0.3511}]","https://www.kbostuff.app/stuff/69620?season=2025"
"2025","69643","36","149.4","100.29055036036108","91.0222245011495","0.09090909090909091","0.36363636363636365","0.027777777777777776","0.16666666666666666","Sinker/Slider/Four-seam","[{""code"":""SI"",""name"":""Sinker"",""n"":28,""usage_pct"":77.8,""speed"":149.5,""k_stuff_plus"":98.7,""k_location_plus"":90.0,""whiff_rate"":0.0,""csw_rate"":0.1429},{""code"":""SL"",""name"":""Slider"",""n"":6,""usage_pct"":16.7,""speed"":137.2,""k_stuff_plus"":110.86,""k_location_plus"":97.4,""whiff_rate"":0.1667,""csw_rate"":0.3333},{""code"":""FF"",""name"":""Four-seam"",""n"":2,""usage_pct"":5.6,""speed"":148.0,""k_stuff_plus"":110.01,""k_location_plus"":97.5,""whiff_rate"":0.0,""csw_rate"":0.0}]","https://www.kbostuff.app/stuff/69643?season=2025"
"2025","69745","2068","145.6430131004367","96.41415235734925","105.33051289320848","0.1265597147950089","0.058823529411764705","0.07495164410058026","0.24177949709864605","Four-seam/Curve/Changeup/Sinker/Slider","[{""code"":""FF"",""name"":""Four-seam"",""n"":581,""usage_pct"":28.1,""speed"":146.0,""k_stuff_plus"":97.6,""k_location_plus"":104.3,""whiff_rate"":0.0379,""csw_rate"":0.2255},{""code"":""CU"",""name"":""Curve"",""n"":444,""usage_pct"":21.5,""speed"":128.2,""k_stuff_plus"":98.94,""k_location_plus"":111.7,""whiff_rate"":0.0766,""csw_rate"":0.3086},{""code"":""CH"",""name"":""Changeup"",""n"":385,""usage_pct"":18.6,""speed"":133.1,""k_stuff_plus"":99.1,""k_location_plus"":104.6,""whiff_rate"":0.1247,""csw_rate"":0.226},{""code"":""SI"",""name"":""Sinker"",""n"":335,""usage_pct"":16.2,""speed"":145.0,""k_stuff_plus"":97.61,""k_location_plus"":99.6,""whiff_rate"":0.0358,""csw_rate"":0.1821},{""code"":""SL"",""name"":""Slider"",""n"":323,""usage_pct"":15.6,""speed"":138.7,""k_stuff_plus"":97.76,""k_location_plus"":103.8,""whiff_rate"":0.1207,""csw_rate"":0.2601}]","https://www.kbostuff.app/stuff/69745?season=2025"
"2025","69969","1337","148.03650442477877","94.41195653465357","104.24602999885637","0.16756756756756758","0.0891891891891892","0.07329842931937172","0.27299925205684367","Sinker/Splitter/Slider/Sweeper/Four-seam","[{""code"":""SI"",""name"":""Sinker"",""n"":903,""usage_pct"":67.5,""speed"":148.0,""k_stuff_plus"":97.48,""k_location_plus"":102.3,""whiff_rate"":0.0565,""csw_rate"":0.2636},{""code"":""FS"",""name"":""Splitter"",""n"":250,""usage_pct"":18.7,""speed"":133.0,""k_stuff_plus"":99.05,""k_location_plus"":96.8,""whiff_rate"":0.092,""csw_rate"":0.212},{""code"":""SL"",""name"":""Slider"",""n"":166,""usage_pct"":12.4,""speed"":126.4,""k_stuff_plus"":104.08,""k_location_plus"":102.3,""whiff_rate"":0.1386,""csw_rate"":0.4096},{""code"":""ST"",""name"":""Sweeper"",""n"":17,""usage_pct"":1.3,""speed"":126.3,""k_stuff_plus"":97.88,""k_location_plus"":98.4,""whiff_rate"":0.0588,""csw_rate"":0.3529},{""code"":""FF"",""name"":""Four-seam"",""n"":1,""usage_pct"":0.1,""speed"":145.0,""k_stuff_plus"":null,""k_location_plus"":97.8,""whiff_rate"":0.0,""csw_rate"":0.0}]","https://www.kbostuff.app/stuff/69969?season=2025"
"2025","72523","432","145.73660714285714","105.34686569081182","97.04505640079884","0.18269230769230768","0.1346153846153846","0.10648148148148148","0.3263888888888889","Four-seam/Slider/Curve/Splitter","[{""code"":""FF"",""name"":""Four-seam"",""n"":224,""usage_pct"":51.9,""speed"":145.7,""k_stuff_plus"":106.35,""k_location_plus"":101.0,""whiff_rate"":0.067,""csw_rate"":0.375},{""code"":""SL"",""name"":""Slider"",""n"":154,""usage_pct"":35.6,""speed"":132.9,""k_stuff_plus"":101.94,""k_location_plus"":96.4,""whiff_rate"":0.1299,""csw_rate"":0.2727},{""code"":""CU"",""name"":""Curve"",""n"":31,""usage_pct"":7.2,""speed"":126.2,""k_stuff_plus"":103.7,""k_location_plus"":97.5,""whiff_rate"":0.1613,""csw_rate"":0.2581},{""code"":""FS"",""name"":""Splitter"",""n"":23,""usage_pct"":5.3,""speed"":129.8,""k_stuff_plus"":103.05,""k_location_plus"":98.5,""whiff_rate"":0.2609,""csw_rate"":0.3043}]","https://www.kbostuff.app/stuff/72523?season=2025"
"2025","73117","647","135.0120481927711","93.75987079571432","105.04389005064824","0.12972972972972974","0.016216216216216217","0.06491499227202473","0.25656877897990726","Four-seam/Curve/Cutter/Changeup/Slider/Sinker/Splitter","[{""code"":""FF"",""name"":""Four-seam"",""n"":241,""usage_pct"":37.2,""speed"":137.8,""k_stuff_plus"":95.0,""k_location_plus"":106.9,""whiff_rate"":0.0498,""csw_rate"":0.2448},{""code"":""CU"",""name"":""Curve"",""n"":188,""usage_pct"":29.1,""speed"":117.5,""k_stuff_plus"":95.8,""k_location_plus"":106.6,""whiff_rate"":0.0266,""csw_rate"":0.2926},{""code"":""FC"",""name"":""Cutter"",""n"":167,""usage_pct"":25.8,""speed"":131.0,""k_stuff_plus"":95.61,""k_location_plus"":99.2,""whiff_rate"":0.1257,""csw_rate"":0.2455},{""code"":""CH"",""name"":""Changeup"",""n"":27,""usage_pct"":4.2,""speed"":123.6,""k_stuff_plus"":97.17,""k_location_plus"":96.7,""whiff_rate"":0.0741,""csw_rate"":0.1111},{""code"":""SL"",""name"":""Slider"",""n"":15,""usage_pct"":2.3,""speed"":125.5,""k_stuff_plus"":92.3,""k_location_plus"":102.9,""whiff_rate"":0.1333,""csw_rate"":0.3333},{""code"":""SI"",""name"":""Sinker"",""n"":7,""usage_pct"":1.1,""speed"":133.1,""k_stuff_plus"":100.15,""k_location_plus"":98.6,""whiff_rate"":0.0,""csw_rate"":0.4286},{""code"":""FS"",""name"":""Splitter"",""n"":2,""usage_pct"":0.3,""speed"":126.5,""k_stuff_plus"":null,""k_location_plus"":95.7,""whiff_rate"":0.0,""csw_rate"":0.0}]","https://www.kbostuff.app/stuff/73117?season=2025"
"2025","73211","1175","145.86032388663966","100.02782778644496","100.93104239965704","0.2125","0.078125","0.12595744680851065","0.2774468085106383","Four-seam/Splitter/Slider/Sinker/Curve/Changeup","[{""code"":""FF"",""name"":""Four-seam"",""n"":358,""usage_pct"":30.5,""speed"":146.1,""k_stuff_plus"":103.21,""k_location_plus"":99.0,""whiff_rate"":0.1285,""csw_rate"":0.2682},{""code"":""FS"",""name"":""Splitter"",""n"":326,""usage_pct"":27.7,""speed"":134.9,""k_stuff_plus"":102.47,""k_location_plus"":98.7,""whiff_rate"":0.2055,""csw_rate"":0.2761},{""code"":""SL"",""name"":""Slider"",""n"":240,""usage_pct"":20.4,""speed"":137.1,""k_stuff_plus"":95.11,""k_location_plus"":106.9,""whiff_rate"":0.0875,""csw_rate"":0.2625},{""code"":""SI"",""name"":""Sinker"",""n"":136,""usage_pct"":11.6,""speed"":145.1,""k_stuff_plus"":98.12,""k_location_plus"":108.3,""whiff_rate"":0.0588,""csw_rate"":0.2868},{""code"":""CU"",""name"":""Curve"",""n"":102,""usage_pct"":8.7,""speed"":114.7,""k_stuff_plus"":97.15,""k_location_plus"":99.2,""whiff_rate"":0.0588,""csw_rate"":0.3627},{""code"":""CH"",""name"":""Changeup"",""n"":1,""usage_pct"":0.1,""speed"":130.0,""k_stuff_plus"":null,""k_location_plus"":99.0,""whiff_rate"":0.0,""csw_rate"":0.0}]","https://www.kbostuff.app/stuff/73211?season=2025"
"2025","73801","93","140.26315789473685","93.7805771083403","97.09381824802932","0.07142857142857142","0.10714285714285714","0.11827956989247312","0.22580645161290322","Slider/Four-seam/Sinker/Curve/Changeup","[{""code"":""SL"",""name"":""Slider"",""n"":42,""usage_pct"":45.2,""speed"":132.4,""k_stuff_plus"":96.84,""k_location_plus"":97.9,""whiff_rate"":0.1905,""csw_rate"":0.3333},{""code"":""FF"",""name"":""Four-seam"",""n"":20,""usage_pct"":21.5,""speed"":140.2,""k_stuff_plus"":89.76,""k_location_plus"":98.7,""whiff_rate"":0.0,""csw_rate"":0.15},{""code"":""SI"",""name"":""Sinker"",""n"":18,""usage_pct"":19.4,""speed"":140.3,""k_stuff_plus"":99.86,""k_location_plus"":102.6,""whiff_rate"":0.1111,""csw_rate"":0.1667},{""code"":""CU"",""name"":""Curve"",""n"":7,""usage_pct"":7.5,""speed"":117.3,""k_stuff_plus"":95.98,""k_location_plus"":93.6,""whiff_rate"":0.1429,""csw_rate"":0.1429},{""code"":""CH"",""name"":""Changeup"",""n"":6,""usage_pct"":6.5,""speed"":127.7,""k_stuff_plus"":95.18,""k_location_plus"":102.2,""whiff_rate"":0.0,""csw_rate"":0.0}]","https://www.kbostuff.app/stuff/73801?season=2025"
"2025","75421","173","144.07792207792207","94.85433958100018","102.64221941536762","0.15555555555555556","0.06666666666666667","0.06358381502890173","0.2138728323699422","Four-seam/Slider/Splitter/Curve","[{""code"":""FF"",""name"":""Four-seam"",""n"":77,""usage_pct"":44.5,""speed"":144.1,""k_stuff_plus"":98.2,""k_location_plus"":97.2,""whiff_rate"":0.0519,""csw_rate"":0.1688},{""code"":""SL"",""name"":""Slider"",""n"":45,""usage_pct"":26,""speed"":133.3,""k_stuff_plus"":96.57,""k_location_plus"":100.7,""whiff_rate"":0.0889,""csw_rate"":0.3111},{""code"":""FS"",""name"":""Splitter"",""n"":33,""usage_pct"":19.1,""speed"":136.2,""k_stuff_plus"":92.12,""k_location_plus"":106.0,""whiff_rate"":0.0303,""csw_rate"":0.1818},{""code"":""CU"",""name"":""Curve"",""n"":18,""usage_pct"":10.4,""speed"":118.3,""k_stuff_plus"":99.05,""k_location_plus"":103.6,""whiff_rate"":0.1111,""csw_rate"":0.2222}]","https://www.kbostuff.app/stuff/75421?season=2025"
"2025","75867","1215","142.30783242258653","100.59478074265293","102.89030010378926","0.21649484536082475","0.08247422680412371","0.11522633744855967","0.29300411522633746","Splitter/Four-seam/Slider","[{""code"":""FS"",""name"":""Splitter"",""n"":611,""usage_pct"":50.3,""speed"":126.6,""k_stuff_plus"":98.98,""k_location_plus"":110.4,""whiff_rate"":0.1358,""csw_rate"":0.3093},{""code"":""FF"",""name"":""Four-seam"",""n"":549,""usage_pct"":45.2,""speed"":142.3,""k_stuff_plus"":102.86,""k_location_plus"":100.3,""whiff_rate"":0.0856,""csw_rate"":0.275},{""code"":""SL"",""name"":""Slider"",""n"":55,""usage_pct"":4.5,""speed"":132.2,""k_stuff_plus"":101.55,""k_location_plus"":99.1,""whiff_rate"":0.1818,""csw_rate"":0.2909}]","https://www.kbostuff.app/stuff/75867?season=2025"
"2025","76118","930","145.87840290381126","99.62137728187966","102.24717861088844","0.16129032258064516","0.07258064516129033","0.07849462365591398","0.25591397849462366","Four-seam/Slider/Sinker/Splitter","[{""code"":""FF"",""name"":""Four-seam"",""n"":402,""usage_pct"":43.2,""speed"":145.6,""k_stuff_plus"":98.31,""k_location_plus"":107.1,""whiff_rate"":0.0473,""csw_rate"":0.2463},{""code"":""SL"",""name"":""Slider"",""n"":308,""usage_pct"":33.1,""speed"":135.0,""k_stuff_plus"":101.07,""k_location_plus"":94.3,""whiff_rate"":0.1039,""csw_rate"":0.276},{""code"":""SI"",""name"":""Sinker"",""n"":149,""usage_pct"":16,""speed"":146.7,""k_stuff_plus"":102.41,""k_location_plus"":99.8,""whiff_rate"":0.0537,""csw_rate"":0.2282},{""code"":""FS"",""name"":""Splitter"",""n"":71,""usage_pct"":7.6,""speed"":137.6,""k_stuff_plus"":104.53,""k_location_plus"":98.4,""whiff_rate"":0.1972,""csw_rate"":0.2817}]","https://www.kbostuff.app/stuff/76118?season=2025"
"2025","76225","827","143.22836095764274","98.99003491107419","100.94319389506288","0.14351851851851852","0.0787037037037037","0.094316807738815","0.2478839177750907","Four-seam/Cutter/Curve/Splitter/Sinker/Changeup","[{""code"":""FF"",""name"":""Four-seam"",""n"":279,""usage_pct"":33.7,""speed"":146.3,""k_stuff_plus"":97.95,""k_location_plus"":97.8,""whiff_rate"":0.043,""csw_rate"":0.1864},{""code"":""FC"",""name"":""Cutter"",""n"":248,""usage_pct"":30,""speed"":139.7,""k_stuff_plus"":97.9,""k_location_plus"":97.0,""whiff_rate"":0.1452,""csw_rate"":0.2661},{""code"":""CU"",""name"":""Curve"",""n"":149,""usage_pct"":18,""speed"":119.3,""k_stuff_plus"":98.39,""k_location_plus"":98.5,""whiff_rate"":0.094,""csw_rate"":0.3356},{""code"":""FS"",""name"":""Splitter"",""n"":131,""usage_pct"":15.8,""speed"":136.3,""k_stuff_plus"":95.31,""k_location_plus"":107.4,""whiff_rate"":0.1069,""csw_rate"":0.2443},{""code"":""SI"",""name"":""Sinker"",""n"":16,""usage_pct"":1.9,""speed"":144.6,""k_stuff_plus"":94.65,""k_location_plus"":102.9,""whiff_rate"":0.0625,""csw_rate"":0.25},{""code"":""CH"",""name"":""Changeup"",""n"":4,""usage_pct"":0.5,""speed"":134.0,""k_stuff_plus"":96.3,""k_location_plus"":99.4,""whiff_rate"":0.25,""csw_rate"":0.25}]","https://www.kbostuff.app/stuff/76225?season=2025"
"2025","76430","624","143.63138686131387","97.96473955421453","101.6096368145554","0.15","0.1","0.09935897435897435","0.2692307692307692","Four-seam/Splitter/Slider/Changeup/Curve/Sinker","[{""code"":""FF"",""name"":""Four-seam"",""n"":266,""usage_pct"":42.6,""speed"":143.7,""k_stuff_plus"":97.13,""k_location_plus"":105.9,""whiff_rate"":0.0677,""csw_rate"":0.2669},{""code"":""FS"",""name"":""Splitter"",""n"":157,""usage_pct"":25.2,""speed"":129.1,""k_stuff_plus"":101.1,""k_location_plus"":96.4,""whiff_rate"":0.1465,""csw_rate"":0.2293},{""code"":""SL"",""name"":""Slider"",""n"":156,""usage_pct"":25,""speed"":132.8,""k_stuff_plus"":99.8,""k_location_plus"":98.6,""whiff_rate"":0.1218,""csw_rate"":0.3269},{""code"":""CH"",""name"":""Changeup"",""n"":21,""usage_pct"":3.4,""speed"":129.1,""k_stuff_plus"":94.95,""k_location_plus"":104.6,""whiff_rate"":0.0476,""csw_rate"":0.1905},{""code"":""CU"",""name"":""Curve"",""n"":16,""usage_pct"":2.6,""speed"":121.9,""k_stuff_plus"":94.08,""k_location_plus"":103.2,""whiff_rate"":0.0625,""csw_rate"":0.375},{""code"":""SI"",""name"":""Sinker"",""n"":8,""usage_pct"":1.3,""speed"":141.6,""k_stuff_plus"":94.21,""k_location_plus"":103.3,""whiff_rate"":0.0,""csw_rate"":0.0}]","https://www.kbostuff.app/stuff/76430?season=2025"
"2025","76715","2265","141.2290780141844","101.03918038959254","108.60217374489945","0.21254355400696864","0.04355400696864112","0.10198675496688742","0.29492273730684326","Four-seam/Changeup/Cutter/Curve/Sinker","[{""code"":""FF"",""name"":""Four-seam"",""n"":977,""usage_pct"":43.1,""speed"":143.8,""k_stuff_plus"":101.0,""k_location_plus"":107.9,""whiff_rate"":0.0604,""csw_rate"":0.2733},{""code"":""CH"",""name"":""Changeup"",""n"":545,""usage_pct"":24.1,""speed"":128.8,""k_stuff_plus"":100.07,""k_location_plus"":108.1,""whiff_rate"":0.189,""csw_rate"":0.2899},{""code"":""FC"",""name"":""Cutter"",""n"":428,""usage_pct"":18.9,""speed"":135.4,""k_stuff_plus"":98.31,""k_location_plus"":103.3,""whiff_rate"":0.1005,""csw_rate"":0.2664},{""code"":""CU"",""name"":""Curve"",""n"":310,""usage_pct"":13.7,""speed"":113.6,""k_stuff_plus"":96.87,""k_location_plus"":109.4,""whiff_rate"":0.0806,""csw_rate"":0.4065},{""code"":""SI"",""name"":""Sinker"",""n"":5,""usage_pct"":0.2,""speed"":141.4,""k_stuff_plus"":94.82,""k_location_plus"":103.7,""whiff_rate"":0.2,""csw_rate"":0.6}]","https://www.kbostuff.app/stuff/76715?season=2025"
"2025","77211","329","143.00751879699249","96.86687646713177","92.4392879142983","0.1686746987951807","0.14457831325301204","0.08206686930091185","0.2674772036474164","Four-seam/Splitter/Curve/Slider","[{""code"":""FF"",""name"":""Four-seam"",""n"":133,""usage_pct"":40.4,""speed"":143.0,""k_stuff_plus"":98.19,""k_location_plus"":92.4,""whiff_rate"":0.0526,""csw_rate"":0.2556},{""code"":""FS"",""name"":""Splitter"",""n"":117,""usage_pct"":35.6,""speed"":128.2,""k_stuff_plus"":97.77,""k_location_plus"":99.1,""whiff_rate"":0.1368,""csw_rate"":0.265},{""code"":""CU"",""name"":""Curve"",""n"":63,""usage_pct"":19.1,""speed"":121.7,""k_stuff_plus"":98.39,""k_location_plus"":99.9,""whiff_rate"":0.0635,""csw_rate"":0.3175},{""code"":""SL"",""name"":""Slider"",""n"":16,""usage_pct"":4.9,""speed"":130.8,""k_stuff_plus"":96.4,""k_location_plus"":100.1,""whiff_rate"":0.0,""csw_rate"":0.1875}]","https://www.kbostuff.app/stuff/77211?season=2025"
"2025","77263","178","145.10619469026548","98.39341099786779","98.42895281228431","0.17647058823529413","0.1568627450980392","0.08426966292134831","0.25280898876404495","Four-seam/Slider/Curve/Splitter","[{""code"":""FF"",""name"":""Four-seam"",""n"":113,""usage_pct"":63.5,""speed"":145.1,""k_stuff_plus"":96.24,""k_location_plus"":99.2,""whiff_rate"":0.0708,""csw_rate"":0.1858},{""code"":""SL"",""name"":""Slider"",""n"":36,""usage_pct"":20.2,""speed"":133.4,""k_stuff_plus"":101.87,""k_location_plus"":99.5,""whiff_rate"":0.0,""csw_rate"":0.3056},{""code"":""CU"",""name"":""Curve"",""n"":27,""usage_pct"":15.2,""speed"":120.4,""k_stuff_plus"":105.57,""k_location_plus"":99.2,""whiff_rate"":0.2222,""csw_rate"":0.4444},{""code"":""FS"",""name"":""Splitter"",""n"":2,""usage_pct"":1.1,""speed"":136.5,""k_stuff_plus"":118.48,""k_location_plus"":100.6,""whiff_rate"":0.5,""csw_rate"":0.5}]","https://www.kbostuff.app/stuff/77263?season=2025"
"2025","77446","500","140.2551440329218","96.83682358171491","104.11228534828726","0.2421875","0.0546875","0.102","0.292","Four-seam/Splitter/Slider/Curve","[{""code"":""FF"",""name"":""Four-seam"",""n"":243,""usage_pct"":48.6,""speed"":140.3,""k_stuff_plus"":95.64,""k_location_plus"":107.0,""whiff_rate"":0.0576,""csw_rate"":0.284},{""code"":""FS"",""name"":""Splitter"",""n"":124,""usage_pct"":24.8,""speed"":130.6,""k_stuff_plus"":100.5,""k_location_plus"":100.6,""whiff_rate"":0.1774,""csw_rate"":0.2742},{""code"":""SL"",""name"":""Slider"",""n"":91,""usage_pct"":18.2,""speed"":129.4,""k_stuff_plus"":96.77,""k_location_plus"":102.6,""whiff_rate"":0.0769,""csw_rate"":0.3077},{""code"":""CU"",""name"":""Curve"",""n"":42,""usage_pct"":8.4,""speed"":114.3,""k_stuff_plus"":100.11,""k_location_plus"":100.2,""whiff_rate"":0.1905,""csw_rate"":0.3571}]","https://www.kbostuff.app/stuff/77446?season=2025"
"2025","77637","2495","140.25269262634632","98.71456494327133","103.06306937905747","0.16100443131462333","0.08419497784342689","0.09218436873747494","0.26973947895791583","Four-seam/Changeup/Slider/Curve","[{""code"":""FF"",""name"":""Four-seam"",""n"":1207,""usage_pct"":48.4,""speed"":140.3,""k_stuff_plus"":99.56,""k_location_plus"":104.1,""whiff_rate"":0.0522,""csw_rate"":0.2734},{""code"":""CH"",""name"":""Changeup"",""n"":690,""usage_pct"":27.7,""speed"":128.4,""k_stuff_plus"":100.83,""k_location_plus"":101.8,""whiff_rate"":0.1797,""csw_rate"":0.2971},{""code"":""SL"",""name"":""Slider"",""n"":469,""usage_pct"":18.8,""speed"":128.7,""k_stuff_plus"":96.77,""k_location_plus"":101.5,""whiff_rate"":0.0789,""csw_rate"":0.226},{""code"":""CU"",""name"":""Curve"",""n"":129,""usage_pct"":5.2,""speed"":115.9,""k_stuff_plus"":95.04,""k_location_plus"":101.6,""whiff_rate"":0.0465,""csw_rate"":0.2481}]","https://www.kbostuff.app/stuff/77637?season=2025"
"2025","77829","2453","144.1120107962213","99.83753819357925","103.6663838571301","0.2169811320754717","0.07861635220125786","0.12026090501426824","0.30207908683245005","Slider/Four-seam/Changeup/Curve/Splitter","[{""code"":""SL"",""name"":""Slider"",""n"":914,""usage_pct"":37.3,""speed"":134.3,""k_stuff_plus"":100.45,""k_location_plus"":107.4,""whiff_rate"":0.1477,""csw_rate"":0.3403},{""code"":""FF"",""name"":""Four-seam"",""n"":741,""usage_pct"":30.2,""speed"":144.1,""k_stuff_plus"":96.9,""k_location_plus"":105.6,""whiff_rate"":0.0648,""csw_rate"":0.2578},{""code"":""CH"",""name"":""Changeup"",""n"":411,""usage_pct"":16.8,""speed"":131.4,""k_stuff_plus"":100.37,""k_location_plus"":101.3,""whiff_rate"":0.129,""csw_rate"":0.3163},{""code"":""CU"",""name"":""Curve"",""n"":371,""usage_pct"":15.1,""speed"":114.3,""k_stuff_plus"":102.96,""k_location_plus"":98.9,""whiff_rate"":0.1563,""csw_rate"":0.2857},{""code"":""FS"",""name"":""Splitter"",""n"":16,""usage_pct"":0.7,""speed"":118.8,""k_stuff_plus"":98.11,""k_location_plus"":99.9,""whiff_rate"":0.0625,""csw_rate"":0.1875}]","https://www.kbostuff.app/stuff/77829?season=2025"
"2025","78352","262","141.6058394160584","95.20705252648587","104.96078370590247","0.09523809523809523","0.1111111111111111","0.0648854961832061","0.21374045801526717","Four-seam/Splitter/Slider","[{""code"":""FF"",""name"":""Four-seam"",""n"":137,""usage_pct"":52.3,""speed"":141.6,""k_stuff_plus"":97.17,""k_location_plus"":106.5,""whiff_rate"":0.0584,""csw_rate"":0.219},{""code"":""FS"",""name"":""Splitter"",""n"":75,""usage_pct"":28.6,""speed"":132.4,""k_stuff_plus"":96.33,""k_location_plus"":102.6,""whiff_rate"":0.0933,""csw_rate"":0.2133},{""code"":""SL"",""name"":""Slider"",""n"":50,""usage_pct"":19.1,""speed"":132.0,""k_stuff_plus"":96.16,""k_location_plus"":101.0,""whiff_rate"":0.04,""csw_rate"":0.2}]","https://www.kbostuff.app/stuff/78352?season=2025"
"2025","79140","317","141.58479532163742","97.50404879764626","99.78020874300822","0.0989010989010989","0.13186813186813187","0.04416403785488959","0.22712933753943218","Four-seam/Splitter/Slider/Curve","[{""code"":""FF"",""name"":""Four-seam"",""n"":171,""usage_pct"":53.9,""speed"":141.6,""k_stuff_plus"":97.94,""k_location_plus"":101.3,""whiff_rate"":0.0409,""csw_rate"":0.2807},{""code"":""FS"",""name"":""Splitter"",""n"":67,""usage_pct"":21.1,""speed"":128.8,""k_stuff_plus"":102.57,""k_location_plus"":94.4,""whiff_rate"":0.0896,""csw_rate"":0.1791},{""code"":""SL"",""name"":""Slider"",""n"":58,""usage_pct"":18.3,""speed"":129.5,""k_stuff_plus"":95.29,""k_location_plus"":105.1,""whiff_rate"":0.0172,""csw_rate"":0.1897},{""code"":""CU"",""name"":""Curve"",""n"":21,""usage_pct"":6.6,""speed"":110.6,""k_stuff_plus"":94.47,""k_location_plus"":98.7,""whiff_rate"":0.0,""csw_rate"":0.0476}]","https://www.kbostuff.app/stuff/79140?season=2025"
