"season","kbo_player_id","player_uid","snapshot_team","player_name","position_group","source_level","level_adjustment","PA","AB","SBA","OOB","PKO","contact","power","plate_discipline","bat_control","timing","bunt","speed","baserunning_judgment","contact_percentile","power_percentile","plate_discipline_percentile","bat_control_percentile","timing_percentile","speed_percentile","baserunning_judgment_percentile","adjusted_avg","adjusted_iso","adjusted_hr_rate","adjusted_bb_rate","adjusted_k_rate","adjusted_sba_rate","adjusted_sb_pct","adjusted_oob_rate","adjusted_pko_rate","batting_confidence","running_confidence","timing_source","timing_split_ab","formula_version","fielding_range","catching","throwing_power","throwing_accuracy","fielding_judgment","composure","leadership","aggressiveness","defense_source","defense_confidence","defense_ip","primary_defense_position","salary_10k_krw","salary_source","salary_prior_rating","salary_rating_adjustment","remaining_formula_version","advanced_public_player_id","advanced_wrc_plus","advanced_sfr","advanced_war","advanced_source_url","rating_confidence","rating_detail_json"
"2025","61353","KBO-61353","KIA 타이거즈","고종욱","OF","KBO","0","123","115","3","3","0","15","12","9","14","12","1","12","11","0.6987","0.4944","0.2504","0.7068","0.5950","0.5120","0.4184","0.2801","0.1100","0.0229","0.0634","0.1642","0.0826","0.7298","0.0504","0.0024","medium","medium","kbo_pitcher_type_splits","115","kbo-hitter-abilities-v7-cross-role-calibrated","12","12","12","12","12","11","12","12","KBO","low","160.3","좌익수","","","","0","kbo-hitter-abilities-v7-cross-role-calibrated","154502","93.9","9","0.95","https://www.kbofancystats.com/teams/kiatigers/","medium","{""level"":""KBO"",""PA"":123,""reliability"":0.5062,""advanced_match"":true,""contact_components"":{""avgPct"":0.8679577464788732,""kGoodPct"":0.8679577464788732,""wrcPct"":0.5991561181434599,""babipPct"":0.5611814345991561},""power_components"":{""isoPct"":0.5704225352112676,""hrPct"":0.7746478873239436,""xbhPct"":0.5686619718309859,""wrcPct"":0.5991561181434599},""discipline_components"":{""bbPct"":0.22711267605633803,""bbkPct"":0.41725352112676056,""obpGapPct"":0.1426056338028169},""defense"":{""position"":""좌익수"",""innings"":160.3,""SFR"":9},""salary_prior"":null,""salary_support"":0,""cross_role_calibration"":{""reference"":""pitcher_kbo_core_5"",""percentile"":0.7324,""raw_core_average"":12,""target_core_average"":12.4,""calibrated_core_average"":12.4}}"
"2025","66614","KBO-66614","KIA 타이거즈","김규성","IF","KBO","0","222","193","7","0","0","11","11","14","11","11","1","12","12","0.3620","0.2999","0.6153","0.4114","0.4284","0.5425","0.5538","0.2430","0.0875","0.0158","0.0936","0.2131","0.0966","0.7346","0.0116","0.0018","medium","medium","kbo_pitcher_type_splits","193","kbo-hitter-abilities-v7-cross-role-calibrated","12","9","10","8","11","12","10","11","KBO","medium","553.7","2루수","","","","0","kbo-hitter-abilities-v7-cross-role-calibrated","1218044","72.7","3.6","0.86","https://www.kbofancystats.com/teams/kiatigers/","medium","{""level"":""KBO"",""PA"":222,""reliability"":0.6491,""advanced_match"":true,""contact_components"":{""avgPct"":0.477112676056338,""kGoodPct"":0.5193661971830985,""wrcPct"":0.41983122362869196,""babipPct"":0.4282700421940928},""power_components"":{""isoPct"":0.40669014084507044,""hrPct"":0.5933098591549296,""xbhPct"":0.3996478873239437,""wrcPct"":0.41983122362869196},""discipline_components"":{""bbPct"":0.6566901408450704,""bbkPct"":0.625,""obpGapPct"":0.6566901408450704},""defense"":{""position"":""2루수"",""innings"":553.7,""SFR"":3.6},""salary_prior"":null,""salary_support"":0,""cross_role_calibration"":{""reference"":""pitcher_kbo_core_5"",""percentile"":0.625,""raw_core_average"":11.4,""target_core_average"":11.6,""calibrated_core_average"":11.6}}"
"2025","52605","KBO-52605","KIA 타이거즈","김도영","IF","KBO","0","122","110","3","1","0","15","16","11","12","12","1","12","12","0.7186","0.7480","0.4681","0.6055","0.6050","0.4907","0.5380","0.2867","0.2031","0.0410","0.0862","0.1920","0.0817","0.8067","0.0268","0.0024","medium","medium","kbo_pitcher_type_splits","110","kbo-hitter-abilities-v7-cross-role-calibrated","11","10","11","10","11","13","8","13","KBO","low","203","3루수","50000","team_top_salary","12.05","0","kbo-hitter-abilities-v7-cross-role-calibrated","1672585","151.5","3.9","1.75","https://www.kbofancystats.com/teams/kiatigers/","medium","{""level"":""KBO"",""PA"":122,""reliability"":0.5041,""advanced_match"":true,""contact_components"":{""avgPct"":0.8961267605633803,""kGoodPct"":0.6566901408450705,""wrcPct"":0.9388185654008439,""babipPct"":0.6497890295358649},""power_components"":{""isoPct"":0.977112676056338,""hrPct"":0.9559859154929577,""xbhPct"":0.977112676056338,""wrcPct"":0.9388185654008439},""discipline_components"":{""bbPct"":0.5404929577464789,""bbkPct"":0.6320422535211268,""obpGapPct"":0.3028169014084507},""defense"":{""position"":""3루수"",""innings"":203,""SFR"":3.9},""salary_prior"":12.04683549124502,""salary_support"":0,""cross_role_calibration"":{""reference"":""pitcher_kbo_core_5"",""percentile"":0.8116,""raw_core_average"":12.8,""target_core_average"":13.2,""calibrated_core_average"":13.2}}"
"2025","67610","KBO-67610","KIA 타이거즈","김석환","OF","KBO","0","134","117","0","1","0","11","12","12","10","11","1","10","10","0.6054","0.4268","0.6422","0.2147","0.4529","0.4597","0.5267","0.2637","0.1089","0.0175","0.0989","0.3189","0.0432","0.7488","0.0246","0.0022","medium","low","kbo_pitcher_type_splits","117","kbo-hitter-abilities-v7-cross-role-calibrated","12","12","10","13","12","11","9","11","KBO","low","241.7","좌익수","","","","0","kbo-hitter-abilities-v7-cross-role-calibrated","1403041","101.7","7.4","1.03","https://www.kbofancystats.com/teams/kiatigers/","medium","{""level"":""KBO"",""PA"":134,""reliability"":0.5276,""advanced_match"":true,""contact_components"":{""avgPct"":0.6971830985915493,""kGoodPct"":0.079225352112676,""wrcPct"":0.6919831223628692,""babipPct"":0.9641350210970464},""power_components"":{""isoPct"":0.5633802816901409,""hrPct"":0.6214788732394366,""xbhPct"":0.5616197183098591,""wrcPct"":0.6919831223628692},""discipline_components"":{""bbPct"":0.7235915492957746,""bbkPct"":0.3609154929577465,""obpGapPct"":0.7130281690140845},""defense"":{""position"":""좌익수"",""innings"":241.7,""SFR"":7.4},""salary_prior"":null,""salary_support"":0,""cross_role_calibration"":{""reference"":""pitcher_kbo_core_5"",""percentile"":0.5687,""raw_core_average"":11.2,""target_core_average"":11.2,""calibrated_core_average"":11.2}}"
"2025","78603","KBO-78603","KIA 타이거즈","김선빈","IF","KBO","0","308","271","4","3","0","18","13","16","16","15","1","12","13","0.8357","0.3843","0.6847","0.8469","0.7485","0.3658","0.5973","0.3052","0.1122","0.0125","0.0984","0.1339","0.0482","0.8205","0.0258","0.0012","high","medium","kbo_pitcher_type_splits","271","kbo-hitter-abilities-v7-cross-role-calibrated","8","8","10","9","9","14","14","11","KBO","medium","503.7","2루수","60000","team_top_salary","12.38","0","kbo-hitter-abilities-v7-cross-role-calibrated","10337","130","-15.5","2.31","https://www.kbofancystats.com/teams/kiatigers/","high","{""level"":""KBO"",""PA"":308,""reliability"":0.7196,""advanced_match"":true,""contact_components"":{""avgPct"":0.9348591549295775,""kGoodPct"":0.9137323943661972,""wrcPct"":0.879746835443038,""babipPct"":0.8544303797468354},""power_components"":{""isoPct"":0.6232394366197183,""hrPct"":0.5017605633802817,""xbhPct"":0.625,""wrcPct"":0.879746835443038},""discipline_components"":{""bbPct"":0.698943661971831,""bbkPct"":0.9383802816901409,""obpGapPct"":0.5598591549295775},""defense"":{""position"":""2루수"",""innings"":503.7,""SFR"":-15.5},""salary_prior"":12.375628498537262,""salary_support"":0,""cross_role_calibration"":{""reference"":""pitcher_kbo_core_5"",""percentile"":0.9296,""raw_core_average"":14,""target_core_average"":15.51,""calibrated_core_average"":15.6}}"
"2025","78122","KBO-78122","KIA 타이거즈","김태군","C","KBO","0","274","236","0","3","1","14","13","11","15","13","1","10","8","0.5903","0.5049","0.2278","0.8624","0.6054","0.3521","0.4106","0.2596","0.1180","0.0190","0.0699","0.1059","0.0309","0.7488","0.0326","0.0091","medium","medium","kbo_pitcher_type_splits","236","kbo-hitter-abilities-v7-cross-role-calibrated","12","11","14","9","13","13","14","11","KBO","high","656.3","포수","70000","team_top_salary","12.65","0","kbo-hitter-abilities-v7-cross-role-calibrated","10299","91.9","2.2","2.07","https://www.kbofancystats.com/teams/kiatigers/","medium","{""level"":""KBO"",""PA"":274,""reliability"":0.6954,""advanced_match"":true,""contact_components"":{""avgPct"":0.6355633802816901,""kGoodPct"":0.9524647887323944,""wrcPct"":0.580168776371308,""babipPct"":0.2890295358649789},""power_components"":{""isoPct"":0.6549295774647887,""hrPct"":0.6848591549295775,""xbhPct"":0.653169014084507,""wrcPct"":0.580168776371308},""discipline_components"":{""bbPct"":0.3538732394366197,""bbkPct"":0.920774647887324,""obpGapPct"":0.545774647887324},""defense"":{""position"":""포수"",""innings"":656.3,""SFR"":2.2},""salary_prior"":12.653619025207822,""salary_support"":0,""cross_role_calibration"":{""reference"":""pitcher_kbo_core_5"",""percentile"":0.8116,""raw_core_average"":12.8,""target_core_average"":13.2,""calibrated_core_average"":13.2}}"
"2025","65653","KBO-65653","KIA 타이거즈","김호령","OF","KBO","0","381","332","13","7","0","15","15","12","12","13","1","14","12","0.7747","0.6516","0.5544","0.2336","0.6027","0.7439","0.5909","0.2783","0.1450","0.0168","0.0897","0.2362","0.0961","0.8473","0.0468","0.0012","high","high","kbo_pitcher_type_splits","332","kbo-hitter-abilities-v7-cross-role-calibrated","12","9","14","8","11","12","12","13","KBO","high","852.7","중견수","","","","0","kbo-hitter-abilities-v7-cross-role-calibrated","1098445","115.8","0.3","3.33","https://www.kbofancystats.com/teams/kiatigers/","high","{""level"":""KBO"",""PA"":381,""reliability"":0.7605,""advanced_match"":true,""contact_components"":{""avgPct"":0.7992957746478874,""kGoodPct"":0.42429577464788737,""wrcPct"":0.8037974683544303,""babipPct"":0.9092827004219409},""power_components"":{""isoPct"":0.8169014084507042,""hrPct"":0.6320422535211268,""xbhPct"":0.8080985915492958,""wrcPct"":0.8037974683544303},""discipline_components"":{""bbPct"":0.6038732394366197,""bbkPct"":0.5193661971830986,""obpGapPct"":0.5809859154929577},""defense"":{""position"":""중견수"",""innings"":852.7,""SFR"":0.3},""salary_prior"":null,""salary_support"":0,""cross_role_calibration"":{""reference"":""pitcher_kbo_core_5"",""percentile"":0.8292,""raw_core_average"":13,""target_core_average"":13.4,""calibrated_core_average"":13.4}}"
"2025","62947","KBO-62947","KIA 타이거즈","나성범","OF","KBO","0","310","261","0","0","1","14","16","16","11","13","1","9","10","0.6617","0.7923","0.8528","0.2298","0.5230","0.1800","0.5639","0.2665","0.1624","0.0295","0.1247","0.2405","0.0260","0.7488","0.0085","0.0076","high","medium","kbo_pitcher_type_splits","261","kbo-hitter-abilities-v7-cross-role-calibrated","8","11","14","13","11","13","14","11","KBO","medium","541.7","우익수","80000","team_top_salary","12.89","0","kbo-hitter-abilities-v7-cross-role-calibrated","778542","131.1","-4.9","2.39","https://www.kbofancystats.com/teams/kiatigers/","high","{""level"":""KBO"",""PA"":310,""reliability"":0.7209,""advanced_match"":true,""contact_components"":{""avgPct"":0.7112676056338029,""kGoodPct"":0.3714788732394366,""wrcPct"":0.8839662447257384,""babipPct"":0.7974683544303798},""power_components"":{""isoPct"":0.8732394366197183,""hrPct"":0.8503521126760564,""xbhPct"":0.8714788732394366,""wrcPct"":0.8839662447257384},""discipline_components"":{""bbPct"":0.903169014084507,""bbkPct"":0.7447183098591549,""obpGapPct"":0.8767605633802817},""defense"":{""position"":""우익수"",""innings"":541.7,""SFR"":-4.9},""salary_prior"":12.894425372635817,""salary_support"":0,""cross_role_calibration"":{""reference"":""pitcher_kbo_core_5"",""percentile"":0.8697,""raw_core_average"":13.4,""target_core_average"":14.07,""calibrated_core_average"":14}}"
"2025","50657","KBO-50657","KIA 타이거즈","박민","IF","KBO","0","105","94","1","0","0","7","8","6","7","9","1","11","13","0.3319","0.4093","0.2989","0.2791","0.3909","0.4213","0.5567","0.2331","0.1064","0.0151","0.0690","0.2567","0.0672","0.7716","0.0176","0.0027","medium","low","kbo_pitcher_type_splits","94","kbo-hitter-abilities-v7-cross-role-calibrated","12","13","14","13","11","10","8","12","KBO","medium","300.3","3루수","","","","0","kbo-hitter-abilities-v7-cross-role-calibrated","1652084","52.1","-3.5","-0.08","https://www.kbofancystats.com/teams/kiatigers/","medium","{""level"":""KBO"",""PA"":105,""reliability"":0.4667,""advanced_match"":true,""contact_components"":{""avgPct"":0.3503521126760563,""kGoodPct"":0.18838028169014087,""wrcPct"":0.25949367088607594,""babipPct"":0.48523206751054854},""power_components"":{""isoPct"":0.5035211267605634,""hrPct"":0.4982394366197183,""xbhPct"":0.5052816901408451,""wrcPct"":0.25949367088607594},""discipline_components"":{""bbPct"":0.24119718309859156,""bbkPct"":0.19718309859154928,""obpGapPct"":0.43485915492957744},""defense"":{""position"":""3루수"",""innings"":300.3,""SFR"":-3.5},""salary_prior"":null,""salary_support"":0,""cross_role_calibration"":{""reference"":""pitcher_kbo_core_5"",""percentile"":0.0951,""raw_core_average"":10.2,""target_core_average"":7.4,""calibrated_core_average"":7.4}}"
"2025","55636","KBO-55636","KIA 타이거즈","박재현","OF","KBO","0","69","62","7","0","0","5","5","8","5","6","1","12","12","0.3093","0.3519","0.5194","0.3124","0.3585","0.5320","0.4174","0.1927","0.0842","0.0124","0.0896","0.2699","0.1821","0.6757","0.0219","0.0034","low","medium","kbo_pitcher_type_splits","62","kbo-hitter-abilities-v7-cross-role-calibrated","10","9","11","9","9","10","6","11","KBO","low","158","중견수","","","","0","kbo-hitter-abilities-v7-cross-role-calibrated","2941658","-20.8","-5","-0.89","https://www.kbofancystats.com/teams/kiatigers/","low","{""level"":""KBO"",""PA"":69,""reliability"":0.3651,""advanced_match"":true,""contact_components"":{""avgPct"":0.0897887323943662,""kGoodPct"":0.11443661971830987,""wrcPct"":0.06118143459915612,""babipPct"":0.07383966244725738},""power_components"":{""isoPct"":0.22359154929577466,""hrPct"":0.18661971830985916,""xbhPct"":0.22359154929577466,""wrcPct"":0.06118143459915612},""discipline_components"":{""bbPct"":0.5862676056338029,""bbkPct"":0.3274647887323944,""obpGapPct"":0.6073943661971831},""defense"":{""position"":""중견수"",""innings"":158,""SFR"":-5},""salary_prior"":null,""salary_support"":0,""cross_role_calibration"":{""reference"":""pitcher_kbo_core_5"",""percentile"":0.0035,""raw_core_average"":9.4,""target_core_average"":5.79,""calibrated_core_average"":5.8}}"
"2025","67609","KBO-67609","KIA 타이거즈","박정우","OF","KBO","0","75","62","3","2","0","14","10","14","12","12","1","12","11","0.5883","0.3681","0.6592","0.6215","0.5562","0.5406","0.4298","0.2667","0.0904","0.0120","0.1094","0.1807","0.0888","0.7298","0.0417","0.0026","low","low","kbo_pitcher_type_splits","62","kbo-hitter-abilities-v7-cross-role-calibrated","10","11","9","13","11","12","9","10","KBO","low","188","중견수","","","","0","kbo-hitter-abilities-v7-cross-role-calibrated","1403583","111","-0.4","0.53","https://www.kbofancystats.com/teams/kiatigers/","low","{""level"":""KBO"",""PA"":75,""reliability"":0.3846,""advanced_match"":true,""contact_components"":{""avgPct"":0.7447183098591549,""kGoodPct"":0.7975352112676056,""wrcPct"":0.7616033755274262,""babipPct"":0.7489451476793249},""power_components"":{""isoPct"":0.2535211267605634,""hrPct"":0.18661971830985916,""xbhPct"":0.25528169014084506,""wrcPct"":0.7616033755274262},""discipline_components"":{""bbPct"":0.8943661971830986,""bbkPct"":0.9102112676056338,""obpGapPct"":0.9119718309859155},""defense"":{""position"":""중견수"",""innings"":188,""SFR"":-0.4},""salary_prior"":null,""salary_support"":0,""cross_role_calibration"":{""reference"":""pitcher_kbo_core_5"",""percentile"":0.7324,""raw_core_average"":12,""target_core_average"":12.4,""calibrated_core_average"":12.4}}"
"2025","64646","KBO-64646","KIA 타이거즈","박찬호","IF","KBO","0","595","516","33","5","0","17","12","15","16","15","1","15","12","0.8318","0.1474","0.7547","0.9024","0.7470","0.7689","0.7504","0.2828","0.0806","0.0102","0.1024","0.1275","0.1438","0.8020","0.0246","0.0008","high","high","kbo_pitcher_type_splits","516","kbo-hitter-abilities-v7-cross-role-calibrated","15","13","16","12","14","14","12","11","KBO","high","1114.3","유격수","","","","0","kbo-hitter-abilities-v7-cross-role-calibrated","973518","102.4","5.9","4.8","https://www.kbofancystats.com/teams/doosanbears/","high","{""level"":""KBO"",""PA"":595,""reliability"":0.8322,""advanced_match"":true,""contact_components"":{""avgPct"":0.8345070422535211,""kGoodPct"":0.9102112676056338,""wrcPct"":0.7067510548523207,""babipPct"":0.580168776371308},""power_components"":{""isoPct"":0.4507042253521127,""hrPct"":0.48063380281690143,""xbhPct"":0.4524647887323944,""wrcPct"":0.7067510548523207},""discipline_components"":{""bbPct"":0.7200704225352113,""bbkPct"":0.9419014084507042,""obpGapPct"":0.5809859154929577},""defense"":{""position"":""유격수"",""innings"":1114.3,""SFR"":5.9},""salary_prior"":null,""salary_support"":0,""cross_role_calibration"":{""reference"":""pitcher_kbo_core_5"",""percentile"":0.912,""raw_core_average"":13.8,""target_core_average"":15,""calibrated_core_average"":15}}"
"2025","55637","KBO-55637","KIA 타이거즈","박헌","OF","KBO","0","14","12","0","0","0","9","8","9","10","10","1","11","11","0.4768","0.4943","0.5037","0.5106","0.4782","0.5036","0.4990","0.2430","0.1129","0.0185","0.0890","0.1984","0.0775","0.7488","0.0252","0.0039","very_low","low","kbo_pitcher_type_splits","12","kbo-hitter-abilities-v7-cross-role-calibrated","11","11","11","11","11","11","6","10","KBO","low","32","우익수","","","","0","kbo-hitter-abilities-v7-cross-role-calibrated","","","","","","very_low","{""level"":""KBO"",""PA"":14,""reliability"":0.1045,""advanced_match"":false,""contact_components"":{""avgPct"":0.09859154929577464,""kGoodPct"":0.5475352112676056,""wrcPct"":0.5,""babipPct"":0.5},""power_components"":{""isoPct"":0.11091549295774648,""hrPct"":0.18661971830985916,""xbhPct"":0.11091549295774648,""wrcPct"":0.5},""discipline_components"":{""bbPct"":0.4278169014084507,""bbkPct"":0.4841549295774648,""obpGapPct"":0.926056338028169},""defense"":{""position"":""우익수"",""innings"":32,""SFR"":null},""salary_prior"":null,""salary_support"":0,""cross_role_calibration"":{""reference"":""pitcher_kbo_core_5"",""percentile"":0.2852,""raw_core_average"":10.8,""target_core_average"":9.2,""calibrated_core_average"":9.2}}"
"2025","69727","KBO-69727","KIA 타이거즈","변우혁","IF","KBO","0","153","142","0","0","1","7","5","7","6","7","1","9","10","0.3089","0.2475","0.3222","0.2285","0.3596","0.3328","0.5296","0.2364","0.0812","0.0083","0.0757","0.2633","0.0446","0.7488","0.0145","0.0131","medium","medium","kbo_pitcher_type_splits","142","kbo-hitter-abilities-v7-cross-role-calibrated","12","13","11","12","11","10","8","10","KBO","medium","309","3루수","","","","0","kbo-hitter-abilities-v7-cross-role-calibrated","1631583","54.9","-0.2","0.07","https://www.kbofancystats.com/teams/kiatigers/","medium","{""level"":""KBO"",""PA"":153,""reliability"":0.5604,""advanced_match"":true,""contact_components"":{""avgPct"":0.4102112676056338,""kGoodPct"":0.198943661971831,""wrcPct"":0.2721518987341772,""babipPct"":0.6223628691983122},""power_components"":{""isoPct"":0.31866197183098594,""hrPct"":0.18661971830985916,""xbhPct"":0.31866197183098594,""wrcPct"":0.2721518987341772},""discipline_components"":{""bbPct"":0.375,""bbkPct"":0.2975352112676056,""obpGapPct"":0.3626760563380282},""defense"":{""position"":""3루수"",""innings"":309,""SFR"":-0.2},""salary_prior"":null,""salary_support"":0,""cross_role_calibration"":{""reference"":""pitcher_kbo_core_5"",""percentile"":0.0158,""raw_core_average"":9.6,""target_core_average"":6.44,""calibrated_core_average"":6.4}}"
"2025","78168","KBO-78168","KIA 타이거즈","서건창","IF","KBO","0","26","22","1","0","0","9","12","10","10","10","1","11","12","0.4498","0.5583","0.5022","0.5280","0.4811","0.5124","0.5146","0.2395","0.1364","0.0246","0.0884","0.1954","0.0945","0.7716","0.0247","0.0038","very_low","low","kbo_pitcher_type_splits","22","kbo-hitter-abilities-v7-cross-role-calibrated","12","12","11","12","12","11","12","11","KBO","low","48","2루수","","","","0","kbo-hitter-abilities-v7-cross-role-calibrated","10722","33.1","1.3","0.02","https://www.kbofancystats.com/teams/kiwoomheroes/","very_low","{""level"":""KBO"",""PA"":26,""reliability"":0.1781,""advanced_match"":true,""contact_components"":{""avgPct"":0.14084507042253522,""kGoodPct"":0.6373239436619718,""wrcPct"":0.18354430379746836,""babipPct"":0.06962025316455696},""power_components"":{""isoPct"":0.8943661971830986,""hrPct"":0.8943661971830986,""xbhPct"":0.8908450704225352,""wrcPct"":0.18354430379746836},""discipline_components"":{""bbPct"":0.4894366197183099,""bbkPct"":0.5827464788732394,""obpGapPct"":0.528169014084507},""defense"":{""position"":""2루수"",""innings"":48,""SFR"":1.3},""salary_prior"":null,""salary_support"":0,""cross_role_calibration"":{""reference"":""pitcher_kbo_core_5"",""percentile"":0.4313,""raw_core_average"":11,""target_core_average"":10.2,""calibrated_core_average"":10.2}}"
"2025","69636","KBO-69636","KIA 타이거즈","오선우","IF","KBO","0","474","437","2","3","1","12","17","10","9","12","1","10","8","0.6648","0.8325","0.2485","0.0944","0.4848","0.2291","0.4503","0.2648","0.1595","0.0350","0.0752","0.3094","0.0330","0.6240","0.0234","0.0065","high","high","kbo_pitcher_type_splits","437","kbo-hitter-abilities-v7-cross-role-calibrated","8","9","9","10","8","10","11","12","KBO","high","940.3","1루수","","","","0","kbo-hitter-abilities-v7-cross-role-calibrated","1631585","108.2","-10.3","2.01","https://www.kbofancystats.com/teams/kiatigers/","high","{""level"":""KBO"",""PA"":474,""reliability"":0.798,""advanced_match"":true,""contact_components"":{""avgPct"":0.6971830985915493,""kGoodPct"":0.15669014084507038,""wrcPct"":0.7489451476793249,""babipPct"":0.8860759493670886},""power_components"":{""isoPct"":0.8591549295774648,""hrPct"":0.8890845070422535,""xbhPct"":0.8609154929577465,""wrcPct"":0.7489451476793249},""discipline_components"":{""bbPct"":0.43485915492957744,""bbkPct"":0.30809859154929575,""obpGapPct"":0.375},""defense"":{""position"":""1루수"",""innings"":940.3,""SFR"":-10.3},""salary_prior"":null,""salary_support"":0,""cross_role_calibration"":{""reference"":""pitcher_kbo_core_5"",""percentile"":0.6972,""raw_core_average"":11.8,""target_core_average"":12,""calibrated_core_average"":12}}"
"2025","55645","KBO-55645","KIA 타이거즈","위즈덤","IF","KBO","0","486","424","3","0","2","10","18","14","9","11","1","12","13","0.2991","0.9004","0.7614","0.1014","0.3158","0.2670","0.6131","0.2409","0.2665","0.0633","0.1043","0.2758","0.0416","0.8067","0.0078","0.0129","medium","high","kbo_pitcher_type_splits","424","kbo-hitter-abilities-v7-cross-role-calibrated","10","8","13","8","10","11","13","13","KBO","high","960","1루수","","","","0","kbo-hitter-abilities-v7-cross-role-calibrated","","","","","","medium","{""level"":""KBO"",""PA"":486,""reliability"":0.802,""advanced_match"":false,""contact_components"":{""avgPct"":0.4894366197183099,""kGoodPct"":0.25176056338028174,""wrcPct"":0.5,""babipPct"":0.5},""power_components"":{""isoPct"":0.9876760563380281,""hrPct"":0.9841549295774648,""xbhPct"":0.9876760563380281,""wrcPct"":0.5},""discipline_components"":{""bbPct"":0.7447183098591549,""bbkPct"":0.522887323943662,""obpGapPct"":0.7007042253521126},""defense"":{""position"":""1루수"",""innings"":960,""SFR"":null},""salary_prior"":null,""salary_support"":0,""cross_role_calibration"":{""reference"":""pitcher_kbo_core_5"",""percentile"":0.7324,""raw_core_average"":12,""target_core_average"":12.4,""calibrated_core_average"":12.4}}"
"2025","52667","KBO-52667","KIA 타이거즈","윤도현","IF","KBO","0","160","149","3","1","0","14","16","9","12","12","1","12","11","0.6633","0.7486","0.2389","0.4144","0.5400","0.5789","0.4886","0.2699","0.1672","0.0312","0.0659","0.2139","0.0756","0.7298","0.0248","0.0022","medium","medium","kbo_pitcher_type_splits","149","kbo-hitter-abilities-v7-cross-role-calibrated","9","8","9","8","8","11","7","13","KBO","medium","299","2루수","","","","0","kbo-hitter-abilities-v7-cross-role-calibrated","1672592","111.1","-8.1","0.82","https://www.kbofancystats.com/teams/kiatigers/","medium","{""level"":""KBO"",""PA"":160,""reliability"":0.5714,""advanced_match"":true,""contact_components"":{""avgPct"":0.7605633802816901,""kGoodPct"":0.5088028169014085,""wrcPct"":0.7658227848101266,""babipPct"":0.6371308016877637},""power_components"":{""isoPct"":0.903169014084507,""hrPct"":0.8820422535211268,""xbhPct"":0.903169014084507,""wrcPct"":0.7658227848101266},""discipline_components"":{""bbPct"":0.25880281690140844,""bbkPct"":0.31514084507042256,""obpGapPct"":0.22007042253521128},""defense"":{""position"":""2루수"",""innings"":299,""SFR"":-8.1},""salary_prior"":null,""salary_support"":0,""cross_role_calibration"":{""reference"":""pitcher_kbo_core_5"",""percentile"":0.7518,""raw_core_average"":12.2,""target_core_average"":12.6,""calibrated_core_average"":12.6}}"
"2025","64560","KBO-64560","KIA 타이거즈","이창진","OF","KBO","0","113","93","2","1","0","7","8","13","10","8","1","11","10","0.2684","0.3642","0.7307","0.5701","0.3972","0.4495","0.4393","0.2135","0.0966","0.0146","0.1180","0.1954","0.0745","0.6240","0.0285","0.0025","medium","low","kbo_pitcher_type_splits","93","kbo-hitter-abilities-v7-cross-role-calibrated","12","11","10","10","11","12","11","10","KBO","low","213","좌익수","","","","0","kbo-hitter-abilities-v7-cross-role-calibrated","973457","56.5","2","0","https://www.kbofancystats.com/teams/kiatigers/","medium","{""level"":""KBO"",""PA"":113,""reliability"":0.485,""advanced_match"":true,""contact_components"":{""avgPct"":0.1742957746478873,""kGoodPct"":0.6320422535211268,""wrcPct"":0.2869198312236287,""babipPct"":0.1371308016877637},""power_components"":{""isoPct"":0.3785211267605634,""hrPct"":0.49119718309859156,""xbhPct"":0.3785211267605634,""wrcPct"":0.2869198312236287},""discipline_components"":{""bbPct"":0.9172535211267606,""bbkPct"":0.8785211267605634,""obpGapPct"":0.9401408450704225},""defense"":{""position"":""좌익수"",""innings"":213,""SFR"":2},""salary_prior"":null,""salary_support"":0,""cross_role_calibration"":{""reference"":""pitcher_kbo_core_5"",""percentile"":0.2852,""raw_core_average"":10.8,""target_core_average"":9.2,""calibrated_core_average"":9.2}}"
"2025","53659","KBO-53659","KIA 타이거즈","정해원","IF","KBO","0","46","40","0","0","0","5","6","9","6","7","1","10","11","0.3597","0.4094","0.5716","0.4129","0.3989","0.4776","0.5089","0.2087","0.0903","0.0144","0.0969","0.2302","0.0696","0.7488","0.0226","0.0035","low","low","kbo_pitcher_type_splits","40","kbo-hitter-abilities-v7-cross-role-calibrated","12","11","10","10","11","11","7","10","KBO","low","97.3","우익수","","","","0","kbo-hitter-abilities-v7-cross-role-calibrated","2238566","-8.1","2.7","-0.24","https://www.kbofancystats.com/teams/kiatigers/","low","{""level"":""KBO"",""PA"":46,""reliability"":0.2771,""advanced_match"":true,""contact_components"":{""avgPct"":0.08274647887323944,""kGoodPct"":0.204225352112676,""wrcPct"":0.08227848101265822,""babipPct"":0.06118143459915612},""power_components"":{""isoPct"":0.11091549295774648,""hrPct"":0.18661971830985916,""xbhPct"":0.11091549295774648,""wrcPct"":0.08227848101265822},""discipline_components"":{""bbPct"":0.7517605633802817,""bbkPct"":0.5140845070422535,""obpGapPct"":0.903169014084507},""defense"":{""position"":""우익수"",""innings"":97.3,""SFR"":2.7},""salary_prior"":null,""salary_support"":0,""cross_role_calibration"":{""reference"":""pitcher_kbo_core_5"",""percentile"":0.0335,""raw_core_average"":9.8,""target_core_average"":6.6,""calibrated_core_average"":6.6}}"
"2025","55926","KBO-55926","KIA 타이거즈","정현창","IF","KBO","0","21","19","1","0","0","9","8","9","10","10","1","11","11","0.5273","0.4742","0.5247","0.5018","0.4989","0.5212","0.4859","0.2623","0.1062","0.0174","0.0921","0.2034","0.0896","0.6807","0.0234","0.0036","very_low","low","kbo_pitcher_type_splits","19","kbo-hitter-abilities-v7-cross-role-calibrated","11","11","11","12","11","11","6","10","KBO","low","37.7","2루수","","","","0","kbo-hitter-abilities-v7-cross-role-calibrated","2952671","75.1","-3.2","-0.13","https://www.kbofancystats.com/teams/kiatigers/","very_low","{""level"":""KBO"",""PA"":21,""reliability"":0.1489,""advanced_match"":true,""contact_components"":{""avgPct"":0.6742957746478874,""kGoodPct"":0.45070422535211263,""wrcPct"":0.4409282700421941,""babipPct"":0.8438818565400844},""power_components"":{""isoPct"":0.11091549295774648,""hrPct"":0.18661971830985916,""xbhPct"":0.11091549295774648,""wrcPct"":0.4409282700421941},""discipline_components"":{""bbPct"":0.6637323943661971,""bbkPct"":0.5827464788732394,""obpGapPct"":0.5017605633802817},""defense"":{""position"":""2루수"",""innings"":37.7,""SFR"":-3.2},""salary_prior"":null,""salary_support"":0,""cross_role_calibration"":{""reference"":""pitcher_kbo_core_5"",""percentile"":0.2852,""raw_core_average"":10.8,""target_core_average"":9.2,""calibrated_core_average"":9.2}}"
"2025","66354","KBO-66354","KIA 타이거즈","주효상","C","KBO","0","17","15","0","0","0","13","11","12","11","11","1","11","11","0.5383","0.5182","0.5281","0.5079","0.5213","0.4948","0.5051","0.2714","0.1273","0.0180","0.0952","0.2018","0.0720","0.7488","0.0234","0.0036","very_low","low","kbo_pitcher_type_splits","15","kbo-hitter-abilities-v7-cross-role-calibrated","11","11","11","10","11","11","9","11","KBO","low","39","포수","","","","0","kbo-hitter-abilities-v7-cross-role-calibrated","1216192","145.2","0.2","0.23","https://www.kbofancystats.com/teams/kiatigers/","very_low","{""level"":""KBO"",""PA"":17,""reliability"":0.1241,""advanced_match"":true,""contact_components"":{""avgPct"":0.9471830985915493,""kGoodPct"":0.47007042253521125,""wrcPct"":0.9177215189873418,""babipPct"":0.959915611814346},""power_components"":{""isoPct"":0.7552816901408451,""hrPct"":0.18661971830985916,""xbhPct"":0.7535211267605634,""wrcPct"":0.9177215189873418},""discipline_components"":{""bbPct"":0.7992957746478874,""bbkPct"":0.7165492957746479,""obpGapPct"":0.6320422535211268},""defense"":{""position"":""포수"",""innings"":39,""SFR"":0.2},""salary_prior"":null,""salary_support"":0,""cross_role_calibration"":{""reference"":""pitcher_kbo_core_5"",""percentile"":0.625,""raw_core_average"":11.4,""target_core_average"":11.6,""calibrated_core_average"":11.6}}"
"2025","65464","KBO-65464","KIA 타이거즈","최정용","IF","KBO","0","6","6","0","0","0","10","10","10","10","11","1","11","11","0.5024","0.5027","0.4969","0.5000","0.4957","0.5038","0.4988","0.2567","0.1193","0.0198","0.0863","0.2039","0.0805","0.7488","0.0262","0.0040","very_low","low","kbo_pitcher_type_splits","6","kbo-hitter-abilities-v7-cross-role-calibrated","11","11","11","11","11","11","10","11","KBO","low","17","2루수","","","","0","kbo-hitter-abilities-v7-cross-role-calibrated","1098427","-9.4","0.1","-0.03","https://www.kbofancystats.com/teams/kiatigers/","very_low","{""level"":""KBO"",""PA"":6,""reliability"":0.0476,""advanced_match"":true,""contact_components"":{""avgPct"":0.1936619718309859,""kGoodPct"":0.15669014084507038,""wrcPct"":0.07805907172995781,""babipPct"":0.23628691983122363},""power_components"":{""isoPct"":0.11091549295774648,""hrPct"":0.18661971830985916,""xbhPct"":0.11091549295774648,""wrcPct"":0.07805907172995781},""discipline_components"":{""bbPct"":0.07746478873239436,""bbkPct"":0.07746478873239436,""obpGapPct"":0.06866197183098592},""defense"":{""position"":""2루수"",""innings"":17,""SFR"":0.1},""salary_prior"":null,""salary_support"":0,""cross_role_calibration"":{""reference"":""pitcher_kbo_core_5"",""percentile"":0.4313,""raw_core_average"":11,""target_core_average"":10.2,""calibrated_core_average"":10.2}}"
"2025","72443","KBO-72443","KIA 타이거즈","최형우","OF","KBO","0","549","469","1","4","0","17","19","17","16","17","1","11","13","0.8700","0.8878","0.8649","0.7338","0.7582","0.1644","0.6242","0.2991","0.2050","0.0402","0.1173","0.1812","0.0208","0.7716","0.0218","0.0008","high","high","kbo_pitcher_type_splits","469","kbo-hitter-abilities-v7-cross-role-calibrated","11","11","11","11","11","15","15","13","KBO","low","29","좌익수","100000","team_top_salary","13.30","0","kbo-hitter-abilities-v7-cross-role-calibrated","9933","153.6","0.4","6.78","https://www.kbofancystats.com/teams/samsunglions/","high","{""level"":""KBO"",""PA"":549,""reliability"":0.8206,""advanced_match"":true,""contact_components"":{""avgPct"":0.8926056338028169,""kGoodPct"":0.7059859154929577,""wrcPct"":0.9472573839662447,""babipPct"":0.759493670886076},""power_components"":{""isoPct"":0.9471830985915493,""hrPct"":0.9278169014084507,""xbhPct"":0.9454225352112676,""wrcPct"":0.9472573839662447},""discipline_components"":{""bbPct"":0.829225352112676,""bbkPct"":0.8397887323943662,""obpGapPct"":0.7517605633802817},""defense"":{""position"":""좌익수"",""innings"":29,""SFR"":0.4},""salary_prior"":13.29683549124502,""salary_support"":0,""cross_role_calibration"":{""reference"":""pitcher_kbo_core_5"",""percentile"":0.9736,""raw_core_average"":15.2,""target_core_average"":17.2,""calibrated_core_average"":17.2}}"
"2025","63722","KBO-63722","KIA 타이거즈","한승택","C","KBO","0","23","21","0","0","0","9","7","7","7","9","1","10","11","0.5113","0.4827","0.4733","0.4694","0.4867","0.4920","0.5051","0.2580","0.1127","0.0171","0.0825","0.2164","0.0720","0.7488","0.0234","0.0036","very_low","low","kbo_pitcher_type_splits","21","kbo-hitter-abilities-v7-cross-role-calibrated","11","11","11","12","11","10","10","10","KBO","low","54","포수","","","","0","kbo-hitter-abilities-v7-cross-role-calibrated","799459","70.4","0.2","0.1","https://www.kbofancystats.com/teams/ktwiz/","very_low","{""level"":""KBO"",""PA"":23,""reliability"":0.1608,""advanced_match"":true,""contact_components"":{""avgPct"":0.5123239436619719,""kGoodPct"":0.204225352112676,""wrcPct"":0.38396624472573837,""babipPct"":0.8438818565400844},""power_components"":{""isoPct"":0.30809859154929575,""hrPct"":0.18661971830985916,""xbhPct"":0.3045774647887324,""wrcPct"":0.38396624472573837},""discipline_components"":{""bbPct"":0.23415492957746478,""bbkPct"":0.18838028169014084,""obpGapPct"":0.4630281690140845},""defense"":{""position"":""포수"",""innings"":54,""SFR"":0.2},""salary_prior"":null,""salary_support"":0,""cross_role_calibration"":{""reference"":""pitcher_kbo_core_5"",""percentile"":0.1479,""raw_core_average"":10.4,""target_core_average"":7.8,""calibrated_core_average"":7.8}}"
"2025","68646","KBO-68646","KIA 타이거즈","한준수","C","KBO","0","276","244","0","1","0","11","15","14","13","12","1","10","10","0.2640","0.7220","0.6176","0.7262","0.5141","0.3518","0.5839","0.2361","0.1385","0.0242","0.0935","0.1798","0.0323","0.7488","0.0184","0.0016","medium","medium","kbo_pitcher_type_splits","244","kbo-hitter-abilities-v7-cross-role-calibrated","12","12","12","11","12","12","10","11","KBO","medium","525.3","포수","","","","0","kbo-hitter-abilities-v7-cross-role-calibrated","1616879","87.7","1.1","1.71","https://www.kbofancystats.com/teams/kiatigers/","medium","{""level"":""KBO"",""PA"":276,""reliability"":0.697,""advanced_match"":true,""contact_components"":{""avgPct"":0.43133802816901406,""kGoodPct"":0.7464788732394366,""wrcPct"":0.5379746835443038,""babipPct"":0.23628691983122363},""power_components"":{""isoPct"":0.7904929577464789,""hrPct"":0.7799295774647887,""xbhPct"":0.7904929577464789,""wrcPct"":0.5379746835443038},""discipline_components"":{""bbPct"":0.653169014084507,""bbkPct"":0.7588028169014085,""obpGapPct"":0.6355633802816901},""defense"":{""position"":""포수"",""innings"":525.3,""SFR"":1.1},""salary_prior"":null,""salary_support"":0,""cross_role_calibration"":{""reference"":""pitcher_kbo_core_5"",""percentile"":0.7729,""raw_core_average"":12.4,""target_core_average"":13,""calibrated_core_average"":13}}"
"2025","65610","KBO-65610","KIA 타이거즈","황대인","IF","KBO","0","57","53","0","1","0","8","10","8","9","8","1","10","10","0.3908","0.5305","0.4009","0.4482","0.4402","0.4617","0.4801","0.2367","0.1218","0.0198","0.0773","0.2141","0.0662","0.7488","0.0377","0.0033","low","low","kbo_pitcher_type_splits","53","kbo-hitter-abilities-v7-cross-role-calibrated","11","11","11","11","11","10","10","11","KBO","low","113","1루수","","","","0","kbo-hitter-abilities-v7-cross-role-calibrated","1098442","44.7","-1.5","-0.23","https://www.kbofancystats.com/teams/kiatigers/","low","{""level"":""KBO"",""PA"":57,""reliability"":0.322,""advanced_match"":true,""contact_components"":{""avgPct"":0.2658450704225352,""kGoodPct"":0.42781690140845074,""wrcPct"":0.23417721518987342,""babipPct"":0.20042194092827004},""power_components"":{""isoPct"":0.6496478873239436,""hrPct"":0.6672535211267606,""xbhPct"":0.6496478873239436,""wrcPct"":0.23417721518987342},""discipline_components"":{""bbPct"":0.2852112676056338,""bbkPct"":0.3028169014084507,""obpGapPct"":0.20598591549295775},""defense"":{""position"":""1루수"",""innings"":113,""SFR"":-1.5},""salary_prior"":null,""salary_support"":0,""cross_role_calibration"":{""reference"":""pitcher_kbo_core_5"",""percentile"":0.2113,""raw_core_average"":10.6,""target_core_average"":8.6,""calibrated_core_average"":8.6}}"
"2025","69064","KBO-69064","KT 위즈","강민성","IF","KBO","0","36","30","0","0","0","6","7","9","6","7","1","10","11","0.3875","0.4391","0.5825","0.3905","0.4000","0.4904","0.5033","0.2093","0.0972","0.0155","0.1040","0.2545","0.0733","0.7488","0.0239","0.0037","low","low","kbo_pitcher_type_splits","30","kbo-hitter-abilities-v7-cross-role-calibrated","12","12","12","12","12","11","8","10","KBO","low","92.3","2루수","","","","0","kbo-hitter-abilities-v7-cross-role-calibrated","1631697","-26.3","1.8","-0.23","https://www.kbofancystats.com/teams/ktwiz/","low","{""level"":""KBO"",""PA"":36,""reliability"":0.2308,""advanced_match"":true,""contact_components"":{""avgPct"":0.0721830985915493,""kGoodPct"":0.07218309859154926,""wrcPct"":0.056962025316455694,""babipPct"":0.04430379746835443},""power_components"":{""isoPct"":0.11091549295774648,""hrPct"":0.18661971830985916,""xbhPct"":0.11091549295774648,""wrcPct"":0.056962025316455694},""discipline_components"":{""bbPct"":0.9066901408450704,""bbkPct"":0.4841549295774648,""obpGapPct"":0.9419014084507042},""defense"":{""position"":""2루수"",""innings"":92.3,""SFR"":1.8},""salary_prior"":null,""salary_support"":0,""cross_role_calibration"":{""reference"":""pitcher_kbo_core_5"",""percentile"":0.0599,""raw_core_average"":10,""target_core_average"":7,""calibrated_core_average"":7}}"
"2025","68050","KBO-68050","KT 위즈","강백호","C","KBO","0","369","321","6","1","2","15","18","17","15","16","1","12","10","0.6517","0.8393","0.8144","0.7563","0.5563","0.3779","0.4474","0.2642","0.1844","0.0365","0.1133","0.1783","0.0605","0.5930","0.0140","0.0132","high","high","kbo_pitcher_type_splits","321","kbo-hitter-abilities-v7-cross-role-calibrated","11","11","11","10","11","14","11","12","KBO","low","44","포수","70000","team_top_salary","12.65","0","kbo-hitter-abilities-v7-cross-role-calibrated","1616905","127.7","0","2.88","https://www.kbofancystats.com/teams/hanwhaeagles/","high","{""level"":""KBO"",""PA"":369,""reliability"":0.7546,""advanced_match"":true,""contact_components"":{""avgPct"":0.6971830985915493,""kGoodPct"":0.7517605633802817,""wrcPct"":0.8649789029535865,""babipPct"":0.37763713080168776},""power_components"":{""isoPct"":0.9295774647887324,""hrPct"":0.9172535211267606,""xbhPct"":0.9313380281690141,""wrcPct"":0.8649789029535865},""discipline_components"":{""bbPct"":0.8151408450704225,""bbkPct"":0.846830985915493,""obpGapPct"":0.7570422535211268},""defense"":{""position"":""포수"",""innings"":44,""SFR"":0},""salary_prior"":12.653619025207822,""salary_support"":0,""cross_role_calibration"":{""reference"":""pitcher_kbo_core_5"",""percentile"":0.9472,""raw_core_average"":14.2,""target_core_average"":16.2,""calibrated_core_average"":16.2}}"
"2025","50066","KBO-50066","KT 위즈","강현우","C","KBO","0","78","64","0","0","0","8","8","12","10","8","1","10","11","0.3633","0.4219","0.6535","0.5964","0.4467","0.4252","0.5309","0.2330","0.1015","0.0174","0.1075","0.1889","0.0578","0.7488","0.0188","0.0029","low","low","kbo_pitcher_type_splits","64","kbo-hitter-abilities-v7-cross-role-calibrated","12","11","12","9","10","11","8","10","KBO","low","160.3","포수","","","","0","kbo-hitter-abilities-v7-cross-role-calibrated","1652102","53.9","0.4","0.18","https://www.kbofancystats.com/teams/ktwiz/","low","{""level"":""KBO"",""PA"":78,""reliability"":0.3939,""advanced_match"":true,""contact_components"":{""avgPct"":0.25704225352112675,""kGoodPct"":0.7007042253521127,""wrcPct"":0.26371308016877637,""babipPct"":0.1751054852320675},""power_components"":{""isoPct"":0.3644366197183099,""hrPct"":0.5651408450704225,""xbhPct"":0.36619718309859156,""wrcPct"":0.26371308016877637},""discipline_components"":{""bbPct"":0.8697183098591549,""bbkPct"":0.8661971830985915,""obpGapPct"":0.8362676056338029},""defense"":{""position"":""포수"",""innings"":160.3,""SFR"":0.4},""salary_prior"":null,""salary_support"":0,""cross_role_calibration"":{""reference"":""pitcher_kbo_core_5"",""percentile"":0.2852,""raw_core_average"":10.8,""target_core_average"":9.2,""calibrated_core_average"":9.2}}"
"2025","51003","KBO-51003","KT 위즈","권동진","IF","KBO","0","309","271","4","1","1","7","7","10","5","6","1","13","11","0.2518","0.2291","0.6583","0.1475","0.3414","0.4846","0.5674","0.2351","0.0907","0.0076","0.0957","0.2705","0.0575","0.7491","0.0166","0.0086","high","medium","kbo_pitcher_type_splits","271","kbo-hitter-abilities-v7-cross-role-calibrated","15","12","14","11","12","11","10","11","KBO","high","764.3","유격수","","","","0","kbo-hitter-abilities-v7-cross-role-calibrated","1656268","69.8","23.7","2.27","https://www.kbofancystats.com/teams/ktwiz/","high","{""level"":""KBO"",""PA"":309,""reliability"":0.7203,""advanced_match"":true,""contact_components"":{""avgPct"":0.43133802816901406,""kGoodPct"":0.2411971830985915,""wrcPct"":0.3755274261603376,""babipPct"":0.6856540084388185},""power_components"":{""isoPct"":0.477112676056338,""hrPct"":0.3961267605633803,""xbhPct"":0.477112676056338,""wrcPct"":0.3755274261603376},""discipline_components"":{""bbPct"":0.6848591549295775,""bbkPct"":0.47007042253521125,""obpGapPct"":0.6355633802816901},""defense"":{""position"":""유격수"",""innings"":764.3,""SFR"":23.7},""salary_prior"":null,""salary_support"":0,""cross_role_calibration"":{""reference"":""pitcher_kbo_core_5"",""percentile"":0.0599,""raw_core_average"":10,""target_core_average"":7,""calibrated_core_average"":7}}"
"2025","51005","KBO-51005","KT 위즈","김건형","OF","KBO","0","1","1","0","0","0","10","10","10","10","11","1","11","11","0.5011","0.5020","0.5010","0.5016","0.5008","0.5007","0.5000","0.2595","0.1252","0.0208","0.0905","0.1942","0.0821","0.7488","0.0267","0.0041","very_low","low","kbo_pitcher_type_splits","1","kbo-hitter-abilities-v7-cross-role-calibrated","11","11","11","11","11","11","10","11","KBO","low","1","좌익수","","","","0","kbo-hitter-abilities-v7-cross-role-calibrated","","","","","","very_low","{""level"":""KBO"",""PA"":1,""reliability"":0.0083,""advanced_match"":false,""contact_components"":{""avgPct"":0.035211267605633804,""kGoodPct"":0.9806338028169014,""wrcPct"":0.5,""babipPct"":0.5},""power_components"":{""isoPct"":0.11091549295774648,""hrPct"":0.18661971830985916,""xbhPct"":0.11091549295774648,""wrcPct"":0.5},""discipline_components"":{""bbPct"":0.07746478873239436,""bbkPct"":0.07746478873239436,""obpGapPct"":0.06866197183098592},""defense"":{""position"":""좌익수"",""innings"":1,""SFR"":null},""salary_prior"":null,""salary_support"":0,""cross_role_calibration"":{""reference"":""pitcher_kbo_core_5"",""percentile"":0.4313,""raw_core_average"":11,""target_core_average"":10.2,""calibrated_core_average"":10.2}}"
"2025","54097","KBO-54097","KT 위즈","김민석","C","FUTURES","-2","161","147","0","","","11","10","6","10","9","1","8","9","0.5952","0.4470","0.2331","0.6054","0.5993","0.2541","0.5000","0.2998","0.1355","0.0199","0.0917","0.1617","0.0406","0.6957","","","medium","medium","futures_contact_k_proxy","0","kbo-hitter-abilities-v7-cross-role-calibrated","8","8","8","9","9","8","6","10","KBO","low","2","포수","","","","0","kbo-hitter-abilities-v7-cross-role-calibrated","","","","","","medium","{""level"":""FUTURES"",""PA"":161,""reliability"":0.4721,""advanced_match"":false,""contact_components"":{""avgPct"":0.8870967741935484,""kGoodPct"":0.7258064516129032,""wrcPct"":0.5,""babipPct"":0.5},""power_components"":{""isoPct"":0.532258064516129,""hrPct"":0.532258064516129,""xbhPct"":0.532258064516129,""wrcPct"":0.5},""discipline_components"":{""bbPct"":0.08064516129032258,""bbkPct"":0.27419354838709675,""obpGapPct"":0.04838709677419355},""defense"":{""position"":""포수"",""innings"":2,""SFR"":null},""salary_prior"":null,""salary_support"":0,""cross_role_calibration"":{""reference"":""pitcher_futures_core_5"",""percentile"":0.5645,""raw_core_average"":8.6,""target_core_average"":9.23,""calibrated_core_average"":9.2}}"
"2025","64004","KBO-64004","KT 위즈","김민혁","OF","KBO","0","417","380","14","2","0","16","8","10","15","14","1","14","12","0.8052","0.1061","0.1606","0.8905","0.7241","0.7225","0.6958","0.2817","0.0597","0.0041","0.0660","0.1172","0.0948","0.7703","0.0175","0.0011","high","high","kbo_pitcher_type_splits","380","kbo-hitter-abilities-v7-cross-role-calibrated","9","9","11","9","9","12","12","11","KBO","high","713","좌익수","30000","team_top_salary","11.13","0","kbo-hitter-abilities-v7-cross-role-calibrated","973496","89.3","-2.8","1.65","https://www.kbofancystats.com/teams/ktwiz/","high","{""level"":""KBO"",""PA"":417,""reliability"":0.7765,""advanced_match"":true,""contact_components"":{""avgPct"":0.8345070422535211,""kGoodPct"":0.9454225352112676,""wrcPct"":0.5548523206751055,""babipPct"":0.5949367088607594},""power_components"":{""isoPct"":0.2869718309859155,""hrPct"":0.18661971830985916,""xbhPct"":0.2869718309859155,""wrcPct"":0.5548523206751055},""discipline_components"":{""bbPct"":0.34330985915492956,""bbkPct"":0.8151408450704225,""obpGapPct"":0.3362676056338028},""defense"":{""position"":""좌익수"",""innings"":713,""SFR"":-2.8},""salary_prior"":11.125628498537262,""salary_support"":0,""cross_role_calibration"":{""reference"":""pitcher_kbo_core_5"",""percentile"":0.7518,""raw_core_average"":12.2,""target_core_average"":12.6,""calibrated_core_average"":12.6}}"
"2025","52002","KBO-52002","KT 위즈","김병준","OF","KBO","0","5","5","0","0","0","10","10","10","10","11","1","11","11","0.5043","0.5036","0.4988","0.4986","0.5018","0.5037","0.4988","0.2592","0.1204","0.0200","0.0871","0.2059","0.0805","0.7488","0.0262","0.0040","very_low","low","kbo_pitcher_type_splits","5","kbo-hitter-abilities-v7-cross-role-calibrated","11","11","11","11","11","11","7","11","KBO","low","12.3","좌익수","","","","0","kbo-hitter-abilities-v7-cross-role-calibrated","","","","","","very_low","{""level"":""KBO"",""PA"":5,""reliability"":0.04,""advanced_match"":false,""contact_components"":{""avgPct"":0.31866197183098594,""kGoodPct"":0.09330985915492962,""wrcPct"":0.5,""babipPct"":0.5},""power_components"":{""isoPct"":0.11091549295774648,""hrPct"":0.18661971830985916,""xbhPct"":0.11091549295774648,""wrcPct"":0.5},""discipline_components"":{""bbPct"":0.07746478873239436,""bbkPct"":0.07746478873239436,""obpGapPct"":0.06866197183098592},""defense"":{""position"":""좌익수"",""innings"":12.3,""SFR"":null},""salary_prior"":null,""salary_support"":0,""cross_role_calibration"":{""reference"":""pitcher_kbo_core_5"",""percentile"":0.4313,""raw_core_average"":11,""target_core_average"":10.2,""calibrated_core_average"":10.2}}"
"2025","79402","KBO-79402","KT 위즈","김상수","IF","KBO","0","423","355","4","1","0","13","11","16","15","12","1","11","12","0.5206","0.2587","0.8432","0.8517","0.5781","0.2081","0.6783","0.2554","0.0915","0.0136","0.1169","0.1465","0.0424","0.7491","0.0122","0.0011","high","high","kbo_pitcher_type_splits","355","kbo-hitter-abilities-v7-cross-role-calibrated","14","12","14","12","13","14","14","10","KBO","high","868","2루수","30000","team_top_salary","11.13","0","kbo-hitter-abilities-v7-cross-role-calibrated","10396","93.9","8.6","2.83","https://www.kbofancystats.com/teams/ktwiz/","high","{""level"":""KBO"",""PA"":423,""reliability"":0.779,""advanced_match"":true,""contact_components"":{""avgPct"":0.6197183098591549,""kGoodPct"":0.8785211267605634,""wrcPct"":0.5991561181434599,""babipPct"":0.3628691983122363},""power_components"":{""isoPct"":0.49119718309859156,""hrPct"":0.5545774647887324,""xbhPct"":0.49119718309859156,""wrcPct"":0.5991561181434599},""discipline_components"":{""bbPct"":0.8433098591549296,""bbkPct"":0.9454225352112676,""obpGapPct"":0.778169014084507},""defense"":{""position"":""2루수"",""innings"":868,""SFR"":8.6},""salary_prior"":11.125628498537262,""salary_support"":0,""cross_role_calibration"":{""reference"":""pitcher_kbo_core_5"",""percentile"":0.8292,""raw_core_average"":13,""target_core_average"":13.4,""calibrated_core_average"":13.4}}"
"2025","64007","KBO-64007","KT 위즈","문상철","IF","KBO","0","209","173","2","1","0","10","13","15","11","11","1","12","11","0.2646","0.6678","0.7536","0.4726","0.4167","0.4546","0.5356","0.2316","0.1306","0.0230","0.1105","0.2059","0.0545","0.7073","0.0209","0.0018","medium","medium","kbo_pitcher_type_splits","173","kbo-hitter-abilities-v7-cross-role-calibrated","13","13","12","14","13","12","12","11","KBO","medium","382","1루수","","","","0","kbo-hitter-abilities-v7-cross-role-calibrated","973420","88.6","5.5","0.82","https://www.kbofancystats.com/teams/ktwiz/","medium","{""level"":""KBO"",""PA"":209,""reliability"":0.6353,""advanced_match"":true,""contact_components"":{""avgPct"":0.3908450704225352,""kGoodPct"":0.556338028169014,""wrcPct"":0.5506329113924051,""babipPct"":0.2468354430379747},""power_components"":{""isoPct"":0.7447183098591549,""hrPct"":0.7658450704225352,""xbhPct"":0.7447183098591549,""wrcPct"":0.5506329113924051},""discipline_components"":{""bbPct"":0.8186619718309859,""bbkPct"":0.7834507042253521,""obpGapPct"":0.8679577464788732},""defense"":{""position"":""1루수"",""innings"":382,""SFR"":5.5},""salary_prior"":null,""salary_support"":0,""cross_role_calibration"":{""reference"":""pitcher_kbo_core_5"",""percentile"":0.6972,""raw_core_average"":11.8,""target_core_average"":12,""calibrated_core_average"":12}}"
"2025","55004","KBO-55004","KT 위즈","박민석","OF","FUTURES","-2","97","82","4","","","5","5","5","6","7","1","8","9","0.3657","0.3341","0.4230","0.4051","0.3814","0.5392","0.4025","0.2695","0.1179","0.0111","0.1114","0.1787","0.0995","0.5684","","","low","low","futures_contact_k_proxy","0","kbo-hitter-abilities-v7-cross-role-calibrated","9","9","9","9","9","8","5","9","POSITION_PRIOR","very_low","0","외야수","","","","0","kbo-hitter-abilities-v7-cross-role-calibrated","","","","","","low","{""level"":""FUTURES"",""PA"":97,""reliability"":0.3502,""advanced_match"":false,""contact_components"":{""avgPct"":0.46774193548387094,""kGoodPct"":0.467741935483871,""wrcPct"":0.5,""babipPct"":0.5},""power_components"":{""isoPct"":0.3387096774193548,""hrPct"":0.16129032258064516,""xbhPct"":0.3387096774193548,""wrcPct"":0.5},""discipline_components"":{""bbPct"":0.3709677419354839,""bbkPct"":0.5,""obpGapPct"":0.4032258064516129},""defense"":{""position"":"""",""innings"":0,""SFR"":null},""salary_prior"":null,""salary_support"":0,""cross_role_calibration"":{""reference"":""pitcher_futures_core_5"",""percentile"":0.1452,""raw_core_average"":8.2,""target_core_average"":5.59,""calibrated_core_average"":5.6}}"
"2025","69056","KBO-69056","KT 위즈","박민석","IF","KBO","0","21","19","1","1","0","10","10","10","10","11","1","11","11","0.5273","0.5228","0.5247","0.5241","0.5125","0.5446","0.4652","0.2623","0.1314","0.0174","0.0921","0.1952","0.0896","0.6807","0.0410","0.0036","very_low","low","kbo_pitcher_type_splits","19","kbo-hitter-abilities-v7-cross-role-calibrated","11","11","11","10","11","11","8","11","KBO","low","55.3","유격수","","","","0","kbo-hitter-abilities-v7-cross-role-calibrated","","","","","","very_low","{""level"":""KBO"",""PA"":21,""reliability"":0.1489,""advanced_match"":false,""contact_components"":{""avgPct"":0.6742957746478874,""kGoodPct"":0.6426056338028169,""wrcPct"":0.5,""babipPct"":0.5},""power_components"":{""isoPct"":0.8362676056338029,""hrPct"":0.18661971830985916,""xbhPct"":0.8362676056338029,""wrcPct"":0.5},""discipline_components"":{""bbPct"":0.6637323943661971,""bbkPct"":0.7165492957746479,""obpGapPct"":0.5017605633802817},""defense"":{""position"":""유격수"",""innings"":55.3,""SFR"":null},""salary_prior"":null,""salary_support"":0,""cross_role_calibration"":{""reference"":""pitcher_kbo_core_5"",""percentile"":0.4313,""raw_core_average"":11,""target_core_average"":10.2,""calibrated_core_average"":10.2}}"
"2025","64166","KBO-64166","KT 위즈","배정대","OF","KBO","0","276","240","9","2","0","7","9","7","7","7","1","14","11","0.1856","0.2880","0.2661","0.3307","0.3593","0.7222","0.4131","0.2212","0.0989","0.0109","0.0748","0.2250","0.1065","0.7099","0.0271","0.0017","medium","medium","kbo_pitcher_type_splits","240","kbo-hitter-abilities-v7-cross-role-calibrated","10","11","11","12","10","10","11","12","KBO","high","617.3","중견수","34000","team_top_salary","11.35","1","kbo-hitter-abilities-v7-cross-role-calibrated","973439","58.1","-6","0.05","https://www.kbofancystats.com/teams/ktwiz/","medium","{""level"":""KBO"",""PA"":276,""reliability"":0.697,""advanced_match"":true,""contact_components"":{""avgPct"":0.3591549295774648,""kGoodPct"":0.4665492957746479,""wrcPct"":0.3037974683544304,""babipPct"":0.30168776371308015},""power_components"":{""isoPct"":0.5158450704225352,""hrPct"":0.4524647887323944,""xbhPct"":0.5158450704225352,""wrcPct"":0.3037974683544304},""discipline_components"":{""bbPct"":0.3996478873239437,""bbkPct"":0.40316901408450706,""obpGapPct"":0.5686619718309859},""defense"":{""position"":""중견수"",""innings"":617.3,""SFR"":-6},""salary_prior"":11.351343805589538,""salary_support"":0,""cross_role_calibration"":{""reference"":""pitcher_kbo_core_5"",""percentile"":0.0951,""raw_core_average"":10.2,""target_core_average"":7.4,""calibrated_core_average"":7.4}}"
"2025","64012","KBO-64012","KT 위즈","송민섭","OF","FUTURES","-2","28","24","0","","","9","7","7","7","9","1","8","8","0.4965","0.4844","0.5008","0.4380","0.4731","0.4851","0.5000","0.2907","0.1409","0.0171","0.1167","0.1891","0.0698","0.6957","","","very_low","low","futures_contact_k_proxy","0","kbo-hitter-abilities-v7-cross-role-calibrated","9","9","8","9","9","8","10","9","KBO","low","4","우익수","","","","0","kbo-hitter-abilities-v7-cross-role-calibrated","","","","","","very_low","{""level"":""FUTURES"",""PA"":28,""reliability"":0.1346,""advanced_match"":false,""contact_components"":{""avgPct"":0.7903225806451613,""kGoodPct"":0.16129032258064513,""wrcPct"":0.5,""babipPct"":0.5},""power_components"":{""isoPct"":0.5,""hrPct"":0.16129032258064516,""xbhPct"":0.5,""wrcPct"":0.5},""discipline_components"":{""bbPct"":0.5,""bbkPct"":0.24193548387096775,""obpGapPct"":0.46774193548387094},""defense"":{""position"":""우익수"",""innings"":4,""SFR"":null},""salary_prior"":null,""salary_support"":0,""cross_role_calibration"":{""reference"":""pitcher_futures_core_5"",""percentile"":0.371,""raw_core_average"":8.4,""target_core_average"":7.8,""calibrated_core_average"":7.8}}"
"2025","55013","KBO-55013","KT 위즈","스티븐슨","OF","KBO","0","168","149","2","5","1","11","14","12","11","11","1","11","11","0.5959","0.6303","0.4702","0.3157","0.5140","0.3530","0.4234","0.2619","0.1351","0.0190","0.0864","0.2336","0.0587","0.7906","0.0609","0.0116","medium","medium","kbo_pitcher_type_splits","149","kbo-hitter-abilities-v7-cross-role-calibrated","10","9","11","9","10","11","10","11","KBO","medium","334.7","중견수","","","","0","kbo-hitter-abilities-v7-cross-role-calibrated","","","","","","medium","{""level"":""KBO"",""PA"":168,""reliability"":0.5833,""advanced_match"":false,""contact_components"":{""avgPct"":0.6619718309859155,""kGoodPct"":0.36795774647887325,""wrcPct"":0.5,""babipPct"":0.5},""power_components"":{""isoPct"":0.772887323943662,""hrPct"":0.6725352112676056,""xbhPct"":0.772887323943662,""wrcPct"":0.5},""discipline_components"":{""bbPct"":0.5616197183098591,""bbkPct"":0.4665492957746479,""obpGapPct"":0.6408450704225352},""defense"":{""position"":""중견수"",""innings"":334.7,""SFR"":null},""salary_prior"":null,""salary_support"":0,""cross_role_calibration"":{""reference"":""pitcher_kbo_core_5"",""percentile"":0.6585,""raw_core_average"":11.6,""target_core_average"":11.8,""calibrated_core_average"":11.8}}"
"2025","67006","KBO-67006","KT 위즈","안치영","OF","KBO","0","56","44","2","0","0","10","10","10","10","11","1","11","11","0.4779","0.5040","0.4589","0.4716","0.4823","0.5337","0.4790","0.2515","0.1156","0.0199","0.0843","0.2091","0.0925","0.6240","0.0202","0.0031","low","low","kbo_pitcher_type_splits","44","kbo-hitter-abilities-v7-cross-role-calibrated","12","12","10","12","11","11","9","11","KBO","low","142","좌익수","","","","0","kbo-hitter-abilities-v7-cross-role-calibrated","1403535","72.5","2.3","0.14","https://www.kbofancystats.com/teams/ktwiz/","low","{""level"":""KBO"",""PA"":56,""reliability"":0.3182,""advanced_match"":true,""contact_components"":{""avgPct"":0.4454225352112676,""kGoodPct"":0.477112676056338,""wrcPct"":0.41561181434599154,""babipPct"":0.38396624472573837},""power_components"":{""isoPct"":0.5422535211267606,""hrPct"":0.6725352112676056,""xbhPct"":0.5404929577464789,""wrcPct"":0.41561181434599154},""discipline_components"":{""bbPct"":0.4278169014084507,""bbkPct"":0.43661971830985913,""obpGapPct"":0.8151408450704225},""defense"":{""position"":""좌익수"",""innings"":142,""SFR"":2.3},""salary_prior"":null,""salary_support"":0,""cross_role_calibration"":{""reference"":""pitcher_kbo_core_5"",""percentile"":0.4313,""raw_core_average"":11,""target_core_average"":10.2,""calibrated_core_average"":10.2}}"
"2025","52001","KBO-52001","KT 위즈","안현민","OF","KBO","0","482","395","8","3","2","18","19","19","17","17","1","13","12","0.8920","0.8853","0.9097","0.8310","0.7535","0.4343","0.6336","0.3196","0.2134","0.0414","0.1446","0.1574","0.0496","0.8049","0.0178","0.0090","high","high","kbo_pitcher_type_splits","395","kbo-hitter-abilities-v7-cross-role-calibrated","13","9","14","6","12","15","9","12","KBO","high","789.3","우익수","","","","0","kbo-hitter-abilities-v7-cross-role-calibrated","1672607","178.2","6","7.28","https://www.kbofancystats.com/teams/ktwiz/","high","{""level"":""KBO"",""PA"":482,""reliability"":0.8007,""advanced_match"":true,""contact_components"":{""avgPct"":0.9524647887323944,""kGoodPct"":0.8327464788732395,""wrcPct"":0.9767932489451476,""babipPct"":0.8586497890295358},""power_components"":{""isoPct"":0.9524647887323944,""hrPct"":0.9348591549295775,""xbhPct"":0.9524647887323944,""wrcPct"":0.9767932489451476},""discipline_components"":{""bbPct"":0.9383802816901409,""bbkPct"":0.977112676056338,""obpGapPct"":0.8820422535211268},""defense"":{""position"":""우익수"",""innings"":789.3,""SFR"":6},""salary_prior"":null,""salary_support"":0,""cross_role_calibration"":{""reference"":""pitcher_kbo_core_5"",""percentile"":0.9982,""raw_core_average"":16,""target_core_average"":17.92,""calibrated_core_average"":18}}"
"2025","55005","KBO-55005","KT 위즈","오서진","IF","FUTURES","-2","170","155","4","","","11","8","6","11","10","1","9","9","0.6149","0.3572","0.1909","0.7267","0.6596","0.5486","0.5509","0.3022","0.1273","0.0155","0.0776","0.1452","0.0772","0.7112","","","medium","medium","futures_contact_k_proxy","0","kbo-hitter-abilities-v7-cross-role-calibrated","9","8","8","8","9","8","5","10","KBO","low","4.3","유격수","","","","0","kbo-hitter-abilities-v7-cross-role-calibrated","","","","","","medium","{""level"":""FUTURES"",""PA"":170,""reliability"":0.4857,""advanced_match"":false,""contact_components"":{""avgPct"":0.9193548387096774,""kGoodPct"":0.8548387096774194,""wrcPct"":0.5,""babipPct"":0.5},""power_components"":{""isoPct"":0.46774193548387094,""hrPct"":0.4032258064516129,""xbhPct"":0.46774193548387094,""wrcPct"":0.5},""discipline_components"":{""bbPct"":0.016129032258064516,""bbkPct"":0.20967741935483872,""obpGapPct"":0.016129032258064516},""defense"":{""position"":""유격수"",""innings"":4.3,""SFR"":null},""salary_prior"":null,""salary_support"":0,""cross_role_calibration"":{""reference"":""pitcher_futures_core_5"",""percentile"":0.5645,""raw_core_average"":8.6,""target_core_average"":9.23,""calibrated_core_average"":9.2}}"
"2025","64504","KBO-64504","KT 위즈","오윤석","IF","KBO","0","184","156","0","3","0","10","7","8","9","9","1","10","9","0.5483","0.2597","0.2844","0.4122","0.5052","0.4054","0.4556","0.2586","0.0884","0.0074","0.0744","0.2134","0.0377","0.7488","0.0398","0.0019","medium","medium","kbo_pitcher_type_splits","156","kbo-hitter-abilities-v7-cross-role-calibrated","13","14","9","13","12","11","11","10","KBO","medium","406.7","2루수","","","","0","kbo-hitter-abilities-v7-cross-role-calibrated","975066","80.2","0.8","0.63","https://www.kbofancystats.com/teams/ktwiz/","medium","{""level"":""KBO"",""PA"":184,""reliability"":0.6053,""advanced_match"":true,""contact_components"":{""avgPct"":0.6267605633802817,""kGoodPct"":0.5158450704225352,""wrcPct"":0.4957805907172996,""babipPct"":0.7805907172995781},""power_components"":{""isoPct"":0.3785211267605634,""hrPct"":0.18661971830985916,""xbhPct"":0.375,""wrcPct"":0.4957805907172996},""discipline_components"":{""bbPct"":0.3714788732394366,""bbkPct"":0.4084507042253521,""obpGapPct"":0.6408450704225352},""defense"":{""position"":""2루수"",""innings"":406.7,""SFR"":0.8},""salary_prior"":null,""salary_support"":0,""cross_role_calibration"":{""reference"":""pitcher_kbo_core_5"",""percentile"":0.2113,""raw_core_average"":10.6,""target_core_average"":8.6,""calibrated_core_average"":8.6}}"
"2025","75334","KBO-75334","KT 위즈","오재일","IF","FUTURES","-2","65","57","0","","","5","5","5","6","7","1","8","9","0.3337","0.3485","0.4785","0.3868","0.3549","0.4340","0.5000","0.2487","0.1049","0.0133","0.1148","0.1891","0.0626","0.6957","","","low","low","futures_contact_k_proxy","0","kbo-hitter-abilities-v7-cross-role-calibrated","9","9","9","9","9","8","11","9","POSITION_PRIOR","very_low","0","내야수","","","","0","kbo-hitter-abilities-v7-cross-role-calibrated","","","","","","low","{""level"":""FUTURES"",""PA"":65,""reliability"":0.2653,""advanced_match"":false,""contact_components"":{""avgPct"":0.1774193548387097,""kGoodPct"":0.33870967741935487,""wrcPct"":0.5,""babipPct"":0.5},""power_components"":{""isoPct"":0.1774193548387097,""hrPct"":0.16129032258064516,""xbhPct"":0.1774193548387097,""wrcPct"":0.5},""discipline_components"":{""bbPct"":0.532258064516129,""bbkPct"":0.3548387096774194,""obpGapPct"":0.5},""defense"":{""position"":"""",""innings"":0,""SFR"":null},""salary_prior"":null,""salary_support"":0,""cross_role_calibration"":{""reference"":""pitcher_futures_core_5"",""percentile"":0.1452,""raw_core_average"":8.2,""target_core_average"":5.59,""calibrated_core_average"":5.6}}"
"2025","51013","KBO-51013","KT 위즈","유준규","OF","KBO","0","41","34","3","1","0","8","8","11","8","8","1","12","11","0.3923","0.4547","0.6183","0.4166","0.4286","0.5388","0.4493","0.2255","0.1093","0.0149","0.1145","0.2313","0.1165","0.7298","0.0383","0.0034","low","low","kbo_pitcher_type_splits","34","kbo-hitter-abilities-v7-cross-role-calibrated","11","11","12","12","11","11","8","10","KBO","low","79.3","좌익수","","","","0","kbo-hitter-abilities-v7-cross-role-calibrated","1656271","39.9","-1.5","-0.15","https://www.kbofancystats.com/teams/ktwiz/","low","{""level"":""KBO"",""PA"":41,""reliability"":0.2547,""advanced_match"":true,""contact_components"":{""avgPct"":0.12323943661971831,""kGoodPct"":0.17781690140845074,""wrcPct"":0.2088607594936709,""babipPct"":0.12447257383966245},""power_components"":{""isoPct"":0.3397887323943662,""hrPct"":0.18661971830985916,""xbhPct"":0.34507042253521125,""wrcPct"":0.2088607594936709},""discipline_components"":{""bbPct"":0.9630281690140845,""bbkPct"":0.7517605633802817,""obpGapPct"":0.971830985915493},""defense"":{""position"":""좌익수"",""innings"":79.3,""SFR"":-1.5},""salary_prior"":null,""salary_support"":0,""cross_role_calibration"":{""reference"":""pitcher_kbo_core_5"",""percentile"":0.2113,""raw_core_average"":10.6,""target_core_average"":8.6,""calibrated_core_average"":8.6}}"
"2025","50092","KBO-50092","KT 위즈","윤준혁","IF","KBO","0","18","17","1","0","0","7","9","7","9","7","1","11","11","0.4478","0.4964","0.4597","0.4895","0.4730","0.5045","0.5129","0.2326","0.1166","0.0178","0.0775","0.2086","0.1001","0.7716","0.0262","0.0040","very_low","low","kbo_pitcher_type_splits","17","kbo-hitter-abilities-v7-cross-role-calibrated","11","11","12","11","11","11","8","11","KBO","low","39","1루수","","","","0","kbo-hitter-abilities-v7-cross-role-calibrated","1652103","-60.4","0.8","-0.19","https://www.kbofancystats.com/teams/ncdinos/","very_low","{""level"":""KBO"",""PA"":18,""reliability"":0.1304,""advanced_match"":true,""contact_components"":{""avgPct"":0.07746478873239436,""kGoodPct"":0.30809859154929575,""wrcPct"":0.04008438818565401,""babipPct"":0.05063291139240506},""power_components"":{""isoPct"":0.3485915492957746,""hrPct"":0.18661971830985916,""xbhPct"":0.34507042253521125,""wrcPct"":0.04008438818565401},""discipline_components"":{""bbPct"":0.07746478873239436,""bbkPct"":0.07746478873239436,""obpGapPct"":0.06866197183098592},""defense"":{""position"":""1루수"",""innings"":39,""SFR"":0.8},""salary_prior"":null,""salary_support"":0,""cross_role_calibration"":{""reference"":""pitcher_kbo_core_5"",""percentile"":0.1479,""raw_core_average"":10.4,""target_core_average"":7.8,""calibrated_core_average"":7.8}}"
"2025","67644","KBO-67644","KT 위즈","이정훈","OF","KBO","0","148","132","1","0","0","10","13","11","8","9","1","10","11","0.5711","0.6037","0.5221","0.2174","0.4682","0.3475","0.5611","0.2595","0.1235","0.0246","0.0893","0.2726","0.0532","0.6807","0.0139","0.0021","medium","medium","kbo_pitcher_type_splits","132","kbo-hitter-abilities-v7-cross-role-calibrated","11","11","10","11","10","11","10","11","KBO","low","141","좌익수","","","","0","kbo-hitter-abilities-v7-cross-role-calibrated","1403043","102.5","-2.4","0.59","https://www.kbofancystats.com/teams/ktwiz/","medium","{""level"":""KBO"",""PA"":148,""reliability"":0.5522,""advanced_match"":true,""contact_components"":{""avgPct"":0.6355633802816901,""kGoodPct"":0.17429577464788737,""wrcPct"":0.7109704641350211,""babipPct"":0.8860759493670886},""power_components"":{""isoPct"":0.6883802816901409,""hrPct"":0.8063380281690141,""xbhPct"":0.6901408450704225,""wrcPct"":0.7109704641350211},""discipline_components"":{""bbPct"":0.5933098591549296,""bbkPct"":0.375,""obpGapPct"":0.6602112676056338},""defense"":{""position"":""좌익수"",""innings"":141,""SFR"":-2.4},""salary_prior"":null,""salary_support"":0,""cross_role_calibration"":{""reference"":""pitcher_kbo_core_5"",""percentile"":0.4313,""raw_core_average"":11,""target_core_average"":10.2,""calibrated_core_average"":10.2}}"
"2025","68504","KBO-68504","KT 위즈","이호연","IF","KBO","0","75","70","0","2","0","14","12","9","12","13","1","10","10","0.6805","0.5713","0.3348","0.5807","0.6035","0.4036","0.4618","0.2954","0.1332","0.0177","0.0694","0.1921","0.0533","0.7488","0.0433","0.0027","low","low","kbo_pitcher_type_splits","70","kbo-hitter-abilities-v7-cross-role-calibrated","10","10","11","10","10","11","10","11","KBO","low","116.7","1루수","","","","0","kbo-hitter-abilities-v7-cross-role-calibrated","1616865","135.1","-5","0.45","https://www.kbofancystats.com/teams/kiatigers/","low","{""level"":""KBO"",""PA"":75,""reliability"":0.3846,""advanced_match"":true,""contact_components"":{""avgPct"":0.9665492957746479,""kGoodPct"":0.6672535211267605,""wrcPct"":0.8966244725738397,""babipPct"":0.9514767932489452},""power_components"":{""isoPct"":0.7816901408450704,""hrPct"":0.5809859154929577,""xbhPct"":0.7816901408450704,""wrcPct"":0.8966244725738397},""discipline_components"":{""bbPct"":0.22183098591549297,""bbkPct"":0.3028169014084507,""obpGapPct"":0.19190140845070422},""defense"":{""position"":""1루수"",""innings"":116.7,""SFR"":-5},""salary_prior"":null,""salary_support"":0,""cross_role_calibration"":{""reference"":""pitcher_kbo_core_5"",""percentile"":0.6972,""raw_core_average"":11.8,""target_core_average"":12,""calibrated_core_average"":12}}"
"2025","78548","KBO-78548","KT 위즈","장성우","C","KBO","0","480","413","1","4","0","13","15","15","11","11","1","9","9","0.4305","0.7412","0.8133","0.5656","0.5264","0.1371","0.4807","0.2499","0.1319","0.0278","0.1106","0.1993","0.0262","0.6807","0.0274","0.0011","high","high","kbo_pitcher_type_splits","413","kbo-hitter-abilities-v7-cross-role-calibrated","10","10","9","10","10","13","15","10","KBO","high","836.7","포수","50000","team_top_salary","12.05","0","kbo-hitter-abilities-v7-cross-role-calibrated","10332","98.7","-2.1","3.33","https://www.kbofancystats.com/teams/ktwiz/","high","{""level"":""KBO"",""PA"":480,""reliability"":0.8,""advanced_match"":true,""contact_components"":{""avgPct"":0.5704225352112676,""kGoodPct"":0.5915492957746479,""wrcPct"":0.6286919831223629,""babipPct"":0.3628691983122363},""power_components"":{""isoPct"":0.7482394366197183,""hrPct"":0.8257042253521126,""xbhPct"":0.7482394366197183,""wrcPct"":0.6286919831223629},""discipline_components"":{""bbPct"":0.7658450704225352,""bbkPct"":0.7869718309859155,""obpGapPct"":0.7147887323943662},""defense"":{""position"":""포수"",""innings"":836.7,""SFR"":-2.1},""salary_prior"":12.04683549124502,""salary_support"":0,""cross_role_calibration"":{""reference"":""pitcher_kbo_core_5"",""percentile"":0.7729,""raw_core_average"":12.4,""target_core_average"":13,""calibrated_core_average"":13}}"
"2025","64115","KBO-64115","KT 위즈","장준원","IF","KBO","0","154","140","0","0","1","7","5","6","8","7","1","9","10","0.2771","0.2546","0.2534","0.6612","0.4305","0.3460","0.5235","0.2301","0.0777","0.0122","0.0675","0.1835","0.0477","0.7488","0.0155","0.0140","medium","medium","kbo_pitcher_type_splits","140","kbo-hitter-abilities-v7-cross-role-calibrated","11","14","13","14","11","10","10","10","KBO","medium","421.7","유격수","","","","0","kbo-hitter-abilities-v7-cross-role-calibrated","973434","36","-3.1","-0.22","https://www.kbofancystats.com/teams/ktwiz/","medium","{""level"":""KBO"",""PA"":154,""reliability"":0.562,""advanced_match"":true,""contact_components"":{""avgPct"":0.3644366197183099,""kGoodPct"":0.7341549295774648,""wrcPct"":0.20464135021097046,""babipPct"":0.22573839662447256},""power_components"":{""isoPct"":0.2975352112676056,""hrPct"":0.44190140845070425,""xbhPct"":0.29401408450704225,""wrcPct"":0.20464135021097046},""discipline_components"":{""bbPct"":0.27992957746478875,""bbkPct"":0.42077464788732394,""obpGapPct"":0.22183098591549297},""defense"":{""position"":""유격수"",""innings"":421.7,""SFR"":-3.1},""salary_prior"":null,""salary_support"":0,""cross_role_calibration"":{""reference"":""pitcher_kbo_core_5"",""percentile"":0.0335,""raw_core_average"":9.8,""target_core_average"":6.6,""calibrated_core_average"":6.6}}"
"2025","66706","KBO-66706","KT 위즈","장진혁","OF","KBO","0","157","139","1","0","1","7","11","9","8","8","1","12","12","0.2819","0.6170","0.4602","0.2451","0.3646","0.4891","0.5398","0.2310","0.1240","0.0237","0.0862","0.2553","0.0580","0.7716","0.0152","0.0137","medium","medium","kbo_pitcher_type_splits","139","kbo-hitter-abilities-v7-cross-role-calibrated","13","11","13","10","13","11","11","12","KBO","medium","345.3","좌익수","","","","0","kbo-hitter-abilities-v7-cross-role-calibrated","1218058","64.5","6","0.53","https://www.kbofancystats.com/teams/ktwiz/","medium","{""level"":""KBO"",""PA"":157,""reliability"":0.5668,""advanced_match"":true,""contact_components"":{""avgPct"":0.375,""kGoodPct"":0.24823943661971826,""wrcPct"":0.33544303797468356,""babipPct"":0.33122362869198313},""power_components"":{""isoPct"":0.6954225352112676,""hrPct"":0.7834507042253521,""xbhPct"":0.6954225352112676,""wrcPct"":0.33544303797468356},""discipline_components"":{""bbPct"":0.551056338028169,""bbkPct"":0.3855633802816901,""obpGapPct"":0.4665492957746479},""defense"":{""position"":""좌익수"",""innings"":345.3,""SFR"":6},""salary_prior"":null,""salary_support"":0,""cross_role_calibration"":{""reference"":""pitcher_kbo_core_5"",""percentile"":0.2113,""raw_core_average"":10.6,""target_core_average"":8.6,""calibrated_core_average"":8.6}}"
"2025","68089","KBO-68089","KT 위즈","조대현","C","KBO","0","90","75","0","0","0","7","7","9","9","7","1","10","11","0.3348","0.3574","0.4525","0.4108","0.4047","0.4102","0.5359","0.2298","0.0951","0.0111","0.0850","0.2190","0.0562","0.7488","0.0183","0.0028","low","low","kbo_pitcher_type_splits","75","kbo-hitter-abilities-v7-cross-role-calibrated","10","9","10","8","10","11","9","10","KBO","low","246.7","포수","","","","0","kbo-hitter-abilities-v7-cross-role-calibrated","1617207","40.5","0.1","0.08","https://www.kbofancystats.com/teams/ktwiz/","low","{""level"":""KBO"",""PA"":90,""reliability"":0.4286,""advanced_match"":true,""contact_components"":{""avgPct"":0.2482394366197183,""kGoodPct"":0.43838028169014087,""wrcPct"":0.21308016877637131,""babipPct"":0.29324894514767935},""power_components"":{""isoPct"":0.323943661971831,""hrPct"":0.18661971830985916,""xbhPct"":0.3257042253521127,""wrcPct"":0.21308016877637131},""discipline_components"":{""bbPct"":0.5017605633802817,""bbkPct"":0.448943661971831,""obpGapPct"":0.727112676056338},""defense"":{""position"":""포수"",""innings"":246.7,""SFR"":0.1},""salary_prior"":null,""salary_support"":0,""cross_role_calibration"":{""reference"":""pitcher_kbo_core_5"",""percentile"":0.1479,""raw_core_average"":10.4,""target_core_average"":7.8,""calibrated_core_average"":7.8}}"
"2025","51007","KBO-51007","KT 위즈","최성민","OF","KBO","0","21","19","1","0","0","7","7","7","9","9","1","11","12","0.4505","0.4742","0.4786","0.5018","0.4752","0.5112","0.5131","0.2371","0.1062","0.0174","0.0838","0.2034","0.0963","0.7716","0.0252","0.0039","very_low","low","kbo_pitcher_type_splits","19","kbo-hitter-abilities-v7-cross-role-calibrated","11","11","11","10","11","11","8","11","KBO","low","72.7","우익수","","","","0","kbo-hitter-abilities-v7-cross-role-calibrated","2238582","-28.9","1.4","-0.12","https://www.kbofancystats.com/teams/ktwiz/","very_low","{""level"":""KBO"",""PA"":21,""reliability"":0.1489,""advanced_match"":true,""contact_components"":{""avgPct"":0.11619718309859155,""kGoodPct"":0.45070422535211263,""wrcPct"":0.04852320675105485,""babipPct"":0.08227848101265822},""power_components"":{""isoPct"":0.11091549295774648,""hrPct"":0.18661971830985916,""xbhPct"":0.11091549295774648,""wrcPct"":0.04852320675105485},""discipline_components"":{""bbPct"":0.24119718309859156,""bbkPct"":0.2676056338028169,""obpGapPct"":0.24119718309859156},""defense"":{""position"":""우익수"",""innings"":72.7,""SFR"":1.4},""salary_prior"":null,""salary_support"":0,""cross_role_calibration"":{""reference"":""pitcher_kbo_core_5"",""percentile"":0.1479,""raw_core_average"":10.4,""target_core_average"":7.8,""calibrated_core_average"":7.8}}"
"2025","79240","KBO-79240","KT 위즈","허경민","IF","KBO","0","481","420","5","4","0","17","12","14","16","15","1","11","12","0.7915","0.1663","0.3849","0.9125","0.6934","0.1789","0.6147","0.2793","0.0820","0.0105","0.0829","0.0940","0.0416","0.7658","0.0244","0.0009","high","high","kbo_pitcher_type_splits","420","kbo-hitter-abilities-v7-cross-role-calibrated","8","10","9","13","9","13","14","11","KBO","high","936.3","3루수","30000","team_top_salary","11.13","0","kbo-hitter-abilities-v7-cross-role-calibrated","10386","103.6","-6.4","2.94","https://www.kbofancystats.com/teams/ktwiz/","high","{""level"":""KBO"",""PA"":481,""reliability"":0.8003,""advanced_match"":true,""contact_components"":{""avgPct"":0.7992957746478874,""kGoodPct"":0.9559859154929577,""wrcPct"":0.7236286919831224,""babipPct"":0.4641350210970464},""power_components"":{""isoPct"":0.4507042253521127,""hrPct"":0.477112676056338,""xbhPct"":0.4454225352112676,""wrcPct"":0.7236286919831224},""discipline_components"":{""bbPct"":0.522887323943662,""bbkPct"":0.9876760563380281,""obpGapPct"":0.6408450704225352},""defense"":{""position"":""3루수"",""innings"":936.3,""SFR"":-6.4},""salary_prior"":11.125628498537262,""salary_support"":0,""cross_role_calibration"":{""reference"":""pitcher_kbo_core_5"",""percentile"":0.8926,""raw_core_average"":13.6,""target_core_average"":14.8,""calibrated_core_average"":14.8}}"
"2025","76313","KBO-76313","KT 위즈","황재균","IF","KBO","0","424","385","4","6","0","14","12","11","14","14","1","11","11","0.7446","0.3834","0.3761","0.5784","0.6504","0.2147","0.4855","0.2726","0.1085","0.0174","0.0823","0.1977","0.0438","0.7491","0.0397","0.0011","medium","high","kbo_pitcher_type_splits","385","kbo-hitter-abilities-v7-cross-role-calibrated","10","10","12","10","10","13","15","11","KBO","high","845.3","1루수","50000","team_top_salary","12.05","0","kbo-hitter-abilities-v7-cross-role-calibrated","","","","","","medium","{""level"":""KBO"",""PA"":424,""reliability"":0.7794,""advanced_match"":false,""contact_components"":{""avgPct"":0.7605633802816901,""kGoodPct"":0.6038732394366197,""wrcPct"":0.5,""babipPct"":0.5},""power_components"":{""isoPct"":0.6073943661971831,""hrPct"":0.6461267605633803,""xbhPct"":0.6038732394366197,""wrcPct"":0.5},""discipline_components"":{""bbPct"":0.5193661971830986,""bbkPct"":0.5933098591549296,""obpGapPct"":0.4154929577464789},""defense"":{""position"":""1루수"",""innings"":845.3,""SFR"":null},""salary_prior"":12.04683549124502,""salary_support"":0,""cross_role_calibration"":{""reference"":""pitcher_kbo_core_5"",""percentile"":0.7729,""raw_core_average"":12.4,""target_core_average"":13,""calibrated_core_average"":13}}"
"2025","69100","KBO-69100","LG 트윈스","구본혁","IF","KBO","0","397","343","15","2","1","16","10","13","16","13","1","14","11","0.7903","0.1508","0.5914","0.8727","0.6863","0.7414","0.4270","0.2804","0.0805","0.0062","0.0908","0.1280","0.1011","0.6995","0.0176","0.0064","high","high","kbo_pitcher_type_splits","343","kbo-hitter-abilities-v7-cross-role-calibrated","13","14","16","15","14","13","10","11","KBO","high","880.3","3루수","","","","0","kbo-hitter-abilities-v7-cross-role-calibrated","1631625","98.8","1.4","2.6","https://www.kbofancystats.com/teams/lgtwins/","high","{""level"":""KBO"",""PA"":397,""reliability"":0.7679,""advanced_match"":true,""contact_components"":{""avgPct"":0.8169014084507042,""kGoodPct"":0.9172535211267605,""wrcPct"":0.6350210970464135,""babipPct"":0.6223628691983122},""power_components"":{""isoPct"":0.39436619718309857,""hrPct"":0.3855633802816901,""xbhPct"":0.3961267605633803,""wrcPct"":0.6350210970464135},""discipline_components"":{""bbPct"":0.6144366197183099,""bbkPct"":0.9049295774647887,""obpGapPct"":0.6091549295774648},""defense"":{""position"":""3루수"",""innings"":880.3,""SFR"":1.4},""salary_prior"":null,""salary_support"":0,""cross_role_calibration"":{""reference"":""pitcher_kbo_core_5"",""percentile"":0.8486,""raw_core_average"":13.2,""target_core_average"":13.55,""calibrated_core_average"":13.6}}"
"2025","64793","KBO-64793","LG 트윈스","김민수","IF","FUTURES","-2","38","27","0","","","11","10","11","11","11","1","8","9","0.5325","0.4489","0.4900","0.5030","0.5207","0.4581","0.5000","0.2996","0.1297","0.0159","0.1155","0.1681","0.0635","0.6957","","","low","low","futures_contact_k_proxy","0","kbo-hitter-abilities-v7-cross-role-calibrated","9","9","9","9","9","9","10","9","POSITION_PRIOR","very_low","0","포수","","","","0","kbo-hitter-abilities-v7-cross-role-calibrated","","","","","","low","{""level"":""FUTURES"",""PA"":38,""reliability"":0.1743,""advanced_match"":false,""contact_components"":{""avgPct"":0.9838709677419355,""kGoodPct"":0.6935483870967742,""wrcPct"":0.5,""babipPct"":0.5},""power_components"":{""isoPct"":0.24193548387096775,""hrPct"":0.16129032258064516,""xbhPct"":0.24193548387096775,""wrcPct"":0.5},""discipline_components"":{""bbPct"":0.46774193548387094,""bbkPct"":0.5967741935483871,""obpGapPct"":0.8870967741935484},""defense"":{""position"":"""",""innings"":0,""SFR"":null},""salary_prior"":null,""salary_support"":0,""cross_role_calibration"":{""reference"":""pitcher_futures_core_5"",""percentile"":0.7097,""raw_core_average"":8.8,""target_core_average"":10.8,""calibrated_core_average"":10.8}}"
"2025","53144","KBO-53144","LG 트윈스","김범석","C","FUTURES","-2","49","42","2","","","8","10","10","8","10","1","8","9","0.4054","0.5751","0.5706","0.3924","0.4002","0.5301","0.5458","0.2680","0.1582","0.0281","0.1271","0.1960","0.0978","0.7464","","","low","low","futures_contact_k_proxy","0","kbo-hitter-abilities-v7-cross-role-calibrated","9","9","9","9","9","9","6","9","POSITION_PRIOR","very_low","0","내야수","","","","0","kbo-hitter-abilities-v7-cross-role-calibrated","","","","","","low","{""level"":""FUTURES"",""PA"":49,""reliability"":0.214,""advanced_match"":false,""contact_components"":{""avgPct"":0.3064516129032258,""kGoodPct"":0.24193548387096775,""wrcPct"":0.5,""babipPct"":0.5},""power_components"":{""isoPct"":0.8225806451612904,""hrPct"":0.8870967741935484,""xbhPct"":0.8225806451612904,""wrcPct"":0.5},""discipline_components"":{""bbPct"":0.7419354838709677,""bbkPct"":0.532258064516129,""obpGapPct"":0.7258064516129032},""defense"":{""position"":"""",""innings"":0,""SFR"":null},""salary_prior"":null,""salary_support"":0,""cross_role_calibration"":{""reference"":""pitcher_futures_core_5"",""percentile"":0.5645,""raw_core_average"":8.6,""target_core_average"":9.23,""calibrated_core_average"":9.2}}"
"2025","52105","KBO-52105","LG 트윈스","김성우","C","KBO","0","5","5","0","0","0","10","10","10","10","11","1","11","11","0.5043","0.5036","0.4988","0.5052","0.5025","0.5037","0.4988","0.2592","0.1204","0.0200","0.0871","0.1963","0.0805","0.7488","0.0262","0.0040","very_low","low","kbo_pitcher_type_splits","5","kbo-hitter-abilities-v7-cross-role-calibrated","11","11","11","11","11","11","7","11","KBO","low","9","포수","","","","0","kbo-hitter-abilities-v7-cross-role-calibrated","","","","","","very_low","{""level"":""KBO"",""PA"":5,""reliability"":0.04,""advanced_match"":false,""contact_components"":{""avgPct"":0.31866197183098594,""kGoodPct"":0.5915492957746479,""wrcPct"":0.5,""babipPct"":0.5},""power_components"":{""isoPct"":0.11091549295774648,""hrPct"":0.18661971830985916,""xbhPct"":0.11091549295774648,""wrcPct"":0.5},""discipline_components"":{""bbPct"":0.07746478873239436,""bbkPct"":0.07746478873239436,""obpGapPct"":0.06866197183098592},""defense"":{""position"":""포수"",""innings"":9,""SFR"":null},""salary_prior"":null,""salary_support"":0,""cross_role_calibration"":{""reference"":""pitcher_kbo_core_5"",""percentile"":0.4313,""raw_core_average"":11,""target_core_average"":10.2,""calibrated_core_average"":10.2}}"
"2025","69105","KBO-69105","LG 트윈스","김성진","IF","FUTURES","-2","231","193","0","","","12","10","11","11","11","1","8","9","0.4856","0.2970","0.5584","0.5812","0.5239","0.1889","0.5000","0.2903","0.1074","0.0187","0.1207","0.1638","0.0309","0.6957","","","medium","medium","futures_contact_k_proxy","0","kbo-hitter-abilities-v7-cross-role-calibrated","9","9","9","9","9","9","8","9","POSITION_PRIOR","very_low","0","내야수","","","","0","kbo-hitter-abilities-v7-cross-role-calibrated","","","","","","medium","{""level"":""FUTURES"",""PA"":231,""reliability"":0.562,""advanced_match"":false,""contact_components"":{""avgPct"":0.7580645161290323,""kGoodPct"":0.6612903225806452,""wrcPct"":0.5,""babipPct"":0.5},""power_components"":{""isoPct"":0.3709677419354839,""hrPct"":0.5,""xbhPct"":0.3709677419354839,""wrcPct"":0.5},""discipline_components"":{""bbPct"":0.5967741935483871,""bbkPct"":0.6612903225806451,""obpGapPct"":0.5967741935483871},""defense"":{""position"":"""",""innings"":0,""SFR"":null},""salary_prior"":null,""salary_support"":0,""cross_role_calibration"":{""reference"":""pitcher_futures_core_5"",""percentile"":0.7903,""raw_core_average"":9,""target_core_average"":11.08,""calibrated_core_average"":11}}"
"2025","66162","KBO-66162","LG 트윈스","김주성","IF","KBO","0","17","15","2","0","0","11","12","11","11","11","1","11","11","0.4970","0.5432","0.4944","0.5361","0.4995","0.5197","0.4572","0.2540","0.1360","0.0265","0.0867","0.1848","0.1131","0.6240","0.0247","0.0038","very_low","low","kbo_pitcher_type_splits","15","kbo-hitter-abilities-v7-cross-role-calibrated","11","11","11","11","11","11","9","11","KBO","low","29","1루수","","","","0","kbo-hitter-abilities-v7-cross-role-calibrated","1216178","93.7","-0.4","-0.04","https://www.kbofancystats.com/teams/lgtwins/","very_low","{""level"":""KBO"",""PA"":17,""reliability"":0.1241,""advanced_match"":true,""contact_components"":{""avgPct"":0.31866197183098594,""kGoodPct"":0.9066901408450704,""wrcPct"":0.5928270042194093,""babipPct"":0.10337552742616034},""power_components"":{""isoPct"":0.9242957746478874,""hrPct"":0.9647887323943662,""xbhPct"":0.920774647887324,""wrcPct"":0.5928270042194093},""discipline_components"":{""bbPct"":0.33098591549295775,""bbkPct"":0.7165492957746479,""obpGapPct"":0.7658450704225352},""defense"":{""position"":""1루수"",""innings"":29,""SFR"":-0.4},""salary_prior"":null,""salary_support"":0,""cross_role_calibration"":{""reference"":""pitcher_kbo_core_5"",""percentile"":0.5687,""raw_core_average"":11.2,""target_core_average"":11.2,""calibrated_core_average"":11.2}}"
"2025","62558","KBO-62558","LG 트윈스","김준태","C","KBO","0","2","1","0","0","0","10","10","10","10","11","1","11","11","0.5026","0.5024","0.5050","0.5036","0.5040","0.5027","0.4985","0.2694","0.1252","0.0206","0.0994","0.1923","0.0789","0.7488","0.0257","0.0040","very_low","low","kbo_pitcher_type_splits","1","kbo-hitter-abilities-v7-cross-role-calibrated","11","11","11","11","11","11","10","11","KBO_NO_FIELDING_SAMPLE","very_low","0","포수","","","","0","kbo-hitter-abilities-v7-cross-role-calibrated","435403","410.1","","0.09","https://www.kbofancystats.com/teams/lgtwins/","very_low","{""level"":""KBO"",""PA"":2,""reliability"":0.0164,""advanced_match"":true,""contact_components"":{""avgPct"":0.9964788732394366,""kGoodPct"":0.9806338028169014,""wrcPct"":0.9957805907172996,""babipPct"":0.9957805907172996},""power_components"":{""isoPct"":0.11091549295774648,""hrPct"":0.18661971830985916,""xbhPct"":0.11091549295774648,""wrcPct"":0.9957805907172996},""discipline_components"":{""bbPct"":0.9947183098591549,""bbkPct"":0.9683098591549296,""obpGapPct"":0.06866197183098592},""defense"":{""position"":"""",""innings"":0,""SFR"":null},""salary_prior"":null,""salary_support"":0,""cross_role_calibration"":{""reference"":""pitcher_kbo_core_5"",""percentile"":0.4313,""raw_core_average"":11,""target_core_average"":10.2,""calibrated_core_average"":10.2}}"
"2025","76290","KBO-76290","LG 트윈스","김현수","OF","KBO","0","552","483","4","4","0","18","16","17","17","16","1","11","13","0.8515","0.6580","0.8354","0.8741","0.7411","0.1271","0.6858","0.2920","0.1246","0.0216","0.1122","0.1420","0.0324","0.8205","0.0213","0.0008","high","high","kbo_pitcher_type_splits","483","kbo-hitter-abilities-v7-cross-role-calibrated","12","11","15","8","10","15","15","11","KBO","high","643.7","좌익수","50000","team_top_salary","12.05","0","kbo-hitter-abilities-v7-cross-role-calibrated","10140","127.1","-4.8","4.19","https://www.kbofancystats.com/teams/ktwiz/","high","{""level"":""KBO"",""PA"":552,""reliability"":0.8214,""advanced_match"":true,""contact_components"":{""avgPct"":0.875,""kGoodPct"":0.8820422535211268,""wrcPct"":0.8586497890295358,""babipPct"":0.6582278481012658},""power_components"":{""isoPct"":0.7024647887323944,""hrPct"":0.7394366197183099,""xbhPct"":0.7059859154929577,""wrcPct"":0.8586497890295358},""discipline_components"":{""bbPct"":0.7834507042253521,""bbkPct"":0.9313380281690141,""obpGapPct"":0.7147887323943662},""defense"":{""position"":""좌익수"",""innings"":643.7,""SFR"":-4.8},""salary_prior"":12.04683549124502,""salary_support"":0,""cross_role_calibration"":{""reference"":""pitcher_kbo_core_5"",""percentile"":0.9648,""raw_core_average"":14.8,""target_core_average"":16.85,""calibrated_core_average"":16.8}}"
"2025","54166","KBO-54166","LG 트윈스","김현종","OF","KBO","0","6","5","0","0","0","10","10","10","10","11","1","11","11","0.5117","0.5094","0.5116","0.5084","0.5101","0.5037","0.4990","0.2687","0.1299","0.0198","0.0957","0.1945","0.0775","0.7488","0.0252","0.0039","very_low","low","kbo_pitcher_type_splits","5","kbo-hitter-abilities-v7-cross-role-calibrated","11","11","11","11","11","11","7","11","KBO","low","17","좌익수","","","","0","kbo-hitter-abilities-v7-cross-role-calibrated","2933481","201.6","-0.8","0.07","https://www.kbofancystats.com/teams/lgtwins/","very_low","{""level"":""KBO"",""PA"":6,""reliability"":0.0476,""advanced_match"":true,""contact_components"":{""avgPct"":0.9735915492957746,""kGoodPct"":0.7764084507042254,""wrcPct"":0.9852320675105485,""babipPct"":0.9725738396624473},""power_components"":{""isoPct"":0.920774647887324,""hrPct"":0.18661971830985916,""xbhPct"":0.920774647887324,""wrcPct"":0.9852320675105485},""discipline_components"":{""bbPct"":0.954225352112676,""bbkPct"":0.9683098591549296,""obpGapPct"":0.8098591549295775},""defense"":{""position"":""좌익수"",""innings"":17,""SFR"":-0.8},""salary_prior"":null,""salary_support"":0,""cross_role_calibration"":{""reference"":""pitcher_kbo_core_5"",""percentile"":0.4313,""raw_core_average"":11,""target_core_average"":10.2,""calibrated_core_average"":10.2}}"
"2025","69102","KBO-69102","LG 트윈스","문보경","IF","KBO","0","607","515","4","3","0","16","18","18","15","17","1","11","12","0.7639","0.8646","0.8975","0.7464","0.6874","0.1744","0.6752","0.2735","0.1750","0.0369","0.1247","0.1805","0.0323","0.7491","0.0173","0.0008","high","high","kbo_pitcher_type_splits","515","kbo-hitter-abilities-v7-cross-role-calibrated","13","12","11","10","11","15","11","12","KBO","high","944","3루수","41000","team_top_salary","11.69","0","kbo-hitter-abilities-v7-cross-role-calibrated","1661064","129.3","-0.3","5.53","https://www.kbofancystats.com/teams/lgtwins/","high","{""level"":""KBO"",""PA"":607,""reliability"":0.8349,""advanced_match"":true,""contact_components"":{""avgPct"":0.7711267605633803,""kGoodPct"":0.7165492957746479,""wrcPct"":0.8713080168776371,""babipPct"":0.4957805907172996},""power_components"":{""isoPct"":0.8996478873239436,""hrPct"":0.9066901408450704,""xbhPct"":0.8996478873239436,""wrcPct"":0.8713080168776371},""discipline_components"":{""bbPct"":0.8785211267605634,""bbkPct"":0.8820422535211268,""obpGapPct"":0.778169014084507},""defense"":{""position"":""3루수"",""innings"":944,""SFR"":-0.3},""salary_prior"":11.688955259799219,""salary_support"":0,""cross_role_calibration"":{""reference"":""pitcher_kbo_core_5"",""percentile"":0.9648,""raw_core_average"":14.8,""target_core_average"":16.85,""calibrated_core_average"":16.8}}"
"2025","68119","KBO-68119","LG 트윈스","문성주","OF","KBO","0","542","475","7","8","0","18","11","15","16","15","1","12","10","0.8650","0.1296","0.7036","0.8998","0.7601","0.3697","0.3792","0.2978","0.0794","0.0079","0.0984","0.1225","0.0444","0.6757","0.0373","0.0008","high","high","kbo_pitcher_type_splits","475","kbo-hitter-abilities-v7-cross-role-calibrated","13","12","11","11","13","14","11","10","KBO","high","870.3","우익수","","","","0","kbo-hitter-abilities-v7-cross-role-calibrated","1617181","111.9","12","3.94","https://www.kbofancystats.com/teams/lgtwins/","high","{""level"":""KBO"",""PA"":542,""reliability"":0.8187,""advanced_match"":true,""contact_components"":{""avgPct"":0.8873239436619719,""kGoodPct"":0.920774647887324,""wrcPct"":0.7742616033755274,""babipPct"":0.7130801687763713},""power_components"":{""isoPct"":0.43661971830985913,""hrPct"":0.4278169014084507,""xbhPct"":0.4278169014084507,""wrcPct"":0.7742616033755274},""discipline_components"":{""bbPct"":0.6919014084507042,""bbkPct"":0.948943661971831,""obpGapPct"":0.5017605633802817},""defense"":{""position"":""우익수"",""innings"":870.3,""SFR"":12},""salary_prior"":null,""salary_support"":0,""cross_role_calibration"":{""reference"":""pitcher_kbo_core_5"",""percentile"":0.912,""raw_core_average"":13.8,""target_core_average"":15,""calibrated_core_average"":15}}"
"2025","52121","KBO-52121","LG 트윈스","문정빈","IF","KBO","0","33","30","0","0","0","8","10","8","8","9","1","10","11","0.4399","0.5832","0.4288","0.4323","0.4604","0.4904","0.5033","0.2401","0.1434","0.0309","0.0763","0.2302","0.0733","0.7488","0.0239","0.0037","low","low","kbo_pitcher_type_splits","30","kbo-hitter-abilities-v7-cross-role-calibrated","11","12","11","12","11","10","7","11","KBO","low","59","3루수","","","","0","kbo-hitter-abilities-v7-cross-role-calibrated","2941464","68.5","-0.9","0","https://www.kbofancystats.com/teams/lgtwins/","low","{""level"":""KBO"",""PA"":33,""reliability"":0.2157,""advanced_match"":true,""contact_components"":{""avgPct"":0.1936619718309859,""kGoodPct"":0.15669014084507038,""wrcPct"":0.36075949367088606,""babipPct"":0.1160337552742616},""power_components"":{""isoPct"":0.9225352112676056,""hrPct"":0.9700704225352113,""xbhPct"":0.920774647887324,""wrcPct"":0.36075949367088606},""discipline_components"":{""bbPct"":0.17077464788732394,""bbkPct"":0.1637323943661972,""obpGapPct"":0.5669014084507042},""defense"":{""position"":""3루수"",""innings"":59,""SFR"":-0.9},""salary_prior"":null,""salary_support"":0,""cross_role_calibration"":{""reference"":""pitcher_kbo_core_5"",""percentile"":0.2113,""raw_core_average"":10.6,""target_core_average"":8.6,""calibrated_core_average"":8.6}}"
"2025","55164","KBO-55164","LG 트윈스","박관우","OF","KBO","0","58","53","0","0","0","12","14","10","12","11","1","10","11","0.5640","0.6079","0.3985","0.5640","0.5352","0.4500","0.5223","0.2628","0.1349","0.0260","0.0769","0.1938","0.0622","0.7488","0.0202","0.0031","low","low","kbo_pitcher_type_splits","53","kbo-hitter-abilities-v7-cross-role-calibrated","11","10","10","10","11","11","6","11","KBO","low","84.3","좌익수","","","","0","kbo-hitter-abilities-v7-cross-role-calibrated","","","","","","low","{""level"":""KBO"",""PA"":58,""reliability"":0.3258,""advanced_match"":false,""contact_components"":{""avgPct"":0.6866197183098591,""kGoodPct"":0.6461267605633803,""wrcPct"":0.5,""babipPct"":0.5},""power_components"":{""isoPct"":0.8133802816901409,""hrPct"":0.8679577464788732,""xbhPct"":0.8116197183098591,""wrcPct"":0.5},""discipline_components"":{""bbPct"":0.2764084507042254,""bbkPct"":0.3785211267605634,""obpGapPct"":0.25},""defense"":{""position"":""좌익수"",""innings"":84.3,""SFR"":null},""salary_prior"":null,""salary_support"":0,""cross_role_calibration"":{""reference"":""pitcher_kbo_core_5"",""percentile"":0.6585,""raw_core_average"":11.6,""target_core_average"":11.8,""calibrated_core_average"":11.8}}"
"2025","79365","KBO-79365","LG 트윈스","박동원","C","KBO","0","523","451","4","7","0","12","17","16","11","14","1","11","12","0.4986","0.8723","0.8385","0.2620","0.4811","0.1693","0.5313","0.2545","0.1881","0.0387","0.1142","0.2305","0.0393","0.8205","0.0405","0.0010","high","high","kbo_pitcher_type_splits","451","kbo-hitter-abilities-v7-cross-role-calibrated","12","11","13","10","13","14","15","12","KBO","high","938.3","포수","120000","team_top_salary","13.63","0","kbo-hitter-abilities-v7-cross-role-calibrated","10395","117.8","1.9","5.13","https://www.kbofancystats.com/teams/lgtwins/","high","{""level"":""KBO"",""PA"":523,""reliability"":0.8134,""advanced_match"":true,""contact_components"":{""avgPct"":0.6109154929577465,""kGoodPct"":0.45598591549295775,""wrcPct"":0.8164556962025317,""babipPct"":0.4409282700421941},""power_components"":{""isoPct"":0.9295774647887324,""hrPct"":0.920774647887324,""xbhPct"":0.9278169014084507,""wrcPct"":0.8164556962025317},""discipline_components"":{""bbPct"":0.8116197183098591,""bbkPct"":0.7165492957746479,""obpGapPct"":0.7394366197183099},""defense"":{""position"":""포수"",""innings"":938.3,""SFR"":1.9},""salary_prior"":13.625628498537262,""salary_support"":0,""cross_role_calibration"":{""reference"":""pitcher_kbo_core_5"",""percentile"":0.8697,""raw_core_average"":13.4,""target_core_average"":14.07,""calibrated_core_average"":14}}"
"2025","62415","KBO-62415","LG 트윈스","박해민","OF","KBO","0","544","442","63","5","0","15","10","17","15","13","1","16","12","0.7541","0.1400","0.8822","0.7811","0.6647","0.8429","0.7033","0.2735","0.0805","0.0079","0.1198","0.1764","0.2739","0.7738","0.0259","0.0008","high","high","kbo_pitcher_type_splits","442","kbo-hitter-abilities-v7-cross-role-calibrated","14","12","12","13","15","15","15","11","KBO","high","1179","중견수","60000","team_top_salary","12.38","0","kbo-hitter-abilities-v7-cross-role-calibrated","435395","101","12.1","4.36","https://www.kbofancystats.com/teams/lgtwins/","high","{""level"":""KBO"",""PA"":544,""reliability"":0.8193,""advanced_match"":true,""contact_components"":{""avgPct"":0.7711267605633803,""kGoodPct"":0.7588028169014085,""wrcPct"":0.6856540084388185,""babipPct"":0.759493670886076},""power_components"":{""isoPct"":0.43133802816901406,""hrPct"":0.4242957746478873,""xbhPct"":0.43485915492957744,""wrcPct"":0.6856540084388185},""discipline_components"":{""bbPct"":0.8556338028169014,""bbkPct"":0.8714788732394366,""obpGapPct"":0.823943661971831},""defense"":{""position"":""중견수"",""innings"":1179,""SFR"":12.1},""salary_prior"":12.375628498537262,""salary_support"":0,""cross_role_calibration"":{""reference"":""pitcher_kbo_core_5"",""percentile"":0.8697,""raw_core_average"":13.4,""target_core_average"":14.07,""calibrated_core_average"":14}}"
"2025","55160","KBO-55160","LG 트윈스","서영준","OF","FUTURES","-2","195","170","3","","","11","13","9","10","11","1","9","9","0.4496","0.7678","0.3053","0.2019","0.3506","0.4433","0.4639","0.2854","0.1980","0.0312","0.1049","0.2210","0.0637","0.6890","","","medium","medium","futures_contact_k_proxy","0","kbo-hitter-abilities-v7-cross-role-calibrated","9","9","9","9","9","8","5","11","POSITION_PRIOR","very_low","0","외야수","","","","0","kbo-hitter-abilities-v7-cross-role-calibrated","","","","","","medium","{""level"":""FUTURES"",""PA"":195,""reliability"":0.52,""advanced_match"":false,""contact_components"":{""avgPct"":0.6612903225806451,""kGoodPct"":0.20967741935483875,""wrcPct"":0.5,""babipPct"":0.5},""power_components"":{""isoPct"":0.9193548387096774,""hrPct"":0.8225806451612904,""xbhPct"":0.9193548387096774,""wrcPct"":0.5},""discipline_components"":{""bbPct"":0.27419354838709675,""bbkPct"":0.11290322580645161,""obpGapPct"":0.25806451612903225},""defense"":{""position"":"""",""innings"":0,""SFR"":null},""salary_prior"":null,""salary_support"":0,""cross_role_calibration"":{""reference"":""pitcher_futures_core_5"",""percentile"":0.7097,""raw_core_average"":8.8,""target_core_average"":10.8,""calibrated_core_average"":10.8}}"
"2025","54156","KBO-54156","LG 트윈스","손용준","IF","KBO","0","16","15","1","0","0","9","7","7","7","9","1","11","11","0.4970","0.4856","0.4677","0.4840","0.4939","0.5155","0.5146","0.2540","0.1099","0.0181","0.0788","0.2122","0.0945","0.7716","0.0247","0.0038","very_low","low","kbo_pitcher_type_splits","15","kbo-hitter-abilities-v7-cross-role-calibrated","11","11","11","11","11","10","8","11","KBO","low","21","3루수","","","","0","kbo-hitter-abilities-v7-cross-role-calibrated","2933527","32.2","0.9","0.02","https://www.kbofancystats.com/teams/lgtwins/","very_low","{""level"":""KBO"",""PA"":16,""reliability"":0.1176,""advanced_match"":true,""contact_components"":{""avgPct"":0.31866197183098594,""kGoodPct"":0.19366197183098588,""wrcPct"":0.1751054852320675,""babipPct"":0.48523206751054854},""power_components"":{""isoPct"":0.11091549295774648,""hrPct"":0.18661971830985916,""xbhPct"":0.11091549295774648,""wrcPct"":0.1751054852320675},""discipline_components"":{""bbPct"":0.07746478873239436,""bbkPct"":0.07746478873239436,""obpGapPct"":0.28169014084507044},""defense"":{""position"":""3루수"",""innings"":21,""SFR"":0.9},""salary_prior"":null,""salary_support"":0,""cross_role_calibration"":{""reference"":""pitcher_kbo_core_5"",""percentile"":0.1479,""raw_core_average"":10.4,""target_core_average"":7.8,""calibrated_core_average"":7.8}}"
"2025","68110","KBO-68110","LG 트윈스","송찬의","OF","KBO","0","166","147","4","0","1","7","11","7","6","8","1","13","11","0.2810","0.6191","0.2506","0.2242","0.3804","0.6362","0.4690","0.2316","0.1322","0.0192","0.0682","0.2580","0.0853","0.6777","0.0141","0.0127","medium","medium","kbo_pitcher_type_splits","147","kbo-hitter-abilities-v7-cross-role-calibrated","13","12","13","11","13","10","9","12","KBO","medium","313.3","우익수","","","","0","kbo-hitter-abilities-v7-cross-role-calibrated","1617178","78.3","8.8","0.8","https://www.kbofancystats.com/teams/lgtwins/","medium","{""level"":""KBO"",""PA"":166,""reliability"":0.5804,""advanced_match"":true,""contact_components"":{""avgPct"":0.38028169014084506,""kGoodPct"":0.23767605633802813,""wrcPct"":0.4831223628691983,""babipPct"":0.39662447257383965},""power_components"":{""isoPct"":0.7605633802816901,""hrPct"":0.6778169014084507,""xbhPct"":0.7588028169014085,""wrcPct"":0.4831223628691983},""discipline_components"":{""bbPct"":0.2975352112676056,""bbkPct"":0.24471830985915494,""obpGapPct"":0.6566901408450704},""defense"":{""position"":""우익수"",""innings"":313.3,""SFR"":8.8},""salary_prior"":null,""salary_support"":0,""cross_role_calibration"":{""reference"":""pitcher_kbo_core_5"",""percentile"":0.1479,""raw_core_average"":10.4,""target_core_average"":7.8,""calibrated_core_average"":7.8}}"
"2025","65207","KBO-65207","LG 트윈스","신민재","IF","KBO","0","538","463","24","4","1","18","11","17","17","15","1","15","10","0.8750","0.1182","0.8251","0.9023","0.7451","0.8161","0.3603","0.3041","0.0793","0.0049","0.1115","0.1201","0.1085","0.6614","0.0206","0.0047","high","high","kbo_pitcher_type_splits","463","kbo-hitter-abilities-v7-cross-role-calibrated","10","12","15","11","10","14","12","10","KBO","high","1004.7","2루수","","","","0","kbo-hitter-abilities-v7-cross-role-calibrated","1101174","118.6","-17.9","3.55","https://www.kbofancystats.com/teams/lgtwins/","high","{""level"":""KBO"",""PA"":538,""reliability"":0.8176,""advanced_match"":true,""contact_components"":{""avgPct"":0.9066901408450704,""kGoodPct"":0.9242957746478874,""wrcPct"":0.8248945147679325,""babipPct"":0.8248945147679325},""power_components"":{""isoPct"":0.41901408450704225,""hrPct"":0.375,""xbhPct"":0.42077464788732394,""wrcPct"":0.8248945147679325},""discipline_components"":{""bbPct"":0.772887323943662,""bbkPct"":0.9841549295774648,""obpGapPct"":0.676056338028169},""defense"":{""position"":""2루수"",""innings"":1004.7,""SFR"":-17.9},""salary_prior"":null,""salary_support"":0,""cross_role_calibration"":{""reference"":""pitcher_kbo_core_5"",""percentile"":0.9296,""raw_core_average"":14,""target_core_average"":15.51,""calibrated_core_average"":15.6}}"
"2025","65115","KBO-65115","LG 트윈스","안익훈","OF","FUTURES","-2","4","3","0","","","7","7","9","7","9","1","8","9","0.4960","0.5002","0.5062","0.4950","0.4956","0.5038","0.5000","0.2820","0.1404","0.0211","0.1244","0.1750","0.0835","0.6957","","","very_low","low","futures_contact_k_proxy","0","kbo-hitter-abilities-v7-cross-role-calibrated","9","9","9","9","9","9","9","9","POSITION_PRIOR","very_low","0","","","","","0","kbo-hitter-abilities-v7-cross-role-calibrated","","","","","","very_low","{""level"":""FUTURES"",""PA"":4,""reliability"":0.0217,""advanced_match"":false,""contact_components"":{""avgPct"":0.016129032258064516,""kGoodPct"":0.16129032258064513,""wrcPct"":0.5,""babipPct"":0.5},""power_components"":{""isoPct"":0.08064516129032258,""hrPct"":0.16129032258064516,""xbhPct"":0.08064516129032258,""wrcPct"":0.5},""discipline_components"":{""bbPct"":0.9193548387096774,""bbkPct"":0.7903225806451613,""obpGapPct"":0.9516129032258065},""defense"":{""position"":"""",""innings"":0,""SFR"":null},""salary_prior"":null,""salary_support"":0,""cross_role_calibration"":{""reference"":""pitcher_futures_core_5"",""percentile"":0.371,""raw_core_average"":8.4,""target_core_average"":7.8,""calibrated_core_average"":7.8}}"
"2025","53123","KBO-53123","LG 트윈스","오스틴","IF","KBO","0","499","425","3","2","0","18","19","17","16","18","1","12","13","0.8663","0.8982","0.8564","0.8740","0.7611","0.2232","0.7016","0.3033","0.2527","0.0553","0.1171","0.1363","0.0330","0.8067","0.0155","0.0010","high","high","kbo_pitcher_type_splits","425","kbo-hitter-abilities-v7-cross-role-calibrated","11","12","12","11","10","14","13","13","KBO","high","793","1루수","210000","foreign_contract_salary","10.86","0","kbo-hitter-abilities-v7-cross-role-calibrated","2238555","163.6","-7","5.63","https://www.kbofancystats.com/teams/lgtwins/","high","{""level"":""KBO"",""PA"":499,""reliability"":0.8061,""advanced_match"":true,""contact_components"":{""avgPct"":0.9066901408450704,""kGoodPct"":0.8961267605633803,""wrcPct"":0.9641350210970464,""babipPct"":0.4409282700421941},""power_components"":{""isoPct"":0.9806338028169014,""hrPct"":0.9735915492957746,""xbhPct"":0.9806338028169014,""wrcPct"":0.9641350210970464},""discipline_components"":{""bbPct"":0.8327464788732394,""bbkPct"":0.9595070422535211,""obpGapPct"":0.6602112676056338},""defense"":{""position"":""1루수"",""innings"":793,""SFR"":-7},""salary_prior"":10.85631146231312,""salary_support"":0,""cross_role_calibration"":{""reference"":""pitcher_kbo_core_5"",""percentile"":0.9947,""raw_core_average"":15.8,""target_core_average"":17.52,""calibrated_core_average"":17.6}}"
"2025","79109","KBO-79109","LG 트윈스","오지환","IF","KBO","0","472","419","16","7","0","12","17","11","11","14","1","14","10","0.5128","0.8336","0.3358","0.2400","0.4431","0.6374","0.2884","0.2547","0.1669","0.0316","0.0807","0.2353","0.1117","0.6341","0.0463","0.0011","high","high","kbo_pitcher_type_splits","419","kbo-hitter-abilities-v7-cross-role-calibrated","14","13","14","15","15","12","14","13","KBO","high","939.3","유격수","","","","0","kbo-hitter-abilities-v7-cross-role-calibrated","10365","100.2","13.4","3.85","https://www.kbofancystats.com/teams/lgtwins/","high","{""level"":""KBO"",""PA"":472,""reliability"":0.7973,""advanced_match"":true,""contact_components"":{""avgPct"":0.6109154929577465,""kGoodPct"":0.44190140845070425,""wrcPct"":0.6729957805907173,""babipPct"":0.5126582278481012},""power_components"":{""isoPct"":0.8802816901408451,""hrPct"":0.8573943661971831,""xbhPct"":0.8820422535211268,""wrcPct"":0.6729957805907173},""discipline_components"":{""bbPct"":0.5052816901408451,""bbkPct"":0.45422535211267606,""obpGapPct"":0.4154929577464789},""defense"":{""position"":""유격수"",""innings"":939.3,""SFR"":13.4},""salary_prior"":null,""salary_support"":0,""cross_role_calibration"":{""reference"":""pitcher_kbo_core_5"",""percentile"":0.794,""raw_core_average"":12.6,""target_core_average"":13.04,""calibrated_core_average"":13}}"
"2025","51100","KBO-51100","LG 트윈스","이영빈","IF","KBO","0","75","72","1","0","1","7","11","6","6","7","1","12","12","0.3858","0.6451","0.2970","0.2880","0.4148","0.5704","0.5146","0.2396","0.1433","0.0292","0.0580","0.3121","0.0810","0.7716","0.0212","0.0191","low","low","kbo_pitcher_type_splits","72","kbo-hitter-abilities-v7-cross-role-calibrated","12","13","10","13","12","10","8","12","KBO","low","160","2루수","","","","0","kbo-hitter-abilities-v7-cross-role-calibrated","1656241","54.1","0.5","0.08","https://www.kbofancystats.com/teams/lgtwins/","low","{""level"":""KBO"",""PA"":75,""reliability"":0.3846,""advanced_match"":true,""contact_components"":{""avgPct"":0.36971830985915494,""kGoodPct"":0.047535211267605626,""wrcPct"":0.2679324894514768,""babipPct"":0.7742616033755274},""power_components"":{""isoPct"":0.8609154929577465,""hrPct"":0.9102112676056338,""xbhPct"":0.8573943661971831,""wrcPct"":0.2679324894514768},""discipline_components"":{""bbPct"":0.1602112676056338,""bbkPct"":0.15669014084507044,""obpGapPct"":0.13908450704225353},""defense"":{""position"":""2루수"",""innings"":160,""SFR"":0.5},""salary_prior"":null,""salary_support"":0,""cross_role_calibration"":{""reference"":""pitcher_kbo_core_5"",""percentile"":0.0951,""raw_core_average"":10.2,""target_core_average"":7.4,""calibrated_core_average"":7.4}}"
"2025","52154","KBO-52154","LG 트윈스","이주헌","C","KBO","0","156","128","0","2","0","11","14","15","12","11","1","9","10","0.3310","0.5849","0.7028","0.6041","0.4399","0.3079","0.4700","0.2378","0.1212","0.0238","0.1060","0.1938","0.0411","0.7488","0.0334","0.0021","medium","medium","kbo_pitcher_type_splits","128","kbo-hitter-abilities-v7-cross-role-calibrated","11","10","10","9","11","12","7","10","KBO","medium","332","포수","","","","0","kbo-hitter-abilities-v7-cross-role-calibrated","1672582","98","0.3","1.22","https://www.kbofancystats.com/teams/lgtwins/","medium","{""level"":""KBO"",""PA"":156,""reliability"":0.5652,""advanced_match"":true,""contact_components"":{""avgPct"":0.4137323943661972,""kGoodPct"":0.6373239436619718,""wrcPct"":0.6223628691983122,""babipPct"":0.25949367088607594},""power_components"":{""isoPct"":0.670774647887324,""hrPct"":0.7887323943661971,""xbhPct"":0.6672535211267606,""wrcPct"":0.6223628691983122},""discipline_components"":{""bbPct"":0.778169014084507,""bbkPct"":0.8045774647887324,""obpGapPct"":0.9313380281690141},""defense"":{""position"":""포수"",""innings"":332,""SFR"":0.3},""salary_prior"":null,""salary_support"":0,""cross_role_calibration"":{""reference"":""pitcher_kbo_core_5"",""percentile"":0.7518,""raw_core_average"":12.2,""target_core_average"":12.6,""calibrated_core_average"":12.6}}"
"2025","55165","KBO-55165","LG 트윈스","이태훈","IF","FUTURES","-2","223","196","5","","","9","7","7","7","9","1","9","9","0.3868","0.3104","0.3443","0.2791","0.3437","0.4768","0.5861","0.2806","0.1198","0.0161","0.1082","0.1957","0.0729","0.7305","","","medium","medium","futures_contact_k_proxy","0","kbo-hitter-abilities-v7-cross-role-calibrated","9","9","9","9","9","8","6","9","POSITION_PRIOR","very_low","0","내야수","","","","0","kbo-hitter-abilities-v7-cross-role-calibrated","","","","","","medium","{""level"":""FUTURES"",""PA"":223,""reliability"":0.5533,""advanced_match"":false,""contact_components"":{""avgPct"":0.5967741935483871,""kGoodPct"":0.3709677419354839,""wrcPct"":0.5,""babipPct"":0.5},""power_components"":{""isoPct"":0.41935483870967744,""hrPct"":0.43548387096774194,""xbhPct"":0.43548387096774194,""wrcPct"":0.5},""discipline_components"":{""bbPct"":0.4032258064516129,""bbkPct"":0.3548387096774194,""obpGapPct"":0.3064516129032258},""defense"":{""position"":"""",""innings"":0,""SFR"":null},""salary_prior"":null,""salary_support"":0,""cross_role_calibration"":{""reference"":""pitcher_futures_core_5"",""percentile"":0.371,""raw_core_average"":8.4,""target_core_average"":7.8,""calibrated_core_average"":7.8}}"
"2025","55100","KBO-55100","LG 트윈스","이한림","C","FUTURES","-2","58","52","0","","","7","6","8","9","9","1","8","9","0.3507","0.3481","0.4686","0.6669","0.4772","0.4528","0.5000","0.2503","0.0952","0.0139","0.1136","0.1342","0.0655","0.6957","","","low","low","futures_contact_k_proxy","0","kbo-hitter-abilities-v7-cross-role-calibrated","9","9","9","9","9","9","5","9","POSITION_PRIOR","very_low","0","포수","","","","0","kbo-hitter-abilities-v7-cross-role-calibrated","","","","","","low","{""level"":""FUTURES"",""PA"":58,""reliability"":0.2437,""advanced_match"":false,""contact_components"":{""avgPct"":0.14516129032258066,""kGoodPct"":0.9838709677419355,""wrcPct"":0.5,""babipPct"":0.5},""power_components"":{""isoPct"":0.08064516129032258,""hrPct"":0.16129032258064516,""xbhPct"":0.08064516129032258,""wrcPct"":0.5},""discipline_components"":{""bbPct"":0.43548387096774194,""bbkPct"":0.9193548387096774,""obpGapPct"":0.3387096774193548},""defense"":{""position"":"""",""innings"":0,""SFR"":null},""salary_prior"":null,""salary_support"":0,""cross_role_calibration"":{""reference"":""pitcher_futures_core_5"",""percentile"":0.371,""raw_core_average"":8.4,""target_core_average"":7.8,""calibrated_core_average"":7.8}}"
"2025","50054","KBO-50054","LG 트윈스","천성호","IF","KBO","0","199","173","4","2","2","12","11","12","14","11","1","13","10","0.4052","0.3334","0.4941","0.7543","0.4996","0.5554","0.4479","0.2462","0.1049","0.0104","0.0874","0.1626","0.0724","0.7491","0.0298","0.0197","medium","medium","kbo_pitcher_type_splits","173","kbo-hitter-abilities-v7-cross-role-calibrated","13","11","9","10","13","12","9","11","KBO","medium","388.3","2루수","","","","0","kbo-hitter-abilities-v7-cross-role-calibrated","1652101","82.8","6.7","1.04","https://www.kbofancystats.com/teams/lgtwins/","medium","{""level"":""KBO"",""PA"":199,""reliability"":0.6238,""advanced_match"":true,""contact_components"":{""avgPct"":0.4982394366197183,""kGoodPct"":0.8503521126760564,""wrcPct"":0.5168776371308017,""babipPct"":0.3459915611814346},""power_components"":{""isoPct"":0.5580985915492958,""hrPct"":0.41725352112676056,""xbhPct"":0.5545774647887324,""wrcPct"":0.5168776371308017},""discipline_components"":{""bbPct"":0.579225352112676,""bbkPct"":0.7940140845070423,""obpGapPct"":0.7147887323943662},""defense"":{""position"":""2루수"",""innings"":388.3,""SFR"":6.7},""salary_prior"":null,""salary_support"":0,""cross_role_calibration"":{""reference"":""pitcher_kbo_core_5"",""percentile"":0.6972,""raw_core_average"":11.8,""target_core_average"":12,""calibrated_core_average"":12}}"
"2025","65905","KBO-65905","LG 트윈스","최승민","OF","KBO","0","6","5","3","0","0","10","10","10","10","11","1","11","11","0.4950","0.5034","0.5116","0.5000","0.4927","0.5080","0.4422","0.2497","0.1204","0.0198","0.0957","0.2039","0.1393","0.6529","0.0262","0.0040","very_low","low","kbo_pitcher_type_splits","5","kbo-hitter-abilities-v7-cross-role-calibrated","11","11","11","11","11","11","10","11","KBO","low","23","좌익수","","","","0","kbo-hitter-abilities-v7-cross-role-calibrated","","","","","","very_low","{""level"":""KBO"",""PA"":6,""reliability"":0.0476,""advanced_match"":false,""contact_components"":{""avgPct"":0.035211267605633804,""kGoodPct"":0.15669014084507038,""wrcPct"":0.5,""babipPct"":0.5},""power_components"":{""isoPct"":0.11091549295774648,""hrPct"":0.18661971830985916,""xbhPct"":0.11091549295774648,""wrcPct"":0.5},""discipline_components"":{""bbPct"":0.954225352112676,""bbkPct"":0.7165492957746479,""obpGapPct"":0.977112676056338},""defense"":{""position"":""좌익수"",""innings"":23,""SFR"":null},""salary_prior"":null,""salary_support"":0,""cross_role_calibration"":{""reference"":""pitcher_kbo_core_5"",""percentile"":0.4313,""raw_core_average"":11,""target_core_average"":10.2,""calibrated_core_average"":10.2}}"
"2025","52103","KBO-52103","LG 트윈스","최원영","OF","KBO","0","115","103","12","1","2","12","7","7","11","9","1","13","10","0.6510","0.3028","0.2542","0.6384","0.6035","0.5870","0.3434","0.2720","0.0869","0.0098","0.0611","0.1843","0.1851","0.7040","0.0268","0.0254","medium","medium","kbo_pitcher_type_splits","103","kbo-hitter-abilities-v7-cross-role-calibrated","11","11","9","10","9","10","7","11","KBO","medium","328.7","좌익수","","","","0","kbo-hitter-abilities-v7-cross-role-calibrated","2933488","82.4","-3.9","0.18","https://www.kbofancystats.com/teams/lgtwins/","medium","{""level"":""KBO"",""PA"":115,""reliability"":0.4894,""advanced_match"":true,""contact_components"":{""avgPct"":0.7922535211267606,""kGoodPct"":0.7464788732394366,""wrcPct"":0.5126582278481012,""babipPct"":0.7805907172995781},""power_components"":{""isoPct"":0.31161971830985913,""hrPct"":0.18661971830985916,""xbhPct"":0.31514084507042256,""wrcPct"":0.5126582278481012},""discipline_components"":{""bbPct"":0.18838028169014084,""bbkPct"":0.2676056338028169,""obpGapPct"":0.2658450704225352},""defense"":{""position"":""좌익수"",""innings"":328.7,""SFR"":-3.9},""salary_prior"":null,""salary_support"":0,""cross_role_calibration"":{""reference"":""pitcher_kbo_core_5"",""percentile"":0.2852,""raw_core_average"":10.8,""target_core_average"":9.2,""calibrated_core_average"":9.2}}"
"2025","50108","KBO-50108","LG 트윈스","함창건","OF","KBO","0","36","32","0","1","0","7","7","9","7","9","1","10","10","0.4526","0.4652","0.5107","0.4762","0.4589","0.4813","0.4823","0.2440","0.1109","0.0155","0.0893","0.2104","0.0696","0.7488","0.0396","0.0035","low","low","kbo_pitcher_type_splits","32","kbo-hitter-abilities-v7-cross-role-calibrated","12","12","10","12","11","11","8","10","KBO","low","68","좌익수","","","","0","kbo-hitter-abilities-v7-cross-role-calibrated","2936027","41.5","6.7","0.26","https://www.kbofancystats.com/teams/lgtwins/","low","{""level"":""KBO"",""PA"":36,""reliability"":0.2308,""advanced_match"":true,""contact_components"":{""avgPct"":0.25704225352112675,""kGoodPct"":0.41021126760563376,""wrcPct"":0.22573839662447256,""babipPct"":0.23628691983122363},""power_components"":{""isoPct"":0.3644366197183099,""hrPct"":0.18661971830985916,""xbhPct"":0.36619718309859156,""wrcPct"":0.22573839662447256},""discipline_components"":{""bbPct"":0.5616197183098591,""bbkPct"":0.4841549295774648,""obpGapPct"":0.4225352112676056},""defense"":{""position"":""좌익수"",""innings"":68,""SFR"":6.7},""salary_prior"":null,""salary_support"":0,""cross_role_calibration"":{""reference"":""pitcher_kbo_core_5"",""percentile"":0.1479,""raw_core_average"":10.4,""target_core_average"":7.8,""calibrated_core_average"":7.8}}"
"2025","66108","KBO-66108","LG 트윈스","홍창기","OF","KBO","0","215","174","3","1","0","15","9","16","13","12","1","11","13","0.7236","0.2108","0.8112","0.6478","0.5467","0.3017","0.6514","0.2782","0.0717","0.0099","0.1211","0.1893","0.0530","0.8067","0.0174","0.0015","medium","medium","kbo_pitcher_type_splits","174","kbo-hitter-abilities-v7-cross-role-calibrated","8","11","11","13","10","14","12","10","KBO","medium","329.7","우익수","65000","team_top_salary","12.52","0","kbo-hitter-abilities-v7-cross-role-calibrated","1217998","110.9","-11.9","0.76","https://www.kbofancystats.com/teams/lgtwins/","medium","{""level"":""KBO"",""PA"":215,""reliability"":0.6418,""advanced_match"":true,""contact_components"":{""avgPct"":0.8345070422535211,""kGoodPct"":0.670774647887324,""wrcPct"":0.7573839662447257,""babipPct"":0.8502109704641351},""power_components"":{""isoPct"":0.27992957746478875,""hrPct"":0.4137323943661972,""xbhPct"":0.2764084507042254,""wrcPct"":0.7573839662447257},""discipline_components"":{""bbPct"":0.8996478873239436,""bbkPct"":0.875,""obpGapPct"":0.8714788732394366},""defense"":{""position"":""우익수"",""innings"":329.7,""SFR"":-11.9},""salary_prior"":12.519975020312183,""salary_support"":0,""cross_role_calibration"":{""reference"":""pitcher_kbo_core_5"",""percentile"":0.7729,""raw_core_average"":12.4,""target_core_average"":13,""calibrated_core_average"":13}}"
"2025","54908","KBO-54908","NC 다이노스","고승완","OF","KBO","0","11","10","3","0","0","10","10","10","10","11","1","12","11","0.5032","0.4982","0.5124","0.4792","0.4974","0.5191","0.4678","0.2565","0.1149","0.0190","0.0914","0.2218","0.1341","0.7298","0.0252","0.0039","very_low","low","kbo_pitcher_type_splits","10","kbo-hitter-abilities-v7-cross-role-calibrated","11","11","11","11","11","11","8","11","KBO","low","20.3","중견수","","","","0","kbo-hitter-abilities-v7-cross-role-calibrated","2953833","40.7","0.3","0","https://www.kbofancystats.com/teams/ncdinos/","very_low","{""level"":""KBO"",""PA"":11,""reliability"":0.084,""advanced_match"":true,""contact_components"":{""avgPct"":0.31866197183098594,""kGoodPct"":0.05457746478873238,""wrcPct"":0.22151898734177214,""babipPct"":0.9324894514767933},""power_components"":{""isoPct"":0.11091549295774648,""hrPct"":0.18661971830985916,""xbhPct"":0.11091549295774648,""wrcPct"":0.22151898734177214},""discipline_components"":{""bbPct"":0.6214788732394366,""bbkPct"":0.2676056338028169,""obpGapPct"":0.545774647887324},""defense"":{""position"":""중견수"",""innings"":20.3,""SFR"":0.3},""salary_prior"":null,""salary_support"":0,""cross_role_calibration"":{""reference"":""pitcher_kbo_core_5"",""percentile"":0.4313,""raw_core_average"":11,""target_core_average"":10.2,""calibrated_core_average"":10.2}}"
"2025","63963","KBO-63963","NC 다이노스","권희동","OF","KBO","0","456","358","10","4","0","14","14","19","13","14","1","11","11","0.4133","0.4645","0.9086","0.7585","0.4795","0.2939","0.4543","0.2494","0.1193","0.0146","0.1549","0.1792","0.0641","0.6244","0.0243","0.0009","high","high","kbo_pitcher_type_splits","358","kbo-hitter-abilities-v7-cross-role-calibrated","9","11","13","11","8","13","13","10","KBO","high","809.3","좌익수","22500","team_top_salary","10.61","0","kbo-hitter-abilities-v7-cross-role-calibrated","799488","115.9","-13.1","2.48","https://www.kbofancystats.com/teams/ncdinos/","high","{""level"":""KBO"",""PA"":456,""reliability"":0.7917,""advanced_match"":true,""contact_components"":{""avgPct"":0.5651408450704225,""kGoodPct"":0.7306338028169015,""wrcPct"":0.8080168776371308,""babipPct"":0.4641350210970464},""power_components"":{""isoPct"":0.6672535211267606,""hrPct"":0.5757042253521126,""xbhPct"":0.670774647887324,""wrcPct"":0.8080168776371308},""discipline_components"":{""bbPct"":0.9595070422535211,""bbkPct"":0.9559859154929577,""obpGapPct"":0.9595070422535211},""defense"":{""position"":""좌익수"",""innings"":809.3,""SFR"":-13.1},""salary_prior"":10.606831624438708,""salary_support"":0,""cross_role_calibration"":{""reference"":""pitcher_kbo_core_5"",""percentile"":0.8926,""raw_core_average"":13.6,""target_core_average"":14.8,""calibrated_core_average"":14.8}}"
"2025","69980","KBO-69980","NC 다이노스","김범준","OF","KBO","0","1","1","0","0","0","10","10","10","10","11","1","11","11","0.5011","0.5020","0.5010","0.4999","0.4999","0.5007","0.5000","0.2595","0.1252","0.0208","0.0905","0.2041","0.0821","0.7488","0.0267","0.0041","very_low","low","kbo_pitcher_type_splits","1","kbo-hitter-abilities-v7-cross-role-calibrated","11","11","11","11","11","11","8","11","KBO_NO_FIELDING_SAMPLE","very_low","0","외야수","","","","0","kbo-hitter-abilities-v7-cross-role-calibrated","","","","","","very_low","{""level"":""KBO"",""PA"":1,""reliability"":0.0083,""advanced_match"":false,""contact_components"":{""avgPct"":0.035211267605633804,""kGoodPct"":0.0035211267605633756,""wrcPct"":0.5,""babipPct"":0.5},""power_components"":{""isoPct"":0.11091549295774648,""hrPct"":0.18661971830985916,""xbhPct"":0.11091549295774648,""wrcPct"":0.5},""discipline_components"":{""bbPct"":0.07746478873239436,""bbkPct"":0.07746478873239436,""obpGapPct"":0.06866197183098592},""defense"":{""position"":"""",""innings"":0,""SFR"":null},""salary_prior"":null,""salary_support"":0,""cross_role_calibration"":{""reference"":""pitcher_kbo_core_5"",""percentile"":0.4313,""raw_core_average"":11,""target_core_average"":10.2,""calibrated_core_average"":10.2}}"
"2025","54905","KBO-54905","NC 다이노스","김세훈","IF","FUTURES","-2","231","193","3","","","11","13","13","11","11","1","9","9","0.3060","0.6074","0.7233","0.7741","0.4932","0.3679","0.4639","0.2698","0.1518","0.0247","0.1358","0.1426","0.0567","0.6890","","","medium","medium","futures_contact_k_proxy","0","kbo-hitter-abilities-v7-cross-role-calibrated","9","9","9","9","9","9","7","10","POSITION_PRIOR","very_low","0","내야수","","","","0","kbo-hitter-abilities-v7-cross-role-calibrated","","","","","","medium","{""level"":""FUTURES"",""PA"":231,""reliability"":0.562,""advanced_match"":false,""contact_components"":{""avgPct"":0.5,""kGoodPct"":0.7903225806451613,""wrcPct"":0.5,""babipPct"":0.5},""power_components"":{""isoPct"":0.6935483870967742,""hrPct"":0.6935483870967742,""xbhPct"":0.6935483870967742,""wrcPct"":0.5},""discipline_components"":{""bbPct"":0.7419354838709677,""bbkPct"":0.8225806451612904,""obpGapPct"":0.5645161290322581},""defense"":{""position"":"""",""innings"":0,""SFR"":null},""salary_prior"":null,""salary_support"":0,""cross_role_calibration"":{""reference"":""pitcher_futures_core_5"",""percentile"":0.8871,""raw_core_average"":9.4,""target_core_average"":11.87,""calibrated_core_average"":11.8}}"
"2025","51903","KBO-51903","NC 다이노스","김정호","C","KBO","0","11","9","0","0","0","9","9","8","10","10","1","11","11","0.5278","0.4997","0.4853","0.4876","0.5162","0.5013","0.5020","0.2772","0.1160","0.0190","0.0824","0.2128","0.0746","0.7488","0.0243","0.0037","very_low","low","kbo_pitcher_type_splits","9","kbo-hitter-abilities-v7-cross-role-calibrated","11","11","11","11","11","11","9","11","KBO","low","32","포수","","","","0","kbo-hitter-abilities-v7-cross-role-calibrated","2953374","147.2","0.1","0.16","https://www.kbofancystats.com/teams/ncdinos/","very_low","{""level"":""KBO"",""PA"":11,""reliability"":0.084,""advanced_match"":true,""contact_components"":{""avgPct"":0.9806338028169014,""kGoodPct"":0.12147887323943662,""wrcPct"":0.930379746835443,""babipPct"":0.989451476793249},""power_components"":{""isoPct"":0.11091549295774648,""hrPct"":0.18661971830985916,""xbhPct"":0.11091549295774648,""wrcPct"":0.930379746835443},""discipline_components"":{""bbPct"":0.07746478873239436,""bbkPct"":0.07746478873239436,""obpGapPct"":0.352112676056338},""defense"":{""position"":""포수"",""innings"":32,""SFR"":0.1},""salary_prior"":null,""salary_support"":0,""cross_role_calibration"":{""reference"":""pitcher_kbo_core_5"",""percentile"":0.2852,""raw_core_average"":10.8,""target_core_average"":9.2,""calibrated_core_average"":9.2}}"
"2025","51907","KBO-51907","NC 다이노스","김주원","IF","KBO","0","624","539","55","1","3","18","17","16","16","16","1","16","12","0.8430","0.8019","0.7261","0.7504","0.6977","0.8873","0.7432","0.2852","0.1559","0.0236","0.0996","0.1804","0.2189","0.7921","0.0087","0.0119","high","high","kbo_pitcher_type_splits","539","kbo-hitter-abilities-v7-cross-role-calibrated","11","11","11","9","9","13","10","13","KBO","high","1166","유격수","","","","0","kbo-hitter-abilities-v7-cross-role-calibrated","1656262","129.7","-6.1","6.64","https://www.kbofancystats.com/teams/ncdinos/","high","{""level"":""KBO"",""PA"":624,""reliability"":0.8387,""advanced_match"":true,""contact_components"":{""avgPct"":0.8556338028169014,""kGoodPct"":0.7200704225352113,""wrcPct"":0.8755274261603375,""babipPct"":0.7489451476793249},""power_components"":{""isoPct"":0.8433098591549296,""hrPct"":0.7693661971830986,""xbhPct"":0.8433098591549296,""wrcPct"":0.8755274261603375},""discipline_components"":{""bbPct"":0.7059859154929577,""bbkPct"":0.7799295774647887,""obpGapPct"":0.7464788732394366},""defense"":{""position"":""유격수"",""innings"":1166,""SFR"":-6.1},""salary_prior"":null,""salary_support"":0,""cross_role_calibration"":{""reference"":""pitcher_kbo_core_5"",""percentile"":0.9577,""raw_core_average"":14.4,""target_core_average"":16.55,""calibrated_core_average"":16.6}}"
"2025","50902","KBO-50902","NC 다이노스","김한별","IF","KBO","0","72","64","1","0","0","14","10","10","13","12","1","11","12","0.6518","0.3648","0.3474","0.6835","0.6174","0.4391","0.5567","0.2818","0.0893","0.0122","0.0706","0.1431","0.0672","0.7716","0.0176","0.0027","low","low","kbo_pitcher_type_splits","64","kbo-hitter-abilities-v7-cross-role-calibrated","11","11","11","12","12","12","8","11","KBO","low","223.7","2루수","","","","0","kbo-hitter-abilities-v7-cross-role-calibrated","1652278","99.9","2.4","0.6","https://www.kbofancystats.com/teams/ncdinos/","low","{""level"":""KBO"",""PA"":72,""reliability"":0.375,""advanced_match"":true,""contact_components"":{""avgPct"":0.9066901408450704,""kGoodPct"":0.9595070422535211,""wrcPct"":0.6666666666666666,""babipPct"":0.7383966244725738},""power_components"":{""isoPct"":0.2482394366197183,""hrPct"":0.18661971830985916,""xbhPct"":0.2482394366197183,""wrcPct"":0.6666666666666666},""discipline_components"":{""bbPct"":0.2306338028169014,""bbkPct"":0.8045774647887324,""obpGapPct"":0.375},""defense"":{""position"":""2루수"",""innings"":223.7,""SFR"":2.4},""salary_prior"":null,""salary_support"":0,""cross_role_calibration"":{""reference"":""pitcher_kbo_core_5"",""percentile"":0.6585,""raw_core_average"":11.6,""target_core_average"":11.8,""calibrated_core_average"":11.8}}"
"2025","68912","KBO-68912","NC 다이노스","김형준","C","KBO","0","415","362","3","7","0","10","17","13","9","11","1","12","12","0.2751","0.8421","0.7625","0.1070","0.3650","0.3040","0.4897","0.2386","0.1702","0.0390","0.1051","0.2827","0.0433","0.8067","0.0508","0.0013","high","high","kbo_pitcher_type_splits","362","kbo-hitter-abilities-v7-cross-role-calibrated","12","13","15","13","12","11","10","13","KBO","high","906","포수","","","","0","kbo-hitter-abilities-v7-cross-role-calibrated","1616898","102.3","0.6","3.47","https://www.kbofancystats.com/teams/ncdinos/","high","{""level"":""KBO"",""PA"":415,""reliability"":0.7757,""advanced_match"":true,""contact_components"":{""avgPct"":0.46830985915492956,""kGoodPct"":0.20950704225352113,""wrcPct"":0.7025316455696202,""babipPct"":0.48523206751054854},""power_components"":{""isoPct"":0.8926056338028169,""hrPct"":0.9242957746478874,""xbhPct"":0.8961267605633803,""wrcPct"":0.7025316455696202},""discipline_components"":{""bbPct"":0.7482394366197183,""bbkPct"":0.5140845070422535,""obpGapPct"":0.7341549295774648},""defense"":{""position"":""포수"",""innings"":906,""SFR"":0.6},""salary_prior"":null,""salary_support"":0,""cross_role_calibration"":{""reference"":""pitcher_kbo_core_5"",""percentile"":0.6972,""raw_core_average"":11.8,""target_core_average"":12,""calibrated_core_average"":12}}"
"2025","51344","KBO-51344","NC 다이노스","김휘집","IF","KBO","0","500","429","12","2","1","14","17","12","14","13","1","14","12","0.4443","0.8299","0.3694","0.7333","0.5787","0.6009","0.6685","0.2518","0.1619","0.0318","0.0819","0.1810","0.0778","0.7949","0.0161","0.0058","high","high","kbo_pitcher_type_splits","429","kbo-hitter-abilities-v7-cross-role-calibrated","11","10","10","10","11","12","10","13","KBO","high","1079.3","3루수","","","","0","kbo-hitter-abilities-v7-cross-role-calibrated","1656210","114.9","0.8","4.11","https://www.kbofancystats.com/teams/ncdinos/","high","{""level"":""KBO"",""PA"":500,""reliability"":0.8065,""advanced_match"":true,""contact_components"":{""avgPct"":0.5809859154929577,""kGoodPct"":0.7130281690140845,""wrcPct"":0.7953586497890295,""babipPct"":0.32489451476793246},""power_components"":{""isoPct"":0.8644366197183099,""hrPct"":0.8626760563380281,""xbhPct"":0.8644366197183099,""wrcPct"":0.7953586497890295},""discipline_components"":{""bbPct"":0.5158450704225352,""bbkPct"":0.6496478873239436,""obpGapPct"":0.8098591549295775},""defense"":{""position"":""3루수"",""innings"":1079.3,""SFR"":0.8},""salary_prior"":null,""salary_support"":0,""cross_role_calibration"":{""reference"":""pitcher_kbo_core_5"",""percentile"":0.8697,""raw_core_average"":13.4,""target_core_average"":14.07,""calibrated_core_average"":14}}"
"2025","54944","KBO-54944","NC 다이노스","데이비슨","IF","KBO","0","439","386","1","2","0","15","18","10","11","13","1","10","13","0.8258","0.8959","0.2319","0.1573","0.5258","0.1585","0.6108","0.2864","0.2853","0.0707","0.0745","0.2553","0.0308","0.7716","0.0201","0.0012","high","high","kbo_pitcher_type_splits","386","kbo-hitter-abilities-v7-cross-role-calibrated","11","12","12","12","11","11","13","13","KBO","high","660.3","1루수","168000","foreign_contract_salary","10.60","0","kbo-hitter-abilities-v7-cross-role-calibrated","2933475","153","-2","4.5","https://www.kbofancystats.com/teams/ncdinos/","high","{""level"":""KBO"",""PA"":439,""reliability"":0.7853,""advanced_match"":true,""contact_components"":{""avgPct"":0.8626760563380281,""kGoodPct"":0.329225352112676,""wrcPct"":0.9430379746835443,""babipPct"":0.5316455696202531},""power_components"":{""isoPct"":0.9911971830985915,""hrPct"":0.9947183098591549,""xbhPct"":0.9911971830985915,""wrcPct"":0.9430379746835443},""discipline_components"":{""bbPct"":0.4102112676056338,""bbkPct"":0.36795774647887325,""obpGapPct"":0.31338028169014087},""defense"":{""position"":""1루수"",""innings"":660.3,""SFR"":-2},""salary_prior"":10.598768986403229,""salary_support"":0,""cross_role_calibration"":{""reference"":""pitcher_kbo_core_5"",""percentile"":0.8292,""raw_core_average"":13,""target_core_average"":13.4,""calibrated_core_average"":13.4}}"
"2025","66965","KBO-66965","NC 다이노스","도태훈","IF","KBO","0","98","77","3","1","1","9","12","10","10","10","1","13","11","0.3246","0.5015","0.4102","0.6508","0.4591","0.6198","0.5020","0.2272","0.1223","0.0157","0.0815","0.1799","0.0911","0.8067","0.0299","0.0155","low","low","kbo_pitcher_type_splits","77","kbo-hitter-abilities-v7-cross-role-calibrated","13","11","10","10","12","11","11","12","KBO","low","233","2루수","","","","0","kbo-hitter-abilities-v7-cross-role-calibrated","1218077","69.6","3.2","0.42","https://www.kbofancystats.com/teams/ncdinos/","low","{""level"":""KBO"",""PA"":98,""reliability"":0.4495,""advanced_match"":true,""contact_components"":{""avgPct"":0.2306338028169014,""kGoodPct"":0.7869718309859155,""wrcPct"":0.3691983122362869,""babipPct"":0.17088607594936708},""power_components"":{""isoPct"":0.6672535211267606,""hrPct"":0.5105633802816901,""xbhPct"":0.6637323943661971,""wrcPct"":0.3691983122362869},""discipline_components"":{""bbPct"":0.4278169014084507,""bbkPct"":0.6355633802816901,""obpGapPct"":0.9348591549295775},""defense"":{""position"":""2루수"",""innings"":233,""SFR"":3.2},""salary_prior"":null,""salary_support"":0,""cross_role_calibration"":{""reference"":""pitcher_kbo_core_5"",""percentile"":0.4313,""raw_core_average"":11,""target_core_average"":10.2,""calibrated_core_average"":10.2}}"
"2025","79215","KBO-79215","NC 다이노스","박건우","OF","KBO","0","442","384","10","2","0","18","16","16","17","16","1","13","11","0.8199","0.7064","0.7513","0.8374","0.7424","0.4021","0.5238","0.2835","0.1356","0.0205","0.1036","0.1524","0.0691","0.6744","0.0164","0.0010","high","high","kbo_pitcher_type_splits","384","kbo-hitter-abilities-v7-cross-role-calibrated","11","9","13","9","13","15","15","12","KBO","medium","509","우익수","70000","team_top_salary","12.65","0","kbo-hitter-abilities-v7-cross-role-calibrated","10378","121.6","7.8","3.61","https://www.kbofancystats.com/teams/ncdinos/","high","{""level"":""KBO"",""PA"":442,""reliability"":0.7865,""advanced_match"":true,""contact_components"":{""avgPct"":0.8556338028169014,""kGoodPct"":0.8538732394366197,""wrcPct"":0.8333333333333334,""babipPct"":0.6054852320675106},""power_components"":{""isoPct"":0.7676056338028169,""hrPct"":0.7165492957746479,""xbhPct"":0.7658450704225352,""wrcPct"":0.8333333333333334},""discipline_components"":{""bbPct"":0.7411971830985915,""bbkPct"":0.8855633802816901,""obpGapPct"":0.6672535211267606},""defense"":{""position"":""우익수"",""innings"":509,""SFR"":7.8},""salary_prior"":12.653619025207822,""salary_support"":0,""cross_role_calibration"":{""reference"":""pitcher_kbo_core_5"",""percentile"":0.9577,""raw_core_average"":14.4,""target_core_average"":16.55,""calibrated_core_average"":16.6}}"
"2025","62907","KBO-62907","NC 다이노스","박민우","IF","KBO","0","468","404","36","8","2","18","15","15","17","16","1","16","10","0.8458","0.4868","0.6349","0.8496","0.6716","0.8555","0.4520","0.2941","0.1243","0.0090","0.0936","0.1472","0.1782","0.7715","0.0415","0.0098","high","high","kbo_pitcher_type_splits","404","kbo-hitter-abilities-v7-cross-role-calibrated","14","12","15","11","13","14","14","12","KBO","high","786.3","2루수","90000","team_top_salary","13.11","0","kbo-hitter-abilities-v7-cross-role-calibrated","778528","124.5","1.7","4.52","https://www.kbofancystats.com/teams/ncdinos/","high","{""level"":""KBO"",""PA"":468,""reliability"":0.7959,""advanced_match"":true,""contact_components"":{""avgPct"":0.8820422535211268,""kGoodPct"":0.875,""wrcPct"":0.8502109704641351,""babipPct"":0.8059071729957806},""power_components"":{""isoPct"":0.7024647887323944,""hrPct"":0.43838028169014087,""xbhPct"":0.698943661971831,""wrcPct"":0.8502109704641351},""discipline_components"":{""bbPct"":0.6496478873239436,""bbkPct"":0.846830985915493,""obpGapPct"":0.676056338028169},""defense"":{""position"":""2루수"",""innings"":786.3,""SFR"":1.7},""salary_prior"":13.106831624438708,""salary_support"":0,""cross_role_calibration"":{""reference"":""pitcher_kbo_core_5"",""percentile"":0.9472,""raw_core_average"":14.2,""target_core_average"":16.2,""calibrated_core_average"":16.2}}"
"2025","62244","KBO-62244","NC 다이노스","박세혁","C","KBO","0","93","86","1","0","0","8","12","8","8","10","1","11","12","0.2794","0.5294","0.3346","0.3091","0.3629","0.4597","0.5401","0.2162","0.1164","0.0213","0.0733","0.2467","0.0751","0.7716","0.0196","0.0030","low","low","kbo_pitcher_type_splits","86","kbo-hitter-abilities-v7-cross-role-calibrated","11","10","10","9","11","12","13","12","KBO","low","185.3","포수","60000","team_top_salary","12.38","1","kbo-hitter-abilities-v7-cross-role-calibrated","433922","34.1","0.4","0.01","https://www.kbofancystats.com/teams/samsunglions/","low","{""level"":""KBO"",""PA"":93,""reliability"":0.4366,""advanced_match"":true,""contact_components"":{""avgPct"":0.17781690140845072,""kGoodPct"":0.22007042253521125,""wrcPct"":0.1877637130801688,""babipPct"":0.16244725738396623},""power_components"":{""isoPct"":0.6109154929577465,""hrPct"":0.7341549295774648,""xbhPct"":0.6109154929577465,""wrcPct"":0.1877637130801688},""discipline_components"":{""bbPct"":0.29401408450704225,""bbkPct"":0.2323943661971831,""obpGapPct"":0.3028169014084507},""defense"":{""position"":""포수"",""innings"":185.3,""SFR"":0.4},""salary_prior"":12.375628498537262,""salary_support"":1,""cross_role_calibration"":{""reference"":""pitcher_kbo_core_5"",""percentile"":0.2852,""raw_core_average"":10.8,""target_core_average"":9.2,""calibrated_core_average"":9.2}}"
"2025","50996","KBO-50996","NC 다이노스","박시원","OF","KBO","0","60","54","1","0","0","7","9","9","7","7","1","11","12","0.4154","0.4950","0.5020","0.3845","0.4644","0.4917","0.5345","0.2416","0.1146","0.0194","0.0884","0.2351","0.0785","0.7716","0.0205","0.0032","low","low","kbo_pitcher_type_splits","54","kbo-hitter-abilities-v7-cross-role-calibrated","11","12","10","12","11","11","8","11","KBO","low","146.3","우익수","","","","0","kbo-hitter-abilities-v7-cross-role-calibrated","1652095","58.1","-3.7","-0.12","https://www.kbofancystats.com/teams/ncdinos/","low","{""level"":""KBO"",""PA"":60,""reliability"":0.3333,""advanced_match"":true,""contact_components"":{""avgPct"":0.3591549295774648,""kGoodPct"":0.22535211267605637,""wrcPct"":0.3037974683544304,""babipPct"":0.37130801687763715},""power_components"":{""isoPct"":0.5545774647887324,""hrPct"":0.6514084507042254,""xbhPct"":0.5580985915492958,""wrcPct"":0.3037974683544304},""discipline_components"":{""bbPct"":0.5616197183098591,""bbkPct"":0.38204225352112675,""obpGapPct"":0.48063380281690143},""defense"":{""position"":""우익수"",""innings"":146.3,""SFR"":-3.7},""salary_prior"":null,""salary_support"":0,""cross_role_calibration"":{""reference"":""pitcher_kbo_core_5"",""percentile"":0.1479,""raw_core_average"":10.4,""target_core_average"":7.8,""calibrated_core_average"":7.8}}"
"2025","50906","KBO-50906","NC 다이노스","박영빈","OF","KBO","0","5","4","6","0","1","10","10","10","10","11","1","12","11","0.5060","0.5039","0.5106","0.4986","0.4976","0.5143","0.4396","0.2617","0.1216","0.0200","0.0966","0.2059","0.1943","0.7180","0.0257","0.0232","very_low","low","kbo_pitcher_type_splits","4","kbo-hitter-abilities-v7-cross-role-calibrated","11","11","11","11","11","11","9","11","KBO","low","8","중견수","","","","0","kbo-hitter-abilities-v7-cross-role-calibrated","","","","","","very_low","{""level"":""KBO"",""PA"":5,""reliability"":0.04,""advanced_match"":false,""contact_components"":{""avgPct"":0.5950704225352113,""kGoodPct"":0.09330985915492962,""wrcPct"":0.5,""babipPct"":0.5},""power_components"":{""isoPct"":0.11091549295774648,""hrPct"":0.18661971830985916,""xbhPct"":0.11091549295774648,""wrcPct"":0.5},""discipline_components"":{""bbPct"":0.977112676056338,""bbkPct"":0.7165492957746479,""obpGapPct"":0.971830985915493},""defense"":{""position"":""중견수"",""innings"":8,""SFR"":null},""salary_prior"":null,""salary_support"":0,""cross_role_calibration"":{""reference"":""pitcher_kbo_core_5"",""percentile"":0.4313,""raw_core_average"":11,""target_core_average"":10.2,""calibrated_core_average"":10.2}}"
"2025","69995","KBO-69995","NC 다이노스","서호철","IF","KBO","0","292","263","10","7","0","11","8","5","10","9","1","14","11","0.6569","0.2296","0.1289","0.7216","0.5432","0.6745","0.3603","0.2651","0.0844","0.0130","0.0437","0.1801","0.1069","0.7244","0.0631","0.0016","medium","high","kbo_pitcher_type_splits","263","kbo-hitter-abilities-v7-cross-role-calibrated","9","8","14","8","9","10","11","12","KBO","high","617.3","1루수","","","","0","kbo-hitter-abilities-v7-cross-role-calibrated","1652097","71.2","-3","0.43","https://www.kbofancystats.com/teams/ncdinos/","medium","{""level"":""KBO"",""PA"":292,""reliability"":0.7087,""advanced_match"":true,""contact_components"":{""avgPct"":0.7059859154929577,""kGoodPct"":0.7376760563380282,""wrcPct"":0.4029535864978903,""babipPct"":0.5506329113924051},""power_components"":{""isoPct"":0.41901408450704225,""hrPct"":0.5158450704225352,""xbhPct"":0.4102112676056338,""wrcPct"":0.4029535864978903},""discipline_components"":{""bbPct"":0.16725352112676056,""bbkPct"":0.20246478873239437,""obpGapPct"":0.19190140845070422},""defense"":{""position"":""1루수"",""innings"":617.3,""SFR"":-3},""salary_prior"":null,""salary_support"":0,""cross_role_calibration"":{""reference"":""pitcher_kbo_core_5"",""percentile"":0.2113,""raw_core_average"":10.6,""target_core_average"":8.6,""calibrated_core_average"":8.6}}"
"2025","69203","KBO-69203","NC 다이노스","송승환","OF","KBO","0","15","15","0","0","0","9","9","8","10","10","1","11","11","0.4970","0.5004","0.4704","0.4718","0.4965","0.5025","0.4990","0.2540","0.1186","0.0183","0.0795","0.2227","0.0775","0.7488","0.0252","0.0039","very_low","low","kbo_pitcher_type_splits","15","kbo-hitter-abilities-v7-cross-role-calibrated","11","11","11","11","11","11","8","11","KBO","low","8","좌익수","","","","0","kbo-hitter-abilities-v7-cross-role-calibrated","","","","","","very_low","{""level"":""KBO"",""PA"":15,""reliability"":0.1111,""advanced_match"":false,""contact_components"":{""avgPct"":0.31866197183098594,""kGoodPct"":0.09330985915492962,""wrcPct"":0.5,""babipPct"":0.5},""power_components"":{""isoPct"":0.39436619718309857,""hrPct"":0.18661971830985916,""xbhPct"":0.3873239436619718,""wrcPct"":0.5},""discipline_components"":{""bbPct"":0.07746478873239436,""bbkPct"":0.07746478873239436,""obpGapPct"":0.06866197183098592},""defense"":{""position"":""좌익수"",""innings"":8,""SFR"":null},""salary_prior"":null,""salary_support"":0,""cross_role_calibration"":{""reference"":""pitcher_kbo_core_5"",""percentile"":0.2852,""raw_core_average"":10.8,""target_core_average"":9.2,""calibrated_core_average"":9.2}}"
"2025","50901","KBO-50901","NC 다이노스","안인산","IF","KBO","0","7","6","0","0","0","10","10","10","10","11","1","11","11","0.4923","0.5025","0.4947","0.4937","0.4897","0.5024","0.5000","0.2473","0.1193","0.0197","0.0855","0.2114","0.0821","0.7488","0.0267","0.0041","very_low","low","kbo_pitcher_type_splits","6","kbo-hitter-abilities-v7-cross-role-calibrated","11","11","11","11","11","11","8","11","KBO","low","2","1루수","","","","0","kbo-hitter-abilities-v7-cross-role-calibrated","1652090","-105.5","","-0.13","https://www.kbofancystats.com/teams/ktwiz/","very_low","{""level"":""KBO"",""PA"":7,""reliability"":0.0551,""advanced_match"":true,""contact_components"":{""avgPct"":0.035211267605633804,""kGoodPct"":0.06690140845070425,""wrcPct"":0.0189873417721519,""babipPct"":0.02109704641350211},""power_components"":{""isoPct"":0.11091549295774648,""hrPct"":0.18661971830985916,""xbhPct"":0.11091549295774648,""wrcPct"":0.0189873417721519},""discipline_components"":{""bbPct"":0.07746478873239436,""bbkPct"":0.07746478873239436,""obpGapPct"":0.06866197183098592},""defense"":{""position"":""1루수"",""innings"":2,""SFR"":null},""salary_prior"":null,""salary_support"":0,""cross_role_calibration"":{""reference"":""pitcher_kbo_core_5"",""percentile"":0.4313,""raw_core_average"":11,""target_core_average"":10.2,""calibrated_core_average"":10.2}}"
"2025","64022","KBO-64022","NC 다이노스","안중열","C","KBO","0","60","49","0","0","0","8","8","12","10","8","1","10","11","0.3570","0.4235","0.6287","0.4399","0.4260","0.4489","0.5244","0.2229","0.1050","0.0131","0.1071","0.2164","0.0613","0.7488","0.0199","0.0031","low","low","kbo_pitcher_type_splits","49","kbo-hitter-abilities-v7-cross-role-calibrated","10","10","11","10","10","11","10","10","KBO","low","145.7","포수","","","","0","kbo-hitter-abilities-v7-cross-role-calibrated","973426","50","-0.6","0.06","https://www.kbofancystats.com/teams/ncdinos/","low","{""level"":""KBO"",""PA"":60,""reliability"":0.3333,""advanced_match"":true,""contact_components"":{""avgPct"":0.15316901408450703,""kGoodPct"":0.41021126760563376,""wrcPct"":0.2552742616033755,""babipPct"":0.14556962025316456},""power_components"":{""isoPct"":0.35563380281690143,""hrPct"":0.18661971830985916,""xbhPct"":0.3573943661971831,""wrcPct"":0.2552742616033755},""discipline_components"":{""bbPct"":0.8943661971830986,""bbkPct"":0.7482394366197183,""obpGapPct"":0.9559859154929577},""defense"":{""position"":""포수"",""innings"":145.7,""SFR"":-0.6},""salary_prior"":null,""salary_support"":0,""cross_role_calibration"":{""reference"":""pitcher_kbo_core_5"",""percentile"":0.2852,""raw_core_average"":10.8,""target_core_average"":9.2,""calibrated_core_average"":9.2}}"
"2025","68904","KBO-68904","NC 다이노스","오영수","IF","KBO","0","179","155","5","0","1","11","12","15","11","11","1","12","11","0.3769","0.4059","0.7496","0.2775","0.4212","0.5176","0.4787","0.2440","0.1045","0.0183","0.1116","0.2388","0.0851","0.6992","0.0125","0.0113","medium","medium","kbo_pitcher_type_splits","155","kbo-hitter-abilities-v7-cross-role-calibrated","11","11","11","11","11","12","8","11","KBO","low","64","1루수","","","","0","kbo-hitter-abilities-v7-cross-role-calibrated","1616894","90.4","3.2","0.82","https://www.kbofancystats.com/teams/ncdinos/","medium","{""level"":""KBO"",""PA"":179,""reliability"":0.5987,""advanced_match"":true,""contact_components"":{""avgPct"":0.46830985915492956,""kGoodPct"":0.346830985915493,""wrcPct"":0.5590717299578059,""babipPct"":0.540084388185654},""power_components"":{""isoPct"":0.5422535211267606,""hrPct"":0.6566901408450704,""xbhPct"":0.5299295774647887,""wrcPct"":0.5590717299578059},""discipline_components"":{""bbPct"":0.8397887323943662,""bbkPct"":0.670774647887324,""obpGapPct"":0.8257042253521126},""defense"":{""position"":""1루수"",""innings"":64,""SFR"":3.2},""salary_prior"":null,""salary_support"":0,""cross_role_calibration"":{""reference"":""pitcher_kbo_core_5"",""percentile"":0.6972,""raw_core_average"":11.8,""target_core_average"":12,""calibrated_core_average"":12}}"
"2025","51996","KBO-51996","NC 다이노스","오태양","IF","KBO","0","13","12","3","0","0","9","8","9","10","10","1","12","11","0.5157","0.4947","0.5083","0.5077","0.5037","0.5230","0.4693","0.2608","0.1129","0.0186","0.0898","0.2001","0.1316","0.7298","0.0247","0.0038","very_low","low","kbo_pitcher_type_splits","12","kbo-hitter-abilities-v7-cross-role-calibrated","11","11","12","11","11","11","8","11","KBO","low","33","중견수","","","","0","kbo-hitter-abilities-v7-cross-role-calibrated","1656267","62.5","-1.6","-0.06","https://www.kbofancystats.com/teams/ncdinos/","very_low","{""level"":""KBO"",""PA"":13,""reliability"":0.0977,""advanced_match"":true,""contact_components"":{""avgPct"":0.5950704225352113,""kGoodPct"":0.48767605633802813,""wrcPct"":0.3227848101265823,""babipPct"":0.6856540084388185},""power_components"":{""isoPct"":0.11091549295774648,""hrPct"":0.18661971830985916,""xbhPct"":0.11091549295774648,""wrcPct"":0.3227848101265823},""discipline_components"":{""bbPct"":0.4894366197183099,""bbkPct"":0.4841549295774648,""obpGapPct"":0.375},""defense"":{""position"":""중견수"",""innings"":33,""SFR"":-1.6},""salary_prior"":null,""salary_support"":0,""cross_role_calibration"":{""reference"":""pitcher_kbo_core_5"",""percentile"":0.2852,""raw_core_average"":10.8,""target_core_average"":9.2,""calibrated_core_average"":9.2}}"
"2025","63260","KBO-63260","NC 다이노스","이우성","OF","KBO","0","337","300","3","5","1","13","12","12","12","11","1","12","10","0.4670","0.3948","0.6018","0.5882","0.4956","0.3412","0.3496","0.2530","0.1141","0.0117","0.0919","0.1959","0.0458","0.7298","0.0409","0.0078","high","medium","kbo_pitcher_type_splits","300","kbo-hitter-abilities-v7-cross-role-calibrated","12","12","15","9","9","11","11","11","KBO","high","637","좌익수","","","","0","kbo-hitter-abilities-v7-cross-role-calibrated","799422","90.6","-18.1","0.32","https://www.kbofancystats.com/teams/ncdinos/","high","{""level"":""KBO"",""PA"":337,""reliability"":0.7374,""advanced_match"":true,""contact_components"":{""avgPct"":0.5950704225352113,""kGoodPct"":0.6144366197183099,""wrcPct"":0.5632911392405063,""babipPct"":0.5189873417721519},""power_components"":{""isoPct"":0.6461267605633803,""hrPct"":0.49471830985915494,""xbhPct"":0.6461267605633803,""wrcPct"":0.5632911392405063},""discipline_components"":{""bbPct"":0.6320422535211268,""bbkPct"":0.6742957746478874,""obpGapPct"":0.5193661971830986},""defense"":{""position"":""좌익수"",""innings"":637,""SFR"":-18.1},""salary_prior"":null,""salary_support"":0,""cross_role_calibration"":{""reference"":""pitcher_kbo_core_5"",""percentile"":0.6972,""raw_core_average"":11.8,""target_core_average"":12,""calibrated_core_average"":12}}"
"2025","55993","KBO-55993","NC 다이노스","장창훈","IF","FUTURES","-2","58","46","9","","","7","6","8","9","9","1","8","9","0.3803","0.3595","0.6041","0.4733","0.4175","0.5765","0.3595","0.2606","0.0991","0.0139","0.1325","0.1722","0.1921","0.6293","","","low","low","futures_contact_k_proxy","0","kbo-hitter-abilities-v7-cross-role-calibrated","9","9","9","9","9","9","7","9","POSITION_PRIOR","very_low","0","외야수","","","","0","kbo-hitter-abilities-v7-cross-role-calibrated","","","","","","low","{""level"":""FUTURES"",""PA"":58,""reliability"":0.2437,""advanced_match"":false,""contact_components"":{""avgPct"":0.27419354838709675,""kGoodPct"":0.532258064516129,""wrcPct"":0.5,""babipPct"":0.5},""power_components"":{""isoPct"":0.08064516129032258,""hrPct"":0.16129032258064516,""xbhPct"":0.08064516129032258,""wrcPct"":0.5},""discipline_components"":{""bbPct"":0.8225806451612904,""bbkPct"":0.7258064516129032,""obpGapPct"":0.8387096774193549},""defense"":{""position"":"""",""innings"":0,""SFR"":null},""salary_prior"":null,""salary_support"":0,""cross_role_calibration"":{""reference"":""pitcher_futures_core_5"",""percentile"":0.371,""raw_core_average"":8.4,""target_core_average"":7.8,""calibrated_core_average"":7.8}}"
"2025","67905","KBO-67905","NC 다이노스","천재환","OF","KBO","0","294","261","20","1","0","11","13","9","12","11","1","15","12","0.3663","0.6577","0.1913","0.5775","0.4379","0.7872","0.6566","0.2444","0.1292","0.0206","0.0664","0.1970","0.1883","0.7496","0.0182","0.0016","medium","high","kbo_pitcher_type_splits","261","kbo-hitter-abilities-v7-cross-role-calibrated","12","10","11","10","12","11","11","13","KBO","high","691","중견수","","","","0","kbo-hitter-abilities-v7-cross-role-calibrated","1403600","77.8","20.1","2.03","https://www.kbofancystats.com/teams/ncdinos/","medium","{""level"":""KBO"",""PA"":294,""reliability"":0.7101,""advanced_match"":true,""contact_components"":{""avgPct"":0.5123239436619719,""kGoodPct"":0.6109154929577465,""wrcPct"":0.47890295358649787,""babipPct"":0.32489451476793246},""power_components"":{""isoPct"":0.727112676056338,""hrPct"":0.721830985915493,""xbhPct"":0.727112676056338,""wrcPct"":0.47890295358649787},""discipline_components"":{""bbPct"":0.31514084507042256,""bbkPct"":0.4137323943661972,""obpGapPct"":0.3274647887323944},""defense"":{""position"":""중견수"",""innings"":691,""SFR"":20.1},""salary_prior"":null,""salary_support"":0,""cross_role_calibration"":{""reference"":""pitcher_kbo_core_5"",""percentile"":0.5687,""raw_core_average"":11.2,""target_core_average"":11.2,""calibrated_core_average"":11.2}}"
"2025","66606","KBO-66606","NC 다이노스","최원준","OF","KBO","0","449","413","34","7","3","12","11","9","13","11","1","15","10","0.3767","0.2826","0.1156","0.7981","0.5400","0.8228","0.4347","0.2460","0.0968","0.0148","0.0585","0.1651","0.2203","0.7611","0.0482","0.0185","high","high","kbo_pitcher_type_splits","413","kbo-hitter-abilities-v7-cross-role-calibrated","9","10","14","10","9","11","11","12","KBO","high","942.3","중견수","","","","0","kbo-hitter-abilities-v7-cross-role-calibrated","1216218","72","-8","0.93","https://www.kbofancystats.com/teams/ktwiz/","high","{""level"":""KBO"",""PA"":449,""reliability"":0.7891,""advanced_match"":true,""contact_components"":{""avgPct"":0.5387323943661971,""kGoodPct"":0.8045774647887324,""wrcPct"":0.41139240506329117,""babipPct"":0.31856540084388185},""power_components"":{""isoPct"":0.5299295774647887,""hrPct"":0.5862676056338029,""xbhPct"":0.522887323943662,""wrcPct"":0.41139240506329117},""discipline_components"":{""bbPct"":0.272887323943662,""bbkPct"":0.4630281690140845,""obpGapPct"":0.25880281690140844},""defense"":{""position"":""중견수"",""innings"":942.3,""SFR"":-8},""salary_prior"":null,""salary_support"":0,""cross_role_calibration"":{""reference"":""pitcher_kbo_core_5"",""percentile"":0.5687,""raw_core_average"":11.2,""target_core_average"":11.2,""calibrated_core_average"":11.2}}"
"2025","69992","KBO-69992","NC 다이노스","최정원","IF","KBO","0","155","120","36","2","0","15","9","15","14","12","1","14","12","0.6392","0.2412","0.7065","0.7301","0.5977","0.6385","0.6738","0.2692","0.0711","0.0082","0.1064","0.1632","0.3549","0.8149","0.0295","0.0018","medium","high","kbo_pitcher_type_splits","120","kbo-hitter-abilities-v7-cross-role-calibrated","12","13","14","13","12","13","8","10","KBO","medium","354.7","중견수","","","","0","kbo-hitter-abilities-v7-cross-role-calibrated","1652096","111.3","-3.3","1.32","https://www.kbofancystats.com/teams/ncdinos/","medium","{""level"":""KBO"",""PA"":155,""reliability"":0.5636,""advanced_match"":true,""contact_components"":{""avgPct"":0.7605633802816901,""kGoodPct"":0.8573943661971831,""wrcPct"":0.770042194092827,""babipPct"":0.6856540084388185},""power_components"":{""isoPct"":0.22887323943661972,""hrPct"":0.18661971830985916,""xbhPct"":0.22887323943661972,""wrcPct"":0.770042194092827},""discipline_components"":{""bbPct"":0.7869718309859155,""bbkPct"":0.9049295774647887,""obpGapPct"":0.948943661971831},""defense"":{""position"":""중견수"",""innings"":354.7,""SFR"":-3.3},""salary_prior"":null,""salary_support"":0,""cross_role_calibration"":{""reference"":""pitcher_kbo_core_5"",""percentile"":0.794,""raw_core_average"":12.6,""target_core_average"":13.04,""calibrated_core_average"":13}}"
"2025","64101","KBO-64101","NC 다이노스","한석현","OF","KBO","0","138","113","2","0","1","10","14","12","11","11","1","11","11","0.2786","0.6041","0.5153","0.5684","0.4187","0.4127","0.4976","0.2264","0.1251","0.0214","0.0888","0.1959","0.0694","0.7073","0.0152","0.0137","medium","medium","kbo_pitcher_type_splits","113","kbo-hitter-abilities-v7-cross-role-calibrated","12","11","13","11","11","11","10","11","KBO","medium","298.7","중견수","","","","0","kbo-hitter-abilities-v7-cross-role-calibrated","975025","74.4","3","0.51","https://www.kbofancystats.com/teams/ncdinos/","medium","{""level"":""KBO"",""PA"":138,""reliability"":0.5349,""advanced_match"":true,""contact_components"":{""avgPct"":0.28169014084507044,""kGoodPct"":0.6179577464788732,""wrcPct"":0.43248945147679324,""babipPct"":0.1877637130801688},""power_components"":{""isoPct"":0.7024647887323944,""hrPct"":0.7394366197183099,""xbhPct"":0.7024647887323944,""wrcPct"":0.43248945147679324},""discipline_components"":{""bbPct"":0.5862676056338029,""bbkPct"":0.6426056338028169,""obpGapPct"":0.8661971830985915},""defense"":{""position"":""중견수"",""innings"":298.7,""SFR"":3},""salary_prior"":null,""salary_support"":0,""cross_role_calibration"":{""reference"":""pitcher_kbo_core_5"",""percentile"":0.625,""raw_core_average"":11.4,""target_core_average"":11.6,""calibrated_core_average"":11.6}}"
"2025","50903","KBO-50903","NC 다이노스","한재환","IF","KBO","0","31","27","0","0","0","7","7","9","7","7","1","10","11","0.4659","0.4503","0.4771","0.3988","0.4530","0.4837","0.5089","0.2458","0.0995","0.0161","0.0851","0.2566","0.0696","0.7488","0.0226","0.0035","low","low","kbo_pitcher_type_splits","27","kbo-hitter-abilities-v7-cross-role-calibrated","11","11","11","11","11","11","8","10","KBO","low","32.3","1루수","","","","0","kbo-hitter-abilities-v7-cross-role-calibrated","2939351","47.4","-0.9","-0.12","https://www.kbofancystats.com/teams/ncdinos/","low","{""level"":""KBO"",""PA"":31,""reliability"":0.2053,""advanced_match"":true,""contact_components"":{""avgPct"":0.24119718309859156,""kGoodPct"":0.05809859154929575,""wrcPct"":0.24261603375527427,""babipPct"":0.9261603375527426},""power_components"":{""isoPct"":0.11091549295774648,""hrPct"":0.18661971830985916,""xbhPct"":0.11091549295774648,""wrcPct"":0.24261603375527427},""discipline_components"":{""bbPct"":0.3644366197183099,""bbkPct"":0.18838028169014084,""obpGapPct"":0.8362676056338029},""defense"":{""position"":""1루수"",""innings"":32.3,""SFR"":-0.9},""salary_prior"":null,""salary_support"":0,""cross_role_calibration"":{""reference"":""pitcher_kbo_core_5"",""percentile"":0.0951,""raw_core_average"":10.2,""target_core_average"":7.4,""calibrated_core_average"":7.4}}"
"2025","50600","KBO-50600","NC 다이노스","홍종표","IF","KBO","0","85","73","3","0","1","5","6","8","7","7","1","12","11","0.3106","0.3140","0.4943","0.3714","0.3814","0.5323","0.4483","0.2209","0.0731","0.0114","0.0873","0.2304","0.1030","0.6529","0.0194","0.0175","low","low","kbo_pitcher_type_splits","73","kbo-hitter-abilities-v7-cross-role-calibrated","12","11","11","11","12","11","8","10","KBO","low","194.7","2루수","","","","0","kbo-hitter-abilities-v7-cross-role-calibrated","1652080","13.4","2.2","-0.31","https://www.kbofancystats.com/teams/ncdinos/","low","{""level"":""KBO"",""PA"":85,""reliability"":0.4146,""advanced_match"":true,""contact_components"":{""avgPct"":0.1813380281690141,""kGoodPct"":0.32570422535211263,""wrcPct"":0.1160337552742616,""babipPct"":0.2088607594936709},""power_components"":{""isoPct"":0.11091549295774648,""hrPct"":0.18661971830985916,""xbhPct"":0.11091549295774648,""wrcPct"":0.1160337552742616},""discipline_components"":{""bbPct"":0.5475352112676056,""bbkPct"":0.4295774647887324,""obpGapPct"":0.5176056338028169},""defense"":{""position"":""2루수"",""innings"":194.7,""SFR"":2.2},""salary_prior"":null,""salary_support"":0,""cross_role_calibration"":{""reference"":""pitcher_kbo_core_5"",""percentile"":0.0335,""raw_core_average"":9.8,""target_core_average"":6.6,""calibrated_core_average"":6.6}}"
"2025","51868","KBO-51868","SSG 랜더스","고명준","IF","KBO","0","500","471","2","1","0","15","16","7","12","12","1","11","14","0.7687","0.8195","0.0936","0.5836","0.6103","0.2143","0.6797","0.2753","0.1500","0.0318","0.0486","0.1977","0.0328","0.7906","0.0126","0.0011","high","high","kbo_pitcher_type_splits","471","kbo-hitter-abilities-v7-cross-role-calibrated","13","13","13","13","14","11","10","14","KBO","high","986","1루수","","","","0","kbo-hitter-abilities-v7-cross-role-calibrated","1656223","100.7","5.2","2.34","https://www.kbofancystats.com/teams/ssglanders/","high","{""level"":""KBO"",""PA"":500,""reliability"":0.8065,""advanced_match"":true,""contact_components"":{""avgPct"":0.7799295774647887,""kGoodPct"":0.6073943661971831,""wrcPct"":0.6772151898734177,""babipPct"":0.5506329113924051},""power_components"":{""isoPct"":0.8327464788732394,""hrPct"":0.8626760563380281,""xbhPct"":0.8327464788732394,""wrcPct"":0.6772151898734177},""discipline_components"":{""bbPct"":0.22183098591549297,""bbkPct"":0.27992957746478875,""obpGapPct"":0.1742957746478873},""defense"":{""position"":""1루수"",""innings"":986,""SFR"":5.2},""salary_prior"":null,""salary_support"":0,""cross_role_calibration"":{""reference"":""pitcher_kbo_core_5"",""percentile"":0.7324,""raw_core_average"":12,""target_core_average"":12.4,""calibrated_core_average"":12.4}}"
"2025","54810","KBO-54810","SSG 랜더스","김규민","C","FUTURES","-2","179","161","2","","","5","9","3","4","7","1","9","9","0.4316","0.7974","0.2807","0.1897","0.3348","0.4524","0.4652","0.2837","0.2163","0.0437","0.1001","0.2445","0.0620","0.6631","","","medium","medium","futures_contact_k_proxy","0","kbo-hitter-abilities-v7-cross-role-calibrated","9","9","9","9","9","8","7","11","POSITION_PRIOR","very_low","0","포수","","","","0","kbo-hitter-abilities-v7-cross-role-calibrated","","","","","","medium","{""level"":""FUTURES"",""PA"":179,""reliability"":0.4986,""advanced_match"":false,""contact_components"":{""avgPct"":0.6290322580645161,""kGoodPct"":0.048387096774193505,""wrcPct"":0.5,""babipPct"":0.5},""power_components"":{""isoPct"":0.9838709677419355,""hrPct"":0.9838709677419355,""xbhPct"":0.9838709677419355,""wrcPct"":0.5},""discipline_components"":{""bbPct"":0.1774193548387097,""bbkPct"":0.04838709677419355,""obpGapPct"":0.08064516129032258},""defense"":{""position"":"""",""innings"":0,""SFR"":null},""salary_prior"":null,""salary_support"":0,""cross_role_calibration"":{""reference"":""pitcher_futures_core_5"",""percentile"":0.1452,""raw_core_average"":8.2,""target_core_average"":5.59,""calibrated_core_average"":5.6}}"
"2025","62864","KBO-62864","SSG 랜더스","김민식","C","FUTURES","-2","50","42","0","","","7","7","9","7","9","1","8","9","0.3591","0.3799","0.5673","0.3667","0.3621","0.4644","0.5000","0.2468","0.1019","0.0146","0.1263","0.2080","0.0665","0.6957","","","low","low","futures_contact_k_proxy","0","kbo-hitter-abilities-v7-cross-role-calibrated","9","9","9","9","9","9","11","9","POSITION_PRIOR","very_low","0","포수","","","","0","kbo-hitter-abilities-v7-cross-role-calibrated","","","","","","low","{""level"":""FUTURES"",""PA"":50,""reliability"":0.2174,""advanced_match"":false,""contact_components"":{""avgPct"":0.06451612903225806,""kGoodPct"":0.08064516129032262,""wrcPct"":0.5,""babipPct"":0.5},""power_components"":{""isoPct"":0.08064516129032258,""hrPct"":0.16129032258064516,""xbhPct"":0.08064516129032258,""wrcPct"":0.5},""discipline_components"":{""bbPct"":0.6935483870967742,""bbkPct"":0.3548387096774194,""obpGapPct"":0.8548387096774194},""defense"":{""position"":"""",""innings"":0,""SFR"":null},""salary_prior"":null,""salary_support"":0,""cross_role_calibration"":{""reference"":""pitcher_futures_core_5"",""percentile"":0.371,""raw_core_average"":8.4,""target_core_average"":7.8,""calibrated_core_average"":7.8}}"
"2025","50848","KBO-50848","SSG 랜더스","김성민","IF","FUTURES","-2","10","7","0","","","8","8","10","10","10","1","8","9","0.4894","0.4934","0.5298","0.5053","0.4958","0.5050","0.5000","0.2808","0.1352","0.0199","0.1358","0.1655","0.0788","0.6957","","","very_low","low","futures_contact_k_proxy","0","kbo-hitter-abilities-v7-cross-role-calibrated","9","9","9","9","9","9","7","9","POSITION_PRIOR","very_low","0","투수","","","","0","kbo-hitter-abilities-v7-cross-role-calibrated","","","","","","very_low","{""level"":""FUTURES"",""PA"":10,""reliability"":0.0526,""advanced_match"":false,""contact_components"":{""avgPct"":0.06451612903225806,""kGoodPct"":0.9516129032258065,""wrcPct"":0.5,""babipPct"":0.5},""power_components"":{""isoPct"":0.08064516129032258,""hrPct"":0.16129032258064516,""xbhPct"":0.08064516129032258,""wrcPct"":0.5},""discipline_components"":{""bbPct"":0.9838709677419355,""bbkPct"":0.9838709677419355,""obpGapPct"":0.9838709677419355},""defense"":{""position"":""투수"",""innings"":0,""SFR"":null},""salary_prior"":null,""salary_support"":0,""cross_role_calibration"":{""reference"":""pitcher_futures_core_5"",""percentile"":0.5645,""raw_core_average"":8.6,""target_core_average"":9.23,""calibrated_core_average"":9.2}}"
"2025","62934","KBO-62934","SSG 랜더스","김성욱","OF","KBO","0","132","123","3","1","0","6","9","6","7","7","1","12","10","0.2640","0.4400","0.2826","0.3187","0.4332","0.5079","0.4250","0.2252","0.1105","0.0177","0.0696","0.2354","0.0888","0.6529","0.0292","0.0026","medium","medium","kbo_pitcher_type_splits","123","kbo-hitter-abilities-v7-cross-role-calibrated","12","12","10","13","12","10","11","12","KBO","medium","291.7","우익수","","","","0","kbo-hitter-abilities-v7-cross-role-calibrated","778539","48.7","6.5","0.21","https://www.kbofancystats.com/teams/ssglanders/","medium","{""level"":""KBO"",""PA"":132,""reliability"":0.5238,""advanced_match"":true,""contact_components"":{""avgPct"":0.28169014084507044,""kGoodPct"":0.3433098591549296,""wrcPct"":0.2510548523206751,""babipPct"":0.26371308016877637},""power_components"":{""isoPct"":0.579225352112676,""hrPct"":0.625,""xbhPct"":0.579225352112676,""wrcPct"":0.2510548523206751},""discipline_components"":{""bbPct"":0.2904929577464789,""bbkPct"":0.2676056338028169,""obpGapPct"":0.26936619718309857},""defense"":{""position"":""우익수"",""innings"":291.7,""SFR"":6.5},""salary_prior"":null,""salary_support"":0,""cross_role_calibration"":{""reference"":""pitcher_kbo_core_5"",""percentile"":0.0599,""raw_core_average"":10,""target_core_average"":7,""calibrated_core_average"":7}}"
"2025","76802","KBO-76802","SSG 랜더스","김성현","IF","KBO","0","137","115","2","1","0","11","10","15","12","10","1","11","11","0.3427","0.3104","0.6944","0.7066","0.4534","0.4001","0.4802","0.2382","0.0867","0.0131","0.1061","0.1672","0.0671","0.7073","0.0257","0.0023","medium","medium","kbo_pitcher_type_splits","115","kbo-hitter-abilities-v7-cross-role-calibrated","11","11","13","10","10","12","12","10","KBO","medium","290.3","3루수","","","","0","kbo-hitter-abilities-v7-cross-role-calibrated","10201","66.7","-5.1","0.05","https://www.kbofancystats.com/teams/ssglanders/","medium","{""level"":""KBO"",""PA"":137,""reliability"":0.5331,""advanced_match"":true,""contact_components"":{""avgPct"":0.40492957746478875,""kGoodPct"":0.846830985915493,""wrcPct"":0.35654008438818563,""babipPct"":0.25316455696202533},""power_components"":{""isoPct"":0.3257042253521127,""hrPct"":0.4595070422535211,""xbhPct"":0.3221830985915493,""wrcPct"":0.35654008438818563},""discipline_components"":{""bbPct"":0.7940140845070423,""bbkPct"":0.8961267605633803,""obpGapPct"":0.801056338028169},""defense"":{""position"":""3루수"",""innings"":290.3,""SFR"":-5.1},""salary_prior"":null,""salary_support"":0,""cross_role_calibration"":{""reference"":""pitcher_kbo_core_5"",""percentile"":0.625,""raw_core_average"":11.4,""target_core_average"":11.6,""calibrated_core_average"":11.6}}"
"2025","67900","KBO-67900","SSG 랜더스","김수윤","IF","KBO","0","12","11","0","0","0","7","7","7","9","9","1","11","11","0.4834","0.4965","0.4825","0.4900","0.4842","0.5044","0.4985","0.2452","0.1139","0.0188","0.0816","0.2109","0.0789","0.7488","0.0257","0.0040","very_low","low","kbo_pitcher_type_splits","11","kbo-hitter-abilities-v7-cross-role-calibrated","11","11","11","10","11","11","9","11","KBO","low","35","3루수","","","","0","kbo-hitter-abilities-v7-cross-role-calibrated","1403071","-17.9","-1","-0.14","https://www.kbofancystats.com/teams/ssglanders/","very_low","{""level"":""KBO"",""PA"":12,""reliability"":0.0909,""advanced_match"":true,""contact_components"":{""avgPct"":0.1073943661971831,""kGoodPct"":0.15669014084507038,""wrcPct"":0.06962025316455696,""babipPct"":0.08227848101265822},""power_components"":{""isoPct"":0.11091549295774648,""hrPct"":0.18661971830985916,""xbhPct"":0.11091549295774648,""wrcPct"":0.06962025316455696},""discipline_components"":{""bbPct"":0.07746478873239436,""bbkPct"":0.07746478873239436,""obpGapPct"":0.5809859154929577},""defense"":{""position"":""3루수"",""innings"":35,""SFR"":-1},""salary_prior"":null,""salary_support"":0,""cross_role_calibration"":{""reference"":""pitcher_kbo_core_5"",""percentile"":0.1479,""raw_core_average"":10.4,""target_core_average"":7.8,""calibrated_core_average"":7.8}}"
"2025","66917","KBO-66917","SSG 랜더스","김찬형","IF","KBO","0","78","73","0","1","0","8","6","6","8","7","1","10","10","0.3269","0.3373","0.3264","0.6180","0.4612","0.4317","0.4783","0.2267","0.0846","0.0118","0.0682","0.1832","0.0613","0.7488","0.0349","0.0031","low","low","kbo_pitcher_type_splits","73","kbo-hitter-abilities-v7-cross-role-calibrated","11","11","12","11","11","10","9","10","KBO","low","216.7","3루수","","","","0","kbo-hitter-abilities-v7-cross-role-calibrated","","","","","","low","{""level"":""KBO"",""PA"":78,""reliability"":0.3939,""advanced_match"":false,""contact_components"":{""avgPct"":0.22359154929577466,""kGoodPct"":0.7764084507042254,""wrcPct"":0.5,""babipPct"":0.5},""power_components"":{""isoPct"":0.23767605633802816,""hrPct"":0.18661971830985916,""xbhPct"":0.23767605633802816,""wrcPct"":0.5},""discipline_components"":{""bbPct"":0.20774647887323944,""bbkPct"":0.3274647887323944,""obpGapPct"":0.2306338028169014},""defense"":{""position"":""3루수"",""innings"":216.7,""SFR"":null},""salary_prior"":null,""salary_support"":0,""cross_role_calibration"":{""reference"":""pitcher_kbo_core_5"",""percentile"":0.0599,""raw_core_average"":10,""target_core_average"":7,""calibrated_core_average"":7}}"
"2025","69825","KBO-69825","SSG 랜더스","김창평","OF","FUTURES","-2","65","47","7","","","10","10","12","11","11","1","8","9","0.3616","0.4485","0.6891","0.4828","0.4101","0.5794","0.6242","0.2520","0.1324","0.0193","0.1754","0.1709","0.1521","0.7622","","","low","low","futures_contact_k_proxy","0","kbo-hitter-abilities-v7-cross-role-calibrated","8","8","8","9","9","9","7","9","KBO","low","6","우익수","","","","0","kbo-hitter-abilities-v7-cross-role-calibrated","","","","","","low","{""level"":""FUTURES"",""PA"":65,""reliability"":0.2653,""advanced_match"":false,""contact_components"":{""avgPct"":0.11290322580645161,""kGoodPct"":0.5967741935483871,""wrcPct"":0.5,""babipPct"":0.5},""power_components"":{""isoPct"":0.43548387096774194,""hrPct"":0.46774193548387094,""xbhPct"":0.4032258064516129,""wrcPct"":0.5},""discipline_components"":{""bbPct"":0.9516129032258065,""bbkPct"":0.9516129032258065,""obpGapPct"":0.9193548387096774},""defense"":{""position"":""우익수"",""innings"":6,""SFR"":null},""salary_prior"":null,""salary_support"":0,""cross_role_calibration"":{""reference"":""pitcher_futures_core_5"",""percentile"":0.7097,""raw_core_average"":8.8,""target_core_average"":10.8,""calibrated_core_average"":10.8}}"
"2025","52803","KBO-52803","SSG 랜더스","김태윤","IF","KBO","0","4","2","2","0","0","10","10","10","10","11","1","11","11","0.5046","0.5035","0.5133","0.5087","0.5044","0.5158","0.4709","0.2668","0.1239","0.0202","0.1071","0.1886","0.1152","0.7073","0.0252","0.0039","very_low","low","kbo_pitcher_type_splits","2","kbo-hitter-abilities-v7-cross-role-calibrated","11","11","11","11","11","11","7","11","KBO","low","8","3루수","","","","0","kbo-hitter-abilities-v7-cross-role-calibrated","2953377","266.1","","0.08","https://www.kbofancystats.com/teams/ssglanders/","very_low","{""level"":""KBO"",""PA"":4,""reliability"":0.0323,""advanced_match"":true,""contact_components"":{""avgPct"":0.9859154929577465,""kGoodPct"":0.9806338028169014,""wrcPct"":0.989451476793249,""babipPct"":0.9725738396624473},""power_components"":{""isoPct"":0.11091549295774648,""hrPct"":0.18661971830985916,""xbhPct"":0.11091549295774648,""wrcPct"":0.989451476793249},""discipline_components"":{""bbPct"":0.9947183098591549,""bbkPct"":0.9964788732394366,""obpGapPct"":0.9947183098591549},""defense"":{""position"":""3루수"",""innings"":8,""SFR"":null},""salary_prior"":null,""salary_support"":0,""cross_role_calibration"":{""reference"":""pitcher_kbo_core_5"",""percentile"":0.4313,""raw_core_average"":11,""target_core_average"":10.2,""calibrated_core_average"":10.2}}"
"2025","50868","KBO-50868","SSG 랜더스","류효승","OF","KBO","0","103","94","1","0","0","12","15","10","11","12","1","11","11","0.6561","0.7181","0.3866","0.3455","0.5324","0.4074","0.5328","0.2743","0.1837","0.0399","0.0795","0.2346","0.0638","0.6807","0.0167","0.0026","medium","low","kbo_pitcher_type_splits","94","kbo-hitter-abilities-v7-cross-role-calibrated","11","11","11","11","11","11","10","12","KBO","low","5","좌익수","","","","0","kbo-hitter-abilities-v7-cross-role-calibrated","1652057","139.6","-0.9","0.91","https://www.kbofancystats.com/teams/ssglanders/","medium","{""level"":""KBO"",""PA"":103,""reliability"":0.4619,""advanced_match"":true,""contact_components"":{""avgPct"":0.8345070422535211,""kGoodPct"":0.32218309859154926,""wrcPct"":0.9050632911392406,""babipPct"":0.8122362869198312},""power_components"":{""isoPct"":0.9630281690140845,""hrPct"":0.9595070422535211,""xbhPct"":0.9630281690140845,""wrcPct"":0.9050632911392406},""discipline_components"":{""bbPct"":0.3961267605633803,""bbkPct"":0.34683098591549294,""obpGapPct"":0.43485915492957744},""defense"":{""position"":""좌익수"",""innings"":5,""SFR"":-0.9},""salary_prior"":null,""salary_support"":0,""cross_role_calibration"":{""reference"":""pitcher_kbo_core_5"",""percentile"":0.6972,""raw_core_average"":11.8,""target_core_average"":12,""calibrated_core_average"":12}}"
"2025","67893","KBO-67893","SSG 랜더스","박성한","IF","KBO","0","538","452","11","4","1","16","15","18","16","16","1","13","10","0.7465","0.3546","0.9083","0.7776","0.6358","0.4477","0.3752","0.2721","0.1099","0.0143","0.1382","0.1765","0.0607","0.5946","0.0214","0.0048","high","high","kbo_pitcher_type_splits","452","kbo-hitter-abilities-v7-cross-role-calibrated","15","13","15","11","14","14","11","11","KBO","high","1065.3","유격수","","","","0","kbo-hitter-abilities-v7-cross-role-calibrated","1403069","118","3","4.91","https://www.kbofancystats.com/teams/ssglanders/","high","{""level"":""KBO"",""PA"":538,""reliability"":0.8176,""advanced_match"":true,""contact_components"":{""avgPct"":0.7447183098591549,""kGoodPct"":0.755281690140845,""wrcPct"":0.820675105485232,""babipPct"":0.6582278481012658},""power_components"":{""isoPct"":0.6232394366197183,""hrPct"":0.5686619718309859,""xbhPct"":0.6214788732394366,""wrcPct"":0.820675105485232},""discipline_components"":{""bbPct"":0.9348591549295775,""bbkPct"":0.9172535211267606,""obpGapPct"":0.8591549295774648},""defense"":{""position"":""유격수"",""innings"":1065.3,""SFR"":3},""salary_prior"":null,""salary_support"":0,""cross_role_calibration"":{""reference"":""pitcher_kbo_core_5"",""percentile"":0.9472,""raw_core_average"":14.2,""target_core_average"":16.2,""calibrated_core_average"":16.2}}"
"2025","51860","KBO-51860","SSG 랜더스","박정빈","OF","FUTURES","-2","108","84","8","","","13","12","13","13","12","1","9","9","0.6046","0.4384","0.7096","0.6624","0.6277","0.6910","0.6516","0.3046","0.1384","0.0153","0.1488","0.1500","0.1264","0.8309","","","low","low","futures_contact_k_proxy","0","kbo-hitter-abilities-v7-cross-role-calibrated","9","9","9","9","9","10","7","9","POSITION_PRIOR","very_low","0","외야수","","","","0","kbo-hitter-abilities-v7-cross-role-calibrated","","","","","","low","{""level"":""FUTURES"",""PA"":108,""reliability"":0.375,""advanced_match"":false,""contact_components"":{""avgPct"":0.9516129032258065,""kGoodPct"":0.8225806451612903,""wrcPct"":0.5,""babipPct"":0.5},""power_components"":{""isoPct"":0.5645161290322581,""hrPct"":0.3387096774193548,""xbhPct"":0.5645161290322581,""wrcPct"":0.5},""discipline_components"":{""bbPct"":0.8870967741935484,""bbkPct"":0.8870967741935484,""obpGapPct"":0.7903225806451613},""defense"":{""position"":"""",""innings"":0,""SFR"":null},""salary_prior"":null,""salary_support"":0,""cross_role_calibration"":{""reference"":""pitcher_futures_core_5"",""percentile"":0.9194,""raw_core_average"":9.6,""target_core_average"":12.69,""calibrated_core_average"":12.6}}"
"2025","54805","KBO-54805","SSG 랜더스","박지환","IF","KBO","0","68","60","1","1","0","7","5","7","7","7","1","11","10","0.3290","0.3442","0.4024","0.3924","0.3820","0.4964","0.4606","0.2201","0.0790","0.0125","0.0782","0.2299","0.0810","0.6807","0.0371","0.0033","low","low","kbo_pitcher_type_splits","60","kbo-hitter-abilities-v7-cross-role-calibrated","10","10","10","10","10","10","7","10","KBO","low","177.3","3루수","","","","0","kbo-hitter-abilities-v7-cross-role-calibrated","","","","","","low","{""level"":""KBO"",""PA"":68,""reliability"":0.3617,""advanced_match"":false,""contact_components"":{""avgPct"":0.16725352112676056,""kGoodPct"":0.29401408450704225,""wrcPct"":0.5,""babipPct"":0.5},""power_components"":{""isoPct"":0.11091549295774648,""hrPct"":0.18661971830985916,""xbhPct"":0.11091549295774648,""wrcPct"":0.5},""discipline_components"":{""bbPct"":0.33098591549295775,""bbkPct"":0.2834507042253521,""obpGapPct"":0.2887323943661972},""defense"":{""position"":""3루수"",""innings"":177.3,""SFR"":null},""salary_prior"":null,""salary_support"":0,""cross_role_calibration"":{""reference"":""pitcher_kbo_core_5"",""percentile"":0.0335,""raw_core_average"":9.8,""target_core_average"":6.6,""calibrated_core_average"":6.6}}"
"2025","52804","KBO-52804","SSG 랜더스","석정우","IF","KBO","0","54","49","0","1","0","11","13","11","10","11","1","10","10","0.5631","0.5972","0.4698","0.3660","0.5146","0.4520","0.4780","0.2632","0.1318","0.0266","0.0853","0.2443","0.0622","0.7488","0.0354","0.0031","low","low","kbo_pitcher_type_splits","49","kbo-hitter-abilities-v7-cross-role-calibrated","10","10","11","9","10","11","9","11","KBO","low","138.3","3루수","","","","0","kbo-hitter-abilities-v7-cross-role-calibrated","1683573","107.1","-2.4","0.27","https://www.kbofancystats.com/teams/ssglanders/","low","{""level"":""KBO"",""PA"":54,""reliability"":0.3103,""advanced_match"":true,""contact_components"":{""avgPct"":0.6971830985915493,""kGoodPct"":0.15669014084507038,""wrcPct"":0.7362869198312236,""babipPct"":0.9135021097046413},""power_components"":{""isoPct"":0.7816901408450704,""hrPct"":0.8785211267605634,""xbhPct"":0.7816901408450704,""wrcPct"":0.7362869198312236},""discipline_components"":{""bbPct"":0.4595070422535211,""bbkPct"":0.31514084507042256,""obpGapPct"":0.4859154929577465},""defense"":{""position"":""3루수"",""innings"":138.3,""SFR"":-2.4},""salary_prior"":null,""salary_support"":0,""cross_role_calibration"":{""reference"":""pitcher_kbo_core_5"",""percentile"":0.5687,""raw_core_average"":11.2,""target_core_average"":11.2,""calibrated_core_average"":11.2}}"
"2025","66662","KBO-66662","SSG 랜더스","신범수","C","KBO","0","39","33","0","0","0","11","13","12","11","11","1","10","11","0.4436","0.5514","0.5795","0.5548","0.4657","0.4748","0.5118","0.2422","0.1251","0.0223","0.1017","0.1915","0.0673","0.7488","0.0219","0.0034","low","low","kbo_pitcher_type_splits","33","kbo-hitter-abilities-v7-cross-role-calibrated","11","11","11","12","11","11","9","11","KBO","low","82.3","포수","","","","0","kbo-hitter-abilities-v7-cross-role-calibrated","1216225","78.4","0.3","0.21","https://www.kbofancystats.com/teams/ssglanders/","low","{""level"":""KBO"",""PA"":39,""reliability"":0.2453,""advanced_match"":true,""contact_components"":{""avgPct"":0.2306338028169014,""kGoodPct"":0.7007042253521127,""wrcPct"":0.4873417721518987,""babipPct"":0.14135021097046413},""power_components"":{""isoPct"":0.6883802816901409,""hrPct"":0.7887323943661971,""xbhPct"":0.6901408450704225,""wrcPct"":0.4873417721518987},""discipline_components"":{""bbPct"":0.8697183098591549,""bbkPct"":0.8661971830985915,""obpGapPct"":0.9119718309859155},""defense"":{""position"":""포수"",""innings"":82.3,""SFR"":0.3},""salary_prior"":null,""salary_support"":0,""cross_role_calibration"":{""reference"":""pitcher_kbo_core_5"",""percentile"":0.625,""raw_core_average"":11.4,""target_core_average"":11.6,""calibrated_core_average"":11.6}}"
"2025","66864","KBO-66864","SSG 랜더스","안상현","IF","KBO","0","289","258","23","2","0","11","12","7","8","8","1","15","12","0.6358","0.5639","0.2214","0.1612","0.4645","0.7802","0.4429","0.2632","0.1191","0.0208","0.0698","0.2689","0.2053","0.7420","0.0253","0.0016","medium","high","kbo_pitcher_type_splits","258","kbo-hitter-abilities-v7-cross-role-calibrated","10","12","13","12","10","10","10","13","KBO","high","648.3","3루수","","","","0","kbo-hitter-abilities-v7-cross-role-calibrated","1216239","86.5","-10.4","0.98","https://www.kbofancystats.com/teams/ssglanders/","medium","{""level"":""KBO"",""PA"":289,""reliability"":0.7066,""advanced_match"":true,""contact_components"":{""avgPct"":0.6866197183098591,""kGoodPct"":0.24471830985915488,""wrcPct"":0.5253164556962026,""babipPct"":0.869198312236287},""power_components"":{""isoPct"":0.6602112676056338,""hrPct"":0.727112676056338,""xbhPct"":0.6602112676056338,""wrcPct"":0.5253164556962026},""discipline_components"":{""bbPct"":0.3573943661971831,""bbkPct"":0.2904929577464789,""obpGapPct"":0.28169014084507044},""defense"":{""position"":""3루수"",""innings"":648.3,""SFR"":-10.4},""salary_prior"":null,""salary_support"":0,""cross_role_calibration"":{""reference"":""pitcher_kbo_core_5"",""percentile"":0.2852,""raw_core_average"":10.8,""target_core_average"":9.2,""calibrated_core_average"":9.2}}"
"2025","53827","KBO-53827","SSG 랜더스","에레디아","OF","KBO","0","415","375","3","5","0","18","17","12","16","15","1","10","10","0.8906","0.7938","0.2971","0.8135","0.7210","0.1688","0.4308","0.3226","0.1466","0.0293","0.0779","0.1585","0.0352","0.6529","0.0314","0.0010","high","high","kbo_pitcher_type_splits","375","kbo-hitter-abilities-v7-cross-role-calibrated","14","12","12","10","13","12","13","12","KBO","high","740.7","좌익수","224000","foreign_contract_salary","10.93","0","kbo-hitter-abilities-v7-cross-role-calibrated","2238518","145.9","32.2","5.77","https://www.kbofancystats.com/teams/ssglanders/","high","{""level"":""KBO"",""PA"":415,""reliability"":0.7757,""advanced_match"":true,""contact_components"":{""avgPct"":0.9595070422535211,""kGoodPct"":0.829225352112676,""wrcPct"":0.9261603375527426,""babipPct"":0.9029535864978903},""power_components"":{""isoPct"":0.823943661971831,""hrPct"":0.8433098591549296,""xbhPct"":0.8221830985915493,""wrcPct"":0.9261603375527426},""discipline_components"":{""bbPct"":0.47007042253521125,""bbkPct"":0.7165492957746479,""obpGapPct"":0.3908450704225352},""defense"":{""position"":""좌익수"",""innings"":740.7,""SFR"":32.2},""salary_prior"":10.930798985826303,""salary_support"":0,""cross_role_calibration"":{""reference"":""pitcher_kbo_core_5"",""percentile"":0.9296,""raw_core_average"":14,""target_core_average"":15.51,""calibrated_core_average"":15.6}}"
"2025","60558","KBO-60558","SSG 랜더스","오태곤","OF","KBO","0","229","194","33","2","0","9","13","16","10","10","1","14","11","0.2084","0.5308","0.8076","0.2561","0.3333","0.6143","0.5655","0.2218","0.1144","0.0216","0.1190","0.2390","0.3227","0.7555","0.0290","0.0018","medium","high","kbo_pitcher_type_splits","194","kbo-hitter-abilities-v7-cross-role-calibrated","10","8","8","9","11","12","12","11","KBO","medium","462","1루수","","","","0","kbo-hitter-abilities-v7-cross-role-calibrated","36189","76.4","4.8","0.95","https://www.kbofancystats.com/teams/ssglanders/","medium","{""level"":""KBO"",""PA"":229,""reliability"":0.6562,""advanced_match"":true,""contact_components"":{""avgPct"":0.34683098591549294,""kGoodPct"":0.3609154929577465,""wrcPct"":0.4578059071729958,""babipPct"":0.2805907172995781},""power_components"":{""isoPct"":0.6320422535211268,""hrPct"":0.7447183098591549,""xbhPct"":0.6355633802816901,""wrcPct"":0.4578059071729958},""discipline_components"":{""bbPct"":0.8820422535211268,""bbkPct"":0.7411971830985915,""obpGapPct"":0.852112676056338},""defense"":{""position"":""1루수"",""innings"":462,""SFR"":4.8},""salary_prior"":null,""salary_support"":0,""cross_role_calibration"":{""reference"":""pitcher_kbo_core_5"",""percentile"":0.625,""raw_core_average"":11.4,""target_core_average"":11.6,""calibrated_core_average"":11.6}}"
"2025","54806","KBO-54806","SSG 랜더스","이승민","OF","KBO","0","5","5","0","0","0","10","10","10","10","11","1","11","11","0.5043","0.5036","0.4988","0.4986","0.5016","0.5037","0.4988","0.2592","0.1204","0.0200","0.0871","0.2059","0.0805","0.7488","0.0262","0.0040","very_low","low","kbo_pitcher_type_splits","5","kbo-hitter-abilities-v7-cross-role-calibrated","11","11","11","11","11","11","7","11","KBO_NO_FIELDING_SAMPLE","very_low","0","외야수","","","","0","kbo-hitter-abilities-v7-cross-role-calibrated","2933511","9.8","","-0.03","https://www.kbofancystats.com/teams/ssglanders/","very_low","{""level"":""KBO"",""PA"":5,""reliability"":0.04,""advanced_match"":true,""contact_components"":{""avgPct"":0.31866197183098594,""kGoodPct"":0.09330985915492962,""wrcPct"":0.10759493670886076,""babipPct"":0.6856540084388185},""power_components"":{""isoPct"":0.11091549295774648,""hrPct"":0.18661971830985916,""xbhPct"":0.11091549295774648,""wrcPct"":0.10759493670886076},""discipline_components"":{""bbPct"":0.07746478873239436,""bbkPct"":0.07746478873239436,""obpGapPct"":0.06866197183098592},""defense"":{""position"":"""",""innings"":0,""SFR"":null},""salary_prior"":null,""salary_support"":0,""cross_role_calibration"":{""reference"":""pitcher_kbo_core_5"",""percentile"":0.4313,""raw_core_average"":11,""target_core_average"":10.2,""calibrated_core_average"":10.2}}"
"2025","55832","KBO-55832","SSG 랜더스","이율예","C","KBO","0","13","13","0","0","0","10","12","9","10","10","1","11","11","0.5087","0.5531","0.4781","0.4731","0.4821","0.5017","0.5000","0.2585","0.1915","0.0452","0.0809","0.2267","0.0821","0.7488","0.0267","0.0041","very_low","low","kbo_pitcher_type_splits","13","kbo-hitter-abilities-v7-cross-role-calibrated","11","11","11","11","11","11","6","11","KBO","low","22","포수","","","","0","kbo-hitter-abilities-v7-cross-role-calibrated","","","","","","very_low","{""level"":""KBO"",""PA"":13,""reliability"":0.0977,""advanced_match"":false,""contact_components"":{""avgPct"":0.4595070422535211,""kGoodPct"":0.051056338028169,""wrcPct"":0.5,""babipPct"":0.5},""power_components"":{""isoPct"":0.9982394366197183,""hrPct"":0.9982394366197183,""xbhPct"":0.9982394366197183,""wrcPct"":0.5},""discipline_components"":{""bbPct"":0.07746478873239436,""bbkPct"":0.07746478873239436,""obpGapPct"":0.06866197183098592},""defense"":{""position"":""포수"",""innings"":22,""SFR"":null},""salary_prior"":null,""salary_support"":0,""cross_role_calibration"":{""reference"":""pitcher_kbo_core_5"",""percentile"":0.4313,""raw_core_average"":11,""target_core_average"":10.2,""calibrated_core_average"":10.2}}"
"2025","67807","KBO-67807","SSG 랜더스","이정범","OF","KBO","0","3","3","0","0","0","10","10","10","10","11","1","11","11","0.5002","0.5035","0.5006","0.4976","0.4946","0.5017","0.5000","0.2545","0.1227","0.0204","0.0888","0.2099","0.0821","0.7488","0.0267","0.0041","very_low","low","kbo_pitcher_type_splits","3","kbo-hitter-abilities-v7-cross-role-calibrated","11","11","11","11","11","11","9","11","KBO","low","2","1루수","","","","0","kbo-hitter-abilities-v7-cross-role-calibrated","1403597","-105.5","","-0.06","https://www.kbofancystats.com/teams/ssglanders/","very_low","{""level"":""KBO"",""PA"":3,""reliability"":0.0244,""advanced_match"":true,""contact_components"":{""avgPct"":0.035211267605633804,""kGoodPct"":0.01232394366197187,""wrcPct"":0.0189873417721519,""babipPct"":0.02109704641350211},""power_components"":{""isoPct"":0.11091549295774648,""hrPct"":0.18661971830985916,""xbhPct"":0.11091549295774648,""wrcPct"":0.0189873417721519},""discipline_components"":{""bbPct"":0.07746478873239436,""bbkPct"":0.07746478873239436,""obpGapPct"":0.06866197183098592},""defense"":{""position"":""1루수"",""innings"":2,""SFR"":null},""salary_prior"":null,""salary_support"":0,""cross_role_calibration"":{""reference"":""pitcher_kbo_core_5"",""percentile"":0.4313,""raw_core_average"":11,""target_core_average"":10.2,""calibrated_core_average"":10.2}}"
"2025","79456","KBO-79456","SSG 랜더스","이지영","C","KBO","0","216","197","3","2","0","12","11","9","13","11","1","12","11","0.4031","0.3535","0.1931","0.8165","0.5489","0.5012","0.4442","0.2465","0.0998","0.0162","0.0637","0.1317","0.0664","0.7298","0.0312","0.0019","medium","medium","kbo_pitcher_type_splits","197","kbo-hitter-abilities-v7-cross-role-calibrated","12","12","11","11","11","11","13","11","KBO","medium","482.7","포수","","","","0","kbo-hitter-abilities-v7-cross-role-calibrated","10404","66.2","-1.7","0.75","https://www.kbofancystats.com/teams/ssglanders/","medium","{""level"":""KBO"",""PA"":216,""reliability"":0.6429,""advanced_match"":true,""contact_components"":{""avgPct"":0.522887323943662,""kGoodPct"":0.9348591549295775,""wrcPct"":0.35232067510548526,""babipPct"":0.25316455696202533},""power_components"":{""isoPct"":0.5088028169014085,""hrPct"":0.6038732394366197,""xbhPct"":0.5088028169014085,""wrcPct"":0.35232067510548526},""discipline_components"":{""bbPct"":0.26936619718309857,""bbkPct"":0.7165492957746479,""obpGapPct"":0.23767605633802816},""defense"":{""position"":""포수"",""innings"":482.7,""SFR"":-1.7},""salary_prior"":null,""salary_support"":0,""cross_role_calibration"":{""reference"":""pitcher_kbo_core_5"",""percentile"":0.5687,""raw_core_average"":11.2,""target_core_average"":11.2,""calibrated_core_average"":11.2}}"
"2025","52807","KBO-52807","SSG 랜더스","임근우","OF","KBO","0","5","5","0","0","0","10","10","10","10","11","1","11","11","0.4950","0.5036","0.4988","0.5052","0.4950","0.5022","0.5000","0.2497","0.1204","0.0200","0.0871","0.1963","0.0821","0.7488","0.0267","0.0041","very_low","low","kbo_pitcher_type_splits","5","kbo-hitter-abilities-v7-cross-role-calibrated","11","11","11","11","11","11","9","11","KBO","low","12","우익수","","","","0","kbo-hitter-abilities-v7-cross-role-calibrated","2954631","-105.5","0.7","-0.06","https://www.kbofancystats.com/teams/ssglanders/","very_low","{""level"":""KBO"",""PA"":5,""reliability"":0.04,""advanced_match"":true,""contact_components"":{""avgPct"":0.035211267605633804,""kGoodPct"":0.5915492957746479,""wrcPct"":0.0189873417721519,""babipPct"":0.02109704641350211},""power_components"":{""isoPct"":0.11091549295774648,""hrPct"":0.18661971830985916,""xbhPct"":0.11091549295774648,""wrcPct"":0.0189873417721519},""discipline_components"":{""bbPct"":0.07746478873239436,""bbkPct"":0.07746478873239436,""obpGapPct"":0.06866197183098592},""defense"":{""position"":""우익수"",""innings"":12,""SFR"":0.7},""salary_prior"":null,""salary_support"":0,""cross_role_calibration"":{""reference"":""pitcher_kbo_core_5"",""percentile"":0.4313,""raw_core_average"":11,""target_core_average"":10.2,""calibrated_core_average"":10.2}}"
"2025","54812","KBO-54812","SSG 랜더스","정준재","IF","KBO","0","442","371","45","4","0","12","8","15","12","11","1","16","12","0.4071","0.1073","0.8116","0.4584","0.4383","0.8437","0.6976","0.2489","0.0608","0.0039","0.1110","0.2078","0.2518","0.8089","0.0274","0.0011","high","high","kbo_pitcher_type_splits","371","kbo-hitter-abilities-v7-cross-role-calibrated","13","12","14","11","14","13","9","11","KBO","high","932.7","2루수","","","","0","kbo-hitter-abilities-v7-cross-role-calibrated","2934570","77.2","4.8","2.2","https://www.kbofancystats.com/teams/ssglanders/","high","{""level"":""KBO"",""PA"":442,""reliability"":0.7865,""advanced_match"":true,""contact_components"":{""avgPct"":0.5616197183098591,""kGoodPct"":0.5616197183098591,""wrcPct"":0.4704641350210971,""babipPct"":0.6223628691983122},""power_components"":{""isoPct"":0.29401408450704225,""hrPct"":0.18661971830985916,""xbhPct"":0.2975352112676056,""wrcPct"":0.4704641350210971},""discipline_components"":{""bbPct"":0.778169014084507,""bbkPct"":0.7693661971830986,""obpGapPct"":0.7834507042253521},""defense"":{""position"":""2루수"",""innings"":932.7,""SFR"":4.8},""salary_prior"":null,""salary_support"":0,""cross_role_calibration"":{""reference"":""pitcher_kbo_core_5"",""percentile"":0.625,""raw_core_average"":11.4,""target_core_average"":11.6,""calibrated_core_average"":11.6}}"
"2025","51865","KBO-51865","SSG 랜더스","조형우","C","KBO","0","294","269","0","2","0","9","9","8","9","8","1","9","9","0.3678","0.2783","0.2333","0.4094","0.4524","0.2057","0.5245","0.2445","0.0885","0.0155","0.0714","0.2122","0.0311","0.7488","0.0253","0.0016","medium","medium","kbo_pitcher_type_splits","269","kbo-hitter-abilities-v7-cross-role-calibrated","12","13","14","12","11","10","9","10","KBO","high","696.3","포수","","","","0","kbo-hitter-abilities-v7-cross-role-calibrated","1656221","70.5","-2","1.24","https://www.kbofancystats.com/teams/ssglanders/","medium","{""level"":""KBO"",""PA"":294,""reliability"":0.7101,""advanced_match"":true,""contact_components"":{""avgPct"":0.5123239436619719,""kGoodPct"":0.5299295774647887,""wrcPct"":0.39029535864978904,""babipPct"":0.4282700421940928},""power_components"":{""isoPct"":0.4630281690140845,""hrPct"":0.6003521126760564,""xbhPct"":0.4630281690140845,""wrcPct"":0.39029535864978904},""discipline_components"":{""bbPct"":0.36795774647887325,""bbkPct"":0.4242957746478873,""obpGapPct"":0.352112676056338},""defense"":{""position"":""포수"",""innings"":696.3,""SFR"":-2},""salary_prior"":null,""salary_support"":0,""cross_role_calibration"":{""reference"":""pitcher_kbo_core_5"",""percentile"":0.2113,""raw_core_average"":10.6,""target_core_average"":8.6,""calibrated_core_average"":8.6}}"
"2025","69804","KBO-69804","SSG 랜더스","채현우","OF","KBO","0","52","48","2","0","0","7","10","7","7","8","1","12","12","0.4035","0.5626","0.4259","0.4500","0.4617","0.5826","0.5454","0.2379","0.1260","0.0204","0.0799","0.2146","0.1001","0.7906","0.0219","0.0034","low","low","kbo_pitcher_type_splits","48","kbo-hitter-abilities-v7-cross-role-calibrated","11","10","10","9","10","10","10","12","KBO","low","144.3","좌익수","","","","0","kbo-hitter-abilities-v7-cross-role-calibrated","1632200","47.6","-0.4","-0.04","https://www.kbofancystats.com/teams/ssglanders/","low","{""level"":""KBO"",""PA"":52,""reliability"":0.3023,""advanced_match"":true,""contact_components"":{""avgPct"":0.25704225352112675,""kGoodPct"":0.41021126760563376,""wrcPct"":0.2468354430379747,""babipPct"":0.19198312236286919},""power_components"":{""isoPct"":0.7095070422535211,""hrPct"":0.6883802816901409,""xbhPct"":0.7095070422535211,""wrcPct"":0.2468354430379747},""discipline_components"":{""bbPct"":0.31161971830985913,""bbkPct"":0.3274647887323944,""obpGapPct"":0.2306338028169014},""defense"":{""position"":""좌익수"",""innings"":144.3,""SFR"":-0.4},""salary_prior"":null,""salary_support"":0,""cross_role_calibration"":{""reference"":""pitcher_kbo_core_5"",""percentile"":0.1479,""raw_core_average"":10.4,""target_core_average"":7.8,""calibrated_core_average"":7.8}}"
"2025","55894","KBO-55894","SSG 랜더스","최윤석","IF","FUTURES","-2","278","230","4","","","4","3","4","5","6","1","8","9","0.2060","0.2061","0.2941","0.3315","0.2562","0.2607","0.5916","0.2547","0.1014","0.0137","0.1057","0.1831","0.0577","0.7826","","","medium","medium","futures_contact_k_proxy","0","kbo-hitter-abilities-v7-cross-role-calibrated","9","9","9","9","9","8","6","9","POSITION_PRIOR","very_low","0","내야수","","","","0","kbo-hitter-abilities-v7-cross-role-calibrated","","","","","","medium","{""level"":""FUTURES"",""PA"":278,""reliability"":0.607,""advanced_match"":false,""contact_components"":{""avgPct"":0.43548387096774194,""kGoodPct"":0.4354838709677419,""wrcPct"":0.5,""babipPct"":0.5},""power_components"":{""isoPct"":0.2903225806451613,""hrPct"":0.3709677419354839,""xbhPct"":0.27419354838709675,""wrcPct"":0.5},""discipline_components"":{""bbPct"":0.3387096774193548,""bbkPct"":0.46774193548387094,""obpGapPct"":0.6290322580645161},""defense"":{""position"":"""",""innings"":0,""SFR"":null},""salary_prior"":null,""salary_support"":0,""cross_role_calibration"":{""reference"":""pitcher_futures_core_5"",""percentile"":0.0161,""raw_core_average"":8,""target_core_average"":4.33,""calibrated_core_average"":4.4}}"
"2025","75847","KBO-75847","SSG 랜더스","최정","IF","KBO","0","406","340","1","3","0","13","19","16","12","14","1","10","13","0.4061","0.8738","0.8517","0.3206","0.4209","0.1599","0.5623","0.2482","0.2128","0.0496","0.1189","0.2245","0.0295","0.7716","0.0251","0.0012","high","high","kbo_pitcher_type_splits","340","kbo-hitter-abilities-v7-cross-role-calibrated","9","10","9","11","10","14","15","12","KBO","medium","371","3루수","170000","team_top_salary","14.25","1","kbo-hitter-abilities-v7-cross-role-calibrated","10121","131.7","-0.8","3.68","https://www.kbofancystats.com/teams/ssglanders/","high","{""level"":""KBO"",""PA"":406,""reliability"":0.7719,""advanced_match"":true,""contact_components"":{""avgPct"":0.5545774647887324,""kGoodPct"":0.4806338028169014,""wrcPct"":0.8881856540084389,""babipPct"":0.2974683544303797},""power_components"":{""isoPct"":0.9595070422535211,""hrPct"":0.9524647887323944,""xbhPct"":0.9595070422535211,""wrcPct"":0.8881856540084389},""discipline_components"":{""bbPct"":0.8644366197183099,""bbkPct"":0.7623239436619719,""obpGapPct"":0.8873239436619719},""defense"":{""position"":""3루수"",""innings"":371,""SFR"":-0.8},""salary_prior"":14.25375392419874,""salary_support"":0,""cross_role_calibration"":{""reference"":""pitcher_kbo_core_5"",""percentile"":0.8926,""raw_core_average"":13.6,""target_core_average"":14.8,""calibrated_core_average"":14.8}}"
"2025","68868","KBO-68868","SSG 랜더스","최준우","IF","KBO","0","192","152","2","1","0","7","8","14","8","9","1","11","12","0.2186","0.3181","0.8160","0.3345","0.3880","0.3346","0.5904","0.2191","0.0859","0.0175","0.1341","0.2281","0.0560","0.7906","0.0214","0.0019","medium","medium","kbo_pitcher_type_splits","152","kbo-hitter-abilities-v7-cross-role-calibrated","12","10","12","9","12","12","9","10","KBO","medium","320.3","좌익수","","","","0","kbo-hitter-abilities-v7-cross-role-calibrated","1616849","71.4","7.6","0.7","https://www.kbofancystats.com/teams/ssglanders/","medium","{""level"":""KBO"",""PA"":192,""reliability"":0.6154,""advanced_match"":true,""contact_components"":{""avgPct"":0.272887323943662,""kGoodPct"":0.4348591549295775,""wrcPct"":0.40717299578059074,""babipPct"":0.21940928270042195},""power_components"":{""isoPct"":0.3485915492957746,""hrPct"":0.6285211267605634,""xbhPct"":0.3503521126760563,""wrcPct"":0.40717299578059074},""discipline_components"":{""bbPct"":0.9419014084507042,""bbkPct"":0.829225352112676,""obpGapPct"":0.9454225352112676},""defense"":{""position"":""좌익수"",""innings"":320.3,""SFR"":7.6},""salary_prior"":null,""salary_support"":0,""cross_role_calibration"":{""reference"":""pitcher_kbo_core_5"",""percentile"":0.2852,""raw_core_average"":10.8,""target_core_average"":9.2,""calibrated_core_average"":9.2}}"
"2025","50854","KBO-50854","SSG 랜더스","최지훈","OF","KBO","0","574","517","35","6","2","16","11","11","16","13","1","15","11","0.8172","0.2496","0.2706","0.8374","0.7308","0.8348","0.5438","0.2807","0.0934","0.0135","0.0774","0.1582","0.1643","0.7886","0.0308","0.0093","high","high","kbo_pitcher_type_splits","517","kbo-hitter-abilities-v7-cross-role-calibrated","12","8","10","9","13","13","11","12","KBO","high","1136","중견수","","","","0","kbo-hitter-abilities-v7-cross-role-calibrated","1652055","98.9","25.7","5.03","https://www.kbofancystats.com/teams/ssglanders/","high","{""level"":""KBO"",""PA"":574,""reliability"":0.8271,""advanced_match"":true,""contact_components"":{""avgPct"":0.8063380281690141,""kGoodPct"":0.8221830985915493,""wrcPct"":0.6392405063291139,""babipPct"":0.6371308016877637},""power_components"":{""isoPct"":0.5123239436619719,""hrPct"":0.5580985915492958,""xbhPct"":0.5123239436619719,""wrcPct"":0.6392405063291139},""discipline_components"":{""bbPct"":0.48063380281690143,""bbkPct"":0.6919014084507042,""obpGapPct"":0.38204225352112675},""defense"":{""position"":""중견수"",""innings"":1136,""SFR"":25.7},""salary_prior"":null,""salary_support"":0,""cross_role_calibration"":{""reference"":""pitcher_kbo_core_5"",""percentile"":0.8292,""raw_core_average"":13,""target_core_average"":13.4,""calibrated_core_average"":13.4}}"
"2025","69813","KBO-69813","SSG 랜더스","하재훈","OF","KBO","0","61","56","3","0","0","6","11","7","6","7","1","12","11","0.3350","0.6263","0.4353","0.3466","0.3780","0.5220","0.4522","0.2193","0.1387","0.0317","0.0816","0.2523","0.1204","0.6529","0.0226","0.0035","low","low","kbo_pitcher_type_splits","56","kbo-hitter-abilities-v7-cross-role-calibrated","11","9","10","9","11","10","12","12","KBO","low","116.3","우익수","","","","0","kbo-hitter-abilities-v7-cross-role-calibrated","1631575","35.8","5.1","0.02","https://www.kbofancystats.com/teams/ssglanders/","low","{""level"":""KBO"",""PA"":61,""reliability"":0.337,""advanced_match"":true,""contact_components"":{""avgPct"":0.15316901408450703,""kGoodPct"":0.1338028169014085,""wrcPct"":0.20042194092827004,""babipPct"":0.09071729957805907},""power_components"":{""isoPct"":0.8397887323943662,""hrPct"":0.9419014084507042,""xbhPct"":0.8397887323943662,""wrcPct"":0.20042194092827004},""discipline_components"":{""bbPct"":0.3785211267605634,""bbkPct"":0.2517605633802817,""obpGapPct"":0.33274647887323944},""defense"":{""position"":""우익수"",""innings"":116.3,""SFR"":5.1},""salary_prior"":null,""salary_support"":0,""cross_role_calibration"":{""reference"":""pitcher_kbo_core_5"",""percentile"":0.0951,""raw_core_average"":10.2,""target_core_average"":7.4,""calibrated_core_average"":7.4}}"
"2025","62895","KBO-62895","SSG 랜더스","한유섬","OF","KBO","0","511","455","1","2","0","14","16","12","12","12","1","10","13","0.7324","0.8064","0.5692","0.2836","0.4517","0.1200","0.6593","0.2707","0.1471","0.0280","0.0903","0.2285","0.0241","0.7716","0.0157","0.0010","high","high","kbo_pitcher_type_splits","455","kbo-hitter-abilities-v7-cross-role-calibrated","10","8","11","10","13","13","15","12","KBO","high","686","우익수","90000","team_top_salary","13.11","0","kbo-hitter-abilities-v7-cross-role-calibrated","433993","114.2","3.8","3.8","https://www.kbofancystats.com/teams/ssglanders/","high","{""level"":""KBO"",""PA"":511,""reliability"":0.8098,""advanced_match"":true,""contact_components"":{""avgPct"":0.7306338028169014,""kGoodPct"":0.4735915492957746,""wrcPct"":0.7911392405063291,""babipPct"":0.7383966244725738},""power_components"":{""isoPct"":0.8133802816901409,""hrPct"":0.829225352112676,""xbhPct"":0.8186619718309859,""wrcPct"":0.7911392405063291},""discipline_components"":{""bbPct"":0.6073943661971831,""bbkPct"":0.5545774647887324,""obpGapPct"":0.5580985915492958},""defense"":{""position"":""우익수"",""innings"":686,""SFR"":3.8},""salary_prior"":13.106831624438708,""salary_support"":0,""cross_role_calibration"":{""reference"":""pitcher_kbo_core_5"",""percentile"":0.8116,""raw_core_average"":12.8,""target_core_average"":13.2,""calibrated_core_average"":13.2}}"
"2025","50840","KBO-50840","SSG 랜더스","현원회","IF","KBO","0","62","59","0","0","0","12","10","9","10","10","1","10","11","0.6287","0.4513","0.3807","0.4239","0.5555","0.4331","0.5292","0.2781","0.1047","0.0192","0.0750","0.2199","0.0586","0.7488","0.0191","0.0029","low","low","kbo_pitcher_type_splits","59","kbo-hitter-abilities-v7-cross-role-calibrated","12","12","12","12","12","11","8","11","KBO","low","62","1루수","","","","0","kbo-hitter-abilities-v7-cross-role-calibrated","1652053","99.4","2.3","0.38","https://www.kbofancystats.com/teams/ssglanders/","low","{""level"":""KBO"",""PA"":62,""reliability"":0.3407,""advanced_match"":true,""contact_components"":{""avgPct"":0.8873239436619719,""kGoodPct"":0.3573943661971831,""wrcPct"":0.6434599156118144,""babipPct"":0.9388185654008439},""power_components"":{""isoPct"":0.4084507042253521,""hrPct"":0.6373239436619719,""xbhPct"":0.40669014084507044,""wrcPct"":0.6434599156118144},""discipline_components"":{""bbPct"":0.2482394366197183,""bbkPct"":0.2482394366197183,""obpGapPct"":0.18485915492957747},""defense"":{""position"":""1루수"",""innings"":62,""SFR"":2.3},""salary_prior"":null,""salary_support"":0,""cross_role_calibration"":{""reference"":""pitcher_kbo_core_5"",""percentile"":0.4313,""raw_core_average"":11,""target_core_average"":10.2,""calibrated_core_average"":10.2}}"
"2025","55897","KBO-55897","SSG 랜더스","홍대인","IF","KBO","0","5","5","2","0","0","10","10","10","10","11","1","11","11","0.5043","0.5036","0.4988","0.4986","0.5016","0.5075","0.4707","0.2592","0.1204","0.0200","0.0871","0.2059","0.1197","0.7073","0.0262","0.0040","very_low","low","kbo_pitcher_type_splits","5","kbo-hitter-abilities-v7-cross-role-calibrated","11","11","11","11","11","11","8","11","KBO","low","6","2루수","","","","0","kbo-hitter-abilities-v7-cross-role-calibrated","2942663","9.8","","-0.05","https://www.kbofancystats.com/teams/ssglanders/","very_low","{""level"":""KBO"",""PA"":5,""reliability"":0.04,""advanced_match"":true,""contact_components"":{""avgPct"":0.31866197183098594,""kGoodPct"":0.09330985915492962,""wrcPct"":0.10759493670886076,""babipPct"":0.6856540084388185},""power_components"":{""isoPct"":0.11091549295774648,""hrPct"":0.18661971830985916,""xbhPct"":0.11091549295774648,""wrcPct"":0.10759493670886076},""discipline_components"":{""bbPct"":0.07746478873239436,""bbkPct"":0.07746478873239436,""obpGapPct"":0.06866197183098592},""defense"":{""position"":""2루수"",""innings"":6,""SFR"":null},""salary_prior"":null,""salary_support"":0,""cross_role_calibration"":{""reference"":""pitcher_kbo_core_5"",""percentile"":0.4313,""raw_core_average"":11,""target_core_average"":10.2,""calibrated_core_average"":10.2}}"
"2025","63123","KBO-63123","두산 베어스","강승호","IF","KBO","0","400","360","17","3","1","8","13","7","8","10","1","15","11","0.3140","0.6872","0.1662","0.1380","0.4039","0.7852","0.5583","0.2418","0.1340","0.0202","0.0663","0.2652","0.1303","0.7958","0.0268","0.0074","high","high","kbo_pitcher_type_splits","360","kbo-hitter-abilities-v7-cross-role-calibrated","10","8","15","9","10","11","13","13","KBO","high","828.3","1루수","37000","team_top_salary","11.50","1","kbo-hitter-abilities-v7-cross-role-calibrated","799414","86.4","0.2","1.73","https://www.kbofancystats.com/teams/doosanbears/","high","{""level"":""KBO"",""PA"":400,""reliability"":0.7692,""advanced_match"":true,""contact_components"":{""avgPct"":0.4894366197183099,""kGoodPct"":0.2904929577464789,""wrcPct"":0.5210970464135021,""babipPct"":0.5717299578059072},""power_components"":{""isoPct"":0.7623239436619719,""hrPct"":0.7007042253521126,""xbhPct"":0.7623239436619719,""wrcPct"":0.5210970464135021},""discipline_components"":{""bbPct"":0.34683098591549294,""bbkPct"":0.29401408450704225,""obpGapPct"":0.4630281690140845},""defense"":{""position"":""1루수"",""innings"":828.3,""SFR"":0.2},""salary_prior"":11.5038319610628,""salary_support"":0,""cross_role_calibration"":{""reference"":""pitcher_kbo_core_5"",""percentile"":0.2852,""raw_core_average"":10.8,""target_core_average"":9.2,""calibrated_core_average"":9.2}}"
"2025","51269","KBO-51269","두산 베어스","강현구","OF","KBO","0","2","2","0","0","0","10","10","10","10","11","1","11","11","0.5010","0.5030","0.5011","0.5008","0.4973","0.5013","0.5000","0.2570","0.1239","0.0206","0.0896","0.2021","0.0821","0.7488","0.0267","0.0041","very_low","low","kbo_pitcher_type_splits","2","kbo-hitter-abilities-v7-cross-role-calibrated","11","11","11","11","11","11","8","11","KBO_NO_FIELDING_SAMPLE","very_low","0","외야수","","","","0","kbo-hitter-abilities-v7-cross-role-calibrated","","","","","","very_low","{""level"":""KBO"",""PA"":2,""reliability"":0.0164,""advanced_match"":false,""contact_components"":{""avgPct"":0.035211267605633804,""kGoodPct"":0.028169014084507005,""wrcPct"":0.5,""babipPct"":0.5},""power_components"":{""isoPct"":0.11091549295774648,""hrPct"":0.18661971830985916,""xbhPct"":0.11091549295774648,""wrcPct"":0.5},""discipline_components"":{""bbPct"":0.07746478873239436,""bbkPct"":0.07746478873239436,""obpGapPct"":0.06866197183098592},""defense"":{""position"":"""",""innings"":0,""SFR"":null},""salary_prior"":null,""salary_support"":0,""cross_role_calibration"":{""reference"":""pitcher_kbo_core_5"",""percentile"":0.4313,""raw_core_average"":11,""target_core_average"":10.2,""calibrated_core_average"":10.2}}"
"2025","66112","KBO-66112","두산 베어스","김기연","C","KBO","0","245","219","1","1","0","12","10","11","12","11","1","11","13","0.4480","0.2465","0.3762","0.6813","0.5099","0.2622","0.5904","0.2515","0.0867","0.0119","0.0816","0.1844","0.0418","0.7716","0.0191","0.0017","medium","medium","kbo_pitcher_type_splits","219","kbo-hitter-abilities-v7-cross-role-calibrated","10","10","11","10","12","12","10","11","KBO","medium","492.3","포수","","","","0","kbo-hitter-abilities-v7-cross-role-calibrated","1218001","73.3","1.3","1.12","https://www.kbofancystats.com/teams/doosanbears/","medium","{""level"":""KBO"",""PA"":245,""reliability"":0.6712,""advanced_match"":true,""contact_components"":{""avgPct"":0.5704225352112676,""kGoodPct"":0.6954225352112676,""wrcPct"":0.4282700421940928,""babipPct"":0.4409282700421941},""power_components"":{""isoPct"":0.4084507042253521,""hrPct"":0.4735915492957746,""xbhPct"":0.4137323943661972,""wrcPct"":0.4282700421940928},""discipline_components"":{""bbPct"":0.4982394366197183,""bbkPct"":0.6285211267605634,""obpGapPct"":0.40316901408450706},""defense"":{""position"":""포수"",""innings"":492.3,""SFR"":1.3},""salary_prior"":null,""salary_support"":0,""cross_role_calibration"":{""reference"":""pitcher_kbo_core_5"",""percentile"":0.5687,""raw_core_average"":11.2,""target_core_average"":11.2,""calibrated_core_average"":11.2}}"
"2025","69238","KBO-69238","두산 베어스","김대한","OF","KBO","0","37","36","1","0","0","10","10","9","12","10","1","11","11","0.4492","0.5156","0.4092","0.5642","0.5045","0.5135","0.4859","0.2442","0.1150","0.0227","0.0740","0.1870","0.0896","0.6807","0.0234","0.0036","low","low","kbo_pitcher_type_splits","36","kbo-hitter-abilities-v7-cross-role-calibrated","11","11","10","10","10","11","8","11","KBO","low","77","좌익수","","","","0","kbo-hitter-abilities-v7-cross-role-calibrated","1631580","35.6","-3.8","-0.31","https://www.kbofancystats.com/teams/doosanbears/","low","{""level"":""KBO"",""PA"":37,""reliability"":0.2357,""advanced_match"":true,""contact_components"":{""avgPct"":0.2764084507042254,""kGoodPct"":0.7940140845070423,""wrcPct"":0.1962025316455696,""babipPct"":0.14978902953586498},""power_components"":{""isoPct"":0.4982394366197183,""hrPct"":0.8063380281690141,""xbhPct"":0.4964788732394366,""wrcPct"":0.1962025316455696},""discipline_components"":{""bbPct"":0.1637323943661972,""bbkPct"":0.2147887323943662,""obpGapPct"":0.14612676056338028},""defense"":{""position"":""좌익수"",""innings"":77,""SFR"":-3.8},""salary_prior"":null,""salary_support"":0,""cross_role_calibration"":{""reference"":""pitcher_kbo_core_5"",""percentile"":0.4313,""raw_core_average"":11,""target_core_average"":10.2,""calibrated_core_average"":10.2}}"
"2025","52267","KBO-52267","두산 베어스","김동준","IF","KBO","0","100","93","2","0","0","7","10","6","7","7","1","11","11","0.4559","0.4931","0.3195","0.3002","0.4599","0.4804","0.5145","0.2498","0.1121","0.0205","0.0707","0.2481","0.0803","0.7073","0.0176","0.0027","medium","low","kbo_pitcher_type_splits","93","kbo-hitter-abilities-v7-cross-role-calibrated","11","11","12","11","11","10","8","12","KBO","low","81","좌익수","","","","0","kbo-hitter-abilities-v7-cross-role-calibrated","1672565","70.4","-0.9","0.05","https://www.kbofancystats.com/teams/doosanbears/","medium","{""level"":""KBO"",""PA"":100,""reliability"":0.4545,""advanced_match"":true,""contact_components"":{""avgPct"":0.4982394366197183,""kGoodPct"":0.22535211267605637,""wrcPct"":0.38396624472573837,""babipPct"":0.6434599156118144},""power_components"":{""isoPct"":0.5757042253521126,""hrPct"":0.7007042253521126,""xbhPct"":0.5757042253521126,""wrcPct"":0.38396624472573837},""discipline_components"":{""bbPct"":0.25880281690140844,""bbkPct"":0.2147887323943662,""obpGapPct"":0.25},""defense"":{""position"":""좌익수"",""innings"":81,""SFR"":-0.9},""salary_prior"":null,""salary_support"":0,""cross_role_calibration"":{""reference"":""pitcher_kbo_core_5"",""percentile"":0.0951,""raw_core_average"":10.2,""target_core_average"":7.4,""calibrated_core_average"":7.4}}"
"2025","53554","KBO-53554","두산 베어스","김민석","OF","KBO","0","247","228","5","3","1","7","7","4","7","7","1","13","10","0.2981","0.2345","0.1704","0.2782","0.3925","0.6316","0.3407","0.2385","0.0873","0.0089","0.0609","0.2352","0.0792","0.6992","0.0377","0.0105","medium","medium","kbo_pitcher_type_splits","228","kbo-hitter-abilities-v7-cross-role-calibrated","15","11","15","8","13","10","8","11","KBO","medium","496.7","좌익수","","","","0","kbo-hitter-abilities-v7-cross-role-calibrated","2238551","56.8","8.2","0.22","https://www.kbofancystats.com/teams/doosanbears/","medium","{""level"":""KBO"",""PA"":247,""reliability"":0.673,""advanced_match"":true,""contact_components"":{""avgPct"":0.448943661971831,""kGoodPct"":0.39612676056338025,""wrcPct"":0.29324894514767935,""babipPct"":0.5084388185654009},""power_components"":{""isoPct"":0.43309859154929575,""hrPct"":0.4102112676056338,""xbhPct"":0.43838028169014087,""wrcPct"":0.29324894514767935},""discipline_components"":{""bbPct"":0.2517605633802817,""bbkPct"":0.25528169014084506,""obpGapPct"":0.22183098591549297},""defense"":{""position"":""좌익수"",""innings"":496.7,""SFR"":8.2},""salary_prior"":null,""salary_support"":0,""cross_role_calibration"":{""reference"":""pitcher_kbo_core_5"",""percentile"":0.0158,""raw_core_average"":9.6,""target_core_average"":6.44,""calibrated_core_average"":6.4}}"
"2025","65269","KBO-65269","두산 베어스","김민혁","IF","KBO","0","21","17","0","0","0","10","12","12","11","11","1","11","11","0.4644","0.5458","0.5626","0.4811","0.4737","0.4988","0.5020","0.2411","0.1337","0.0257","0.1086","0.2117","0.0746","0.7488","0.0243","0.0037","very_low","low","kbo_pitcher_type_splits","17","kbo-hitter-abilities-v7-cross-role-calibrated","11","11","11","11","11","11","10","11","KBO","low","35","1루수","","","","0","kbo-hitter-abilities-v7-cross-role-calibrated","1101179","70.8","0.8","0.04","https://www.kbofancystats.com/teams/doosanbears/","very_low","{""level"":""KBO"",""PA"":21,""reliability"":0.1489,""advanced_match"":true,""contact_components"":{""avgPct"":0.12323943661971831,""kGoodPct"":0.278169014084507,""wrcPct"":0.39451476793248946,""babipPct"":0.056962025316455694},""power_components"":{""isoPct"":0.8732394366197183,""hrPct"":0.9383802816901409,""xbhPct"":0.8767605633802817,""wrcPct"":0.39451476793248946},""discipline_components"":{""bbPct"":0.9665492957746479,""bbkPct"":0.8327464788732394,""obpGapPct"":0.9806338028169014},""defense"":{""position"":""1루수"",""innings"":35,""SFR"":0.8},""salary_prior"":null,""salary_support"":0,""cross_role_calibration"":{""reference"":""pitcher_kbo_core_5"",""percentile"":0.5687,""raw_core_average"":11.2,""target_core_average"":11.2,""calibrated_core_average"":11.2}}"
"2025","55216","KBO-55216","두산 베어스","김성재","C","KBO","0","1","1","0","0","0","10","10","10","10","11","1","11","11","0.5011","0.5020","0.5010","0.5016","0.5006","0.5007","0.5000","0.2595","0.1252","0.0208","0.0905","0.1942","0.0821","0.7488","0.0267","0.0041","very_low","low","kbo_pitcher_type_splits","1","kbo-hitter-abilities-v7-cross-role-calibrated","11","11","11","11","11","11","6","11","KBO_NO_FIELDING_SAMPLE","very_low","0","포수","","","","0","kbo-hitter-abilities-v7-cross-role-calibrated","","","","","","very_low","{""level"":""KBO"",""PA"":1,""reliability"":0.0083,""advanced_match"":false,""contact_components"":{""avgPct"":0.035211267605633804,""kGoodPct"":0.9806338028169014,""wrcPct"":0.5,""babipPct"":0.5},""power_components"":{""isoPct"":0.11091549295774648,""hrPct"":0.18661971830985916,""xbhPct"":0.11091549295774648,""wrcPct"":0.5},""discipline_components"":{""bbPct"":0.07746478873239436,""bbkPct"":0.07746478873239436,""obpGapPct"":0.06866197183098592},""defense"":{""position"":"""",""innings"":0,""SFR"":null},""salary_prior"":null,""salary_support"":0,""cross_role_calibration"":{""reference"":""pitcher_kbo_core_5"",""percentile"":0.4313,""raw_core_average"":11,""target_core_average"":10.2,""calibrated_core_average"":10.2}}"
"2025","63257","KBO-63257","두산 베어스","김인태","OF","KBO","0","225","183","1","1","0","10","12","16","10","11","1","11","10","0.2552","0.4720","0.8376","0.2770","0.3707","0.3925","0.5647","0.2304","0.1189","0.0157","0.1389","0.2357","0.0402","0.6807","0.0184","0.0016","medium","medium","kbo_pitcher_type_splits","183","kbo-hitter-abilities-v7-cross-role-calibrated","11","10","12","9","10","12","11","10","KBO","medium","272.3","좌익수","","","","0","kbo-hitter-abilities-v7-cross-role-calibrated","799421","99.9","-3.7","0.96","https://www.kbofancystats.com/teams/doosanbears/","medium","{""level"":""KBO"",""PA"":225,""reliability"":0.6522,""advanced_match"":true,""contact_components"":{""avgPct"":0.3855633802816901,""kGoodPct"":0.3890845070422535,""wrcPct"":0.6666666666666666,""babipPct"":0.38396624472573837},""power_components"":{""isoPct"":0.6566901408450704,""hrPct"":0.5809859154929577,""xbhPct"":0.6566901408450704,""wrcPct"":0.6666666666666666},""discipline_components"":{""bbPct"":0.948943661971831,""bbkPct"":0.8257042253521126,""obpGapPct"":0.9524647887323944},""defense"":{""position"":""좌익수"",""innings"":272.3,""SFR"":-3.7},""salary_prior"":null,""salary_support"":0,""cross_role_calibration"":{""reference"":""pitcher_kbo_core_5"",""percentile"":0.6585,""raw_core_average"":11.6,""target_core_average"":11.8,""calibrated_core_average"":11.8}}"
"2025","78224","KBO-78224","두산 베어스","김재환","OF","KBO","0","407","344","9","7","0","11","16","17","11","12","1","13","11","0.3786","0.7998","0.8830","0.3035","0.4187","0.5434","0.4991","0.2460","0.1546","0.0298","0.1305","0.2280","0.0724","0.7625","0.0461","0.0011","high","high","kbo_pitcher_type_splits","344","kbo-hitter-abilities-v7-cross-role-calibrated","12","12","12","13","13","14","15","12","KBO","medium","256.3","좌익수","100000","team_top_salary","13.30","0","kbo-hitter-abilities-v7-cross-role-calibrated","10723","113.4","2.7","2.78","https://www.kbofancystats.com/teams/ssglanders/","high","{""level"":""KBO"",""PA"":407,""reliability"":0.7723,""advanced_match"":true,""contact_components"":{""avgPct"":0.5299295774647887,""kGoodPct"":0.4595070422535211,""wrcPct"":0.7869198312236287,""babipPct"":0.4177215189873418},""power_components"":{""isoPct"":0.8503521126760564,""hrPct"":0.846830985915493,""xbhPct"":0.8485915492957746,""wrcPct"":0.7869198312236287},""discipline_components"":{""bbPct"":0.9102112676056338,""bbkPct"":0.7975352112676056,""obpGapPct"":0.8767605633802817},""defense"":{""position"":""좌익수"",""innings"":256.3,""SFR"":2.7},""salary_prior"":13.29683549124502,""salary_support"":0,""cross_role_calibration"":{""reference"":""pitcher_kbo_core_5"",""percentile"":0.8292,""raw_core_average"":13,""target_core_average"":13.4,""calibrated_core_average"":13.4}}"
"2025","55226","KBO-55226","두산 베어스","김준상","IF","KBO","0","17","15","0","0","0","9","9","8","8","9","1","11","11","0.4970","0.4994","0.4644","0.4519","0.4891","0.5014","0.5005","0.2540","0.1186","0.0180","0.0781","0.2360","0.0760","0.7488","0.0247","0.0038","very_low","low","kbo_pitcher_type_splits","15","kbo-hitter-abilities-v7-cross-role-calibrated","11","11","11","12","11","10","7","11","KBO","low","38","2루수","","","","0","kbo-hitter-abilities-v7-cross-role-calibrated","","","","","","very_low","{""level"":""KBO"",""PA"":17,""reliability"":0.1241,""advanced_match"":false,""contact_components"":{""avgPct"":0.31866197183098594,""kGoodPct"":0.04225352112676062,""wrcPct"":0.5,""babipPct"":0.5},""power_components"":{""isoPct"":0.39436619718309857,""hrPct"":0.18661971830985916,""xbhPct"":0.3873239436619718,""wrcPct"":0.5},""discipline_components"":{""bbPct"":0.07746478873239436,""bbkPct"":0.07746478873239436,""obpGapPct"":0.28169014084507044},""defense"":{""position"":""2루수"",""innings"":38,""SFR"":null},""salary_prior"":null,""salary_support"":0,""cross_role_calibration"":{""reference"":""pitcher_kbo_core_5"",""percentile"":0.2113,""raw_core_average"":10.6,""target_core_average"":8.6,""calibrated_core_average"":8.6}}"
"2025","54219","KBO-54219","두산 베어스","류현준","C","KBO","0","22","22","0","0","0","7","7","7","7","7","1","11","11","0.4498","0.4655","0.4432","0.4844","0.4682","0.4993","0.4990","0.2395","0.1036","0.0172","0.0749","0.2100","0.0775","0.7488","0.0252","0.0039","very_low","low","kbo_pitcher_type_splits","22","kbo-hitter-abilities-v7-cross-role-calibrated","11","10","10","10","11","10","7","11","KBO","low","35.7","포수","","","","0","kbo-hitter-abilities-v7-cross-role-calibrated","2939287","-26.9","-0.7","-0.21","https://www.kbofancystats.com/teams/doosanbears/","very_low","{""level"":""KBO"",""PA"":22,""reliability"":0.1549,""advanced_match"":true,""contact_components"":{""avgPct"":0.14084507042253522,""kGoodPct"":0.3186619718309859,""wrcPct"":0.052742616033755275,""babipPct"":0.12025316455696203},""power_components"":{""isoPct"":0.11091549295774648,""hrPct"":0.18661971830985916,""xbhPct"":0.11091549295774648,""wrcPct"":0.052742616033755275},""discipline_components"":{""bbPct"":0.07746478873239436,""bbkPct"":0.07746478873239436,""obpGapPct"":0.06866197183098592},""defense"":{""position"":""포수"",""innings"":35.7,""SFR"":-0.7},""salary_prior"":null,""salary_support"":0,""cross_role_calibration"":{""reference"":""pitcher_kbo_core_5"",""percentile"":0.0599,""raw_core_average"":10,""target_core_average"":7,""calibrated_core_average"":7}}"
"2025","64468","KBO-64468","두산 베어스","박계범","IF","KBO","0","198","175","4","5","1","12","10","9","10","10","1","13","10","0.6132","0.3291","0.3280","0.3865","0.5347","0.5654","0.4137","0.2626","0.1042","0.0104","0.0777","0.2168","0.0737","0.7491","0.0576","0.0110","medium","medium","kbo_pitcher_type_splits","175","kbo-hitter-abilities-v7-cross-role-calibrated","11","8","9","8","10","10","10","11","KBO","medium","457","2루수","","","","0","kbo-hitter-abilities-v7-cross-role-calibrated","973509","81.8","2.4","0.9","https://www.kbofancystats.com/teams/samsunglions/","medium","{""level"":""KBO"",""PA"":198,""reliability"":0.6226,""advanced_match"":true,""contact_components"":{""avgPct"":0.6742957746478874,""kGoodPct"":0.49823943661971826,""wrcPct"":0.5063291139240507,""babipPct"":0.7890295358649789},""power_components"":{""isoPct"":0.5404929577464789,""hrPct"":0.42077464788732394,""xbhPct"":0.5475352112676056,""wrcPct"":0.5063291139240507},""discipline_components"":{""bbPct"":0.4137323943661972,""bbkPct"":0.44190140845070425,""obpGapPct"":0.352112676056338},""defense"":{""position"":""2루수"",""innings"":457,""SFR"":2.4},""salary_prior"":null,""salary_support"":0,""cross_role_calibration"":{""reference"":""pitcher_kbo_core_5"",""percentile"":0.4313,""raw_core_average"":11,""target_core_average"":10.2,""calibrated_core_average"":10.2}}"
"2025","53204","KBO-53204","두산 베어스","박민준","C","KBO","0","2","2","0","0","0","10","10","10","10","11","1","11","11","0.5010","0.5030","0.5011","0.5008","0.4983","0.5013","0.5000","0.2570","0.1239","0.0206","0.0896","0.2021","0.0821","0.7488","0.0267","0.0041","very_low","low","kbo_pitcher_type_splits","2","kbo-hitter-abilities-v7-cross-role-calibrated","11","11","11","11","11","11","8","11","KBO","low","10.7","포수","","","","0","kbo-hitter-abilities-v7-cross-role-calibrated","2935951","-105.5","","-0.04","https://www.kbofancystats.com/teams/doosanbears/","very_low","{""level"":""KBO"",""PA"":2,""reliability"":0.0164,""advanced_match"":true,""contact_components"":{""avgPct"":0.035211267605633804,""kGoodPct"":0.028169014084507005,""wrcPct"":0.0189873417721519,""babipPct"":0.02109704641350211},""power_components"":{""isoPct"":0.11091549295774648,""hrPct"":0.18661971830985916,""xbhPct"":0.11091549295774648,""wrcPct"":0.0189873417721519},""discipline_components"":{""bbPct"":0.07746478873239436,""bbkPct"":0.07746478873239436,""obpGapPct"":0.06866197183098592},""defense"":{""position"":""포수"",""innings"":10.7,""SFR"":null},""salary_prior"":null,""salary_support"":0,""cross_role_calibration"":{""reference"":""pitcher_kbo_core_5"",""percentile"":0.4313,""raw_core_average"":11,""target_core_average"":10.2,""calibrated_core_average"":10.2}}"
"2025","51298","KBO-51298","두산 베어스","박성재","C","KBO","0","7","7","0","0","0","10","10","10","10","11","1","11","11","0.4887","0.5015","0.4947","0.4824","0.4805","0.5025","0.5000","0.2450","0.1181","0.0197","0.0855","0.2301","0.0821","0.7488","0.0267","0.0041","very_low","low","kbo_pitcher_type_splits","7","kbo-hitter-abilities-v7-cross-role-calibrated","11","11","11","11","11","11","7","11","KBO","low","17.3","1루수","","","","0","kbo-hitter-abilities-v7-cross-role-calibrated","1664622","-105.5","2.4","-0.03","https://www.kbofancystats.com/teams/doosanbears/","very_low","{""level"":""KBO"",""PA"":7,""reliability"":0.0551,""advanced_match"":true,""contact_components"":{""avgPct"":0.035211267605633804,""kGoodPct"":0.008802816901408494,""wrcPct"":0.0189873417721519,""babipPct"":0.02109704641350211},""power_components"":{""isoPct"":0.11091549295774648,""hrPct"":0.18661971830985916,""xbhPct"":0.11091549295774648,""wrcPct"":0.0189873417721519},""discipline_components"":{""bbPct"":0.07746478873239436,""bbkPct"":0.07746478873239436,""obpGapPct"":0.06866197183098592},""defense"":{""position"":""1루수"",""innings"":17.3,""SFR"":2.4},""salary_prior"":null,""salary_support"":0,""cross_role_calibration"":{""reference"":""pitcher_kbo_core_5"",""percentile"":0.4313,""raw_core_average"":11,""target_core_average"":10.2,""calibrated_core_average"":10.2}}"
"2025","55252","KBO-55252","두산 베어스","박준순","IF","KBO","0","298","282","12","5","0","15","12","7","13","13","1","14","11","0.7534","0.3426","0.1322","0.6569","0.6382","0.7466","0.5607","0.2780","0.1038","0.0153","0.0481","0.1900","0.1176","0.7949","0.0462","0.0015","medium","high","kbo_pitcher_type_splits","282","kbo-hitter-abilities-v7-cross-role-calibrated","10","10","14","8","9","11","7","13","KBO","high","644","3루수","","","","0","kbo-hitter-abilities-v7-cross-role-calibrated","2941640","87.5","-8","1.14","https://www.kbofancystats.com/teams/doosanbears/","medium","{""level"":""KBO"",""PA"":298,""reliability"":0.7129,""advanced_match"":true,""contact_components"":{""avgPct"":0.8063380281690141,""kGoodPct"":0.6602112676056338,""wrcPct"":0.5337552742616034,""babipPct"":0.729957805907173},""power_components"":{""isoPct"":0.5704225352112676,""hrPct"":0.5897887323943662,""xbhPct"":0.5721830985915493,""wrcPct"":0.5337552742616034},""discipline_components"":{""bbPct"":0.17781690140845072,""bbkPct"":0.2323943661971831,""obpGapPct"":0.15140845070422534},""defense"":{""position"":""3루수"",""innings"":644,""SFR"":-8},""salary_prior"":null,""salary_support"":0,""cross_role_calibration"":{""reference"":""pitcher_kbo_core_5"",""percentile"":0.6972,""raw_core_average"":11.8,""target_core_average"":12,""calibrated_core_average"":12}}"
"2025","66928","KBO-66928","두산 베어스","박준영","IF","KBO","0","126","111","3","1","0","7","9","9","7","7","1","12","12","0.3824","0.4205","0.4401","0.3577","0.4649","0.4900","0.5380","0.2427","0.1120","0.0137","0.0847","0.2284","0.0817","0.8067","0.0268","0.0024","medium","medium","kbo_pitcher_type_splits","111","kbo-hitter-abilities-v7-cross-role-calibrated","10","9","10","9","11","11","9","11","KBO","medium","289.3","유격수","","","","0","kbo-hitter-abilities-v7-cross-role-calibrated","","","","","","medium","{""level"":""KBO"",""PA"":126,""reliability"":0.5122,""advanced_match"":false,""contact_components"":{""avgPct"":0.43133802816901406,""kGoodPct"":0.38204225352112675,""wrcPct"":0.5,""babipPct"":0.5},""power_components"":{""isoPct"":0.5845070422535211,""hrPct"":0.47007042253521125,""xbhPct"":0.5862676056338029,""wrcPct"":0.5},""discipline_components"":{""bbPct"":0.5123239436619719,""bbkPct"":0.4454225352112676,""obpGapPct"":0.6355633802816901},""defense"":{""position"":""유격수"",""innings"":289.3,""SFR"":null},""salary_prior"":null,""salary_support"":0,""cross_role_calibration"":{""reference"":""pitcher_kbo_core_5"",""percentile"":0.1479,""raw_core_average"":10.4,""target_core_average"":7.8,""calibrated_core_average"":7.8}}"
"2025","50204","KBO-50204","두산 베어스","박지훈","IF","KBO","0","55","48","1","3","0","14","13","11","12","12","1","11","11","0.6559","0.5719","0.5431","0.4981","0.5900","0.4551","0.4708","0.3123","0.1327","0.0200","0.0912","0.2040","0.0681","0.7716","0.0578","0.0027","low","low","kbo_pitcher_type_splits","48","kbo-hitter-abilities-v7-cross-role-calibrated","10","11","10","11","11","11","8","11","KBO","low","128.3","3루수","","","","0","kbo-hitter-abilities-v7-cross-role-calibrated","1652361","184.4","-1.7","0.82","https://www.kbofancystats.com/teams/doosanbears/","low","{""level"":""KBO"",""PA"":55,""reliability"":0.3143,""advanced_match"":true,""contact_components"":{""avgPct"":0.977112676056338,""kGoodPct"":0.5264084507042254,""wrcPct"":0.9810126582278481,""babipPct"":0.9810126582278481},""power_components"":{""isoPct"":0.7940140845070423,""hrPct"":0.6813380281690141,""xbhPct"":0.7940140845070423,""wrcPct"":0.9810126582278481},""discipline_components"":{""bbPct"":0.6214788732394366,""bbkPct"":0.6126760563380281,""obpGapPct"":0.4507042253521127},""defense"":{""position"":""3루수"",""innings"":128.3,""SFR"":-1.7},""salary_prior"":null,""salary_support"":0,""cross_role_calibration"":{""reference"":""pitcher_kbo_core_5"",""percentile"":0.7324,""raw_core_average"":12,""target_core_average"":12.4,""calibrated_core_average"":12.4}}"
"2025","51203","KBO-51203","두산 베어스","안재석","IF","KBO","0","147","135","3","2","0","15","16","11","12","12","1","12","11","0.7498","0.7291","0.3942","0.6331","0.6471","0.5312","0.4388","0.2945","0.1815","0.0247","0.0816","0.1887","0.0711","0.7298","0.0334","0.0021","medium","medium","kbo_pitcher_type_splits","135","kbo-hitter-abilities-v7-cross-role-calibrated","10","12","11","13","11","11","8","12","KBO","low","182.7","유격수","","","","0","kbo-hitter-abilities-v7-cross-role-calibrated","1656226","145.6","-3.3","1.55","https://www.kbofancystats.com/teams/doosanbears/","medium","{""level"":""KBO"",""PA"":147,""reliability"":0.5506,""advanced_match"":true,""contact_components"":{""avgPct"":0.926056338028169,""kGoodPct"":0.6778169014084507,""wrcPct"":0.9219409282700421,""babipPct"":0.8860759493670886},""power_components"":{""isoPct"":0.9471830985915493,""hrPct"":0.8133802816901409,""xbhPct"":0.948943661971831,""wrcPct"":0.9219409282700421},""discipline_components"":{""bbPct"":0.477112676056338,""bbkPct"":0.596830985915493,""obpGapPct"":0.29401408450704225},""defense"":{""position"":""유격수"",""innings"":182.7,""SFR"":-3.3},""salary_prior"":null,""salary_support"":0,""cross_role_calibration"":{""reference"":""pitcher_kbo_core_5"",""percentile"":0.8116,""raw_core_average"":12.8,""target_core_average"":13.2,""calibrated_core_average"":13.2}}"
"2025","64153","KBO-64153","두산 베어스","양석환","IF","KBO","0","294","262","1","1","0","11","16","11","10","12","1","11","13","0.4580","0.7504","0.4120","0.1729","0.4625","0.2261","0.6154","0.2520","0.1454","0.0256","0.0841","0.2579","0.0375","0.7716","0.0172","0.0015","medium","medium","kbo_pitcher_type_splits","262","kbo-hitter-abilities-v7-cross-role-calibrated","13","12","12","12","13","11","12","13","KBO","medium","579.7","1루수","","","","0","kbo-hitter-abilities-v7-cross-role-calibrated","973435","99.7","4.5","1.63","https://www.kbofancystats.com/teams/doosanbears/","medium","{""level"":""KBO"",""PA"":294,""reliability"":0.7101,""advanced_match"":true,""contact_components"":{""avgPct"":0.5757042253521126,""kGoodPct"":0.2975352112676056,""wrcPct"":0.6582278481012658,""babipPct"":0.6223628691983122},""power_components"":{""isoPct"":0.829225352112676,""hrPct"":0.8133802816901409,""xbhPct"":0.829225352112676,""wrcPct"":0.6582278481012658},""discipline_components"":{""bbPct"":0.528169014084507,""bbkPct"":0.4084507042253521,""obpGapPct"":0.5299295774647887},""defense"":{""position"":""1루수"",""innings"":579.7,""SFR"":4.5},""salary_prior"":null,""salary_support"":0,""cross_role_calibration"":{""reference"":""pitcher_kbo_core_5"",""percentile"":0.6972,""raw_core_average"":11.8,""target_core_average"":12,""calibrated_core_average"":12}}"
"2025","76232","KBO-76232","두산 베어스","양의지","C","KBO","0","517","454","6","5","1","19","18","16","17","17","1","12","10","0.9083","0.8588","0.6785","0.8821","0.7592","0.2453","0.3768","0.3235","0.1835","0.0358","0.0959","0.1339","0.0421","0.7180","0.0264","0.0050","high","high","kbo_pitcher_type_splits","454","kbo-hitter-abilities-v7-cross-role-calibrated","11","12","13","10","11","15","15","12","KBO","high","726","포수","160000","team_top_salary","14.14","0","kbo-hitter-abilities-v7-cross-role-calibrated","10134","156.8","-0.9","7.05","https://www.kbofancystats.com/teams/doosanbears/","high","{""level"":""KBO"",""PA"":517,""reliability"":0.8116,""advanced_match"":true,""contact_components"":{""avgPct"":0.9559859154929577,""kGoodPct"":0.8996478873239436,""wrcPct"":0.959915611814346,""babipPct"":0.8354430379746836},""power_components"":{""isoPct"":0.9066901408450704,""hrPct"":0.8996478873239436,""xbhPct"":0.9066901408450704,""wrcPct"":0.959915611814346},""discipline_components"":{""bbPct"":0.6813380281690141,""bbkPct"":0.8926056338028169,""obpGapPct"":0.49119718309859156},""defense"":{""position"":""포수"",""innings"":726,""SFR"":-0.9},""salary_prior"":14.144425372635817,""salary_support"":0,""cross_role_calibration"":{""reference"":""pitcher_kbo_core_5"",""percentile"":0.9842,""raw_core_average"":15.4,""target_core_average"":17.4,""calibrated_core_average"":17.4}}"
"2025","54205","KBO-54205","두산 베어스","여동건","IF","KBO","0","21","19","1","0","0","10","9","12","10","10","1","11","11","0.4505","0.4742","0.5247","0.5553","0.4824","0.5137","0.4814","0.2371","0.1062","0.0174","0.0921","0.1786","0.0945","0.6807","0.0247","0.0038","very_low","low","kbo_pitcher_type_splits","19","kbo-hitter-abilities-v7-cross-role-calibrated","11","11","12","11","11","11","7","10","KBO","low","49.3","2루수","","","","0","kbo-hitter-abilities-v7-cross-role-calibrated","","","","","","very_low","{""level"":""KBO"",""PA"":21,""reliability"":0.1489,""advanced_match"":false,""contact_components"":{""avgPct"":0.11619718309859155,""kGoodPct"":0.948943661971831,""wrcPct"":0.5,""babipPct"":0.5},""power_components"":{""isoPct"":0.11091549295774648,""hrPct"":0.18661971830985916,""xbhPct"":0.11091549295774648,""wrcPct"":0.5},""discipline_components"":{""bbPct"":0.6637323943661971,""bbkPct"":0.9683098591549296,""obpGapPct"":0.698943661971831},""defense"":{""position"":""2루수"",""innings"":49.3,""SFR"":null},""salary_prior"":null,""salary_support"":0,""cross_role_calibration"":{""reference"":""pitcher_kbo_core_5"",""percentile"":0.4313,""raw_core_average"":11,""target_core_average"":10.2,""calibrated_core_average"":10.2}}"
"2025","50208","KBO-50208","두산 베어스","오명진","IF","KBO","0","371","331","8","4","1","12","12","10","11","11","1","13","10","0.6393","0.3452","0.2795","0.2157","0.4884","0.5884","0.3163","0.2627","0.1082","0.0130","0.0767","0.2412","0.0743","0.6938","0.0327","0.0074","high","high","kbo_pitcher_type_splits","331","kbo-hitter-abilities-v7-cross-role-calibrated","13","10","12","9","13","11","9","12","KBO","high","783","2루수","","","","0","kbo-hitter-abilities-v7-cross-role-calibrated","1652437","88.1","20.7","2.82","https://www.kbofancystats.com/teams/doosanbears/","high","{""level"":""KBO"",""PA"":371,""reliability"":0.7556,""advanced_match"":true,""contact_components"":{""avgPct"":0.6742957746478874,""kGoodPct"":0.3855633802816901,""wrcPct"":0.5464135021097046,""babipPct"":0.8248945147679325},""power_components"":{""isoPct"":0.596830985915493,""hrPct"":0.5334507042253521,""xbhPct"":0.596830985915493,""wrcPct"":0.5464135021097046},""discipline_components"":{""bbPct"":0.448943661971831,""bbkPct"":0.3926056338028169,""obpGapPct"":0.375},""defense"":{""position"":""2루수"",""innings"":783,""SFR"":20.7},""salary_prior"":null,""salary_support"":0,""cross_role_calibration"":{""reference"":""pitcher_kbo_core_5"",""percentile"":0.5687,""raw_core_average"":11.2,""target_core_average"":11.2,""calibrated_core_average"":11.2}}"
"2025","55224","KBO-55224","두산 베어스","이선우","IF","KBO","0","11","11","0","0","0","9","9","8","10","10","1","11","11","0.4988","0.5085","0.4853","0.5141","0.4953","0.5044","0.4985","0.2542","0.1229","0.0190","0.0824","0.1947","0.0789","0.7488","0.0257","0.0040","very_low","low","kbo_pitcher_type_splits","11","kbo-hitter-abilities-v7-cross-role-calibrated","11","11","11","11","11","11","6","11","KBO","low","27.3","2루수","","","","0","kbo-hitter-abilities-v7-cross-role-calibrated","","","","","","very_low","{""level"":""KBO"",""PA"":11,""reliability"":0.084,""advanced_match"":false,""contact_components"":{""avgPct"":0.2306338028169014,""kGoodPct"":0.6919014084507042,""wrcPct"":0.5,""babipPct"":0.5},""power_components"":{""isoPct"":0.545774647887324,""hrPct"":0.18661971830985916,""xbhPct"":0.5404929577464789,""wrcPct"":0.5},""discipline_components"":{""bbPct"":0.07746478873239436,""bbkPct"":0.07746478873239436,""obpGapPct"":0.06866197183098592},""defense"":{""position"":""2루수"",""innings"":27.3,""SFR"":null},""salary_prior"":null,""salary_support"":0,""cross_role_calibration"":{""reference"":""pitcher_kbo_core_5"",""percentile"":0.2852,""raw_core_average"":10.8,""target_core_average"":9.2,""calibrated_core_average"":9.2}}"
"2025","67207","KBO-67207","두산 베어스","이유찬","IF","KBO","0","311","269","14","3","0","11","9","14","11","11","1","14","12","0.3986","0.1548","0.7278","0.4534","0.4847","0.7030","0.6297","0.2472","0.0695","0.0076","0.1025","0.2083","0.1215","0.8120","0.0291","0.0014","high","high","kbo_pitcher_type_splits","269","kbo-hitter-abilities-v7-cross-role-calibrated","9","11","9","12","10","12","10","10","KBO","high","677.7","유격수","","","","0","kbo-hitter-abilities-v7-cross-role-calibrated","1403013","76.1","-3.3","1.2","https://www.kbofancystats.com/teams/doosanbears/","high","{""level"":""KBO"",""PA"":311,""reliability"":0.7216,""advanced_match"":true,""contact_components"":{""avgPct"":0.5387323943661971,""kGoodPct"":0.551056338028169,""wrcPct"":0.45358649789029537,""babipPct"":0.5506329113924051},""power_components"":{""isoPct"":0.30809859154929575,""hrPct"":0.3926056338028169,""xbhPct"":0.30809859154929575,""wrcPct"":0.45358649789029537},""discipline_components"":{""bbPct"":0.7376760563380281,""bbkPct"":0.7165492957746479,""obpGapPct"":0.7147887323943662},""defense"":{""position"":""유격수"",""innings"":677.7,""SFR"":-3.3},""salary_prior"":null,""salary_support"":0,""cross_role_calibration"":{""reference"":""pitcher_kbo_core_5"",""percentile"":0.5687,""raw_core_average"":11.2,""target_core_average"":11.2,""calibrated_core_average"":11.2}}"
"2025","54236","KBO-54236","두산 베어스","임종성","IF","KBO","0","89","83","1","0","0","11","12","8","10","10","1","11","12","0.6126","0.5764","0.2936","0.3284","0.5109","0.4317","0.5535","0.2689","0.1237","0.0217","0.0642","0.2414","0.0681","0.7716","0.0178","0.0027","low","low","kbo_pitcher_type_splits","83","kbo-hitter-abilities-v7-cross-role-calibrated","11","11","10","13","12","11","7","12","KBO","low","212","3루수","","","","0","kbo-hitter-abilities-v7-cross-role-calibrated","2933516","91.1","4.6","0.72","https://www.kbofancystats.com/teams/doosanbears/","low","{""level"":""KBO"",""PA"":89,""reliability"":0.4258,""advanced_match"":true,""contact_components"":{""avgPct"":0.7764084507042254,""kGoodPct"":0.2552816901408451,""wrcPct"":0.5759493670886076,""babipPct"":0.8860759493670886},""power_components"":{""isoPct"":0.6883802816901409,""hrPct"":0.7517605633802817,""xbhPct"":0.6848591549295775,""wrcPct"":0.5759493670886076},""discipline_components"":{""bbPct"":0.1813380281690141,""bbkPct"":0.17077464788732394,""obpGapPct"":0.1813380281690141},""defense"":{""position"":""3루수"",""innings"":212,""SFR"":4.6},""salary_prior"":null,""salary_support"":0,""cross_role_calibration"":{""reference"":""pitcher_kbo_core_5"",""percentile"":0.4313,""raw_core_average"":11,""target_core_average"":10.2,""calibrated_core_average"":10.2}}"
"2025","63202","KBO-63202","두산 베어스","장승현","C","KBO","0","2","2","0","0","0","10","10","10","10","11","1","11","11","0.5010","0.5030","0.5011","0.5036","0.4990","0.5013","0.5000","0.2570","0.1239","0.0206","0.0896","0.1923","0.0821","0.7488","0.0267","0.0041","very_low","low","kbo_pitcher_type_splits","2","kbo-hitter-abilities-v7-cross-role-calibrated","11","11","11","11","11","11","10","11","KBO","low","11","포수","","","","0","kbo-hitter-abilities-v7-cross-role-calibrated","799418","-105.5","0","-0.03","https://www.kbofancystats.com/teams/samsunglions/","very_low","{""level"":""KBO"",""PA"":2,""reliability"":0.0164,""advanced_match"":true,""contact_components"":{""avgPct"":0.035211267605633804,""kGoodPct"":0.9806338028169014,""wrcPct"":0.0189873417721519,""babipPct"":0.02109704641350211},""power_components"":{""isoPct"":0.11091549295774648,""hrPct"":0.18661971830985916,""xbhPct"":0.11091549295774648,""wrcPct"":0.0189873417721519},""discipline_components"":{""bbPct"":0.07746478873239436,""bbkPct"":0.07746478873239436,""obpGapPct"":0.06866197183098592},""defense"":{""position"":""포수"",""innings"":11,""SFR"":0},""salary_prior"":null,""salary_support"":0,""cross_role_calibration"":{""reference"":""pitcher_kbo_core_5"",""percentile"":0.4313,""raw_core_average"":11,""target_core_average"":10.2,""calibrated_core_average"":10.2}}"
"2025","54214","KBO-54214","두산 베어스","전다민","OF","KBO","0","12","12","3","0","1","9","8","8","9","9","1","12","11","0.4768","0.4950","0.4825","0.5368","0.4951","0.5079","0.5516","0.2430","0.1129","0.0188","0.0816","0.1751","0.1393","0.8067","0.0262","0.0236","very_low","low","kbo_pitcher_type_splits","12","kbo-hitter-abilities-v7-cross-role-calibrated","11","11","11","10","11","11","8","11","KBO","low","37.3","좌익수","","","","0","kbo-hitter-abilities-v7-cross-role-calibrated","2933515","-57.4","","-0.09","https://www.kbofancystats.com/teams/doosanbears/","very_low","{""level"":""KBO"",""PA"":12,""reliability"":0.0909,""advanced_match"":true,""contact_components"":{""avgPct"":0.09859154929577464,""kGoodPct"":0.9806338028169014,""wrcPct"":0.04430379746835443,""babipPct"":0.05063291139240506},""power_components"":{""isoPct"":0.11091549295774648,""hrPct"":0.18661971830985916,""xbhPct"":0.11091549295774648,""wrcPct"":0.04430379746835443},""discipline_components"":{""bbPct"":0.07746478873239436,""bbkPct"":0.07746478873239436,""obpGapPct"":0.06866197183098592},""defense"":{""position"":""좌익수"",""innings"":37.3,""SFR"":null},""salary_prior"":null,""salary_support"":0,""cross_role_calibration"":{""reference"":""pitcher_kbo_core_5"",""percentile"":0.2113,""raw_core_average"":10.6,""target_core_average"":8.6,""calibrated_core_average"":8.6}}"
"2025","79231","KBO-79231","두산 베어스","정수빈","OF","KBO","0","546","462","39","2","1","15","12","17","16","14","1","15","11","0.5593","0.2606","0.8021","0.9062","0.6185","0.8431","0.4078","0.2584","0.0972","0.0125","0.1086","0.1186","0.1834","0.6834","0.0142","0.0051","high","high","kbo_pitcher_type_splits","462","kbo-hitter-abilities-v7-cross-role-calibrated","13","11","12","11","14","15","15","11","KBO","high","1077.3","중견수","60000","team_top_salary","12.38","0","kbo-hitter-abilities-v7-cross-role-calibrated","10383","98.7","14.4","4.01","https://www.kbofancystats.com/teams/doosanbears/","high","{""level"":""KBO"",""PA"":546,""reliability"":0.8198,""advanced_match"":true,""contact_components"":{""avgPct"":0.6355633802816901,""kGoodPct"":0.9278169014084507,""wrcPct"":0.6286919831223629,""babipPct"":0.3459915611814346},""power_components"":{""isoPct"":0.528169014084507,""hrPct"":0.5369718309859155,""xbhPct"":0.5404929577464789,""wrcPct"":0.6286919831223629},""discipline_components"":{""bbPct"":0.7588028169014085,""bbkPct"":0.9806338028169014,""obpGapPct"":0.7940140845070423},""defense"":{""position"":""중견수"",""innings"":1077.3,""SFR"":14.4},""salary_prior"":12.375628498537262,""salary_support"":0,""cross_role_calibration"":{""reference"":""pitcher_kbo_core_5"",""percentile"":0.8926,""raw_core_average"":13.6,""target_core_average"":14.8,""calibrated_core_average"":14.8}}"
"2025","66209","KBO-66209","두산 베어스","조수행","OF","KBO","0","140","119","37","3","1","11","9","13","12","11","1","14","10","0.4723","0.2510","0.6284","0.5175","0.4903","0.6077","0.5774","0.2521","0.0760","0.0088","0.0964","0.2026","0.4420","0.7976","0.0466","0.0130","medium","high","kbo_pitcher_type_splits","119","kbo-hitter-abilities-v7-cross-role-calibrated","12","12","12","11","11","12","11","10","KBO","medium","370.7","좌익수","","","","0","kbo-hitter-abilities-v7-cross-role-calibrated","1216184","66.1","-1.8","0.41","https://www.kbofancystats.com/teams/doosanbears/","medium","{""level"":""KBO"",""PA"":140,""reliability"":0.5385,""advanced_match"":true,""contact_components"":{""avgPct"":0.5545774647887324,""kGoodPct"":0.5721830985915493,""wrcPct"":0.34810126582278483,""babipPct"":0.6054852320675106},""power_components"":{""isoPct"":0.25880281690140844,""hrPct"":0.18661971830985916,""xbhPct"":0.25880281690140844,""wrcPct"":0.34810126582278483},""discipline_components"":{""bbPct"":0.6954225352112676,""bbkPct"":0.6813380281690141,""obpGapPct"":0.6408450704225352},""defense"":{""position"":""좌익수"",""innings"":370.7,""SFR"":-1.8},""salary_prior"":null,""salary_support"":0,""cross_role_calibration"":{""reference"":""pitcher_kbo_core_5"",""percentile"":0.5687,""raw_core_average"":11.2,""target_core_average"":11.2,""calibrated_core_average"":11.2}}"
"2025","52208","KBO-52208","두산 베어스","천현재","OF","KBO","0","3","3","0","1","0","10","10","10","10","11","1","11","11","0.5002","0.5035","0.5006","0.5059","0.4990","0.5017","0.5000","0.2545","0.1227","0.0204","0.0888","0.1904","0.0821","0.7488","0.0467","0.0041","very_low","low","kbo_pitcher_type_splits","3","kbo-hitter-abilities-v7-cross-role-calibrated","11","11","11","11","11","11","9","11","KBO","low","7","중견수","","","","0","kbo-hitter-abilities-v7-cross-role-calibrated","","","","","","very_low","{""level"":""KBO"",""PA"":3,""reliability"":0.0244,""advanced_match"":false,""contact_components"":{""avgPct"":0.035211267605633804,""kGoodPct"":0.9806338028169014,""wrcPct"":0.5,""babipPct"":0.5},""power_components"":{""isoPct"":0.11091549295774648,""hrPct"":0.18661971830985916,""xbhPct"":0.11091549295774648,""wrcPct"":0.5},""discipline_components"":{""bbPct"":0.07746478873239436,""bbkPct"":0.07746478873239436,""obpGapPct"":0.06866197183098592},""defense"":{""position"":""중견수"",""innings"":7,""SFR"":null},""salary_prior"":null,""salary_support"":0,""cross_role_calibration"":{""reference"":""pitcher_kbo_core_5"",""percentile"":0.4313,""raw_core_average"":11,""target_core_average"":10.2,""calibrated_core_average"":10.2}}"
"2025","68362","KBO-68362","두산 베어스","추재현","OF","KBO","0","87","81","0","0","0","8","9","6","9","7","1","10","11","0.4157","0.4631","0.2977","0.5582","0.4779","0.5053","0.5309","0.2443","0.1140","0.0166","0.0649","0.1958","0.0578","0.7488","0.0188","0.0029","low","low","kbo_pitcher_type_splits","81","kbo-hitter-abilities-v7-cross-role-calibrated","11","12","11","12","10","10","9","11","KBO","low","165.7","좌익수","","","","0","kbo-hitter-abilities-v7-cross-role-calibrated","1616835","56.5","-4.7","-0.24","https://www.kbofancystats.com/teams/kiwoomheroes/","low","{""level"":""KBO"",""PA"":87,""reliability"":0.4203,""advanced_match"":true,""contact_components"":{""avgPct"":0.41901408450704225,""kGoodPct"":0.625,""wrcPct"":0.2869198312236287,""babipPct"":0.310126582278481},""power_components"":{""isoPct"":0.5845070422535211,""hrPct"":0.5440140845070423,""xbhPct"":0.5827464788732394,""wrcPct"":0.2869198312236287},""discipline_components"":{""bbPct"":0.18485915492957747,""bbkPct"":0.22711267605633803,""obpGapPct"":0.20246478873239437},""defense"":{""position"":""좌익수"",""innings"":165.7,""SFR"":-4.7},""salary_prior"":null,""salary_support"":0,""cross_role_calibration"":{""reference"":""pitcher_kbo_core_5"",""percentile"":0.1479,""raw_core_average"":10.4,""target_core_average"":7.8,""calibrated_core_average"":7.8}}"
"2025","55208","KBO-55208","두산 베어스","케이브","OF","KBO","0","593","538","18","8","0","15","16","10","13","14","1","14","12","0.8608","0.8160","0.2424","0.6100","0.6681","0.7626","0.6408","0.2934","0.1577","0.0261","0.0752","0.1957","0.0913","0.8746","0.0386","0.0009","medium","high","kbo_pitcher_type_splits","538","kbo-hitter-abilities-v7-cross-role-calibrated","10","10","11","10","10","12","13","13","KBO","high","1135","우익수","","","","0","kbo-hitter-abilities-v7-cross-role-calibrated","","","","","","medium","{""level"":""KBO"",""PA"":593,""reliability"":0.8317,""advanced_match"":false,""contact_components"":{""avgPct"":0.8785211267605634,""kGoodPct"":0.6214788732394366,""wrcPct"":0.5,""babipPct"":0.5},""power_components"":{""isoPct"":0.8538732394366197,""hrPct"":0.801056338028169,""xbhPct"":0.8538732394366197,""wrcPct"":0.5},""discipline_components"":{""bbPct"":0.4454225352112676,""bbkPct"":0.5264084507042254,""obpGapPct"":0.3028169014084507},""defense"":{""position"":""우익수"",""innings"":1135,""SFR"":null},""salary_prior"":null,""salary_support"":0,""cross_role_calibration"":{""reference"":""pitcher_kbo_core_5"",""percentile"":0.8486,""raw_core_average"":13.2,""target_core_average"":13.55,""calibrated_core_average"":13.6}}"
"2025","66233","KBO-66233","두산 베어스","홍성호","OF","KBO","0","27","26","0","0","0","13","12","10","11","12","1","10","11","0.5752","0.5820","0.4532","0.4629","0.5311","0.4873","0.5069","0.2795","0.1559","0.0323","0.0799","0.2174","0.0708","0.7488","0.0230","0.0035","very_low","low","kbo_pitcher_type_splits","26","kbo-hitter-abilities-v7-cross-role-calibrated","11","11","11","10","11","11","9","11","KBO","low","38","1루수","","","","0","kbo-hitter-abilities-v7-cross-role-calibrated","1216187","166.1","-0.8","0.3","https://www.kbofancystats.com/teams/doosanbears/","very_low","{""level"":""KBO"",""PA"":27,""reliability"":0.1837,""advanced_match"":true,""contact_components"":{""avgPct"":0.9700704225352113,""kGoodPct"":0.23415492957746475,""wrcPct"":0.9683544303797469,""babipPct"":0.9556962025316456},""power_components"":{""isoPct"":0.9735915492957746,""hrPct"":0.9876760563380281,""xbhPct"":0.9735915492957746,""wrcPct"":0.9683544303797469},""discipline_components"":{""bbPct"":0.198943661971831,""bbkPct"":0.176056338028169,""obpGapPct"":0.15669014084507044},""defense"":{""position"":""1루수"",""innings"":38,""SFR"":-0.8},""salary_prior"":null,""salary_support"":0,""cross_role_calibration"":{""reference"":""pitcher_kbo_core_5"",""percentile"":0.625,""raw_core_average"":11.4,""target_core_average"":11.6,""calibrated_core_average"":11.6}}"
"2025","54506","KBO-54506","롯데 자이언츠","강승구","C","KBO","0","1","1","0","0","0","10","10","10","10","11","1","11","11","0.5011","0.5020","0.5010","0.5016","0.5008","0.5007","0.5000","0.2595","0.1252","0.0208","0.0905","0.1942","0.0821","0.7488","0.0267","0.0041","very_low","low","kbo_pitcher_type_splits","1","kbo-hitter-abilities-v7-cross-role-calibrated","11","11","11","11","11","11","7","11","KBO","low","2","포수","","","","0","kbo-hitter-abilities-v7-cross-role-calibrated","","","","","","very_low","{""level"":""KBO"",""PA"":1,""reliability"":0.0083,""advanced_match"":false,""contact_components"":{""avgPct"":0.035211267605633804,""kGoodPct"":0.9806338028169014,""wrcPct"":0.5,""babipPct"":0.5},""power_components"":{""isoPct"":0.11091549295774648,""hrPct"":0.18661971830985916,""xbhPct"":0.11091549295774648,""wrcPct"":0.5},""discipline_components"":{""bbPct"":0.07746478873239436,""bbkPct"":0.07746478873239436,""obpGapPct"":0.06866197183098592},""defense"":{""position"":""포수"",""innings"":2,""SFR"":null},""salary_prior"":null,""salary_support"":0,""cross_role_calibration"":{""reference"":""pitcher_kbo_core_5"",""percentile"":0.4313,""raw_core_average"":11,""target_core_average"":10.2,""calibrated_core_average"":10.2}}"
"2025","69517","KBO-69517","롯데 자이언츠","고승민","IF","KBO","0","538","469","6","4","0","15","11","15","14","13","1","12","12","0.7133","0.1839","0.7420","0.8251","0.6744","0.3769","0.6710","0.2693","0.0872","0.0096","0.1021","0.1608","0.0436","0.7805","0.0230","0.0009","high","high","kbo_pitcher_type_splits","469","kbo-hitter-abilities-v7-cross-role-calibrated","14","14","8","13","13","13","10","11","KBO","high","924","2루수","","","","0","kbo-hitter-abilities-v7-cross-role-calibrated","1631587","96.8","2.8","2.87","https://www.kbofancystats.com/teams/lottegiants/","high","{""level"":""KBO"",""PA"":538,""reliability"":0.8176,""advanced_match"":true,""contact_components"":{""avgPct"":0.7235915492957746,""kGoodPct"":0.8116197183098591,""wrcPct"":0.6181434599156118,""babipPct"":0.580168776371308},""power_components"":{""isoPct"":0.4823943661971831,""hrPct"":0.4630281690140845,""xbhPct"":0.48063380281690143,""wrcPct"":0.6181434599156118},""discipline_components"":{""bbPct"":0.7165492957746479,""bbkPct"":0.8362676056338029,""obpGapPct"":0.6320422535211268},""defense"":{""position"":""2루수"",""innings"":924,""SFR"":2.8},""salary_prior"":null,""salary_support"":0,""cross_role_calibration"":{""reference"":""pitcher_kbo_core_5"",""percentile"":0.8486,""raw_core_average"":13.2,""target_core_average"":13.55,""calibrated_core_average"":13.6}}"
"2025","52504","KBO-52504","롯데 자이언츠","김동혁","OF","KBO","0","114","89","17","2","0","11","10","14","10","11","1","14","11","0.4163","0.3479","0.7504","0.4297","0.4479","0.7057","0.5336","0.2445","0.0986","0.0098","0.1268","0.2132","0.2319","0.7588","0.0367","0.0023","medium","medium","kbo_pitcher_type_splits","89","kbo-hitter-abilities-v7-cross-role-calibrated","13","13","13","14","14","12","8","11","KBO","medium","292.7","중견수","","","","0","kbo-hitter-abilities-v7-cross-role-calibrated","2929472","92.1","7.8","1.02","https://www.kbofancystats.com/teams/lottegiants/","medium","{""level"":""KBO"",""PA"":114,""reliability"":0.4872,""advanced_match"":true,""contact_components"":{""avgPct"":0.43133802816901406,""kGoodPct"":0.4947183098591549,""wrcPct"":0.5843881856540084,""babipPct"":0.5675105485232067},""power_components"":{""isoPct"":0.3926056338028169,""hrPct"":0.18661971830985916,""xbhPct"":0.40316901408450706,""wrcPct"":0.5843881856540084},""discipline_components"":{""bbPct"":0.9454225352112676,""bbkPct"":0.8538732394366197,""obpGapPct"":0.9630281690140845},""defense"":{""position"":""중견수"",""innings"":292.7,""SFR"":7.8},""salary_prior"":null,""salary_support"":0,""cross_role_calibration"":{""reference"":""pitcher_kbo_core_5"",""percentile"":0.5687,""raw_core_average"":11.2,""target_core_average"":11.2,""calibrated_core_average"":11.2}}"
"2025","55502","KBO-55502","롯데 자이언츠","김동현","OF","FUTURES","-2","318","259","0","","","14","15","15","14","13","1","8","9","0.6259","0.7958","0.8181","0.5111","0.5800","0.1454","0.5000","0.3010","0.1879","0.0316","0.1530","0.1679","0.0249","0.6957","","","medium","medium","futures_contact_k_proxy","0","kbo-hitter-abilities-v7-cross-role-calibrated","9","9","9","9","9","10","7","10","POSITION_PRIOR","very_low","0","외야수","","","","0","kbo-hitter-abilities-v7-cross-role-calibrated","","","","","","medium","{""level"":""FUTURES"",""PA"":318,""reliability"":0.6386,""advanced_match"":false,""contact_components"":{""avgPct"":0.8548387096774194,""kGoodPct"":0.6290322580645161,""wrcPct"":0.5,""babipPct"":0.5},""power_components"":{""isoPct"":0.8870967741935484,""hrPct"":0.7903225806451613,""xbhPct"":0.8870967741935484,""wrcPct"":0.5},""discipline_components"":{""bbPct"":0.8548387096774194,""bbkPct"":0.7580645161290323,""obpGapPct"":0.6774193548387096},""defense"":{""position"":"""",""innings"":0,""SFR"":null},""salary_prior"":null,""salary_support"":0,""cross_role_calibration"":{""reference"":""pitcher_futures_core_5"",""percentile"":0.9839,""raw_core_average"":10.2,""target_core_average"":14.21,""calibrated_core_average"":14.2}}"
"2025","77564","KBO-77564","롯데 자이언츠","김민성","IF","KBO","0","254","214","1","1","0","13","12","16","12","12","1","10","10","0.4220","0.3868","0.8196","0.6427","0.4951","0.2336","0.5821","0.2491","0.1103","0.0144","0.1190","0.1910","0.0375","0.6807","0.0172","0.0015","medium","medium","kbo_pitcher_type_splits","214","kbo-hitter-abilities-v7-cross-role-calibrated","10","11","11","12","10","12","13","10","KBO","medium","464.3","3루수","","","","0","kbo-hitter-abilities-v7-cross-role-calibrated","10259","99.7","-4.2","1.3","https://www.kbofancystats.com/teams/lottegiants/","medium","{""level"":""KBO"",""PA"":254,""reliability"":0.6791,""advanced_match"":true,""contact_components"":{""avgPct"":0.5475352112676056,""kGoodPct"":0.6496478873239437,""wrcPct"":0.6582278481012658,""babipPct"":0.4641350210970464},""power_components"":{""isoPct"":0.596830985915493,""hrPct"":0.551056338028169,""xbhPct"":0.6003521126760564,""wrcPct"":0.6582278481012658},""discipline_components"":{""bbPct"":0.875,""bbkPct"":0.846830985915493,""obpGapPct"":0.8591549295774648},""defense"":{""position"":""3루수"",""innings"":464.3,""SFR"":-4.2},""salary_prior"":null,""salary_support"":0,""cross_role_calibration"":{""reference"":""pitcher_kbo_core_5"",""percentile"":0.794,""raw_core_average"":12.6,""target_core_average"":13.04,""calibrated_core_average"":13}}"
"2025","52514","KBO-52514","롯데 자이언츠","김세민","IF","FUTURES","-2","189","170","10","","","11","12","9","11","11","1","9","9","0.3420","0.5921","0.2741","0.6284","0.4566","0.7294","0.5789","0.2743","0.1499","0.0249","0.1001","0.1599","0.1320","0.6979","","","medium","medium","futures_contact_k_proxy","0","kbo-hitter-abilities-v7-cross-role-calibrated","9","9","9","9","9","8","6","10","POSITION_PRIOR","very_low","0","내야수","","","","0","kbo-hitter-abilities-v7-cross-role-calibrated","","","","","","medium","{""level"":""FUTURES"",""PA"":189,""reliability"":0.5122,""advanced_match"":false,""contact_components"":{""avgPct"":0.532258064516129,""kGoodPct"":0.7580645161290323,""wrcPct"":0.5,""babipPct"":0.5},""power_components"":{""isoPct"":0.6612903225806451,""hrPct"":0.7258064516129032,""xbhPct"":0.6612903225806451,""wrcPct"":0.5},""discipline_components"":{""bbPct"":0.20967741935483872,""bbkPct"":0.5645161290322581,""obpGapPct"":0.14516129032258066},""defense"":{""position"":"""",""innings"":0,""SFR"":null},""salary_prior"":null,""salary_support"":0,""cross_role_calibration"":{""reference"":""pitcher_futures_core_5"",""percentile"":0.7097,""raw_core_average"":8.8,""target_core_average"":10.8,""calibrated_core_average"":10.8}}"
"2025","51551","KBO-51551","롯데 자이언츠","나승엽","IF","KBO","0","392","328","0","5","0","12","15","17","12","12","1","9","9","0.2531","0.6948","0.8773","0.7763","0.4598","0.3303","0.4677","0.2365","0.1300","0.0226","0.1304","0.1720","0.0233","0.7488","0.0360","0.0012","high","high","kbo_pitcher_type_splits","328","kbo-hitter-abilities-v7-cross-role-calibrated","10","11","11","11","9","12","9","10","KBO","high","738.3","1루수","","","","0","kbo-hitter-abilities-v7-cross-role-calibrated","1656237","100.9","-14.2","0.96","https://www.kbofancystats.com/teams/lottegiants/","high","{""level"":""KBO"",""PA"":392,""reliability"":0.7656,""advanced_match"":true,""contact_components"":{""avgPct"":0.4524647887323944,""kGoodPct"":0.7834507042253521,""wrcPct"":0.6814345991561181,""babipPct"":0.2742616033755274},""power_components"":{""isoPct"":0.7306338028169014,""hrPct"":0.7588028169014085,""xbhPct"":0.7306338028169014,""wrcPct"":0.6814345991561181},""discipline_components"":{""bbPct"":0.9137323943661971,""bbkPct"":0.9137323943661971,""obpGapPct"":0.8926056338028169},""defense"":{""position"":""1루수"",""innings"":738.3,""SFR"":-14.2},""salary_prior"":null,""salary_support"":0,""cross_role_calibration"":{""reference"":""pitcher_kbo_core_5"",""percentile"":0.8486,""raw_core_average"":13.2,""target_core_average"":13.55,""calibrated_core_average"":13.6}}"
"2025","62931","KBO-62931","롯데 자이언츠","노진혁","IF","KBO","0","69","63","0","0","0","12","12","11","11","10","1","11","11","0.5851","0.5546","0.4461","0.3778","0.5178","0.5033","0.5331","0.2651","0.1266","0.0184","0.0837","0.2344","0.0570","0.7488","0.0186","0.0029","low","low","kbo_pitcher_type_splits","63","kbo-hitter-abilities-v7-cross-role-calibrated","11","11","11","10","11","12","13","11","KBO","low","39.7","1루수","70000","team_top_salary","12.65","0","kbo-hitter-abilities-v7-cross-role-calibrated","778538","103.2","0.2","0.44","https://www.kbofancystats.com/teams/lottegiants/","low","{""level"":""KBO"",""PA"":69,""reliability"":0.3651,""advanced_match"":true,""contact_components"":{""avgPct"":0.7200704225352113,""kGoodPct"":0.2640845070422535,""wrcPct"":0.7194092827004219,""babipPct"":0.9177215189873418},""power_components"":{""isoPct"":0.7147887323943662,""hrPct"":0.6161971830985915,""xbhPct"":0.7165492957746479,""wrcPct"":0.7194092827004219},""discipline_components"":{""bbPct"":0.44190140845070425,""bbkPct"":0.34683098591549294,""obpGapPct"":0.43485915492957744},""defense"":{""position"":""1루수"",""innings"":39.7,""SFR"":0.2},""salary_prior"":12.653619025207822,""salary_support"":0,""cross_role_calibration"":{""reference"":""pitcher_kbo_core_5"",""percentile"":0.5687,""raw_core_average"":11.2,""target_core_average"":11.2,""calibrated_core_average"":11.2}}"
"2025","54529","KBO-54529","롯데 자이언츠","레이예스","OF","KBO","0","643","573","8","6","0","20","17","15","17","17","1","12","12","0.9122","0.7428","0.5747","0.9251","0.8174","0.2185","0.6456","0.3168","0.1451","0.0203","0.0904","0.1152","0.0425","0.8049","0.0257","0.0007","high","high","kbo_pitcher_type_splits","573","kbo-hitter-abilities-v7-cross-role-calibrated","8","10","12","10","9","13","12","12","KBO","high","988.7","좌익수","","","","0","kbo-hitter-abilities-v7-cross-role-calibrated","2933473","136.9","-22.2","5.09","https://www.kbofancystats.com/teams/lottegiants/","high","{""level"":""KBO"",""PA"":643,""reliability"":0.8427,""advanced_match"":true,""contact_components"":{""avgPct"":0.9383802816901409,""kGoodPct"":0.9313380281690141,""wrcPct"":0.9008438818565401,""babipPct"":0.7890295358649789},""power_components"":{""isoPct"":0.801056338028169,""hrPct"":0.7059859154929577,""xbhPct"":0.801056338028169,""wrcPct"":0.9008438818565401},""discipline_components"":{""bbPct"":0.6109154929577465,""bbkPct"":0.9348591549295775,""obpGapPct"":0.40316901408450706},""defense"":{""position"":""좌익수"",""innings"":988.7,""SFR"":-22.2},""salary_prior"":null,""salary_support"":0,""cross_role_calibration"":{""reference"":""pitcher_kbo_core_5"",""percentile"":0.9701,""raw_core_average"":15,""target_core_average"":17.2,""calibrated_core_average"":17.2}}"
"2025","55509","KBO-55509","롯데 자이언츠","박건우","C","KBO","0","3","3","0","0","0","10","10","10","10","11","1","11","11","0.5093","0.5035","0.5006","0.5017","0.5067","0.5037","0.4985","0.2739","0.1227","0.0204","0.0888","0.2002","0.0789","0.7488","0.0257","0.0040","very_low","low","kbo_pitcher_type_splits","3","kbo-hitter-abilities-v7-cross-role-calibrated","11","11","11","11","11","11","7","11","KBO","low","11.3","포수","","","","0","kbo-hitter-abilities-v7-cross-role-calibrated","","","","","","very_low","{""level"":""KBO"",""PA"":3,""reliability"":0.0244,""advanced_match"":false,""contact_components"":{""avgPct"":0.9911971830985915,""kGoodPct"":0.15669014084507038,""wrcPct"":0.5,""babipPct"":0.5},""power_components"":{""isoPct"":0.11091549295774648,""hrPct"":0.18661971830985916,""xbhPct"":0.11091549295774648,""wrcPct"":0.5},""discipline_components"":{""bbPct"":0.07746478873239436,""bbkPct"":0.07746478873239436,""obpGapPct"":0.06866197183098592},""defense"":{""position"":""포수"",""innings"":11.3,""SFR"":null},""salary_prior"":null,""salary_support"":0,""cross_role_calibration"":{""reference"":""pitcher_kbo_core_5"",""percentile"":0.4313,""raw_core_average"":11,""target_core_average"":10.2,""calibrated_core_average"":10.2}}"
"2025","62802","KBO-62802","롯데 자이언츠","박승욱","IF","KBO","0","92","84","2","0","0","5","5","7","7","5","1","11","11","0.3224","0.3195","0.3372","0.2866","0.3909","0.5097","0.5051","0.2294","0.0850","0.0110","0.0737","0.2584","0.0848","0.7073","0.0186","0.0029","low","low","kbo_pitcher_type_splits","84","kbo-hitter-abilities-v7-cross-role-calibrated","10","12","12","12","10","10","11","10","KBO","low","231.3","유격수","","","","0","kbo-hitter-abilities-v7-cross-role-calibrated","433985","32.3","-2.4","-0.29","https://www.kbofancystats.com/teams/lottegiants/","low","{""level"":""KBO"",""PA"":92,""reliability"":0.434,""advanced_match"":true,""contact_components"":{""avgPct"":0.26936619718309857,""kGoodPct"":0.170774647887324,""wrcPct"":0.17932489451476794,""babipPct"":0.4282700421940928},""power_components"":{""isoPct"":0.26936619718309857,""hrPct"":0.18661971830985916,""xbhPct"":0.2658450704225352,""wrcPct"":0.17932489451476794},""discipline_components"":{""bbPct"":0.301056338028169,""bbkPct"":0.2147887323943662,""obpGapPct"":0.3274647887323944},""defense"":{""position"":""유격수"",""innings"":231.3,""SFR"":-2.4},""salary_prior"":null,""salary_support"":0,""cross_role_calibration"":{""reference"":""pitcher_kbo_core_5"",""percentile"":0.0035,""raw_core_average"":9.4,""target_core_average"":5.79,""calibrated_core_average"":5.8}}"
"2025","55563","KBO-55563","롯데 자이언츠","박재엽","C","KBO","0","16","14","0","0","0","11","13","12","11","11","1","11","11","0.5259","0.5454","0.5299","0.4840","0.5014","0.5002","0.5020","0.2650","0.1460","0.0268","0.0961","0.2122","0.0746","0.7488","0.0243","0.0037","very_low","low","kbo_pitcher_type_splits","14","kbo-hitter-abilities-v7-cross-role-calibrated","11","11","11","11","11","11","6","11","KBO","low","39","포수","","","","0","kbo-hitter-abilities-v7-cross-role-calibrated","2941646","155.7","0.1","0.23","https://www.kbofancystats.com/teams/lottegiants/","very_low","{""level"":""KBO"",""PA"":16,""reliability"":0.1176,""advanced_match"":true,""contact_components"":{""avgPct"":0.8169014084507042,""kGoodPct"":0.19366197183098588,""wrcPct"":0.9556962025316456,""babipPct"":0.8860759493670886},""power_components"":{""isoPct"":0.9841549295774648,""hrPct"":0.977112676056338,""xbhPct"":0.9841549295774648,""wrcPct"":0.9556962025316456},""discipline_components"":{""bbPct"":0.8556338028169014,""bbkPct"":0.5827464788732394,""obpGapPct"":0.7394366197183099},""defense"":{""position"":""포수"",""innings"":39,""SFR"":0.1},""salary_prior"":null,""salary_support"":0,""cross_role_calibration"":{""reference"":""pitcher_kbo_core_5"",""percentile"":0.625,""raw_core_average"":11.4,""target_core_average"":11.6,""calibrated_core_average"":11.6}}"
"2025","55530","KBO-55530","롯데 자이언츠","박찬형","IF","KBO","0","148","129","2","4","0","16","15","11","13","13","1","12","10","0.7628","0.6757","0.3897","0.6565","0.6395","0.4794","0.4141","0.3066","0.1469","0.0206","0.0812","0.1839","0.0560","0.7073","0.0490","0.0019","medium","medium","kbo_pitcher_type_splits","129","kbo-hitter-abilities-v7-cross-role-calibrated","12","11","12","10","12","12","8","12","KBO","medium","253.7","3루수","","","","0","kbo-hitter-abilities-v7-cross-role-calibrated","2953847","155.6","4.3","2.07","https://www.kbofancystats.com/teams/lottegiants/","medium","{""level"":""KBO"",""PA"":148,""reliability"":0.5522,""advanced_match"":true,""contact_components"":{""avgPct"":0.9630281690140845,""kGoodPct"":0.727112676056338,""wrcPct"":0.9514767932489452,""babipPct"":0.9430379746835443},""power_components"":{""isoPct"":0.8485915492957746,""hrPct"":0.7112676056338029,""xbhPct"":0.8485915492957746,""wrcPct"":0.9514767932489452},""discipline_components"":{""bbPct"":0.4665492957746479,""bbkPct"":0.6179577464788732,""obpGapPct"":0.6038732394366197},""defense"":{""position"":""3루수"",""innings"":253.7,""SFR"":4.3},""salary_prior"":null,""salary_support"":0,""cross_role_calibration"":{""reference"":""pitcher_kbo_core_5"",""percentile"":0.8486,""raw_core_average"":13.2,""target_core_average"":13.55,""calibrated_core_average"":13.6}}"
"2025","54507","KBO-54507","롯데 자이언츠","백두산","C","FUTURES","-2","97","87","1","","","5","8","4","4","7","1","9","9","0.3071","0.7041","0.3389","0.2654","0.2905","0.5241","0.4752","0.2570","0.1897","0.0365","0.1012","0.2396","0.0711","0.6325","","","low","low","futures_contact_k_proxy","0","kbo-hitter-abilities-v7-cross-role-calibrated","9","9","9","9","9","8","7","10","POSITION_PRIOR","very_low","0","포수","","","","0","kbo-hitter-abilities-v7-cross-role-calibrated","","","","","","low","{""level"":""FUTURES"",""PA"":97,""reliability"":0.3502,""advanced_match"":false,""contact_components"":{""avgPct"":0.3387096774193548,""kGoodPct"":0.016129032258064502,""wrcPct"":0.5,""babipPct"":0.5},""power_components"":{""isoPct"":0.9516129032258065,""hrPct"":0.9516129032258065,""xbhPct"":0.9516129032258065,""wrcPct"":0.5},""discipline_components"":{""bbPct"":0.11290322580645161,""bbkPct"":0.016129032258064516,""obpGapPct"":0.20967741935483872},""defense"":{""position"":"""",""innings"":0,""SFR"":null},""salary_prior"":null,""salary_support"":0,""cross_role_calibration"":{""reference"":""pitcher_futures_core_5"",""percentile"":0.1452,""raw_core_average"":8.2,""target_core_average"":5.59,""calibrated_core_average"":5.6}}"
"2025","51528","KBO-51528","롯데 자이언츠","손성빈","C","KBO","0","69","62","0","0","0","5","7","7","7","6","1","10","11","0.3201","0.4182","0.3958","0.3778","0.3920","0.4523","0.5164","0.2174","0.0966","0.0184","0.0778","0.2344","0.0652","0.7488","0.0212","0.0033","low","low","kbo_pitcher_type_splits","62","kbo-hitter-abilities-v7-cross-role-calibrated","11","12","13","11","11","10","8","10","KBO","low","189.3","포수","","","","0","kbo-hitter-abilities-v7-cross-role-calibrated","1656235","13.5","0.1","-0.19","https://www.kbofancystats.com/teams/lottegiants/","low","{""level"":""KBO"",""PA"":69,""reliability"":0.3651,""advanced_match"":true,""contact_components"":{""avgPct"":0.1637323943661972,""kGoodPct"":0.2640845070422535,""wrcPct"":0.12025316455696203,""babipPct"":0.1308016877637131},""power_components"":{""isoPct"":0.31514084507042256,""hrPct"":0.6161971830985915,""xbhPct"":0.31161971830985913,""wrcPct"":0.12025316455696203},""discipline_components"":{""bbPct"":0.31866197183098594,""bbkPct"":0.2676056338028169,""obpGapPct"":0.4507042253521127},""defense"":{""position"":""포수"",""innings"":189.3,""SFR"":0.1},""salary_prior"":null,""salary_support"":0,""cross_role_calibration"":{""reference"":""pitcher_kbo_core_5"",""percentile"":0.0158,""raw_core_average"":9.6,""target_core_average"":6.44,""calibrated_core_average"":6.4}}"
"2025","50150","KBO-50150","롯데 자이언츠","손호영","IF","KBO","0","375","328","7","4","0","12","11","9","12","12","1","12","12","0.4636","0.2216","0.1622","0.7321","0.5405","0.3400","0.5844","0.2528","0.0856","0.0128","0.0656","0.1802","0.0694","0.8522","0.0333","0.0013","high","high","kbo_pitcher_type_splits","328","kbo-hitter-abilities-v7-cross-role-calibrated","9","9","11","9","9","11","11","12","KBO","high","711.7","3루수","","","","0","kbo-hitter-abilities-v7-cross-role-calibrated","1652075","75.2","-5.8","1.05","https://www.kbofancystats.com/teams/lottegiants/","high","{""level"":""KBO"",""PA"":375,""reliability"":0.7576,""advanced_match"":true,""contact_components"":{""avgPct"":0.5950704225352113,""kGoodPct"":0.7235915492957746,""wrcPct"":0.4451476793248945,""babipPct"":0.44936708860759494},""power_components"":{""isoPct"":0.45598591549295775,""hrPct"":0.5299295774647887,""xbhPct"":0.45598591549295775,""wrcPct"":0.4451476793248945},""discipline_components"":{""bbPct"":0.3221830985915493,""bbkPct"":0.4841549295774648,""obpGapPct"":0.43485915492957744},""defense"":{""position"":""3루수"",""innings"":711.7,""SFR"":-5.8},""salary_prior"":null,""salary_support"":0,""cross_role_calibration"":{""reference"":""pitcher_kbo_core_5"",""percentile"":0.5687,""raw_core_average"":11.2,""target_core_average"":11.2,""calibrated_core_average"":11.2}}"
"2025","69508","KBO-69508","롯데 자이언츠","신윤후","IF","KBO","0","13","12","1","1","0","9","8","8","9","9","1","11","11","0.4934","0.4947","0.4781","0.5077","0.4959","0.5106","0.5080","0.2519","0.1129","0.0186","0.0809","0.2001","0.0982","0.7716","0.0449","0.0040","very_low","low","kbo_pitcher_type_splits","12","kbo-hitter-abilities-v7-cross-role-calibrated","11","11","11","11","11","11","10","11","KBO","low","34.7","중견수","","","","0","kbo-hitter-abilities-v7-cross-role-calibrated","1631712","-16.8","-1.3","-0.14","https://www.kbofancystats.com/teams/lottegiants/","very_low","{""level"":""KBO"",""PA"":13,""reliability"":0.0977,""advanced_match"":true,""contact_components"":{""avgPct"":0.1936619718309859,""kGoodPct"":0.48767605633802813,""wrcPct"":0.07383966244725738,""babipPct"":0.18143459915611815},""power_components"":{""isoPct"":0.11091549295774648,""hrPct"":0.18661971830985916,""xbhPct"":0.11091549295774648,""wrcPct"":0.07383966244725738},""discipline_components"":{""bbPct"":0.07746478873239436,""bbkPct"":0.07746478873239436,""obpGapPct"":0.06866197183098592},""defense"":{""position"":""중견수"",""innings"":34.7,""SFR"":-1.3},""salary_prior"":null,""salary_support"":0,""cross_role_calibration"":{""reference"":""pitcher_kbo_core_5"",""percentile"":0.2113,""raw_core_average"":10.6,""target_core_average"":8.6,""calibrated_core_average"":8.6}}"
"2025","61102","KBO-61102","롯데 자이언츠","유강남","C","KBO","0","350","303","0","3","0","15","14","11","12","13","1","8","9","0.7158","0.4279","0.3069","0.6602","0.5886","0.1646","0.5235","0.2710","0.1133","0.0158","0.0781","0.1903","0.0246","0.7488","0.0260","0.0012","high","medium","kbo_pitcher_type_splits","303","kbo-hitter-abilities-v7-cross-role-calibrated","12","12","10","13","11","12","13","10","KBO","high","641.3","포수","110000","team_top_salary","13.47","0","kbo-hitter-abilities-v7-cross-role-calibrated","154482","105.1","-0.4","2.96","https://www.kbofancystats.com/teams/lottegiants/","high","{""level"":""KBO"",""PA"":350,""reliability"":0.7447,""advanced_match"":true,""contact_components"":{""avgPct"":0.7447183098591549,""kGoodPct"":0.653169014084507,""wrcPct"":0.7278481012658228,""babipPct"":0.6497890295358649},""power_components"":{""isoPct"":0.6408450704225352,""hrPct"":0.6091549295774648,""xbhPct"":0.6390845070422535,""wrcPct"":0.7278481012658228},""discipline_components"":{""bbPct"":0.4630281690140845,""bbkPct"":0.5721830985915493,""obpGapPct"":0.6038732394366197},""defense"":{""position"":""포수"",""innings"":641.3,""SFR"":-0.4},""salary_prior"":13.46871489593244,""salary_support"":0,""cross_role_calibration"":{""reference"":""pitcher_kbo_core_5"",""percentile"":0.794,""raw_core_average"":12.6,""target_core_average"":13.04,""calibrated_core_average"":13}}"
"2025","52591","KBO-52591","롯데 자이언츠","윤동희","OF","KBO","0","399","330","6","1","1","16","17","17","14","14","1","12","11","0.7608","0.7513","0.8365","0.7830","0.6404","0.3332","0.5111","0.2772","0.1457","0.0223","0.1165","0.1696","0.0521","0.7180","0.0120","0.0062","high","high","kbo_pitcher_type_splits","330","kbo-hitter-abilities-v7-cross-role-calibrated","13","9","10","9","12","13","8","12","KBO","high","768.3","우익수","","","","0","kbo-hitter-abilities-v7-cross-role-calibrated","1681511","127.7","14.5","4.05","https://www.kbofancystats.com/teams/lottegiants/","high","{""level"":""KBO"",""PA"":399,""reliability"":0.7688,""advanced_match"":true,""contact_components"":{""avgPct"":0.7922535211267606,""kGoodPct"":0.7904929577464789,""wrcPct"":0.8649789029535865,""babipPct"":0.5949367088607594},""power_components"":{""isoPct"":0.8169014084507042,""hrPct"":0.7552816901408451,""xbhPct"":0.8151408450704225,""wrcPct"":0.8649789029535865},""discipline_components"":{""bbPct"":0.8362676056338029,""bbkPct"":0.8890845070422535,""obpGapPct"":0.829225352112676},""defense"":{""position"":""우익수"",""innings"":768.3,""SFR"":14.5},""salary_prior"":null,""salary_support"":0,""cross_role_calibration"":{""reference"":""pitcher_kbo_core_5"",""percentile"":0.9296,""raw_core_average"":14,""target_core_average"":15.51,""calibrated_core_average"":15.6}}"
"2025","50608","KBO-50608","롯데 자이언츠","이인한","OF","FUTURES","-2","132","114","3","","","5","7","4","5","7","1","9","8","0.2366","0.5564","0.2952","0.3303","0.2741","0.6026","0.4201","0.2339","0.1470","0.0224","0.0989","0.1905","0.0854","0.5352","","","low","low","futures_contact_k_proxy","0","kbo-hitter-abilities-v7-cross-role-calibrated","8","8","8","9","9","8","8","10","KBO","low","2.3","좌익수","","","","0","kbo-hitter-abilities-v7-cross-role-calibrated","","","","","","low","{""level"":""FUTURES"",""PA"":132,""reliability"":0.4231,""advanced_match"":false,""contact_components"":{""avgPct"":0.24193548387096775,""kGoodPct"":0.4032258064516129,""wrcPct"":0.5,""babipPct"":0.5},""power_components"":{""isoPct"":0.6290322580645161,""hrPct"":0.6290322580645161,""xbhPct"":0.6290322580645161,""wrcPct"":0.5},""discipline_components"":{""bbPct"":0.14516129032258066,""bbkPct"":0.1774193548387097,""obpGapPct"":0.532258064516129},""defense"":{""position"":""좌익수"",""innings"":2.3,""SFR"":null},""salary_prior"":null,""salary_support"":0,""cross_role_calibration"":{""reference"":""pitcher_futures_core_5"",""percentile"":0.1452,""raw_core_average"":8.2,""target_core_average"":5.59,""calibrated_core_average"":5.6}}"
"2025","55511","KBO-55511","롯데 자이언츠","이태경","IF","KBO","0","1","1","0","0","0","10","10","10","10","11","1","11","11","0.5011","0.5020","0.5010","0.4999","0.4997","0.5007","0.5000","0.2595","0.1252","0.0208","0.0905","0.2041","0.0821","0.7488","0.0267","0.0041","very_low","low","kbo_pitcher_type_splits","1","kbo-hitter-abilities-v7-cross-role-calibrated","11","11","11","11","11","11","7","11","KBO","low","2","2루수","","","","0","kbo-hitter-abilities-v7-cross-role-calibrated","","","","","","very_low","{""level"":""KBO"",""PA"":1,""reliability"":0.0083,""advanced_match"":false,""contact_components"":{""avgPct"":0.035211267605633804,""kGoodPct"":0.0035211267605633756,""wrcPct"":0.5,""babipPct"":0.5},""power_components"":{""isoPct"":0.11091549295774648,""hrPct"":0.18661971830985916,""xbhPct"":0.11091549295774648,""wrcPct"":0.5},""discipline_components"":{""bbPct"":0.07746478873239436,""bbkPct"":0.07746478873239436,""obpGapPct"":0.06866197183098592},""defense"":{""position"":""2루수"",""innings"":2,""SFR"":null},""salary_prior"":null,""salary_support"":0,""cross_role_calibration"":{""reference"":""pitcher_kbo_core_5"",""percentile"":0.4313,""raw_core_average"":11,""target_core_average"":10.2,""calibrated_core_average"":10.2}}"
"2025","54598","KBO-54598","롯데 자이언츠","이호준","IF","KBO","0","153","132","1","1","0","11","15","12","11","11","1","12","12","0.4529","0.6784","0.5777","0.4649","0.4703","0.4916","0.5431","0.2509","0.1579","0.0202","0.0915","0.2080","0.0532","0.7716","0.0243","0.0021","medium","medium","kbo_pitcher_type_splits","132","kbo-hitter-abilities-v7-cross-role-calibrated","11","10","12","9","10","11","7","12","KBO","medium","412","유격수","","","","0","kbo-hitter-abilities-v7-cross-role-calibrated","2933520","102.7","-0.3","1.08","https://www.kbofancystats.com/teams/lottegiants/","medium","{""level"":""KBO"",""PA"":153,""reliability"":0.5604,""advanced_match"":true,""contact_components"":{""avgPct"":0.5387323943661971,""kGoodPct"":0.5369718309859155,""wrcPct"":0.7151898734177216,""babipPct"":0.4641350210970464},""power_components"":{""isoPct"":0.8943661971830986,""hrPct"":0.6954225352112676,""xbhPct"":0.8908450704225352,""wrcPct"":0.7151898734177216},""discipline_components"":{""bbPct"":0.6285211267605634,""bbkPct"":0.6214788732394366,""obpGapPct"":0.7007042253521126},""defense"":{""position"":""유격수"",""innings"":412,""SFR"":-0.3},""salary_prior"":null,""salary_support"":0,""cross_role_calibration"":{""reference"":""pitcher_kbo_core_5"",""percentile"":0.6972,""raw_core_average"":11.8,""target_core_average"":12,""calibrated_core_average"":12}}"
"2025","68507","KBO-68507","롯데 자이언츠","장두성","OF","KBO","0","284","248","22","5","1","11","7","11","12","10","1","15","10","0.6167","0.1511","0.4622","0.3685","0.5006","0.7982","0.4578","0.2621","0.0622","0.0055","0.0863","0.2178","0.1838","0.7652","0.0446","0.0085","medium","high","kbo_pitcher_type_splits","248","kbo-hitter-abilities-v7-cross-role-calibrated","10","11","10","10","8","11","10","10","KBO","medium","589.3","중견수","","","","0","kbo-hitter-abilities-v7-cross-role-calibrated","1617171","77.1","-13","0.42","https://www.kbofancystats.com/teams/lottegiants/","medium","{""level"":""KBO"",""PA"":284,""reliability"":0.703,""advanced_match"":true,""contact_components"":{""avgPct"":0.6619718309859155,""kGoodPct"":0.505281690140845,""wrcPct"":0.4641350210970464,""babipPct"":0.8059071729957806},""power_components"":{""isoPct"":0.2676056338028169,""hrPct"":0.18661971830985916,""xbhPct"":0.26936619718309857,""wrcPct"":0.4641350210970464},""discipline_components"":{""bbPct"":0.5757042253521126,""bbkPct"":0.5369718309859155,""obpGapPct"":0.5017605633802817},""defense"":{""position"":""중견수"",""innings"":589.3,""SFR"":-13},""salary_prior"":null,""salary_support"":0,""cross_role_calibration"":{""reference"":""pitcher_kbo_core_5"",""percentile"":0.4313,""raw_core_average"":11,""target_core_average"":10.2,""calibrated_core_average"":10.2}}"
"2025","68205","KBO-68205","롯데 자이언츠","전민재","IF","KBO","0","369","331","6","4","0","15","12","9","15","14","1","11","10","0.7934","0.3095","0.1773","0.7646","0.6678","0.2923","0.3899","0.2812","0.0989","0.0151","0.0664","0.1762","0.0609","0.6555","0.0321","0.0012","high","high","kbo_pitcher_type_splits","331","kbo-hitter-abilities-v7-cross-role-calibrated","8","9","11","10","9","11","10","11","KBO","high","793.7","유격수","","","","0","kbo-hitter-abilities-v7-cross-role-calibrated","1616855","94.6","-9.2","1.84","https://www.kbofancystats.com/teams/lottegiants/","high","{""level"":""KBO"",""PA"":369,""reliability"":0.7546,""advanced_match"":true,""contact_components"":{""avgPct"":0.8345070422535211,""kGoodPct"":0.7658450704225352,""wrcPct"":0.6054852320675106,""babipPct"":0.7489451476793249},""power_components"":{""isoPct"":0.545774647887324,""hrPct"":0.596830985915493,""xbhPct"":0.5334507042253521,""wrcPct"":0.6054852320675106},""discipline_components"":{""bbPct"":0.3397887323943662,""bbkPct"":0.5088028169014085,""obpGapPct"":0.2904929577464789},""defense"":{""position"":""유격수"",""innings"":793.7,""SFR"":-9.2},""salary_prior"":null,""salary_support"":0,""cross_role_calibration"":{""reference"":""pitcher_kbo_core_5"",""percentile"":0.7729,""raw_core_average"":12.4,""target_core_average"":13,""calibrated_core_average"":13}}"
"2025","78513","KBO-78513","롯데 자이언츠","전준우","OF","KBO","0","472","410","3","4","0","17","16","14","16","15","1","11","11","0.8326","0.6031","0.6293","0.8240","0.6653","0.2319","0.5331","0.2867","0.1267","0.0177","0.0929","0.1584","0.0330","0.7298","0.0248","0.0010","high","high","kbo_pitcher_type_splits","410","kbo-hitter-abilities-v7-cross-role-calibrated","9","11","13","13","10","14","15","11","KBO","medium","384","좌익수","40000","team_top_salary","11.64","0","kbo-hitter-abilities-v7-cross-role-calibrated","10328","118.7","-34","1.66","https://www.kbofancystats.com/teams/lottegiants/","high","{""level"":""KBO"",""PA"":472,""reliability"":0.7973,""advanced_match"":true,""contact_components"":{""avgPct"":0.8626760563380281,""kGoodPct"":0.8257042253521127,""wrcPct"":0.8291139240506329,""babipPct"":0.6645569620253164},""power_components"":{""isoPct"":0.7147887323943662,""hrPct"":0.6619718309859155,""xbhPct"":0.7130281690140845,""wrcPct"":0.8291139240506329},""discipline_components"":{""bbPct"":0.6461267605633803,""bbkPct"":0.8186619718309859,""obpGapPct"":0.5809859154929577},""defense"":{""position"":""좌익수"",""innings"":384,""SFR"":-34},""salary_prior"":11.644425372635817,""salary_support"":0,""cross_role_calibration"":{""reference"":""pitcher_kbo_core_5"",""percentile"":0.9296,""raw_core_average"":14,""target_core_average"":15.51,""calibrated_core_average"":15.6}}"
"2025","68518","KBO-68518","롯데 자이언츠","정보근","C","KBO","0","152","129","0","0","0","6","7","12","6","8","1","10","11","0.2392","0.3222","0.7134","0.3248","0.3668","0.4540","0.5720","0.2193","0.0945","0.0123","0.1077","0.2326","0.0446","0.7488","0.0145","0.0022","medium","medium","kbo_pitcher_type_splits","129","kbo-hitter-abilities-v7-cross-role-calibrated","12","12","11","12","11","11","9","10","KBO","medium","397","포수","","","","0","kbo-hitter-abilities-v7-cross-role-calibrated","1617172","56.4","-0.2","0.36","https://www.kbofancystats.com/teams/lottegiants/","medium","{""level"":""KBO"",""PA"":152,""reliability"":0.5588,""advanced_match"":true,""contact_components"":{""avgPct"":0.24471830985915494,""kGoodPct"":0.3644366197183099,""wrcPct"":0.2805907172995781,""babipPct"":0.2679324894514768},""power_components"":{""isoPct"":0.43661971830985913,""hrPct"":0.4454225352112676,""xbhPct"":0.43133802816901406,""wrcPct"":0.2805907172995781},""discipline_components"":{""bbPct"":0.8045774647887324,""bbkPct"":0.6602112676056338,""obpGapPct"":0.8362676056338029},""defense"":{""position"":""포수"",""innings"":397,""SFR"":-0.2},""salary_prior"":null,""salary_support"":0,""cross_role_calibration"":{""reference"":""pitcher_kbo_core_5"",""percentile"":0.1479,""raw_core_average"":10.4,""target_core_average"":7.8,""calibrated_core_average"":7.8}}"
"2025","60523","KBO-60523","롯데 자이언츠","정훈","IF","KBO","0","200","185","0","1","0","9","9","7","9","9","1","9","10","0.2634","0.3500","0.2031","0.5552","0.4223","0.2855","0.5417","0.2323","0.1040","0.0137","0.0638","0.1987","0.0406","0.7488","0.0231","0.0020","medium","medium","kbo_pitcher_type_splits","185","kbo-hitter-abilities-v7-cross-role-calibrated","12","12","12","11","11","10","13","11","KBO","low","177.7","1루수","","","","0","kbo-hitter-abilities-v7-cross-role-calibrated","","","","","","medium","{""level"":""KBO"",""PA"":200,""reliability"":0.625,""advanced_match"":false,""contact_components"":{""avgPct"":0.397887323943662,""kGoodPct"":0.5915492957746479,""wrcPct"":0.5,""babipPct"":0.5},""power_components"":{""isoPct"":0.5545774647887324,""hrPct"":0.5052816901408451,""xbhPct"":0.551056338028169,""wrcPct"":0.5},""discipline_components"":{""bbPct"":0.25880281690140844,""bbkPct"":0.34683098591549294,""obpGapPct"":0.30809859154929575},""defense"":{""position"":""1루수"",""innings"":177.7,""SFR"":null},""salary_prior"":null,""salary_support"":0,""cross_role_calibration"":{""reference"":""pitcher_kbo_core_5"",""percentile"":0.2113,""raw_core_average"":10.6,""target_core_average"":8.6,""calibrated_core_average"":8.6}}"
"2025","52516","KBO-52516","롯데 자이언츠","조세진","OF","KBO","0","9","7","0","0","0","10","10","10","10","11","1","11","11","0.4995","0.5013","0.5243","0.4862","0.4943","0.5039","0.4990","0.2543","0.1181","0.0193","0.1022","0.2167","0.0775","0.7488","0.0252","0.0039","very_low","low","kbo_pitcher_type_splits","7","kbo-hitter-abilities-v7-cross-role-calibrated","11","11","11","11","11","11","7","11","KBO","low","16","중견수","","","","0","kbo-hitter-abilities-v7-cross-role-calibrated","1672570","59.7","-0.4","-0.01","https://www.kbofancystats.com/teams/lottegiants/","very_low","{""level"":""KBO"",""PA"":9,""reliability"":0.0698,""advanced_match"":true,""contact_components"":{""avgPct"":0.15316901408450703,""kGoodPct"":0.06161971830985913,""wrcPct"":0.310126582278481,""babipPct"":0.6856540084388185},""power_components"":{""isoPct"":0.11091549295774648,""hrPct"":0.18661971830985916,""xbhPct"":0.11091549295774648,""wrcPct"":0.310126582278481},""discipline_components"":{""bbPct"":0.9806338028169014,""bbkPct"":0.7165492957746479,""obpGapPct"":0.9876760563380281},""defense"":{""position"":""우익수"",""innings"":16,""SFR"":-0.4},""salary_prior"":null,""salary_support"":0,""cross_role_calibration"":{""reference"":""pitcher_kbo_core_5"",""percentile"":0.4313,""raw_core_average"":11,""target_core_average"":10.2,""calibrated_core_average"":10.2}}"
"2025","62884","KBO-62884","롯데 자이언츠","최항","IF","KBO","0","7","6","0","0","0","10","10","10","10","11","1","11","11","0.5024","0.5025","0.5116","0.4865","0.4911","0.5044","0.4985","0.2567","0.1193","0.0197","0.0948","0.2207","0.0789","0.7488","0.0257","0.0040","very_low","low","kbo_pitcher_type_splits","6","kbo-hitter-abilities-v7-cross-role-calibrated","11","11","11","11","11","11","10","11","KBO","low","5","1루수","","","","0","kbo-hitter-abilities-v7-cross-role-calibrated","435416","41.8","","-0.01","https://www.kbofancystats.com/teams/lottegiants/","very_low","{""level"":""KBO"",""PA"":7,""reliability"":0.0551,""advanced_match"":true,""contact_components"":{""avgPct"":0.1936619718309859,""kGoodPct"":0.015845070422535246,""wrcPct"":0.229957805907173,""babipPct"":0.9725738396624473},""power_components"":{""isoPct"":0.11091549295774648,""hrPct"":0.18661971830985916,""xbhPct"":0.11091549295774648,""wrcPct"":0.229957805907173},""discipline_components"":{""bbPct"":0.926056338028169,""bbkPct"":0.34683098591549294,""obpGapPct"":0.897887323943662},""defense"":{""position"":""1루수"",""innings"":5,""SFR"":null},""salary_prior"":null,""salary_support"":0,""cross_role_calibration"":{""reference"":""pitcher_kbo_core_5"",""percentile"":0.4313,""raw_core_average"":11,""target_core_average"":10.2,""calibrated_core_average"":10.2}}"
"2025","55506","KBO-55506","롯데 자이언츠","한승현","OF","KBO","0","19","17","2","0","0","7","7","7","7","7","1","12","11","0.4478","0.4795","0.4857","0.4755","0.4629","0.5101","0.4704","0.2326","0.1080","0.0177","0.0852","0.2153","0.1174","0.7073","0.0257","0.0040","very_low","low","kbo_pitcher_type_splits","17","kbo-hitter-abilities-v7-cross-role-calibrated","11","11","12","12","11","10","6","11","KBO","low","62","우익수","","","","0","kbo-hitter-abilities-v7-cross-role-calibrated","","","","","","very_low","{""level"":""KBO"",""PA"":19,""reliability"":0.1367,""advanced_match"":false,""contact_components"":{""avgPct"":0.07746478873239436,""kGoodPct"":0.18133802816901412,""wrcPct"":0.5,""babipPct"":0.5},""power_components"":{""isoPct"":0.11091549295774648,""hrPct"":0.18661971830985916,""xbhPct"":0.11091549295774648,""wrcPct"":0.5},""discipline_components"":{""bbPct"":0.2852112676056338,""bbkPct"":0.2147887323943662,""obpGapPct"":0.2535211267605634},""defense"":{""position"":""우익수"",""innings"":62,""SFR"":null},""salary_prior"":null,""salary_support"":0,""cross_role_calibration"":{""reference"":""pitcher_kbo_core_5"",""percentile"":0.0599,""raw_core_average"":10,""target_core_average"":7,""calibrated_core_average"":7}}"
"2025","52568","KBO-52568","롯데 자이언츠","한태양","IF","KBO","0","267","230","5","3","0","14","13","15","11","12","1","13","11","0.6951","0.3681","0.7856","0.2323","0.5331","0.4945","0.4214","0.2703","0.1110","0.0112","0.1121","0.2415","0.0628","0.6992","0.0299","0.0014","medium","medium","kbo_pitcher_type_splits","230","kbo-hitter-abilities-v7-cross-role-calibrated","11","11","11","10","11","12","8","11","KBO","medium","553.3","2루수","","","","0","kbo-hitter-abilities-v7-cross-role-calibrated","1672576","109.7","-0.6","1.93","https://www.kbofancystats.com/teams/lottegiants/","medium","{""level"":""KBO"",""PA"":267,""reliability"":0.6899,""advanced_match"":true,""contact_components"":{""avgPct"":0.7447183098591549,""kGoodPct"":0.35387323943661975,""wrcPct"":0.7531645569620253,""babipPct"":0.9219409282700421},""power_components"":{""isoPct"":0.6073943661971831,""hrPct"":0.4665492957746479,""xbhPct"":0.6073943661971831,""wrcPct"":0.7531645569620253},""discipline_components"":{""bbPct"":0.8221830985915493,""bbkPct"":0.6672535211267606,""obpGapPct"":0.7570422535211268},""defense"":{""position"":""2루수"",""innings"":553.3,""SFR"":-0.6},""salary_prior"":null,""salary_support"":0,""cross_role_calibration"":{""reference"":""pitcher_kbo_core_5"",""percentile"":0.7729,""raw_core_average"":12.4,""target_core_average"":13,""calibrated_core_average"":13}}"
"2025","50500","KBO-50500","롯데 자이언츠","황성빈","OF","KBO","0","273","246","29","1","0","14","10","10","13","11","1","16","13","0.5438","0.1861","0.2436","0.7487","0.5669","0.8106","0.7888","0.2578","0.0799","0.0083","0.0728","0.1759","0.2471","0.8330","0.0174","0.0015","medium","high","kbo_pitcher_type_splits","246","kbo-hitter-abilities-v7-cross-role-calibrated","8","8","12","8","9","11","10","12","KBO","medium","515.3","중견수","","","","0","kbo-hitter-abilities-v7-cross-role-calibrated","1676476","77.1","-20.3","0.28","https://www.kbofancystats.com/teams/lottegiants/","medium","{""level"":""KBO"",""PA"":273,""reliability"":0.6947,""advanced_match"":true,""contact_components"":{""avgPct"":0.6267605633802817,""kGoodPct"":0.7693661971830986,""wrcPct"":0.4641350210970464,""babipPct"":0.5189873417721519},""power_components"":{""isoPct"":0.35563380281690143,""hrPct"":0.40669014084507044,""xbhPct"":0.3538732394366197,""wrcPct"":0.4641350210970464},""discipline_components"":{""bbPct"":0.3855633802816901,""bbkPct"":0.5686619718309859,""obpGapPct"":0.3908450704225352},""defense"":{""position"":""중견수"",""innings"":515.3,""SFR"":-20.3},""salary_prior"":null,""salary_support"":0,""cross_role_calibration"":{""reference"":""pitcher_kbo_core_5"",""percentile"":0.625,""raw_core_average"":11.4,""target_core_average"":11.6,""calibrated_core_average"":11.6}}"
"2025","74540","KBO-74540","삼성 라이온즈","강민호","C","KBO","0","465","412","4","5","0","15","16","12","14","13","1","11","10","0.6941","0.7672","0.3884","0.8318","0.6366","0.2666","0.4191","0.2680","0.1438","0.0250","0.0834","0.1568","0.0418","0.6777","0.0327","0.0011","high","high","kbo_pitcher_type_splits","412","kbo-hitter-abilities-v7-cross-role-calibrated","11","12","10","13","12","13","15","12","KBO","high","876.7","포수","40000","team_top_salary","11.64","0","kbo-hitter-abilities-v7-cross-role-calibrated","10036","107.8","0.4","3.98","https://www.kbofancystats.com/teams/samsunglions/","high","{""level"":""KBO"",""PA"":465,""reliability"":0.7949,""advanced_match"":true,""contact_components"":{""avgPct"":0.7165492957746479,""kGoodPct"":0.8397887323943662,""wrcPct"":0.7447257383966245,""babipPct"":0.4050632911392405},""power_components"":{""isoPct"":0.7975352112676056,""hrPct"":0.7940140845070423,""xbhPct"":0.7975352112676056,""wrcPct"":0.7447257383966245},""discipline_components"":{""bbPct"":0.5334507042253521,""bbkPct"":0.772887323943662,""obpGapPct"":0.4753521126760563},""defense"":{""position"":""포수"",""innings"":876.7,""SFR"":0.4},""salary_prior"":11.644425372635817,""salary_support"":0,""cross_role_calibration"":{""reference"":""pitcher_kbo_core_5"",""percentile"":0.8697,""raw_core_average"":13.4,""target_core_average"":14.07,""calibrated_core_average"":14}}"
"2025","64610","KBO-64610","삼성 라이온즈","강한울","IF","FUTURES","-2","22","20","0","","","9","7","7","7","9","1","8","9","0.5018","0.4680","0.4875","0.4613","0.4856","0.4941","0.5000","0.2921","0.1289","0.0179","0.1143","0.1820","0.0734","0.6957","","","very_low","low","futures_contact_k_proxy","0","kbo-hitter-abilities-v7-cross-role-calibrated","9","9","9","9","9","8","10","9","POSITION_PRIOR","very_low","0","내야수","","","","0","kbo-hitter-abilities-v7-cross-role-calibrated","","","","","","very_low","{""level"":""FUTURES"",""PA"":22,""reliability"":0.1089,""advanced_match"":false,""contact_components"":{""avgPct"":0.8225806451612904,""kGoodPct"":0.27419354838709675,""wrcPct"":0.5,""babipPct"":0.5},""power_components"":{""isoPct"":0.20967741935483872,""hrPct"":0.16129032258064516,""xbhPct"":0.20967741935483872,""wrcPct"":0.5},""discipline_components"":{""bbPct"":0.24193548387096775,""bbkPct"":0.14516129032258066,""obpGapPct"":0.11290322580645161},""defense"":{""position"":"""",""innings"":0,""SFR"":null},""salary_prior"":null,""salary_support"":0,""cross_role_calibration"":{""reference"":""pitcher_futures_core_5"",""percentile"":0.371,""raw_core_average"":8.4,""target_core_average"":7.8,""calibrated_core_average"":7.8}}"
"2025","68407","KBO-68407","삼성 라이온즈","공민규","IF","FUTURES","-2","125","104","3","","","14","14","13","13","12","1","8","9","0.4870","0.6639","0.6919","0.6818","0.5649","0.4448","0.4275","0.2895","0.1640","0.0320","0.1375","0.1476","0.0756","0.6121","","","low","low","futures_contact_k_proxy","0","kbo-hitter-abilities-v7-cross-role-calibrated","9","9","9","9","9","10","8","10","POSITION_PRIOR","very_low","0","내야수","","","","0","kbo-hitter-abilities-v7-cross-role-calibrated","","","","","","low","{""level"":""FUTURES"",""PA"":125,""reliability"":0.4098,""advanced_match"":false,""contact_components"":{""avgPct"":0.7258064516129032,""kGoodPct"":0.8870967741935484,""wrcPct"":0.5,""babipPct"":0.5},""power_components"":{""isoPct"":0.7903225806451613,""hrPct"":0.8548387096774194,""xbhPct"":0.7903225806451613,""wrcPct"":0.5},""discipline_components"":{""bbPct"":0.7903225806451613,""bbkPct"":0.8548387096774194,""obpGapPct"":0.7580645161290323},""defense"":{""position"":"""",""innings"":0,""SFR"":null},""salary_prior"":null,""salary_support"":0,""cross_role_calibration"":{""reference"":""pitcher_futures_core_5"",""percentile"":0.9516,""raw_core_average"":9.8,""target_core_average"":13.21,""calibrated_core_average"":13.2}}"
"2025","62404","KBO-62404","삼성 라이온즈","구자욱","OF","KBO","0","616","529","5","7","0","18","18","17","17","17","1","12","12","0.8983","0.8617","0.8529","0.8529","0.7678","0.2684","0.5377","0.3104","0.1854","0.0295","0.1147","0.1545","0.0328","0.7658","0.0300","0.0007","high","high","kbo_pitcher_type_splits","529","kbo-hitter-abilities-v7-cross-role-calibrated","9","9","11","8","8","15","14","12","KBO","high","791.3","좌익수","200000","team_top_salary","14.55","0","kbo-hitter-abilities-v7-cross-role-calibrated","433944","150.7","-8","6.78","https://www.kbofancystats.com/teams/samsunglions/","high","{""level"":""KBO"",""PA"":616,""reliability"":0.837,""advanced_match"":true,""contact_components"":{""avgPct"":0.926056338028169,""kGoodPct"":0.8433098591549295,""wrcPct"":0.9345991561181435,""babipPct"":0.8164556962025317},""power_components"":{""isoPct"":0.9102112676056338,""hrPct"":0.8397887323943662,""xbhPct"":0.9102112676056338,""wrcPct"":0.9345991561181435},""discipline_components"":{""bbPct"":0.8080985915492958,""bbkPct"":0.8996478873239436,""obpGapPct"":0.6866197183098591},""defense"":{""position"":""좌익수"",""innings"":791.3,""SFR"":-8},""salary_prior"":14.54683549124502,""salary_support"":0,""cross_role_calibration"":{""reference"":""pitcher_kbo_core_5"",""percentile"":0.9842,""raw_core_average"":15.4,""target_core_average"":17.4,""calibrated_core_average"":17.4}}"
"2025","69442","KBO-69442","삼성 라이온즈","김도환","C","KBO","0","14","14","0","0","0","9","9","8","10","10","1","11","11","0.5259","0.5033","0.4741","0.4944","0.5045","0.5019","0.5005","0.2650","0.1197","0.0185","0.0802","0.2072","0.0760","0.7488","0.0247","0.0038","very_low","low","kbo_pitcher_type_splits","14","kbo-hitter-abilities-v7-cross-role-calibrated","11","11","11","11","11","11","8","11","KBO","low","31","포수","","","","0","kbo-hitter-abilities-v7-cross-role-calibrated","1631576","76","0.1","0.08","https://www.kbofancystats.com/teams/samsunglions/","very_low","{""level"":""KBO"",""PA"":14,""reliability"":0.1045,""advanced_match"":true,""contact_components"":{""avgPct"":0.8169014084507042,""kGoodPct"":0.278169014084507,""wrcPct"":0.44936708860759494,""babipPct"":0.9324894514767933},""power_components"":{""isoPct"":0.44366197183098594,""hrPct"":0.18661971830985916,""xbhPct"":0.4454225352112676,""wrcPct"":0.44936708860759494},""discipline_components"":{""bbPct"":0.07746478873239436,""bbkPct"":0.07746478873239436,""obpGapPct"":0.06866197183098592},""defense"":{""position"":""포수"",""innings"":31,""SFR"":0.1},""salary_prior"":null,""salary_support"":0,""cross_role_calibration"":{""reference"":""pitcher_kbo_core_5"",""percentile"":0.2852,""raw_core_average"":10.8,""target_core_average"":9.2,""calibrated_core_average"":9.2}}"
"2025","72457","KBO-72457","삼성 라이온즈","김민수","C","none","0","0","0","0","","","8","8","8","8","8","1","8","8","0.5000","0.5000","0.5000","0.5000","0.5000","0.5000","0.5000","","","","","","","","","","none","low","unavailable","0","kbo-hitter-abilities-v7-cross-role-calibrated","8","8","8","8","8","8","12","9","POSITION_PRIOR","very_low","0","투수","","","","0","kbo-hitter-abilities-v7-cross-role-calibrated","","","","","","none","{""level"":""none"",""PA"":0,""reliability"":0,""advanced_match"":false,""contact_components"":{""avgPct"":0.5,""kGoodPct"":0.5,""wrcPct"":0.5,""babipPct"":0.5},""power_components"":{""isoPct"":0.5,""hrPct"":0.5,""xbhPct"":0.5,""wrcPct"":0.5},""discipline_components"":{""bbPct"":0.5,""bbkPct"":0.5,""obpGapPct"":0.5},""defense"":{""position"":"""",""innings"":0,""SFR"":null},""salary_prior"":null,""salary_support"":0}"
"2025","67449","KBO-67449","삼성 라이온즈","김성윤","OF","KBO","0","538","456","33","8","0","19","16","18","17","17","1","15","11","0.9000","0.6117","0.8519","0.9112","0.8056","0.8615","0.6267","0.3187","0.1396","0.0127","0.1162","0.1154","0.1400","0.7788","0.0352","0.0008","high","high","kbo_pitcher_type_splits","456","kbo-hitter-abilities-v7-cross-role-calibrated","10","10","13","10","10","14","11","12","KBO","high","969.3","우익수","","","","0","kbo-hitter-abilities-v7-cross-role-calibrated","1403030","143.9","-7.1","5.57","https://www.kbofancystats.com/teams/samsunglions/","high","{""level"":""KBO"",""PA"":538,""reliability"":0.8176,""advanced_match"":true,""contact_components"":{""avgPct"":0.9419014084507042,""kGoodPct"":0.9383802816901409,""wrcPct"":0.9135021097046413,""babipPct"":0.8628691983122363},""power_components"":{""isoPct"":0.7816901408450704,""hrPct"":0.5404929577464789,""xbhPct"":0.7764084507042254,""wrcPct"":0.9135021097046413},""discipline_components"":{""bbPct"":0.8257042253521126,""bbkPct"":0.9911971830985915,""obpGapPct"":0.7323943661971831},""defense"":{""position"":""우익수"",""innings"":969.3,""SFR"":-7.1},""salary_prior"":null,""salary_support"":0,""cross_role_calibration"":{""reference"":""pitcher_kbo_core_5"",""percentile"":0.9842,""raw_core_average"":15.4,""target_core_average"":17.4,""calibrated_core_average"":17.4}}"
"2025","52430","KBO-52430","삼성 라이온즈","김영웅","IF","KBO","0","499","446","8","3","0","11","17","14","10","11","1","13","12","0.4353","0.8785","0.6657","0.1084","0.3731","0.4760","0.6321","0.2513","0.1917","0.0402","0.0954","0.2715","0.0640","0.7493","0.0229","0.0011","high","high","kbo_pitcher_type_splits","446","kbo-hitter-abilities-v7-cross-role-calibrated","12","11","12","14","14","12","9","13","KBO","high","965.7","3루수","","","","0","kbo-hitter-abilities-v7-cross-role-calibrated","1672552","112.6","21","4.95","https://www.kbofancystats.com/teams/samsunglions/","high","{""level"":""KBO"",""PA"":499,""reliability"":0.8061,""advanced_match"":true,""contact_components"":{""avgPct"":0.5809859154929577,""kGoodPct"":0.2693661971830986,""wrcPct"":0.7784810126582279,""babipPct"":0.5316455696202531},""power_components"":{""isoPct"":0.9348591549295775,""hrPct"":0.9313380281690141,""xbhPct"":0.9348591549295775,""wrcPct"":0.7784810126582279},""discipline_components"":{""bbPct"":0.6742957746478874,""bbkPct"":0.4982394366197183,""obpGapPct"":0.5598591549295775},""defense"":{""position"":""3루수"",""innings"":965.7,""SFR"":21},""salary_prior"":null,""salary_support"":0,""cross_role_calibration"":{""reference"":""pitcher_kbo_core_5"",""percentile"":0.7518,""raw_core_average"":12.2,""target_core_average"":12.6,""calibrated_core_average"":12.6}}"
"2025","65132","KBO-65132","삼성 라이온즈","김재성","C","KBO","0","73","63","0","1","0","5","6","8","7","7","1","10","10","0.3129","0.3654","0.4978","0.3343","0.3579","0.4421","0.4780","0.2099","0.0898","0.0122","0.0875","0.2463","0.0622","0.7488","0.0354","0.0031","low","low","kbo_pitcher_type_splits","63","kbo-hitter-abilities-v7-cross-role-calibrated","11","12","12","13","12","11","10","10","KBO","low","176","포수","","","","0","kbo-hitter-abilities-v7-cross-role-calibrated","1098402","14.5","-0.9","-0.19","https://www.kbofancystats.com/teams/samsunglions/","low","{""level"":""KBO"",""PA"":73,""reliability"":0.3782,""advanced_match"":true,""contact_components"":{""avgPct"":0.13204225352112675,""kGoodPct"":0.1848591549295775,""wrcPct"":0.12869198312236288,""babipPct"":0.1308016877637131},""power_components"":{""isoPct"":0.25528169014084506,""hrPct"":0.18661971830985916,""xbhPct"":0.2517605633802817,""wrcPct"":0.12869198312236288},""discipline_components"":{""bbPct"":0.5440140845070423,""bbkPct"":0.3644366197183099,""obpGapPct"":0.7816901408450704},""defense"":{""position"":""포수"",""innings"":176,""SFR"":-0.9},""salary_prior"":null,""salary_support"":0,""cross_role_calibration"":{""reference"":""pitcher_kbo_core_5"",""percentile"":0.0335,""raw_core_average"":9.8,""target_core_average"":6.6,""calibrated_core_average"":6.6}}"
"2025","52424","KBO-52424","삼성 라이온즈","김재혁","OF","KBO","0","4","3","0","0","0","10","10","10","10","11","1","11","11","0.5002","0.5037","0.5089","0.4979","0.4970","0.5032","0.4988","0.2545","0.1227","0.0202","0.0975","0.2078","0.0805","0.7488","0.0262","0.0040","very_low","low","kbo_pitcher_type_splits","3","kbo-hitter-abilities-v7-cross-role-calibrated","11","11","11","11","11","11","8","11","KBO","low","11.7","중견수","","","","0","kbo-hitter-abilities-v7-cross-role-calibrated","1672551","8.2","","-0.02","https://www.kbofancystats.com/teams/samsunglions/","very_low","{""level"":""KBO"",""PA"":4,""reliability"":0.0323,""advanced_match"":true,""contact_components"":{""avgPct"":0.035211267605633804,""kGoodPct"":0.028169014084507005,""wrcPct"":0.09915611814345991,""babipPct"":0.02109704641350211},""power_components"":{""isoPct"":0.11091549295774648,""hrPct"":0.18661971830985916,""xbhPct"":0.11091549295774648,""wrcPct"":0.09915611814345991},""discipline_components"":{""bbPct"":0.9841549295774648,""bbkPct"":0.7165492957746479,""obpGapPct"":0.9947183098591549},""defense"":{""position"":""중견수"",""innings"":11.7,""SFR"":null},""salary_prior"":null,""salary_support"":0,""cross_role_calibration"":{""reference"":""pitcher_kbo_core_5"",""percentile"":0.4313,""raw_core_average"":11,""target_core_average"":10.2,""calibrated_core_average"":10.2}}"
"2025","50458","KBO-50458","삼성 라이온즈","김지찬","OF","KBO","0","373","317","25","5","0","15","8","15","14","13","1","15","12","0.7503","0.1243","0.7096","0.8568","0.6728","0.7944","0.6623","0.2763","0.0615","0.0044","0.0997","0.1345","0.1599","0.8425","0.0348","0.0011","high","high","kbo_pitcher_type_splits","317","kbo-hitter-abilities-v7-cross-role-calibrated","11","12","10","12","10","13","9","10","KBO","medium","565","중견수","","","","0","kbo-hitter-abilities-v7-cross-role-calibrated","1652048","92.8","-5.4","1.99","https://www.kbofancystats.com/teams/samsunglions/","high","{""level"":""KBO"",""PA"":373,""reliability"":0.7566,""advanced_match"":true,""contact_components"":{""avgPct"":0.7869718309859155,""kGoodPct"":0.903169014084507,""wrcPct"":0.5886075949367089,""babipPct"":0.6054852320675106},""power_components"":{""isoPct"":0.27816901408450706,""hrPct"":0.18661971830985916,""xbhPct"":0.27992957746478875,""wrcPct"":0.5886075949367089},""discipline_components"":{""bbPct"":0.7095070422535211,""bbkPct"":0.9278169014084507,""obpGapPct"":0.6848591549295775},""defense"":{""position"":""중견수"",""innings"":565,""SFR"":-5.4},""salary_prior"":null,""salary_support"":0,""cross_role_calibration"":{""reference"":""pitcher_kbo_core_5"",""percentile"":0.794,""raw_core_average"":12.6,""target_core_average"":13.04,""calibrated_core_average"":13}}"
"2025","69207","KBO-69207","삼성 라이온즈","김태근","OF","KBO","0","14","12","0","0","0","10","9","12","10","10","1","11","11","0.5289","0.4943","0.5290","0.4944","0.5130","0.4985","0.5033","0.2698","0.1129","0.0185","0.0977","0.2072","0.0733","0.7488","0.0239","0.0037","very_low","low","kbo_pitcher_type_splits","12","kbo-hitter-abilities-v7-cross-role-calibrated","11","11","11","11","11","11","10","10","KBO","low","30","좌익수","","","","0","kbo-hitter-abilities-v7-cross-role-calibrated","","","","","","very_low","{""level"":""KBO"",""PA"":14,""reliability"":0.1045,""advanced_match"":false,""contact_components"":{""avgPct"":0.9471830985915493,""kGoodPct"":0.278169014084507,""wrcPct"":0.5,""babipPct"":0.5},""power_components"":{""isoPct"":0.11091549295774648,""hrPct"":0.18661971830985916,""xbhPct"":0.11091549295774648,""wrcPct"":0.5},""discipline_components"":{""bbPct"":0.926056338028169,""bbkPct"":0.7165492957746479,""obpGapPct"":0.7869718309859155},""defense"":{""position"":""좌익수"",""innings"":30,""SFR"":null},""salary_prior"":null,""salary_support"":0,""cross_role_calibration"":{""reference"":""pitcher_kbo_core_5"",""percentile"":0.4313,""raw_core_average"":11,""target_core_average"":10.2,""calibrated_core_average"":10.2}}"
"2025","65040","KBO-65040","삼성 라이온즈","김태훈","OF","KBO","0","98","93","1","1","0","8","9","6","9","7","1","11","12","0.4559","0.4506","0.2743","0.3998","0.4648","0.4359","0.4931","0.2498","0.1018","0.0207","0.0613","0.2203","0.0699","0.7716","0.0320","0.0028","low","low","kbo_pitcher_type_splits","93","kbo-hitter-abilities-v7-cross-role-calibrated","12","10","11","9","11","10","10","11","KBO","low","144.7","좌익수","","","","0","kbo-hitter-abilities-v7-cross-role-calibrated","1098389","55.1","4.1","0.15","https://www.kbofancystats.com/teams/samsunglions/","low","{""level"":""KBO"",""PA"":98,""reliability"":0.4495,""advanced_match"":true,""contact_components"":{""avgPct"":0.4982394366197183,""kGoodPct"":0.4313380281690141,""wrcPct"":0.27637130801687765,""babipPct"":0.4641350210970464},""power_components"":{""isoPct"":0.46830985915492956,""hrPct"":0.721830985915493,""xbhPct"":0.47007042253521125,""wrcPct"":0.27637130801687765},""discipline_components"":{""bbPct"":0.1742957746478873,""bbkPct"":0.176056338028169,""obpGapPct"":0.15140845070422534},""defense"":{""position"":""좌익수"",""innings"":144.7,""SFR"":4.1},""salary_prior"":null,""salary_support"":0,""cross_role_calibration"":{""reference"":""pitcher_kbo_core_5"",""percentile"":0.1479,""raw_core_average"":10.4,""target_core_average"":7.8,""calibrated_core_average"":7.8}}"
"2025","61404","KBO-61404","삼성 라이온즈","김헌곤","OF","KBO","0","191","173","3","0","0","10","10","9","12","10","1","11","12","0.3204","0.2990","0.2446","0.7369","0.5238","0.3906","0.5563","0.2389","0.0903","0.0141","0.0692","0.1671","0.0697","0.7298","0.0131","0.0020","medium","medium","kbo_pitcher_type_splits","173","kbo-hitter-abilities-v7-cross-role-calibrated","11","11","9","13","12","11","12","11","KBO","medium","417","우익수","","","","0","kbo-hitter-abilities-v7-cross-role-calibrated","154514","63.3","3.1","0.23","https://www.kbofancystats.com/teams/samsunglions/","medium","{""level"":""KBO"",""PA"":191,""reliability"":0.6141,""advanced_match"":true,""contact_components"":{""avgPct"":0.43133802816901406,""kGoodPct"":0.8186619718309859,""wrcPct"":0.33122362869198313,""babipPct"":0.2742616033755274},""power_components"":{""isoPct"":0.43309859154929575,""hrPct"":0.522887323943662,""xbhPct"":0.4242957746478873,""wrcPct"":0.33122362869198313},""discipline_components"":{""bbPct"":0.30809859154929575,""bbkPct"":0.551056338028169,""obpGapPct"":0.4137323943661972},""defense"":{""position"":""우익수"",""innings"":417,""SFR"":3.1},""salary_prior"":null,""salary_support"":0,""cross_role_calibration"":{""reference"":""pitcher_kbo_core_5"",""percentile"":0.4313,""raw_core_average"":11,""target_core_average"":10.2,""calibrated_core_average"":10.2}}"
"2025","54400","KBO-54400","삼성 라이온즈","디아즈","IF","KBO","0","628","551","1","5","1","18","20","15","16","18","1","10","12","0.8919","0.9241","0.6595","0.8174","0.7782","0.1015","0.4466","0.3060","0.2990","0.0716","0.0950","0.1643","0.0214","0.7716","0.0265","0.0050","high","high","kbo_pitcher_type_splits","551","kbo-hitter-abilities-v7-cross-role-calibrated","15","13","13","12","14","14","11","13","KBO","high","1085.3","1루수","","","","0","kbo-hitter-abilities-v7-cross-role-calibrated","2936818","171.3","9.6","8.43","https://www.kbofancystats.com/teams/samsunglions/","high","{""level"":""KBO"",""PA"":628,""reliability"":0.8396,""advanced_match"":true,""contact_components"":{""avgPct"":0.9172535211267606,""kGoodPct"":0.801056338028169,""wrcPct"":0.9725738396624473,""babipPct"":0.4641350210970464},""power_components"":{""isoPct"":0.9947183098591549,""hrPct"":0.9911971830985915,""xbhPct"":0.9947183098591549,""wrcPct"":0.9725738396624473},""discipline_components"":{""bbPct"":0.670774647887324,""bbkPct"":0.8045774647887324,""obpGapPct"":0.4753521126760563},""defense"":{""position"":""1루수"",""innings"":1085.3,""SFR"":9.6},""salary_prior"":null,""salary_support"":0,""cross_role_calibration"":{""reference"":""pitcher_kbo_core_5"",""percentile"":0.9842,""raw_core_average"":15.4,""target_core_average"":17.4,""calibrated_core_average"":17.4}}"
"2025","62234","KBO-62234","삼성 라이온즈","류지혁","IF","KBO","0","464","400","17","11","2","15","9","11","13","12","1","13","9","0.7662","0.1024","0.2349","0.8056","0.6945","0.5599","0.2175","0.2764","0.0593","0.0055","0.0747","0.1642","0.1020","0.6847","0.0596","0.0107","high","high","kbo_pitcher_type_splits","400","kbo-hitter-abilities-v7-cross-role-calibrated","10","12","12","13","11","12","13","10","KBO","high","950.3","2루수","60000","team_top_salary","12.38","0","kbo-hitter-abilities-v7-cross-role-calibrated","433920","87.9","-3.5","2","https://www.kbofancystats.com/teams/samsunglions/","high","{""level"":""KBO"",""PA"":464,""reliability"":0.7945,""advanced_match"":true,""contact_components"":{""avgPct"":0.7834507042253521,""kGoodPct"":0.8080985915492958,""wrcPct"":0.5421940928270043,""babipPct"":0.7130801687763713},""power_components"":{""isoPct"":0.29401408450704225,""hrPct"":0.3785211267605634,""xbhPct"":0.2904929577464789,""wrcPct"":0.5421940928270043},""discipline_components"":{""bbPct"":0.41725352112676056,""bbkPct"":0.6566901408450704,""obpGapPct"":0.5158450704225352},""defense"":{""position"":""2루수"",""innings"":950.3,""SFR"":-3.5},""salary_prior"":12.375628498537262,""salary_support"":0,""cross_role_calibration"":{""reference"":""pitcher_kbo_core_5"",""percentile"":0.6972,""raw_core_average"":11.8,""target_core_average"":12,""calibrated_core_average"":12}}"
"2025","75125","KBO-75125","삼성 라이온즈","박병호","IF","KBO","0","232","196","0","0","0","9","17","14","9","11","1","9","11","0.2004","0.8210","0.7547","0.1764","0.2782","0.2680","0.5948","0.2203","0.2116","0.0515","0.1089","0.2699","0.0380","0.7488","0.0124","0.0019","medium","medium","kbo_pitcher_type_splits","196","kbo-hitter-abilities-v7-cross-role-calibrated","11","11","12","10","11","11","13","11","KBO","low","84","1루수","","","","0","kbo-hitter-abilities-v7-cross-role-calibrated","","","","","","medium","{""level"":""KBO"",""PA"":232,""reliability"":0.6591,""advanced_match"":false,""contact_components"":{""avgPct"":0.2904929577464789,""kGoodPct"":0.21654929577464788,""wrcPct"":0.5,""babipPct"":0.5},""power_components"":{""isoPct"":0.9665492957746479,""hrPct"":0.9806338028169014,""xbhPct"":0.9665492957746479,""wrcPct"":0.5},""discipline_components"":{""bbPct"":0.7904929577464789,""bbkPct"":0.5616197183098591,""obpGapPct"":0.8873239436619719},""defense"":{""position"":""1루수"",""innings"":84,""SFR"":null},""salary_prior"":null,""salary_support"":0,""cross_role_calibration"":{""reference"":""pitcher_kbo_core_5"",""percentile"":0.6972,""raw_core_average"":11.8,""target_core_average"":12,""calibrated_core_average"":12}}"
"2025","69418","KBO-69418","삼성 라이온즈","박승규","OF","KBO","0","200","174","9","0","0","15","15","13","12","13","1","12","12","0.7236","0.6825","0.6843","0.4495","0.6003","0.5694","0.4960","0.2782","0.1301","0.0270","0.1005","0.2087","0.1101","0.6572","0.0112","0.0017","medium","medium","kbo_pitcher_type_splits","174","kbo-hitter-abilities-v7-cross-role-calibrated","11","10","12","11","12","13","9","12","KBO","medium","372.3","중견수","","","","0","kbo-hitter-abilities-v7-cross-role-calibrated","1641640","123.6","5.8","1.86","https://www.kbofancystats.com/teams/samsunglions/","medium","{""level"":""KBO"",""PA"":200,""reliability"":0.625,""advanced_match"":true,""contact_components"":{""avgPct"":0.8345070422535211,""kGoodPct"":0.5404929577464789,""wrcPct"":0.8417721518987342,""babipPct"":0.8248945147679325},""power_components"":{""isoPct"":0.7482394366197183,""hrPct"":0.8327464788732394,""xbhPct"":0.7376760563380281,""wrcPct"":0.8417721518987342},""discipline_components"":{""bbPct"":0.727112676056338,""bbkPct"":0.6848591549295775,""obpGapPct"":0.7464788732394366},""defense"":{""position"":""중견수"",""innings"":372.3,""SFR"":5.8},""salary_prior"":null,""salary_support"":0,""cross_role_calibration"":{""reference"":""pitcher_kbo_core_5"",""percentile"":0.8486,""raw_core_average"":13.2,""target_core_average"":13.55,""calibrated_core_average"":13.6}}"
"2025","53411","KBO-53411","삼성 라이온즈","박진우","C","KBO","0","1","1","0","0","0","10","10","10","10","11","1","11","11","0.5011","0.5020","0.5010","0.5016","0.5008","0.5007","0.5000","0.2595","0.1252","0.0208","0.0905","0.1942","0.0821","0.7488","0.0267","0.0041","very_low","low","kbo_pitcher_type_splits","1","kbo-hitter-abilities-v7-cross-role-calibrated","11","11","11","11","11","11","7","11","KBO","low","1","포수","","","","0","kbo-hitter-abilities-v7-cross-role-calibrated","2954529","-105.5","","-0.02","https://www.kbofancystats.com/teams/samsunglions/","very_low","{""level"":""KBO"",""PA"":1,""reliability"":0.0083,""advanced_match"":true,""contact_components"":{""avgPct"":0.035211267605633804,""kGoodPct"":0.9806338028169014,""wrcPct"":0.0189873417721519,""babipPct"":0.02109704641350211},""power_components"":{""isoPct"":0.11091549295774648,""hrPct"":0.18661971830985916,""xbhPct"":0.11091549295774648,""wrcPct"":0.0189873417721519},""discipline_components"":{""bbPct"":0.07746478873239436,""bbkPct"":0.07746478873239436,""obpGapPct"":0.06866197183098592},""defense"":{""position"":""포수"",""innings"":1,""SFR"":null},""salary_prior"":null,""salary_support"":0,""cross_role_calibration"":{""reference"":""pitcher_kbo_core_5"",""percentile"":0.4313,""raw_core_average"":11,""target_core_average"":10.2,""calibrated_core_average"":10.2}}"
"2025","55438","KBO-55438","삼성 라이온즈","심재훈","IF","KBO","0","43","38","4","1","0","7","6","8","7","7","1","12","11","0.4307","0.4178","0.5408","0.4254","0.4408","0.5417","0.5076","0.2407","0.0916","0.0147","0.0919","0.2281","0.1329","0.7491","0.0383","0.0034","low","low","kbo_pitcher_type_splits","38","kbo-hitter-abilities-v7-cross-role-calibrated","11","11","11","12","12","11","6","10","KBO","low","101.3","2루수","","","","0","kbo-hitter-abilities-v7-cross-role-calibrated","2941629","30.7","0.9","-0.03","https://www.kbofancystats.com/teams/samsunglions/","low","{""level"":""KBO"",""PA"":43,""reliability"":0.2638,""advanced_match"":true,""contact_components"":{""avgPct"":0.23767605633802816,""kGoodPct"":0.2130281690140845,""wrcPct"":0.16244725738396623,""babipPct"":0.3459915611814346},""power_components"":{""isoPct"":0.11091549295774648,""hrPct"":0.18661971830985916,""xbhPct"":0.11091549295774648,""wrcPct"":0.16244725738396623},""discipline_components"":{""bbPct"":0.6426056338028169,""bbkPct"":0.43661971830985913,""obpGapPct"":0.6091549295774648},""defense"":{""position"":""2루수"",""innings"":101.3,""SFR"":0.9},""salary_prior"":null,""salary_support"":0,""cross_role_calibration"":{""reference"":""pitcher_kbo_core_5"",""percentile"":0.0599,""raw_core_average"":10,""target_core_average"":7,""calibrated_core_average"":7}}"
"2025","66406","KBO-66406","삼성 라이온즈","안주형","IF","KBO","0","18","17","1","0","0","11","12","11","11","11","1","11","11","0.5100","0.5442","0.4890","0.4895","0.4936","0.5146","0.4814","0.2582","0.1337","0.0263","0.0860","0.2086","0.0945","0.6807","0.0247","0.0038","very_low","low","kbo_pitcher_type_splits","17","kbo-hitter-abilities-v7-cross-role-calibrated","11","11","11","10","11","11","11","11","KBO","low","37","2루수","","","","0","kbo-hitter-abilities-v7-cross-role-calibrated","","","","","","very_low","{""level"":""KBO"",""PA"":18,""reliability"":0.1304,""advanced_match"":false,""contact_components"":{""avgPct"":0.4841549295774648,""kGoodPct"":0.30809859154929575,""wrcPct"":0.5,""babipPct"":0.5},""power_components"":{""isoPct"":0.8802816901408451,""hrPct"":0.948943661971831,""xbhPct"":0.8767605633802817,""wrcPct"":0.5},""discipline_components"":{""bbPct"":0.3045774647887324,""bbkPct"":0.2676056338028169,""obpGapPct"":0.23415492957746478},""defense"":{""position"":""2루수"",""innings"":37,""SFR"":null},""salary_prior"":null,""salary_support"":0,""cross_role_calibration"":{""reference"":""pitcher_kbo_core_5"",""percentile"":0.5687,""raw_core_average"":11.2,""target_core_average"":11.2,""calibrated_core_average"":11.2}}"
"2025","54408","KBO-54408","삼성 라이온즈","양도근","IF","KBO","0","198","166","6","3","0","11","7","11","12","10","1","12","11","0.5846","0.1993","0.5784","0.5105","0.5105","0.5266","0.5309","0.2602","0.0663","0.0071","0.0911","0.2034","0.0894","0.7805","0.0384","0.0018","medium","medium","kbo_pitcher_type_splits","166","kbo-hitter-abilities-v7-cross-role-calibrated","11","10","12","10","10","11","7","10","KBO","medium","485","2루수","","","","0","kbo-hitter-abilities-v7-cross-role-calibrated","","","","","","medium","{""level"":""KBO"",""PA"":198,""reliability"":0.6226,""advanced_match"":false,""contact_components"":{""avgPct"":0.6443661971830986,""kGoodPct"":0.5757042253521127,""wrcPct"":0.5,""babipPct"":0.5},""power_components"":{""isoPct"":0.24471830985915494,""hrPct"":0.18661971830985916,""xbhPct"":0.24471830985915494,""wrcPct"":0.5},""discipline_components"":{""bbPct"":0.6214788732394366,""bbkPct"":0.6390845070422535,""obpGapPct"":0.6091549295774648},""defense"":{""position"":""2루수"",""innings"":485,""SFR"":null},""salary_prior"":null,""salary_support"":0,""cross_role_calibration"":{""reference"":""pitcher_kbo_core_5"",""percentile"":0.4313,""raw_core_average"":11,""target_core_average"":10.2,""calibrated_core_average"":10.2}}"
"2025","69403","KBO-69403","삼성 라이온즈","양우현","IF","KBO","0","16","16","0","0","0","9","9","8","10","10","1","11","11","0.4910","0.4978","0.4677","0.5333","0.5051","0.5019","0.4990","0.2518","0.1176","0.0181","0.0788","0.1863","0.0775","0.7488","0.0252","0.0039","very_low","low","kbo_pitcher_type_splits","16","kbo-hitter-abilities-v7-cross-role-calibrated","11","11","11","11","11","11","8","11","KBO","low","29","2루수","","","","0","kbo-hitter-abilities-v7-cross-role-calibrated","1631606","17.3","1.9","0.04","https://www.kbofancystats.com/teams/samsunglions/","very_low","{""level"":""KBO"",""PA"":16,""reliability"":0.1176,""advanced_match"":true,""contact_components"":{""avgPct"":0.25704225352112675,""kGoodPct"":0.8926056338028169,""wrcPct"":0.1371308016877637,""babipPct"":0.16666666666666666},""power_components"":{""isoPct"":0.3644366197183099,""hrPct"":0.18661971830985916,""xbhPct"":0.36619718309859156,""wrcPct"":0.1371308016877637},""discipline_components"":{""bbPct"":0.07746478873239436,""bbkPct"":0.07746478873239436,""obpGapPct"":0.06866197183098592},""defense"":{""position"":""2루수"",""innings"":29,""SFR"":1.9},""salary_prior"":null,""salary_support"":0,""cross_role_calibration"":{""reference"":""pitcher_kbo_core_5"",""percentile"":0.2852,""raw_core_average"":10.8,""target_core_average"":9.2,""calibrated_core_average"":9.2}}"
"2025","68463","KBO-68463","삼성 라이온즈","윤정빈","OF","KBO","0","46","40","0","0","0","7","7","9","7","7","1","10","11","0.4130","0.4221","0.5250","0.3630","0.4288","0.4718","0.5118","0.2372","0.0974","0.0144","0.0900","0.2576","0.0673","0.7488","0.0219","0.0034","low","low","kbo_pitcher_type_splits","40","kbo-hitter-abilities-v7-cross-role-calibrated","11","11","12","12","11","11","9","10","KBO","low","102","우익수","","","","0","kbo-hitter-abilities-v7-cross-role-calibrated","1616842","26.9","0.3","-0.16","https://www.kbofancystats.com/teams/samsunglions/","low","{""level"":""KBO"",""PA"":46,""reliability"":0.2771,""advanced_match"":true,""contact_components"":{""avgPct"":0.21830985915492956,""kGoodPct"":0.10739436619718312,""wrcPct"":0.15822784810126583,""babipPct"":0.39662447257383965},""power_components"":{""isoPct"":0.2306338028169014,""hrPct"":0.18661971830985916,""xbhPct"":0.22887323943661972,""wrcPct"":0.15822784810126583},""discipline_components"":{""bbPct"":0.5862676056338029,""bbkPct"":0.31514084507042256,""obpGapPct"":0.4507042253521127},""defense"":{""position"":""우익수"",""innings"":102,""SFR"":0.3},""salary_prior"":null,""salary_support"":0,""cross_role_calibration"":{""reference"":""pitcher_kbo_core_5"",""percentile"":0.0951,""raw_core_average"":10.2,""target_core_average"":7.4,""calibrated_core_average"":7.4}}"
"2025","69428","KBO-69428","삼성 라이온즈","이병헌","C","KBO","0","59","55","0","0","0","8","11","8","9","10","1","10","11","0.4057","0.5179","0.3948","0.4941","0.4592","0.4546","0.5183","0.2401","0.1203","0.0195","0.0764","0.2051","0.0641","0.7488","0.0209","0.0032","low","low","kbo_pitcher_type_splits","55","kbo-hitter-abilities-v7-cross-role-calibrated","11","10","10","10","11","11","9","11","KBO","low","184","포수","","","","0","kbo-hitter-abilities-v7-cross-role-calibrated","1631608","57.4","0.2","0.16","https://www.kbofancystats.com/teams/samsunglions/","low","{""level"":""KBO"",""PA"":59,""reliability"":0.3296,""advanced_match"":true,""contact_components"":{""avgPct"":0.31866197183098594,""kGoodPct"":0.522887323943662,""wrcPct"":0.2974683544303797,""babipPct"":0.21308016877637131},""power_components"":{""isoPct"":0.6408450704225352,""hrPct"":0.6619718309859155,""xbhPct"":0.6426056338028169,""wrcPct"":0.2974683544303797},""discipline_components"":{""bbPct"":0.2658450704225352,""bbkPct"":0.3274647887323944,""obpGapPct"":0.3274647887323944},""defense"":{""position"":""포수"",""innings"":184,""SFR"":0.2},""salary_prior"":null,""salary_support"":0,""cross_role_calibration"":{""reference"":""pitcher_kbo_core_5"",""percentile"":0.2852,""raw_core_average"":10.8,""target_core_average"":9.2,""calibrated_core_average"":9.2}}"
"2025","66409","KBO-66409","삼성 라이온즈","이성규","OF","KBO","0","154","126","4","1","0","9","15","12","9","11","1","13","11","0.2693","0.7360","0.6142","0.2065","0.3318","0.6355","0.4556","0.2266","0.1666","0.0319","0.0951","0.2820","0.0862","0.6777","0.0248","0.0022","medium","medium","kbo_pitcher_type_splits","126","kbo-hitter-abilities-v7-cross-role-calibrated","13","11","13","9","12","11","11","13","KBO","medium","323","우익수","","","","0","kbo-hitter-abilities-v7-cross-role-calibrated","1216202","102.1","1.4","0.84","https://www.kbofancystats.com/teams/samsunglions/","medium","{""level"":""KBO"",""PA"":154,""reliability"":0.562,""advanced_match"":true,""contact_components"":{""avgPct"":0.2869718309859155,""kGoodPct"":0.14260563380281688,""wrcPct"":0.6983122362869199,""babipPct"":0.3143459915611814},""power_components"":{""isoPct"":0.9137323943661971,""hrPct"":0.903169014084507,""xbhPct"":0.9137323943661971,""wrcPct"":0.6983122362869199},""discipline_components"":{""bbPct"":0.6883802816901409,""bbkPct"":0.3961267605633803,""obpGapPct"":0.920774647887324},""defense"":{""position"":""우익수"",""innings"":323,""SFR"":1.4},""salary_prior"":null,""salary_support"":0,""cross_role_calibration"":{""reference"":""pitcher_kbo_core_5"",""percentile"":0.5687,""raw_core_average"":11.2,""target_core_average"":11.2,""calibrated_core_average"":11.2}}"
"2025","52415","KBO-52415","삼성 라이온즈","이재현","IF","KBO","0","555","457","7","2","0","13","18","16","13","14","1","12","13","0.5188","0.8262","0.8804","0.4120","0.5345","0.2751","0.7442","0.2553","0.1645","0.0276","0.1193","0.2116","0.0483","0.7934","0.0145","0.0009","high","high","kbo_pitcher_type_splits","457","kbo-hitter-abilities-v7-cross-role-calibrated","10","11","12","10","9","13","9","12","KBO","high","1117","유격수","","","","0","kbo-hitter-abilities-v7-cross-role-calibrated","1672550","115","-6.1","4.7","https://www.kbofancystats.com/teams/samsunglions/","high","{""level"":""KBO"",""PA"":555,""reliability"":0.8222,""advanced_match"":true,""contact_components"":{""avgPct"":0.6197183098591549,""kGoodPct"":0.5440140845070423,""wrcPct"":0.79957805907173,""babipPct"":0.5021097046413502},""power_components"":{""isoPct"":0.8679577464788732,""hrPct"":0.8221830985915493,""xbhPct"":0.8679577464788732,""wrcPct"":0.79957805907173},""discipline_components"":{""bbPct"":0.846830985915493,""bbkPct"":0.7904929577464789,""obpGapPct"":0.8433098591549296},""defense"":{""position"":""유격수"",""innings"":1117,""SFR"":-6.1},""salary_prior"":null,""salary_support"":0,""cross_role_calibration"":{""reference"":""pitcher_kbo_core_5"",""percentile"":0.8926,""raw_core_average"":13.6,""target_core_average"":14.8,""calibrated_core_average"":14.8}}"
"2025","51407","KBO-51407","삼성 라이온즈","이창용","IF","KBO","0","17","15","1","0","0","11","12","11","11","11","1","11","11","0.4970","0.5461","0.5281","0.4519","0.4862","0.5155","0.5146","0.2540","0.1447","0.0265","0.0952","0.2360","0.0945","0.7716","0.0247","0.0038","very_low","low","kbo_pitcher_type_splits","15","kbo-hitter-abilities-v7-cross-role-calibrated","11","11","11","11","11","11","9","11","KBO","low","10","1루수","","","","0","kbo-hitter-abilities-v7-cross-role-calibrated","2935950","106.4","-1.2","0.06","https://www.kbofancystats.com/teams/samsunglions/","very_low","{""level"":""KBO"",""PA"":17,""reliability"":0.1241,""advanced_match"":true,""contact_components"":{""avgPct"":0.31866197183098594,""kGoodPct"":0.04225352112676062,""wrcPct"":0.7320675105485233,""babipPct"":0.6856540084388185},""power_components"":{""isoPct"":0.9700704225352113,""hrPct"":0.9647887323943662,""xbhPct"":0.9700704225352113,""wrcPct"":0.7320675105485233},""discipline_components"":{""bbPct"":0.7992957746478874,""bbkPct"":0.34683098591549294,""obpGapPct"":0.7658450704225352},""defense"":{""position"":""1루수"",""innings"":10,""SFR"":-1.2},""salary_prior"":null,""salary_support"":0,""cross_role_calibration"":{""reference"":""pitcher_kbo_core_5"",""percentile"":0.5687,""raw_core_average"":11.2,""target_core_average"":11.2,""calibrated_core_average"":11.2}}"
"2025","69416","KBO-69416","삼성 라이온즈","이해승","IF","KBO","0","5","5","0","0","0","10","10","10","10","11","1","11","11","0.5043","0.5036","0.4988","0.4986","0.4988","0.5037","0.4988","0.2592","0.1204","0.0200","0.0871","0.2059","0.0805","0.7488","0.0262","0.0040","very_low","low","kbo_pitcher_type_splits","5","kbo-hitter-abilities-v7-cross-role-calibrated","11","11","11","11","11","11","8","11","KBO","low","17.3","유격수","","","","0","kbo-hitter-abilities-v7-cross-role-calibrated","1681510","9.8","-1.1","-0.08","https://www.kbofancystats.com/teams/samsunglions/","very_low","{""level"":""KBO"",""PA"":5,""reliability"":0.04,""advanced_match"":true,""contact_components"":{""avgPct"":0.31866197183098594,""kGoodPct"":0.09330985915492962,""wrcPct"":0.10759493670886076,""babipPct"":0.6856540084388185},""power_components"":{""isoPct"":0.11091549295774648,""hrPct"":0.18661971830985916,""xbhPct"":0.11091549295774648,""wrcPct"":0.10759493670886076},""discipline_components"":{""bbPct"":0.07746478873239436,""bbkPct"":0.07746478873239436,""obpGapPct"":0.06866197183098592},""defense"":{""position"":""유격수"",""innings"":17.3,""SFR"":-1.1},""salary_prior"":null,""salary_support"":0,""cross_role_calibration"":{""reference"":""pitcher_kbo_core_5"",""percentile"":0.4313,""raw_core_average"":11,""target_core_average"":10.2,""calibrated_core_average"":10.2}}"
"2025","65586","KBO-65586","삼성 라이온즈","전병우","IF","KBO","0","97","77","1","0","0","12","11","15","10","11","1","11","12","0.5988","0.3976","0.7419","0.3327","0.4915","0.3871","0.5828","0.2667","0.0997","0.0158","0.1429","0.2366","0.0567","0.7716","0.0148","0.0023","low","low","kbo_pitcher_type_splits","77","kbo-hitter-abilities-v7-cross-role-calibrated","12","12","10","13","12","12","11","10","KBO","low","183.7","3루수","","","","0","kbo-hitter-abilities-v7-cross-role-calibrated","1101217","125.6","1.8","1","https://www.kbofancystats.com/teams/samsunglions/","low","{""level"":""KBO"",""PA"":97,""reliability"":0.447,""advanced_match"":true,""contact_components"":{""avgPct"":0.7306338028169014,""kGoodPct"":0.301056338028169,""wrcPct"":0.8544303797468354,""babipPct"":0.9472573839662447},""power_components"":{""isoPct"":0.3785211267605634,""hrPct"":0.5193661971830986,""xbhPct"":0.38204225352112675,""wrcPct"":0.8544303797468354},""discipline_components"":{""bbPct"":0.9735915492957746,""bbkPct"":0.8573943661971831,""obpGapPct"":0.9700704225352113},""defense"":{""position"":""3루수"",""innings"":183.7,""SFR"":1.8},""salary_prior"":null,""salary_support"":0,""cross_role_calibration"":{""reference"":""pitcher_kbo_core_5"",""percentile"":0.6585,""raw_core_average"":11.6,""target_core_average"":11.8,""calibrated_core_average"":11.8}}"
"2025","55435","KBO-55435","삼성 라이온즈","차승준","IF","KBO","0","1","1","0","0","0","10","10","10","10","11","1","11","11","0.5011","0.5020","0.5010","0.5016","0.5008","0.5007","0.5000","0.2595","0.1252","0.0208","0.0905","0.1942","0.0821","0.7488","0.0267","0.0041","very_low","low","kbo_pitcher_type_splits","1","kbo-hitter-abilities-v7-cross-role-calibrated","11","11","11","11","11","11","6","11","KBO_NO_FIELDING_SAMPLE","very_low","0","내야수","","","","0","kbo-hitter-abilities-v7-cross-role-calibrated","2941628","-105.5","","-0.02","https://www.kbofancystats.com/teams/samsunglions/","very_low","{""level"":""KBO"",""PA"":1,""reliability"":0.0083,""advanced_match"":true,""contact_components"":{""avgPct"":0.035211267605633804,""kGoodPct"":0.9806338028169014,""wrcPct"":0.0189873417721519,""babipPct"":0.02109704641350211},""power_components"":{""isoPct"":0.11091549295774648,""hrPct"":0.18661971830985916,""xbhPct"":0.11091549295774648,""wrcPct"":0.0189873417721519},""discipline_components"":{""bbPct"":0.07746478873239436,""bbkPct"":0.07746478873239436,""obpGapPct"":0.06866197183098592},""defense"":{""position"":"""",""innings"":0,""SFR"":null},""salary_prior"":null,""salary_support"":0,""cross_role_calibration"":{""reference"":""pitcher_kbo_core_5"",""percentile"":0.4313,""raw_core_average"":11,""target_core_average"":10.2,""calibrated_core_average"":10.2}}"
"2025","55440","KBO-55440","삼성 라이온즈","함수호","OF","KBO","0","14","14","0","0","0","9","8","8","9","9","1","11","11","0.5037","0.4891","0.4741","0.4721","0.4848","0.5030","0.4990","0.2563","0.1109","0.0185","0.0802","0.2247","0.0775","0.7488","0.0252","0.0039","very_low","low","kbo_pitcher_type_splits","14","kbo-hitter-abilities-v7-cross-role-calibrated","11","11","11","11","11","11","6","11","KBO","low","19","좌익수","","","","0","kbo-hitter-abilities-v7-cross-role-calibrated","2941630","18","-1.9","-0.16","https://www.kbofancystats.com/teams/samsunglions/","very_low","{""level"":""KBO"",""PA"":14,""reliability"":0.1045,""advanced_match"":true,""contact_components"":{""avgPct"":0.3908450704225352,""kGoodPct"":0.06690140845070425,""wrcPct"":0.14556962025316456,""babipPct"":0.8860759493670886},""power_components"":{""isoPct"":0.11091549295774648,""hrPct"":0.18661971830985916,""xbhPct"":0.11091549295774648,""wrcPct"":0.14556962025316456},""discipline_components"":{""bbPct"":0.07746478873239436,""bbkPct"":0.07746478873239436,""obpGapPct"":0.06866197183098592},""defense"":{""position"":""좌익수"",""innings"":19,""SFR"":-1.9},""salary_prior"":null,""salary_support"":0,""cross_role_calibration"":{""reference"":""pitcher_kbo_core_5"",""percentile"":0.2113,""raw_core_average"":10.6,""target_core_average"":8.6,""calibrated_core_average"":8.6}}"
"2025","67005","KBO-67005","삼성 라이온즈","홍현빈","OF","KBO","0","38","32","0","0","0","7","7","9","9","7","1","10","11","0.4048","0.4639","0.5005","0.5199","0.4521","0.4842","0.5069","0.2289","0.1109","0.0152","0.0880","0.2001","0.0708","0.7488","0.0230","0.0035","low","low","kbo_pitcher_type_splits","32","kbo-hitter-abilities-v7-cross-role-calibrated","12","11","10","10","11","11","9","10","KBO","low","69.7","중견수","","","","0","kbo-hitter-abilities-v7-cross-role-calibrated","1402999","15.9","5.7","0.13","https://www.kbofancystats.com/teams/samsunglions/","low","{""level"":""KBO"",""PA"":38,""reliability"":0.2405,""advanced_match"":true,""contact_components"":{""avgPct"":0.12852112676056338,""kGoodPct"":0.556338028169014,""wrcPct"":0.13291139240506328,""babipPct"":0.10337552742616034},""power_components"":{""isoPct"":0.3714788732394366,""hrPct"":0.18661971830985916,""xbhPct"":0.36619718309859156,""wrcPct"":0.13291139240506328},""discipline_components"":{""bbPct"":0.5088028169014085,""bbkPct"":0.5369718309859155,""obpGapPct"":0.795774647887324},""defense"":{""position"":""중견수"",""innings"":69.7,""SFR"":5.7},""salary_prior"":null,""salary_support"":0,""cross_role_calibration"":{""reference"":""pitcher_kbo_core_5"",""percentile"":0.1479,""raw_core_average"":10.4,""target_core_average"":7.8,""calibrated_core_average"":7.8}}"
"2025","54344","KBO-54344","키움 히어로즈","고영우","IF","KBO","0","26","23","0","0","0","9","8","9","10","10","1","10","11","0.4931","0.4757","0.5022","0.5040","0.5038","0.4912","0.5051","0.2538","0.1109","0.0167","0.0884","0.2033","0.0720","0.7488","0.0234","0.0036","very_low","low","kbo_pitcher_type_splits","23","kbo-hitter-abilities-v7-cross-role-calibrated","11","10","11","10","11","11","8","10","KBO","low","52","2루수","","","","0","kbo-hitter-abilities-v7-cross-role-calibrated","","","","","","very_low","{""level"":""KBO"",""PA"":26,""reliability"":0.1781,""advanced_match"":false,""contact_components"":{""avgPct"":0.40492957746478875,""kGoodPct"":0.48767605633802813,""wrcPct"":0.5,""babipPct"":0.5},""power_components"":{""isoPct"":0.301056338028169,""hrPct"":0.18661971830985916,""xbhPct"":0.301056338028169,""wrcPct"":0.5},""discipline_components"":{""bbPct"":0.4894366197183099,""bbkPct"":0.4841549295774648,""obpGapPct"":0.44190140845070425},""defense"":{""position"":""2루수"",""innings"":52,""SFR"":null},""salary_prior"":null,""salary_support"":0,""cross_role_calibration"":{""reference"":""pitcher_kbo_core_5"",""percentile"":0.2852,""raw_core_average"":10.8,""target_core_average"":9.2,""calibrated_core_average"":9.2}}"
"2025","55371","KBO-55371","키움 히어로즈","권혁빈","IF","KBO","0","24","20","0","0","0","7","7","9","7","7","1","10","11","0.4440","0.4697","0.5147","0.4710","0.4559","0.4988","0.5005","0.2351","0.1053","0.0170","0.0899","0.2146","0.0760","0.7488","0.0247","0.0038","very_low","low","kbo_pitcher_type_splits","20","kbo-hitter-abilities-v7-cross-role-calibrated","10","11","10","12","11","11","6","10","KBO","low","74","2루수","","","","0","kbo-hitter-abilities-v7-cross-role-calibrated","2941622","-19.5","-0.1","-0.18","https://www.kbofancystats.com/teams/kiwoomheroes/","very_low","{""level"":""KBO"",""PA"":24,""reliability"":0.1667,""advanced_match"":true,""contact_components"":{""avgPct"":0.11091549295774648,""kGoodPct"":0.2588028169014085,""wrcPct"":0.06540084388185655,""babipPct"":0.0949367088607595},""power_components"":{""isoPct"":0.11091549295774648,""hrPct"":0.18661971830985916,""xbhPct"":0.11091549295774648,""wrcPct"":0.06540084388185655},""discipline_components"":{""bbPct"":0.5616197183098591,""bbkPct"":0.3890845070422535,""obpGapPct"":0.6742957746478874},""defense"":{""position"":""2루수"",""innings"":74,""SFR"":-0.1},""salary_prior"":null,""salary_support"":0,""cross_role_calibration"":{""reference"":""pitcher_kbo_core_5"",""percentile"":0.0951,""raw_core_average"":10.2,""target_core_average"":7.4,""calibrated_core_average"":7.4}}"
"2025","53312","KBO-53312","키움 히어로즈","김건희","C","KBO","0","344","322","3","1","0","7","9","3","6","7","1","12","12","0.3912","0.3303","0.1249","0.1303","0.3622","0.4455","0.5727","0.2470","0.1082","0.0115","0.0499","0.2739","0.0515","0.7298","0.0169","0.0015","high","medium","kbo_pitcher_type_splits","322","kbo-hitter-abilities-v7-cross-role-calibrated","10","11","15","10","12","9","8","12","KBO","high","731","포수","","","","0","kbo-hitter-abilities-v7-cross-role-calibrated","2238526","65","2","1.35","https://www.kbofancystats.com/teams/kiwoomheroes/","high","{""level"":""KBO"",""PA"":344,""reliability"":0.7414,""advanced_match"":true,""contact_components"":{""avgPct"":0.5387323943661971,""kGoodPct"":0.23063380281690138,""wrcPct"":0.339662447257384,""babipPct"":0.7679324894514767},""power_components"":{""isoPct"":0.596830985915493,""hrPct"":0.4841549295774648,""xbhPct"":0.5933098591549296,""wrcPct"":0.339662447257384},""discipline_components"":{""bbPct"":0.20246478873239437,""bbkPct"":0.1813380281690141,""obpGapPct"":0.176056338028169},""defense"":{""position"":""포수"",""innings"":731,""SFR"":2},""salary_prior"":null,""salary_support"":0,""cross_role_calibration"":{""reference"":""pitcher_kbo_core_5"",""percentile"":0.0158,""raw_core_average"":9.6,""target_core_average"":6.44,""calibrated_core_average"":6.4}}"
"2025","66838","KBO-66838","키움 히어로즈","김동엽","OF","KBO","0","29","27","0","0","0","9","9","10","8","10","1","10","11","0.4914","0.4852","0.4901","0.4228","0.4745","0.4866","0.5069","0.2536","0.1153","0.0163","0.0864","0.2373","0.0708","0.7488","0.0230","0.0035","very_low","low","kbo_pitcher_type_splits","27","kbo-hitter-abilities-v7-cross-role-calibrated","11","11","11","11","11","11","12","11","KBO_NO_FIELDING_SAMPLE","very_low","0","외야수","","","","0","kbo-hitter-abilities-v7-cross-role-calibrated","","","","","","very_low","{""level"":""KBO"",""PA"":29,""reliability"":0.1946,""advanced_match"":false,""contact_components"":{""avgPct"":0.41901408450704225,""kGoodPct"":0.1109154929577465,""wrcPct"":0.5,""babipPct"":0.5},""power_components"":{""isoPct"":0.4612676056338028,""hrPct"":0.18661971830985916,""xbhPct"":0.4595070422535211,""wrcPct"":0.5},""discipline_components"":{""bbPct"":0.40316901408450706,""bbkPct"":0.23943661971830985,""obpGapPct"":0.33274647887323944},""defense"":{""position"":"""",""innings"":0,""SFR"":null},""salary_prior"":null,""salary_support"":0,""cross_role_calibration"":{""reference"":""pitcher_kbo_core_5"",""percentile"":0.2852,""raw_core_average"":10.8,""target_core_average"":9.2,""calibrated_core_average"":9.2}}"
"2025","53344","KBO-53344","키움 히어로즈","김동헌","C","KBO","0","91","82","0","0","0","11","7","9","9","10","1","10","11","0.5928","0.3264","0.4472","0.3951","0.5192","0.3863","0.5519","0.2649","0.0859","0.0110","0.0845","0.2231","0.0513","0.7488","0.0167","0.0026","low","low","kbo_pitcher_type_splits","82","kbo-hitter-abilities-v7-cross-role-calibrated","10","10","10","11","11","11","7","10","KBO","low","185","포수","","","","0","kbo-hitter-abilities-v7-cross-role-calibrated","2238527","81.8","0.3","0.48","https://www.kbofancystats.com/teams/kiwoomheroes/","low","{""level"":""KBO"",""PA"":91,""reliability"":0.4313,""advanced_match"":true,""contact_components"":{""avgPct"":0.7112676056338029,""kGoodPct"":0.3926056338028169,""wrcPct"":0.5063291139240507,""babipPct"":0.869198312236287},""power_components"":{""isoPct"":0.272887323943662,""hrPct"":0.18661971830985916,""xbhPct"":0.272887323943662,""wrcPct"":0.5063291139240507},""discipline_components"":{""bbPct"":0.4894366197183099,""bbkPct"":0.4295774647887324,""obpGapPct"":0.4225352112676056},""defense"":{""position"":""포수"",""innings"":185,""SFR"":0.3},""salary_prior"":null,""salary_support"":0,""cross_role_calibration"":{""reference"":""pitcher_kbo_core_5"",""percentile"":0.2852,""raw_core_average"":10.8,""target_core_average"":9.2,""calibrated_core_average"":9.2}}"
"2025","50304","KBO-50304","키움 히어로즈","김병휘","IF","KBO","0","6","4","0","1","0","10","10","10","10","11","1","11","11","0.5060","0.5037","0.5182","0.5084","0.5063","0.5035","0.4915","0.2617","0.1216","0.0198","0.1051","0.1945","0.0775","0.7488","0.0441","0.0039","very_low","low","kbo_pitcher_type_splits","4","kbo-hitter-abilities-v7-cross-role-calibrated","11","11","11","11","11","11","8","11","KBO","low","23.7","2루수","","","","0","kbo-hitter-abilities-v7-cross-role-calibrated","1652040","142.2","0","0.07","https://www.kbofancystats.com/teams/kiwoomheroes/","very_low","{""level"":""KBO"",""PA"":6,""reliability"":0.0476,""advanced_match"":true,""contact_components"":{""avgPct"":0.5950704225352113,""kGoodPct"":0.7764084507042254,""wrcPct"":0.9092827004219409,""babipPct"":0.6856540084388185},""power_components"":{""isoPct"":0.11091549295774648,""hrPct"":0.18661971830985916,""xbhPct"":0.11091549295774648,""wrcPct"":0.9092827004219409},""discipline_components"":{""bbPct"":0.9876760563380281,""bbkPct"":0.9964788732394366,""obpGapPct"":0.9947183098591549},""defense"":{""position"":""2루수"",""innings"":23.7,""SFR"":0},""salary_prior"":null,""salary_support"":0,""cross_role_calibration"":{""reference"":""pitcher_kbo_core_5"",""percentile"":0.4313,""raw_core_average"":11,""target_core_average"":10.2,""calibrated_core_average"":10.2}}"
"2025","65898","KBO-65898","키움 히어로즈","김웅빈","IF","KBO","0","31","24","0","1","0","8","8","11","8","8","1","10","11","0.4226","0.4570","0.5979","0.5054","0.4510","0.4883","0.4832","0.2275","0.1019","0.0161","0.1156","0.2032","0.0708","0.7488","0.0403","0.0035","low","low","kbo_pitcher_type_splits","24","kbo-hitter-abilities-v7-cross-role-calibrated","11","11","11","11","11","11","10","10","KBO","low","28","1루수","","","","0","kbo-hitter-abilities-v7-cross-role-calibrated","1101244","19.8","-0.9","-0.18","https://www.kbofancystats.com/teams/kiwoomheroes/","low","{""level"":""KBO"",""PA"":31,""reliability"":0.2053,""advanced_match"":true,""contact_components"":{""avgPct"":0.09859154929577464,""kGoodPct"":0.5017605633802817,""wrcPct"":0.14978902953586498,""babipPct"":0.06540084388185655},""power_components"":{""isoPct"":0.11091549295774648,""hrPct"":0.18661971830985916,""xbhPct"":0.11091549295774648,""wrcPct"":0.14978902953586498},""discipline_components"":{""bbPct"":0.9700704225352113,""bbkPct"":0.9242957746478874,""obpGapPct"":0.9841549295774648},""defense"":{""position"":""1루수"",""innings"":28,""SFR"":-0.9},""salary_prior"":null,""salary_support"":0,""cross_role_calibration"":{""reference"":""pitcher_kbo_core_5"",""percentile"":0.2113,""raw_core_average"":10.6,""target_core_average"":8.6,""calibrated_core_average"":8.6}}"
"2025","62332","KBO-62332","키움 히어로즈","김재현","C","KBO","0","128","120","1","0","0","7","6","4","8","7","1","11","13","0.3070","0.2629","0.2223","0.3804","0.4352","0.4009","0.5638","0.2328","0.0802","0.0092","0.0445","0.2220","0.0646","0.7716","0.0169","0.0026","medium","medium","kbo_pitcher_type_splits","120","kbo-hitter-abilities-v7-cross-role-calibrated","10","10","13","9","11","10","11","11","KBO","medium","353","포수","","","","0","kbo-hitter-abilities-v7-cross-role-calibrated","435382","30.9","-0.6","-0.01","https://www.kbofancystats.com/teams/kiwoomheroes/","medium","{""level"":""KBO"",""PA"":128,""reliability"":0.5161,""advanced_match"":true,""contact_components"":{""avgPct"":0.36971830985915494,""kGoodPct"":0.4454225352112676,""wrcPct"":0.16666666666666666,""babipPct"":0.35654008438818563},""power_components"":{""isoPct"":0.2852112676056338,""hrPct"":0.18661971830985916,""xbhPct"":0.2834507042253521,""wrcPct"":0.16666666666666666},""discipline_components"":{""bbPct"":0.15669014084507044,""bbkPct"":0.1602112676056338,""obpGapPct"":0.1637323943661972},""defense"":{""position"":""포수"",""innings"":353,""SFR"":-0.6},""salary_prior"":null,""salary_support"":0,""cross_role_calibration"":{""reference"":""pitcher_kbo_core_5"",""percentile"":0.0158,""raw_core_average"":9.6,""target_core_average"":6.44,""calibrated_core_average"":6.4}}"
"2025","64984","KBO-64984","키움 히어로즈","김태진","IF","KBO","0","304","279","2","2","0","11","13","10","12","12","1","12","11","0.3121","0.4369","0.2337","0.7345","0.4990","0.4423","0.4946","0.2407","0.1125","0.0176","0.0721","0.1797","0.0470","0.7073","0.0257","0.0016","high","medium","kbo_pitcher_type_splits","279","kbo-hitter-abilities-v7-cross-role-calibrated","12","9","12","9","11","11","11","12","KBO","high","648.7","2루수","","","","0","kbo-hitter-abilities-v7-cross-role-calibrated","973469","71.1","3.1","0.97","https://www.kbofancystats.com/teams/kiwoomheroes/","high","{""level"":""KBO"",""PA"":304,""reliability"":0.717,""advanced_match"":true,""contact_components"":{""avgPct"":0.477112676056338,""kGoodPct"":0.7411971830985915,""wrcPct"":0.3987341772151899,""babipPct"":0.3059071729957806},""power_components"":{""isoPct"":0.6355633802816901,""hrPct"":0.6426056338028169,""xbhPct"":0.6285211267605634,""wrcPct"":0.3987341772151899},""discipline_components"":{""bbPct"":0.38204225352112675,""bbkPct"":0.5440140845070423,""obpGapPct"":0.2640845070422535},""defense"":{""position"":""2루수"",""innings"":648.7,""SFR"":3.1},""salary_prior"":null,""salary_support"":0,""cross_role_calibration"":{""reference"":""pitcher_kbo_core_5"",""percentile"":0.625,""raw_core_average"":11.4,""target_core_average"":11.6,""calibrated_core_average"":11.6}}"
"2025","53305","KBO-53305","키움 히어로즈","박성빈","C","FUTURES","-2","80","72","0","","","5","5","4","7","7","1","8","9","0.2975","0.4323","0.3174","0.6358","0.4328","0.4180","0.5000","0.2445","0.1190","0.0233","0.0941","0.1511","0.0617","0.6957","","","low","low","futures_contact_k_proxy","0","kbo-hitter-abilities-v7-cross-role-calibrated","9","9","9","9","9","8","6","9","POSITION_PRIOR","very_low","0","포수","","","","0","kbo-hitter-abilities-v7-cross-role-calibrated","","","","","","low","{""level"":""FUTURES"",""PA"":80,""reliability"":0.3077,""advanced_match"":false,""contact_components"":{""avgPct"":0.20967741935483872,""kGoodPct"":0.9193548387096774,""wrcPct"":0.5,""babipPct"":0.5},""power_components"":{""isoPct"":0.2903225806451613,""hrPct"":0.6612903225806451,""xbhPct"":0.3064516129032258,""wrcPct"":0.5},""discipline_components"":{""bbPct"":0.04838709677419355,""bbkPct"":0.3548387096774194,""obpGapPct"":0.25806451612903225},""defense"":{""position"":"""",""innings"":0,""SFR"":null},""salary_prior"":null,""salary_support"":0,""cross_role_calibration"":{""reference"":""pitcher_futures_core_5"",""percentile"":0.1452,""raw_core_average"":8.2,""target_core_average"":5.59,""calibrated_core_average"":5.6}}"
"2025","52305","KBO-52305","키움 히어로즈","박수종","OF","KBO","0","45","42","1","0","0","7","9","7","7","7","1","12","12","0.3797","0.4948","0.4601","0.4437","0.4220","0.5117","0.5210","0.2269","0.1102","0.0214","0.0837","0.2180","0.0880","0.7716","0.0230","0.0035","low","low","kbo_pitcher_type_splits","42","kbo-hitter-abilities-v7-cross-role-calibrated","12","11","12","10","12","11","9","11","KBO","low","123","중견수","","","","0","kbo-hitter-abilities-v7-cross-role-calibrated","2243148","17.9","4.2","0.05","https://www.kbofancystats.com/teams/kiwoomheroes/","low","{""level"":""KBO"",""PA"":45,""reliability"":0.2727,""advanced_match"":true,""contact_components"":{""avgPct"":0.15316901408450703,""kGoodPct"":0.33626760563380287,""wrcPct"":0.14135021097046413,""babipPct"":0.11181434599156118},""power_components"":{""isoPct"":0.44366197183098594,""hrPct"":0.7482394366197183,""xbhPct"":0.4454225352112676,""wrcPct"":0.14135021097046413},""discipline_components"":{""bbPct"":0.3890845070422535,""bbkPct"":0.34683098591549294,""obpGapPct"":0.3626760563380282},""defense"":{""position"":""중견수"",""innings"":123,""SFR"":4.2},""salary_prior"":null,""salary_support"":0,""cross_role_calibration"":{""reference"":""pitcher_kbo_core_5"",""percentile"":0.0951,""raw_core_average"":10.2,""target_core_average"":7.4,""calibrated_core_average"":7.4}}"
"2025","50357","KBO-50357","키움 히어로즈","박주홍","OF","KBO","0","283","248","12","2","1","10","12","13","10","11","1","14","11","0.2654","0.3869","0.7146","0.2385","0.3962","0.7643","0.6137","0.2362","0.1110","0.0133","0.1022","0.2392","0.1202","0.8403","0.0249","0.0090","medium","high","kbo_pitcher_type_splits","248","kbo-hitter-abilities-v7-cross-role-calibrated","14","12","12","9","13","12","9","11","KBO","medium","586","우익수","","","","0","kbo-hitter-abilities-v7-cross-role-calibrated","1652042","80","4","1.12","https://www.kbofancystats.com/teams/kiwoomheroes/","medium","{""level"":""KBO"",""PA"":283,""reliability"":0.7022,""advanced_match"":true,""contact_components"":{""avgPct"":0.44190140845070425,""kGoodPct"":0.375,""wrcPct"":0.49156118143459915,""babipPct"":0.5021097046413502},""power_components"":{""isoPct"":0.6179577464788732,""hrPct"":0.5264084507042254,""xbhPct"":0.6144366197183099,""wrcPct"":0.49156118143459915},""discipline_components"":{""bbPct"":0.7341549295774648,""bbkPct"":0.6126760563380281,""obpGapPct"":0.6919014084507042},""defense"":{""position"":""우익수"",""innings"":586,""SFR"":4},""salary_prior"":null,""salary_support"":0,""cross_role_calibration"":{""reference"":""pitcher_kbo_core_5"",""percentile"":0.5687,""raw_core_average"":11.2,""target_core_average"":11.2,""calibrated_core_average"":11.2}}"
"2025","68305","KBO-68305","키움 히어로즈","변상권","OF","KBO","0","20","19","0","0","0","10","10","9","12","10","1","11","11","0.5273","0.5089","0.4516","0.5502","0.5099","0.4979","0.5020","0.2623","0.1230","0.0175","0.0762","0.1801","0.0746","0.7488","0.0243","0.0037","very_low","low","kbo_pitcher_type_splits","19","kbo-hitter-abilities-v7-cross-role-calibrated","11","11","11","11","11","11","9","11","KBO","low","16.7","좌익수","","","","0","kbo-hitter-abilities-v7-cross-role-calibrated","","","","","","very_low","{""level"":""KBO"",""PA"":20,""reliability"":0.1429,""advanced_match"":false,""contact_components"":{""avgPct"":0.6742957746478874,""kGoodPct"":0.9419014084507042,""wrcPct"":0.5,""babipPct"":0.5},""power_components"":{""isoPct"":0.6161971830985915,""hrPct"":0.18661971830985916,""xbhPct"":0.6179577464788732,""wrcPct"":0.5},""discipline_components"":{""bbPct"":0.07746478873239436,""bbkPct"":0.07746478873239436,""obpGapPct"":0.06866197183098592},""defense"":{""position"":""좌익수"",""innings"":16.7,""SFR"":null},""salary_prior"":null,""salary_support"":0,""cross_role_calibration"":{""reference"":""pitcher_kbo_core_5"",""percentile"":0.4313,""raw_core_average"":11,""target_core_average"":10.2,""calibrated_core_average"":10.2}}"
"2025","53309","KBO-53309","키움 히어로즈","서유신","IF","KBO","0","8","7","0","0","0","10","10","10","10","11","1","11","11","0.4887","0.5014","0.5128","0.4863","0.4782","0.5040","0.4988","0.2450","0.1181","0.0195","0.0939","0.2187","0.0805","0.7488","0.0262","0.0040","very_low","low","kbo_pitcher_type_splits","7","kbo-hitter-abilities-v7-cross-role-calibrated","11","11","11","11","11","11","8","11","KBO","low","20","2루수","","","","0","kbo-hitter-abilities-v7-cross-role-calibrated","","","","","","very_low","{""level"":""KBO"",""PA"":8,""reliability"":0.0625,""advanced_match"":false,""contact_components"":{""avgPct"":0.035211267605633804,""kGoodPct"":0.028169014084507005,""wrcPct"":0.5,""babipPct"":0.5},""power_components"":{""isoPct"":0.11091549295774648,""hrPct"":0.18661971830985916,""xbhPct"":0.11091549295774648,""wrcPct"":0.5},""discipline_components"":{""bbPct"":0.8556338028169014,""bbkPct"":0.34683098591549294,""obpGapPct"":0.9066901408450704},""defense"":{""position"":""2루수"",""innings"":20,""SFR"":null},""salary_prior"":null,""salary_support"":0,""cross_role_calibration"":{""reference"":""pitcher_kbo_core_5"",""percentile"":0.4313,""raw_core_average"":11,""target_core_average"":10.2,""calibrated_core_average"":10.2}}"
"2025","65357","KBO-65357","키움 히어로즈","송성문","IF","KBO","0","646","574","27","6","2","17","19","16","17","18","1","15","11","0.9003","0.8917","0.7637","0.8522","0.7944","0.8007","0.6066","0.3074","0.2012","0.0377","0.1034","0.1550","0.1135","0.8780","0.0268","0.0081","medium","high","kbo_pitcher_type_splits","574","kbo-hitter-abilities-v7-cross-role-calibrated","13","14","14","14","12","14","12","13","KBO","high","1123.3","3루수","30000","team_top_salary","11.13","0","kbo-hitter-abilities-v7-cross-role-calibrated","","","","","","medium","{""level"":""KBO"",""PA"":646,""reliability"":0.8433,""advanced_match"":false,""contact_components"":{""avgPct"":0.920774647887324,""kGoodPct"":0.8362676056338028,""wrcPct"":0.5,""babipPct"":0.5},""power_components"":{""isoPct"":0.9419014084507042,""hrPct"":0.9137323943661971,""xbhPct"":0.9419014084507042,""wrcPct"":0.5},""discipline_components"":{""bbPct"":0.7306338028169014,""bbkPct"":0.8609154929577465,""obpGapPct"":0.5299295774647887},""defense"":{""position"":""3루수"",""innings"":1123.3,""SFR"":null},""salary_prior"":11.125628498537262,""salary_support"":0,""cross_role_calibration"":{""reference"":""pitcher_kbo_core_5"",""percentile"":0.9842,""raw_core_average"":15.4,""target_core_average"":17.4,""calibrated_core_average"":17.4}}"
"2025","54394","KBO-54394","키움 히어로즈","송지후","IF","KBO","0","86","80","1","1","0","7","8","6","7","7","1","11","10","0.3083","0.4102","0.3006","0.5155","0.4191","0.4635","0.4594","0.2234","0.1036","0.0167","0.0653","0.2022","0.0751","0.6807","0.0343","0.0030","low","low","kbo_pitcher_type_splits","80","kbo-hitter-abilities-v7-cross-role-calibrated","13","12","12","12","12","10","7","11","KBO","low","218.3","2루수","","","","0","kbo-hitter-abilities-v7-cross-role-calibrated","2933490","31.9","8.4","0.23","https://www.kbofancystats.com/teams/kiwoomheroes/","low","{""level"":""KBO"",""PA"":86,""reliability"":0.4175,""advanced_match"":true,""contact_components"":{""avgPct"":0.21830985915492956,""kGoodPct"":0.5651408450704225,""wrcPct"":0.17088607594936708,""babipPct"":0.15822784810126583},""power_components"":{""isoPct"":0.46830985915492956,""hrPct"":0.5475352112676056,""xbhPct"":0.4665492957746479,""wrcPct"":0.17088607594936708},""discipline_components"":{""bbPct"":0.19190140845070422,""bbkPct"":0.2147887323943662,""obpGapPct"":0.25528169014084506},""defense"":{""position"":""2루수"",""innings"":218.3,""SFR"":8.4},""salary_prior"":null,""salary_support"":0,""cross_role_calibration"":{""reference"":""pitcher_kbo_core_5"",""percentile"":0.0599,""raw_core_average"":10,""target_core_average"":7,""calibrated_core_average"":7}}"
"2025","55370","KBO-55370","키움 히어로즈","양현종","IF","KBO","0","14","12","0","0","0","8","8","11","9","10","1","11","11","0.4768","0.4943","0.5290","0.4808","0.4678","0.5036","0.4990","0.2430","0.1129","0.0185","0.0977","0.2159","0.0775","0.7488","0.0252","0.0039","very_low","low","kbo_pitcher_type_splits","12","kbo-hitter-abilities-v7-cross-role-calibrated","11","11","11","11","11","11","6","10","KBO","low","31","3루수","","","","0","kbo-hitter-abilities-v7-cross-role-calibrated","2941621","0.7","-2.2","-0.21","https://www.kbofancystats.com/teams/kiwoomheroes/","very_low","{""level"":""KBO"",""PA"":14,""reliability"":0.1045,""advanced_match"":true,""contact_components"":{""avgPct"":0.09859154929577464,""kGoodPct"":0.125,""wrcPct"":0.09071729957805907,""babipPct"":0.08227848101265822},""power_components"":{""isoPct"":0.11091549295774648,""hrPct"":0.18661971830985916,""xbhPct"":0.11091549295774648,""wrcPct"":0.09071729957805907},""discipline_components"":{""bbPct"":0.926056338028169,""bbkPct"":0.5827464788732394,""obpGapPct"":0.926056338028169},""defense"":{""position"":""3루수"",""innings"":31,""SFR"":-2.2},""salary_prior"":null,""salary_support"":0,""cross_role_calibration"":{""reference"":""pitcher_kbo_core_5"",""percentile"":0.2852,""raw_core_average"":10.8,""target_core_average"":9.2,""calibrated_core_average"":9.2}}"
"2025","55392","KBO-55392","키움 히어로즈","어준서","IF","KBO","0","360","324","1","2","0","11","12","12","11","10","1","11","13","0.3426","0.3373","0.4270","0.4848","0.4569","0.2860","0.5927","0.2434","0.0982","0.0176","0.0851","0.2057","0.0334","0.7716","0.0218","0.0013","high","medium","kbo_pitcher_type_splits","324","kbo-hitter-abilities-v7-cross-role-calibrated","8","7","8","7","7","11","7","11","KBO","high","789","유격수","","","","0","kbo-hitter-abilities-v7-cross-role-calibrated","2941623","77.6","-10.2","1.13","https://www.kbofancystats.com/teams/kiwoomheroes/","high","{""level"":""KBO"",""PA"":360,""reliability"":0.75,""advanced_match"":true,""contact_components"":{""avgPct"":0.5123239436619719,""kGoodPct"":0.568661971830986,""wrcPct"":0.47468354430379744,""babipPct"":0.39029535864978904},""power_components"":{""isoPct"":0.522887323943662,""hrPct"":0.6514084507042254,""xbhPct"":0.5193661971830986,""wrcPct"":0.47468354430379744},""discipline_components"":{""bbPct"":0.5616197183098591,""bbkPct"":0.5827464788732394,""obpGapPct"":0.4753521126760563},""defense"":{""position"":""유격수"",""innings"":789,""SFR"":-10.2},""salary_prior"":null,""salary_support"":0,""cross_role_calibration"":{""reference"":""pitcher_kbo_core_5"",""percentile"":0.5687,""raw_core_average"":11.2,""target_core_average"":11.2,""calibrated_core_average"":11.2}}"
"2025","55393","KBO-55393","키움 히어로즈","여동욱","IF","KBO","0","61","53","0","1","0","6","10","10","6","7","1","10","10","0.3359","0.5934","0.6034","0.3466","0.3696","0.4617","0.4801","0.2171","0.1284","0.0255","0.1003","0.2523","0.0662","0.7488","0.0377","0.0033","low","low","kbo_pitcher_type_splits","53","kbo-hitter-abilities-v7-cross-role-calibrated","11","11","10","10","10","10","6","11","KBO","low","97","3루수","","","","0","kbo-hitter-abilities-v7-cross-role-calibrated","2941624","40.6","-7.3","-0.45","https://www.kbofancystats.com/teams/kiwoomheroes/","low","{""level"":""KBO"",""PA"":61,""reliability"":0.337,""advanced_match"":true,""contact_components"":{""avgPct"":0.13556338028169015,""kGoodPct"":0.1338028169014085,""wrcPct"":0.21729957805907174,""babipPct"":0.10337552742616034},""power_components"":{""isoPct"":0.7341549295774648,""hrPct"":0.8538732394366197,""xbhPct"":0.7341549295774648,""wrcPct"":0.21729957805907174},""discipline_components"":{""bbPct"":0.7693661971830986,""bbkPct"":0.4841549295774648,""obpGapPct"":0.8186619718309859},""defense"":{""position"":""3루수"",""innings"":97,""SFR"":-7.3},""salary_prior"":null,""salary_support"":0,""cross_role_calibration"":{""reference"":""pitcher_kbo_core_5"",""percentile"":0.1479,""raw_core_average"":10.4,""target_core_average"":7.8,""calibrated_core_average"":7.8}}"
"2025","55339","KBO-55339","키움 히어로즈","염승원","IF","KBO","0","21","19","0","0","0","9","8","8","9","9","1","11","11","0.4947","0.4742","0.4786","0.4811","0.4845","0.4979","0.5020","0.2539","0.1062","0.0174","0.0838","0.2117","0.0746","0.7488","0.0243","0.0037","very_low","low","kbo_pitcher_type_splits","19","kbo-hitter-abilities-v7-cross-role-calibrated","11","11","11","11","11","11","6","11","KBO","low","27","2루수","","","","0","kbo-hitter-abilities-v7-cross-role-calibrated","2954625","26","1","-0.01","https://www.kbofancystats.com/teams/kiwoomheroes/","very_low","{""level"":""KBO"",""PA"":21,""reliability"":0.1489,""advanced_match"":true,""contact_components"":{""avgPct"":0.38028169014084506,""kGoodPct"":0.278169014084507,""wrcPct"":0.1540084388185654,""babipPct"":0.37130801687763715},""power_components"":{""isoPct"":0.11091549295774648,""hrPct"":0.18661971830985916,""xbhPct"":0.11091549295774648,""wrcPct"":0.1540084388185654},""discipline_components"":{""bbPct"":0.24119718309859156,""bbkPct"":0.2147887323943662,""obpGapPct"":0.16725352112676056},""defense"":{""position"":""2루수"",""innings"":27,""SFR"":1},""salary_prior"":null,""salary_support"":0,""cross_role_calibration"":{""reference"":""pitcher_kbo_core_5"",""percentile"":0.2113,""raw_core_average"":10.6,""target_core_average"":8.6,""calibrated_core_average"":8.6}}"
"2025","78756","KBO-78756","키움 히어로즈","오선진","IF","KBO","0","163","143","0","1","0","9","9","9","8","8","1","9","10","0.4264","0.3223","0.3723","0.2610","0.4097","0.3119","0.5361","0.2478","0.0973","0.0118","0.0804","0.2457","0.0419","0.7488","0.0238","0.0021","medium","medium","kbo_pitcher_type_splits","143","kbo-hitter-abilities-v7-cross-role-calibrated","8","10","7","12","9","10","12","10","KBO","medium","447","유격수","","","","0","kbo-hitter-abilities-v7-cross-role-calibrated","10351","73","-10.2","0.05","https://www.kbofancystats.com/teams/kiwoomheroes/","medium","{""level"":""KBO"",""PA"":163,""reliability"":0.576,""advanced_match"":true,""contact_components"":{""avgPct"":0.5123239436619719,""kGoodPct"":0.3151408450704225,""wrcPct"":0.4240506329113924,""babipPct"":0.7236286919831224},""power_components"":{""isoPct"":0.4735915492957746,""hrPct"":0.43485915492957744,""xbhPct"":0.4735915492957746,""wrcPct"":0.4240506329113924},""discipline_components"":{""bbPct"":0.45598591549295775,""bbkPct"":0.3714788732394366,""obpGapPct"":0.5017605633802817},""defense"":{""position"":""유격수"",""innings"":447,""SFR"":-10.2},""salary_prior"":null,""salary_support"":0,""cross_role_calibration"":{""reference"":""pitcher_kbo_core_5"",""percentile"":0.2113,""raw_core_average"":10.6,""target_core_average"":8.6,""calibrated_core_average"":8.6}}"
"2025","54307","KBO-54307","키움 히어로즈","원성준","OF","KBO","0","53","46","0","0","0","10","13","13","10","10","1","10","11","0.3918","0.6012","0.6140","0.3652","0.4220","0.4627","0.5164","0.2343","0.1345","0.0268","0.1055","0.2459","0.0652","0.7488","0.0212","0.0033","low","low","kbo_pitcher_type_splits","46","kbo-hitter-abilities-v7-cross-role-calibrated","11","11","10","12","11","11","8","11","KBO","low","83","좌익수","","","","0","kbo-hitter-abilities-v7-cross-role-calibrated","","","","","","low","{""level"":""KBO"",""PA"":53,""reliability"":0.3064,""advanced_match"":false,""contact_components"":{""avgPct"":0.2130281690140845,""kGoodPct"":0.1390845070422535,""wrcPct"":0.5,""babipPct"":0.5},""power_components"":{""isoPct"":0.8257042253521126,""hrPct"":0.8855633802816901,""xbhPct"":0.8257042253521126,""wrcPct"":0.5},""discipline_components"":{""bbPct"":0.8855633802816901,""bbkPct"":0.5651408450704225,""obpGapPct"":0.852112676056338},""defense"":{""position"":""좌익수"",""innings"":83,""SFR"":null},""salary_prior"":null,""salary_support"":0,""cross_role_calibration"":{""reference"":""pitcher_kbo_core_5"",""percentile"":0.5687,""raw_core_average"":11.2,""target_core_average"":11.2,""calibrated_core_average"":11.2}}"
"2025","74163","KBO-74163","키움 히어로즈","이용규","OF","KBO","0","41","37","1","0","0","9","8","9","10","10","1","11","12","0.4738","0.4331","0.4800","0.5353","0.4781","0.5190","0.5259","0.2497","0.0996","0.0149","0.0861","0.1959","0.0837","0.7716","0.0219","0.0034","low","low","kbo_pitcher_type_splits","37","kbo-hitter-abilities-v7-cross-role-calibrated","11","11","10","10","11","11","12","11","KBO","low","63","중견수","20000","team_top_salary","10.39","0","kbo-hitter-abilities-v7-cross-role-calibrated","","","","","","low","{""level"":""KBO"",""PA"":41,""reliability"":0.2547,""advanced_match"":false,""contact_components"":{""avgPct"":0.397887323943662,""kGoodPct"":0.6285211267605634,""wrcPct"":0.5,""babipPct"":0.5},""power_components"":{""isoPct"":0.23767605633802816,""hrPct"":0.18661971830985916,""xbhPct"":0.23415492957746478,""wrcPct"":0.5},""discipline_components"":{""bbPct"":0.4524647887323944,""bbkPct"":0.5369718309859155,""obpGapPct"":0.3961267605633803},""defense"":{""position"":""중견수"",""innings"":63,""SFR"":null},""salary_prior"":10.394425372635817,""salary_support"":0,""cross_role_calibration"":{""reference"":""pitcher_kbo_core_5"",""percentile"":0.2852,""raw_core_average"":10.8,""target_core_average"":9.2,""calibrated_core_average"":9.2}}"
"2025","75566","KBO-75566","키움 히어로즈","이원석","IF","KBO","0","8","7","0","0","0","10","10","10","10","11","1","11","11","0.4995","0.5014","0.5128","0.5046","0.5003","0.5045","0.4985","0.2543","0.1181","0.0195","0.0939","0.2001","0.0789","0.7488","0.0257","0.0040","very_low","low","kbo_pitcher_type_splits","7","kbo-hitter-abilities-v7-cross-role-calibrated","11","11","11","11","11","11","12","11","KBO","low","2","1루수","30000","team_top_salary","11.13","0","kbo-hitter-abilities-v7-cross-role-calibrated","","","","","","very_low","{""level"":""KBO"",""PA"":8,""reliability"":0.0625,""advanced_match"":false,""contact_components"":{""avgPct"":0.15316901408450703,""kGoodPct"":0.41021126760563376,""wrcPct"":0.5,""babipPct"":0.5},""power_components"":{""isoPct"":0.11091549295774648,""hrPct"":0.18661971830985916,""xbhPct"":0.11091549295774648,""wrcPct"":0.5},""discipline_components"":{""bbPct"":0.8556338028169014,""bbkPct"":0.7165492957746479,""obpGapPct"":0.846830985915493},""defense"":{""position"":""1루수"",""innings"":2,""SFR"":null},""salary_prior"":11.125628498537262,""salary_support"":0,""cross_role_calibration"":{""reference"":""pitcher_kbo_core_5"",""percentile"":0.4313,""raw_core_average"":11,""target_core_average"":10.2,""calibrated_core_average"":10.2}}"
"2025","54305","KBO-54305","키움 히어로즈","이재상","IF","KBO","0","2","2","0","0","0","10","10","10","10","11","1","11","11","0.5046","0.5030","0.5011","0.5008","0.5029","0.5027","0.4988","0.2668","0.1239","0.0206","0.0896","0.2021","0.0805","0.7488","0.0262","0.0040","very_low","low","kbo_pitcher_type_splits","2","kbo-hitter-abilities-v7-cross-role-calibrated","11","11","11","11","11","11","7","11","KBO","low","4","유격수","","","","0","kbo-hitter-abilities-v7-cross-role-calibrated","","","","","","very_low","{""level"":""KBO"",""PA"":2,""reliability"":0.0164,""advanced_match"":false,""contact_components"":{""avgPct"":0.9859154929577465,""kGoodPct"":0.028169014084507005,""wrcPct"":0.5,""babipPct"":0.5},""power_components"":{""isoPct"":0.11091549295774648,""hrPct"":0.18661971830985916,""xbhPct"":0.11091549295774648,""wrcPct"":0.5},""discipline_components"":{""bbPct"":0.07746478873239436,""bbkPct"":0.07746478873239436,""obpGapPct"":0.06866197183098592},""defense"":{""position"":""3루수"",""innings"":4,""SFR"":null},""salary_prior"":null,""salary_support"":0,""cross_role_calibration"":{""reference"":""pitcher_kbo_core_5"",""percentile"":0.4313,""raw_core_average"":11,""target_core_average"":10.2,""calibrated_core_average"":10.2}}"
"2025","50167","KBO-50167","키움 히어로즈","이주형","OF","KBO","0","514","446","16","2","2","11","15","11","11","12","1","14","12","0.3375","0.6887","0.2421","0.3364","0.4698","0.6045","0.7130","0.2440","0.1275","0.0213","0.0752","0.2192","0.0953","0.8649","0.0158","0.0105","high","high","kbo_pitcher_type_splits","446","kbo-hitter-abilities-v7-cross-role-calibrated","15","14","9","13","12","11","10","13","KBO","high","967","중견수","","","","0","kbo-hitter-abilities-v7-cross-role-calibrated","1652078","99.6","5.1","3.67","https://www.kbofancystats.com/teams/kiwoomheroes/","high","{""level"":""KBO"",""PA"":514,""reliability"":0.8107,""advanced_match"":true,""contact_components"":{""avgPct"":0.5264084507042254,""kGoodPct"":0.5123239436619718,""wrcPct"":0.6497890295358649,""babipPct"":0.48523206751054854},""power_components"":{""isoPct"":0.7200704225352113,""hrPct"":0.7306338028169014,""xbhPct"":0.7200704225352113,""wrcPct"":0.6497890295358649},""discipline_components"":{""bbPct"":0.43838028169014087,""bbkPct"":0.45422535211267606,""obpGapPct"":0.7975352112676056},""defense"":{""position"":""중견수"",""innings"":967,""SFR"":5.1},""salary_prior"":null,""salary_support"":0,""cross_role_calibration"":{""reference"":""pitcher_kbo_core_5"",""percentile"":0.6972,""raw_core_average"":11.8,""target_core_average"":12,""calibrated_core_average"":12}}"
"2025","51302","KBO-51302","키움 히어로즈","이주형","IF","KBO","0","17","16","0","0","0","9","8","9","10","10","1","11","11","0.5347","0.4833","0.4944","0.4650","0.5127","0.4969","0.5033","0.2691","0.1090","0.0180","0.0867","0.2275","0.0733","0.7488","0.0239","0.0037","very_low","low","kbo_pitcher_type_splits","16","kbo-hitter-abilities-v7-cross-role-calibrated","11","11","11","11","11","11","8","10","KBO","low","2","1루수","","","","0","kbo-hitter-abilities-v7-cross-role-calibrated","1662269","90.8","","0.07","https://www.kbofancystats.com/teams/kiwoomheroes/","very_low","{""level"":""KBO"",""PA"":17,""reliability"":0.1241,""advanced_match"":true,""contact_components"":{""avgPct"":0.9066901408450704,""kGoodPct"":0.07570422535211263,""wrcPct"":0.569620253164557,""babipPct"":0.9852320675105485},""power_components"":{""isoPct"":0.11091549295774648,""hrPct"":0.18661971830985916,""xbhPct"":0.11091549295774648,""wrcPct"":0.569620253164557},""discipline_components"":{""bbPct"":0.33098591549295775,""bbkPct"":0.18838028169014084,""obpGapPct"":0.2112676056338028},""defense"":{""position"":""1루수"",""innings"":2,""SFR"":null},""salary_prior"":null,""salary_support"":0,""cross_role_calibration"":{""reference"":""pitcher_kbo_core_5"",""percentile"":0.2852,""raw_core_average"":10.8,""target_core_average"":9.2,""calibrated_core_average"":9.2}}"
"2025","78135","KBO-78135","키움 히어로즈","이형종","OF","KBO","0","82","70","1","0","0","9","11","13","9","9","1","11","12","0.3688","0.5989","0.6214","0.3818","0.4178","0.4530","0.5472","0.2365","0.1273","0.0225","0.0997","0.2287","0.0709","0.7716","0.0186","0.0029","low","low","kbo_pitcher_type_splits","70","kbo-hitter-abilities-v7-cross-role-calibrated","11","12","11","12","11","12","13","11","KBO","low","144","좌익수","60000","team_top_salary","12.38","0","kbo-hitter-abilities-v7-cross-role-calibrated","10302","75","0","0.18","https://www.kbofancystats.com/teams/kiwoomheroes/","low","{""level"":""KBO"",""PA"":82,""reliability"":0.4059,""advanced_match"":true,""contact_components"":{""avgPct"":0.31866197183098594,""kGoodPct"":0.3327464788732394,""wrcPct"":0.43670886075949367,""babipPct"":0.2848101265822785},""power_components"":{""isoPct"":0.7235915492957746,""hrPct"":0.7746478873239436,""xbhPct"":0.7235915492957746,""wrcPct"":0.43670886075949367},""discipline_components"":{""bbPct"":0.7552816901408451,""bbkPct"":0.6038732394366197,""obpGapPct"":0.8098591549295775},""defense"":{""position"":""좌익수"",""innings"":144,""SFR"":0},""salary_prior"":12.375628498537262,""salary_support"":0,""cross_role_calibration"":{""reference"":""pitcher_kbo_core_5"",""percentile"":0.4313,""raw_core_average"":11,""target_core_average"":10.2,""calibrated_core_average"":10.2}}"
"2025","64346","KBO-64346","키움 히어로즈","임병욱","OF","KBO","0","140","133","1","1","0","9","10","6","9","9","1","12","12","0.4065","0.5240","0.2278","0.3881","0.4727","0.5222","0.4967","0.2456","0.1229","0.0171","0.0589","0.2192","0.0608","0.7716","0.0278","0.0024","medium","medium","kbo_pitcher_type_splits","133","kbo-hitter-abilities-v7-cross-role-calibrated","11","11","9","9","10","10","10","12","KBO","medium","260","우익수","","","","0","kbo-hitter-abilities-v7-cross-role-calibrated","973450","65.1","-1.9","0.13","https://www.kbofancystats.com/teams/kiwoomheroes/","medium","{""level"":""KBO"",""PA"":140,""reliability"":0.5385,""advanced_match"":true,""contact_components"":{""avgPct"":0.477112676056338,""kGoodPct"":0.4630281690140845,""wrcPct"":0.3438818565400844,""babipPct"":0.4050632911392405},""power_components"":{""isoPct"":0.6795774647887324,""hrPct"":0.6091549295774648,""xbhPct"":0.6813380281690141,""wrcPct"":0.3438818565400844},""discipline_components"":{""bbPct"":0.1954225352112676,""bbkPct"":0.19718309859154928,""obpGapPct"":0.1619718309859155},""defense"":{""position"":""우익수"",""innings"":260,""SFR"":-1.9},""salary_prior"":null,""salary_support"":0,""cross_role_calibration"":{""reference"":""pitcher_kbo_core_5"",""percentile"":0.2113,""raw_core_average"":10.6,""target_core_average"":8.6,""calibrated_core_average"":8.6}}"
"2025","64340","KBO-64340","키움 히어로즈","임지열","OF","KBO","0","417","369","19","3","0","11","15","13","9","11","1","14","12","0.3989","0.7449","0.7031","0.1691","0.4121","0.7759","0.4297","0.2478","0.1357","0.0253","0.0989","0.2526","0.1336","0.7065","0.0251","0.0012","high","high","kbo_pitcher_type_splits","369","kbo-hitter-abilities-v7-cross-role-calibrated","16","13","16","10","14","12","12","12","KBO","high","743.7","좌익수","","","","0","kbo-hitter-abilities-v7-cross-role-calibrated","973449","96.2","23.1","3.03","https://www.kbofancystats.com/teams/kiwoomheroes/","high","{""level"":""KBO"",""PA"":417,""reliability"":0.7765,""advanced_match"":true,""contact_components"":{""avgPct"":0.5545774647887324,""kGoodPct"":0.33978873239436624,""wrcPct"":0.6139240506329114,""babipPct"":0.5611814345991561},""power_components"":{""isoPct"":0.7676056338028169,""hrPct"":0.7975352112676056,""xbhPct"":0.7693661971830986,""wrcPct"":0.6139240506329114},""discipline_components"":{""bbPct"":0.7024647887323944,""bbkPct"":0.5475352112676056,""obpGapPct"":0.6091549295774648},""defense"":{""position"":""좌익수"",""innings"":743.7,""SFR"":23.1},""salary_prior"":null,""salary_support"":0,""cross_role_calibration"":{""reference"":""pitcher_kbo_core_5"",""percentile"":0.6585,""raw_core_average"":11.6,""target_core_average"":11.8,""calibrated_core_average"":11.8}}"
"2025","55397","KBO-55397","키움 히어로즈","전태현","IF","KBO","0","207","182","4","1","0","7","5","9","7","7","1","12","13","0.3489","0.1878","0.6223","0.2139","0.4062","0.3988","0.6354","0.2419","0.0626","0.0069","0.0949","0.2561","0.0724","0.8205","0.0209","0.0018","medium","medium","kbo_pitcher_type_splits","182","kbo-hitter-abilities-v7-cross-role-calibrated","9","9","9","10","9","11","7","10","KBO","medium","373","2루수","","","","0","kbo-hitter-abilities-v7-cross-role-calibrated","2941627","61.1","-14.2","-0.38","https://www.kbofancystats.com/teams/kiwoomheroes/","medium","{""level"":""KBO"",""PA"":207,""reliability"":0.633,""advanced_match"":true,""contact_components"":{""avgPct"":0.4595070422535211,""kGoodPct"":0.2869718309859155,""wrcPct"":0.3143459915611814,""babipPct"":0.7130801687763713},""power_components"":{""isoPct"":0.23767605633802816,""hrPct"":0.18661971830985916,""xbhPct"":0.24119718309859156,""wrcPct"":0.3143459915611814},""discipline_components"":{""bbPct"":0.6778169014084507,""bbkPct"":0.5017605633802817,""obpGapPct"":0.5440140845070423},""defense"":{""position"":""2루수"",""innings"":373,""SFR"":-14.2},""salary_prior"":null,""salary_support"":0,""cross_role_calibration"":{""reference"":""pitcher_kbo_core_5"",""percentile"":0.0599,""raw_core_average"":10,""target_core_average"":7,""calibrated_core_average"":7}}"
"2025","69332","KBO-69332","키움 히어로즈","주성원","OF","KBO","0","174","156","4","3","0","9","7","9","7","7","1","12","12","0.5075","0.2593","0.3759","0.2932","0.4879","0.4380","0.5250","0.2547","0.0845","0.0113","0.0808","0.2358","0.0772","0.8205","0.0413","0.0020","medium","medium","kbo_pitcher_type_splits","156","kbo-hitter-abilities-v7-cross-role-calibrated","13","11","12","9","12","11","8","11","KBO","medium","289.3","우익수","","","","0","kbo-hitter-abilities-v7-cross-role-calibrated","1631635","80.9","14.5","1.22","https://www.kbofancystats.com/teams/kiwoomheroes/","medium","{""level"":""KBO"",""PA"":174,""reliability"":0.5918,""advanced_match"":true,""contact_components"":{""avgPct"":0.5950704225352113,""kGoodPct"":0.35035211267605637,""wrcPct"":0.5,""babipPct"":0.7679324894514767},""power_components"":{""isoPct"":0.3397887323943662,""hrPct"":0.43133802816901406,""xbhPct"":0.3397887323943662,""wrcPct"":0.5},""discipline_components"":{""bbPct"":0.4735915492957746,""bbkPct"":0.3996478873239437,""obpGapPct"":0.5299295774647887},""defense"":{""position"":""우익수"",""innings"":289.3,""SFR"":14.5},""salary_prior"":null,""salary_support"":0,""cross_role_calibration"":{""reference"":""pitcher_kbo_core_5"",""percentile"":0.1479,""raw_core_average"":10.4,""target_core_average"":7.8,""calibrated_core_average"":7.8}}"
"2025","76267","KBO-76267","키움 히어로즈","최주환","IF","KBO","0","506","459","0","6","0","15","17","12","16","15","1","9","9","0.7501","0.7784","0.2280","0.8719","0.6532","0.1792","0.4733","0.2723","0.1460","0.0233","0.0745","0.1413","0.0200","0.7488","0.0358","0.0010","high","high","kbo_pitcher_type_splits","459","kbo-hitter-abilities-v7-cross-role-calibrated","10","11","11","11","11","12","14","11","KBO","high","819.3","1루수","30000","team_top_salary","11.13","0","kbo-hitter-abilities-v7-cross-role-calibrated","10139","107.6","-1","2.56","https://www.kbofancystats.com/teams/kiwoomheroes/","high","{""level"":""KBO"",""PA"":506,""reliability"":0.8083,""advanced_match"":true,""contact_components"":{""avgPct"":0.7605633802816901,""kGoodPct"":0.8855633802816901,""wrcPct"":0.740506329113924,""babipPct"":0.4177215189873418},""power_components"":{""isoPct"":0.8045774647887324,""hrPct"":0.7623239436619719,""xbhPct"":0.8045774647887324,""wrcPct"":0.740506329113924},""discipline_components"":{""bbPct"":0.42077464788732394,""bbkPct"":0.7658450704225352,""obpGapPct"":0.3397887323943662},""defense"":{""position"":""1루수"",""innings"":819.3,""SFR"":-1},""salary_prior"":11.125628498537262,""salary_support"":0,""cross_role_calibration"":{""reference"":""pitcher_kbo_core_5"",""percentile"":0.912,""raw_core_average"":13.8,""target_core_average"":15,""calibrated_core_average"":15}}"
"2025","54444","KBO-54444","키움 히어로즈","카디네스","OF","KBO","0","361","320","3","4","0","13","14","12","12","12","1","11","10","0.5148","0.5565","0.5262","0.6806","0.5248","0.3249","0.4182","0.2553","0.1206","0.0197","0.0892","0.1879","0.0439","0.6529","0.0329","0.0013","medium","high","kbo_pitcher_type_splits","320","kbo-hitter-abilities-v7-cross-role-calibrated","13","11","14","8","11","12","10","11","KBO","medium","393","우익수","","","","0","kbo-hitter-abilities-v7-cross-role-calibrated","","","","","","medium","{""level"":""KBO"",""PA"":361,""reliability"":0.7505,""advanced_match"":false,""contact_components"":{""avgPct"":0.6109154929577465,""kGoodPct"":0.6742957746478873,""wrcPct"":0.5,""babipPct"":0.5},""power_components"":{""isoPct"":0.6742957746478874,""hrPct"":0.6919014084507042,""xbhPct"":0.6742957746478874,""wrcPct"":0.5},""discipline_components"":{""bbPct"":0.596830985915493,""bbkPct"":0.6778169014084507,""obpGapPct"":0.5897887323943662},""defense"":{""position"":""우익수"",""innings"":393,""SFR"":null},""salary_prior"":null,""salary_support"":0,""cross_role_calibration"":{""reference"":""pitcher_kbo_core_5"",""percentile"":0.7518,""raw_core_average"":12.2,""target_core_average"":12.6,""calibrated_core_average"":12.6}}"
"2025","52769","KBO-52769","한화 이글스","권광민","IF","KBO","0","18","18","0","0","0","7","9","7","7","9","1","11","11","0.4799","0.4948","0.4597","0.4895","0.4881","0.5011","0.4990","0.2476","0.1156","0.0178","0.0775","0.2086","0.0775","0.7488","0.0252","0.0039","very_low","low","kbo_pitcher_type_splits","18","kbo-hitter-abilities-v7-cross-role-calibrated","11","11","11","11","11","10","9","11","KBO","low","24.3","1루수","","","","0","kbo-hitter-abilities-v7-cross-role-calibrated","1672599","3.6","-0.6","-0.14","https://www.kbofancystats.com/teams/hanwhaeagles/","very_low","{""level"":""KBO"",""PA"":18,""reliability"":0.1304,""advanced_match"":true,""contact_components"":{""avgPct"":0.1936619718309859,""kGoodPct"":0.30809859154929575,""wrcPct"":0.0949367088607595,""babipPct"":0.20042194092827004},""power_components"":{""isoPct"":0.32922535211267606,""hrPct"":0.18661971830985916,""xbhPct"":0.32922535211267606,""wrcPct"":0.0949367088607595},""discipline_components"":{""bbPct"":0.07746478873239436,""bbkPct"":0.07746478873239436,""obpGapPct"":0.06866197183098592},""defense"":{""position"":""1루수"",""innings"":24.3,""SFR"":-0.6},""salary_prior"":null,""salary_support"":0,""cross_role_calibration"":{""reference"":""pitcher_kbo_core_5"",""percentile"":0.1479,""raw_core_average"":10.4,""target_core_average"":7.8,""calibrated_core_average"":7.8}}"
"2025","66715","KBO-66715","한화 이글스","김인환","IF","KBO","0","26","25","0","1","0","7","10","7","7","8","1","10","11","0.4158","0.5434","0.4582","0.4510","0.4333","0.4989","0.4939","0.2257","0.1251","0.0246","0.0805","0.2271","0.0789","0.7488","0.0449","0.0040","very_low","low","kbo_pitcher_type_splits","25","kbo-hitter-abilities-v7-cross-role-calibrated","11","11","12","10","11","10","10","11","KBO","low","34.3","1루수","","","","0","kbo-hitter-abilities-v7-cross-role-calibrated","","","","","","very_low","{""level"":""KBO"",""PA"":26,""reliability"":0.1781,""advanced_match"":false,""contact_components"":{""avgPct"":0.08626760563380281,""kGoodPct"":0.12852112676056338,""wrcPct"":0.5,""babipPct"":0.5},""power_components"":{""isoPct"":0.6813380281690141,""hrPct"":0.8943661971830986,""xbhPct"":0.6778169014084507,""wrcPct"":0.5},""discipline_components"":{""bbPct"":0.20774647887323944,""bbkPct"":0.16725352112676056,""obpGapPct"":0.1954225352112676},""defense"":{""position"":""1루수"",""innings"":34.3,""SFR"":null},""salary_prior"":null,""salary_support"":0,""cross_role_calibration"":{""reference"":""pitcher_kbo_core_5"",""percentile"":0.1479,""raw_core_average"":10.4,""target_core_average"":7.8,""calibrated_core_average"":7.8}}"
"2025","66704","KBO-66704","한화 이글스","김태연","OF","KBO","0","340","303","8","2","0","14","11","10","12","12","1","12","11","0.6125","0.2474","0.2320","0.6891","0.5613","0.4071","0.4976","0.2611","0.0909","0.0116","0.0731","0.1855","0.0771","0.6938","0.0212","0.0013","high","high","kbo_pitcher_type_splits","303","kbo-hitter-abilities-v7-cross-role-calibrated","7","8","10","9","7","11","10","11","KBO","high","671","1루수","","","","0","kbo-hitter-abilities-v7-cross-role-calibrated","1218057","87.2","-17.9","0.15","https://www.kbofancystats.com/teams/hanwhaeagles/","high","{""level"":""KBO"",""PA"":340,""reliability"":0.7391,""advanced_match"":true,""contact_components"":{""avgPct"":0.6566901408450704,""kGoodPct"":0.6848591549295775,""wrcPct"":0.5295358649789029,""babipPct"":0.580168776371308},""power_components"":{""isoPct"":0.4841549295774648,""hrPct"":0.4876760563380282,""xbhPct"":0.4841549295774648,""wrcPct"":0.5295358649789029},""discipline_components"":{""bbPct"":0.3926056338028169,""bbkPct"":0.5299295774647887,""obpGapPct"":0.4859154929577465},""defense"":{""position"":""1루수"",""innings"":671,""SFR"":-17.9},""salary_prior"":null,""salary_support"":0,""cross_role_calibration"":{""reference"":""pitcher_kbo_core_5"",""percentile"":0.6585,""raw_core_average"":11.6,""target_core_average"":11.8,""calibrated_core_average"":11.8}}"
"2025","69737","KBO-69737","한화 이글스","노시환","IF","KBO","0","624","539","19","9","1","15","19","17","14","16","1","14","10","0.6114","0.9092","0.8171","0.5652","0.5363","0.6864","0.2817","0.2601","0.2201","0.0471","0.1093","0.1997","0.0967","0.7410","0.0432","0.0050","high","high","kbo_pitcher_type_splits","539","kbo-hitter-abilities-v7-cross-role-calibrated","11","9","9","11","12","13","10","13","KBO","high","1262.3","3루수","33000","team_top_salary","11.30","0","kbo-hitter-abilities-v7-cross-role-calibrated","1631577","132.5","6.3","6.72","https://www.kbofancystats.com/teams/hanwhaeagles/","high","{""level"":""KBO"",""PA"":624,""reliability"":0.8387,""advanced_match"":true,""contact_components"":{""avgPct"":0.6514084507042254,""kGoodPct"":0.5827464788732395,""wrcPct"":0.8924050632911392,""babipPct"":0.3459915611814346},""power_components"":{""isoPct"":0.9559859154929577,""hrPct"":0.9454225352112676,""xbhPct"":0.9559859154929577,""wrcPct"":0.8924050632911392},""discipline_components"":{""bbPct"":0.7623239436619719,""bbkPct"":0.7764084507042254,""obpGapPct"":0.7658450704225352},""defense"":{""position"":""3루수"",""innings"":1262.3,""SFR"":6.3},""salary_prior"":11.29750790322468,""salary_support"":0,""cross_role_calibration"":{""reference"":""pitcher_kbo_core_5"",""percentile"":0.9472,""raw_core_average"":14.2,""target_core_average"":16.2,""calibrated_core_average"":16.2}}"
"2025","55703","KBO-55703","한화 이글스","리베라토","OF","KBO","0","273","246","1","3","0","15","17","13","15","15","1","12","12","0.8167","0.8166","0.4549","0.7358","0.7083","0.3929","0.4944","0.2983","0.1868","0.0324","0.0862","0.1786","0.0365","0.7716","0.0310","0.0015","medium","medium","kbo_pitcher_type_splits","246","kbo-hitter-abilities-v7-cross-role-calibrated","12","10","14","9","11","13","11","12","KBO","medium","479","중견수","","","","0","kbo-hitter-abilities-v7-cross-role-calibrated","","","","","","medium","{""level"":""KBO"",""PA"":273,""reliability"":0.6947,""advanced_match"":false,""contact_components"":{""avgPct"":0.9066901408450704,""kGoodPct"":0.7623239436619719,""wrcPct"":0.5,""babipPct"":0.5},""power_components"":{""isoPct"":0.9383802816901409,""hrPct"":0.875,""xbhPct"":0.9383802816901409,""wrcPct"":0.5},""discipline_components"":{""bbPct"":0.5721830985915493,""bbkPct"":0.6883802816901409,""obpGapPct"":0.31338028169014087},""defense"":{""position"":""중견수"",""innings"":479,""SFR"":null},""salary_prior"":null,""salary_support"":0,""cross_role_calibration"":{""reference"":""pitcher_kbo_core_5"",""percentile"":0.912,""raw_core_average"":13.8,""target_core_average"":15,""calibrated_core_average"":15}}"
"2025","53764","KBO-53764","한화 이글스","문현빈","IF","KBO","0","592","528","23","4","2","18","15","11","17","17","1","14","11","0.9011","0.6889","0.1551","0.8660","0.8112","0.7144","0.4330","0.3108","0.1316","0.0204","0.0681","0.1468","0.1063","0.7420","0.0209","0.0086","high","high","kbo_pitcher_type_splits","528","kbo-hitter-abilities-v7-cross-role-calibrated","8","8","14","7","9","12","9","13","KBO","high","892.3","좌익수","","","","0","kbo-hitter-abilities-v7-cross-role-calibrated","2238572","124.4","-9.7","4.11","https://www.kbofancystats.com/teams/hanwhaeagles/","high","{""level"":""KBO"",""PA"":592,""reliability"":0.8315,""advanced_match"":true,""contact_components"":{""avgPct"":0.9313380281690141,""kGoodPct"":0.8644366197183099,""wrcPct"":0.8459915611814346,""babipPct"":0.8354430379746836},""power_components"":{""isoPct"":0.7482394366197183,""hrPct"":0.7112676056338029,""xbhPct"":0.7411971830985915,""wrcPct"":0.8459915611814346},""discipline_components"":{""bbPct"":0.3609154929577465,""bbkPct"":0.6637323943661971,""obpGapPct"":0.28169014084507044},""defense"":{""position"":""좌익수"",""innings"":892.3,""SFR"":-9.7},""salary_prior"":null,""salary_support"":0,""cross_role_calibration"":{""reference"":""pitcher_kbo_core_5"",""percentile"":0.9296,""raw_core_average"":14,""target_core_average"":15.51,""calibrated_core_average"":15.6}}"
"2025","66707","KBO-66707","한화 이글스","박상언","C","FUTURES","-2","182","157","2","","","11","13","11","11","11","1","9","9","0.4756","0.6440","0.6009","0.4249","0.4553","0.4313","0.4652","0.2881","0.1652","0.0219","0.1239","0.1745","0.0539","0.6631","","","medium","medium","futures_contact_k_proxy","0","kbo-hitter-abilities-v7-cross-role-calibrated","9","9","9","9","9","9","8","10","POSITION_PRIOR","very_low","0","포수","","","","0","kbo-hitter-abilities-v7-cross-role-calibrated","","","","","","medium","{""level"":""FUTURES"",""PA"":182,""reliability"":0.5028,""advanced_match"":false,""contact_components"":{""avgPct"":0.6935483870967742,""kGoodPct"":0.5,""wrcPct"":0.5,""babipPct"":0.5},""power_components"":{""isoPct"":0.7580645161290323,""hrPct"":0.5967741935483871,""xbhPct"":0.7580645161290323,""wrcPct"":0.5},""discipline_components"":{""bbPct"":0.6290322580645161,""bbkPct"":0.6290322580645161,""obpGapPct"":0.43548387096774194},""defense"":{""position"":"""",""innings"":0,""SFR"":null},""salary_prior"":null,""salary_support"":0,""cross_role_calibration"":{""reference"":""pitcher_futures_core_5"",""percentile"":0.8387,""raw_core_average"":9.2,""target_core_average"":11.48,""calibrated_core_average"":11.4}}"
"2025","50709","KBO-50709","한화 이글스","박정현","IF","KBO","0","2","2","0","0","0","10","10","10","10","11","1","11","11","0.5010","0.5030","0.5011","0.5008","0.4983","0.5013","0.5000","0.2570","0.1239","0.0206","0.0896","0.2021","0.0821","0.7488","0.0267","0.0041","very_low","low","kbo_pitcher_type_splits","2","kbo-hitter-abilities-v7-cross-role-calibrated","11","11","11","11","11","11","8","11","KBO","low","1","3루수","","","","0","kbo-hitter-abilities-v7-cross-role-calibrated","1652364","-105.5","","-0.04","https://www.kbofancystats.com/teams/hanwhaeagles/","very_low","{""level"":""KBO"",""PA"":2,""reliability"":0.0164,""advanced_match"":true,""contact_components"":{""avgPct"":0.035211267605633804,""kGoodPct"":0.028169014084507005,""wrcPct"":0.0189873417721519,""babipPct"":0.02109704641350211},""power_components"":{""isoPct"":0.11091549295774648,""hrPct"":0.18661971830985916,""xbhPct"":0.11091549295774648,""wrcPct"":0.0189873417721519},""discipline_components"":{""bbPct"":0.07746478873239436,""bbkPct"":0.07746478873239436,""obpGapPct"":0.06866197183098592},""defense"":{""position"":""3루수"",""innings"":1,""SFR"":null},""salary_prior"":null,""salary_support"":0,""cross_role_calibration"":{""reference"":""pitcher_kbo_core_5"",""percentile"":0.4313,""raw_core_average"":11,""target_core_average"":10.2,""calibrated_core_average"":10.2}}"
"2025","55798","KBO-55798","한화 이글스","배승수","IF","FUTURES","-2","256","213","5","","","8","10","10","8","10","1","8","9","0.2080","0.5247","0.5549","0.2097","0.2087","0.3752","0.3914","0.2526","0.1453","0.0202","0.1206","0.2112","0.0723","0.5971","","","medium","medium","futures_contact_k_proxy","0","kbo-hitter-abilities-v7-cross-role-calibrated","9","9","9","9","9","9","6","9","POSITION_PRIOR","very_low","0","내야수","","","","0","kbo-hitter-abilities-v7-cross-role-calibrated","","","","","","medium","{""level"":""FUTURES"",""PA"":256,""reliability"":0.5872,""advanced_match"":false,""contact_components"":{""avgPct"":0.4032258064516129,""kGoodPct"":0.30645161290322576,""wrcPct"":0.5,""babipPct"":0.5},""power_components"":{""isoPct"":0.5967741935483871,""hrPct"":0.5645161290322581,""xbhPct"":0.5967741935483871,""wrcPct"":0.5},""discipline_components"":{""bbPct"":0.5645161290322581,""bbkPct"":0.43548387096774194,""obpGapPct"":0.3709677419354839},""defense"":{""position"":"""",""innings"":0,""SFR"":null},""salary_prior"":null,""salary_support"":0,""cross_role_calibration"":{""reference"":""pitcher_futures_core_5"",""percentile"":0.5645,""raw_core_average"":8.6,""target_core_average"":9.23,""calibrated_core_average"":9.2}}"
"2025","77532","KBO-77532","한화 이글스","손아섭","OF","KBO","0","416","372","4","7","0","16","11","14","16","13","1","11","9","0.8094","0.2107","0.5355","0.8364","0.6728","0.3975","0.3749","0.2822","0.0925","0.0060","0.0894","0.1524","0.0418","0.5348","0.0430","0.0011","high","high","kbo_pitcher_type_splits","372","kbo-hitter-abilities-v7-cross-role-calibrated","13","12","11","13","14","14","15","10","KBO","medium","361","우익수","50000","team_top_salary","12.05","0","kbo-hitter-abilities-v7-cross-role-calibrated","10254","101.7","15","2.62","https://www.kbofancystats.com/teams/doosanbears/","high","{""level"":""KBO"",""PA"":416,""reliability"":0.7761,""advanced_match"":true,""contact_components"":{""avgPct"":0.8485915492957746,""kGoodPct"":0.8609154929577465,""wrcPct"":0.6919831223628692,""babipPct"":0.729957805907173},""power_components"":{""isoPct"":0.49471830985915494,""hrPct"":0.38204225352112675,""xbhPct"":0.4964788732394366,""wrcPct"":0.6919831223628692},""discipline_components"":{""bbPct"":0.6003521126760564,""bbkPct"":0.8221830985915493,""obpGapPct"":0.4507042253521127},""defense"":{""position"":""우익수"",""innings"":361,""SFR"":15},""salary_prior"":12.04683549124502,""salary_support"":0,""cross_role_calibration"":{""reference"":""pitcher_kbo_core_5"",""percentile"":0.8697,""raw_core_average"":13.4,""target_core_average"":14.07,""calibrated_core_average"":14}}"
"2025","64006","KBO-64006","한화 이글스","심우준","IF","KBO","0","275","247","12","3","1","9","8","8","11","10","1","14","11","0.3083","0.2211","0.2224","0.7001","0.4878","0.7048","0.5495","0.2398","0.0854","0.0109","0.0697","0.1830","0.1288","0.8403","0.0347","0.0096","medium","high","kbo_pitcher_type_splits","247","kbo-hitter-abilities-v7-cross-role-calibrated","12","13","11","14","10","12","12","11","KBO","high","685","유격수","50000","team_top_salary","12.05","0","kbo-hitter-abilities-v7-cross-role-calibrated","973419","61.9","-1.4","0.67","https://www.kbofancystats.com/teams/hanwhaeagles/","medium","{""level"":""KBO"",""PA"":275,""reliability"":0.6962,""advanced_match"":true,""contact_components"":{""avgPct"":0.4595070422535211,""kGoodPct"":0.7095070422535211,""wrcPct"":0.31856540084388185,""babipPct"":0.33544303797468356},""power_components"":{""isoPct"":0.41725352112676056,""hrPct"":0.45598591549295775,""xbhPct"":0.41725352112676056,""wrcPct"":0.31856540084388185},""discipline_components"":{""bbPct"":0.3503521126760563,""bbkPct"":0.5052816901408451,""obpGapPct"":0.3503521126760563},""defense"":{""position"":""유격수"",""innings"":685,""SFR"":-1.4},""salary_prior"":12.04683549124502,""salary_support"":0,""cross_role_calibration"":{""reference"":""pitcher_kbo_core_5"",""percentile"":0.2852,""raw_core_average"":10.8,""target_core_average"":9.2,""calibrated_core_average"":9.2}}"
"2025","79608","KBO-79608","한화 이글스","안치홍","IF","KBO","0","196","174","3","2","0","6","7","8","9","7","1","12","12","0.1858","0.2631","0.4312","0.5618","0.3742","0.4227","0.5212","0.2052","0.0826","0.0139","0.0849","0.1980","0.0748","0.8067","0.0351","0.0022","medium","medium","kbo_pitcher_type_splits","174","kbo-hitter-abilities-v7-cross-role-calibrated","11","11","12","11","11","12","13","11","KBO","low","87","2루수","50000","team_top_salary","12.05","0","kbo-hitter-abilities-v7-cross-role-calibrated","10422","34.5","3.5","-0.32","https://www.kbofancystats.com/teams/kiwoomheroes/","medium","{""level"":""KBO"",""PA"":196,""reliability"":0.6203,""advanced_match"":true,""contact_components"":{""avgPct"":0.20774647887323944,""kGoodPct"":0.6003521126760563,""wrcPct"":0.19198312236286919,""babipPct"":0.1540084388185654},""power_components"":{""isoPct"":0.34330985915492956,""hrPct"":0.5105633802816901,""xbhPct"":0.3362676056338028,""wrcPct"":0.19198312236286919},""discipline_components"":{""bbPct"":0.528169014084507,""bbkPct"":0.6073943661971831,""obpGapPct"":0.545774647887324},""defense"":{""position"":""2루수"",""innings"":87,""SFR"":3.5},""salary_prior"":12.04683549124502,""salary_support"":0,""cross_role_calibration"":{""reference"":""pitcher_kbo_core_5"",""percentile"":0.0951,""raw_core_average"":10.2,""target_core_average"":7.4,""calibrated_core_average"":7.4}}"
"2025","69766","KBO-69766","한화 이글스","유로결","OF","KBO","0","16","13","1","0","2","7","7","7","9","9","1","11","11","0.4885","0.4902","0.4677","0.5007","0.4897","0.5137","0.5101","0.2497","0.1119","0.0181","0.0788","0.2036","0.0963","0.7716","0.0252","0.0416","very_low","low","kbo_pitcher_type_splits","13","kbo-hitter-abilities-v7-cross-role-calibrated","11","11","11","11","11","11","8","11","KBO","low","29","중견수","","","","0","kbo-hitter-abilities-v7-cross-role-calibrated","1631578","-3.8","1.2","-0.03","https://www.kbofancystats.com/teams/hanwhaeagles/","very_low","{""level"":""KBO"",""PA"":16,""reliability"":0.1176,""advanced_match"":true,""contact_components"":{""avgPct"":0.17077464788732394,""kGoodPct"":0.41021126760563376,""wrcPct"":0.08649789029535865,""babipPct"":0.18143459915611815},""power_components"":{""isoPct"":0.11091549295774648,""hrPct"":0.18661971830985916,""xbhPct"":0.11091549295774648,""wrcPct"":0.08649789029535865},""discipline_components"":{""bbPct"":0.07746478873239436,""bbkPct"":0.07746478873239436,""obpGapPct"":0.40316901408450706},""defense"":{""position"":""우익수"",""innings"":29,""SFR"":1.2},""salary_prior"":null,""salary_support"":0,""cross_role_calibration"":{""reference"":""pitcher_kbo_core_5"",""percentile"":0.1479,""raw_core_average"":10.4,""target_core_average"":7.8,""calibrated_core_average"":7.8}}"
"2025","65703","KBO-65703","한화 이글스","이도윤","IF","KBO","0","277","250","1","1","0","11","9","6","11","9","1","12","13","0.6019","0.2476","0.1494","0.6565","0.5415","0.4266","0.6009","0.2606","0.0933","0.0082","0.0534","0.1900","0.0399","0.7716","0.0182","0.0016","medium","medium","kbo_pitcher_type_splits","250","kbo-hitter-abilities-v7-cross-role-calibrated","12","11","11","12","13","11","11","12","KBO","high","605.3","2루수","","","","0","kbo-hitter-abilities-v7-cross-role-calibrated","1098453","69.8","7.6","1.19","https://www.kbofancystats.com/teams/hanwhaeagles/","medium","{""level"":""KBO"",""PA"":277,""reliability"":0.6977,""advanced_match"":true,""contact_components"":{""avgPct"":0.6514084507042254,""kGoodPct"":0.6637323943661972,""wrcPct"":0.3755274261603376,""babipPct"":0.5886075949367089},""power_components"":{""isoPct"":0.4876760563380282,""hrPct"":0.40316901408450706,""xbhPct"":0.4876760563380282,""wrcPct"":0.3755274261603376},""discipline_components"":{""bbPct"":0.21654929577464788,""bbkPct"":0.2869718309859155,""obpGapPct"":0.198943661971831},""defense"":{""position"":""2루수"",""innings"":605.3,""SFR"":7.6},""salary_prior"":null,""salary_support"":0,""cross_role_calibration"":{""reference"":""pitcher_kbo_core_5"",""percentile"":0.2852,""raw_core_average"":10.8,""target_core_average"":9.2,""calibrated_core_average"":9.2}}"
"2025","55710","KBO-55710","한화 이글스","이민재","OF","KBO","0","4","4","0","0","0","10","10","10","10","11","1","11","11","0.4979","0.5038","0.4999","0.5035","0.4964","0.5020","0.5000","0.2521","0.1216","0.0202","0.0879","0.1982","0.0821","0.7488","0.0267","0.0041","very_low","low","kbo_pitcher_type_splits","4","kbo-hitter-abilities-v7-cross-role-calibrated","11","11","11","11","11","11","7","11","KBO","low","5","우익수","","","","0","kbo-hitter-abilities-v7-cross-role-calibrated","","","","","","very_low","{""level"":""KBO"",""PA"":4,""reliability"":0.0323,""advanced_match"":false,""contact_components"":{""avgPct"":0.035211267605633804,""kGoodPct"":0.41021126760563376,""wrcPct"":0.5,""babipPct"":0.5},""power_components"":{""isoPct"":0.11091549295774648,""hrPct"":0.18661971830985916,""xbhPct"":0.11091549295774648,""wrcPct"":0.5},""discipline_components"":{""bbPct"":0.07746478873239436,""bbkPct"":0.07746478873239436,""obpGapPct"":0.06866197183098592},""defense"":{""position"":""우익수"",""innings"":5,""SFR"":null},""salary_prior"":null,""salary_support"":0,""cross_role_calibration"":{""reference"":""pitcher_kbo_core_5"",""percentile"":0.4313,""raw_core_average"":11,""target_core_average"":10.2,""calibrated_core_average"":10.2}}"
"2025","52704","KBO-52704","한화 이글스","이상혁","OF","KBO","0","12","10","7","0","1","9","9","8","10","10","1","12","11","0.5032","0.5100","0.4825","0.5055","0.4946","0.5212","0.3872","0.2565","0.1240","0.0188","0.0816","0.2019","0.2095","0.6169","0.0252","0.0227","very_low","low","kbo_pitcher_type_splits","10","kbo-hitter-abilities-v7-cross-role-calibrated","11","11","11","11","11","11","8","11","KBO","low","45.7","우익수","","","","0","kbo-hitter-abilities-v7-cross-role-calibrated","","","","","","very_low","{""level"":""KBO"",""PA"":12,""reliability"":0.0909,""advanced_match"":false,""contact_components"":{""avgPct"":0.31866197183098594,""kGoodPct"":0.41021126760563376,""wrcPct"":0.5,""babipPct"":0.5},""power_components"":{""isoPct"":0.5897887323943662,""hrPct"":0.18661971830985916,""xbhPct"":0.5897887323943662,""wrcPct"":0.5},""discipline_components"":{""bbPct"":0.07746478873239436,""bbkPct"":0.07746478873239436,""obpGapPct"":0.545774647887324},""defense"":{""position"":""우익수"",""innings"":45.7,""SFR"":null},""salary_prior"":null,""salary_support"":0,""cross_role_calibration"":{""reference"":""pitcher_kbo_core_5"",""percentile"":0.2852,""raw_core_average"":10.8,""target_core_average"":9.2,""calibrated_core_average"":9.2}}"
"2025","54706","KBO-54706","한화 이글스","이승현","IF","none","0","0","0","0","","","8","8","8","8","8","1","8","8","0.5000","0.5000","0.5000","0.5000","0.5000","0.5000","0.5000","","","","","","","","","","none","low","unavailable","0","kbo-hitter-abilities-v7-cross-role-calibrated","8","8","8","8","8","8","7","9","POSITION_PRIOR","very_low","0","포수","","","","0","kbo-hitter-abilities-v7-cross-role-calibrated","","","","","","none","{""level"":""none"",""PA"":0,""reliability"":0,""advanced_match"":false,""contact_components"":{""avgPct"":0.5,""kGoodPct"":0.5,""wrcPct"":0.5,""babipPct"":0.5},""power_components"":{""isoPct"":0.5,""hrPct"":0.5,""xbhPct"":0.5,""wrcPct"":0.5},""discipline_components"":{""bbPct"":0.5,""bbkPct"":0.5,""obpGapPct"":0.5},""defense"":{""position"":"""",""innings"":0,""SFR"":null},""salary_prior"":null,""salary_support"":0}"
"2025","68700","KBO-68700","한화 이글스","이원석","OF","KBO","0","248","212","25","3","3","10","11","13","11","11","1","14","10","0.2021","0.3668","0.6092","0.5188","0.3826","0.6076","0.5858","0.2218","0.1014","0.0175","0.0924","0.2029","0.2509","0.8425","0.0374","0.0276","medium","high","kbo_pitcher_type_splits","212","kbo-hitter-abilities-v7-cross-role-calibrated","13","11","13","11","13","12","10","11","KBO","medium","556.7","우익수","","","","0","kbo-hitter-abilities-v7-cross-role-calibrated","1617189","62.7","8.8","1.01","https://www.kbofancystats.com/teams/hanwhaeagles/","medium","{""level"":""KBO"",""PA"":248,""reliability"":0.6739,""advanced_match"":true,""contact_components"":{""avgPct"":0.3538732394366197,""kGoodPct"":0.579225352112676,""wrcPct"":0.3270042194092827,""babipPct"":0.21940928270042195},""power_components"":{""isoPct"":0.5211267605633803,""hrPct"":0.6373239436619719,""xbhPct"":0.5264084507042254,""wrcPct"":0.3270042194092827},""discipline_components"":{""bbPct"":0.6390845070422535,""bbkPct"":0.653169014084507,""obpGapPct"":0.7253521126760564},""defense"":{""position"":""우익수"",""innings"":556.7,""SFR"":8.8},""salary_prior"":null,""salary_support"":0,""cross_role_calibration"":{""reference"":""pitcher_kbo_core_5"",""percentile"":0.5687,""raw_core_average"":11.2,""target_core_average"":11.2,""calibrated_core_average"":11.2}}"
"2025","76812","KBO-76812","한화 이글스","이재원","C","KBO","0","151","125","2","0","0","9","9","13","11","9","1","12","12","0.2799","0.3014","0.5900","0.7108","0.4522","0.5196","0.5390","0.2276","0.0873","0.0124","0.0922","0.1698","0.0686","0.7073","0.0150","0.0023","medium","medium","kbo_pitcher_type_splits","125","kbo-hitter-abilities-v7-cross-role-calibrated","12","11","12","9","11","12","12","11","KBO","medium","409.7","포수","","","","0","kbo-hitter-abilities-v7-cross-role-calibrated","10202","46.2","-0.6","0.14","https://www.kbofancystats.com/teams/hanwhaeagles/","medium","{""level"":""KBO"",""PA"":151,""reliability"":0.5572,""advanced_match"":true,""contact_components"":{""avgPct"":0.31866197183098594,""kGoodPct"":0.8151408450704225,""wrcPct"":0.23839662447257384,""babipPct"":0.20042194092827004},""power_components"":{""isoPct"":0.33274647887323944,""hrPct"":0.448943661971831,""xbhPct"":0.33274647887323944,""wrcPct"":0.23839662447257384},""discipline_components"":{""bbPct"":0.6355633802816901,""bbkPct"":0.8116197183098591,""obpGapPct"":0.6602112676056338},""defense"":{""position"":""포수"",""innings"":409.7,""SFR"":-0.6},""salary_prior"":null,""salary_support"":0,""cross_role_calibration"":{""reference"":""pitcher_kbo_core_5"",""percentile"":0.4313,""raw_core_average"":11,""target_core_average"":10.2,""calibrated_core_average"":10.2}}"
"2025","66657","KBO-66657","한화 이글스","이진영","OF","KBO","0","366","321","5","1","0","14","16","13","11","12","1","11","11","0.7215","0.7603","0.7199","0.2055","0.5464","0.2672","0.5429","0.2713","0.1393","0.0281","0.1012","0.2417","0.0545","0.5658","0.0140","0.0012","high","high","kbo_pitcher_type_splits","321","kbo-hitter-abilities-v7-cross-role-calibrated","9","9","11","10","8","12","10","12","KBO","high","709.3","우익수","","","","0","kbo-hitter-abilities-v7-cross-role-calibrated","1216222","113.2","-7.1","1.82","https://www.kbofancystats.com/teams/hanwhaeagles/","high","{""level"":""KBO"",""PA"":366,""reliability"":0.7531,""advanced_match"":true,""contact_components"":{""avgPct"":0.7447183098591549,""kGoodPct"":0.3785211267605634,""wrcPct"":0.7827004219409283,""babipPct"":0.7974683544303798},""power_components"":{""isoPct"":0.7816901408450704,""hrPct"":0.8362676056338029,""xbhPct"":0.7869718309859155,""wrcPct"":0.7827004219409283},""discipline_components"":{""bbPct"":0.7130281690140845,""bbkPct"":0.6003521126760564,""obpGapPct"":0.579225352112676},""defense"":{""position"":""우익수"",""innings"":709.3,""SFR"":-7.1},""salary_prior"":null,""salary_support"":0,""cross_role_calibration"":{""reference"":""pitcher_kbo_core_5"",""percentile"":0.8116,""raw_core_average"":12.8,""target_core_average"":13.2,""calibrated_core_average"":13.2}}"
"2025","50704","KBO-50704","한화 이글스","임종찬","OF","KBO","0","35","30","2","1","0","9","11","12","9","10","1","12","11","0.4399","0.5590","0.5826","0.4037","0.4441","0.5299","0.5160","0.2401","0.1280","0.0230","0.1048","0.2416","0.1035","0.7906","0.0396","0.0035","low","low","kbo_pitcher_type_splits","30","kbo-hitter-abilities-v7-cross-role-calibrated","10","10","10","10","11","11","8","11","KBO","low","86.3","우익수","","","","0","kbo-hitter-abilities-v7-cross-role-calibrated","1652283","69.4","0.3","0.09","https://www.kbofancystats.com/teams/hanwhaeagles/","low","{""level"":""KBO"",""PA"":35,""reliability"":0.2258,""advanced_match"":true,""contact_components"":{""avgPct"":0.1936619718309859,""kGoodPct"":0.11795774647887325,""wrcPct"":0.3649789029535865,""babipPct"":0.23628691983122363},""power_components"":{""isoPct"":0.7447183098591549,""hrPct"":0.8186619718309859,""xbhPct"":0.7535211267605634,""wrcPct"":0.3649789029535865},""discipline_components"":{""bbPct"":0.926056338028169,""bbkPct"":0.5580985915492958,""obpGapPct"":0.897887323943662},""defense"":{""position"":""우익수"",""innings"":86.3,""SFR"":0.3},""salary_prior"":null,""salary_support"":0,""cross_role_calibration"":{""reference"":""pitcher_kbo_core_5"",""percentile"":0.4313,""raw_core_average"":11,""target_core_average"":10.2,""calibrated_core_average"":10.2}}"
"2025","51762","KBO-51762","한화 이글스","장규현","C","KBO","0","2","1","0","0","0","10","10","10","10","11","1","11","11","0.5026","0.5024","0.5050","0.5036","0.5034","0.5027","0.4985","0.2694","0.1252","0.0206","0.0994","0.1923","0.0789","0.7488","0.0257","0.0040","very_low","low","kbo_pitcher_type_splits","1","kbo-hitter-abilities-v7-cross-role-calibrated","11","11","11","11","11","11","8","11","KBO","low","2.7","포수","","","","0","kbo-hitter-abilities-v7-cross-role-calibrated","1656258","410.1","","0.09","https://www.kbofancystats.com/teams/hanwhaeagles/","very_low","{""level"":""KBO"",""PA"":2,""reliability"":0.0164,""advanced_match"":true,""contact_components"":{""avgPct"":0.9964788732394366,""kGoodPct"":0.9806338028169014,""wrcPct"":0.9957805907172996,""babipPct"":0.9957805907172996},""power_components"":{""isoPct"":0.11091549295774648,""hrPct"":0.18661971830985916,""xbhPct"":0.11091549295774648,""wrcPct"":0.9957805907172996},""discipline_components"":{""bbPct"":0.9947183098591549,""bbkPct"":0.9683098591549296,""obpGapPct"":0.06866197183098592},""defense"":{""position"":""포수"",""innings"":2.7,""SFR"":null},""salary_prior"":null,""salary_support"":0,""cross_role_calibration"":{""reference"":""pitcher_kbo_core_5"",""percentile"":0.4313,""raw_core_average"":11,""target_core_average"":10.2,""calibrated_core_average"":10.2}}"
"2025","51764","KBO-51764","한화 이글스","정민규","IF","FUTURES","-2","285","239","1","","","11","13","12","10","11","1","8","9","0.3436","0.6900","0.7073","0.4515","0.3868","0.1722","0.5201","0.2774","0.1607","0.0291","0.1323","0.1720","0.0353","0.7234","","","medium","medium","futures_contact_k_proxy","0","kbo-hitter-abilities-v7-cross-role-calibrated","9","9","9","9","9","9","7","10","POSITION_PRIOR","very_low","0","내야수","","","","0","kbo-hitter-abilities-v7-cross-role-calibrated","","","","","","medium","{""level"":""FUTURES"",""PA"":285,""reliability"":0.6129,""advanced_match"":false,""contact_components"":{""avgPct"":0.5645161290322581,""kGoodPct"":0.564516129032258,""wrcPct"":0.5,""babipPct"":0.5},""power_components"":{""isoPct"":0.7258064516129032,""hrPct"":0.7580645161290323,""xbhPct"":0.7258064516129032,""wrcPct"":0.5},""discipline_components"":{""bbPct"":0.6612903225806451,""bbkPct"":0.6935483870967742,""obpGapPct"":0.6774193548387096},""defense"":{""position"":"""",""innings"":0,""SFR"":null},""salary_prior"":null,""salary_support"":0,""cross_role_calibration"":{""reference"":""pitcher_futures_core_5"",""percentile"":0.8387,""raw_core_average"":9.2,""target_core_average"":11.48,""calibrated_core_average"":11.4}}"
"2025","79192","KBO-79192","한화 이글스","채은성","IF","KBO","0","527","480","3","3","1","16","18","10","15","15","1","11","10","0.8307","0.8516","0.1286","0.7116","0.6984","0.2084","0.4668","0.2831","0.1701","0.0337","0.0640","0.1844","0.0334","0.6529","0.0204","0.0057","high","high","kbo_pitcher_type_splits","480","kbo-hitter-abilities-v7-cross-role-calibrated","10","12","9","12","9","12","15","13","KBO","high","929.7","1루수","60000","team_top_salary","12.38","0","kbo-hitter-abilities-v7-cross-role-calibrated","803041","123","-9.8","3.24","https://www.kbofancystats.com/teams/hanwhaeagles/","high","{""level"":""KBO"",""PA"":527,""reliability"":0.8145,""advanced_match"":true,""contact_components"":{""avgPct"":0.8485915492957746,""kGoodPct"":0.6883802816901409,""wrcPct"":0.8375527426160337,""babipPct"":0.6223628691983122},""power_components"":{""isoPct"":0.8855633802816901,""hrPct"":0.8714788732394366,""xbhPct"":0.8855633802816901,""wrcPct"":0.8375527426160337},""discipline_components"":{""bbPct"":0.33098591549295775,""bbkPct"":0.4595070422535211,""obpGapPct"":0.3908450704225352},""defense"":{""position"":""1루수"",""innings"":929.7,""SFR"":-9.8},""salary_prior"":12.375628498537262,""salary_support"":0,""cross_role_calibration"":{""reference"":""pitcher_kbo_core_5"",""percentile"":0.8926,""raw_core_average"":13.6,""target_core_average"":14.8,""calibrated_core_average"":14.8}}"
"2025","50707","KBO-50707","한화 이글스","최인호","OF","KBO","0","159","139","1","2","0","13","13","12","12","12","1","11","12","0.5809","0.4600","0.4535","0.6437","0.5342","0.3328","0.4867","0.2603","0.1157","0.0158","0.0855","0.1877","0.0501","0.7716","0.0327","0.0020","medium","medium","kbo_pitcher_type_splits","139","kbo-hitter-abilities-v7-cross-role-calibrated","10","11","12","12","11","12","8","11","KBO","low","113.3","좌익수","","","","0","kbo-hitter-abilities-v7-cross-role-calibrated","1652363","99.6","-3.7","0.63","https://www.kbofancystats.com/teams/hanwhaeagles/","medium","{""level"":""KBO"",""PA"":159,""reliability"":0.5699,""advanced_match"":true,""contact_components"":{""avgPct"":0.6443661971830986,""kGoodPct"":0.681338028169014,""wrcPct"":0.6497890295358649,""babipPct"":0.5253164556962026},""power_components"":{""isoPct"":0.6320422535211268,""hrPct"":0.5616197183098591,""xbhPct"":0.6320422535211268,""wrcPct"":0.6497890295358649},""discipline_components"":{""bbPct"":0.5369718309859155,""bbkPct"":0.6461267605633803,""obpGapPct"":0.6866197183098591},""defense"":{""position"":""좌익수"",""innings"":113.3,""SFR"":-3.7},""salary_prior"":null,""salary_support"":0,""cross_role_calibration"":{""reference"":""pitcher_kbo_core_5"",""percentile"":0.7324,""raw_core_average"":12,""target_core_average"":12.4,""calibrated_core_average"":12.4}}"
"2025","78288","KBO-78288","한화 이글스","최재훈","C","KBO","0","348","269","2","2","0","16","11","18","15","14","1","10","11","0.7682","0.1802","0.8569","0.8269","0.6718","0.1724","0.5931","0.2797","0.0830","0.0069","0.1231","0.1509","0.0323","0.7073","0.0176","0.0011","high","medium","kbo_pitcher_type_splits","269","kbo-hitter-abilities-v7-cross-role-calibrated","13","13","13","12","11","15","14","9","KBO","high","813","포수","50000","team_top_salary","12.05","0","kbo-hitter-abilities-v7-cross-role-calibrated","10315","117.6","-1.9","3.56","https://www.kbofancystats.com/teams/hanwhaeagles/","high","{""level"":""KBO"",""PA"":348,""reliability"":0.7436,""advanced_match"":true,""contact_components"":{""avgPct"":0.8169014084507042,""kGoodPct"":0.8714788732394366,""wrcPct"":0.8122362869198312,""babipPct"":0.7130801687763713},""power_components"":{""isoPct"":0.39436619718309857,""hrPct"":0.3890845070422535,""xbhPct"":0.3926056338028169,""wrcPct"":0.8122362869198312},""discipline_components"":{""bbPct"":0.8890845070422535,""bbkPct"":0.9524647887323944,""obpGapPct"":0.9172535211267606},""defense"":{""position"":""포수"",""innings"":813,""SFR"":-1.9},""salary_prior"":12.04683549124502,""salary_support"":0,""cross_role_calibration"":{""reference"":""pitcher_kbo_core_5"",""percentile"":0.8926,""raw_core_average"":13.6,""target_core_average"":14.8,""calibrated_core_average"":14.8}}"
"2025","62700","KBO-62700","한화 이글스","하주석","IF","KBO","0","305","276","3","3","0","15","12","8","12","12","1","11","11","0.8089","0.3344","0.1380","0.4244","0.5398","0.2643","0.4530","0.2878","0.1028","0.0151","0.0522","0.2114","0.0490","0.7298","0.0299","0.0014","high","medium","kbo_pitcher_type_splits","276","kbo-hitter-abilities-v7-cross-role-calibrated","8","12","8","16","10","10","11","12","KBO","high","607.7","유격수","","","","0","kbo-hitter-abilities-v7-cross-role-calibrated","433972","95.5","-6.5","1.6","https://www.kbofancystats.com/teams/hanwhaeagles/","high","{""level"":""KBO"",""PA"":305,""reliability"":0.7176,""advanced_match"":true,""contact_components"":{""avgPct"":0.8714788732394366,""kGoodPct"":0.5334507042253521,""wrcPct"":0.609704641350211,""babipPct"":0.9029535864978903},""power_components"":{""isoPct"":0.5651408450704225,""hrPct"":0.5721830985915493,""xbhPct"":0.5651408450704225,""wrcPct"":0.609704641350211},""discipline_components"":{""bbPct"":0.2130281690140845,""bbkPct"":0.23943661971830985,""obpGapPct"":0.2130281690140845},""defense"":{""position"":""유격수"",""innings"":607.7,""SFR"":-6.5},""salary_prior"":null,""salary_support"":0,""cross_role_calibration"":{""reference"":""pitcher_kbo_core_5"",""percentile"":0.6585,""raw_core_average"":11.6,""target_core_average"":11.8,""calibrated_core_average"":11.8}}"
"2025","55767","KBO-55767","한화 이글스","한지윤","C","FUTURES","-2","194","170","0","","","4","9","4","4","7","1","8","9","0.2069","0.7420","0.3104","0.1833","0.1975","0.2596","0.5000","0.2483","0.1758","0.0347","0.1052","0.2422","0.0426","0.6957","","","medium","medium","futures_contact_k_proxy","0","kbo-hitter-abilities-v7-cross-role-calibrated","9","9","9","9","9","8","5","10","POSITION_PRIOR","very_low","0","외야수","","","","0","kbo-hitter-abilities-v7-cross-role-calibrated","","","","","","medium","{""level"":""FUTURES"",""PA"":194,""reliability"":0.5187,""advanced_match"":false,""contact_components"":{""avgPct"":0.3709677419354839,""kGoodPct"":0.11290322580645162,""wrcPct"":0.5,""babipPct"":0.5},""power_components"":{""isoPct"":0.8548387096774194,""hrPct"":0.9193548387096774,""xbhPct"":0.8548387096774194,""wrcPct"":0.5},""discipline_components"":{""bbPct"":0.3064516129032258,""bbkPct"":0.08064516129032258,""obpGapPct"":0.1774193548387097},""defense"":{""position"":"""",""innings"":0,""SFR"":null},""salary_prior"":null,""salary_support"":0,""cross_role_calibration"":{""reference"":""pitcher_futures_core_5"",""percentile"":0.1452,""raw_core_average"":8.2,""target_core_average"":5.59,""calibrated_core_average"":5.6}}"
"2025","52764","KBO-52764","한화 이글스","허인서","C","KBO","0","30","29","0","0","0","7","7","7","7","7","1","10","11","0.4482","0.4595","0.4151","0.4126","0.4548","0.4910","0.5033","0.2420","0.1057","0.0162","0.0703","0.2432","0.0733","0.7488","0.0239","0.0037","low","low","kbo_pitcher_type_splits","29","kbo-hitter-abilities-v7-cross-role-calibrated","12","11","12","11","11","10","7","10","KBO","low","65","포수","","","","0","kbo-hitter-abilities-v7-cross-role-calibrated","1672597","14.2","0.1","-0.11","https://www.kbofancystats.com/teams/hanwhaeagles/","low","{""level"":""KBO"",""PA"":30,""reliability"":0.2,""advanced_match"":true,""contact_components"":{""avgPct"":0.20774647887323944,""kGoodPct"":0.09330985915492962,""wrcPct"":0.12447257383966245,""babipPct"":0.41139240506329117},""power_components"":{""isoPct"":0.2623239436619718,""hrPct"":0.18661971830985916,""xbhPct"":0.2623239436619718,""wrcPct"":0.12447257383966245},""discipline_components"":{""bbPct"":0.07746478873239436,""bbkPct"":0.07746478873239436,""obpGapPct"":0.176056338028169},""defense"":{""position"":""포수"",""innings"":65,""SFR"":0.1},""salary_prior"":null,""salary_support"":0,""cross_role_calibration"":{""reference"":""pitcher_kbo_core_5"",""percentile"":0.0599,""raw_core_average"":10,""target_core_average"":7,""calibrated_core_average"":7}}"
"2025","54795","KBO-54795","한화 이글스","황영묵","IF","KBO","0","286","260","4","3","2","15","11","11","15","13","1","12","9","0.6996","0.2514","0.2795","0.8196","0.6317","0.4141","0.3290","0.2700","0.0962","0.0080","0.0755","0.1467","0.0571","0.6063","0.0305","0.0155","medium","medium","kbo_pitcher_type_splits","260","kbo-hitter-abilities-v7-cross-role-calibrated","9","11","12","11","9","11","10","11","KBO","high","627.7","2루수","","","","0","kbo-hitter-abilities-v7-cross-role-calibrated","2933487","90.8","-12.4","0.76","https://www.kbofancystats.com/teams/hanwhaeagles/","medium","{""level"":""KBO"",""PA"":286,""reliability"":0.7044,""advanced_match"":true,""contact_components"":{""avgPct"":0.7306338028169014,""kGoodPct"":0.8890845070422535,""wrcPct"":0.569620253164557,""babipPct"":0.540084388185654},""power_components"":{""isoPct"":0.5035211267605634,""hrPct"":0.3996478873239437,""xbhPct"":0.5017605633802817,""wrcPct"":0.569620253164557},""discipline_components"":{""bbPct"":0.40669014084507044,""bbkPct"":0.7552816901408451,""obpGapPct"":0.352112676056338},""defense"":{""position"":""2루수"",""innings"":627.7,""SFR"":-12.4},""salary_prior"":null,""salary_support"":0,""cross_role_calibration"":{""reference"":""pitcher_kbo_core_5"",""percentile"":0.7729,""raw_core_average"":12.4,""target_core_average"":13,""calibrated_core_average"":13}}"
