"kbo_player_id","player_name","season","record_team","league","source_url"
"50030","소형준","2020","KT","KBO","https://www.koreabaseball.com/Record/Player/PitcherDetail/Total.aspx?playerId=50030"
"50030","소형준","2021","KT","KBO","https://www.koreabaseball.com/Record/Player/PitcherDetail/Total.aspx?playerId=50030"
"50030","소형준","2022","KT","KBO","https://www.koreabaseball.com/Record/Player/PitcherDetail/Total.aspx?playerId=50030"
"50030","소형준","2023","KT","KBO","https://www.koreabaseball.com/Record/Player/PitcherDetail/Total.aspx?playerId=50030"
"50030","소형준","2024","KT","KBO","https://www.koreabaseball.com/Record/Player/PitcherDetail/Total.aspx?playerId=50030"
"50030","소형준","2025","KT","KBO","https://www.koreabaseball.com/Record/Player/PitcherDetail/Total.aspx?playerId=50030"
"50036","이강준","2020","KT","KBO","https://www.koreabaseball.com/Record/Player/PitcherDetail/Total.aspx?playerId=50036"
"50036","이강준","2021","롯데","KBO","https://www.koreabaseball.com/Record/Player/PitcherDetail/Total.aspx?playerId=50036"
"50036","이강준","2022","롯데","KBO","https://www.koreabaseball.com/Record/Player/PitcherDetail/Total.aspx?playerId=50036"
"50036","이강준","2025","키움","KBO","https://www.koreabaseball.com/Record/Player/PitcherDetail/Total.aspx?playerId=50036"
"50054","천성호","2020","KT","KBO","https://www.koreabaseball.com/Record/Player/HitterDetail/Total.aspx?playerId=50054"
"50054","천성호","2021","KT","KBO","https://www.koreabaseball.com/Record/Player/HitterDetail/Total.aspx?playerId=50054"
"50054","천성호","2024","KT","KBO","https://www.koreabaseball.com/Record/Player/HitterDetail/Total.aspx?playerId=50054"
"50054","천성호","2025","LG","KBO","https://www.koreabaseball.com/Record/Player/HitterDetail/Total.aspx?playerId=50054"
"50066","강현우","2020","KT","KBO","https://www.koreabaseball.com/Record/Player/HitterDetail/Total.aspx?playerId=50066"
"50066","강현우","2023","KT","KBO","https://www.koreabaseball.com/Record/Player/HitterDetail/Total.aspx?playerId=50066"
"50066","강현우","2024","KT","KBO","https://www.koreabaseball.com/Record/Player/HitterDetail/Total.aspx?playerId=50066"
"50066","강현우","2025","KT","KBO","https://www.koreabaseball.com/Record/Player/HitterDetail/Total.aspx?playerId=50066"
"50092","윤준혁","2024","KT","KBO","https://www.koreabaseball.com/Record/Player/HitterDetail/Total.aspx?playerId=50092"
"50092","윤준혁","2025","KT","KBO","https://www.koreabaseball.com/Record/Player/HitterDetail/Total.aspx?playerId=50092"
"50106","유영찬","2023","LG","KBO","https://www.koreabaseball.com/Record/Player/PitcherDetail/Total.aspx?playerId=50106"
"50106","유영찬","2024","LG","KBO","https://www.koreabaseball.com/Record/Player/PitcherDetail/Total.aspx?playerId=50106"
"50106","유영찬","2025","LG","KBO","https://www.koreabaseball.com/Record/Player/PitcherDetail/Total.aspx?playerId=50106"
"50108","함창건","2024","LG","KBO","https://www.koreabaseball.com/Record/Player/HitterDetail/Total.aspx?playerId=50108"
"50108","함창건","2025","LG","KBO","https://www.koreabaseball.com/Record/Player/HitterDetail/Total.aspx?playerId=50108"
"50109","성재헌","2020","LG","KBO","https://www.koreabaseball.com/Record/Player/PitcherDetail/Total.aspx?playerId=50109"
"50109","성재헌","2024","KT","KBO","https://www.koreabaseball.com/Record/Player/PitcherDetail/Total.aspx?playerId=50109"
"50150","손호영","2020","LG","KBO","https://www.koreabaseball.com/Record/Player/HitterDetail/Total.aspx?playerId=50150"
"50150","손호영","2021","LG","KBO","https://www.koreabaseball.com/Record/Player/HitterDetail/Total.aspx?playerId=50150"
"50150","손호영","2022","LG","KBO","https://www.koreabaseball.com/Record/Player/HitterDetail/Total.aspx?playerId=50150"
"50150","손호영","2023","LG","KBO","https://www.koreabaseball.com/Record/Player/HitterDetail/Total.aspx?playerId=50150"
"50150","손호영","2024","롯데","KBO","https://www.koreabaseball.com/Record/Player/HitterDetail/Total.aspx?playerId=50150"
"50150","손호영","2025","롯데","KBO","https://www.koreabaseball.com/Record/Player/HitterDetail/Total.aspx?playerId=50150"
"50167","이주형","2021","LG","KBO","https://www.koreabaseball.com/Record/Player/HitterDetail/Total.aspx?playerId=50167"
"50167","이주형","2023","키움","KBO","https://www.koreabaseball.com/Record/Player/HitterDetail/Total.aspx?playerId=50167"
"50167","이주형","2024","키움","KBO","https://www.koreabaseball.com/Record/Player/HitterDetail/Total.aspx?playerId=50167"
"50167","이주형","2025","키움","KBO","https://www.koreabaseball.com/Record/Player/HitterDetail/Total.aspx?playerId=50167"
"50204","박지훈","2020","두산","KBO","https://www.koreabaseball.com/Record/Player/HitterDetail/Total.aspx?playerId=50204"
"50204","박지훈","2021","두산","KBO","https://www.koreabaseball.com/Record/Player/HitterDetail/Total.aspx?playerId=50204"
"50204","박지훈","2023","두산","KBO","https://www.koreabaseball.com/Record/Player/HitterDetail/Total.aspx?playerId=50204"
"50204","박지훈","2025","두산","KBO","https://www.koreabaseball.com/Record/Player/HitterDetail/Total.aspx?playerId=50204"
"50206","최종인","2024","두산","KBO","https://www.koreabaseball.com/Record/Player/PitcherDetail/Total.aspx?playerId=50206"
"50206","최종인","2025","두산","KBO","https://www.koreabaseball.com/Record/Player/PitcherDetail/Total.aspx?playerId=50206"
"50208","오명진","2020","두산","KBO","https://www.koreabaseball.com/Record/Player/HitterDetail/Total.aspx?playerId=50208"
"50208","오명진","2021","두산","KBO","https://www.koreabaseball.com/Record/Player/HitterDetail/Total.aspx?playerId=50208"
"50208","오명진","2024","두산","KBO","https://www.koreabaseball.com/Record/Player/HitterDetail/Total.aspx?playerId=50208"
"50208","오명진","2025","두산","KBO","https://www.koreabaseball.com/Record/Player/HitterDetail/Total.aspx?playerId=50208"
"50211","제환유","2023","두산","KBO","https://www.koreabaseball.com/Record/Player/PitcherDetail/Total.aspx?playerId=50211"
"50211","제환유","2025","두산","KBO","https://www.koreabaseball.com/Record/Player/PitcherDetail/Total.aspx?playerId=50211"
"50304","김병휘","2020","키움","KBO","https://www.koreabaseball.com/Record/Player/HitterDetail/Total.aspx?playerId=50304"
"50304","김병휘","2021","키움","KBO","https://www.koreabaseball.com/Record/Player/HitterDetail/Total.aspx?playerId=50304"
"50304","김병휘","2023","키움","KBO","https://www.koreabaseball.com/Record/Player/HitterDetail/Total.aspx?playerId=50304"
"50304","김병휘","2024","키움","KBO","https://www.koreabaseball.com/Record/Player/HitterDetail/Total.aspx?playerId=50304"
"50304","김병휘","2025","키움","KBO","https://www.koreabaseball.com/Record/Player/HitterDetail/Total.aspx?playerId=50304"
"50357","박주홍","2020","키움","KBO","https://www.koreabaseball.com/Record/Player/HitterDetail/Total.aspx?playerId=50357"
"50357","박주홍","2021","키움","KBO","https://www.koreabaseball.com/Record/Player/HitterDetail/Total.aspx?playerId=50357"
"50357","박주홍","2022","키움","KBO","https://www.koreabaseball.com/Record/Player/HitterDetail/Total.aspx?playerId=50357"
"50357","박주홍","2023","키움","KBO","https://www.koreabaseball.com/Record/Player/HitterDetail/Total.aspx?playerId=50357"
"50357","박주홍","2024","키움","KBO","https://www.koreabaseball.com/Record/Player/HitterDetail/Total.aspx?playerId=50357"
"50357","박주홍","2025","키움","KBO","https://www.koreabaseball.com/Record/Player/HitterDetail/Total.aspx?playerId=50357"
"50430","홍원표","2020","삼성","KBO","https://www.koreabaseball.com/Record/Player/PitcherDetail/Total.aspx?playerId=50430"
"50430","홍원표","2023","삼성","KBO","https://www.koreabaseball.com/Record/Player/PitcherDetail/Total.aspx?playerId=50430"
"50430","홍원표","2024","삼성","KBO","https://www.koreabaseball.com/Record/Player/PitcherDetail/Total.aspx?playerId=50430"
"50430","홍원표","2025","삼성","KBO","https://www.koreabaseball.com/Record/Player/PitcherDetail/Total.aspx?playerId=50430"
"50441","황동재","2020","삼성","KBO","https://www.koreabaseball.com/Record/Player/PitcherDetail/Total.aspx?playerId=50441"
"50441","황동재","2022","삼성","KBO","https://www.koreabaseball.com/Record/Player/PitcherDetail/Total.aspx?playerId=50441"
"50441","황동재","2023","삼성","KBO","https://www.koreabaseball.com/Record/Player/PitcherDetail/Total.aspx?playerId=50441"
"50441","황동재","2024","삼성","KBO","https://www.koreabaseball.com/Record/Player/PitcherDetail/Total.aspx?playerId=50441"
"50441","황동재","2025","삼성","KBO","https://www.koreabaseball.com/Record/Player/PitcherDetail/Total.aspx?playerId=50441"
"50458","김지찬","2020","삼성","KBO","https://www.koreabaseball.com/Record/Player/HitterDetail/Total.aspx?playerId=50458"
"50458","김지찬","2021","삼성","KBO","https://www.koreabaseball.com/Record/Player/HitterDetail/Total.aspx?playerId=50458"
"50458","김지찬","2022","삼성","KBO","https://www.koreabaseball.com/Record/Player/HitterDetail/Total.aspx?playerId=50458"
"50458","김지찬","2023","삼성","KBO","https://www.koreabaseball.com/Record/Player/HitterDetail/Total.aspx?playerId=50458"
"50458","김지찬","2024","삼성","KBO","https://www.koreabaseball.com/Record/Player/HitterDetail/Total.aspx?playerId=50458"
"50458","김지찬","2025","삼성","KBO","https://www.koreabaseball.com/Record/Player/HitterDetail/Total.aspx?playerId=50458"
"50464","이승민","2020","삼성","KBO","https://www.koreabaseball.com/Record/Player/PitcherDetail/Total.aspx?playerId=50464"
"50464","이승민","2021","삼성","KBO","https://www.koreabaseball.com/Record/Player/PitcherDetail/Total.aspx?playerId=50464"
"50464","이승민","2022","삼성","KBO","https://www.koreabaseball.com/Record/Player/PitcherDetail/Total.aspx?playerId=50464"
"50464","이승민","2024","삼성","KBO","https://www.koreabaseball.com/Record/Player/PitcherDetail/Total.aspx?playerId=50464"
"50464","이승민","2025","삼성","KBO","https://www.koreabaseball.com/Record/Player/PitcherDetail/Total.aspx?playerId=50464"
"50500","황성빈","2022","롯데","KBO","https://www.koreabaseball.com/Record/Player/HitterDetail/Total.aspx?playerId=50500"
"50500","황성빈","2023","롯데","KBO","https://www.koreabaseball.com/Record/Player/HitterDetail/Total.aspx?playerId=50500"
"50500","황성빈","2024","롯데","KBO","https://www.koreabaseball.com/Record/Player/HitterDetail/Total.aspx?playerId=50500"
"50500","황성빈","2025","롯데","KBO","https://www.koreabaseball.com/Record/Player/HitterDetail/Total.aspx?playerId=50500"
"50556","최준용","2020","롯데","KBO","https://www.koreabaseball.com/Record/Player/PitcherDetail/Total.aspx?playerId=50556"
"50556","최준용","2021","롯데","KBO","https://www.koreabaseball.com/Record/Player/PitcherDetail/Total.aspx?playerId=50556"
"50556","최준용","2022","롯데","KBO","https://www.koreabaseball.com/Record/Player/PitcherDetail/Total.aspx?playerId=50556"
"50556","최준용","2023","롯데","KBO","https://www.koreabaseball.com/Record/Player/PitcherDetail/Total.aspx?playerId=50556"
"50556","최준용","2024","롯데","KBO","https://www.koreabaseball.com/Record/Player/PitcherDetail/Total.aspx?playerId=50556"
"50556","최준용","2025","롯데","KBO","https://www.koreabaseball.com/Record/Player/PitcherDetail/Total.aspx?playerId=50556"
"50596","홍민기","2021","롯데","KBO","https://www.koreabaseball.com/Record/Player/PitcherDetail/Total.aspx?playerId=50596"
"50596","홍민기","2024","롯데","KBO","https://www.koreabaseball.com/Record/Player/PitcherDetail/Total.aspx?playerId=50596"
"50596","홍민기","2025","롯데","KBO","https://www.koreabaseball.com/Record/Player/PitcherDetail/Total.aspx?playerId=50596"
"50600","홍종표","2020","KIA","KBO","https://www.koreabaseball.com/Record/Player/HitterDetail/Total.aspx?playerId=50600"
"50600","홍종표","2023","KIA","KBO","https://www.koreabaseball.com/Record/Player/HitterDetail/Total.aspx?playerId=50600"
"50600","홍종표","2024","KIA","KBO","https://www.koreabaseball.com/Record/Player/HitterDetail/Total.aspx?playerId=50600"
"50600","홍종표","2025","NC","KBO","https://www.koreabaseball.com/Record/Player/HitterDetail/Total.aspx?playerId=50600"
"50604","유지성","2024","KIA","KBO","https://www.koreabaseball.com/Record/Player/PitcherDetail/Total.aspx?playerId=50604"
"50604","유지성","2025","KIA","KBO","https://www.koreabaseball.com/Record/Player/PitcherDetail/Total.aspx?playerId=50604"
"50608","이인한","2024","롯데","KBO","https://www.koreabaseball.com/Record/Player/HitterDetail/Total.aspx?playerId=50608"
"50608","이인한","2025","롯데","KBO","https://www.koreabaseball.com/Record/Player/HitterDetail/Total.aspx?playerId=50608"
"50641","장재혁","2022","KIA","KBO","https://www.koreabaseball.com/Record/Player/PitcherDetail/Total.aspx?playerId=50641"
"50641","장재혁","2024","KIA","KBO","https://www.koreabaseball.com/Record/Player/PitcherDetail/Total.aspx?playerId=50641"
"50641","장재혁","2025","KIA","KBO","https://www.koreabaseball.com/Record/Player/PitcherDetail/Total.aspx?playerId=50641"
"50650","최용준","2021","KIA","KBO","https://www.koreabaseball.com/Record/Player/PitcherDetail/Total.aspx?playerId=50650"
"50650","최용준","2025","KT","KBO","https://www.koreabaseball.com/Record/Player/PitcherDetail/Total.aspx?playerId=50650"
"50657","박민","2020","KIA","KBO","https://www.koreabaseball.com/Record/Player/HitterDetail/Total.aspx?playerId=50657"
"50657","박민","2021","KIA","KBO","https://www.koreabaseball.com/Record/Player/HitterDetail/Total.aspx?playerId=50657"
"50657","박민","2022","KIA","KBO","https://www.koreabaseball.com/Record/Player/HitterDetail/Total.aspx?playerId=50657"
"50657","박민","2024","KIA","KBO","https://www.koreabaseball.com/Record/Player/HitterDetail/Total.aspx?playerId=50657"
"50657","박민","2025","KIA","KBO","https://www.koreabaseball.com/Record/Player/HitterDetail/Total.aspx?playerId=50657"
"50662","정해영","2020","KIA","KBO","https://www.koreabaseball.com/Record/Player/PitcherDetail/Total.aspx?playerId=50662"
"50662","정해영","2021","KIA","KBO","https://www.koreabaseball.com/Record/Player/PitcherDetail/Total.aspx?playerId=50662"
"50662","정해영","2022","KIA","KBO","https://www.koreabaseball.com/Record/Player/PitcherDetail/Total.aspx?playerId=50662"
"50662","정해영","2023","KIA","KBO","https://www.koreabaseball.com/Record/Player/PitcherDetail/Total.aspx?playerId=50662"
"50662","정해영","2024","KIA","KBO","https://www.koreabaseball.com/Record/Player/PitcherDetail/Total.aspx?playerId=50662"
"50662","정해영","2025","KIA","KBO","https://www.koreabaseball.com/Record/Player/PitcherDetail/Total.aspx?playerId=50662"
"50704","임종찬","2020","한화","KBO","https://www.koreabaseball.com/Record/Player/HitterDetail/Total.aspx?playerId=50704"
"50704","임종찬","2021","한화","KBO","https://www.koreabaseball.com/Record/Player/HitterDetail/Total.aspx?playerId=50704"
"50704","임종찬","2022","한화","KBO","https://www.koreabaseball.com/Record/Player/HitterDetail/Total.aspx?playerId=50704"
"50704","임종찬","2024","한화","KBO","https://www.koreabaseball.com/Record/Player/HitterDetail/Total.aspx?playerId=50704"
"50704","임종찬","2025","한화","KBO","https://www.koreabaseball.com/Record/Player/HitterDetail/Total.aspx?playerId=50704"
"50705","강재민","2020","한화","KBO","https://www.koreabaseball.com/Record/Player/PitcherDetail/Total.aspx?playerId=50705"
"50705","강재민","2021","한화","KBO","https://www.koreabaseball.com/Record/Player/PitcherDetail/Total.aspx?playerId=50705"
"50705","강재민","2022","한화","KBO","https://www.koreabaseball.com/Record/Player/PitcherDetail/Total.aspx?playerId=50705"
"50705","강재민","2023","한화","KBO","https://www.koreabaseball.com/Record/Player/PitcherDetail/Total.aspx?playerId=50705"
"50705","강재민","2025","한화","KBO","https://www.koreabaseball.com/Record/Player/PitcherDetail/Total.aspx?playerId=50705"
"50707","최인호","2020","한화","KBO","https://www.koreabaseball.com/Record/Player/HitterDetail/Total.aspx?playerId=50707"
"50707","최인호","2021","한화","KBO","https://www.koreabaseball.com/Record/Player/HitterDetail/Total.aspx?playerId=50707"
"50707","최인호","2023","한화","KBO","https://www.koreabaseball.com/Record/Player/HitterDetail/Total.aspx?playerId=50707"
"50707","최인호","2024","한화","KBO","https://www.koreabaseball.com/Record/Player/HitterDetail/Total.aspx?playerId=50707"
"50707","최인호","2025","한화","KBO","https://www.koreabaseball.com/Record/Player/HitterDetail/Total.aspx?playerId=50707"
"50709","박정현","2020","한화","KBO","https://www.koreabaseball.com/Record/Player/HitterDetail/Total.aspx?playerId=50709"
"50709","박정현","2021","한화","KBO","https://www.koreabaseball.com/Record/Player/HitterDetail/Total.aspx?playerId=50709"
"50709","박정현","2022","한화","KBO","https://www.koreabaseball.com/Record/Player/HitterDetail/Total.aspx?playerId=50709"
"50709","박정현","2023","한화","KBO","https://www.koreabaseball.com/Record/Player/HitterDetail/Total.aspx?playerId=50709"
"50709","박정현","2025","한화","KBO","https://www.koreabaseball.com/Record/Player/HitterDetail/Total.aspx?playerId=50709"
"50711","김승일","2024","한화","KBO","https://www.koreabaseball.com/Record/Player/PitcherDetail/Total.aspx?playerId=50711"
"50711","김승일","2025","한화","KBO","https://www.koreabaseball.com/Record/Player/PitcherDetail/Total.aspx?playerId=50711"
"50812","박시후","2022","SSG","KBO","https://www.koreabaseball.com/Record/Player/PitcherDetail/Total.aspx?playerId=50812"
"50812","박시후","2024","SSG","KBO","https://www.koreabaseball.com/Record/Player/PitcherDetail/Total.aspx?playerId=50812"
"50812","박시후","2025","SSG","KBO","https://www.koreabaseball.com/Record/Player/PitcherDetail/Total.aspx?playerId=50812"
"50840","현원회","2020","SK","KBO","https://www.koreabaseball.com/Record/Player/HitterDetail/Total.aspx?playerId=50840"
"50840","현원회","2024","SSG","KBO","https://www.koreabaseball.com/Record/Player/HitterDetail/Total.aspx?playerId=50840"
"50840","현원회","2025","SSG","KBO","https://www.koreabaseball.com/Record/Player/HitterDetail/Total.aspx?playerId=50840"
"50848","김성민","2020","SK","KBO","https://www.koreabaseball.com/Record/Player/HitterDetail/Total.aspx?playerId=50848"
"50854","최지훈","2020","SK","KBO","https://www.koreabaseball.com/Record/Player/HitterDetail/Total.aspx?playerId=50854"
"50854","최지훈","2021","SSG","KBO","https://www.koreabaseball.com/Record/Player/HitterDetail/Total.aspx?playerId=50854"
"50854","최지훈","2022","SSG","KBO","https://www.koreabaseball.com/Record/Player/HitterDetail/Total.aspx?playerId=50854"
"50854","최지훈","2023","SSG","KBO","https://www.koreabaseball.com/Record/Player/HitterDetail/Total.aspx?playerId=50854"
"50854","최지훈","2024","SSG","KBO","https://www.koreabaseball.com/Record/Player/HitterDetail/Total.aspx?playerId=50854"
"50854","최지훈","2025","SSG","KBO","https://www.koreabaseball.com/Record/Player/HitterDetail/Total.aspx?playerId=50854"
"50859","오원석","2020","SK","KBO","https://www.koreabaseball.com/Record/Player/PitcherDetail/Total.aspx?playerId=50859"
"50859","오원석","2021","SSG","KBO","https://www.koreabaseball.com/Record/Player/PitcherDetail/Total.aspx?playerId=50859"
"50859","오원석","2022","SSG","KBO","https://www.koreabaseball.com/Record/Player/PitcherDetail/Total.aspx?playerId=50859"
"50859","오원석","2023","SSG","KBO","https://www.koreabaseball.com/Record/Player/PitcherDetail/Total.aspx?playerId=50859"
"50859","오원석","2024","SSG","KBO","https://www.koreabaseball.com/Record/Player/PitcherDetail/Total.aspx?playerId=50859"
"50859","오원석","2025","KT","KBO","https://www.koreabaseball.com/Record/Player/PitcherDetail/Total.aspx?playerId=50859"
"50868","류효승","2020","SK","KBO","https://www.koreabaseball.com/Record/Player/HitterDetail/Total.aspx?playerId=50868"
"50868","류효승","2023","SSG","KBO","https://www.koreabaseball.com/Record/Player/HitterDetail/Total.aspx?playerId=50868"
"50868","류효승","2024","SSG","KBO","https://www.koreabaseball.com/Record/Player/HitterDetail/Total.aspx?playerId=50868"
"50868","류효승","2025","SSG","KBO","https://www.koreabaseball.com/Record/Player/HitterDetail/Total.aspx?playerId=50868"
"50901","안인산","2021","NC","KBO","https://www.koreabaseball.com/Record/Player/HitterDetail/Total.aspx?playerId=50901"
"50901","안인산","2025","NC","KBO","https://www.koreabaseball.com/Record/Player/HitterDetail/Total.aspx?playerId=50901"
"50902","김한별","2022","NC","KBO","https://www.koreabaseball.com/Record/Player/HitterDetail/Total.aspx?playerId=50902"
"50902","김한별","2023","NC","KBO","https://www.koreabaseball.com/Record/Player/HitterDetail/Total.aspx?playerId=50902"
"50902","김한별","2024","NC","KBO","https://www.koreabaseball.com/Record/Player/HitterDetail/Total.aspx?playerId=50902"
"50902","김한별","2025","NC","KBO","https://www.koreabaseball.com/Record/Player/HitterDetail/Total.aspx?playerId=50902"
"50903","한재환","2024","NC","KBO","https://www.koreabaseball.com/Record/Player/HitterDetail/Total.aspx?playerId=50903"
"50903","한재환","2025","NC","KBO","https://www.koreabaseball.com/Record/Player/HitterDetail/Total.aspx?playerId=50903"
"50904","이종준","2024","LG","KBO","https://www.koreabaseball.com/Record/Player/PitcherDetail/Total.aspx?playerId=50904"
"50904","이종준","2025","LG","KBO","https://www.koreabaseball.com/Record/Player/PitcherDetail/Total.aspx?playerId=50904"
"50906","박영빈","2023","NC","KBO","https://www.koreabaseball.com/Record/Player/HitterDetail/Total.aspx?playerId=50906"
"50906","박영빈","2024","NC","KBO","https://www.koreabaseball.com/Record/Player/HitterDetail/Total.aspx?playerId=50906"
"50906","박영빈","2025","NC","KBO","https://www.koreabaseball.com/Record/Player/HitterDetail/Total.aspx?playerId=50906"
"50992","김태경","2020","NC","KBO","https://www.koreabaseball.com/Record/Player/PitcherDetail/Total.aspx?playerId=50992"
"50992","김태경","2021","NC","KBO","https://www.koreabaseball.com/Record/Player/PitcherDetail/Total.aspx?playerId=50992"
"50992","김태경","2022","NC","KBO","https://www.koreabaseball.com/Record/Player/PitcherDetail/Total.aspx?playerId=50992"
"50992","김태경","2025","NC","KBO","https://www.koreabaseball.com/Record/Player/PitcherDetail/Total.aspx?playerId=50992"
"50996","박시원","2020","NC","KBO","https://www.koreabaseball.com/Record/Player/HitterDetail/Total.aspx?playerId=50996"
"50996","박시원","2021","NC","KBO","https://www.koreabaseball.com/Record/Player/HitterDetail/Total.aspx?playerId=50996"
"50996","박시원","2024","NC","KBO","https://www.koreabaseball.com/Record/Player/HitterDetail/Total.aspx?playerId=50996"
"50996","박시원","2025","NC","KBO","https://www.koreabaseball.com/Record/Player/HitterDetail/Total.aspx?playerId=50996"
"51003","권동진","2021","KT","KBO","https://www.koreabaseball.com/Record/Player/HitterDetail/Total.aspx?playerId=51003"
"51003","권동진","2022","KT","KBO","https://www.koreabaseball.com/Record/Player/HitterDetail/Total.aspx?playerId=51003"
"51003","권동진","2024","KT","KBO","https://www.koreabaseball.com/Record/Player/HitterDetail/Total.aspx?playerId=51003"
"51003","권동진","2025","KT","KBO","https://www.koreabaseball.com/Record/Player/HitterDetail/Total.aspx?playerId=51003"
"51005","김건형","2021","KT","KBO","https://www.koreabaseball.com/Record/Player/HitterDetail/Total.aspx?playerId=51005"
"51005","김건형","2024","KT","KBO","https://www.koreabaseball.com/Record/Player/HitterDetail/Total.aspx?playerId=51005"
"51005","김건형","2025","KT","KBO","https://www.koreabaseball.com/Record/Player/HitterDetail/Total.aspx?playerId=51005"
"51007","최성민","2025","KT","KBO","https://www.koreabaseball.com/Record/Player/HitterDetail/Total.aspx?playerId=51007"
"51013","유준규","2022","KT","KBO","https://www.koreabaseball.com/Record/Player/HitterDetail/Total.aspx?playerId=51013"
"51013","유준규","2025","KT","KBO","https://www.koreabaseball.com/Record/Player/HitterDetail/Total.aspx?playerId=51013"
"51058","한차현","2021","KT","KBO","https://www.koreabaseball.com/Record/Player/PitcherDetail/Total.aspx?playerId=51058"
"51058","한차현","2024","KT","KBO","https://www.koreabaseball.com/Record/Player/PitcherDetail/Total.aspx?playerId=51058"
"51058","한차현","2025","KT","KBO","https://www.koreabaseball.com/Record/Player/PitcherDetail/Total.aspx?playerId=51058"
"51100","이영빈","2021","LG","KBO","https://www.koreabaseball.com/Record/Player/HitterDetail/Total.aspx?playerId=51100"
"51100","이영빈","2022","LG","KBO","https://www.koreabaseball.com/Record/Player/HitterDetail/Total.aspx?playerId=51100"
"51100","이영빈","2024","LG","KBO","https://www.koreabaseball.com/Record/Player/HitterDetail/Total.aspx?playerId=51100"
"51100","이영빈","2025","LG","KBO","https://www.koreabaseball.com/Record/Player/HitterDetail/Total.aspx?playerId=51100"
"51111","송승기","2022","LG","KBO","https://www.koreabaseball.com/Record/Player/PitcherDetail/Total.aspx?playerId=51111"
"51111","송승기","2023","LG","KBO","https://www.koreabaseball.com/Record/Player/PitcherDetail/Total.aspx?playerId=51111"
"51111","송승기","2025","LG","KBO","https://www.koreabaseball.com/Record/Player/PitcherDetail/Total.aspx?playerId=51111"
"51154","김진수","2021","LG","KBO","https://www.koreabaseball.com/Record/Player/PitcherDetail/Total.aspx?playerId=51154"
"51154","김진수","2024","LG","KBO","https://www.koreabaseball.com/Record/Player/PitcherDetail/Total.aspx?playerId=51154"
"51154","김진수","2025","LG","KBO","https://www.koreabaseball.com/Record/Player/PitcherDetail/Total.aspx?playerId=51154"
"51203","안재석","2021","두산","KBO","https://www.koreabaseball.com/Record/Player/HitterDetail/Total.aspx?playerId=51203"
"51203","안재석","2022","두산","KBO","https://www.koreabaseball.com/Record/Player/HitterDetail/Total.aspx?playerId=51203"
"51203","안재석","2023","두산","KBO","https://www.koreabaseball.com/Record/Player/HitterDetail/Total.aspx?playerId=51203"
"51203","안재석","2025","두산","KBO","https://www.koreabaseball.com/Record/Player/HitterDetail/Total.aspx?playerId=51203"
"51264","최승용","2021","두산","KBO","https://www.koreabaseball.com/Record/Player/PitcherDetail/Total.aspx?playerId=51264"
"51264","최승용","2022","두산","KBO","https://www.koreabaseball.com/Record/Player/PitcherDetail/Total.aspx?playerId=51264"
"51264","최승용","2023","두산","KBO","https://www.koreabaseball.com/Record/Player/PitcherDetail/Total.aspx?playerId=51264"
"51264","최승용","2024","두산","KBO","https://www.koreabaseball.com/Record/Player/PitcherDetail/Total.aspx?playerId=51264"
"51264","최승용","2025","두산","KBO","https://www.koreabaseball.com/Record/Player/PitcherDetail/Total.aspx?playerId=51264"
"51269","강현구","2022","두산","KBO","https://www.koreabaseball.com/Record/Player/HitterDetail/Total.aspx?playerId=51269"
"51269","강현구","2025","두산","KBO","https://www.koreabaseball.com/Record/Player/HitterDetail/Total.aspx?playerId=51269"
"51298","박성재","2021","두산","KBO","https://www.koreabaseball.com/Record/Player/HitterDetail/Total.aspx?playerId=51298"
"51298","박성재","2025","두산","KBO","https://www.koreabaseball.com/Record/Player/HitterDetail/Total.aspx?playerId=51298"
"51302","이주형","2021","키움","KBO","https://www.koreabaseball.com/Record/Player/HitterDetail/Total.aspx?playerId=51302"
"51302","이주형","2022","키움","KBO","https://www.koreabaseball.com/Record/Player/HitterDetail/Total.aspx?playerId=51302"
"51302","이주형","2025","키움","KBO","https://www.koreabaseball.com/Record/Player/HitterDetail/Total.aspx?playerId=51302"
"51344","김휘집","2021","키움","KBO","https://www.koreabaseball.com/Record/Player/HitterDetail/Total.aspx?playerId=51344"
"51344","김휘집","2022","키움","KBO","https://www.koreabaseball.com/Record/Player/HitterDetail/Total.aspx?playerId=51344"
"51344","김휘집","2023","키움","KBO","https://www.koreabaseball.com/Record/Player/HitterDetail/Total.aspx?playerId=51344"
"51344","김휘집","2024","NC","KBO","https://www.koreabaseball.com/Record/Player/HitterDetail/Total.aspx?playerId=51344"
"51344","김휘집","2025","NC","KBO","https://www.koreabaseball.com/Record/Player/HitterDetail/Total.aspx?playerId=51344"
"51407","이창용","2024","삼성","KBO","https://www.koreabaseball.com/Record/Player/HitterDetail/Total.aspx?playerId=51407"
"51407","이창용","2025","삼성","KBO","https://www.koreabaseball.com/Record/Player/HitterDetail/Total.aspx?playerId=51407"
"51454","이승현","2021","삼성","KBO","https://www.koreabaseball.com/Record/Player/PitcherDetail/Total.aspx?playerId=51454"
"51454","이승현","2022","삼성","KBO","https://www.koreabaseball.com/Record/Player/PitcherDetail/Total.aspx?playerId=51454"
"51454","이승현","2023","삼성","KBO","https://www.koreabaseball.com/Record/Player/PitcherDetail/Total.aspx?playerId=51454"
"51454","이승현","2024","삼성","KBO","https://www.koreabaseball.com/Record/Player/PitcherDetail/Total.aspx?playerId=51454"
"51454","이승현","2025","삼성","KBO","https://www.koreabaseball.com/Record/Player/PitcherDetail/Total.aspx?playerId=51454"
"51460","이재희","2021","삼성","KBO","https://www.koreabaseball.com/Record/Player/PitcherDetail/Total.aspx?playerId=51460"
"51460","이재희","2023","삼성","KBO","https://www.koreabaseball.com/Record/Player/PitcherDetail/Total.aspx?playerId=51460"
"51460","이재희","2025","삼성","KBO","https://www.koreabaseball.com/Record/Player/PitcherDetail/Total.aspx?playerId=51460"
"51516","김진욱","2021","롯데","KBO","https://www.koreabaseball.com/Record/Player/PitcherDetail/Total.aspx?playerId=51516"
"51516","김진욱","2022","롯데","KBO","https://www.koreabaseball.com/Record/Player/PitcherDetail/Total.aspx?playerId=51516"
"51516","김진욱","2023","롯데","KBO","https://www.koreabaseball.com/Record/Player/PitcherDetail/Total.aspx?playerId=51516"
"51516","김진욱","2024","롯데","KBO","https://www.koreabaseball.com/Record/Player/PitcherDetail/Total.aspx?playerId=51516"
"51516","김진욱","2025","롯데","KBO","https://www.koreabaseball.com/Record/Player/PitcherDetail/Total.aspx?playerId=51516"
"51526","우강훈","2023","롯데","KBO","https://www.koreabaseball.com/Record/Player/PitcherDetail/Total.aspx?playerId=51526"
"51526","우강훈","2024","LG","KBO","https://www.koreabaseball.com/Record/Player/PitcherDetail/Total.aspx?playerId=51526"
"51526","우강훈","2025","LG","KBO","https://www.koreabaseball.com/Record/Player/PitcherDetail/Total.aspx?playerId=51526"
"51528","손성빈","2021","롯데","KBO","https://www.koreabaseball.com/Record/Player/HitterDetail/Total.aspx?playerId=51528"
"51528","손성빈","2023","롯데","KBO","https://www.koreabaseball.com/Record/Player/HitterDetail/Total.aspx?playerId=51528"
"51528","손성빈","2024","롯데","KBO","https://www.koreabaseball.com/Record/Player/HitterDetail/Total.aspx?playerId=51528"
"51528","손성빈","2025","롯데","KBO","https://www.koreabaseball.com/Record/Player/HitterDetail/Total.aspx?playerId=51528"
"51546","정우준","2021","롯데","KBO","https://www.koreabaseball.com/Record/Player/PitcherDetail/Total.aspx?playerId=51546"
"51546","정우준","2024","롯데","KBO","https://www.koreabaseball.com/Record/Player/PitcherDetail/Total.aspx?playerId=51546"
"51546","정우준","2025","롯데","KBO","https://www.koreabaseball.com/Record/Player/PitcherDetail/Total.aspx?playerId=51546"
"51551","나승엽","2021","롯데","KBO","https://www.koreabaseball.com/Record/Player/HitterDetail/Total.aspx?playerId=51551"
"51551","나승엽","2024","롯데","KBO","https://www.koreabaseball.com/Record/Player/HitterDetail/Total.aspx?playerId=51551"
"51551","나승엽","2025","롯데","KBO","https://www.koreabaseball.com/Record/Player/HitterDetail/Total.aspx?playerId=51551"
"51594","송재영","2021","롯데","KBO","https://www.koreabaseball.com/Record/Player/PitcherDetail/Total.aspx?playerId=51594"
"51594","송재영","2024","롯데","KBO","https://www.koreabaseball.com/Record/Player/PitcherDetail/Total.aspx?playerId=51594"
"51594","송재영","2025","롯데","KBO","https://www.koreabaseball.com/Record/Player/PitcherDetail/Total.aspx?playerId=51594"
"51648","이의리","2021","KIA","KBO","https://www.koreabaseball.com/Record/Player/PitcherDetail/Total.aspx?playerId=51648"
"51648","이의리","2022","KIA","KBO","https://www.koreabaseball.com/Record/Player/PitcherDetail/Total.aspx?playerId=51648"
"51648","이의리","2023","KIA","KBO","https://www.koreabaseball.com/Record/Player/PitcherDetail/Total.aspx?playerId=51648"
"51648","이의리","2024","KIA","KBO","https://www.koreabaseball.com/Record/Player/PitcherDetail/Total.aspx?playerId=51648"
"51648","이의리","2025","KIA","KBO","https://www.koreabaseball.com/Record/Player/PitcherDetail/Total.aspx?playerId=51648"
"51715","김기중","2021","한화","KBO","https://www.koreabaseball.com/Record/Player/PitcherDetail/Total.aspx?playerId=51715"
"51715","김기중","2022","한화","KBO","https://www.koreabaseball.com/Record/Player/PitcherDetail/Total.aspx?playerId=51715"
"51715","김기중","2023","한화","KBO","https://www.koreabaseball.com/Record/Player/PitcherDetail/Total.aspx?playerId=51715"
"51715","김기중","2024","한화","KBO","https://www.koreabaseball.com/Record/Player/PitcherDetail/Total.aspx?playerId=51715"
"51715","김기중","2025","한화","KBO","https://www.koreabaseball.com/Record/Player/PitcherDetail/Total.aspx?playerId=51715"
"51761","배동현","2021","한화","KBO","https://www.koreabaseball.com/Record/Player/PitcherDetail/Total.aspx?playerId=51761"
"51762","장규현","2021","한화","KBO","https://www.koreabaseball.com/Record/Player/HitterDetail/Total.aspx?playerId=51762"
"51762","장규현","2024","한화","KBO","https://www.koreabaseball.com/Record/Player/HitterDetail/Total.aspx?playerId=51762"
"51762","장규현","2025","한화","KBO","https://www.koreabaseball.com/Record/Player/HitterDetail/Total.aspx?playerId=51762"
"51764","정민규","2021","한화","KBO","https://www.koreabaseball.com/Record/Player/HitterDetail/Total.aspx?playerId=51764"
"51764","정민규","2022","한화","KBO","https://www.koreabaseball.com/Record/Player/HitterDetail/Total.aspx?playerId=51764"
"51865","조형우","2022","SSG","KBO","https://www.koreabaseball.com/Record/Player/HitterDetail/Total.aspx?playerId=51865"
"51865","조형우","2023","SSG","KBO","https://www.koreabaseball.com/Record/Player/HitterDetail/Total.aspx?playerId=51865"
"51865","조형우","2024","SSG","KBO","https://www.koreabaseball.com/Record/Player/HitterDetail/Total.aspx?playerId=51865"
"51865","조형우","2025","SSG","KBO","https://www.koreabaseball.com/Record/Player/HitterDetail/Total.aspx?playerId=51865"
"51867","김건우","2021","SSG","KBO","https://www.koreabaseball.com/Record/Player/PitcherDetail/Total.aspx?playerId=51867"
"51867","김건우","2022","SSG","KBO","https://www.koreabaseball.com/Record/Player/PitcherDetail/Total.aspx?playerId=51867"
"51867","김건우","2025","SSG","KBO","https://www.koreabaseball.com/Record/Player/PitcherDetail/Total.aspx?playerId=51867"
"51868","고명준","2021","SSG","KBO","https://www.koreabaseball.com/Record/Player/HitterDetail/Total.aspx?playerId=51868"
"51868","고명준","2023","SSG","KBO","https://www.koreabaseball.com/Record/Player/HitterDetail/Total.aspx?playerId=51868"
"51868","고명준","2024","SSG","KBO","https://www.koreabaseball.com/Record/Player/HitterDetail/Total.aspx?playerId=51868"
"51868","고명준","2025","SSG","KBO","https://www.koreabaseball.com/Record/Player/HitterDetail/Total.aspx?playerId=51868"
"51895","장지훈","2021","SSG","KBO","https://www.koreabaseball.com/Record/Player/PitcherDetail/Total.aspx?playerId=51895"
"51895","장지훈","2022","SSG","KBO","https://www.koreabaseball.com/Record/Player/PitcherDetail/Total.aspx?playerId=51895"
"51895","장지훈","2024","SSG","KBO","https://www.koreabaseball.com/Record/Player/PitcherDetail/Total.aspx?playerId=51895"
"51897","조병현","2021","SSG","KBO","https://www.koreabaseball.com/Record/Player/PitcherDetail/Total.aspx?playerId=51897"
"51897","조병현","2024","SSG","KBO","https://www.koreabaseball.com/Record/Player/PitcherDetail/Total.aspx?playerId=51897"
"51897","조병현","2025","SSG","KBO","https://www.koreabaseball.com/Record/Player/PitcherDetail/Total.aspx?playerId=51897"
"51903","김정호","2025","NC","KBO","https://www.koreabaseball.com/Record/Player/HitterDetail/Total.aspx?playerId=51903"
"51907","김주원","2021","NC","KBO","https://www.koreabaseball.com/Record/Player/HitterDetail/Total.aspx?playerId=51907"
"51907","김주원","2022","NC","KBO","https://www.koreabaseball.com/Record/Player/HitterDetail/Total.aspx?playerId=51907"
"51907","김주원","2023","NC","KBO","https://www.koreabaseball.com/Record/Player/HitterDetail/Total.aspx?playerId=51907"
"51907","김주원","2024","NC","KBO","https://www.koreabaseball.com/Record/Player/HitterDetail/Total.aspx?playerId=51907"
"51907","김주원","2025","NC","KBO","https://www.koreabaseball.com/Record/Player/HitterDetail/Total.aspx?playerId=51907"
"51994","한재승","2022","NC","KBO","https://www.koreabaseball.com/Record/Player/PitcherDetail/Total.aspx?playerId=51994"
"51994","한재승","2023","NC","KBO","https://www.koreabaseball.com/Record/Player/PitcherDetail/Total.aspx?playerId=51994"
"51994","한재승","2024","NC","KBO","https://www.koreabaseball.com/Record/Player/PitcherDetail/Total.aspx?playerId=51994"
"51994","한재승","2025","KIA","KBO","https://www.koreabaseball.com/Record/Player/PitcherDetail/Total.aspx?playerId=51994"
"51996","오태양","2021","NC","KBO","https://www.koreabaseball.com/Record/Player/HitterDetail/Total.aspx?playerId=51996"
"51996","오태양","2022","NC","KBO","https://www.koreabaseball.com/Record/Player/HitterDetail/Total.aspx?playerId=51996"
"51996","오태양","2023","NC","KBO","https://www.koreabaseball.com/Record/Player/HitterDetail/Total.aspx?playerId=51996"
"51996","오태양","2025","NC","KBO","https://www.koreabaseball.com/Record/Player/HitterDetail/Total.aspx?playerId=51996"
"52001","안현민","2024","KT","KBO","https://www.koreabaseball.com/Record/Player/HitterDetail/Total.aspx?playerId=52001"
"52001","안현민","2025","KT","KBO","https://www.koreabaseball.com/Record/Player/HitterDetail/Total.aspx?playerId=52001"
"52002","김병준","2023","KT","KBO","https://www.koreabaseball.com/Record/Player/HitterDetail/Total.aspx?playerId=52002"
"52002","김병준","2024","KT","KBO","https://www.koreabaseball.com/Record/Player/HitterDetail/Total.aspx?playerId=52002"
"52002","김병준","2025","KT","KBO","https://www.koreabaseball.com/Record/Player/HitterDetail/Total.aspx?playerId=52002"
"52060","박영현","2022","KT","KBO","https://www.koreabaseball.com/Record/Player/PitcherDetail/Total.aspx?playerId=52060"
"52060","박영현","2023","KT","KBO","https://www.koreabaseball.com/Record/Player/PitcherDetail/Total.aspx?playerId=52060"
"52060","박영현","2024","KT","KBO","https://www.koreabaseball.com/Record/Player/PitcherDetail/Total.aspx?playerId=52060"
"52060","박영현","2025","KT","KBO","https://www.koreabaseball.com/Record/Player/PitcherDetail/Total.aspx?playerId=52060"
"52103","최원영","2024","LG","KBO","https://www.koreabaseball.com/Record/Player/HitterDetail/Total.aspx?playerId=52103"
"52103","최원영","2025","LG","KBO","https://www.koreabaseball.com/Record/Player/HitterDetail/Total.aspx?playerId=52103"
"52105","김성우","2024","LG","KBO","https://www.koreabaseball.com/Record/Player/HitterDetail/Total.aspx?playerId=52105"
"52105","김성우","2025","LG","KBO","https://www.koreabaseball.com/Record/Player/HitterDetail/Total.aspx?playerId=52105"
"52119","허준혁","2022","LG","KBO","https://www.koreabaseball.com/Record/Player/PitcherDetail/Total.aspx?playerId=52119"
"52121","문정빈","2025","LG","KBO","https://www.koreabaseball.com/Record/Player/HitterDetail/Total.aspx?playerId=52121"
"52154","이주헌","2024","LG","KBO","https://www.koreabaseball.com/Record/Player/HitterDetail/Total.aspx?playerId=52154"
"52154","이주헌","2025","LG","KBO","https://www.koreabaseball.com/Record/Player/HitterDetail/Total.aspx?playerId=52154"
"52202","윤태호","2025","두산","KBO","https://www.koreabaseball.com/Record/Player/PitcherDetail/Total.aspx?playerId=52202"
"52204","이병헌","2022","두산","KBO","https://www.koreabaseball.com/Record/Player/PitcherDetail/Total.aspx?playerId=52204"
"52204","이병헌","2023","두산","KBO","https://www.koreabaseball.com/Record/Player/PitcherDetail/Total.aspx?playerId=52204"
"52204","이병헌","2024","두산","KBO","https://www.koreabaseball.com/Record/Player/PitcherDetail/Total.aspx?playerId=52204"
"52204","이병헌","2025","두산","KBO","https://www.koreabaseball.com/Record/Player/PitcherDetail/Total.aspx?playerId=52204"
"52206","최지강","2022","두산","KBO","https://www.koreabaseball.com/Record/Player/PitcherDetail/Total.aspx?playerId=52206"
"52206","최지강","2023","두산","KBO","https://www.koreabaseball.com/Record/Player/PitcherDetail/Total.aspx?playerId=52206"
"52206","최지강","2024","두산","KBO","https://www.koreabaseball.com/Record/Player/PitcherDetail/Total.aspx?playerId=52206"
"52206","최지강","2025","두산","KBO","https://www.koreabaseball.com/Record/Player/PitcherDetail/Total.aspx?playerId=52206"
"52208","천현재","2025","두산","KBO","https://www.koreabaseball.com/Record/Player/HitterDetail/Total.aspx?playerId=52208"
"52267","김동준","2025","두산","KBO","https://www.koreabaseball.com/Record/Player/HitterDetail/Total.aspx?playerId=52267"
"52305","박수종","2023","키움","KBO","https://www.koreabaseball.com/Record/Player/HitterDetail/Total.aspx?playerId=52305"
"52305","박수종","2024","키움","KBO","https://www.koreabaseball.com/Record/Player/HitterDetail/Total.aspx?playerId=52305"
"52305","박수종","2025","키움","KBO","https://www.koreabaseball.com/Record/Player/HitterDetail/Total.aspx?playerId=52305"
"52330","주승우","2022","키움","KBO","https://www.koreabaseball.com/Record/Player/PitcherDetail/Total.aspx?playerId=52330"
"52330","주승우","2023","키움","KBO","https://www.koreabaseball.com/Record/Player/PitcherDetail/Total.aspx?playerId=52330"
"52330","주승우","2024","키움","KBO","https://www.koreabaseball.com/Record/Player/PitcherDetail/Total.aspx?playerId=52330"
"52330","주승우","2025","키움","KBO","https://www.koreabaseball.com/Record/Player/PitcherDetail/Total.aspx?playerId=52330"
"52395","윤석원","2023","키움","KBO","https://www.koreabaseball.com/Record/Player/PitcherDetail/Total.aspx?playerId=52395"
"52395","윤석원","2024","키움","KBO","https://www.koreabaseball.com/Record/Player/PitcherDetail/Total.aspx?playerId=52395"
"52395","윤석원","2025","키움","KBO","https://www.koreabaseball.com/Record/Player/PitcherDetail/Total.aspx?playerId=52395"
"52415","이재현","2022","삼성","KBO","https://www.koreabaseball.com/Record/Player/HitterDetail/Total.aspx?playerId=52415"
"52415","이재현","2023","삼성","KBO","https://www.koreabaseball.com/Record/Player/HitterDetail/Total.aspx?playerId=52415"
"52415","이재현","2024","삼성","KBO","https://www.koreabaseball.com/Record/Player/HitterDetail/Total.aspx?playerId=52415"
"52415","이재현","2025","삼성","KBO","https://www.koreabaseball.com/Record/Player/HitterDetail/Total.aspx?playerId=52415"
"52424","김재혁","2022","삼성","KBO","https://www.koreabaseball.com/Record/Player/HitterDetail/Total.aspx?playerId=52424"
"52424","김재혁","2024","삼성","KBO","https://www.koreabaseball.com/Record/Player/HitterDetail/Total.aspx?playerId=52424"
"52424","김재혁","2025","삼성","KBO","https://www.koreabaseball.com/Record/Player/HitterDetail/Total.aspx?playerId=52424"
"52430","김영웅","2022","삼성","KBO","https://www.koreabaseball.com/Record/Player/HitterDetail/Total.aspx?playerId=52430"
"52430","김영웅","2023","삼성","KBO","https://www.koreabaseball.com/Record/Player/HitterDetail/Total.aspx?playerId=52430"
"52430","김영웅","2024","삼성","KBO","https://www.koreabaseball.com/Record/Player/HitterDetail/Total.aspx?playerId=52430"
"52430","김영웅","2025","삼성","KBO","https://www.koreabaseball.com/Record/Player/HitterDetail/Total.aspx?playerId=52430"
"52504","김동혁","2023","롯데","KBO","https://www.koreabaseball.com/Record/Player/HitterDetail/Total.aspx?playerId=52504"
"52504","김동혁","2024","롯데","KBO","https://www.koreabaseball.com/Record/Player/HitterDetail/Total.aspx?playerId=52504"
"52504","김동혁","2025","롯데","KBO","https://www.koreabaseball.com/Record/Player/HitterDetail/Total.aspx?playerId=52504"
"52514","김세민","2022","롯데","KBO","https://www.koreabaseball.com/Record/Player/HitterDetail/Total.aspx?playerId=52514"
"52516","조세진","2022","롯데","KBO","https://www.koreabaseball.com/Record/Player/HitterDetail/Total.aspx?playerId=52516"
"52516","조세진","2025","롯데","KBO","https://www.koreabaseball.com/Record/Player/HitterDetail/Total.aspx?playerId=52516"
"52530","이민석","2022","롯데","KBO","https://www.koreabaseball.com/Record/Player/PitcherDetail/Total.aspx?playerId=52530"
"52530","이민석","2023","롯데","KBO","https://www.koreabaseball.com/Record/Player/PitcherDetail/Total.aspx?playerId=52530"
"52530","이민석","2024","롯데","KBO","https://www.koreabaseball.com/Record/Player/PitcherDetail/Total.aspx?playerId=52530"
"52530","이민석","2025","롯데","KBO","https://www.koreabaseball.com/Record/Player/PitcherDetail/Total.aspx?playerId=52530"
"52568","한태양","2022","롯데","KBO","https://www.koreabaseball.com/Record/Player/HitterDetail/Total.aspx?playerId=52568"
"52568","한태양","2025","롯데","KBO","https://www.koreabaseball.com/Record/Player/HitterDetail/Total.aspx?playerId=52568"
"52591","윤동희","2022","롯데","KBO","https://www.koreabaseball.com/Record/Player/HitterDetail/Total.aspx?playerId=52591"
"52591","윤동희","2023","롯데","KBO","https://www.koreabaseball.com/Record/Player/HitterDetail/Total.aspx?playerId=52591"
"52591","윤동희","2024","롯데","KBO","https://www.koreabaseball.com/Record/Player/HitterDetail/Total.aspx?playerId=52591"
"52591","윤동희","2025","롯데","KBO","https://www.koreabaseball.com/Record/Player/HitterDetail/Total.aspx?playerId=52591"
"52605","김도영","2022","KIA","KBO","https://www.koreabaseball.com/Record/Player/HitterDetail/Total.aspx?playerId=52605"
"52605","김도영","2023","KIA","KBO","https://www.koreabaseball.com/Record/Player/HitterDetail/Total.aspx?playerId=52605"
"52605","김도영","2024","KIA","KBO","https://www.koreabaseball.com/Record/Player/HitterDetail/Total.aspx?playerId=52605"
"52605","김도영","2025","KIA","KBO","https://www.koreabaseball.com/Record/Player/HitterDetail/Total.aspx?playerId=52605"
"52639","최지민","2022","KIA","KBO","https://www.koreabaseball.com/Record/Player/PitcherDetail/Total.aspx?playerId=52639"
"52639","최지민","2023","KIA","KBO","https://www.koreabaseball.com/Record/Player/PitcherDetail/Total.aspx?playerId=52639"
"52639","최지민","2024","KIA","KBO","https://www.koreabaseball.com/Record/Player/PitcherDetail/Total.aspx?playerId=52639"
"52639","최지민","2025","KIA","KBO","https://www.koreabaseball.com/Record/Player/PitcherDetail/Total.aspx?playerId=52639"
"52641","황동하","2023","KIA","KBO","https://www.koreabaseball.com/Record/Player/PitcherDetail/Total.aspx?playerId=52641"
"52641","황동하","2024","KIA","KBO","https://www.koreabaseball.com/Record/Player/PitcherDetail/Total.aspx?playerId=52641"
"52641","황동하","2025","KIA","KBO","https://www.koreabaseball.com/Record/Player/PitcherDetail/Total.aspx?playerId=52641"
"52667","윤도현","2023","KIA","KBO","https://www.koreabaseball.com/Record/Player/HitterDetail/Total.aspx?playerId=52667"
"52667","윤도현","2024","KIA","KBO","https://www.koreabaseball.com/Record/Player/HitterDetail/Total.aspx?playerId=52667"
"52667","윤도현","2025","KIA","KBO","https://www.koreabaseball.com/Record/Player/HitterDetail/Total.aspx?playerId=52667"
"52701","문동주","2022","한화","KBO","https://www.koreabaseball.com/Record/Player/PitcherDetail/Total.aspx?playerId=52701"
"52701","문동주","2023","한화","KBO","https://www.koreabaseball.com/Record/Player/PitcherDetail/Total.aspx?playerId=52701"
"52701","문동주","2024","한화","KBO","https://www.koreabaseball.com/Record/Player/PitcherDetail/Total.aspx?playerId=52701"
"52701","문동주","2025","한화","KBO","https://www.koreabaseball.com/Record/Player/PitcherDetail/Total.aspx?playerId=52701"
"52704","이상혁","2023","한화","KBO","https://www.koreabaseball.com/Record/Player/HitterDetail/Total.aspx?playerId=52704"
"52704","이상혁","2024","한화","KBO","https://www.koreabaseball.com/Record/Player/HitterDetail/Total.aspx?playerId=52704"
"52704","이상혁","2025","한화","KBO","https://www.koreabaseball.com/Record/Player/HitterDetail/Total.aspx?playerId=52704"
"52731","박준영","2022","한화","KBO","https://www.koreabaseball.com/Record/Player/PitcherDetail/Total.aspx?playerId=52731"
"52731","박준영","2023","한화","KBO","https://www.koreabaseball.com/Record/Player/PitcherDetail/Total.aspx?playerId=52731"
"52731","박준영","2025","한화","KBO","https://www.koreabaseball.com/Record/Player/PitcherDetail/Total.aspx?playerId=52731"
"52764","허인서","2022","한화","KBO","https://www.koreabaseball.com/Record/Player/HitterDetail/Total.aspx?playerId=52764"
"52764","허인서","2025","한화","KBO","https://www.koreabaseball.com/Record/Player/HitterDetail/Total.aspx?playerId=52764"
"52769","권광민","2022","한화","KBO","https://www.koreabaseball.com/Record/Player/HitterDetail/Total.aspx?playerId=52769"
"52769","권광민","2023","한화","KBO","https://www.koreabaseball.com/Record/Player/HitterDetail/Total.aspx?playerId=52769"
"52769","권광민","2024","한화","KBO","https://www.koreabaseball.com/Record/Player/HitterDetail/Total.aspx?playerId=52769"
"52769","권광민","2025","한화","KBO","https://www.koreabaseball.com/Record/Player/HitterDetail/Total.aspx?playerId=52769"
"52803","김태윤","2025","SSG","KBO","https://www.koreabaseball.com/Record/Player/HitterDetail/Total.aspx?playerId=52803"
"52804","석정우","2022","SSG","KBO","https://www.koreabaseball.com/Record/Player/HitterDetail/Total.aspx?playerId=52804"
"52804","석정우","2025","SSG","KBO","https://www.koreabaseball.com/Record/Player/HitterDetail/Total.aspx?playerId=52804"
"52807","임근우","2025","SSG","KBO","https://www.koreabaseball.com/Record/Player/HitterDetail/Total.aspx?playerId=52807"
"52809","전영준","2022","SSG","KBO","https://www.koreabaseball.com/Record/Player/PitcherDetail/Total.aspx?playerId=52809"
"52809","전영준","2025","SSG","KBO","https://www.koreabaseball.com/Record/Player/PitcherDetail/Total.aspx?playerId=52809"
"52902","임지민","2023","NC","KBO","https://www.koreabaseball.com/Record/Player/PitcherDetail/Total.aspx?playerId=52902"
"52902","임지민","2025","NC","KBO","https://www.koreabaseball.com/Record/Player/PitcherDetail/Total.aspx?playerId=52902"
"52903","조민석","2022","NC","KBO","https://www.koreabaseball.com/Record/Player/PitcherDetail/Total.aspx?playerId=52903"
"52903","조민석","2023","NC","KBO","https://www.koreabaseball.com/Record/Player/PitcherDetail/Total.aspx?playerId=52903"
"52903","조민석","2025","NC","KBO","https://www.koreabaseball.com/Record/Player/PitcherDetail/Total.aspx?playerId=52903"
"52992","이준혁","2025","NC","KBO","https://www.koreabaseball.com/Record/Player/PitcherDetail/Total.aspx?playerId=52992"
"52995","김녹원","2025","NC","KBO","https://www.koreabaseball.com/Record/Player/PitcherDetail/Total.aspx?playerId=52995"
"53006","강건","2023","KT","KBO","https://www.koreabaseball.com/Record/Player/PitcherDetail/Total.aspx?playerId=53006"
"53006","강건","2024","KT","KBO","https://www.koreabaseball.com/Record/Player/PitcherDetail/Total.aspx?playerId=53006"
"53006","강건","2025","KT","KBO","https://www.koreabaseball.com/Record/Player/PitcherDetail/Total.aspx?playerId=53006"
"53123","오스틴","2023","LG","KBO","https://www.koreabaseball.com/Record/Player/HitterDetail/Total.aspx?playerId=53123"
"53123","오스틴","2024","LG","KBO","https://www.koreabaseball.com/Record/Player/HitterDetail/Total.aspx?playerId=53123"
"53123","오스틴","2025","LG","KBO","https://www.koreabaseball.com/Record/Player/HitterDetail/Total.aspx?playerId=53123"
"53139","박명근","2023","LG","KBO","https://www.koreabaseball.com/Record/Player/PitcherDetail/Total.aspx?playerId=53139"
"53139","박명근","2024","LG","KBO","https://www.koreabaseball.com/Record/Player/PitcherDetail/Total.aspx?playerId=53139"
"53139","박명근","2025","LG","KBO","https://www.koreabaseball.com/Record/Player/PitcherDetail/Total.aspx?playerId=53139"
"53144","김범석","2023","LG","KBO","https://www.koreabaseball.com/Record/Player/HitterDetail/Total.aspx?playerId=53144"
"53144","김범석","2024","LG","KBO","https://www.koreabaseball.com/Record/Player/HitterDetail/Total.aspx?playerId=53144"
"53164","김동규","2023","키움","KBO","https://www.koreabaseball.com/Record/Player/PitcherDetail/Total.aspx?playerId=53164"
"53164","김동규","2024","키움","KBO","https://www.koreabaseball.com/Record/Player/PitcherDetail/Total.aspx?playerId=53164"
"53164","김동규","2025","키움","KBO","https://www.koreabaseball.com/Record/Player/PitcherDetail/Total.aspx?playerId=53164"
"53204","박민준","2024","두산","KBO","https://www.koreabaseball.com/Record/Player/HitterDetail/Total.aspx?playerId=53204"
"53204","박민준","2025","두산","KBO","https://www.koreabaseball.com/Record/Player/HitterDetail/Total.aspx?playerId=53204"
"53259","최준호","2024","두산","KBO","https://www.koreabaseball.com/Record/Player/PitcherDetail/Total.aspx?playerId=53259"
"53259","최준호","2025","두산","KBO","https://www.koreabaseball.com/Record/Player/PitcherDetail/Total.aspx?playerId=53259"
"53262","김유성","2023","두산","KBO","https://www.koreabaseball.com/Record/Player/PitcherDetail/Total.aspx?playerId=53262"
"53262","김유성","2024","두산","KBO","https://www.koreabaseball.com/Record/Player/PitcherDetail/Total.aspx?playerId=53262"
"53262","김유성","2025","두산","KBO","https://www.koreabaseball.com/Record/Player/PitcherDetail/Total.aspx?playerId=53262"
"53301","박윤성","2024","키움","KBO","https://www.koreabaseball.com/Record/Player/PitcherDetail/Total.aspx?playerId=53301"
"53301","박윤성","2025","키움","KBO","https://www.koreabaseball.com/Record/Player/PitcherDetail/Total.aspx?playerId=53301"
"53305","박성빈","2024","키움","KBO","https://www.koreabaseball.com/Record/Player/HitterDetail/Total.aspx?playerId=53305"
"53309","서유신","2025","키움","KBO","https://www.koreabaseball.com/Record/Player/HitterDetail/Total.aspx?playerId=53309"
"53312","김건희","2023","키움","KBO","https://www.koreabaseball.com/Record/Player/HitterDetail/Total.aspx?playerId=53312"
"53312","김건희","2024","키움","KBO","https://www.koreabaseball.com/Record/Player/HitterDetail/Total.aspx?playerId=53312"
"53312","김건희","2025","키움","KBO","https://www.koreabaseball.com/Record/Player/HitterDetail/Total.aspx?playerId=53312"
"53344","김동헌","2023","키움","KBO","https://www.koreabaseball.com/Record/Player/HitterDetail/Total.aspx?playerId=53344"
"53344","김동헌","2024","키움","KBO","https://www.koreabaseball.com/Record/Player/HitterDetail/Total.aspx?playerId=53344"
"53344","김동헌","2025","키움","KBO","https://www.koreabaseball.com/Record/Player/HitterDetail/Total.aspx?playerId=53344"
"53375","후라도","2023","키움","KBO","https://www.koreabaseball.com/Record/Player/PitcherDetail/Total.aspx?playerId=53375"
"53375","후라도","2024","키움","KBO","https://www.koreabaseball.com/Record/Player/PitcherDetail/Total.aspx?playerId=53375"
"53375","후라도","2025","삼성","KBO","https://www.koreabaseball.com/Record/Player/PitcherDetail/Total.aspx?playerId=53375"
"53411","박진우","2025","삼성","KBO","https://www.koreabaseball.com/Record/Player/HitterDetail/Total.aspx?playerId=53411"
"53455","이호성","2023","삼성","KBO","https://www.koreabaseball.com/Record/Player/PitcherDetail/Total.aspx?playerId=53455"
"53455","이호성","2024","삼성","KBO","https://www.koreabaseball.com/Record/Player/PitcherDetail/Total.aspx?playerId=53455"
"53455","이호성","2025","삼성","KBO","https://www.koreabaseball.com/Record/Player/PitcherDetail/Total.aspx?playerId=53455"
"53554","김민석","2023","롯데","KBO","https://www.koreabaseball.com/Record/Player/HitterDetail/Total.aspx?playerId=53554"
"53554","김민석","2024","롯데","KBO","https://www.koreabaseball.com/Record/Player/HitterDetail/Total.aspx?playerId=53554"
"53554","김민석","2025","두산","KBO","https://www.koreabaseball.com/Record/Player/HitterDetail/Total.aspx?playerId=53554"
"53609","곽도규","2023","KIA","KBO","https://www.koreabaseball.com/Record/Player/PitcherDetail/Total.aspx?playerId=53609"
"53609","곽도규","2024","KIA","KBO","https://www.koreabaseball.com/Record/Player/PitcherDetail/Total.aspx?playerId=53609"
"53609","곽도규","2025","KIA","KBO","https://www.koreabaseball.com/Record/Player/PitcherDetail/Total.aspx?playerId=53609"
"53613","윤영철","2023","KIA","KBO","https://www.koreabaseball.com/Record/Player/PitcherDetail/Total.aspx?playerId=53613"
"53613","윤영철","2024","KIA","KBO","https://www.koreabaseball.com/Record/Player/PitcherDetail/Total.aspx?playerId=53613"
"53613","윤영철","2025","KIA","KBO","https://www.koreabaseball.com/Record/Player/PitcherDetail/Total.aspx?playerId=53613"
"53615","이도현","2025","KIA","KBO","https://www.koreabaseball.com/Record/Player/PitcherDetail/Total.aspx?playerId=53615"
"53659","정해원","2025","KIA","KBO","https://www.koreabaseball.com/Record/Player/HitterDetail/Total.aspx?playerId=53659"
"53754","김서현","2023","한화","KBO","https://www.koreabaseball.com/Record/Player/PitcherDetail/Total.aspx?playerId=53754"
"53754","김서현","2024","한화","KBO","https://www.koreabaseball.com/Record/Player/PitcherDetail/Total.aspx?playerId=53754"
"53754","김서현","2025","한화","KBO","https://www.koreabaseball.com/Record/Player/PitcherDetail/Total.aspx?playerId=53754"
"53764","문현빈","2023","한화","KBO","https://www.koreabaseball.com/Record/Player/HitterDetail/Total.aspx?playerId=53764"
"53764","문현빈","2024","한화","KBO","https://www.koreabaseball.com/Record/Player/HitterDetail/Total.aspx?playerId=53764"
"53764","문현빈","2025","한화","KBO","https://www.koreabaseball.com/Record/Player/HitterDetail/Total.aspx?playerId=53764"
"53827","에레디아","2023","SSG","KBO","https://www.koreabaseball.com/Record/Player/HitterDetail/Total.aspx?playerId=53827"
"53827","에레디아","2024","SSG","KBO","https://www.koreabaseball.com/Record/Player/HitterDetail/Total.aspx?playerId=53827"
"53827","에레디아","2025","SSG","KBO","https://www.koreabaseball.com/Record/Player/HitterDetail/Total.aspx?playerId=53827"
"53892","이로운","2023","SSG","KBO","https://www.koreabaseball.com/Record/Player/PitcherDetail/Total.aspx?playerId=53892"
"53892","이로운","2024","SSG","KBO","https://www.koreabaseball.com/Record/Player/PitcherDetail/Total.aspx?playerId=53892"
"53892","이로운","2025","SSG","KBO","https://www.koreabaseball.com/Record/Player/PitcherDetail/Total.aspx?playerId=53892"
"53898","송영진","2023","SSG","KBO","https://www.koreabaseball.com/Record/Player/PitcherDetail/Total.aspx?playerId=53898"
"53898","송영진","2024","SSG","KBO","https://www.koreabaseball.com/Record/Player/PitcherDetail/Total.aspx?playerId=53898"
"53898","송영진","2025","SSG","KBO","https://www.koreabaseball.com/Record/Player/PitcherDetail/Total.aspx?playerId=53898"
"53919","신영우","2024","NC","KBO","https://www.koreabaseball.com/Record/Player/PitcherDetail/Total.aspx?playerId=53919"
"53919","신영우","2025","NC","KBO","https://www.koreabaseball.com/Record/Player/PitcherDetail/Total.aspx?playerId=53919"
"53973","목지훈","2024","NC","KBO","https://www.koreabaseball.com/Record/Player/PitcherDetail/Total.aspx?playerId=53973"
"53973","목지훈","2025","NC","KBO","https://www.koreabaseball.com/Record/Player/PitcherDetail/Total.aspx?playerId=53973"
"54063","원상현","2024","KT","KBO","https://www.koreabaseball.com/Record/Player/PitcherDetail/Total.aspx?playerId=54063"
"54063","원상현","2025","KT","KBO","https://www.koreabaseball.com/Record/Player/PitcherDetail/Total.aspx?playerId=54063"
"54097","김민석","2025","KT","KBO","https://www.koreabaseball.com/Record/Player/HitterDetail/Total.aspx?playerId=54097"
"54148","진우영","2024","LG","KBO","https://www.koreabaseball.com/Record/Player/PitcherDetail/Total.aspx?playerId=54148"
"54156","손용준","2025","LG","KBO","https://www.koreabaseball.com/Record/Player/HitterDetail/Total.aspx?playerId=54156"
"54166","김현종","2024","LG","KBO","https://www.koreabaseball.com/Record/Player/HitterDetail/Total.aspx?playerId=54166"
"54166","김현종","2025","LG","KBO","https://www.koreabaseball.com/Record/Player/HitterDetail/Total.aspx?playerId=54166"
"54205","여동건","2024","두산","KBO","https://www.koreabaseball.com/Record/Player/HitterDetail/Total.aspx?playerId=54205"
"54205","여동건","2025","두산","KBO","https://www.koreabaseball.com/Record/Player/HitterDetail/Total.aspx?playerId=54205"
"54213","박지호","2024","두산","KBO","https://www.koreabaseball.com/Record/Player/PitcherDetail/Total.aspx?playerId=54213"
"54214","전다민","2024","두산","KBO","https://www.koreabaseball.com/Record/Player/HitterDetail/Total.aspx?playerId=54214"
"54214","전다민","2025","두산","KBO","https://www.koreabaseball.com/Record/Player/HitterDetail/Total.aspx?playerId=54214"
"54219","류현준","2024","두산","KBO","https://www.koreabaseball.com/Record/Player/HitterDetail/Total.aspx?playerId=54219"
"54219","류현준","2025","두산","KBO","https://www.koreabaseball.com/Record/Player/HitterDetail/Total.aspx?playerId=54219"
"54236","임종성","2024","두산","KBO","https://www.koreabaseball.com/Record/Player/HitterDetail/Total.aspx?playerId=54236"
"54236","임종성","2025","두산","KBO","https://www.koreabaseball.com/Record/Player/HitterDetail/Total.aspx?playerId=54236"
"54263","김택연","2024","두산","KBO","https://www.koreabaseball.com/Record/Player/PitcherDetail/Total.aspx?playerId=54263"
"54263","김택연","2025","두산","KBO","https://www.koreabaseball.com/Record/Player/PitcherDetail/Total.aspx?playerId=54263"
"54305","이재상","2024","키움","KBO","https://www.koreabaseball.com/Record/Player/HitterDetail/Total.aspx?playerId=54305"
"54305","이재상","2025","키움","KBO","https://www.koreabaseball.com/Record/Player/HitterDetail/Total.aspx?playerId=54305"
"54307","원성준","2024","키움","KBO","https://www.koreabaseball.com/Record/Player/HitterDetail/Total.aspx?playerId=54307"
"54307","원성준","2025","키움","KBO","https://www.koreabaseball.com/Record/Player/HitterDetail/Total.aspx?playerId=54307"
"54319","김윤하","2024","키움","KBO","https://www.koreabaseball.com/Record/Player/PitcherDetail/Total.aspx?playerId=54319"
"54319","김윤하","2025","키움","KBO","https://www.koreabaseball.com/Record/Player/PitcherDetail/Total.aspx?playerId=54319"
"54344","고영우","2024","키움","KBO","https://www.koreabaseball.com/Record/Player/HitterDetail/Total.aspx?playerId=54344"
"54344","고영우","2025","키움","KBO","https://www.koreabaseball.com/Record/Player/HitterDetail/Total.aspx?playerId=54344"
"54354","헤이수스","2024","키움","KBO","https://www.koreabaseball.com/Record/Player/PitcherDetail/Total.aspx?playerId=54354"
"54354","헤이수스","2025","KT","KBO","https://www.koreabaseball.com/Record/Player/PitcherDetail/Total.aspx?playerId=54354"
"54362","전준표","2024","키움","KBO","https://www.koreabaseball.com/Record/Player/PitcherDetail/Total.aspx?playerId=54362"
"54362","전준표","2025","키움","KBO","https://www.koreabaseball.com/Record/Player/PitcherDetail/Total.aspx?playerId=54362"
"54363","손현기","2024","키움","KBO","https://www.koreabaseball.com/Record/Player/PitcherDetail/Total.aspx?playerId=54363"
"54363","손현기","2025","키움","KBO","https://www.koreabaseball.com/Record/Player/PitcherDetail/Total.aspx?playerId=54363"
"54368","김연주","2024","키움","KBO","https://www.koreabaseball.com/Record/Player/PitcherDetail/Total.aspx?playerId=54368"
"54368","김연주","2025","키움","KBO","https://www.koreabaseball.com/Record/Player/PitcherDetail/Total.aspx?playerId=54368"
"54394","송지후","2024","키움","KBO","https://www.koreabaseball.com/Record/Player/HitterDetail/Total.aspx?playerId=54394"
"54394","송지후","2025","키움","KBO","https://www.koreabaseball.com/Record/Player/HitterDetail/Total.aspx?playerId=54394"
"54400","디아즈","2024","삼성","KBO","https://www.koreabaseball.com/Record/Player/HitterDetail/Total.aspx?playerId=54400"
"54400","디아즈","2025","삼성","KBO","https://www.koreabaseball.com/Record/Player/HitterDetail/Total.aspx?playerId=54400"
"54401","김대호","2024","삼성","KBO","https://www.koreabaseball.com/Record/Player/PitcherDetail/Total.aspx?playerId=54401"
"54401","김대호","2025","삼성","KBO","https://www.koreabaseball.com/Record/Player/PitcherDetail/Total.aspx?playerId=54401"
"54404","육선엽","2024","삼성","KBO","https://www.koreabaseball.com/Record/Player/PitcherDetail/Total.aspx?playerId=54404"
"54404","육선엽","2025","삼성","KBO","https://www.koreabaseball.com/Record/Player/PitcherDetail/Total.aspx?playerId=54404"
"54408","양도근","2024","삼성","KBO","https://www.koreabaseball.com/Record/Player/HitterDetail/Total.aspx?playerId=54408"
"54408","양도근","2025","삼성","KBO","https://www.koreabaseball.com/Record/Player/HitterDetail/Total.aspx?playerId=54408"
"54444","카디네스","2024","삼성","KBO","https://www.koreabaseball.com/Record/Player/HitterDetail/Total.aspx?playerId=54444"
"54444","카디네스","2025","키움","KBO","https://www.koreabaseball.com/Record/Player/HitterDetail/Total.aspx?playerId=54444"
"54467","정민성","2025","삼성","KBO","https://www.koreabaseball.com/Record/Player/PitcherDetail/Total.aspx?playerId=54467"
"54503","박준우","2024","롯데","KBO","https://www.koreabaseball.com/Record/Player/PitcherDetail/Total.aspx?playerId=54503"
"54503","박준우","2025","롯데","KBO","https://www.koreabaseball.com/Record/Player/PitcherDetail/Total.aspx?playerId=54503"
"54506","강승구","2024","롯데","KBO","https://www.koreabaseball.com/Record/Player/HitterDetail/Total.aspx?playerId=54506"
"54506","강승구","2025","롯데","KBO","https://www.koreabaseball.com/Record/Player/HitterDetail/Total.aspx?playerId=54506"
"54507","백두산","2024","롯데","KBO","https://www.koreabaseball.com/Record/Player/HitterDetail/Total.aspx?playerId=54507"
"54529","레이예스","2024","롯데","KBO","https://www.koreabaseball.com/Record/Player/HitterDetail/Total.aspx?playerId=54529"
"54529","레이예스","2025","롯데","KBO","https://www.koreabaseball.com/Record/Player/HitterDetail/Total.aspx?playerId=54529"
"54537","정현수","2024","롯데","KBO","https://www.koreabaseball.com/Record/Player/PitcherDetail/Total.aspx?playerId=54537"
"54537","정현수","2025","롯데","KBO","https://www.koreabaseball.com/Record/Player/PitcherDetail/Total.aspx?playerId=54537"
"54598","이호준","2024","롯데","KBO","https://www.koreabaseball.com/Record/Player/HitterDetail/Total.aspx?playerId=54598"
"54598","이호준","2025","롯데","KBO","https://www.koreabaseball.com/Record/Player/HitterDetail/Total.aspx?playerId=54598"
"54610","성영탁","2025","KIA","KBO","https://www.koreabaseball.com/Record/Player/PitcherDetail/Total.aspx?playerId=54610"
"54640","네일","2024","KIA","KBO","https://www.koreabaseball.com/Record/Player/PitcherDetail/Total.aspx?playerId=54640"
"54640","네일","2025","KIA","KBO","https://www.koreabaseball.com/Record/Player/PitcherDetail/Total.aspx?playerId=54640"
"54645","김민주","2024","KIA","KBO","https://www.koreabaseball.com/Record/Player/PitcherDetail/Total.aspx?playerId=54645"
"54645","김민주","2025","KIA","KBO","https://www.koreabaseball.com/Record/Player/PitcherDetail/Total.aspx?playerId=54645"
"54702","원종혁","2025","한화","KBO","https://www.koreabaseball.com/Record/Player/PitcherDetail/Total.aspx?playerId=54702"
"54705","김도빈","2024","한화","KBO","https://www.koreabaseball.com/Record/Player/PitcherDetail/Total.aspx?playerId=54705"
"54729","황준서","2024","한화","KBO","https://www.koreabaseball.com/Record/Player/PitcherDetail/Total.aspx?playerId=54729"
"54729","황준서","2025","한화","KBO","https://www.koreabaseball.com/Record/Player/PitcherDetail/Total.aspx?playerId=54729"
"54755","와이스","2024","한화","KBO","https://www.koreabaseball.com/Record/Player/PitcherDetail/Total.aspx?playerId=54755"
"54755","와이스","2025","한화","KBO","https://www.koreabaseball.com/Record/Player/PitcherDetail/Total.aspx?playerId=54755"
"54768","조동욱","2024","한화","KBO","https://www.koreabaseball.com/Record/Player/PitcherDetail/Total.aspx?playerId=54768"
"54768","조동욱","2025","한화","KBO","https://www.koreabaseball.com/Record/Player/PitcherDetail/Total.aspx?playerId=54768"
"54795","황영묵","2024","한화","KBO","https://www.koreabaseball.com/Record/Player/HitterDetail/Total.aspx?playerId=54795"
"54795","황영묵","2025","한화","KBO","https://www.koreabaseball.com/Record/Player/HitterDetail/Total.aspx?playerId=54795"
"54802","박기호","2025","SSG","KBO","https://www.koreabaseball.com/Record/Player/PitcherDetail/Total.aspx?playerId=54802"
"54803","최현석","2024","SSG","KBO","https://www.koreabaseball.com/Record/Player/PitcherDetail/Total.aspx?playerId=54803"
"54803","최현석","2025","SSG","KBO","https://www.koreabaseball.com/Record/Player/PitcherDetail/Total.aspx?playerId=54803"
"54805","박지환","2024","SSG","KBO","https://www.koreabaseball.com/Record/Player/HitterDetail/Total.aspx?playerId=54805"
"54805","박지환","2025","SSG","KBO","https://www.koreabaseball.com/Record/Player/HitterDetail/Total.aspx?playerId=54805"
"54806","이승민","2025","SSG","KBO","https://www.koreabaseball.com/Record/Player/HitterDetail/Total.aspx?playerId=54806"
"54807","박성빈","2024","SSG","KBO","https://www.koreabaseball.com/Record/Player/PitcherDetail/Total.aspx?playerId=54807"
"54812","정준재","2024","SSG","KBO","https://www.koreabaseball.com/Record/Player/HitterDetail/Total.aspx?playerId=54812"
"54812","정준재","2025","SSG","KBO","https://www.koreabaseball.com/Record/Player/HitterDetail/Total.aspx?playerId=54812"
"54833","앤더슨","2024","SSG","KBO","https://www.koreabaseball.com/Record/Player/PitcherDetail/Total.aspx?playerId=54833"
"54833","앤더슨","2025","SSG","KBO","https://www.koreabaseball.com/Record/Player/PitcherDetail/Total.aspx?playerId=54833"
"54900","임상현","2024","NC","KBO","https://www.koreabaseball.com/Record/Player/PitcherDetail/Total.aspx?playerId=54900"
"54900","임상현","2025","NC","KBO","https://www.koreabaseball.com/Record/Player/PitcherDetail/Total.aspx?playerId=54900"
"54903","최우석","2024","NC","KBO","https://www.koreabaseball.com/Record/Player/PitcherDetail/Total.aspx?playerId=54903"
"54903","최우석","2025","NC","KBO","https://www.koreabaseball.com/Record/Player/PitcherDetail/Total.aspx?playerId=54903"
"54904","손주환","2024","NC","KBO","https://www.koreabaseball.com/Record/Player/PitcherDetail/Total.aspx?playerId=54904"
"54904","손주환","2025","NC","KBO","https://www.koreabaseball.com/Record/Player/PitcherDetail/Total.aspx?playerId=54904"
"54905","김세훈","2024","NC","KBO","https://www.koreabaseball.com/Record/Player/HitterDetail/Total.aspx?playerId=54905"
"54908","고승완","2025","NC","KBO","https://www.koreabaseball.com/Record/Player/HitterDetail/Total.aspx?playerId=54908"
"54913","김민규","2024","NC","KBO","https://www.koreabaseball.com/Record/Player/PitcherDetail/Total.aspx?playerId=54913"
"54913","김민규","2025","NC","KBO","https://www.koreabaseball.com/Record/Player/PitcherDetail/Total.aspx?playerId=54913"
"54944","데이비슨","2024","NC","KBO","https://www.koreabaseball.com/Record/Player/HitterDetail/Total.aspx?playerId=54944"
"54944","데이비슨","2025","NC","KBO","https://www.koreabaseball.com/Record/Player/HitterDetail/Total.aspx?playerId=54944"
"55005","오서진","2025","KT","KBO","https://www.koreabaseball.com/Record/Player/HitterDetail/Total.aspx?playerId=55005"
"55013","스티븐슨","2025","KT","KBO","https://www.koreabaseball.com/Record/Player/HitterDetail/Total.aspx?playerId=55013"
"55032","패트릭","2025","KT","KBO","https://www.koreabaseball.com/Record/Player/PitcherDetail/Total.aspx?playerId=55032"
"55040","김동현","2025","KT","KBO","https://www.koreabaseball.com/Record/Player/PitcherDetail/Total.aspx?playerId=55040"
"55043","김재원","2025","KT","KBO","https://www.koreabaseball.com/Record/Player/PitcherDetail/Total.aspx?playerId=55043"
"55046","박건우","2025","KT","KBO","https://www.koreabaseball.com/Record/Player/PitcherDetail/Total.aspx?playerId=55046"
"55121","박시원","2025","LG","KBO","https://www.koreabaseball.com/Record/Player/PitcherDetail/Total.aspx?playerId=55121"
"55122","김종운","2025","LG","KBO","https://www.koreabaseball.com/Record/Player/PitcherDetail/Total.aspx?playerId=55122"
"55130","톨허스트","2025","LG","KBO","https://www.koreabaseball.com/Record/Player/PitcherDetail/Total.aspx?playerId=55130"
"55146","치리노스","2025","LG","KBO","https://www.koreabaseball.com/Record/Player/PitcherDetail/Total.aspx?playerId=55146"
"55164","박관우","2025","LG","KBO","https://www.koreabaseball.com/Record/Player/HitterDetail/Total.aspx?playerId=55164"
"55167","김영우","2025","LG","KBO","https://www.koreabaseball.com/Record/Player/PitcherDetail/Total.aspx?playerId=55167"
"55208","케이브","2025","두산","KBO","https://www.koreabaseball.com/Record/Player/HitterDetail/Total.aspx?playerId=55208"
"55215","양재훈","2025","두산","KBO","https://www.koreabaseball.com/Record/Player/PitcherDetail/Total.aspx?playerId=55215"
"55216","김성재","2025","두산","KBO","https://www.koreabaseball.com/Record/Player/HitterDetail/Total.aspx?playerId=55216"
"55221","김한중","2025","두산","KBO","https://www.koreabaseball.com/Record/Player/PitcherDetail/Total.aspx?playerId=55221"
"55224","이선우","2025","두산","KBO","https://www.koreabaseball.com/Record/Player/HitterDetail/Total.aspx?playerId=55224"
"55226","김준상","2025","두산","KBO","https://www.koreabaseball.com/Record/Player/HitterDetail/Total.aspx?playerId=55226"
"55239","잭로그","2025","두산","KBO","https://www.koreabaseball.com/Record/Player/PitcherDetail/Total.aspx?playerId=55239"
"55252","박준순","2025","두산","KBO","https://www.koreabaseball.com/Record/Player/HitterDetail/Total.aspx?playerId=55252"
"55257","콜어빈","2025","두산","KBO","https://www.koreabaseball.com/Record/Player/PitcherDetail/Total.aspx?playerId=55257"
"55267","홍민규","2025","두산","KBO","https://www.koreabaseball.com/Record/Player/PitcherDetail/Total.aspx?playerId=55267"
"55268","최민석","2025","두산","KBO","https://www.koreabaseball.com/Record/Player/PitcherDetail/Total.aspx?playerId=55268"
"55300","손힘찬","2025","키움","KBO","https://www.koreabaseball.com/Record/Player/PitcherDetail/Total.aspx?playerId=55300"
"55301","이준우","2025","키움","KBO","https://www.koreabaseball.com/Record/Player/PitcherDetail/Total.aspx?playerId=55301"
"55313","정현우","2025","키움","KBO","https://www.koreabaseball.com/Record/Player/PitcherDetail/Total.aspx?playerId=55313"
"55339","염승원","2025","키움","KBO","https://www.koreabaseball.com/Record/Player/HitterDetail/Total.aspx?playerId=55339"
"55342","메르세데스","2025","키움","KBO","https://www.koreabaseball.com/Record/Player/PitcherDetail/Total.aspx?playerId=55342"
"55359","김서준","2025","키움","KBO","https://www.koreabaseball.com/Record/Player/PitcherDetail/Total.aspx?playerId=55359"
"55370","양현종","2025","키움","KBO","https://www.koreabaseball.com/Record/Player/HitterDetail/Total.aspx?playerId=55370"
"55371","권혁빈","2025","키움","KBO","https://www.koreabaseball.com/Record/Player/HitterDetail/Total.aspx?playerId=55371"
"55377","정세영","2025","키움","KBO","https://www.koreabaseball.com/Record/Player/PitcherDetail/Total.aspx?playerId=55377"
"55382","임진묵","2025","키움","KBO","https://www.koreabaseball.com/Record/Player/PitcherDetail/Total.aspx?playerId=55382"
"55392","어준서","2025","키움","KBO","https://www.koreabaseball.com/Record/Player/HitterDetail/Total.aspx?playerId=55392"
"55393","여동욱","2025","키움","KBO","https://www.koreabaseball.com/Record/Player/HitterDetail/Total.aspx?playerId=55393"
"55394","박정훈","2025","키움","KBO","https://www.koreabaseball.com/Record/Player/PitcherDetail/Total.aspx?playerId=55394"
"55396","윤현","2025","키움","KBO","https://www.koreabaseball.com/Record/Player/PitcherDetail/Total.aspx?playerId=55396"
"55397","전태현","2025","키움","KBO","https://www.koreabaseball.com/Record/Player/HitterDetail/Total.aspx?playerId=55397"
"55435","차승준","2025","삼성","KBO","https://www.koreabaseball.com/Record/Player/HitterDetail/Total.aspx?playerId=55435"
"55438","심재훈","2025","삼성","KBO","https://www.koreabaseball.com/Record/Player/HitterDetail/Total.aspx?playerId=55438"
"55440","함수호","2025","삼성","KBO","https://www.koreabaseball.com/Record/Player/HitterDetail/Total.aspx?playerId=55440"
"55455","배찬승","2025","삼성","KBO","https://www.koreabaseball.com/Record/Player/PitcherDetail/Total.aspx?playerId=55455"
"55460","가라비토","2025","삼성","KBO","https://www.koreabaseball.com/Record/Player/PitcherDetail/Total.aspx?playerId=55460"
"55503","이영재","2025","롯데","KBO","https://www.koreabaseball.com/Record/Player/PitcherDetail/Total.aspx?playerId=55503"
"55506","한승현","2025","롯데","KBO","https://www.koreabaseball.com/Record/Player/HitterDetail/Total.aspx?playerId=55506"
"55509","박건우","2025","롯데","KBO","https://www.koreabaseball.com/Record/Player/HitterDetail/Total.aspx?playerId=55509"
"55511","이태경","2025","롯데","KBO","https://www.koreabaseball.com/Record/Player/HitterDetail/Total.aspx?playerId=55511"
"55526","벨라스케즈","2025","롯데","KBO","https://www.koreabaseball.com/Record/Player/PitcherDetail/Total.aspx?playerId=55526"
"55530","박찬형","2025","롯데","KBO","https://www.koreabaseball.com/Record/Player/HitterDetail/Total.aspx?playerId=55530"
"55532","감보아","2025","롯데","KBO","https://www.koreabaseball.com/Record/Player/PitcherDetail/Total.aspx?playerId=55532"
"55563","박재엽","2025","롯데","KBO","https://www.koreabaseball.com/Record/Player/HitterDetail/Total.aspx?playerId=55563"
"55566","김태현","2025","롯데","KBO","https://www.koreabaseball.com/Record/Player/PitcherDetail/Total.aspx?playerId=55566"
"55568","박세현","2025","롯데","KBO","https://www.koreabaseball.com/Record/Player/PitcherDetail/Total.aspx?playerId=55568"
"55610","김태형","2025","KIA","KBO","https://www.koreabaseball.com/Record/Player/PitcherDetail/Total.aspx?playerId=55610"
"55632","이성원","2025","KIA","KBO","https://www.koreabaseball.com/Record/Player/PitcherDetail/Total.aspx?playerId=55632"
"55633","올러","2025","KIA","KBO","https://www.koreabaseball.com/Record/Player/PitcherDetail/Total.aspx?playerId=55633"
"55636","박재현","2025","KIA","KBO","https://www.koreabaseball.com/Record/Player/HitterDetail/Total.aspx?playerId=55636"
"55637","박헌","2025","KIA","KBO","https://www.koreabaseball.com/Record/Player/HitterDetail/Total.aspx?playerId=55637"
"55645","위즈덤","2025","KIA","KBO","https://www.koreabaseball.com/Record/Player/HitterDetail/Total.aspx?playerId=55645"
"55646","김정엽","2025","KIA","KBO","https://www.koreabaseball.com/Record/Player/PitcherDetail/Total.aspx?playerId=55646"
"55663","이호민","2025","KIA","KBO","https://www.koreabaseball.com/Record/Player/PitcherDetail/Total.aspx?playerId=55663"
"55703","리베라토","2025","한화","KBO","https://www.koreabaseball.com/Record/Player/HitterDetail/Total.aspx?playerId=55703"
"55710","이민재","2025","한화","KBO","https://www.koreabaseball.com/Record/Player/HitterDetail/Total.aspx?playerId=55710"
"55730","폰세","2025","한화","KBO","https://www.koreabaseball.com/Record/Player/PitcherDetail/Total.aspx?playerId=55730"
"55743","정우주","2025","한화","KBO","https://www.koreabaseball.com/Record/Player/PitcherDetail/Total.aspx?playerId=55743"
"55764","권민규","2025","한화","KBO","https://www.koreabaseball.com/Record/Player/PitcherDetail/Total.aspx?playerId=55764"
"55832","이율예","2025","SSG","KBO","https://www.koreabaseball.com/Record/Player/HitterDetail/Total.aspx?playerId=55832"
"55855","화이트","2025","SSG","KBO","https://www.koreabaseball.com/Record/Player/PitcherDetail/Total.aspx?playerId=55855"
"55860","신지환","2025","SSG","KBO","https://www.koreabaseball.com/Record/Player/PitcherDetail/Total.aspx?playerId=55860"
"55897","홍대인","2025","SSG","KBO","https://www.koreabaseball.com/Record/Player/HitterDetail/Total.aspx?playerId=55897"
"55903","라일리","2025","NC","KBO","https://www.koreabaseball.com/Record/Player/PitcherDetail/Total.aspx?playerId=55903"
"55912","로건","2025","NC","KBO","https://www.koreabaseball.com/Record/Player/PitcherDetail/Total.aspx?playerId=55912"
"55926","정현창","2025","KIA","KBO","https://www.koreabaseball.com/Record/Player/HitterDetail/Total.aspx?playerId=55926"
"55995","김태훈","2025","NC","KBO","https://www.koreabaseball.com/Record/Player/PitcherDetail/Total.aspx?playerId=55995"
"60146","이승현","2015","LG","KBO","https://www.koreabaseball.com/Record/Player/PitcherDetail/Total.aspx?playerId=60146"
"60146","이승현","2016","LG","KBO","https://www.koreabaseball.com/Record/Player/PitcherDetail/Total.aspx?playerId=60146"
"60146","이승현","2017","삼성","KBO","https://www.koreabaseball.com/Record/Player/PitcherDetail/Total.aspx?playerId=60146"
"60146","이승현","2018","삼성","KBO","https://www.koreabaseball.com/Record/Player/PitcherDetail/Total.aspx?playerId=60146"
"60146","이승현","2019","삼성","KBO","https://www.koreabaseball.com/Record/Player/PitcherDetail/Total.aspx?playerId=60146"
"60146","이승현","2020","삼성","KBO","https://www.koreabaseball.com/Record/Player/PitcherDetail/Total.aspx?playerId=60146"
"60146","이승현","2021","삼성","KBO","https://www.koreabaseball.com/Record/Player/PitcherDetail/Total.aspx?playerId=60146"
"60146","이승현","2022","삼성","KBO","https://www.koreabaseball.com/Record/Player/PitcherDetail/Total.aspx?playerId=60146"
"60146","이승현","2023","삼성","KBO","https://www.koreabaseball.com/Record/Player/PitcherDetail/Total.aspx?playerId=60146"
"60146","이승현","2024","삼성","KBO","https://www.koreabaseball.com/Record/Player/PitcherDetail/Total.aspx?playerId=60146"
"60146","이승현","2025","삼성","KBO","https://www.koreabaseball.com/Record/Player/PitcherDetail/Total.aspx?playerId=60146"
"60263","이재학","2010","두산","KBO","https://www.koreabaseball.com/Record/Player/PitcherDetail/Total.aspx?playerId=60263"
"60263","이재학","2013","NC","KBO","https://www.koreabaseball.com/Record/Player/PitcherDetail/Total.aspx?playerId=60263"
"60263","이재학","2014","NC","KBO","https://www.koreabaseball.com/Record/Player/PitcherDetail/Total.aspx?playerId=60263"
"60263","이재학","2015","NC","KBO","https://www.koreabaseball.com/Record/Player/PitcherDetail/Total.aspx?playerId=60263"
"60263","이재학","2016","NC","KBO","https://www.koreabaseball.com/Record/Player/PitcherDetail/Total.aspx?playerId=60263"
"60263","이재학","2017","NC","KBO","https://www.koreabaseball.com/Record/Player/PitcherDetail/Total.aspx?playerId=60263"
"60263","이재학","2018","NC","KBO","https://www.koreabaseball.com/Record/Player/PitcherDetail/Total.aspx?playerId=60263"
"60263","이재학","2019","NC","KBO","https://www.koreabaseball.com/Record/Player/PitcherDetail/Total.aspx?playerId=60263"
"60263","이재학","2020","NC","KBO","https://www.koreabaseball.com/Record/Player/PitcherDetail/Total.aspx?playerId=60263"
"60263","이재학","2021","NC","KBO","https://www.koreabaseball.com/Record/Player/PitcherDetail/Total.aspx?playerId=60263"
"60263","이재학","2022","NC","KBO","https://www.koreabaseball.com/Record/Player/PitcherDetail/Total.aspx?playerId=60263"
"60263","이재학","2023","NC","KBO","https://www.koreabaseball.com/Record/Player/PitcherDetail/Total.aspx?playerId=60263"
"60263","이재학","2024","NC","KBO","https://www.koreabaseball.com/Record/Player/PitcherDetail/Total.aspx?playerId=60263"
"60337","김대유","2014","SK","KBO","https://www.koreabaseball.com/Record/Player/PitcherDetail/Total.aspx?playerId=60337"
"60337","김대유","2017","SK","KBO","https://www.koreabaseball.com/Record/Player/PitcherDetail/Total.aspx?playerId=60337"
"60337","김대유","2019","KT","KBO","https://www.koreabaseball.com/Record/Player/PitcherDetail/Total.aspx?playerId=60337"
"60337","김대유","2020","LG","KBO","https://www.koreabaseball.com/Record/Player/PitcherDetail/Total.aspx?playerId=60337"
"60337","김대유","2021","LG","KBO","https://www.koreabaseball.com/Record/Player/PitcherDetail/Total.aspx?playerId=60337"
"60337","김대유","2022","LG","KBO","https://www.koreabaseball.com/Record/Player/PitcherDetail/Total.aspx?playerId=60337"
"60337","김대유","2023","KIA","KBO","https://www.koreabaseball.com/Record/Player/PitcherDetail/Total.aspx?playerId=60337"
"60337","김대유","2024","KIA","KBO","https://www.koreabaseball.com/Record/Player/PitcherDetail/Total.aspx?playerId=60337"
"60337","김대유","2025","KIA","KBO","https://www.koreabaseball.com/Record/Player/PitcherDetail/Total.aspx?playerId=60337"
"60523","정훈","2010","롯데","KBO","https://www.koreabaseball.com/Record/Player/HitterDetail/Total.aspx?playerId=60523"
"60523","정훈","2011","롯데","KBO","https://www.koreabaseball.com/Record/Player/HitterDetail/Total.aspx?playerId=60523"
"60523","정훈","2012","롯데","KBO","https://www.koreabaseball.com/Record/Player/HitterDetail/Total.aspx?playerId=60523"
"60523","정훈","2013","롯데","KBO","https://www.koreabaseball.com/Record/Player/HitterDetail/Total.aspx?playerId=60523"
"60523","정훈","2014","롯데","KBO","https://www.koreabaseball.com/Record/Player/HitterDetail/Total.aspx?playerId=60523"
"60523","정훈","2015","롯데","KBO","https://www.koreabaseball.com/Record/Player/HitterDetail/Total.aspx?playerId=60523"
"60523","정훈","2016","롯데","KBO","https://www.koreabaseball.com/Record/Player/HitterDetail/Total.aspx?playerId=60523"
"60523","정훈","2017","롯데","KBO","https://www.koreabaseball.com/Record/Player/HitterDetail/Total.aspx?playerId=60523"
"60523","정훈","2018","롯데","KBO","https://www.koreabaseball.com/Record/Player/HitterDetail/Total.aspx?playerId=60523"
"60523","정훈","2019","롯데","KBO","https://www.koreabaseball.com/Record/Player/HitterDetail/Total.aspx?playerId=60523"
"60523","정훈","2020","롯데","KBO","https://www.koreabaseball.com/Record/Player/HitterDetail/Total.aspx?playerId=60523"
"60523","정훈","2021","롯데","KBO","https://www.koreabaseball.com/Record/Player/HitterDetail/Total.aspx?playerId=60523"
"60523","정훈","2022","롯데","KBO","https://www.koreabaseball.com/Record/Player/HitterDetail/Total.aspx?playerId=60523"
"60523","정훈","2023","롯데","KBO","https://www.koreabaseball.com/Record/Player/HitterDetail/Total.aspx?playerId=60523"
"60523","정훈","2024","롯데","KBO","https://www.koreabaseball.com/Record/Player/HitterDetail/Total.aspx?playerId=60523"
"60523","정훈","2025","롯데","KBO","https://www.koreabaseball.com/Record/Player/HitterDetail/Total.aspx?playerId=60523"
"60558","오태곤","2011","롯데","KBO","https://www.koreabaseball.com/Record/Player/HitterDetail/Total.aspx?playerId=60558"
"60558","오태곤","2014","롯데","KBO","https://www.koreabaseball.com/Record/Player/HitterDetail/Total.aspx?playerId=60558"
"60558","오태곤","2015","롯데","KBO","https://www.koreabaseball.com/Record/Player/HitterDetail/Total.aspx?playerId=60558"
"60558","오태곤","2016","롯데","KBO","https://www.koreabaseball.com/Record/Player/HitterDetail/Total.aspx?playerId=60558"
"60558","오태곤","2017","KT","KBO","https://www.koreabaseball.com/Record/Player/HitterDetail/Total.aspx?playerId=60558"
"60558","오태곤","2018","KT","KBO","https://www.koreabaseball.com/Record/Player/HitterDetail/Total.aspx?playerId=60558"
"60558","오태곤","2019","KT","KBO","https://www.koreabaseball.com/Record/Player/HitterDetail/Total.aspx?playerId=60558"
"60558","오태곤","2020","SK","KBO","https://www.koreabaseball.com/Record/Player/HitterDetail/Total.aspx?playerId=60558"
"60558","오태곤","2021","SSG","KBO","https://www.koreabaseball.com/Record/Player/HitterDetail/Total.aspx?playerId=60558"
"60558","오태곤","2022","SSG","KBO","https://www.koreabaseball.com/Record/Player/HitterDetail/Total.aspx?playerId=60558"
"60558","오태곤","2023","SSG","KBO","https://www.koreabaseball.com/Record/Player/HitterDetail/Total.aspx?playerId=60558"
"60558","오태곤","2024","SSG","KBO","https://www.koreabaseball.com/Record/Player/HitterDetail/Total.aspx?playerId=60558"
"60558","오태곤","2025","SSG","KBO","https://www.koreabaseball.com/Record/Player/HitterDetail/Total.aspx?playerId=60558"
"60559","박시영","2010","롯데","KBO","https://www.koreabaseball.com/Record/Player/PitcherDetail/Total.aspx?playerId=60559"
"60559","박시영","2016","롯데","KBO","https://www.koreabaseball.com/Record/Player/PitcherDetail/Total.aspx?playerId=60559"
"60559","박시영","2017","롯데","KBO","https://www.koreabaseball.com/Record/Player/PitcherDetail/Total.aspx?playerId=60559"
"60559","박시영","2018","롯데","KBO","https://www.koreabaseball.com/Record/Player/PitcherDetail/Total.aspx?playerId=60559"
"60559","박시영","2019","롯데","KBO","https://www.koreabaseball.com/Record/Player/PitcherDetail/Total.aspx?playerId=60559"
"60559","박시영","2020","롯데","KBO","https://www.koreabaseball.com/Record/Player/PitcherDetail/Total.aspx?playerId=60559"
"60559","박시영","2021","KT","KBO","https://www.koreabaseball.com/Record/Player/PitcherDetail/Total.aspx?playerId=60559"
"60559","박시영","2022","KT","KBO","https://www.koreabaseball.com/Record/Player/PitcherDetail/Total.aspx?playerId=60559"
"60559","박시영","2024","KT","KBO","https://www.koreabaseball.com/Record/Player/PitcherDetail/Total.aspx?playerId=60559"
"60559","박시영","2025","롯데","KBO","https://www.koreabaseball.com/Record/Player/PitcherDetail/Total.aspx?playerId=60559"
"60768","이태양","2012","한화","KBO","https://www.koreabaseball.com/Record/Player/PitcherDetail/Total.aspx?playerId=60768"
"60768","이태양","2013","한화","KBO","https://www.koreabaseball.com/Record/Player/PitcherDetail/Total.aspx?playerId=60768"
"60768","이태양","2014","한화","KBO","https://www.koreabaseball.com/Record/Player/PitcherDetail/Total.aspx?playerId=60768"
"60768","이태양","2016","한화","KBO","https://www.koreabaseball.com/Record/Player/PitcherDetail/Total.aspx?playerId=60768"
"60768","이태양","2017","한화","KBO","https://www.koreabaseball.com/Record/Player/PitcherDetail/Total.aspx?playerId=60768"
"60768","이태양","2018","한화","KBO","https://www.koreabaseball.com/Record/Player/PitcherDetail/Total.aspx?playerId=60768"
"60768","이태양","2019","한화","KBO","https://www.koreabaseball.com/Record/Player/PitcherDetail/Total.aspx?playerId=60768"
"60768","이태양","2020","SK","KBO","https://www.koreabaseball.com/Record/Player/PitcherDetail/Total.aspx?playerId=60768"
"60768","이태양","2021","SSG","KBO","https://www.koreabaseball.com/Record/Player/PitcherDetail/Total.aspx?playerId=60768"
"60768","이태양","2022","SSG","KBO","https://www.koreabaseball.com/Record/Player/PitcherDetail/Total.aspx?playerId=60768"
"60768","이태양","2023","한화","KBO","https://www.koreabaseball.com/Record/Player/PitcherDetail/Total.aspx?playerId=60768"
"60768","이태양","2024","한화","KBO","https://www.koreabaseball.com/Record/Player/PitcherDetail/Total.aspx?playerId=60768"
"60768","이태양","2025","한화","KBO","https://www.koreabaseball.com/Record/Player/PitcherDetail/Total.aspx?playerId=60768"
"60841","박종훈","2011","SK","KBO","https://www.koreabaseball.com/Record/Player/PitcherDetail/Total.aspx?playerId=60841"
"60841","박종훈","2012","SK","KBO","https://www.koreabaseball.com/Record/Player/PitcherDetail/Total.aspx?playerId=60841"
"60841","박종훈","2015","SK","KBO","https://www.koreabaseball.com/Record/Player/PitcherDetail/Total.aspx?playerId=60841"
"60841","박종훈","2016","SK","KBO","https://www.koreabaseball.com/Record/Player/PitcherDetail/Total.aspx?playerId=60841"
"60841","박종훈","2017","SK","KBO","https://www.koreabaseball.com/Record/Player/PitcherDetail/Total.aspx?playerId=60841"
"60841","박종훈","2018","SK","KBO","https://www.koreabaseball.com/Record/Player/PitcherDetail/Total.aspx?playerId=60841"
"60841","박종훈","2019","SK","KBO","https://www.koreabaseball.com/Record/Player/PitcherDetail/Total.aspx?playerId=60841"
"60841","박종훈","2020","SK","KBO","https://www.koreabaseball.com/Record/Player/PitcherDetail/Total.aspx?playerId=60841"
"60841","박종훈","2021","SSG","KBO","https://www.koreabaseball.com/Record/Player/PitcherDetail/Total.aspx?playerId=60841"
"60841","박종훈","2022","SSG","KBO","https://www.koreabaseball.com/Record/Player/PitcherDetail/Total.aspx?playerId=60841"
"60841","박종훈","2023","SSG","KBO","https://www.koreabaseball.com/Record/Player/PitcherDetail/Total.aspx?playerId=60841"
"60841","박종훈","2024","SSG","KBO","https://www.koreabaseball.com/Record/Player/PitcherDetail/Total.aspx?playerId=60841"
"60841","박종훈","2025","SSG","KBO","https://www.koreabaseball.com/Record/Player/PitcherDetail/Total.aspx?playerId=60841"
"61101","임찬규","2011","LG","KBO","https://www.koreabaseball.com/Record/Player/PitcherDetail/Total.aspx?playerId=61101"
"61101","임찬규","2012","LG","KBO","https://www.koreabaseball.com/Record/Player/PitcherDetail/Total.aspx?playerId=61101"
"61101","임찬규","2013","LG","KBO","https://www.koreabaseball.com/Record/Player/PitcherDetail/Total.aspx?playerId=61101"
"61101","임찬규","2016","LG","KBO","https://www.koreabaseball.com/Record/Player/PitcherDetail/Total.aspx?playerId=61101"
"61101","임찬규","2017","LG","KBO","https://www.koreabaseball.com/Record/Player/PitcherDetail/Total.aspx?playerId=61101"
"61101","임찬규","2018","LG","KBO","https://www.koreabaseball.com/Record/Player/PitcherDetail/Total.aspx?playerId=61101"
"61101","임찬규","2019","LG","KBO","https://www.koreabaseball.com/Record/Player/PitcherDetail/Total.aspx?playerId=61101"
"61101","임찬규","2020","LG","KBO","https://www.koreabaseball.com/Record/Player/PitcherDetail/Total.aspx?playerId=61101"
"61101","임찬규","2021","LG","KBO","https://www.koreabaseball.com/Record/Player/PitcherDetail/Total.aspx?playerId=61101"
"61101","임찬규","2022","LG","KBO","https://www.koreabaseball.com/Record/Player/PitcherDetail/Total.aspx?playerId=61101"
"61101","임찬규","2023","LG","KBO","https://www.koreabaseball.com/Record/Player/PitcherDetail/Total.aspx?playerId=61101"
"61101","임찬규","2024","LG","KBO","https://www.koreabaseball.com/Record/Player/PitcherDetail/Total.aspx?playerId=61101"
"61101","임찬규","2025","LG","KBO","https://www.koreabaseball.com/Record/Player/PitcherDetail/Total.aspx?playerId=61101"
"61102","유강남","2011","LG","KBO","https://www.koreabaseball.com/Record/Player/HitterDetail/Total.aspx?playerId=61102"
"61102","유강남","2012","LG","KBO","https://www.koreabaseball.com/Record/Player/HitterDetail/Total.aspx?playerId=61102"
"61102","유강남","2015","LG","KBO","https://www.koreabaseball.com/Record/Player/HitterDetail/Total.aspx?playerId=61102"
"61102","유강남","2016","LG","KBO","https://www.koreabaseball.com/Record/Player/HitterDetail/Total.aspx?playerId=61102"
"61102","유강남","2017","LG","KBO","https://www.koreabaseball.com/Record/Player/HitterDetail/Total.aspx?playerId=61102"
"61102","유강남","2018","LG","KBO","https://www.koreabaseball.com/Record/Player/HitterDetail/Total.aspx?playerId=61102"
"61102","유강남","2019","LG","KBO","https://www.koreabaseball.com/Record/Player/HitterDetail/Total.aspx?playerId=61102"
"61102","유강남","2020","LG","KBO","https://www.koreabaseball.com/Record/Player/HitterDetail/Total.aspx?playerId=61102"
"61102","유강남","2021","LG","KBO","https://www.koreabaseball.com/Record/Player/HitterDetail/Total.aspx?playerId=61102"
"61102","유강남","2022","LG","KBO","https://www.koreabaseball.com/Record/Player/HitterDetail/Total.aspx?playerId=61102"
"61102","유강남","2023","롯데","KBO","https://www.koreabaseball.com/Record/Player/HitterDetail/Total.aspx?playerId=61102"
"61102","유강남","2024","롯데","KBO","https://www.koreabaseball.com/Record/Player/HitterDetail/Total.aspx?playerId=61102"
"61102","유강남","2025","롯데","KBO","https://www.koreabaseball.com/Record/Player/HitterDetail/Total.aspx?playerId=61102"
"61145","이우찬","2016","LG","KBO","https://www.koreabaseball.com/Record/Player/PitcherDetail/Total.aspx?playerId=61145"
"61145","이우찬","2018","LG","KBO","https://www.koreabaseball.com/Record/Player/PitcherDetail/Total.aspx?playerId=61145"
"61145","이우찬","2019","LG","KBO","https://www.koreabaseball.com/Record/Player/PitcherDetail/Total.aspx?playerId=61145"
"61145","이우찬","2020","LG","KBO","https://www.koreabaseball.com/Record/Player/PitcherDetail/Total.aspx?playerId=61145"
"61145","이우찬","2021","LG","KBO","https://www.koreabaseball.com/Record/Player/PitcherDetail/Total.aspx?playerId=61145"
"61145","이우찬","2022","LG","KBO","https://www.koreabaseball.com/Record/Player/PitcherDetail/Total.aspx?playerId=61145"
"61145","이우찬","2023","LG","KBO","https://www.koreabaseball.com/Record/Player/PitcherDetail/Total.aspx?playerId=61145"
"61145","이우찬","2024","LG","KBO","https://www.koreabaseball.com/Record/Player/PitcherDetail/Total.aspx?playerId=61145"
"61145","이우찬","2025","LG","KBO","https://www.koreabaseball.com/Record/Player/PitcherDetail/Total.aspx?playerId=61145"
"61268","양현","2011","두산","KBO","https://www.koreabaseball.com/Record/Player/PitcherDetail/Total.aspx?playerId=61268"
"61268","양현","2015","두산","KBO","https://www.koreabaseball.com/Record/Player/PitcherDetail/Total.aspx?playerId=61268"
"61268","양현","2018","넥센","KBO","https://www.koreabaseball.com/Record/Player/PitcherDetail/Total.aspx?playerId=61268"
"61268","양현","2019","키움","KBO","https://www.koreabaseball.com/Record/Player/PitcherDetail/Total.aspx?playerId=61268"
"61268","양현","2020","키움","KBO","https://www.koreabaseball.com/Record/Player/PitcherDetail/Total.aspx?playerId=61268"
"61268","양현","2021","키움","KBO","https://www.koreabaseball.com/Record/Player/PitcherDetail/Total.aspx?playerId=61268"
"61268","양현","2022","키움","KBO","https://www.koreabaseball.com/Record/Player/PitcherDetail/Total.aspx?playerId=61268"
"61268","양현","2023","키움","KBO","https://www.koreabaseball.com/Record/Player/PitcherDetail/Total.aspx?playerId=61268"
"61268","양현","2024","삼성","KBO","https://www.koreabaseball.com/Record/Player/PitcherDetail/Total.aspx?playerId=61268"
"61268","양현","2025","삼성","KBO","https://www.koreabaseball.com/Record/Player/PitcherDetail/Total.aspx?playerId=61268"
"61353","고종욱","2011","넥센","KBO","https://www.koreabaseball.com/Record/Player/HitterDetail/Total.aspx?playerId=61353"
"61353","고종욱","2014","넥센","KBO","https://www.koreabaseball.com/Record/Player/HitterDetail/Total.aspx?playerId=61353"
"61353","고종욱","2015","넥센","KBO","https://www.koreabaseball.com/Record/Player/HitterDetail/Total.aspx?playerId=61353"
"61353","고종욱","2016","넥센","KBO","https://www.koreabaseball.com/Record/Player/HitterDetail/Total.aspx?playerId=61353"
"61353","고종욱","2017","넥센","KBO","https://www.koreabaseball.com/Record/Player/HitterDetail/Total.aspx?playerId=61353"
"61353","고종욱","2018","넥센","KBO","https://www.koreabaseball.com/Record/Player/HitterDetail/Total.aspx?playerId=61353"
"61353","고종욱","2019","SK","KBO","https://www.koreabaseball.com/Record/Player/HitterDetail/Total.aspx?playerId=61353"
"61353","고종욱","2020","SK","KBO","https://www.koreabaseball.com/Record/Player/HitterDetail/Total.aspx?playerId=61353"
"61353","고종욱","2021","SSG","KBO","https://www.koreabaseball.com/Record/Player/HitterDetail/Total.aspx?playerId=61353"
"61353","고종욱","2022","KIA","KBO","https://www.koreabaseball.com/Record/Player/HitterDetail/Total.aspx?playerId=61353"
"61353","고종욱","2023","KIA","KBO","https://www.koreabaseball.com/Record/Player/HitterDetail/Total.aspx?playerId=61353"
"61353","고종욱","2024","KIA","KBO","https://www.koreabaseball.com/Record/Player/HitterDetail/Total.aspx?playerId=61353"
"61353","고종욱","2025","KIA","KBO","https://www.koreabaseball.com/Record/Player/HitterDetail/Total.aspx?playerId=61353"
"61365","김대우","2011","넥센","KBO","https://www.koreabaseball.com/Record/Player/PitcherDetail/Total.aspx?playerId=61365"
"61365","김대우","2014","넥센","KBO","https://www.koreabaseball.com/Record/Player/PitcherDetail/Total.aspx?playerId=61365"
"61365","김대우","2015","넥센","KBO","https://www.koreabaseball.com/Record/Player/PitcherDetail/Total.aspx?playerId=61365"
"61365","김대우","2016","삼성","KBO","https://www.koreabaseball.com/Record/Player/PitcherDetail/Total.aspx?playerId=61365"
"61365","김대우","2017","삼성","KBO","https://www.koreabaseball.com/Record/Player/PitcherDetail/Total.aspx?playerId=61365"
"61365","김대우","2018","삼성","KBO","https://www.koreabaseball.com/Record/Player/PitcherDetail/Total.aspx?playerId=61365"
"61365","김대우","2019","삼성","KBO","https://www.koreabaseball.com/Record/Player/PitcherDetail/Total.aspx?playerId=61365"
"61365","김대우","2020","삼성","KBO","https://www.koreabaseball.com/Record/Player/PitcherDetail/Total.aspx?playerId=61365"
"61365","김대우","2021","삼성","KBO","https://www.koreabaseball.com/Record/Player/PitcherDetail/Total.aspx?playerId=61365"
"61365","김대우","2022","삼성","KBO","https://www.koreabaseball.com/Record/Player/PitcherDetail/Total.aspx?playerId=61365"
"61365","김대우","2023","삼성","KBO","https://www.koreabaseball.com/Record/Player/PitcherDetail/Total.aspx?playerId=61365"
"61365","김대우","2024","삼성","KBO","https://www.koreabaseball.com/Record/Player/PitcherDetail/Total.aspx?playerId=61365"
"61365","김대우","2025","삼성","KBO","https://www.koreabaseball.com/Record/Player/PitcherDetail/Total.aspx?playerId=61365"
"61404","김헌곤","2011","삼성","KBO","https://www.koreabaseball.com/Record/Player/HitterDetail/Total.aspx?playerId=61404"
"61404","김헌곤","2012","삼성","KBO","https://www.koreabaseball.com/Record/Player/HitterDetail/Total.aspx?playerId=61404"
"61404","김헌곤","2013","삼성","KBO","https://www.koreabaseball.com/Record/Player/HitterDetail/Total.aspx?playerId=61404"
"61404","김헌곤","2014","삼성","KBO","https://www.koreabaseball.com/Record/Player/HitterDetail/Total.aspx?playerId=61404"
"61404","김헌곤","2017","삼성","KBO","https://www.koreabaseball.com/Record/Player/HitterDetail/Total.aspx?playerId=61404"
"61404","김헌곤","2018","삼성","KBO","https://www.koreabaseball.com/Record/Player/HitterDetail/Total.aspx?playerId=61404"
"61404","김헌곤","2019","삼성","KBO","https://www.koreabaseball.com/Record/Player/HitterDetail/Total.aspx?playerId=61404"
"61404","김헌곤","2020","삼성","KBO","https://www.koreabaseball.com/Record/Player/HitterDetail/Total.aspx?playerId=61404"
"61404","김헌곤","2021","삼성","KBO","https://www.koreabaseball.com/Record/Player/HitterDetail/Total.aspx?playerId=61404"
"61404","김헌곤","2022","삼성","KBO","https://www.koreabaseball.com/Record/Player/HitterDetail/Total.aspx?playerId=61404"
"61404","김헌곤","2023","삼성","KBO","https://www.koreabaseball.com/Record/Player/HitterDetail/Total.aspx?playerId=61404"
"61404","김헌곤","2024","삼성","KBO","https://www.koreabaseball.com/Record/Player/HitterDetail/Total.aspx?playerId=61404"
"61404","김헌곤","2025","삼성","KBO","https://www.koreabaseball.com/Record/Player/HitterDetail/Total.aspx?playerId=61404"
"61411","심창민","2012","삼성","KBO","https://www.koreabaseball.com/Record/Player/PitcherDetail/Total.aspx?playerId=61411"
"61411","심창민","2013","삼성","KBO","https://www.koreabaseball.com/Record/Player/PitcherDetail/Total.aspx?playerId=61411"
"61411","심창민","2014","삼성","KBO","https://www.koreabaseball.com/Record/Player/PitcherDetail/Total.aspx?playerId=61411"
"61411","심창민","2015","삼성","KBO","https://www.koreabaseball.com/Record/Player/PitcherDetail/Total.aspx?playerId=61411"
"61411","심창민","2016","삼성","KBO","https://www.koreabaseball.com/Record/Player/PitcherDetail/Total.aspx?playerId=61411"
"61411","심창민","2017","삼성","KBO","https://www.koreabaseball.com/Record/Player/PitcherDetail/Total.aspx?playerId=61411"
"61411","심창민","2018","삼성","KBO","https://www.koreabaseball.com/Record/Player/PitcherDetail/Total.aspx?playerId=61411"
"61411","심창민","2020","삼성","KBO","https://www.koreabaseball.com/Record/Player/PitcherDetail/Total.aspx?playerId=61411"
"61411","심창민","2021","삼성","KBO","https://www.koreabaseball.com/Record/Player/PitcherDetail/Total.aspx?playerId=61411"
"61411","심창민","2022","NC","KBO","https://www.koreabaseball.com/Record/Player/PitcherDetail/Total.aspx?playerId=61411"
"61411","심창민","2023","NC","KBO","https://www.koreabaseball.com/Record/Player/PitcherDetail/Total.aspx?playerId=61411"
"61643","홍건희","2011","KIA","KBO","https://www.koreabaseball.com/Record/Player/PitcherDetail/Total.aspx?playerId=61643"
"61643","홍건희","2015","KIA","KBO","https://www.koreabaseball.com/Record/Player/PitcherDetail/Total.aspx?playerId=61643"
"61643","홍건희","2016","KIA","KBO","https://www.koreabaseball.com/Record/Player/PitcherDetail/Total.aspx?playerId=61643"
"61643","홍건희","2017","KIA","KBO","https://www.koreabaseball.com/Record/Player/PitcherDetail/Total.aspx?playerId=61643"
"61643","홍건희","2018","KIA","KBO","https://www.koreabaseball.com/Record/Player/PitcherDetail/Total.aspx?playerId=61643"
"61643","홍건희","2019","KIA","KBO","https://www.koreabaseball.com/Record/Player/PitcherDetail/Total.aspx?playerId=61643"
"61643","홍건희","2020","두산","KBO","https://www.koreabaseball.com/Record/Player/PitcherDetail/Total.aspx?playerId=61643"
"61643","홍건희","2021","두산","KBO","https://www.koreabaseball.com/Record/Player/PitcherDetail/Total.aspx?playerId=61643"
"61643","홍건희","2022","두산","KBO","https://www.koreabaseball.com/Record/Player/PitcherDetail/Total.aspx?playerId=61643"
"61643","홍건희","2023","두산","KBO","https://www.koreabaseball.com/Record/Player/PitcherDetail/Total.aspx?playerId=61643"
"61643","홍건희","2024","두산","KBO","https://www.koreabaseball.com/Record/Player/PitcherDetail/Total.aspx?playerId=61643"
"61643","홍건희","2025","두산","KBO","https://www.koreabaseball.com/Record/Player/PitcherDetail/Total.aspx?playerId=61643"
"61666","한승혁","2012","KIA","KBO","https://www.koreabaseball.com/Record/Player/PitcherDetail/Total.aspx?playerId=61666"
"61666","한승혁","2013","KIA","KBO","https://www.koreabaseball.com/Record/Player/PitcherDetail/Total.aspx?playerId=61666"
"61666","한승혁","2014","KIA","KBO","https://www.koreabaseball.com/Record/Player/PitcherDetail/Total.aspx?playerId=61666"
"61666","한승혁","2015","KIA","KBO","https://www.koreabaseball.com/Record/Player/PitcherDetail/Total.aspx?playerId=61666"
"61666","한승혁","2016","KIA","KBO","https://www.koreabaseball.com/Record/Player/PitcherDetail/Total.aspx?playerId=61666"
"61666","한승혁","2017","KIA","KBO","https://www.koreabaseball.com/Record/Player/PitcherDetail/Total.aspx?playerId=61666"
"61666","한승혁","2018","KIA","KBO","https://www.koreabaseball.com/Record/Player/PitcherDetail/Total.aspx?playerId=61666"
"61666","한승혁","2021","KIA","KBO","https://www.koreabaseball.com/Record/Player/PitcherDetail/Total.aspx?playerId=61666"
"61666","한승혁","2022","KIA","KBO","https://www.koreabaseball.com/Record/Player/PitcherDetail/Total.aspx?playerId=61666"
"61666","한승혁","2023","한화","KBO","https://www.koreabaseball.com/Record/Player/PitcherDetail/Total.aspx?playerId=61666"
"61666","한승혁","2024","한화","KBO","https://www.koreabaseball.com/Record/Player/PitcherDetail/Total.aspx?playerId=61666"
"61666","한승혁","2025","한화","KBO","https://www.koreabaseball.com/Record/Player/PitcherDetail/Total.aspx?playerId=61666"
"61895","서진용","2015","SK","KBO","https://www.koreabaseball.com/Record/Player/PitcherDetail/Total.aspx?playerId=61895"
"61895","서진용","2016","SK","KBO","https://www.koreabaseball.com/Record/Player/PitcherDetail/Total.aspx?playerId=61895"
"61895","서진용","2017","SK","KBO","https://www.koreabaseball.com/Record/Player/PitcherDetail/Total.aspx?playerId=61895"
"61895","서진용","2018","SK","KBO","https://www.koreabaseball.com/Record/Player/PitcherDetail/Total.aspx?playerId=61895"
"61895","서진용","2019","SK","KBO","https://www.koreabaseball.com/Record/Player/PitcherDetail/Total.aspx?playerId=61895"
"61895","서진용","2020","SK","KBO","https://www.koreabaseball.com/Record/Player/PitcherDetail/Total.aspx?playerId=61895"
"61895","서진용","2021","SSG","KBO","https://www.koreabaseball.com/Record/Player/PitcherDetail/Total.aspx?playerId=61895"
"61895","서진용","2022","SSG","KBO","https://www.koreabaseball.com/Record/Player/PitcherDetail/Total.aspx?playerId=61895"
"61895","서진용","2023","SSG","KBO","https://www.koreabaseball.com/Record/Player/PitcherDetail/Total.aspx?playerId=61895"
"61895","서진용","2024","SSG","KBO","https://www.koreabaseball.com/Record/Player/PitcherDetail/Total.aspx?playerId=61895"
"61895","서진용","2025","SSG","KBO","https://www.koreabaseball.com/Record/Player/PitcherDetail/Total.aspx?playerId=61895"
"62146","최성훈","2012","LG","KBO","https://www.koreabaseball.com/Record/Player/PitcherDetail/Total.aspx?playerId=62146"
"62146","최성훈","2013","LG","KBO","https://www.koreabaseball.com/Record/Player/PitcherDetail/Total.aspx?playerId=62146"
"62146","최성훈","2016","LG","KBO","https://www.koreabaseball.com/Record/Player/PitcherDetail/Total.aspx?playerId=62146"
"62146","최성훈","2017","LG","KBO","https://www.koreabaseball.com/Record/Player/PitcherDetail/Total.aspx?playerId=62146"
"62146","최성훈","2018","LG","KBO","https://www.koreabaseball.com/Record/Player/PitcherDetail/Total.aspx?playerId=62146"
"62146","최성훈","2020","LG","KBO","https://www.koreabaseball.com/Record/Player/PitcherDetail/Total.aspx?playerId=62146"
"62146","최성훈","2021","LG","KBO","https://www.koreabaseball.com/Record/Player/PitcherDetail/Total.aspx?playerId=62146"
"62146","최성훈","2022","LG","KBO","https://www.koreabaseball.com/Record/Player/PitcherDetail/Total.aspx?playerId=62146"
"62146","최성훈","2023","LG","KBO","https://www.koreabaseball.com/Record/Player/PitcherDetail/Total.aspx?playerId=62146"
"62146","최성훈","2024","삼성","KBO","https://www.koreabaseball.com/Record/Player/PitcherDetail/Total.aspx?playerId=62146"
"62146","최성훈","2025","삼성","KBO","https://www.koreabaseball.com/Record/Player/PitcherDetail/Total.aspx?playerId=62146"
"62234","류지혁","2012","두산","KBO","https://www.koreabaseball.com/Record/Player/HitterDetail/Total.aspx?playerId=62234"
"62234","류지혁","2015","두산","KBO","https://www.koreabaseball.com/Record/Player/HitterDetail/Total.aspx?playerId=62234"
"62234","류지혁","2016","두산","KBO","https://www.koreabaseball.com/Record/Player/HitterDetail/Total.aspx?playerId=62234"
"62234","류지혁","2017","두산","KBO","https://www.koreabaseball.com/Record/Player/HitterDetail/Total.aspx?playerId=62234"
"62234","류지혁","2018","두산","KBO","https://www.koreabaseball.com/Record/Player/HitterDetail/Total.aspx?playerId=62234"
"62234","류지혁","2019","두산","KBO","https://www.koreabaseball.com/Record/Player/HitterDetail/Total.aspx?playerId=62234"
"62234","류지혁","2020","KIA","KBO","https://www.koreabaseball.com/Record/Player/HitterDetail/Total.aspx?playerId=62234"
"62234","류지혁","2021","KIA","KBO","https://www.koreabaseball.com/Record/Player/HitterDetail/Total.aspx?playerId=62234"
"62234","류지혁","2022","KIA","KBO","https://www.koreabaseball.com/Record/Player/HitterDetail/Total.aspx?playerId=62234"
"62234","류지혁","2023","삼성","KBO","https://www.koreabaseball.com/Record/Player/HitterDetail/Total.aspx?playerId=62234"
"62234","류지혁","2024","삼성","KBO","https://www.koreabaseball.com/Record/Player/HitterDetail/Total.aspx?playerId=62234"
"62234","류지혁","2025","삼성","KBO","https://www.koreabaseball.com/Record/Player/HitterDetail/Total.aspx?playerId=62234"
"62244","박세혁","2012","두산","KBO","https://www.koreabaseball.com/Record/Player/HitterDetail/Total.aspx?playerId=62244"
"62244","박세혁","2013","두산","KBO","https://www.koreabaseball.com/Record/Player/HitterDetail/Total.aspx?playerId=62244"
"62244","박세혁","2016","두산","KBO","https://www.koreabaseball.com/Record/Player/HitterDetail/Total.aspx?playerId=62244"
"62244","박세혁","2017","두산","KBO","https://www.koreabaseball.com/Record/Player/HitterDetail/Total.aspx?playerId=62244"
"62244","박세혁","2018","두산","KBO","https://www.koreabaseball.com/Record/Player/HitterDetail/Total.aspx?playerId=62244"
"62244","박세혁","2019","두산","KBO","https://www.koreabaseball.com/Record/Player/HitterDetail/Total.aspx?playerId=62244"
"62244","박세혁","2020","두산","KBO","https://www.koreabaseball.com/Record/Player/HitterDetail/Total.aspx?playerId=62244"
"62244","박세혁","2021","두산","KBO","https://www.koreabaseball.com/Record/Player/HitterDetail/Total.aspx?playerId=62244"
"62244","박세혁","2022","두산","KBO","https://www.koreabaseball.com/Record/Player/HitterDetail/Total.aspx?playerId=62244"
"62244","박세혁","2023","NC","KBO","https://www.koreabaseball.com/Record/Player/HitterDetail/Total.aspx?playerId=62244"
"62244","박세혁","2024","NC","KBO","https://www.koreabaseball.com/Record/Player/HitterDetail/Total.aspx?playerId=62244"
"62244","박세혁","2025","NC","KBO","https://www.koreabaseball.com/Record/Player/HitterDetail/Total.aspx?playerId=62244"
"62332","김재현","2015","넥센","KBO","https://www.koreabaseball.com/Record/Player/HitterDetail/Total.aspx?playerId=62332"
"62332","김재현","2016","넥센","KBO","https://www.koreabaseball.com/Record/Player/HitterDetail/Total.aspx?playerId=62332"
"62332","김재현","2017","넥센","KBO","https://www.koreabaseball.com/Record/Player/HitterDetail/Total.aspx?playerId=62332"
"62332","김재현","2018","넥센","KBO","https://www.koreabaseball.com/Record/Player/HitterDetail/Total.aspx?playerId=62332"
"62332","김재현","2020","키움","KBO","https://www.koreabaseball.com/Record/Player/HitterDetail/Total.aspx?playerId=62332"
"62332","김재현","2021","키움","KBO","https://www.koreabaseball.com/Record/Player/HitterDetail/Total.aspx?playerId=62332"
"62332","김재현","2022","키움","KBO","https://www.koreabaseball.com/Record/Player/HitterDetail/Total.aspx?playerId=62332"
"62332","김재현","2023","키움","KBO","https://www.koreabaseball.com/Record/Player/HitterDetail/Total.aspx?playerId=62332"
"62332","김재현","2024","키움","KBO","https://www.koreabaseball.com/Record/Player/HitterDetail/Total.aspx?playerId=62332"
"62332","김재현","2025","키움","KBO","https://www.koreabaseball.com/Record/Player/HitterDetail/Total.aspx?playerId=62332"
"62360","김태훈","2014","넥센","KBO","https://www.koreabaseball.com/Record/Player/PitcherDetail/Total.aspx?playerId=62360"
"62360","김태훈","2015","넥센","KBO","https://www.koreabaseball.com/Record/Player/PitcherDetail/Total.aspx?playerId=62360"
"62360","김태훈","2018","넥센","KBO","https://www.koreabaseball.com/Record/Player/PitcherDetail/Total.aspx?playerId=62360"
"62360","김태훈","2019","키움","KBO","https://www.koreabaseball.com/Record/Player/PitcherDetail/Total.aspx?playerId=62360"
"62360","김태훈","2020","키움","KBO","https://www.koreabaseball.com/Record/Player/PitcherDetail/Total.aspx?playerId=62360"
"62360","김태훈","2021","키움","KBO","https://www.koreabaseball.com/Record/Player/PitcherDetail/Total.aspx?playerId=62360"
"62360","김태훈","2022","키움","KBO","https://www.koreabaseball.com/Record/Player/PitcherDetail/Total.aspx?playerId=62360"
"62360","김태훈","2023","삼성","KBO","https://www.koreabaseball.com/Record/Player/PitcherDetail/Total.aspx?playerId=62360"
"62360","김태훈","2024","삼성","KBO","https://www.koreabaseball.com/Record/Player/PitcherDetail/Total.aspx?playerId=62360"
"62360","김태훈","2025","삼성","KBO","https://www.koreabaseball.com/Record/Player/PitcherDetail/Total.aspx?playerId=62360"
"62363","한현희","2012","넥센","KBO","https://www.koreabaseball.com/Record/Player/PitcherDetail/Total.aspx?playerId=62363"
"62363","한현희","2013","넥센","KBO","https://www.koreabaseball.com/Record/Player/PitcherDetail/Total.aspx?playerId=62363"
"62363","한현희","2014","넥센","KBO","https://www.koreabaseball.com/Record/Player/PitcherDetail/Total.aspx?playerId=62363"
"62363","한현희","2015","넥센","KBO","https://www.koreabaseball.com/Record/Player/PitcherDetail/Total.aspx?playerId=62363"
"62363","한현희","2017","넥센","KBO","https://www.koreabaseball.com/Record/Player/PitcherDetail/Total.aspx?playerId=62363"
"62363","한현희","2018","넥센","KBO","https://www.koreabaseball.com/Record/Player/PitcherDetail/Total.aspx?playerId=62363"
"62363","한현희","2019","키움","KBO","https://www.koreabaseball.com/Record/Player/PitcherDetail/Total.aspx?playerId=62363"
"62363","한현희","2020","키움","KBO","https://www.koreabaseball.com/Record/Player/PitcherDetail/Total.aspx?playerId=62363"
"62363","한현희","2021","키움","KBO","https://www.koreabaseball.com/Record/Player/PitcherDetail/Total.aspx?playerId=62363"
"62363","한현희","2022","키움","KBO","https://www.koreabaseball.com/Record/Player/PitcherDetail/Total.aspx?playerId=62363"
"62363","한현희","2023","롯데","KBO","https://www.koreabaseball.com/Record/Player/PitcherDetail/Total.aspx?playerId=62363"
"62363","한현희","2024","롯데","KBO","https://www.koreabaseball.com/Record/Player/PitcherDetail/Total.aspx?playerId=62363"
"62363","한현희","2025","롯데","KBO","https://www.koreabaseball.com/Record/Player/PitcherDetail/Total.aspx?playerId=62363"
"62404","구자욱","2015","삼성","KBO","https://www.koreabaseball.com/Record/Player/HitterDetail/Total.aspx?playerId=62404"
"62404","구자욱","2016","삼성","KBO","https://www.koreabaseball.com/Record/Player/HitterDetail/Total.aspx?playerId=62404"
"62404","구자욱","2017","삼성","KBO","https://www.koreabaseball.com/Record/Player/HitterDetail/Total.aspx?playerId=62404"
"62404","구자욱","2018","삼성","KBO","https://www.koreabaseball.com/Record/Player/HitterDetail/Total.aspx?playerId=62404"
"62404","구자욱","2019","삼성","KBO","https://www.koreabaseball.com/Record/Player/HitterDetail/Total.aspx?playerId=62404"
"62404","구자욱","2020","삼성","KBO","https://www.koreabaseball.com/Record/Player/HitterDetail/Total.aspx?playerId=62404"
"62404","구자욱","2021","삼성","KBO","https://www.koreabaseball.com/Record/Player/HitterDetail/Total.aspx?playerId=62404"
"62404","구자욱","2022","삼성","KBO","https://www.koreabaseball.com/Record/Player/HitterDetail/Total.aspx?playerId=62404"
"62404","구자욱","2023","삼성","KBO","https://www.koreabaseball.com/Record/Player/HitterDetail/Total.aspx?playerId=62404"
"62404","구자욱","2024","삼성","KBO","https://www.koreabaseball.com/Record/Player/HitterDetail/Total.aspx?playerId=62404"
"62404","구자욱","2025","삼성","KBO","https://www.koreabaseball.com/Record/Player/HitterDetail/Total.aspx?playerId=62404"
"62415","박해민","2013","삼성","KBO","https://www.koreabaseball.com/Record/Player/HitterDetail/Total.aspx?playerId=62415"
"62415","박해민","2014","삼성","KBO","https://www.koreabaseball.com/Record/Player/HitterDetail/Total.aspx?playerId=62415"
"62415","박해민","2015","삼성","KBO","https://www.koreabaseball.com/Record/Player/HitterDetail/Total.aspx?playerId=62415"
"62415","박해민","2016","삼성","KBO","https://www.koreabaseball.com/Record/Player/HitterDetail/Total.aspx?playerId=62415"
"62415","박해민","2017","삼성","KBO","https://www.koreabaseball.com/Record/Player/HitterDetail/Total.aspx?playerId=62415"
"62415","박해민","2018","삼성","KBO","https://www.koreabaseball.com/Record/Player/HitterDetail/Total.aspx?playerId=62415"
"62415","박해민","2019","삼성","KBO","https://www.koreabaseball.com/Record/Player/HitterDetail/Total.aspx?playerId=62415"
"62415","박해민","2020","삼성","KBO","https://www.koreabaseball.com/Record/Player/HitterDetail/Total.aspx?playerId=62415"
"62415","박해민","2021","삼성","KBO","https://www.koreabaseball.com/Record/Player/HitterDetail/Total.aspx?playerId=62415"
"62415","박해민","2022","LG","KBO","https://www.koreabaseball.com/Record/Player/HitterDetail/Total.aspx?playerId=62415"
"62415","박해민","2023","LG","KBO","https://www.koreabaseball.com/Record/Player/HitterDetail/Total.aspx?playerId=62415"
"62415","박해민","2024","LG","KBO","https://www.koreabaseball.com/Record/Player/HitterDetail/Total.aspx?playerId=62415"
"62415","박해민","2025","LG","KBO","https://www.koreabaseball.com/Record/Player/HitterDetail/Total.aspx?playerId=62415"
"62528","김원중","2015","롯데","KBO","https://www.koreabaseball.com/Record/Player/PitcherDetail/Total.aspx?playerId=62528"
"62528","김원중","2016","롯데","KBO","https://www.koreabaseball.com/Record/Player/PitcherDetail/Total.aspx?playerId=62528"
"62528","김원중","2017","롯데","KBO","https://www.koreabaseball.com/Record/Player/PitcherDetail/Total.aspx?playerId=62528"
"62528","김원중","2018","롯데","KBO","https://www.koreabaseball.com/Record/Player/PitcherDetail/Total.aspx?playerId=62528"
"62528","김원중","2019","롯데","KBO","https://www.koreabaseball.com/Record/Player/PitcherDetail/Total.aspx?playerId=62528"
"62528","김원중","2020","롯데","KBO","https://www.koreabaseball.com/Record/Player/PitcherDetail/Total.aspx?playerId=62528"
"62528","김원중","2021","롯데","KBO","https://www.koreabaseball.com/Record/Player/PitcherDetail/Total.aspx?playerId=62528"
"62528","김원중","2022","롯데","KBO","https://www.koreabaseball.com/Record/Player/PitcherDetail/Total.aspx?playerId=62528"
"62528","김원중","2023","롯데","KBO","https://www.koreabaseball.com/Record/Player/PitcherDetail/Total.aspx?playerId=62528"
"62528","김원중","2024","롯데","KBO","https://www.koreabaseball.com/Record/Player/PitcherDetail/Total.aspx?playerId=62528"
"62528","김원중","2025","롯데","KBO","https://www.koreabaseball.com/Record/Player/PitcherDetail/Total.aspx?playerId=62528"
"62558","김준태","2013","롯데","KBO","https://www.koreabaseball.com/Record/Player/HitterDetail/Total.aspx?playerId=62558"
"62558","김준태","2015","롯데","KBO","https://www.koreabaseball.com/Record/Player/HitterDetail/Total.aspx?playerId=62558"
"62558","김준태","2016","롯데","KBO","https://www.koreabaseball.com/Record/Player/HitterDetail/Total.aspx?playerId=62558"
"62558","김준태","2019","롯데","KBO","https://www.koreabaseball.com/Record/Player/HitterDetail/Total.aspx?playerId=62558"
"62558","김준태","2020","롯데","KBO","https://www.koreabaseball.com/Record/Player/HitterDetail/Total.aspx?playerId=62558"
"62558","김준태","2021","KT","KBO","https://www.koreabaseball.com/Record/Player/HitterDetail/Total.aspx?playerId=62558"
"62558","김준태","2022","KT","KBO","https://www.koreabaseball.com/Record/Player/HitterDetail/Total.aspx?playerId=62558"
"62558","김준태","2023","KT","KBO","https://www.koreabaseball.com/Record/Player/HitterDetail/Total.aspx?playerId=62558"
"62558","김준태","2024","KT","KBO","https://www.koreabaseball.com/Record/Player/HitterDetail/Total.aspx?playerId=62558"
"62558","김준태","2025","LG","KBO","https://www.koreabaseball.com/Record/Player/HitterDetail/Total.aspx?playerId=62558"
"62700","하주석","2012","한화","KBO","https://www.koreabaseball.com/Record/Player/HitterDetail/Total.aspx?playerId=62700"
"62700","하주석","2013","한화","KBO","https://www.koreabaseball.com/Record/Player/HitterDetail/Total.aspx?playerId=62700"
"62700","하주석","2015","한화","KBO","https://www.koreabaseball.com/Record/Player/HitterDetail/Total.aspx?playerId=62700"
"62700","하주석","2016","한화","KBO","https://www.koreabaseball.com/Record/Player/HitterDetail/Total.aspx?playerId=62700"
"62700","하주석","2017","한화","KBO","https://www.koreabaseball.com/Record/Player/HitterDetail/Total.aspx?playerId=62700"
"62700","하주석","2018","한화","KBO","https://www.koreabaseball.com/Record/Player/HitterDetail/Total.aspx?playerId=62700"
"62700","하주석","2019","한화","KBO","https://www.koreabaseball.com/Record/Player/HitterDetail/Total.aspx?playerId=62700"
"62700","하주석","2020","한화","KBO","https://www.koreabaseball.com/Record/Player/HitterDetail/Total.aspx?playerId=62700"
"62700","하주석","2021","한화","KBO","https://www.koreabaseball.com/Record/Player/HitterDetail/Total.aspx?playerId=62700"
"62700","하주석","2022","한화","KBO","https://www.koreabaseball.com/Record/Player/HitterDetail/Total.aspx?playerId=62700"
"62700","하주석","2023","한화","KBO","https://www.koreabaseball.com/Record/Player/HitterDetail/Total.aspx?playerId=62700"
"62700","하주석","2024","한화","KBO","https://www.koreabaseball.com/Record/Player/HitterDetail/Total.aspx?playerId=62700"
"62700","하주석","2025","한화","KBO","https://www.koreabaseball.com/Record/Player/HitterDetail/Total.aspx?playerId=62700"
"62754","임기영","2012","한화","KBO","https://www.koreabaseball.com/Record/Player/PitcherDetail/Total.aspx?playerId=62754"
"62754","임기영","2013","한화","KBO","https://www.koreabaseball.com/Record/Player/PitcherDetail/Total.aspx?playerId=62754"
"62754","임기영","2014","한화","KBO","https://www.koreabaseball.com/Record/Player/PitcherDetail/Total.aspx?playerId=62754"
"62754","임기영","2017","KIA","KBO","https://www.koreabaseball.com/Record/Player/PitcherDetail/Total.aspx?playerId=62754"
"62754","임기영","2018","KIA","KBO","https://www.koreabaseball.com/Record/Player/PitcherDetail/Total.aspx?playerId=62754"
"62754","임기영","2019","KIA","KBO","https://www.koreabaseball.com/Record/Player/PitcherDetail/Total.aspx?playerId=62754"
"62754","임기영","2020","KIA","KBO","https://www.koreabaseball.com/Record/Player/PitcherDetail/Total.aspx?playerId=62754"
"62754","임기영","2021","KIA","KBO","https://www.koreabaseball.com/Record/Player/PitcherDetail/Total.aspx?playerId=62754"
"62754","임기영","2022","KIA","KBO","https://www.koreabaseball.com/Record/Player/PitcherDetail/Total.aspx?playerId=62754"
"62754","임기영","2023","KIA","KBO","https://www.koreabaseball.com/Record/Player/PitcherDetail/Total.aspx?playerId=62754"
"62754","임기영","2024","KIA","KBO","https://www.koreabaseball.com/Record/Player/PitcherDetail/Total.aspx?playerId=62754"
"62754","임기영","2025","KIA","KBO","https://www.koreabaseball.com/Record/Player/PitcherDetail/Total.aspx?playerId=62754"
"62802","박승욱","2012","SK","KBO","https://www.koreabaseball.com/Record/Player/HitterDetail/Total.aspx?playerId=62802"
"62802","박승욱","2013","SK","KBO","https://www.koreabaseball.com/Record/Player/HitterDetail/Total.aspx?playerId=62802"
"62802","박승욱","2016","SK","KBO","https://www.koreabaseball.com/Record/Player/HitterDetail/Total.aspx?playerId=62802"
"62802","박승욱","2017","SK","KBO","https://www.koreabaseball.com/Record/Player/HitterDetail/Total.aspx?playerId=62802"
"62802","박승욱","2018","SK","KBO","https://www.koreabaseball.com/Record/Player/HitterDetail/Total.aspx?playerId=62802"
"62802","박승욱","2019","KT","KBO","https://www.koreabaseball.com/Record/Player/HitterDetail/Total.aspx?playerId=62802"
"62802","박승욱","2020","KT","KBO","https://www.koreabaseball.com/Record/Player/HitterDetail/Total.aspx?playerId=62802"
"62802","박승욱","2021","KT","KBO","https://www.koreabaseball.com/Record/Player/HitterDetail/Total.aspx?playerId=62802"
"62802","박승욱","2022","롯데","KBO","https://www.koreabaseball.com/Record/Player/HitterDetail/Total.aspx?playerId=62802"
"62802","박승욱","2023","롯데","KBO","https://www.koreabaseball.com/Record/Player/HitterDetail/Total.aspx?playerId=62802"
"62802","박승욱","2024","롯데","KBO","https://www.koreabaseball.com/Record/Player/HitterDetail/Total.aspx?playerId=62802"
"62802","박승욱","2025","롯데","KBO","https://www.koreabaseball.com/Record/Player/HitterDetail/Total.aspx?playerId=62802"
"62864","김민식","2015","SK","KBO","https://www.koreabaseball.com/Record/Player/HitterDetail/Total.aspx?playerId=62864"
"62864","김민식","2016","SK","KBO","https://www.koreabaseball.com/Record/Player/HitterDetail/Total.aspx?playerId=62864"
"62864","김민식","2017","KIA","KBO","https://www.koreabaseball.com/Record/Player/HitterDetail/Total.aspx?playerId=62864"
"62864","김민식","2018","KIA","KBO","https://www.koreabaseball.com/Record/Player/HitterDetail/Total.aspx?playerId=62864"
"62864","김민식","2019","KIA","KBO","https://www.koreabaseball.com/Record/Player/HitterDetail/Total.aspx?playerId=62864"
"62864","김민식","2020","KIA","KBO","https://www.koreabaseball.com/Record/Player/HitterDetail/Total.aspx?playerId=62864"
"62864","김민식","2021","KIA","KBO","https://www.koreabaseball.com/Record/Player/HitterDetail/Total.aspx?playerId=62864"
"62864","김민식","2022","SSG","KBO","https://www.koreabaseball.com/Record/Player/HitterDetail/Total.aspx?playerId=62864"
"62864","김민식","2023","SSG","KBO","https://www.koreabaseball.com/Record/Player/HitterDetail/Total.aspx?playerId=62864"
"62864","김민식","2024","SSG","KBO","https://www.koreabaseball.com/Record/Player/HitterDetail/Total.aspx?playerId=62864"
"62869","문승원","2012","SK","KBO","https://www.koreabaseball.com/Record/Player/PitcherDetail/Total.aspx?playerId=62869"
"62869","문승원","2013","SK","KBO","https://www.koreabaseball.com/Record/Player/PitcherDetail/Total.aspx?playerId=62869"
"62869","문승원","2016","SK","KBO","https://www.koreabaseball.com/Record/Player/PitcherDetail/Total.aspx?playerId=62869"
"62869","문승원","2017","SK","KBO","https://www.koreabaseball.com/Record/Player/PitcherDetail/Total.aspx?playerId=62869"
"62869","문승원","2018","SK","KBO","https://www.koreabaseball.com/Record/Player/PitcherDetail/Total.aspx?playerId=62869"
"62869","문승원","2019","SK","KBO","https://www.koreabaseball.com/Record/Player/PitcherDetail/Total.aspx?playerId=62869"
"62869","문승원","2020","SK","KBO","https://www.koreabaseball.com/Record/Player/PitcherDetail/Total.aspx?playerId=62869"
"62869","문승원","2021","SSG","KBO","https://www.koreabaseball.com/Record/Player/PitcherDetail/Total.aspx?playerId=62869"
"62869","문승원","2022","SSG","KBO","https://www.koreabaseball.com/Record/Player/PitcherDetail/Total.aspx?playerId=62869"
"62869","문승원","2023","SSG","KBO","https://www.koreabaseball.com/Record/Player/PitcherDetail/Total.aspx?playerId=62869"
"62869","문승원","2024","SSG","KBO","https://www.koreabaseball.com/Record/Player/PitcherDetail/Total.aspx?playerId=62869"
"62869","문승원","2025","SSG","KBO","https://www.koreabaseball.com/Record/Player/PitcherDetail/Total.aspx?playerId=62869"
"62884","최항","2017","SK","KBO","https://www.koreabaseball.com/Record/Player/HitterDetail/Total.aspx?playerId=62884"
"62884","최항","2018","SK","KBO","https://www.koreabaseball.com/Record/Player/HitterDetail/Total.aspx?playerId=62884"
"62884","최항","2019","SK","KBO","https://www.koreabaseball.com/Record/Player/HitterDetail/Total.aspx?playerId=62884"
"62884","최항","2020","SK","KBO","https://www.koreabaseball.com/Record/Player/HitterDetail/Total.aspx?playerId=62884"
"62884","최항","2021","SSG","KBO","https://www.koreabaseball.com/Record/Player/HitterDetail/Total.aspx?playerId=62884"
"62884","최항","2022","SSG","KBO","https://www.koreabaseball.com/Record/Player/HitterDetail/Total.aspx?playerId=62884"
"62884","최항","2023","SSG","KBO","https://www.koreabaseball.com/Record/Player/HitterDetail/Total.aspx?playerId=62884"
"62884","최항","2024","롯데","KBO","https://www.koreabaseball.com/Record/Player/HitterDetail/Total.aspx?playerId=62884"
"62884","최항","2025","롯데","KBO","https://www.koreabaseball.com/Record/Player/HitterDetail/Total.aspx?playerId=62884"
"62895","한유섬","2012","SK","KBO","https://www.koreabaseball.com/Record/Player/HitterDetail/Total.aspx?playerId=62895"
"62895","한유섬","2013","SK","KBO","https://www.koreabaseball.com/Record/Player/HitterDetail/Total.aspx?playerId=62895"
"62895","한유섬","2014","SK","KBO","https://www.koreabaseball.com/Record/Player/HitterDetail/Total.aspx?playerId=62895"
"62895","한유섬","2016","SK","KBO","https://www.koreabaseball.com/Record/Player/HitterDetail/Total.aspx?playerId=62895"
"62895","한유섬","2017","SK","KBO","https://www.koreabaseball.com/Record/Player/HitterDetail/Total.aspx?playerId=62895"
"62895","한유섬","2018","SK","KBO","https://www.koreabaseball.com/Record/Player/HitterDetail/Total.aspx?playerId=62895"
"62895","한유섬","2019","SK","KBO","https://www.koreabaseball.com/Record/Player/HitterDetail/Total.aspx?playerId=62895"
"62895","한유섬","2020","SK","KBO","https://www.koreabaseball.com/Record/Player/HitterDetail/Total.aspx?playerId=62895"
"62895","한유섬","2021","SSG","KBO","https://www.koreabaseball.com/Record/Player/HitterDetail/Total.aspx?playerId=62895"
"62895","한유섬","2022","SSG","KBO","https://www.koreabaseball.com/Record/Player/HitterDetail/Total.aspx?playerId=62895"
"62895","한유섬","2023","SSG","KBO","https://www.koreabaseball.com/Record/Player/HitterDetail/Total.aspx?playerId=62895"
"62895","한유섬","2024","SSG","KBO","https://www.koreabaseball.com/Record/Player/HitterDetail/Total.aspx?playerId=62895"
"62895","한유섬","2025","SSG","KBO","https://www.koreabaseball.com/Record/Player/HitterDetail/Total.aspx?playerId=62895"
"62907","박민우","2013","NC","KBO","https://www.koreabaseball.com/Record/Player/HitterDetail/Total.aspx?playerId=62907"
"62907","박민우","2014","NC","KBO","https://www.koreabaseball.com/Record/Player/HitterDetail/Total.aspx?playerId=62907"
"62907","박민우","2015","NC","KBO","https://www.koreabaseball.com/Record/Player/HitterDetail/Total.aspx?playerId=62907"
"62907","박민우","2016","NC","KBO","https://www.koreabaseball.com/Record/Player/HitterDetail/Total.aspx?playerId=62907"
"62907","박민우","2017","NC","KBO","https://www.koreabaseball.com/Record/Player/HitterDetail/Total.aspx?playerId=62907"
"62907","박민우","2018","NC","KBO","https://www.koreabaseball.com/Record/Player/HitterDetail/Total.aspx?playerId=62907"
"62907","박민우","2019","NC","KBO","https://www.koreabaseball.com/Record/Player/HitterDetail/Total.aspx?playerId=62907"
"62907","박민우","2020","NC","KBO","https://www.koreabaseball.com/Record/Player/HitterDetail/Total.aspx?playerId=62907"
"62907","박민우","2021","NC","KBO","https://www.koreabaseball.com/Record/Player/HitterDetail/Total.aspx?playerId=62907"
"62907","박민우","2022","NC","KBO","https://www.koreabaseball.com/Record/Player/HitterDetail/Total.aspx?playerId=62907"
"62907","박민우","2023","NC","KBO","https://www.koreabaseball.com/Record/Player/HitterDetail/Total.aspx?playerId=62907"
"62907","박민우","2024","NC","KBO","https://www.koreabaseball.com/Record/Player/HitterDetail/Total.aspx?playerId=62907"
"62907","박민우","2025","NC","KBO","https://www.koreabaseball.com/Record/Player/HitterDetail/Total.aspx?playerId=62907"
"62931","노진혁","2013","NC","KBO","https://www.koreabaseball.com/Record/Player/HitterDetail/Total.aspx?playerId=62931"
"62931","노진혁","2014","NC","KBO","https://www.koreabaseball.com/Record/Player/HitterDetail/Total.aspx?playerId=62931"
"62931","노진혁","2015","NC","KBO","https://www.koreabaseball.com/Record/Player/HitterDetail/Total.aspx?playerId=62931"
"62931","노진혁","2017","NC","KBO","https://www.koreabaseball.com/Record/Player/HitterDetail/Total.aspx?playerId=62931"
"62931","노진혁","2018","NC","KBO","https://www.koreabaseball.com/Record/Player/HitterDetail/Total.aspx?playerId=62931"
"62931","노진혁","2019","NC","KBO","https://www.koreabaseball.com/Record/Player/HitterDetail/Total.aspx?playerId=62931"
"62931","노진혁","2020","NC","KBO","https://www.koreabaseball.com/Record/Player/HitterDetail/Total.aspx?playerId=62931"
"62931","노진혁","2021","NC","KBO","https://www.koreabaseball.com/Record/Player/HitterDetail/Total.aspx?playerId=62931"
"62931","노진혁","2022","NC","KBO","https://www.koreabaseball.com/Record/Player/HitterDetail/Total.aspx?playerId=62931"
"62931","노진혁","2023","롯데","KBO","https://www.koreabaseball.com/Record/Player/HitterDetail/Total.aspx?playerId=62931"
"62931","노진혁","2024","롯데","KBO","https://www.koreabaseball.com/Record/Player/HitterDetail/Total.aspx?playerId=62931"
"62931","노진혁","2025","롯데","KBO","https://www.koreabaseball.com/Record/Player/HitterDetail/Total.aspx?playerId=62931"
"62934","김성욱","2013","NC","KBO","https://www.koreabaseball.com/Record/Player/HitterDetail/Total.aspx?playerId=62934"
"62934","김성욱","2014","NC","KBO","https://www.koreabaseball.com/Record/Player/HitterDetail/Total.aspx?playerId=62934"
"62934","김성욱","2015","NC","KBO","https://www.koreabaseball.com/Record/Player/HitterDetail/Total.aspx?playerId=62934"
"62934","김성욱","2016","NC","KBO","https://www.koreabaseball.com/Record/Player/HitterDetail/Total.aspx?playerId=62934"
"62934","김성욱","2017","NC","KBO","https://www.koreabaseball.com/Record/Player/HitterDetail/Total.aspx?playerId=62934"
"62934","김성욱","2018","NC","KBO","https://www.koreabaseball.com/Record/Player/HitterDetail/Total.aspx?playerId=62934"
"62934","김성욱","2019","NC","KBO","https://www.koreabaseball.com/Record/Player/HitterDetail/Total.aspx?playerId=62934"
"62934","김성욱","2020","NC","KBO","https://www.koreabaseball.com/Record/Player/HitterDetail/Total.aspx?playerId=62934"
"62934","김성욱","2023","NC","KBO","https://www.koreabaseball.com/Record/Player/HitterDetail/Total.aspx?playerId=62934"
"62934","김성욱","2024","NC","KBO","https://www.koreabaseball.com/Record/Player/HitterDetail/Total.aspx?playerId=62934"
"62934","김성욱","2025","SSG","KBO","https://www.koreabaseball.com/Record/Player/HitterDetail/Total.aspx?playerId=62934"
"62947","나성범","2013","NC","KBO","https://www.koreabaseball.com/Record/Player/HitterDetail/Total.aspx?playerId=62947"
"62947","나성범","2014","NC","KBO","https://www.koreabaseball.com/Record/Player/HitterDetail/Total.aspx?playerId=62947"
"62947","나성범","2015","NC","KBO","https://www.koreabaseball.com/Record/Player/HitterDetail/Total.aspx?playerId=62947"
"62947","나성범","2016","NC","KBO","https://www.koreabaseball.com/Record/Player/HitterDetail/Total.aspx?playerId=62947"
"62947","나성범","2017","NC","KBO","https://www.koreabaseball.com/Record/Player/HitterDetail/Total.aspx?playerId=62947"
"62947","나성범","2018","NC","KBO","https://www.koreabaseball.com/Record/Player/HitterDetail/Total.aspx?playerId=62947"
"62947","나성범","2019","NC","KBO","https://www.koreabaseball.com/Record/Player/HitterDetail/Total.aspx?playerId=62947"
"62947","나성범","2020","NC","KBO","https://www.koreabaseball.com/Record/Player/HitterDetail/Total.aspx?playerId=62947"
"62947","나성범","2021","NC","KBO","https://www.koreabaseball.com/Record/Player/HitterDetail/Total.aspx?playerId=62947"
"62947","나성범","2022","KIA","KBO","https://www.koreabaseball.com/Record/Player/HitterDetail/Total.aspx?playerId=62947"
"62947","나성범","2023","KIA","KBO","https://www.koreabaseball.com/Record/Player/HitterDetail/Total.aspx?playerId=62947"
"62947","나성범","2024","KIA","KBO","https://www.koreabaseball.com/Record/Player/HitterDetail/Total.aspx?playerId=62947"
"62947","나성범","2025","KIA","KBO","https://www.koreabaseball.com/Record/Player/HitterDetail/Total.aspx?playerId=62947"
"62951","이형범","2013","NC","KBO","https://www.koreabaseball.com/Record/Player/PitcherDetail/Total.aspx?playerId=62951"
"62951","이형범","2017","NC","KBO","https://www.koreabaseball.com/Record/Player/PitcherDetail/Total.aspx?playerId=62951"
"62951","이형범","2018","NC","KBO","https://www.koreabaseball.com/Record/Player/PitcherDetail/Total.aspx?playerId=62951"
"62951","이형범","2019","두산","KBO","https://www.koreabaseball.com/Record/Player/PitcherDetail/Total.aspx?playerId=62951"
"62951","이형범","2020","두산","KBO","https://www.koreabaseball.com/Record/Player/PitcherDetail/Total.aspx?playerId=62951"
"62951","이형범","2021","두산","KBO","https://www.koreabaseball.com/Record/Player/PitcherDetail/Total.aspx?playerId=62951"
"62951","이형범","2022","두산","KBO","https://www.koreabaseball.com/Record/Player/PitcherDetail/Total.aspx?playerId=62951"
"62951","이형범","2023","두산","KBO","https://www.koreabaseball.com/Record/Player/PitcherDetail/Total.aspx?playerId=62951"
"62951","이형범","2024","KIA","KBO","https://www.koreabaseball.com/Record/Player/PitcherDetail/Total.aspx?playerId=62951"
"62951","이형범","2025","KIA","KBO","https://www.koreabaseball.com/Record/Player/PitcherDetail/Total.aspx?playerId=62951"
"63123","강승호","2016","LG","KBO","https://www.koreabaseball.com/Record/Player/HitterDetail/Total.aspx?playerId=63123"
"63123","강승호","2017","LG","KBO","https://www.koreabaseball.com/Record/Player/HitterDetail/Total.aspx?playerId=63123"
"63123","강승호","2018","SK","KBO","https://www.koreabaseball.com/Record/Player/HitterDetail/Total.aspx?playerId=63123"
"63123","강승호","2019","SK","KBO","https://www.koreabaseball.com/Record/Player/HitterDetail/Total.aspx?playerId=63123"
"63123","강승호","2021","두산","KBO","https://www.koreabaseball.com/Record/Player/HitterDetail/Total.aspx?playerId=63123"
"63123","강승호","2022","두산","KBO","https://www.koreabaseball.com/Record/Player/HitterDetail/Total.aspx?playerId=63123"
"63123","강승호","2023","두산","KBO","https://www.koreabaseball.com/Record/Player/HitterDetail/Total.aspx?playerId=63123"
"63123","강승호","2024","두산","KBO","https://www.koreabaseball.com/Record/Player/HitterDetail/Total.aspx?playerId=63123"
"63123","강승호","2025","두산","KBO","https://www.koreabaseball.com/Record/Player/HitterDetail/Total.aspx?playerId=63123"
"63145","배재준","2018","LG","KBO","https://www.koreabaseball.com/Record/Player/PitcherDetail/Total.aspx?playerId=63145"
"63145","배재준","2019","LG","KBO","https://www.koreabaseball.com/Record/Player/PitcherDetail/Total.aspx?playerId=63145"
"63145","배재준","2021","LG","KBO","https://www.koreabaseball.com/Record/Player/PitcherDetail/Total.aspx?playerId=63145"
"63145","배재준","2022","LG","KBO","https://www.koreabaseball.com/Record/Player/PitcherDetail/Total.aspx?playerId=63145"
"63145","배재준","2023","LG","KBO","https://www.koreabaseball.com/Record/Player/PitcherDetail/Total.aspx?playerId=63145"
"63145","배재준","2025","LG","KBO","https://www.koreabaseball.com/Record/Player/PitcherDetail/Total.aspx?playerId=63145"
"63202","장승현","2018","두산","KBO","https://www.koreabaseball.com/Record/Player/HitterDetail/Total.aspx?playerId=63202"
"63202","장승현","2019","두산","KBO","https://www.koreabaseball.com/Record/Player/HitterDetail/Total.aspx?playerId=63202"
"63202","장승현","2020","두산","KBO","https://www.koreabaseball.com/Record/Player/HitterDetail/Total.aspx?playerId=63202"
"63202","장승현","2021","두산","KBO","https://www.koreabaseball.com/Record/Player/HitterDetail/Total.aspx?playerId=63202"
"63202","장승현","2022","두산","KBO","https://www.koreabaseball.com/Record/Player/HitterDetail/Total.aspx?playerId=63202"
"63202","장승현","2023","두산","KBO","https://www.koreabaseball.com/Record/Player/HitterDetail/Total.aspx?playerId=63202"
"63202","장승현","2024","두산","KBO","https://www.koreabaseball.com/Record/Player/HitterDetail/Total.aspx?playerId=63202"
"63202","장승현","2025","두산","KBO","https://www.koreabaseball.com/Record/Player/HitterDetail/Total.aspx?playerId=63202"
"63248","함덕주","2013","두산","KBO","https://www.koreabaseball.com/Record/Player/PitcherDetail/Total.aspx?playerId=63248"
"63248","함덕주","2014","두산","KBO","https://www.koreabaseball.com/Record/Player/PitcherDetail/Total.aspx?playerId=63248"
"63248","함덕주","2015","두산","KBO","https://www.koreabaseball.com/Record/Player/PitcherDetail/Total.aspx?playerId=63248"
"63248","함덕주","2016","두산","KBO","https://www.koreabaseball.com/Record/Player/PitcherDetail/Total.aspx?playerId=63248"
"63248","함덕주","2017","두산","KBO","https://www.koreabaseball.com/Record/Player/PitcherDetail/Total.aspx?playerId=63248"
"63248","함덕주","2018","두산","KBO","https://www.koreabaseball.com/Record/Player/PitcherDetail/Total.aspx?playerId=63248"
"63248","함덕주","2019","두산","KBO","https://www.koreabaseball.com/Record/Player/PitcherDetail/Total.aspx?playerId=63248"
"63248","함덕주","2020","두산","KBO","https://www.koreabaseball.com/Record/Player/PitcherDetail/Total.aspx?playerId=63248"
"63248","함덕주","2021","LG","KBO","https://www.koreabaseball.com/Record/Player/PitcherDetail/Total.aspx?playerId=63248"
"63248","함덕주","2022","LG","KBO","https://www.koreabaseball.com/Record/Player/PitcherDetail/Total.aspx?playerId=63248"
"63248","함덕주","2023","LG","KBO","https://www.koreabaseball.com/Record/Player/PitcherDetail/Total.aspx?playerId=63248"
"63248","함덕주","2024","LG","KBO","https://www.koreabaseball.com/Record/Player/PitcherDetail/Total.aspx?playerId=63248"
"63248","함덕주","2025","LG","KBO","https://www.koreabaseball.com/Record/Player/PitcherDetail/Total.aspx?playerId=63248"
"63257","김인태","2016","두산","KBO","https://www.koreabaseball.com/Record/Player/HitterDetail/Total.aspx?playerId=63257"
"63257","김인태","2017","두산","KBO","https://www.koreabaseball.com/Record/Player/HitterDetail/Total.aspx?playerId=63257"
"63257","김인태","2018","두산","KBO","https://www.koreabaseball.com/Record/Player/HitterDetail/Total.aspx?playerId=63257"
"63257","김인태","2019","두산","KBO","https://www.koreabaseball.com/Record/Player/HitterDetail/Total.aspx?playerId=63257"
"63257","김인태","2020","두산","KBO","https://www.koreabaseball.com/Record/Player/HitterDetail/Total.aspx?playerId=63257"
"63257","김인태","2021","두산","KBO","https://www.koreabaseball.com/Record/Player/HitterDetail/Total.aspx?playerId=63257"
"63257","김인태","2022","두산","KBO","https://www.koreabaseball.com/Record/Player/HitterDetail/Total.aspx?playerId=63257"
"63257","김인태","2023","두산","KBO","https://www.koreabaseball.com/Record/Player/HitterDetail/Total.aspx?playerId=63257"
"63257","김인태","2024","두산","KBO","https://www.koreabaseball.com/Record/Player/HitterDetail/Total.aspx?playerId=63257"
"63257","김인태","2025","두산","KBO","https://www.koreabaseball.com/Record/Player/HitterDetail/Total.aspx?playerId=63257"
"63260","이우성","2016","두산","KBO","https://www.koreabaseball.com/Record/Player/HitterDetail/Total.aspx?playerId=63260"
"63260","이우성","2017","두산","KBO","https://www.koreabaseball.com/Record/Player/HitterDetail/Total.aspx?playerId=63260"
"63260","이우성","2018","NC","KBO","https://www.koreabaseball.com/Record/Player/HitterDetail/Total.aspx?playerId=63260"
"63260","이우성","2019","KIA","KBO","https://www.koreabaseball.com/Record/Player/HitterDetail/Total.aspx?playerId=63260"
"63260","이우성","2020","KIA","KBO","https://www.koreabaseball.com/Record/Player/HitterDetail/Total.aspx?playerId=63260"
"63260","이우성","2021","KIA","KBO","https://www.koreabaseball.com/Record/Player/HitterDetail/Total.aspx?playerId=63260"
"63260","이우성","2022","KIA","KBO","https://www.koreabaseball.com/Record/Player/HitterDetail/Total.aspx?playerId=63260"
"63260","이우성","2023","KIA","KBO","https://www.koreabaseball.com/Record/Player/HitterDetail/Total.aspx?playerId=63260"
"63260","이우성","2024","KIA","KBO","https://www.koreabaseball.com/Record/Player/HitterDetail/Total.aspx?playerId=63260"
"63260","이우성","2025","NC","KBO","https://www.koreabaseball.com/Record/Player/HitterDetail/Total.aspx?playerId=63260"
"63342","조상우","2013","넥센","KBO","https://www.koreabaseball.com/Record/Player/PitcherDetail/Total.aspx?playerId=63342"
"63342","조상우","2014","넥센","KBO","https://www.koreabaseball.com/Record/Player/PitcherDetail/Total.aspx?playerId=63342"
"63342","조상우","2015","넥센","KBO","https://www.koreabaseball.com/Record/Player/PitcherDetail/Total.aspx?playerId=63342"
"63342","조상우","2017","넥센","KBO","https://www.koreabaseball.com/Record/Player/PitcherDetail/Total.aspx?playerId=63342"
"63342","조상우","2018","넥센","KBO","https://www.koreabaseball.com/Record/Player/PitcherDetail/Total.aspx?playerId=63342"
"63342","조상우","2019","키움","KBO","https://www.koreabaseball.com/Record/Player/PitcherDetail/Total.aspx?playerId=63342"
"63342","조상우","2020","키움","KBO","https://www.koreabaseball.com/Record/Player/PitcherDetail/Total.aspx?playerId=63342"
"63342","조상우","2021","키움","KBO","https://www.koreabaseball.com/Record/Player/PitcherDetail/Total.aspx?playerId=63342"
"63342","조상우","2024","키움","KBO","https://www.koreabaseball.com/Record/Player/PitcherDetail/Total.aspx?playerId=63342"
"63342","조상우","2025","KIA","KBO","https://www.koreabaseball.com/Record/Player/PitcherDetail/Total.aspx?playerId=63342"
"63464","윤대경","2020","한화","KBO","https://www.koreabaseball.com/Record/Player/PitcherDetail/Total.aspx?playerId=63464"
"63464","윤대경","2021","한화","KBO","https://www.koreabaseball.com/Record/Player/PitcherDetail/Total.aspx?playerId=63464"
"63464","윤대경","2022","한화","KBO","https://www.koreabaseball.com/Record/Player/PitcherDetail/Total.aspx?playerId=63464"
"63464","윤대경","2023","한화","KBO","https://www.koreabaseball.com/Record/Player/PitcherDetail/Total.aspx?playerId=63464"
"63464","윤대경","2024","한화","KBO","https://www.koreabaseball.com/Record/Player/PitcherDetail/Total.aspx?playerId=63464"
"63492","이재익","2020","삼성","KBO","https://www.koreabaseball.com/Record/Player/PitcherDetail/Total.aspx?playerId=63492"
"63492","이재익","2021","삼성","KBO","https://www.koreabaseball.com/Record/Player/PitcherDetail/Total.aspx?playerId=63492"
"63492","이재익","2022","삼성","KBO","https://www.koreabaseball.com/Record/Player/PitcherDetail/Total.aspx?playerId=63492"
"63492","이재익","2023","삼성","KBO","https://www.koreabaseball.com/Record/Player/PitcherDetail/Total.aspx?playerId=63492"
"63492","이재익","2024","삼성","KBO","https://www.koreabaseball.com/Record/Player/PitcherDetail/Total.aspx?playerId=63492"
"63492","이재익","2025","삼성","KBO","https://www.koreabaseball.com/Record/Player/PitcherDetail/Total.aspx?playerId=63492"
"63512","박진형","2015","롯데","KBO","https://www.koreabaseball.com/Record/Player/PitcherDetail/Total.aspx?playerId=63512"
"63512","박진형","2016","롯데","KBO","https://www.koreabaseball.com/Record/Player/PitcherDetail/Total.aspx?playerId=63512"
"63512","박진형","2017","롯데","KBO","https://www.koreabaseball.com/Record/Player/PitcherDetail/Total.aspx?playerId=63512"
"63512","박진형","2018","롯데","KBO","https://www.koreabaseball.com/Record/Player/PitcherDetail/Total.aspx?playerId=63512"
"63512","박진형","2019","롯데","KBO","https://www.koreabaseball.com/Record/Player/PitcherDetail/Total.aspx?playerId=63512"
"63512","박진형","2020","롯데","KBO","https://www.koreabaseball.com/Record/Player/PitcherDetail/Total.aspx?playerId=63512"
"63512","박진형","2021","롯데","KBO","https://www.koreabaseball.com/Record/Player/PitcherDetail/Total.aspx?playerId=63512"
"63512","박진형","2024","롯데","KBO","https://www.koreabaseball.com/Record/Player/PitcherDetail/Total.aspx?playerId=63512"
"63512","박진형","2025","롯데","KBO","https://www.koreabaseball.com/Record/Player/PitcherDetail/Total.aspx?playerId=63512"
"63543","구승민","2014","롯데","KBO","https://www.koreabaseball.com/Record/Player/PitcherDetail/Total.aspx?playerId=63543"
"63543","구승민","2015","롯데","KBO","https://www.koreabaseball.com/Record/Player/PitcherDetail/Total.aspx?playerId=63543"
"63543","구승민","2018","롯데","KBO","https://www.koreabaseball.com/Record/Player/PitcherDetail/Total.aspx?playerId=63543"
"63543","구승민","2019","롯데","KBO","https://www.koreabaseball.com/Record/Player/PitcherDetail/Total.aspx?playerId=63543"
"63543","구승민","2020","롯데","KBO","https://www.koreabaseball.com/Record/Player/PitcherDetail/Total.aspx?playerId=63543"
"63543","구승민","2021","롯데","KBO","https://www.koreabaseball.com/Record/Player/PitcherDetail/Total.aspx?playerId=63543"
"63543","구승민","2022","롯데","KBO","https://www.koreabaseball.com/Record/Player/PitcherDetail/Total.aspx?playerId=63543"
"63543","구승민","2023","롯데","KBO","https://www.koreabaseball.com/Record/Player/PitcherDetail/Total.aspx?playerId=63543"
"63543","구승민","2024","롯데","KBO","https://www.koreabaseball.com/Record/Player/PitcherDetail/Total.aspx?playerId=63543"
"63543","구승민","2025","롯데","KBO","https://www.koreabaseball.com/Record/Player/PitcherDetail/Total.aspx?playerId=63543"
"63638","박준표","2013","KIA","KBO","https://www.koreabaseball.com/Record/Player/PitcherDetail/Total.aspx?playerId=63638"
"63638","박준표","2014","KIA","KBO","https://www.koreabaseball.com/Record/Player/PitcherDetail/Total.aspx?playerId=63638"
"63638","박준표","2015","KIA","KBO","https://www.koreabaseball.com/Record/Player/PitcherDetail/Total.aspx?playerId=63638"
"63638","박준표","2016","KIA","KBO","https://www.koreabaseball.com/Record/Player/PitcherDetail/Total.aspx?playerId=63638"
"63638","박준표","2018","KIA","KBO","https://www.koreabaseball.com/Record/Player/PitcherDetail/Total.aspx?playerId=63638"
"63638","박준표","2019","KIA","KBO","https://www.koreabaseball.com/Record/Player/PitcherDetail/Total.aspx?playerId=63638"
"63638","박준표","2020","KIA","KBO","https://www.koreabaseball.com/Record/Player/PitcherDetail/Total.aspx?playerId=63638"
"63638","박준표","2021","KIA","KBO","https://www.koreabaseball.com/Record/Player/PitcherDetail/Total.aspx?playerId=63638"
"63638","박준표","2022","KIA","KBO","https://www.koreabaseball.com/Record/Player/PitcherDetail/Total.aspx?playerId=63638"
"63638","박준표","2023","KIA","KBO","https://www.koreabaseball.com/Record/Player/PitcherDetail/Total.aspx?playerId=63638"
"63638","박준표","2024","KIA","KBO","https://www.koreabaseball.com/Record/Player/PitcherDetail/Total.aspx?playerId=63638"
"63722","한승택","2013","한화","KBO","https://www.koreabaseball.com/Record/Player/HitterDetail/Total.aspx?playerId=63722"
"63722","한승택","2016","KIA","KBO","https://www.koreabaseball.com/Record/Player/HitterDetail/Total.aspx?playerId=63722"
"63722","한승택","2017","KIA","KBO","https://www.koreabaseball.com/Record/Player/HitterDetail/Total.aspx?playerId=63722"
"63722","한승택","2018","KIA","KBO","https://www.koreabaseball.com/Record/Player/HitterDetail/Total.aspx?playerId=63722"
"63722","한승택","2019","KIA","KBO","https://www.koreabaseball.com/Record/Player/HitterDetail/Total.aspx?playerId=63722"
"63722","한승택","2020","KIA","KBO","https://www.koreabaseball.com/Record/Player/HitterDetail/Total.aspx?playerId=63722"
"63722","한승택","2021","KIA","KBO","https://www.koreabaseball.com/Record/Player/HitterDetail/Total.aspx?playerId=63722"
"63722","한승택","2022","KIA","KBO","https://www.koreabaseball.com/Record/Player/HitterDetail/Total.aspx?playerId=63722"
"63722","한승택","2023","KIA","KBO","https://www.koreabaseball.com/Record/Player/HitterDetail/Total.aspx?playerId=63722"
"63722","한승택","2024","KIA","KBO","https://www.koreabaseball.com/Record/Player/HitterDetail/Total.aspx?playerId=63722"
"63722","한승택","2025","KIA","KBO","https://www.koreabaseball.com/Record/Player/HitterDetail/Total.aspx?playerId=63722"
"63765","김종수","2018","한화","KBO","https://www.koreabaseball.com/Record/Player/PitcherDetail/Total.aspx?playerId=63765"
"63765","김종수","2019","한화","KBO","https://www.koreabaseball.com/Record/Player/PitcherDetail/Total.aspx?playerId=63765"
"63765","김종수","2020","한화","KBO","https://www.koreabaseball.com/Record/Player/PitcherDetail/Total.aspx?playerId=63765"
"63765","김종수","2021","한화","KBO","https://www.koreabaseball.com/Record/Player/PitcherDetail/Total.aspx?playerId=63765"
"63765","김종수","2022","한화","KBO","https://www.koreabaseball.com/Record/Player/PitcherDetail/Total.aspx?playerId=63765"
"63765","김종수","2025","한화","KBO","https://www.koreabaseball.com/Record/Player/PitcherDetail/Total.aspx?playerId=63765"
"63894","김사윤","2017","SK","KBO","https://www.koreabaseball.com/Record/Player/PitcherDetail/Total.aspx?playerId=63894"
"63894","김사윤","2020","SK","KBO","https://www.koreabaseball.com/Record/Player/PitcherDetail/Total.aspx?playerId=63894"
"63894","김사윤","2021","SSG","KBO","https://www.koreabaseball.com/Record/Player/PitcherDetail/Total.aspx?playerId=63894"
"63894","김사윤","2022","KIA","KBO","https://www.koreabaseball.com/Record/Player/PitcherDetail/Total.aspx?playerId=63894"
"63894","김사윤","2024","KIA","KBO","https://www.koreabaseball.com/Record/Player/PitcherDetail/Total.aspx?playerId=63894"
"63950","장현식","2013","NC","KBO","https://www.koreabaseball.com/Record/Player/PitcherDetail/Total.aspx?playerId=63950"
"63950","장현식","2015","NC","KBO","https://www.koreabaseball.com/Record/Player/PitcherDetail/Total.aspx?playerId=63950"
"63950","장현식","2016","NC","KBO","https://www.koreabaseball.com/Record/Player/PitcherDetail/Total.aspx?playerId=63950"
"63950","장현식","2017","NC","KBO","https://www.koreabaseball.com/Record/Player/PitcherDetail/Total.aspx?playerId=63950"
"63950","장현식","2018","NC","KBO","https://www.koreabaseball.com/Record/Player/PitcherDetail/Total.aspx?playerId=63950"
"63950","장현식","2019","NC","KBO","https://www.koreabaseball.com/Record/Player/PitcherDetail/Total.aspx?playerId=63950"
"63950","장현식","2020","KIA","KBO","https://www.koreabaseball.com/Record/Player/PitcherDetail/Total.aspx?playerId=63950"
"63950","장현식","2021","KIA","KBO","https://www.koreabaseball.com/Record/Player/PitcherDetail/Total.aspx?playerId=63950"
"63950","장현식","2022","KIA","KBO","https://www.koreabaseball.com/Record/Player/PitcherDetail/Total.aspx?playerId=63950"
"63950","장현식","2023","KIA","KBO","https://www.koreabaseball.com/Record/Player/PitcherDetail/Total.aspx?playerId=63950"
"63950","장현식","2024","KIA","KBO","https://www.koreabaseball.com/Record/Player/PitcherDetail/Total.aspx?playerId=63950"
"63950","장현식","2025","LG","KBO","https://www.koreabaseball.com/Record/Player/PitcherDetail/Total.aspx?playerId=63950"
"63959","임정호","2015","NC","KBO","https://www.koreabaseball.com/Record/Player/PitcherDetail/Total.aspx?playerId=63959"
"63959","임정호","2016","NC","KBO","https://www.koreabaseball.com/Record/Player/PitcherDetail/Total.aspx?playerId=63959"
"63959","임정호","2017","NC","KBO","https://www.koreabaseball.com/Record/Player/PitcherDetail/Total.aspx?playerId=63959"
"63959","임정호","2019","NC","KBO","https://www.koreabaseball.com/Record/Player/PitcherDetail/Total.aspx?playerId=63959"
"63959","임정호","2020","NC","KBO","https://www.koreabaseball.com/Record/Player/PitcherDetail/Total.aspx?playerId=63959"
"63959","임정호","2021","NC","KBO","https://www.koreabaseball.com/Record/Player/PitcherDetail/Total.aspx?playerId=63959"
"63959","임정호","2022","NC","KBO","https://www.koreabaseball.com/Record/Player/PitcherDetail/Total.aspx?playerId=63959"
"63959","임정호","2023","NC","KBO","https://www.koreabaseball.com/Record/Player/PitcherDetail/Total.aspx?playerId=63959"
"63959","임정호","2024","NC","KBO","https://www.koreabaseball.com/Record/Player/PitcherDetail/Total.aspx?playerId=63959"
"63959","임정호","2025","NC","KBO","https://www.koreabaseball.com/Record/Player/PitcherDetail/Total.aspx?playerId=63959"
"63960","이상민","2013","NC","KBO","https://www.koreabaseball.com/Record/Player/PitcherDetail/Total.aspx?playerId=63960"
"63960","이상민","2014","넥센","KBO","https://www.koreabaseball.com/Record/Player/PitcherDetail/Total.aspx?playerId=63960"
"63960","이상민","2015","넥센","KBO","https://www.koreabaseball.com/Record/Player/PitcherDetail/Total.aspx?playerId=63960"
"63960","이상민","2018","넥센","KBO","https://www.koreabaseball.com/Record/Player/PitcherDetail/Total.aspx?playerId=63960"
"63960","이상민","2020","삼성","KBO","https://www.koreabaseball.com/Record/Player/PitcherDetail/Total.aspx?playerId=63960"
"63960","이상민","2021","삼성","KBO","https://www.koreabaseball.com/Record/Player/PitcherDetail/Total.aspx?playerId=63960"
"63960","이상민","2022","삼성","KBO","https://www.koreabaseball.com/Record/Player/PitcherDetail/Total.aspx?playerId=63960"
"63960","이상민","2023","삼성","KBO","https://www.koreabaseball.com/Record/Player/PitcherDetail/Total.aspx?playerId=63960"
"63960","이상민","2024","삼성","KBO","https://www.koreabaseball.com/Record/Player/PitcherDetail/Total.aspx?playerId=63960"
"63960","이상민","2025","삼성","KBO","https://www.koreabaseball.com/Record/Player/PitcherDetail/Total.aspx?playerId=63960"
"63963","권희동","2013","NC","KBO","https://www.koreabaseball.com/Record/Player/HitterDetail/Total.aspx?playerId=63963"
"63963","권희동","2014","NC","KBO","https://www.koreabaseball.com/Record/Player/HitterDetail/Total.aspx?playerId=63963"
"63963","권희동","2016","NC","KBO","https://www.koreabaseball.com/Record/Player/HitterDetail/Total.aspx?playerId=63963"
"63963","권희동","2017","NC","KBO","https://www.koreabaseball.com/Record/Player/HitterDetail/Total.aspx?playerId=63963"
"63963","권희동","2018","NC","KBO","https://www.koreabaseball.com/Record/Player/HitterDetail/Total.aspx?playerId=63963"
"63963","권희동","2019","NC","KBO","https://www.koreabaseball.com/Record/Player/HitterDetail/Total.aspx?playerId=63963"
"63963","권희동","2020","NC","KBO","https://www.koreabaseball.com/Record/Player/HitterDetail/Total.aspx?playerId=63963"
"63963","권희동","2021","NC","KBO","https://www.koreabaseball.com/Record/Player/HitterDetail/Total.aspx?playerId=63963"
"63963","권희동","2022","NC","KBO","https://www.koreabaseball.com/Record/Player/HitterDetail/Total.aspx?playerId=63963"
"63963","권희동","2023","NC","KBO","https://www.koreabaseball.com/Record/Player/HitterDetail/Total.aspx?playerId=63963"
"63963","권희동","2024","NC","KBO","https://www.koreabaseball.com/Record/Player/HitterDetail/Total.aspx?playerId=63963"
"63963","권희동","2025","NC","KBO","https://www.koreabaseball.com/Record/Player/HitterDetail/Total.aspx?playerId=63963"
"64001","고영표","2015","KT","KBO","https://www.koreabaseball.com/Record/Player/PitcherDetail/Total.aspx?playerId=64001"
"64001","고영표","2016","KT","KBO","https://www.koreabaseball.com/Record/Player/PitcherDetail/Total.aspx?playerId=64001"
"64001","고영표","2017","KT","KBO","https://www.koreabaseball.com/Record/Player/PitcherDetail/Total.aspx?playerId=64001"
"64001","고영표","2018","KT","KBO","https://www.koreabaseball.com/Record/Player/PitcherDetail/Total.aspx?playerId=64001"
"64001","고영표","2021","KT","KBO","https://www.koreabaseball.com/Record/Player/PitcherDetail/Total.aspx?playerId=64001"
"64001","고영표","2022","KT","KBO","https://www.koreabaseball.com/Record/Player/PitcherDetail/Total.aspx?playerId=64001"
"64001","고영표","2023","KT","KBO","https://www.koreabaseball.com/Record/Player/PitcherDetail/Total.aspx?playerId=64001"
"64001","고영표","2024","KT","KBO","https://www.koreabaseball.com/Record/Player/PitcherDetail/Total.aspx?playerId=64001"
"64001","고영표","2025","KT","KBO","https://www.koreabaseball.com/Record/Player/PitcherDetail/Total.aspx?playerId=64001"
"64004","김민혁","2015","KT","KBO","https://www.koreabaseball.com/Record/Player/HitterDetail/Total.aspx?playerId=64004"
"64004","김민혁","2016","KT","KBO","https://www.koreabaseball.com/Record/Player/HitterDetail/Total.aspx?playerId=64004"
"64004","김민혁","2019","KT","KBO","https://www.koreabaseball.com/Record/Player/HitterDetail/Total.aspx?playerId=64004"
"64004","김민혁","2020","KT","KBO","https://www.koreabaseball.com/Record/Player/HitterDetail/Total.aspx?playerId=64004"
"64004","김민혁","2021","KT","KBO","https://www.koreabaseball.com/Record/Player/HitterDetail/Total.aspx?playerId=64004"
"64004","김민혁","2022","KT","KBO","https://www.koreabaseball.com/Record/Player/HitterDetail/Total.aspx?playerId=64004"
"64004","김민혁","2023","KT","KBO","https://www.koreabaseball.com/Record/Player/HitterDetail/Total.aspx?playerId=64004"
"64004","김민혁","2024","KT","KBO","https://www.koreabaseball.com/Record/Player/HitterDetail/Total.aspx?playerId=64004"
"64004","김민혁","2025","KT","KBO","https://www.koreabaseball.com/Record/Player/HitterDetail/Total.aspx?playerId=64004"
"64006","심우준","2015","KT","KBO","https://www.koreabaseball.com/Record/Player/HitterDetail/Total.aspx?playerId=64006"
"64006","심우준","2016","KT","KBO","https://www.koreabaseball.com/Record/Player/HitterDetail/Total.aspx?playerId=64006"
"64006","심우준","2017","KT","KBO","https://www.koreabaseball.com/Record/Player/HitterDetail/Total.aspx?playerId=64006"
"64006","심우준","2018","KT","KBO","https://www.koreabaseball.com/Record/Player/HitterDetail/Total.aspx?playerId=64006"
"64006","심우준","2019","KT","KBO","https://www.koreabaseball.com/Record/Player/HitterDetail/Total.aspx?playerId=64006"
"64006","심우준","2020","KT","KBO","https://www.koreabaseball.com/Record/Player/HitterDetail/Total.aspx?playerId=64006"
"64006","심우준","2021","KT","KBO","https://www.koreabaseball.com/Record/Player/HitterDetail/Total.aspx?playerId=64006"
"64006","심우준","2022","KT","KBO","https://www.koreabaseball.com/Record/Player/HitterDetail/Total.aspx?playerId=64006"
"64006","심우준","2024","KT","KBO","https://www.koreabaseball.com/Record/Player/HitterDetail/Total.aspx?playerId=64006"
"64006","심우준","2025","한화","KBO","https://www.koreabaseball.com/Record/Player/HitterDetail/Total.aspx?playerId=64006"
"64007","문상철","2015","KT","KBO","https://www.koreabaseball.com/Record/Player/HitterDetail/Total.aspx?playerId=64007"
"64007","문상철","2016","KT","KBO","https://www.koreabaseball.com/Record/Player/HitterDetail/Total.aspx?playerId=64007"
"64007","문상철","2019","KT","KBO","https://www.koreabaseball.com/Record/Player/HitterDetail/Total.aspx?playerId=64007"
"64007","문상철","2020","KT","KBO","https://www.koreabaseball.com/Record/Player/HitterDetail/Total.aspx?playerId=64007"
"64007","문상철","2021","KT","KBO","https://www.koreabaseball.com/Record/Player/HitterDetail/Total.aspx?playerId=64007"
"64007","문상철","2022","KT","KBO","https://www.koreabaseball.com/Record/Player/HitterDetail/Total.aspx?playerId=64007"
"64007","문상철","2023","KT","KBO","https://www.koreabaseball.com/Record/Player/HitterDetail/Total.aspx?playerId=64007"
"64007","문상철","2024","KT","KBO","https://www.koreabaseball.com/Record/Player/HitterDetail/Total.aspx?playerId=64007"
"64007","문상철","2025","KT","KBO","https://www.koreabaseball.com/Record/Player/HitterDetail/Total.aspx?playerId=64007"
"64012","송민섭","2015","KT","KBO","https://www.koreabaseball.com/Record/Player/HitterDetail/Total.aspx?playerId=64012"
"64012","송민섭","2018","KT","KBO","https://www.koreabaseball.com/Record/Player/HitterDetail/Total.aspx?playerId=64012"
"64012","송민섭","2019","KT","KBO","https://www.koreabaseball.com/Record/Player/HitterDetail/Total.aspx?playerId=64012"
"64012","송민섭","2020","KT","KBO","https://www.koreabaseball.com/Record/Player/HitterDetail/Total.aspx?playerId=64012"
"64012","송민섭","2021","KT","KBO","https://www.koreabaseball.com/Record/Player/HitterDetail/Total.aspx?playerId=64012"
"64012","송민섭","2022","KT","KBO","https://www.koreabaseball.com/Record/Player/HitterDetail/Total.aspx?playerId=64012"
"64012","송민섭","2023","KT","KBO","https://www.koreabaseball.com/Record/Player/HitterDetail/Total.aspx?playerId=64012"
"64012","송민섭","2024","KT","KBO","https://www.koreabaseball.com/Record/Player/HitterDetail/Total.aspx?playerId=64012"
"64012","송민섭","2025","KT","KBO","https://www.koreabaseball.com/Record/Player/HitterDetail/Total.aspx?playerId=64012"
"64017","심재민","2015","KT","KBO","https://www.koreabaseball.com/Record/Player/PitcherDetail/Total.aspx?playerId=64017"
"64017","심재민","2016","KT","KBO","https://www.koreabaseball.com/Record/Player/PitcherDetail/Total.aspx?playerId=64017"
"64017","심재민","2017","KT","KBO","https://www.koreabaseball.com/Record/Player/PitcherDetail/Total.aspx?playerId=64017"
"64017","심재민","2018","KT","KBO","https://www.koreabaseball.com/Record/Player/PitcherDetail/Total.aspx?playerId=64017"
"64017","심재민","2021","KT","KBO","https://www.koreabaseball.com/Record/Player/PitcherDetail/Total.aspx?playerId=64017"
"64017","심재민","2022","KT","KBO","https://www.koreabaseball.com/Record/Player/PitcherDetail/Total.aspx?playerId=64017"
"64017","심재민","2023","롯데","KBO","https://www.koreabaseball.com/Record/Player/PitcherDetail/Total.aspx?playerId=64017"
"64017","심재민","2025","롯데","KBO","https://www.koreabaseball.com/Record/Player/PitcherDetail/Total.aspx?playerId=64017"
"64021","박세웅","2015","롯데","KBO","https://www.koreabaseball.com/Record/Player/PitcherDetail/Total.aspx?playerId=64021"
"64021","박세웅","2016","롯데","KBO","https://www.koreabaseball.com/Record/Player/PitcherDetail/Total.aspx?playerId=64021"
"64021","박세웅","2017","롯데","KBO","https://www.koreabaseball.com/Record/Player/PitcherDetail/Total.aspx?playerId=64021"
"64021","박세웅","2018","롯데","KBO","https://www.koreabaseball.com/Record/Player/PitcherDetail/Total.aspx?playerId=64021"
"64021","박세웅","2019","롯데","KBO","https://www.koreabaseball.com/Record/Player/PitcherDetail/Total.aspx?playerId=64021"
"64021","박세웅","2020","롯데","KBO","https://www.koreabaseball.com/Record/Player/PitcherDetail/Total.aspx?playerId=64021"
"64021","박세웅","2021","롯데","KBO","https://www.koreabaseball.com/Record/Player/PitcherDetail/Total.aspx?playerId=64021"
"64021","박세웅","2022","롯데","KBO","https://www.koreabaseball.com/Record/Player/PitcherDetail/Total.aspx?playerId=64021"
"64021","박세웅","2023","롯데","KBO","https://www.koreabaseball.com/Record/Player/PitcherDetail/Total.aspx?playerId=64021"
"64021","박세웅","2024","롯데","KBO","https://www.koreabaseball.com/Record/Player/PitcherDetail/Total.aspx?playerId=64021"
"64021","박세웅","2025","롯데","KBO","https://www.koreabaseball.com/Record/Player/PitcherDetail/Total.aspx?playerId=64021"
"64022","안중열","2015","롯데","KBO","https://www.koreabaseball.com/Record/Player/HitterDetail/Total.aspx?playerId=64022"
"64022","안중열","2016","롯데","KBO","https://www.koreabaseball.com/Record/Player/HitterDetail/Total.aspx?playerId=64022"
"64022","안중열","2018","롯데","KBO","https://www.koreabaseball.com/Record/Player/HitterDetail/Total.aspx?playerId=64022"
"64022","안중열","2019","롯데","KBO","https://www.koreabaseball.com/Record/Player/HitterDetail/Total.aspx?playerId=64022"
"64022","안중열","2021","롯데","KBO","https://www.koreabaseball.com/Record/Player/HitterDetail/Total.aspx?playerId=64022"
"64022","안중열","2022","롯데","KBO","https://www.koreabaseball.com/Record/Player/HitterDetail/Total.aspx?playerId=64022"
"64022","안중열","2023","NC","KBO","https://www.koreabaseball.com/Record/Player/HitterDetail/Total.aspx?playerId=64022"
"64022","안중열","2024","NC","KBO","https://www.koreabaseball.com/Record/Player/HitterDetail/Total.aspx?playerId=64022"
"64022","안중열","2025","NC","KBO","https://www.koreabaseball.com/Record/Player/HitterDetail/Total.aspx?playerId=64022"
"64101","한석현","2020","LG","KBO","https://www.koreabaseball.com/Record/Player/HitterDetail/Total.aspx?playerId=64101"
"64101","한석현","2021","LG","KBO","https://www.koreabaseball.com/Record/Player/HitterDetail/Total.aspx?playerId=64101"
"64101","한석현","2022","LG","KBO","https://www.koreabaseball.com/Record/Player/HitterDetail/Total.aspx?playerId=64101"
"64101","한석현","2023","NC","KBO","https://www.koreabaseball.com/Record/Player/HitterDetail/Total.aspx?playerId=64101"
"64101","한석현","2024","NC","KBO","https://www.koreabaseball.com/Record/Player/HitterDetail/Total.aspx?playerId=64101"
"64101","한석현","2025","NC","KBO","https://www.koreabaseball.com/Record/Player/HitterDetail/Total.aspx?playerId=64101"
"64115","장준원","2015","LG","KBO","https://www.koreabaseball.com/Record/Player/HitterDetail/Total.aspx?playerId=64115"
"64115","장준원","2016","LG","KBO","https://www.koreabaseball.com/Record/Player/HitterDetail/Total.aspx?playerId=64115"
"64115","장준원","2017","LG","KBO","https://www.koreabaseball.com/Record/Player/HitterDetail/Total.aspx?playerId=64115"
"64115","장준원","2020","LG","KBO","https://www.koreabaseball.com/Record/Player/HitterDetail/Total.aspx?playerId=64115"
"64115","장준원","2021","LG","KBO","https://www.koreabaseball.com/Record/Player/HitterDetail/Total.aspx?playerId=64115"
"64115","장준원","2022","KT","KBO","https://www.koreabaseball.com/Record/Player/HitterDetail/Total.aspx?playerId=64115"
"64115","장준원","2023","KT","KBO","https://www.koreabaseball.com/Record/Player/HitterDetail/Total.aspx?playerId=64115"
"64115","장준원","2024","KT","KBO","https://www.koreabaseball.com/Record/Player/HitterDetail/Total.aspx?playerId=64115"
"64115","장준원","2025","KT","KBO","https://www.koreabaseball.com/Record/Player/HitterDetail/Total.aspx?playerId=64115"
"64153","양석환","2015","LG","KBO","https://www.koreabaseball.com/Record/Player/HitterDetail/Total.aspx?playerId=64153"
"64153","양석환","2016","LG","KBO","https://www.koreabaseball.com/Record/Player/HitterDetail/Total.aspx?playerId=64153"
"64153","양석환","2017","LG","KBO","https://www.koreabaseball.com/Record/Player/HitterDetail/Total.aspx?playerId=64153"
"64153","양석환","2018","LG","KBO","https://www.koreabaseball.com/Record/Player/HitterDetail/Total.aspx?playerId=64153"
"64153","양석환","2020","LG","KBO","https://www.koreabaseball.com/Record/Player/HitterDetail/Total.aspx?playerId=64153"
"64153","양석환","2021","두산","KBO","https://www.koreabaseball.com/Record/Player/HitterDetail/Total.aspx?playerId=64153"
"64153","양석환","2022","두산","KBO","https://www.koreabaseball.com/Record/Player/HitterDetail/Total.aspx?playerId=64153"
"64153","양석환","2023","두산","KBO","https://www.koreabaseball.com/Record/Player/HitterDetail/Total.aspx?playerId=64153"
"64153","양석환","2024","두산","KBO","https://www.koreabaseball.com/Record/Player/HitterDetail/Total.aspx?playerId=64153"
"64153","양석환","2025","두산","KBO","https://www.koreabaseball.com/Record/Player/HitterDetail/Total.aspx?playerId=64153"
"64166","배정대","2015","KT","KBO","https://www.koreabaseball.com/Record/Player/HitterDetail/Total.aspx?playerId=64166"
"64166","배정대","2016","KT","KBO","https://www.koreabaseball.com/Record/Player/HitterDetail/Total.aspx?playerId=64166"
"64166","배정대","2018","KT","KBO","https://www.koreabaseball.com/Record/Player/HitterDetail/Total.aspx?playerId=64166"
"64166","배정대","2019","KT","KBO","https://www.koreabaseball.com/Record/Player/HitterDetail/Total.aspx?playerId=64166"
"64166","배정대","2020","KT","KBO","https://www.koreabaseball.com/Record/Player/HitterDetail/Total.aspx?playerId=64166"
"64166","배정대","2021","KT","KBO","https://www.koreabaseball.com/Record/Player/HitterDetail/Total.aspx?playerId=64166"
"64166","배정대","2022","KT","KBO","https://www.koreabaseball.com/Record/Player/HitterDetail/Total.aspx?playerId=64166"
"64166","배정대","2023","KT","KBO","https://www.koreabaseball.com/Record/Player/HitterDetail/Total.aspx?playerId=64166"
"64166","배정대","2024","KT","KBO","https://www.koreabaseball.com/Record/Player/HitterDetail/Total.aspx?playerId=64166"
"64166","배정대","2025","KT","KBO","https://www.koreabaseball.com/Record/Player/HitterDetail/Total.aspx?playerId=64166"
"64340","임지열","2019","키움","KBO","https://www.koreabaseball.com/Record/Player/HitterDetail/Total.aspx?playerId=64340"
"64340","임지열","2020","키움","KBO","https://www.koreabaseball.com/Record/Player/HitterDetail/Total.aspx?playerId=64340"
"64340","임지열","2021","키움","KBO","https://www.koreabaseball.com/Record/Player/HitterDetail/Total.aspx?playerId=64340"
"64340","임지열","2022","키움","KBO","https://www.koreabaseball.com/Record/Player/HitterDetail/Total.aspx?playerId=64340"
"64340","임지열","2023","키움","KBO","https://www.koreabaseball.com/Record/Player/HitterDetail/Total.aspx?playerId=64340"
"64340","임지열","2024","키움","KBO","https://www.koreabaseball.com/Record/Player/HitterDetail/Total.aspx?playerId=64340"
"64340","임지열","2025","키움","KBO","https://www.koreabaseball.com/Record/Player/HitterDetail/Total.aspx?playerId=64340"
"64346","임병욱","2015","넥센","KBO","https://www.koreabaseball.com/Record/Player/HitterDetail/Total.aspx?playerId=64346"
"64346","임병욱","2016","넥센","KBO","https://www.koreabaseball.com/Record/Player/HitterDetail/Total.aspx?playerId=64346"
"64346","임병욱","2017","넥센","KBO","https://www.koreabaseball.com/Record/Player/HitterDetail/Total.aspx?playerId=64346"
"64346","임병욱","2018","넥센","KBO","https://www.koreabaseball.com/Record/Player/HitterDetail/Total.aspx?playerId=64346"
"64346","임병욱","2019","키움","KBO","https://www.koreabaseball.com/Record/Player/HitterDetail/Total.aspx?playerId=64346"
"64346","임병욱","2020","키움","KBO","https://www.koreabaseball.com/Record/Player/HitterDetail/Total.aspx?playerId=64346"
"64346","임병욱","2023","키움","KBO","https://www.koreabaseball.com/Record/Player/HitterDetail/Total.aspx?playerId=64346"
"64346","임병욱","2024","키움","KBO","https://www.koreabaseball.com/Record/Player/HitterDetail/Total.aspx?playerId=64346"
"64346","임병욱","2025","키움","KBO","https://www.koreabaseball.com/Record/Player/HitterDetail/Total.aspx?playerId=64346"
"64350","하영민","2014","넥센","KBO","https://www.koreabaseball.com/Record/Player/PitcherDetail/Total.aspx?playerId=64350"
"64350","하영민","2015","넥센","KBO","https://www.koreabaseball.com/Record/Player/PitcherDetail/Total.aspx?playerId=64350"
"64350","하영민","2016","넥센","KBO","https://www.koreabaseball.com/Record/Player/PitcherDetail/Total.aspx?playerId=64350"
"64350","하영민","2017","넥센","KBO","https://www.koreabaseball.com/Record/Player/PitcherDetail/Total.aspx?playerId=64350"
"64350","하영민","2018","넥센","KBO","https://www.koreabaseball.com/Record/Player/PitcherDetail/Total.aspx?playerId=64350"
"64350","하영민","2022","키움","KBO","https://www.koreabaseball.com/Record/Player/PitcherDetail/Total.aspx?playerId=64350"
"64350","하영민","2023","키움","KBO","https://www.koreabaseball.com/Record/Player/PitcherDetail/Total.aspx?playerId=64350"
"64350","하영민","2024","키움","KBO","https://www.koreabaseball.com/Record/Player/PitcherDetail/Total.aspx?playerId=64350"
"64350","하영민","2025","키움","KBO","https://www.koreabaseball.com/Record/Player/PitcherDetail/Total.aspx?playerId=64350"
"64468","박계범","2015","삼성","KBO","https://www.koreabaseball.com/Record/Player/HitterDetail/Total.aspx?playerId=64468"
"64468","박계범","2016","삼성","KBO","https://www.koreabaseball.com/Record/Player/HitterDetail/Total.aspx?playerId=64468"
"64468","박계범","2019","삼성","KBO","https://www.koreabaseball.com/Record/Player/HitterDetail/Total.aspx?playerId=64468"
"64468","박계범","2020","삼성","KBO","https://www.koreabaseball.com/Record/Player/HitterDetail/Total.aspx?playerId=64468"
"64468","박계범","2021","두산","KBO","https://www.koreabaseball.com/Record/Player/HitterDetail/Total.aspx?playerId=64468"
"64468","박계범","2022","두산","KBO","https://www.koreabaseball.com/Record/Player/HitterDetail/Total.aspx?playerId=64468"
"64468","박계범","2023","두산","KBO","https://www.koreabaseball.com/Record/Player/HitterDetail/Total.aspx?playerId=64468"
"64468","박계범","2024","두산","KBO","https://www.koreabaseball.com/Record/Player/HitterDetail/Total.aspx?playerId=64468"
"64468","박계범","2025","두산","KBO","https://www.koreabaseball.com/Record/Player/HitterDetail/Total.aspx?playerId=64468"
"64504","오윤석","2015","롯데","KBO","https://www.koreabaseball.com/Record/Player/HitterDetail/Total.aspx?playerId=64504"
"64504","오윤석","2018","롯데","KBO","https://www.koreabaseball.com/Record/Player/HitterDetail/Total.aspx?playerId=64504"
"64504","오윤석","2019","롯데","KBO","https://www.koreabaseball.com/Record/Player/HitterDetail/Total.aspx?playerId=64504"
"64504","오윤석","2020","롯데","KBO","https://www.koreabaseball.com/Record/Player/HitterDetail/Total.aspx?playerId=64504"
"64504","오윤석","2021","KT","KBO","https://www.koreabaseball.com/Record/Player/HitterDetail/Total.aspx?playerId=64504"
"64504","오윤석","2022","KT","KBO","https://www.koreabaseball.com/Record/Player/HitterDetail/Total.aspx?playerId=64504"
"64504","오윤석","2023","KT","KBO","https://www.koreabaseball.com/Record/Player/HitterDetail/Total.aspx?playerId=64504"
"64504","오윤석","2024","KT","KBO","https://www.koreabaseball.com/Record/Player/HitterDetail/Total.aspx?playerId=64504"
"64504","오윤석","2025","KT","KBO","https://www.koreabaseball.com/Record/Player/HitterDetail/Total.aspx?playerId=64504"
"64560","이창진","2014","롯데","KBO","https://www.koreabaseball.com/Record/Player/HitterDetail/Total.aspx?playerId=64560"
"64560","이창진","2015","KT","KBO","https://www.koreabaseball.com/Record/Player/HitterDetail/Total.aspx?playerId=64560"
"64560","이창진","2018","KIA","KBO","https://www.koreabaseball.com/Record/Player/HitterDetail/Total.aspx?playerId=64560"
"64560","이창진","2019","KIA","KBO","https://www.koreabaseball.com/Record/Player/HitterDetail/Total.aspx?playerId=64560"
"64560","이창진","2020","KIA","KBO","https://www.koreabaseball.com/Record/Player/HitterDetail/Total.aspx?playerId=64560"
"64560","이창진","2021","KIA","KBO","https://www.koreabaseball.com/Record/Player/HitterDetail/Total.aspx?playerId=64560"
"64560","이창진","2022","KIA","KBO","https://www.koreabaseball.com/Record/Player/HitterDetail/Total.aspx?playerId=64560"
"64560","이창진","2023","KIA","KBO","https://www.koreabaseball.com/Record/Player/HitterDetail/Total.aspx?playerId=64560"
"64560","이창진","2024","KIA","KBO","https://www.koreabaseball.com/Record/Player/HitterDetail/Total.aspx?playerId=64560"
"64560","이창진","2025","KIA","KBO","https://www.koreabaseball.com/Record/Player/HitterDetail/Total.aspx?playerId=64560"
"64580","김재열","2020","KIA","KBO","https://www.koreabaseball.com/Record/Player/PitcherDetail/Total.aspx?playerId=64580"
"64580","김재열","2021","KIA","KBO","https://www.koreabaseball.com/Record/Player/PitcherDetail/Total.aspx?playerId=64580"
"64580","김재열","2022","KIA","KBO","https://www.koreabaseball.com/Record/Player/PitcherDetail/Total.aspx?playerId=64580"
"64580","김재열","2023","KIA","KBO","https://www.koreabaseball.com/Record/Player/PitcherDetail/Total.aspx?playerId=64580"
"64580","김재열","2024","NC","KBO","https://www.koreabaseball.com/Record/Player/PitcherDetail/Total.aspx?playerId=64580"
"64580","김재열","2025","NC","KBO","https://www.koreabaseball.com/Record/Player/PitcherDetail/Total.aspx?playerId=64580"
"64596","김유영","2014","롯데","KBO","https://www.koreabaseball.com/Record/Player/PitcherDetail/Total.aspx?playerId=64596"
"64596","김유영","2016","롯데","KBO","https://www.koreabaseball.com/Record/Player/PitcherDetail/Total.aspx?playerId=64596"
"64596","김유영","2017","롯데","KBO","https://www.koreabaseball.com/Record/Player/PitcherDetail/Total.aspx?playerId=64596"
"64596","김유영","2020","롯데","KBO","https://www.koreabaseball.com/Record/Player/PitcherDetail/Total.aspx?playerId=64596"
"64596","김유영","2021","롯데","KBO","https://www.koreabaseball.com/Record/Player/PitcherDetail/Total.aspx?playerId=64596"
"64596","김유영","2022","롯데","KBO","https://www.koreabaseball.com/Record/Player/PitcherDetail/Total.aspx?playerId=64596"
"64596","김유영","2024","LG","KBO","https://www.koreabaseball.com/Record/Player/PitcherDetail/Total.aspx?playerId=64596"
"64596","김유영","2025","LG","KBO","https://www.koreabaseball.com/Record/Player/PitcherDetail/Total.aspx?playerId=64596"
"64610","강한울","2014","KIA","KBO","https://www.koreabaseball.com/Record/Player/HitterDetail/Total.aspx?playerId=64610"
"64610","강한울","2015","KIA","KBO","https://www.koreabaseball.com/Record/Player/HitterDetail/Total.aspx?playerId=64610"
"64610","강한울","2016","KIA","KBO","https://www.koreabaseball.com/Record/Player/HitterDetail/Total.aspx?playerId=64610"
"64610","강한울","2017","삼성","KBO","https://www.koreabaseball.com/Record/Player/HitterDetail/Total.aspx?playerId=64610"
"64610","강한울","2018","삼성","KBO","https://www.koreabaseball.com/Record/Player/HitterDetail/Total.aspx?playerId=64610"
"64610","강한울","2020","삼성","KBO","https://www.koreabaseball.com/Record/Player/HitterDetail/Total.aspx?playerId=64610"
"64610","강한울","2021","삼성","KBO","https://www.koreabaseball.com/Record/Player/HitterDetail/Total.aspx?playerId=64610"
"64610","강한울","2022","삼성","KBO","https://www.koreabaseball.com/Record/Player/HitterDetail/Total.aspx?playerId=64610"
"64610","강한울","2023","삼성","KBO","https://www.koreabaseball.com/Record/Player/HitterDetail/Total.aspx?playerId=64610"
"64610","강한울","2024","삼성","KBO","https://www.koreabaseball.com/Record/Player/HitterDetail/Total.aspx?playerId=64610"
"64646","박찬호","2014","KIA","KBO","https://www.koreabaseball.com/Record/Player/HitterDetail/Total.aspx?playerId=64646"
"64646","박찬호","2015","KIA","KBO","https://www.koreabaseball.com/Record/Player/HitterDetail/Total.aspx?playerId=64646"
"64646","박찬호","2016","KIA","KBO","https://www.koreabaseball.com/Record/Player/HitterDetail/Total.aspx?playerId=64646"
"64646","박찬호","2019","KIA","KBO","https://www.koreabaseball.com/Record/Player/HitterDetail/Total.aspx?playerId=64646"
"64646","박찬호","2020","KIA","KBO","https://www.koreabaseball.com/Record/Player/HitterDetail/Total.aspx?playerId=64646"
"64646","박찬호","2021","KIA","KBO","https://www.koreabaseball.com/Record/Player/HitterDetail/Total.aspx?playerId=64646"
"64646","박찬호","2022","KIA","KBO","https://www.koreabaseball.com/Record/Player/HitterDetail/Total.aspx?playerId=64646"
"64646","박찬호","2023","KIA","KBO","https://www.koreabaseball.com/Record/Player/HitterDetail/Total.aspx?playerId=64646"
"64646","박찬호","2024","KIA","KBO","https://www.koreabaseball.com/Record/Player/HitterDetail/Total.aspx?playerId=64646"
"64646","박찬호","2025","KIA","KBO","https://www.koreabaseball.com/Record/Player/HitterDetail/Total.aspx?playerId=64646"
"64768","조이현","2014","한화","KBO","https://www.koreabaseball.com/Record/Player/PitcherDetail/Total.aspx?playerId=64768"
"64768","조이현","2015","한화","KBO","https://www.koreabaseball.com/Record/Player/PitcherDetail/Total.aspx?playerId=64768"
"64768","조이현","2019","SK","KBO","https://www.koreabaseball.com/Record/Player/PitcherDetail/Total.aspx?playerId=64768"
"64768","조이현","2020","SK","KBO","https://www.koreabaseball.com/Record/Player/PitcherDetail/Total.aspx?playerId=64768"
"64768","조이현","2021","SSG","KBO","https://www.koreabaseball.com/Record/Player/PitcherDetail/Total.aspx?playerId=64768"
"64768","조이현","2023","KT","KBO","https://www.koreabaseball.com/Record/Player/PitcherDetail/Total.aspx?playerId=64768"
"64768","조이현","2024","KT","KBO","https://www.koreabaseball.com/Record/Player/PitcherDetail/Total.aspx?playerId=64768"
"64768","조이현","2025","KT","KBO","https://www.koreabaseball.com/Record/Player/PitcherDetail/Total.aspx?playerId=64768"
"64793","김민수","2014","한화","KBO","https://www.koreabaseball.com/Record/Player/HitterDetail/Total.aspx?playerId=64793"
"64793","김민수","2017","삼성","KBO","https://www.koreabaseball.com/Record/Player/HitterDetail/Total.aspx?playerId=64793"
"64793","김민수","2018","삼성","KBO","https://www.koreabaseball.com/Record/Player/HitterDetail/Total.aspx?playerId=64793"
"64793","김민수","2019","삼성","KBO","https://www.koreabaseball.com/Record/Player/HitterDetail/Total.aspx?playerId=64793"
"64793","김민수","2020","삼성","KBO","https://www.koreabaseball.com/Record/Player/HitterDetail/Total.aspx?playerId=64793"
"64793","김민수","2021","삼성","KBO","https://www.koreabaseball.com/Record/Player/HitterDetail/Total.aspx?playerId=64793"
"64793","김민수","2023","삼성","KBO","https://www.koreabaseball.com/Record/Player/HitterDetail/Total.aspx?playerId=64793"
"64793","김민수","2024","삼성","KBO","https://www.koreabaseball.com/Record/Player/HitterDetail/Total.aspx?playerId=64793"
"64805","이승진","2018","SK","KBO","https://www.koreabaseball.com/Record/Player/PitcherDetail/Total.aspx?playerId=64805"
"64805","이승진","2019","SK","KBO","https://www.koreabaseball.com/Record/Player/PitcherDetail/Total.aspx?playerId=64805"
"64805","이승진","2020","두산","KBO","https://www.koreabaseball.com/Record/Player/PitcherDetail/Total.aspx?playerId=64805"
"64805","이승진","2021","두산","KBO","https://www.koreabaseball.com/Record/Player/PitcherDetail/Total.aspx?playerId=64805"
"64805","이승진","2022","두산","KBO","https://www.koreabaseball.com/Record/Player/PitcherDetail/Total.aspx?playerId=64805"
"64805","이승진","2023","두산","KBO","https://www.koreabaseball.com/Record/Player/PitcherDetail/Total.aspx?playerId=64805"
"64861","이건욱","2016","SK","KBO","https://www.koreabaseball.com/Record/Player/PitcherDetail/Total.aspx?playerId=64861"
"64861","이건욱","2017","SK","KBO","https://www.koreabaseball.com/Record/Player/PitcherDetail/Total.aspx?playerId=64861"
"64861","이건욱","2020","SK","KBO","https://www.koreabaseball.com/Record/Player/PitcherDetail/Total.aspx?playerId=64861"
"64861","이건욱","2021","SSG","KBO","https://www.koreabaseball.com/Record/Player/PitcherDetail/Total.aspx?playerId=64861"
"64861","이건욱","2022","SSG","KBO","https://www.koreabaseball.com/Record/Player/PitcherDetail/Total.aspx?playerId=64861"
"64861","이건욱","2023","SSG","KBO","https://www.koreabaseball.com/Record/Player/PitcherDetail/Total.aspx?playerId=64861"
"64861","이건욱","2024","SSG","KBO","https://www.koreabaseball.com/Record/Player/PitcherDetail/Total.aspx?playerId=64861"
"64984","김태진","2015","NC","KBO","https://www.koreabaseball.com/Record/Player/HitterDetail/Total.aspx?playerId=64984"
"64984","김태진","2016","NC","KBO","https://www.koreabaseball.com/Record/Player/HitterDetail/Total.aspx?playerId=64984"
"64984","김태진","2018","NC","KBO","https://www.koreabaseball.com/Record/Player/HitterDetail/Total.aspx?playerId=64984"
"64984","김태진","2019","NC","KBO","https://www.koreabaseball.com/Record/Player/HitterDetail/Total.aspx?playerId=64984"
"64984","김태진","2020","KIA","KBO","https://www.koreabaseball.com/Record/Player/HitterDetail/Total.aspx?playerId=64984"
"64984","김태진","2021","KIA","KBO","https://www.koreabaseball.com/Record/Player/HitterDetail/Total.aspx?playerId=64984"
"64984","김태진","2022","키움","KBO","https://www.koreabaseball.com/Record/Player/HitterDetail/Total.aspx?playerId=64984"
"64984","김태진","2023","키움","KBO","https://www.koreabaseball.com/Record/Player/HitterDetail/Total.aspx?playerId=64984"
"64984","김태진","2024","키움","KBO","https://www.koreabaseball.com/Record/Player/HitterDetail/Total.aspx?playerId=64984"
"64984","김태진","2025","키움","KBO","https://www.koreabaseball.com/Record/Player/HitterDetail/Total.aspx?playerId=64984"
"64995","배재환","2015","NC","KBO","https://www.koreabaseball.com/Record/Player/PitcherDetail/Total.aspx?playerId=64995"
"64995","배재환","2016","NC","KBO","https://www.koreabaseball.com/Record/Player/PitcherDetail/Total.aspx?playerId=64995"
"64995","배재환","2017","NC","KBO","https://www.koreabaseball.com/Record/Player/PitcherDetail/Total.aspx?playerId=64995"
"64995","배재환","2018","NC","KBO","https://www.koreabaseball.com/Record/Player/PitcherDetail/Total.aspx?playerId=64995"
"64995","배재환","2019","NC","KBO","https://www.koreabaseball.com/Record/Player/PitcherDetail/Total.aspx?playerId=64995"
"64995","배재환","2020","NC","KBO","https://www.koreabaseball.com/Record/Player/PitcherDetail/Total.aspx?playerId=64995"
"64995","배재환","2024","NC","KBO","https://www.koreabaseball.com/Record/Player/PitcherDetail/Total.aspx?playerId=64995"
"64995","배재환","2025","NC","KBO","https://www.koreabaseball.com/Record/Player/PitcherDetail/Total.aspx?playerId=64995"
"65040","김태훈","2015","KT","KBO","https://www.koreabaseball.com/Record/Player/HitterDetail/Total.aspx?playerId=65040"
"65040","김태훈","2020","KT","KBO","https://www.koreabaseball.com/Record/Player/HitterDetail/Total.aspx?playerId=65040"
"65040","김태훈","2021","KT","KBO","https://www.koreabaseball.com/Record/Player/HitterDetail/Total.aspx?playerId=65040"
"65040","김태훈","2022","KT","KBO","https://www.koreabaseball.com/Record/Player/HitterDetail/Total.aspx?playerId=65040"
"65040","김태훈","2023","삼성","KBO","https://www.koreabaseball.com/Record/Player/HitterDetail/Total.aspx?playerId=65040"
"65040","김태훈","2024","삼성","KBO","https://www.koreabaseball.com/Record/Player/HitterDetail/Total.aspx?playerId=65040"
"65040","김태훈","2025","삼성","KBO","https://www.koreabaseball.com/Record/Player/HitterDetail/Total.aspx?playerId=65040"
"65048","김민수","2015","KT","KBO","https://www.koreabaseball.com/Record/Player/PitcherDetail/Total.aspx?playerId=65048"
"65048","김민수","2016","KT","KBO","https://www.koreabaseball.com/Record/Player/PitcherDetail/Total.aspx?playerId=65048"
"65048","김민수","2018","KT","KBO","https://www.koreabaseball.com/Record/Player/PitcherDetail/Total.aspx?playerId=65048"
"65048","김민수","2019","KT","KBO","https://www.koreabaseball.com/Record/Player/PitcherDetail/Total.aspx?playerId=65048"
"65048","김민수","2020","KT","KBO","https://www.koreabaseball.com/Record/Player/PitcherDetail/Total.aspx?playerId=65048"
"65048","김민수","2021","KT","KBO","https://www.koreabaseball.com/Record/Player/PitcherDetail/Total.aspx?playerId=65048"
"65048","김민수","2022","KT","KBO","https://www.koreabaseball.com/Record/Player/PitcherDetail/Total.aspx?playerId=65048"
"65048","김민수","2023","KT","KBO","https://www.koreabaseball.com/Record/Player/PitcherDetail/Total.aspx?playerId=65048"
"65048","김민수","2024","KT","KBO","https://www.koreabaseball.com/Record/Player/PitcherDetail/Total.aspx?playerId=65048"
"65048","김민수","2025","KT","KBO","https://www.koreabaseball.com/Record/Player/PitcherDetail/Total.aspx?playerId=65048"
"65056","엄상백","2015","KT","KBO","https://www.koreabaseball.com/Record/Player/PitcherDetail/Total.aspx?playerId=65056"
"65056","엄상백","2016","KT","KBO","https://www.koreabaseball.com/Record/Player/PitcherDetail/Total.aspx?playerId=65056"
"65056","엄상백","2017","KT","KBO","https://www.koreabaseball.com/Record/Player/PitcherDetail/Total.aspx?playerId=65056"
"65056","엄상백","2018","KT","KBO","https://www.koreabaseball.com/Record/Player/PitcherDetail/Total.aspx?playerId=65056"
"65056","엄상백","2019","KT","KBO","https://www.koreabaseball.com/Record/Player/PitcherDetail/Total.aspx?playerId=65056"
"65056","엄상백","2021","KT","KBO","https://www.koreabaseball.com/Record/Player/PitcherDetail/Total.aspx?playerId=65056"
"65056","엄상백","2022","KT","KBO","https://www.koreabaseball.com/Record/Player/PitcherDetail/Total.aspx?playerId=65056"
"65056","엄상백","2023","KT","KBO","https://www.koreabaseball.com/Record/Player/PitcherDetail/Total.aspx?playerId=65056"
"65056","엄상백","2024","KT","KBO","https://www.koreabaseball.com/Record/Player/PitcherDetail/Total.aspx?playerId=65056"
"65056","엄상백","2025","한화","KBO","https://www.koreabaseball.com/Record/Player/PitcherDetail/Total.aspx?playerId=65056"
"65060","주권","2015","KT","KBO","https://www.koreabaseball.com/Record/Player/PitcherDetail/Total.aspx?playerId=65060"
"65060","주권","2016","KT","KBO","https://www.koreabaseball.com/Record/Player/PitcherDetail/Total.aspx?playerId=65060"
"65060","주권","2017","KT","KBO","https://www.koreabaseball.com/Record/Player/PitcherDetail/Total.aspx?playerId=65060"
"65060","주권","2018","KT","KBO","https://www.koreabaseball.com/Record/Player/PitcherDetail/Total.aspx?playerId=65060"
"65060","주권","2019","KT","KBO","https://www.koreabaseball.com/Record/Player/PitcherDetail/Total.aspx?playerId=65060"
"65060","주권","2020","KT","KBO","https://www.koreabaseball.com/Record/Player/PitcherDetail/Total.aspx?playerId=65060"
"65060","주권","2021","KT","KBO","https://www.koreabaseball.com/Record/Player/PitcherDetail/Total.aspx?playerId=65060"
"65060","주권","2022","KT","KBO","https://www.koreabaseball.com/Record/Player/PitcherDetail/Total.aspx?playerId=65060"
"65060","주권","2023","KT","KBO","https://www.koreabaseball.com/Record/Player/PitcherDetail/Total.aspx?playerId=65060"
"65060","주권","2024","KT","KBO","https://www.koreabaseball.com/Record/Player/PitcherDetail/Total.aspx?playerId=65060"
"65060","주권","2025","KT","KBO","https://www.koreabaseball.com/Record/Player/PitcherDetail/Total.aspx?playerId=65060"
"65062","김재윤","2015","KT","KBO","https://www.koreabaseball.com/Record/Player/PitcherDetail/Total.aspx?playerId=65062"
"65062","김재윤","2016","KT","KBO","https://www.koreabaseball.com/Record/Player/PitcherDetail/Total.aspx?playerId=65062"
"65062","김재윤","2017","KT","KBO","https://www.koreabaseball.com/Record/Player/PitcherDetail/Total.aspx?playerId=65062"
"65062","김재윤","2018","KT","KBO","https://www.koreabaseball.com/Record/Player/PitcherDetail/Total.aspx?playerId=65062"
"65062","김재윤","2019","KT","KBO","https://www.koreabaseball.com/Record/Player/PitcherDetail/Total.aspx?playerId=65062"
"65062","김재윤","2020","KT","KBO","https://www.koreabaseball.com/Record/Player/PitcherDetail/Total.aspx?playerId=65062"
"65062","김재윤","2021","KT","KBO","https://www.koreabaseball.com/Record/Player/PitcherDetail/Total.aspx?playerId=65062"
"65062","김재윤","2022","KT","KBO","https://www.koreabaseball.com/Record/Player/PitcherDetail/Total.aspx?playerId=65062"
"65062","김재윤","2023","KT","KBO","https://www.koreabaseball.com/Record/Player/PitcherDetail/Total.aspx?playerId=65062"
"65062","김재윤","2024","삼성","KBO","https://www.koreabaseball.com/Record/Player/PitcherDetail/Total.aspx?playerId=65062"
"65062","김재윤","2025","삼성","KBO","https://www.koreabaseball.com/Record/Player/PitcherDetail/Total.aspx?playerId=65062"
"65109","백승현","2021","LG","KBO","https://www.koreabaseball.com/Record/Player/PitcherDetail/Total.aspx?playerId=65109"
"65109","백승현","2022","LG","KBO","https://www.koreabaseball.com/Record/Player/PitcherDetail/Total.aspx?playerId=65109"
"65109","백승현","2023","LG","KBO","https://www.koreabaseball.com/Record/Player/PitcherDetail/Total.aspx?playerId=65109"
"65109","백승현","2024","LG","KBO","https://www.koreabaseball.com/Record/Player/PitcherDetail/Total.aspx?playerId=65109"
"65109","백승현","2025","LG","KBO","https://www.koreabaseball.com/Record/Player/PitcherDetail/Total.aspx?playerId=65109"
"65115","안익훈","2015","LG","KBO","https://www.koreabaseball.com/Record/Player/HitterDetail/Total.aspx?playerId=65115"
"65115","안익훈","2016","LG","KBO","https://www.koreabaseball.com/Record/Player/HitterDetail/Total.aspx?playerId=65115"
"65115","안익훈","2017","LG","KBO","https://www.koreabaseball.com/Record/Player/HitterDetail/Total.aspx?playerId=65115"
"65115","안익훈","2018","LG","KBO","https://www.koreabaseball.com/Record/Player/HitterDetail/Total.aspx?playerId=65115"
"65115","안익훈","2021","LG","KBO","https://www.koreabaseball.com/Record/Player/HitterDetail/Total.aspx?playerId=65115"
"65115","안익훈","2022","LG","KBO","https://www.koreabaseball.com/Record/Player/HitterDetail/Total.aspx?playerId=65115"
"65115","안익훈","2023","LG","KBO","https://www.koreabaseball.com/Record/Player/HitterDetail/Total.aspx?playerId=65115"
"65115","안익훈","2024","LG","KBO","https://www.koreabaseball.com/Record/Player/HitterDetail/Total.aspx?playerId=65115"
"65117","이상규","2019","LG","KBO","https://www.koreabaseball.com/Record/Player/PitcherDetail/Total.aspx?playerId=65117"
"65117","이상규","2020","LG","KBO","https://www.koreabaseball.com/Record/Player/PitcherDetail/Total.aspx?playerId=65117"
"65117","이상규","2021","LG","KBO","https://www.koreabaseball.com/Record/Player/PitcherDetail/Total.aspx?playerId=65117"
"65117","이상규","2023","LG","KBO","https://www.koreabaseball.com/Record/Player/PitcherDetail/Total.aspx?playerId=65117"
"65117","이상규","2024","한화","KBO","https://www.koreabaseball.com/Record/Player/PitcherDetail/Total.aspx?playerId=65117"
"65117","이상규","2025","한화","KBO","https://www.koreabaseball.com/Record/Player/PitcherDetail/Total.aspx?playerId=65117"
"65132","김재성","2015","LG","KBO","https://www.koreabaseball.com/Record/Player/HitterDetail/Total.aspx?playerId=65132"
"65132","김재성","2019","LG","KBO","https://www.koreabaseball.com/Record/Player/HitterDetail/Total.aspx?playerId=65132"
"65132","김재성","2021","LG","KBO","https://www.koreabaseball.com/Record/Player/HitterDetail/Total.aspx?playerId=65132"
"65132","김재성","2022","삼성","KBO","https://www.koreabaseball.com/Record/Player/HitterDetail/Total.aspx?playerId=65132"
"65132","김재성","2023","삼성","KBO","https://www.koreabaseball.com/Record/Player/HitterDetail/Total.aspx?playerId=65132"
"65132","김재성","2024","삼성","KBO","https://www.koreabaseball.com/Record/Player/HitterDetail/Total.aspx?playerId=65132"
"65132","김재성","2025","삼성","KBO","https://www.koreabaseball.com/Record/Player/HitterDetail/Total.aspx?playerId=65132"
"65207","신민재","2019","LG","KBO","https://www.koreabaseball.com/Record/Player/HitterDetail/Total.aspx?playerId=65207"
"65207","신민재","2020","LG","KBO","https://www.koreabaseball.com/Record/Player/HitterDetail/Total.aspx?playerId=65207"
"65207","신민재","2021","LG","KBO","https://www.koreabaseball.com/Record/Player/HitterDetail/Total.aspx?playerId=65207"
"65207","신민재","2022","LG","KBO","https://www.koreabaseball.com/Record/Player/HitterDetail/Total.aspx?playerId=65207"
"65207","신민재","2023","LG","KBO","https://www.koreabaseball.com/Record/Player/HitterDetail/Total.aspx?playerId=65207"
"65207","신민재","2024","LG","KBO","https://www.koreabaseball.com/Record/Player/HitterDetail/Total.aspx?playerId=65207"
"65207","신민재","2025","LG","KBO","https://www.koreabaseball.com/Record/Player/HitterDetail/Total.aspx?playerId=65207"
"65269","김민혁","2017","두산","KBO","https://www.koreabaseball.com/Record/Player/HitterDetail/Total.aspx?playerId=65269"
"65269","김민혁","2018","두산","KBO","https://www.koreabaseball.com/Record/Player/HitterDetail/Total.aspx?playerId=65269"
"65269","김민혁","2021","두산","KBO","https://www.koreabaseball.com/Record/Player/HitterDetail/Total.aspx?playerId=65269"
"65269","김민혁","2022","두산","KBO","https://www.koreabaseball.com/Record/Player/HitterDetail/Total.aspx?playerId=65269"
"65269","김민혁","2023","두산","KBO","https://www.koreabaseball.com/Record/Player/HitterDetail/Total.aspx?playerId=65269"
"65269","김민혁","2024","두산","KBO","https://www.koreabaseball.com/Record/Player/HitterDetail/Total.aspx?playerId=65269"
"65269","김민혁","2025","두산","KBO","https://www.koreabaseball.com/Record/Player/HitterDetail/Total.aspx?playerId=65269"
"65320","최원태","2016","넥센","KBO","https://www.koreabaseball.com/Record/Player/PitcherDetail/Total.aspx?playerId=65320"
"65320","최원태","2017","넥센","KBO","https://www.koreabaseball.com/Record/Player/PitcherDetail/Total.aspx?playerId=65320"
"65320","최원태","2018","넥센","KBO","https://www.koreabaseball.com/Record/Player/PitcherDetail/Total.aspx?playerId=65320"
"65320","최원태","2019","키움","KBO","https://www.koreabaseball.com/Record/Player/PitcherDetail/Total.aspx?playerId=65320"
"65320","최원태","2020","키움","KBO","https://www.koreabaseball.com/Record/Player/PitcherDetail/Total.aspx?playerId=65320"
"65320","최원태","2021","키움","KBO","https://www.koreabaseball.com/Record/Player/PitcherDetail/Total.aspx?playerId=65320"
"65320","최원태","2022","키움","KBO","https://www.koreabaseball.com/Record/Player/PitcherDetail/Total.aspx?playerId=65320"
"65320","최원태","2023","LG","KBO","https://www.koreabaseball.com/Record/Player/PitcherDetail/Total.aspx?playerId=65320"
"65320","최원태","2024","LG","KBO","https://www.koreabaseball.com/Record/Player/PitcherDetail/Total.aspx?playerId=65320"
"65320","최원태","2025","삼성","KBO","https://www.koreabaseball.com/Record/Player/PitcherDetail/Total.aspx?playerId=65320"
"65343","김택형","2015","넥센","KBO","https://www.koreabaseball.com/Record/Player/PitcherDetail/Total.aspx?playerId=65343"
"65343","김택형","2016","넥센","KBO","https://www.koreabaseball.com/Record/Player/PitcherDetail/Total.aspx?playerId=65343"
"65343","김택형","2018","SK","KBO","https://www.koreabaseball.com/Record/Player/PitcherDetail/Total.aspx?playerId=65343"
"65343","김택형","2019","SK","KBO","https://www.koreabaseball.com/Record/Player/PitcherDetail/Total.aspx?playerId=65343"
"65343","김택형","2020","SK","KBO","https://www.koreabaseball.com/Record/Player/PitcherDetail/Total.aspx?playerId=65343"
"65343","김택형","2021","SSG","KBO","https://www.koreabaseball.com/Record/Player/PitcherDetail/Total.aspx?playerId=65343"
"65343","김택형","2022","SSG","KBO","https://www.koreabaseball.com/Record/Player/PitcherDetail/Total.aspx?playerId=65343"
"65343","김택형","2024","SSG","KBO","https://www.koreabaseball.com/Record/Player/PitcherDetail/Total.aspx?playerId=65343"
"65343","김택형","2025","SSG","KBO","https://www.koreabaseball.com/Record/Player/PitcherDetail/Total.aspx?playerId=65343"
"65357","송성문","2015","넥센","KBO","https://www.koreabaseball.com/Record/Player/HitterDetail/Total.aspx?playerId=65357"
"65357","송성문","2017","넥센","KBO","https://www.koreabaseball.com/Record/Player/HitterDetail/Total.aspx?playerId=65357"
"65357","송성문","2018","넥센","KBO","https://www.koreabaseball.com/Record/Player/HitterDetail/Total.aspx?playerId=65357"
"65357","송성문","2019","키움","KBO","https://www.koreabaseball.com/Record/Player/HitterDetail/Total.aspx?playerId=65357"
"65357","송성문","2021","키움","KBO","https://www.koreabaseball.com/Record/Player/HitterDetail/Total.aspx?playerId=65357"
"65357","송성문","2022","키움","KBO","https://www.koreabaseball.com/Record/Player/HitterDetail/Total.aspx?playerId=65357"
"65357","송성문","2023","키움","KBO","https://www.koreabaseball.com/Record/Player/HitterDetail/Total.aspx?playerId=65357"
"65357","송성문","2024","키움","KBO","https://www.koreabaseball.com/Record/Player/HitterDetail/Total.aspx?playerId=65357"
"65357","송성문","2025","키움","KBO","https://www.koreabaseball.com/Record/Player/HitterDetail/Total.aspx?playerId=65357"
"65411","김주온","2020","SK","KBO","https://www.koreabaseball.com/Record/Player/PitcherDetail/Total.aspx?playerId=65411"
"65411","김주온","2021","SSG","KBO","https://www.koreabaseball.com/Record/Player/PitcherDetail/Total.aspx?playerId=65411"
"65411","김주온","2022","SSG","KBO","https://www.koreabaseball.com/Record/Player/PitcherDetail/Total.aspx?playerId=65411"
"65411","김주온","2023","SSG","KBO","https://www.koreabaseball.com/Record/Player/PitcherDetail/Total.aspx?playerId=65411"
"65411","김주온","2024","LG","KBO","https://www.koreabaseball.com/Record/Player/PitcherDetail/Total.aspx?playerId=65411"
"65411","김주온","2025","LG","KBO","https://www.koreabaseball.com/Record/Player/PitcherDetail/Total.aspx?playerId=65411"
"65464","최정용","2016","SK","KBO","https://www.koreabaseball.com/Record/Player/HitterDetail/Total.aspx?playerId=65464"
"65464","최정용","2017","SK","KBO","https://www.koreabaseball.com/Record/Player/HitterDetail/Total.aspx?playerId=65464"
"65464","최정용","2019","KIA","KBO","https://www.koreabaseball.com/Record/Player/HitterDetail/Total.aspx?playerId=65464"
"65464","최정용","2020","KIA","KBO","https://www.koreabaseball.com/Record/Player/HitterDetail/Total.aspx?playerId=65464"
"65464","최정용","2021","KIA","KBO","https://www.koreabaseball.com/Record/Player/HitterDetail/Total.aspx?playerId=65464"
"65464","최정용","2022","KIA","KBO","https://www.koreabaseball.com/Record/Player/HitterDetail/Total.aspx?playerId=65464"
"65464","최정용","2023","KIA","KBO","https://www.koreabaseball.com/Record/Player/HitterDetail/Total.aspx?playerId=65464"
"65464","최정용","2024","KIA","KBO","https://www.koreabaseball.com/Record/Player/HitterDetail/Total.aspx?playerId=65464"
"65464","최정용","2025","KIA","KBO","https://www.koreabaseball.com/Record/Player/HitterDetail/Total.aspx?playerId=65464"
"65516","배제성","2017","KT","KBO","https://www.koreabaseball.com/Record/Player/PitcherDetail/Total.aspx?playerId=65516"
"65516","배제성","2018","KT","KBO","https://www.koreabaseball.com/Record/Player/PitcherDetail/Total.aspx?playerId=65516"
"65516","배제성","2019","KT","KBO","https://www.koreabaseball.com/Record/Player/PitcherDetail/Total.aspx?playerId=65516"
"65516","배제성","2020","KT","KBO","https://www.koreabaseball.com/Record/Player/PitcherDetail/Total.aspx?playerId=65516"
"65516","배제성","2021","KT","KBO","https://www.koreabaseball.com/Record/Player/PitcherDetail/Total.aspx?playerId=65516"
"65516","배제성","2022","KT","KBO","https://www.koreabaseball.com/Record/Player/PitcherDetail/Total.aspx?playerId=65516"
"65516","배제성","2023","KT","KBO","https://www.koreabaseball.com/Record/Player/PitcherDetail/Total.aspx?playerId=65516"
"65516","배제성","2025","KT","KBO","https://www.koreabaseball.com/Record/Player/PitcherDetail/Total.aspx?playerId=65516"
"65522","김강현","2023","롯데","KBO","https://www.koreabaseball.com/Record/Player/PitcherDetail/Total.aspx?playerId=65522"
"65522","김강현","2024","롯데","KBO","https://www.koreabaseball.com/Record/Player/PitcherDetail/Total.aspx?playerId=65522"
"65522","김강현","2025","롯데","KBO","https://www.koreabaseball.com/Record/Player/PitcherDetail/Total.aspx?playerId=65522"
"65586","전병우","2018","롯데","KBO","https://www.koreabaseball.com/Record/Player/HitterDetail/Total.aspx?playerId=65586"
"65586","전병우","2019","롯데","KBO","https://www.koreabaseball.com/Record/Player/HitterDetail/Total.aspx?playerId=65586"
"65586","전병우","2020","키움","KBO","https://www.koreabaseball.com/Record/Player/HitterDetail/Total.aspx?playerId=65586"
"65586","전병우","2021","키움","KBO","https://www.koreabaseball.com/Record/Player/HitterDetail/Total.aspx?playerId=65586"
"65586","전병우","2022","키움","KBO","https://www.koreabaseball.com/Record/Player/HitterDetail/Total.aspx?playerId=65586"
"65586","전병우","2023","키움","KBO","https://www.koreabaseball.com/Record/Player/HitterDetail/Total.aspx?playerId=65586"
"65586","전병우","2024","삼성","KBO","https://www.koreabaseball.com/Record/Player/HitterDetail/Total.aspx?playerId=65586"
"65586","전병우","2025","삼성","KBO","https://www.koreabaseball.com/Record/Player/HitterDetail/Total.aspx?playerId=65586"
"65610","황대인","2015","KIA","KBO","https://www.koreabaseball.com/Record/Player/HitterDetail/Total.aspx?playerId=65610"
"65610","황대인","2016","KIA","KBO","https://www.koreabaseball.com/Record/Player/HitterDetail/Total.aspx?playerId=65610"
"65610","황대인","2019","KIA","KBO","https://www.koreabaseball.com/Record/Player/HitterDetail/Total.aspx?playerId=65610"
"65610","황대인","2020","KIA","KBO","https://www.koreabaseball.com/Record/Player/HitterDetail/Total.aspx?playerId=65610"
"65610","황대인","2021","KIA","KBO","https://www.koreabaseball.com/Record/Player/HitterDetail/Total.aspx?playerId=65610"
"65610","황대인","2022","KIA","KBO","https://www.koreabaseball.com/Record/Player/HitterDetail/Total.aspx?playerId=65610"
"65610","황대인","2023","KIA","KBO","https://www.koreabaseball.com/Record/Player/HitterDetail/Total.aspx?playerId=65610"
"65610","황대인","2024","KIA","KBO","https://www.koreabaseball.com/Record/Player/HitterDetail/Total.aspx?playerId=65610"
"65610","황대인","2025","KIA","KBO","https://www.koreabaseball.com/Record/Player/HitterDetail/Total.aspx?playerId=65610"
"65616","이민우","2017","KIA","KBO","https://www.koreabaseball.com/Record/Player/PitcherDetail/Total.aspx?playerId=65616"
"65616","이민우","2018","KIA","KBO","https://www.koreabaseball.com/Record/Player/PitcherDetail/Total.aspx?playerId=65616"
"65616","이민우","2019","KIA","KBO","https://www.koreabaseball.com/Record/Player/PitcherDetail/Total.aspx?playerId=65616"
"65616","이민우","2020","KIA","KBO","https://www.koreabaseball.com/Record/Player/PitcherDetail/Total.aspx?playerId=65616"
"65616","이민우","2021","KIA","KBO","https://www.koreabaseball.com/Record/Player/PitcherDetail/Total.aspx?playerId=65616"
"65616","이민우","2022","한화","KBO","https://www.koreabaseball.com/Record/Player/PitcherDetail/Total.aspx?playerId=65616"
"65616","이민우","2023","한화","KBO","https://www.koreabaseball.com/Record/Player/PitcherDetail/Total.aspx?playerId=65616"
"65616","이민우","2024","한화","KBO","https://www.koreabaseball.com/Record/Player/PitcherDetail/Total.aspx?playerId=65616"
"65639","박정수","2015","KIA","KBO","https://www.koreabaseball.com/Record/Player/PitcherDetail/Total.aspx?playerId=65639"
"65639","박정수","2018","KIA","KBO","https://www.koreabaseball.com/Record/Player/PitcherDetail/Total.aspx?playerId=65639"
"65639","박정수","2019","KIA","KBO","https://www.koreabaseball.com/Record/Player/PitcherDetail/Total.aspx?playerId=65639"
"65639","박정수","2020","NC","KBO","https://www.koreabaseball.com/Record/Player/PitcherDetail/Total.aspx?playerId=65639"
"65639","박정수","2021","두산","KBO","https://www.koreabaseball.com/Record/Player/PitcherDetail/Total.aspx?playerId=65639"
"65639","박정수","2022","두산","KBO","https://www.koreabaseball.com/Record/Player/PitcherDetail/Total.aspx?playerId=65639"
"65639","박정수","2023","두산","KBO","https://www.koreabaseball.com/Record/Player/PitcherDetail/Total.aspx?playerId=65639"
"65639","박정수","2024","두산","KBO","https://www.koreabaseball.com/Record/Player/PitcherDetail/Total.aspx?playerId=65639"
"65639","박정수","2025","두산","KBO","https://www.koreabaseball.com/Record/Player/PitcherDetail/Total.aspx?playerId=65639"
"65653","김호령","2015","KIA","KBO","https://www.koreabaseball.com/Record/Player/HitterDetail/Total.aspx?playerId=65653"
"65653","김호령","2016","KIA","KBO","https://www.koreabaseball.com/Record/Player/HitterDetail/Total.aspx?playerId=65653"
"65653","김호령","2017","KIA","KBO","https://www.koreabaseball.com/Record/Player/HitterDetail/Total.aspx?playerId=65653"
"65653","김호령","2020","KIA","KBO","https://www.koreabaseball.com/Record/Player/HitterDetail/Total.aspx?playerId=65653"
"65653","김호령","2021","KIA","KBO","https://www.koreabaseball.com/Record/Player/HitterDetail/Total.aspx?playerId=65653"
"65653","김호령","2022","KIA","KBO","https://www.koreabaseball.com/Record/Player/HitterDetail/Total.aspx?playerId=65653"
"65653","김호령","2023","KIA","KBO","https://www.koreabaseball.com/Record/Player/HitterDetail/Total.aspx?playerId=65653"
"65653","김호령","2024","KIA","KBO","https://www.koreabaseball.com/Record/Player/HitterDetail/Total.aspx?playerId=65653"
"65653","김호령","2025","KIA","KBO","https://www.koreabaseball.com/Record/Player/HitterDetail/Total.aspx?playerId=65653"
"65665","이준영","2016","KIA","KBO","https://www.koreabaseball.com/Record/Player/PitcherDetail/Total.aspx?playerId=65665"
"65665","이준영","2019","KIA","KBO","https://www.koreabaseball.com/Record/Player/PitcherDetail/Total.aspx?playerId=65665"
"65665","이준영","2020","KIA","KBO","https://www.koreabaseball.com/Record/Player/PitcherDetail/Total.aspx?playerId=65665"
"65665","이준영","2021","KIA","KBO","https://www.koreabaseball.com/Record/Player/PitcherDetail/Total.aspx?playerId=65665"
"65665","이준영","2022","KIA","KBO","https://www.koreabaseball.com/Record/Player/PitcherDetail/Total.aspx?playerId=65665"
"65665","이준영","2023","KIA","KBO","https://www.koreabaseball.com/Record/Player/PitcherDetail/Total.aspx?playerId=65665"
"65665","이준영","2024","KIA","KBO","https://www.koreabaseball.com/Record/Player/PitcherDetail/Total.aspx?playerId=65665"
"65665","이준영","2025","KIA","KBO","https://www.koreabaseball.com/Record/Player/PitcherDetail/Total.aspx?playerId=65665"
"65703","이도윤","2018","한화","KBO","https://www.koreabaseball.com/Record/Player/HitterDetail/Total.aspx?playerId=65703"
"65703","이도윤","2020","한화","KBO","https://www.koreabaseball.com/Record/Player/HitterDetail/Total.aspx?playerId=65703"
"65703","이도윤","2021","한화","KBO","https://www.koreabaseball.com/Record/Player/HitterDetail/Total.aspx?playerId=65703"
"65703","이도윤","2022","한화","KBO","https://www.koreabaseball.com/Record/Player/HitterDetail/Total.aspx?playerId=65703"
"65703","이도윤","2023","한화","KBO","https://www.koreabaseball.com/Record/Player/HitterDetail/Total.aspx?playerId=65703"
"65703","이도윤","2024","한화","KBO","https://www.koreabaseball.com/Record/Player/HitterDetail/Total.aspx?playerId=65703"
"65703","이도윤","2025","한화","KBO","https://www.koreabaseball.com/Record/Player/HitterDetail/Total.aspx?playerId=65703"
"65707","주현상","2021","한화","KBO","https://www.koreabaseball.com/Record/Player/PitcherDetail/Total.aspx?playerId=65707"
"65707","주현상","2022","한화","KBO","https://www.koreabaseball.com/Record/Player/PitcherDetail/Total.aspx?playerId=65707"
"65707","주현상","2023","한화","KBO","https://www.koreabaseball.com/Record/Player/PitcherDetail/Total.aspx?playerId=65707"
"65707","주현상","2024","한화","KBO","https://www.koreabaseball.com/Record/Player/PitcherDetail/Total.aspx?playerId=65707"
"65707","주현상","2025","한화","KBO","https://www.koreabaseball.com/Record/Player/PitcherDetail/Total.aspx?playerId=65707"
"65764","김민우","2015","한화","KBO","https://www.koreabaseball.com/Record/Player/PitcherDetail/Total.aspx?playerId=65764"
"65764","김민우","2016","한화","KBO","https://www.koreabaseball.com/Record/Player/PitcherDetail/Total.aspx?playerId=65764"
"65764","김민우","2017","한화","KBO","https://www.koreabaseball.com/Record/Player/PitcherDetail/Total.aspx?playerId=65764"
"65764","김민우","2018","한화","KBO","https://www.koreabaseball.com/Record/Player/PitcherDetail/Total.aspx?playerId=65764"
"65764","김민우","2019","한화","KBO","https://www.koreabaseball.com/Record/Player/PitcherDetail/Total.aspx?playerId=65764"
"65764","김민우","2020","한화","KBO","https://www.koreabaseball.com/Record/Player/PitcherDetail/Total.aspx?playerId=65764"
"65764","김민우","2021","한화","KBO","https://www.koreabaseball.com/Record/Player/PitcherDetail/Total.aspx?playerId=65764"
"65764","김민우","2022","한화","KBO","https://www.koreabaseball.com/Record/Player/PitcherDetail/Total.aspx?playerId=65764"
"65764","김민우","2023","한화","KBO","https://www.koreabaseball.com/Record/Player/PitcherDetail/Total.aspx?playerId=65764"
"65764","김민우","2024","한화","KBO","https://www.koreabaseball.com/Record/Player/PitcherDetail/Total.aspx?playerId=65764"
"65769","김범수","2015","한화","KBO","https://www.koreabaseball.com/Record/Player/PitcherDetail/Total.aspx?playerId=65769"
"65769","김범수","2016","한화","KBO","https://www.koreabaseball.com/Record/Player/PitcherDetail/Total.aspx?playerId=65769"
"65769","김범수","2017","한화","KBO","https://www.koreabaseball.com/Record/Player/PitcherDetail/Total.aspx?playerId=65769"
"65769","김범수","2018","한화","KBO","https://www.koreabaseball.com/Record/Player/PitcherDetail/Total.aspx?playerId=65769"
"65769","김범수","2019","한화","KBO","https://www.koreabaseball.com/Record/Player/PitcherDetail/Total.aspx?playerId=65769"
"65769","김범수","2020","한화","KBO","https://www.koreabaseball.com/Record/Player/PitcherDetail/Total.aspx?playerId=65769"
"65769","김범수","2021","한화","KBO","https://www.koreabaseball.com/Record/Player/PitcherDetail/Total.aspx?playerId=65769"
"65769","김범수","2022","한화","KBO","https://www.koreabaseball.com/Record/Player/PitcherDetail/Total.aspx?playerId=65769"
"65769","김범수","2023","한화","KBO","https://www.koreabaseball.com/Record/Player/PitcherDetail/Total.aspx?playerId=65769"
"65769","김범수","2024","한화","KBO","https://www.koreabaseball.com/Record/Player/PitcherDetail/Total.aspx?playerId=65769"
"65769","김범수","2025","한화","KBO","https://www.koreabaseball.com/Record/Player/PitcherDetail/Total.aspx?playerId=65769"
"65898","김웅빈","2016","넥센","KBO","https://www.koreabaseball.com/Record/Player/HitterDetail/Total.aspx?playerId=65898"
"65898","김웅빈","2017","넥센","KBO","https://www.koreabaseball.com/Record/Player/HitterDetail/Total.aspx?playerId=65898"
"65898","김웅빈","2019","키움","KBO","https://www.koreabaseball.com/Record/Player/HitterDetail/Total.aspx?playerId=65898"
"65898","김웅빈","2020","키움","KBO","https://www.koreabaseball.com/Record/Player/HitterDetail/Total.aspx?playerId=65898"
"65898","김웅빈","2021","키움","KBO","https://www.koreabaseball.com/Record/Player/HitterDetail/Total.aspx?playerId=65898"
"65898","김웅빈","2022","키움","KBO","https://www.koreabaseball.com/Record/Player/HitterDetail/Total.aspx?playerId=65898"
"65898","김웅빈","2023","키움","KBO","https://www.koreabaseball.com/Record/Player/HitterDetail/Total.aspx?playerId=65898"
"65898","김웅빈","2024","키움","KBO","https://www.koreabaseball.com/Record/Player/HitterDetail/Total.aspx?playerId=65898"
"65898","김웅빈","2025","키움","KBO","https://www.koreabaseball.com/Record/Player/HitterDetail/Total.aspx?playerId=65898"
"65905","최승민","2019","NC","KBO","https://www.koreabaseball.com/Record/Player/HitterDetail/Total.aspx?playerId=65905"
"65905","최승민","2021","NC","KBO","https://www.koreabaseball.com/Record/Player/HitterDetail/Total.aspx?playerId=65905"
"65905","최승민","2022","NC","KBO","https://www.koreabaseball.com/Record/Player/HitterDetail/Total.aspx?playerId=65905"
"65905","최승민","2023","LG","KBO","https://www.koreabaseball.com/Record/Player/HitterDetail/Total.aspx?playerId=65905"
"65905","최승민","2024","LG","KBO","https://www.koreabaseball.com/Record/Player/HitterDetail/Total.aspx?playerId=65905"
"65905","최승민","2025","LG","KBO","https://www.koreabaseball.com/Record/Player/HitterDetail/Total.aspx?playerId=65905"
"65933","구창모","2016","NC","KBO","https://www.koreabaseball.com/Record/Player/PitcherDetail/Total.aspx?playerId=65933"
"65933","구창모","2017","NC","KBO","https://www.koreabaseball.com/Record/Player/PitcherDetail/Total.aspx?playerId=65933"
"65933","구창모","2018","NC","KBO","https://www.koreabaseball.com/Record/Player/PitcherDetail/Total.aspx?playerId=65933"
"65933","구창모","2019","NC","KBO","https://www.koreabaseball.com/Record/Player/PitcherDetail/Total.aspx?playerId=65933"
"65933","구창모","2020","NC","KBO","https://www.koreabaseball.com/Record/Player/PitcherDetail/Total.aspx?playerId=65933"
"65933","구창모","2022","NC","KBO","https://www.koreabaseball.com/Record/Player/PitcherDetail/Total.aspx?playerId=65933"
"65933","구창모","2023","NC","KBO","https://www.koreabaseball.com/Record/Player/PitcherDetail/Total.aspx?playerId=65933"
"65933","구창모","2025","NC","KBO","https://www.koreabaseball.com/Record/Player/PitcherDetail/Total.aspx?playerId=65933"
"65949","류진욱","2020","NC","KBO","https://www.koreabaseball.com/Record/Player/PitcherDetail/Total.aspx?playerId=65949"
"65949","류진욱","2021","NC","KBO","https://www.koreabaseball.com/Record/Player/PitcherDetail/Total.aspx?playerId=65949"
"65949","류진욱","2022","NC","KBO","https://www.koreabaseball.com/Record/Player/PitcherDetail/Total.aspx?playerId=65949"
"65949","류진욱","2023","NC","KBO","https://www.koreabaseball.com/Record/Player/PitcherDetail/Total.aspx?playerId=65949"
"65949","류진욱","2024","NC","KBO","https://www.koreabaseball.com/Record/Player/PitcherDetail/Total.aspx?playerId=65949"
"65949","류진욱","2025","NC","KBO","https://www.koreabaseball.com/Record/Player/PitcherDetail/Total.aspx?playerId=65949"
"66018","김선기","2018","넥센","KBO","https://www.koreabaseball.com/Record/Player/PitcherDetail/Total.aspx?playerId=66018"
"66018","김선기","2019","키움","KBO","https://www.koreabaseball.com/Record/Player/PitcherDetail/Total.aspx?playerId=66018"
"66018","김선기","2020","키움","KBO","https://www.koreabaseball.com/Record/Player/PitcherDetail/Total.aspx?playerId=66018"
"66018","김선기","2021","키움","KBO","https://www.koreabaseball.com/Record/Player/PitcherDetail/Total.aspx?playerId=66018"
"66018","김선기","2022","키움","KBO","https://www.koreabaseball.com/Record/Player/PitcherDetail/Total.aspx?playerId=66018"
"66018","김선기","2023","키움","KBO","https://www.koreabaseball.com/Record/Player/PitcherDetail/Total.aspx?playerId=66018"
"66018","김선기","2024","키움","KBO","https://www.koreabaseball.com/Record/Player/PitcherDetail/Total.aspx?playerId=66018"
"66018","김선기","2025","키움","KBO","https://www.koreabaseball.com/Record/Player/PitcherDetail/Total.aspx?playerId=66018"
"66047","박세진","2016","KT","KBO","https://www.koreabaseball.com/Record/Player/PitcherDetail/Total.aspx?playerId=66047"
"66047","박세진","2017","KT","KBO","https://www.koreabaseball.com/Record/Player/PitcherDetail/Total.aspx?playerId=66047"
"66047","박세진","2018","KT","KBO","https://www.koreabaseball.com/Record/Player/PitcherDetail/Total.aspx?playerId=66047"
"66047","박세진","2020","KT","KBO","https://www.koreabaseball.com/Record/Player/PitcherDetail/Total.aspx?playerId=66047"
"66047","박세진","2023","KT","KBO","https://www.koreabaseball.com/Record/Player/PitcherDetail/Total.aspx?playerId=66047"
"66047","박세진","2024","KT","KBO","https://www.koreabaseball.com/Record/Player/PitcherDetail/Total.aspx?playerId=66047"
"66068","서의태","2018","넥센","KBO","https://www.koreabaseball.com/Record/Player/PitcherDetail/Total.aspx?playerId=66068"
"66068","서의태","2024","NC","KBO","https://www.koreabaseball.com/Record/Player/PitcherDetail/Total.aspx?playerId=66068"
"66108","홍창기","2016","LG","KBO","https://www.koreabaseball.com/Record/Player/HitterDetail/Total.aspx?playerId=66108"
"66108","홍창기","2018","LG","KBO","https://www.koreabaseball.com/Record/Player/HitterDetail/Total.aspx?playerId=66108"
"66108","홍창기","2019","LG","KBO","https://www.koreabaseball.com/Record/Player/HitterDetail/Total.aspx?playerId=66108"
"66108","홍창기","2020","LG","KBO","https://www.koreabaseball.com/Record/Player/HitterDetail/Total.aspx?playerId=66108"
"66108","홍창기","2021","LG","KBO","https://www.koreabaseball.com/Record/Player/HitterDetail/Total.aspx?playerId=66108"
"66108","홍창기","2022","LG","KBO","https://www.koreabaseball.com/Record/Player/HitterDetail/Total.aspx?playerId=66108"
"66108","홍창기","2023","LG","KBO","https://www.koreabaseball.com/Record/Player/HitterDetail/Total.aspx?playerId=66108"
"66108","홍창기","2024","LG","KBO","https://www.koreabaseball.com/Record/Player/HitterDetail/Total.aspx?playerId=66108"
"66108","홍창기","2025","LG","KBO","https://www.koreabaseball.com/Record/Player/HitterDetail/Total.aspx?playerId=66108"
"66112","김기연","2018","LG","KBO","https://www.koreabaseball.com/Record/Player/HitterDetail/Total.aspx?playerId=66112"
"66112","김기연","2022","LG","KBO","https://www.koreabaseball.com/Record/Player/HitterDetail/Total.aspx?playerId=66112"
"66112","김기연","2023","LG","KBO","https://www.koreabaseball.com/Record/Player/HitterDetail/Total.aspx?playerId=66112"
"66112","김기연","2024","두산","KBO","https://www.koreabaseball.com/Record/Player/HitterDetail/Total.aspx?playerId=66112"
"66112","김기연","2025","두산","KBO","https://www.koreabaseball.com/Record/Player/HitterDetail/Total.aspx?playerId=66112"
"66145","김대현","2016","LG","KBO","https://www.koreabaseball.com/Record/Player/PitcherDetail/Total.aspx?playerId=66145"
"66145","김대현","2017","LG","KBO","https://www.koreabaseball.com/Record/Player/PitcherDetail/Total.aspx?playerId=66145"
"66145","김대현","2018","LG","KBO","https://www.koreabaseball.com/Record/Player/PitcherDetail/Total.aspx?playerId=66145"
"66145","김대현","2019","LG","KBO","https://www.koreabaseball.com/Record/Player/PitcherDetail/Total.aspx?playerId=66145"
"66145","김대현","2020","LG","KBO","https://www.koreabaseball.com/Record/Player/PitcherDetail/Total.aspx?playerId=66145"
"66145","김대현","2021","LG","KBO","https://www.koreabaseball.com/Record/Player/PitcherDetail/Total.aspx?playerId=66145"
"66145","김대현","2023","LG","KBO","https://www.koreabaseball.com/Record/Player/PitcherDetail/Total.aspx?playerId=66145"
"66145","김대현","2024","LG","KBO","https://www.koreabaseball.com/Record/Player/PitcherDetail/Total.aspx?playerId=66145"
"66162","김주성","2017","LG","KBO","https://www.koreabaseball.com/Record/Player/HitterDetail/Total.aspx?playerId=66162"
"66162","김주성","2021","LG","KBO","https://www.koreabaseball.com/Record/Player/HitterDetail/Total.aspx?playerId=66162"
"66162","김주성","2023","LG","KBO","https://www.koreabaseball.com/Record/Player/HitterDetail/Total.aspx?playerId=66162"
"66162","김주성","2024","LG","KBO","https://www.koreabaseball.com/Record/Player/HitterDetail/Total.aspx?playerId=66162"
"66162","김주성","2025","LG","KBO","https://www.koreabaseball.com/Record/Player/HitterDetail/Total.aspx?playerId=66162"
"66209","조수행","2016","두산","KBO","https://www.koreabaseball.com/Record/Player/HitterDetail/Total.aspx?playerId=66209"
"66209","조수행","2017","두산","KBO","https://www.koreabaseball.com/Record/Player/HitterDetail/Total.aspx?playerId=66209"
"66209","조수행","2018","두산","KBO","https://www.koreabaseball.com/Record/Player/HitterDetail/Total.aspx?playerId=66209"
"66209","조수행","2020","두산","KBO","https://www.koreabaseball.com/Record/Player/HitterDetail/Total.aspx?playerId=66209"
"66209","조수행","2021","두산","KBO","https://www.koreabaseball.com/Record/Player/HitterDetail/Total.aspx?playerId=66209"
"66209","조수행","2022","두산","KBO","https://www.koreabaseball.com/Record/Player/HitterDetail/Total.aspx?playerId=66209"
"66209","조수행","2023","두산","KBO","https://www.koreabaseball.com/Record/Player/HitterDetail/Total.aspx?playerId=66209"
"66209","조수행","2024","두산","KBO","https://www.koreabaseball.com/Record/Player/HitterDetail/Total.aspx?playerId=66209"
"66209","조수행","2025","두산","KBO","https://www.koreabaseball.com/Record/Player/HitterDetail/Total.aspx?playerId=66209"
"66233","홍성호","2022","두산","KBO","https://www.koreabaseball.com/Record/Player/HitterDetail/Total.aspx?playerId=66233"
"66233","홍성호","2023","두산","KBO","https://www.koreabaseball.com/Record/Player/HitterDetail/Total.aspx?playerId=66233"
"66233","홍성호","2024","두산","KBO","https://www.koreabaseball.com/Record/Player/HitterDetail/Total.aspx?playerId=66233"
"66233","홍성호","2025","두산","KBO","https://www.koreabaseball.com/Record/Player/HitterDetail/Total.aspx?playerId=66233"
"66291","이영하","2017","두산","KBO","https://www.koreabaseball.com/Record/Player/PitcherDetail/Total.aspx?playerId=66291"
"66291","이영하","2018","두산","KBO","https://www.koreabaseball.com/Record/Player/PitcherDetail/Total.aspx?playerId=66291"
"66291","이영하","2019","두산","KBO","https://www.koreabaseball.com/Record/Player/PitcherDetail/Total.aspx?playerId=66291"
"66291","이영하","2020","두산","KBO","https://www.koreabaseball.com/Record/Player/PitcherDetail/Total.aspx?playerId=66291"
"66291","이영하","2021","두산","KBO","https://www.koreabaseball.com/Record/Player/PitcherDetail/Total.aspx?playerId=66291"
"66291","이영하","2022","두산","KBO","https://www.koreabaseball.com/Record/Player/PitcherDetail/Total.aspx?playerId=66291"
"66291","이영하","2023","두산","KBO","https://www.koreabaseball.com/Record/Player/PitcherDetail/Total.aspx?playerId=66291"
"66291","이영하","2024","두산","KBO","https://www.koreabaseball.com/Record/Player/PitcherDetail/Total.aspx?playerId=66291"
"66291","이영하","2025","두산","KBO","https://www.koreabaseball.com/Record/Player/PitcherDetail/Total.aspx?playerId=66291"
"66354","주효상","2016","넥센","KBO","https://www.koreabaseball.com/Record/Player/HitterDetail/Total.aspx?playerId=66354"
"66354","주효상","2017","넥센","KBO","https://www.koreabaseball.com/Record/Player/HitterDetail/Total.aspx?playerId=66354"
"66354","주효상","2018","넥센","KBO","https://www.koreabaseball.com/Record/Player/HitterDetail/Total.aspx?playerId=66354"
"66354","주효상","2019","키움","KBO","https://www.koreabaseball.com/Record/Player/HitterDetail/Total.aspx?playerId=66354"
"66354","주효상","2020","키움","KBO","https://www.koreabaseball.com/Record/Player/HitterDetail/Total.aspx?playerId=66354"
"66354","주효상","2023","KIA","KBO","https://www.koreabaseball.com/Record/Player/HitterDetail/Total.aspx?playerId=66354"
"66354","주효상","2025","KIA","KBO","https://www.koreabaseball.com/Record/Player/HitterDetail/Total.aspx?playerId=66354"
"66406","안주형","2017","삼성","KBO","https://www.koreabaseball.com/Record/Player/HitterDetail/Total.aspx?playerId=66406"
"66406","안주형","2018","삼성","KBO","https://www.koreabaseball.com/Record/Player/HitterDetail/Total.aspx?playerId=66406"
"66406","안주형","2021","삼성","KBO","https://www.koreabaseball.com/Record/Player/HitterDetail/Total.aspx?playerId=66406"
"66406","안주형","2022","삼성","KBO","https://www.koreabaseball.com/Record/Player/HitterDetail/Total.aspx?playerId=66406"
"66406","안주형","2023","삼성","KBO","https://www.koreabaseball.com/Record/Player/HitterDetail/Total.aspx?playerId=66406"
"66406","안주형","2024","삼성","KBO","https://www.koreabaseball.com/Record/Player/HitterDetail/Total.aspx?playerId=66406"
"66406","안주형","2025","삼성","KBO","https://www.koreabaseball.com/Record/Player/HitterDetail/Total.aspx?playerId=66406"
"66409","이성규","2016","삼성","KBO","https://www.koreabaseball.com/Record/Player/HitterDetail/Total.aspx?playerId=66409"
"66409","이성규","2017","삼성","KBO","https://www.koreabaseball.com/Record/Player/HitterDetail/Total.aspx?playerId=66409"
"66409","이성규","2019","삼성","KBO","https://www.koreabaseball.com/Record/Player/HitterDetail/Total.aspx?playerId=66409"
"66409","이성규","2020","삼성","KBO","https://www.koreabaseball.com/Record/Player/HitterDetail/Total.aspx?playerId=66409"
"66409","이성규","2022","삼성","KBO","https://www.koreabaseball.com/Record/Player/HitterDetail/Total.aspx?playerId=66409"
"66409","이성규","2023","삼성","KBO","https://www.koreabaseball.com/Record/Player/HitterDetail/Total.aspx?playerId=66409"
"66409","이성규","2024","삼성","KBO","https://www.koreabaseball.com/Record/Player/HitterDetail/Total.aspx?playerId=66409"
"66409","이성규","2025","삼성","KBO","https://www.koreabaseball.com/Record/Player/HitterDetail/Total.aspx?playerId=66409"
"66451","최충연","2016","삼성","KBO","https://www.koreabaseball.com/Record/Player/PitcherDetail/Total.aspx?playerId=66451"
"66451","최충연","2017","삼성","KBO","https://www.koreabaseball.com/Record/Player/PitcherDetail/Total.aspx?playerId=66451"
"66451","최충연","2018","삼성","KBO","https://www.koreabaseball.com/Record/Player/PitcherDetail/Total.aspx?playerId=66451"
"66451","최충연","2019","삼성","KBO","https://www.koreabaseball.com/Record/Player/PitcherDetail/Total.aspx?playerId=66451"
"66451","최충연","2022","삼성","KBO","https://www.koreabaseball.com/Record/Player/PitcherDetail/Total.aspx?playerId=66451"
"66451","최충연","2023","삼성","KBO","https://www.koreabaseball.com/Record/Player/PitcherDetail/Total.aspx?playerId=66451"
"66451","최충연","2025","삼성","KBO","https://www.koreabaseball.com/Record/Player/PitcherDetail/Total.aspx?playerId=66451"
"66492","김승현","2016","삼성","KBO","https://www.koreabaseball.com/Record/Player/PitcherDetail/Total.aspx?playerId=66492"
"66492","김승현","2017","삼성","KBO","https://www.koreabaseball.com/Record/Player/PitcherDetail/Total.aspx?playerId=66492"
"66492","김승현","2018","삼성","KBO","https://www.koreabaseball.com/Record/Player/PitcherDetail/Total.aspx?playerId=66492"
"66492","김승현","2019","삼성","KBO","https://www.koreabaseball.com/Record/Player/PitcherDetail/Total.aspx?playerId=66492"
"66492","김승현","2022","삼성","KBO","https://www.koreabaseball.com/Record/Player/PitcherDetail/Total.aspx?playerId=66492"
"66492","김승현","2023","KIA","KBO","https://www.koreabaseball.com/Record/Player/PitcherDetail/Total.aspx?playerId=66492"
"66492","김승현","2024","KIA","KBO","https://www.koreabaseball.com/Record/Player/PitcherDetail/Total.aspx?playerId=66492"
"66606","최원준","2016","KIA","KBO","https://www.koreabaseball.com/Record/Player/HitterDetail/Total.aspx?playerId=66606"
"66606","최원준","2017","KIA","KBO","https://www.koreabaseball.com/Record/Player/HitterDetail/Total.aspx?playerId=66606"
"66606","최원준","2018","KIA","KBO","https://www.koreabaseball.com/Record/Player/HitterDetail/Total.aspx?playerId=66606"
"66606","최원준","2019","KIA","KBO","https://www.koreabaseball.com/Record/Player/HitterDetail/Total.aspx?playerId=66606"
"66606","최원준","2020","KIA","KBO","https://www.koreabaseball.com/Record/Player/HitterDetail/Total.aspx?playerId=66606"
"66606","최원준","2021","KIA","KBO","https://www.koreabaseball.com/Record/Player/HitterDetail/Total.aspx?playerId=66606"
"66606","최원준","2023","KIA","KBO","https://www.koreabaseball.com/Record/Player/HitterDetail/Total.aspx?playerId=66606"
"66606","최원준","2024","KIA","KBO","https://www.koreabaseball.com/Record/Player/HitterDetail/Total.aspx?playerId=66606"
"66606","최원준","2025","NC","KBO","https://www.koreabaseball.com/Record/Player/HitterDetail/Total.aspx?playerId=66606"
"66609","전상현","2016","KIA","KBO","https://www.koreabaseball.com/Record/Player/PitcherDetail/Total.aspx?playerId=66609"
"66609","전상현","2018","KIA","KBO","https://www.koreabaseball.com/Record/Player/PitcherDetail/Total.aspx?playerId=66609"
"66609","전상현","2019","KIA","KBO","https://www.koreabaseball.com/Record/Player/PitcherDetail/Total.aspx?playerId=66609"
"66609","전상현","2020","KIA","KBO","https://www.koreabaseball.com/Record/Player/PitcherDetail/Total.aspx?playerId=66609"
"66609","전상현","2021","KIA","KBO","https://www.koreabaseball.com/Record/Player/PitcherDetail/Total.aspx?playerId=66609"
"66609","전상현","2022","KIA","KBO","https://www.koreabaseball.com/Record/Player/PitcherDetail/Total.aspx?playerId=66609"
"66609","전상현","2023","KIA","KBO","https://www.koreabaseball.com/Record/Player/PitcherDetail/Total.aspx?playerId=66609"
"66609","전상현","2024","KIA","KBO","https://www.koreabaseball.com/Record/Player/PitcherDetail/Total.aspx?playerId=66609"
"66609","전상현","2025","KIA","KBO","https://www.koreabaseball.com/Record/Player/PitcherDetail/Total.aspx?playerId=66609"
"66614","김규성","2020","KIA","KBO","https://www.koreabaseball.com/Record/Player/HitterDetail/Total.aspx?playerId=66614"
"66614","김규성","2021","KIA","KBO","https://www.koreabaseball.com/Record/Player/HitterDetail/Total.aspx?playerId=66614"
"66614","김규성","2022","KIA","KBO","https://www.koreabaseball.com/Record/Player/HitterDetail/Total.aspx?playerId=66614"
"66614","김규성","2023","KIA","KBO","https://www.koreabaseball.com/Record/Player/HitterDetail/Total.aspx?playerId=66614"
"66614","김규성","2024","KIA","KBO","https://www.koreabaseball.com/Record/Player/HitterDetail/Total.aspx?playerId=66614"
"66614","김규성","2025","KIA","KBO","https://www.koreabaseball.com/Record/Player/HitterDetail/Total.aspx?playerId=66614"
"66657","이진영","2016","KIA","KBO","https://www.koreabaseball.com/Record/Player/HitterDetail/Total.aspx?playerId=66657"
"66657","이진영","2017","KIA","KBO","https://www.koreabaseball.com/Record/Player/HitterDetail/Total.aspx?playerId=66657"
"66657","이진영","2019","KIA","KBO","https://www.koreabaseball.com/Record/Player/HitterDetail/Total.aspx?playerId=66657"
"66657","이진영","2020","KIA","KBO","https://www.koreabaseball.com/Record/Player/HitterDetail/Total.aspx?playerId=66657"
"66657","이진영","2021","KIA","KBO","https://www.koreabaseball.com/Record/Player/HitterDetail/Total.aspx?playerId=66657"
"66657","이진영","2022","한화","KBO","https://www.koreabaseball.com/Record/Player/HitterDetail/Total.aspx?playerId=66657"
"66657","이진영","2023","한화","KBO","https://www.koreabaseball.com/Record/Player/HitterDetail/Total.aspx?playerId=66657"
"66657","이진영","2024","한화","KBO","https://www.koreabaseball.com/Record/Player/HitterDetail/Total.aspx?playerId=66657"
"66657","이진영","2025","한화","KBO","https://www.koreabaseball.com/Record/Player/HitterDetail/Total.aspx?playerId=66657"
"66662","신범수","2018","KIA","KBO","https://www.koreabaseball.com/Record/Player/HitterDetail/Total.aspx?playerId=66662"
"66662","신범수","2019","KIA","KBO","https://www.koreabaseball.com/Record/Player/HitterDetail/Total.aspx?playerId=66662"
"66662","신범수","2022","KIA","KBO","https://www.koreabaseball.com/Record/Player/HitterDetail/Total.aspx?playerId=66662"
"66662","신범수","2023","KIA","KBO","https://www.koreabaseball.com/Record/Player/HitterDetail/Total.aspx?playerId=66662"
"66662","신범수","2024","SSG","KBO","https://www.koreabaseball.com/Record/Player/HitterDetail/Total.aspx?playerId=66662"
"66662","신범수","2025","SSG","KBO","https://www.koreabaseball.com/Record/Player/HitterDetail/Total.aspx?playerId=66662"
"66704","김태연","2017","한화","KBO","https://www.koreabaseball.com/Record/Player/HitterDetail/Total.aspx?playerId=66704"
"66704","김태연","2018","한화","KBO","https://www.koreabaseball.com/Record/Player/HitterDetail/Total.aspx?playerId=66704"
"66704","김태연","2019","한화","KBO","https://www.koreabaseball.com/Record/Player/HitterDetail/Total.aspx?playerId=66704"
"66704","김태연","2021","한화","KBO","https://www.koreabaseball.com/Record/Player/HitterDetail/Total.aspx?playerId=66704"
"66704","김태연","2022","한화","KBO","https://www.koreabaseball.com/Record/Player/HitterDetail/Total.aspx?playerId=66704"
"66704","김태연","2023","한화","KBO","https://www.koreabaseball.com/Record/Player/HitterDetail/Total.aspx?playerId=66704"
"66704","김태연","2024","한화","KBO","https://www.koreabaseball.com/Record/Player/HitterDetail/Total.aspx?playerId=66704"
"66704","김태연","2025","한화","KBO","https://www.koreabaseball.com/Record/Player/HitterDetail/Total.aspx?playerId=66704"
"66706","장진혁","2018","한화","KBO","https://www.koreabaseball.com/Record/Player/HitterDetail/Total.aspx?playerId=66706"
"66706","장진혁","2019","한화","KBO","https://www.koreabaseball.com/Record/Player/HitterDetail/Total.aspx?playerId=66706"
"66706","장진혁","2020","한화","KBO","https://www.koreabaseball.com/Record/Player/HitterDetail/Total.aspx?playerId=66706"
"66706","장진혁","2022","한화","KBO","https://www.koreabaseball.com/Record/Player/HitterDetail/Total.aspx?playerId=66706"
"66706","장진혁","2023","한화","KBO","https://www.koreabaseball.com/Record/Player/HitterDetail/Total.aspx?playerId=66706"
"66706","장진혁","2024","한화","KBO","https://www.koreabaseball.com/Record/Player/HitterDetail/Total.aspx?playerId=66706"
"66706","장진혁","2025","KT","KBO","https://www.koreabaseball.com/Record/Player/HitterDetail/Total.aspx?playerId=66706"
"66707","박상언","2017","한화","KBO","https://www.koreabaseball.com/Record/Player/HitterDetail/Total.aspx?playerId=66707"
"66707","박상언","2019","한화","KBO","https://www.koreabaseball.com/Record/Player/HitterDetail/Total.aspx?playerId=66707"
"66707","박상언","2020","한화","KBO","https://www.koreabaseball.com/Record/Player/HitterDetail/Total.aspx?playerId=66707"
"66707","박상언","2021","한화","KBO","https://www.koreabaseball.com/Record/Player/HitterDetail/Total.aspx?playerId=66707"
"66707","박상언","2022","한화","KBO","https://www.koreabaseball.com/Record/Player/HitterDetail/Total.aspx?playerId=66707"
"66707","박상언","2023","한화","KBO","https://www.koreabaseball.com/Record/Player/HitterDetail/Total.aspx?playerId=66707"
"66707","박상언","2024","한화","KBO","https://www.koreabaseball.com/Record/Player/HitterDetail/Total.aspx?playerId=66707"
"66715","김인환","2018","한화","KBO","https://www.koreabaseball.com/Record/Player/HitterDetail/Total.aspx?playerId=66715"
"66715","김인환","2019","한화","KBO","https://www.koreabaseball.com/Record/Player/HitterDetail/Total.aspx?playerId=66715"
"66715","김인환","2022","한화","KBO","https://www.koreabaseball.com/Record/Player/HitterDetail/Total.aspx?playerId=66715"
"66715","김인환","2023","한화","KBO","https://www.koreabaseball.com/Record/Player/HitterDetail/Total.aspx?playerId=66715"
"66715","김인환","2024","한화","KBO","https://www.koreabaseball.com/Record/Player/HitterDetail/Total.aspx?playerId=66715"
"66715","김인환","2025","한화","KBO","https://www.koreabaseball.com/Record/Player/HitterDetail/Total.aspx?playerId=66715"
"66838","김동엽","2016","SK","KBO","https://www.koreabaseball.com/Record/Player/HitterDetail/Total.aspx?playerId=66838"
"66838","김동엽","2017","SK","KBO","https://www.koreabaseball.com/Record/Player/HitterDetail/Total.aspx?playerId=66838"
"66838","김동엽","2018","SK","KBO","https://www.koreabaseball.com/Record/Player/HitterDetail/Total.aspx?playerId=66838"
"66838","김동엽","2019","삼성","KBO","https://www.koreabaseball.com/Record/Player/HitterDetail/Total.aspx?playerId=66838"
"66838","김동엽","2020","삼성","KBO","https://www.koreabaseball.com/Record/Player/HitterDetail/Total.aspx?playerId=66838"
"66838","김동엽","2021","삼성","KBO","https://www.koreabaseball.com/Record/Player/HitterDetail/Total.aspx?playerId=66838"
"66838","김동엽","2022","삼성","KBO","https://www.koreabaseball.com/Record/Player/HitterDetail/Total.aspx?playerId=66838"
"66838","김동엽","2023","삼성","KBO","https://www.koreabaseball.com/Record/Player/HitterDetail/Total.aspx?playerId=66838"
"66838","김동엽","2024","삼성","KBO","https://www.koreabaseball.com/Record/Player/HitterDetail/Total.aspx?playerId=66838"
"66838","김동엽","2025","키움","KBO","https://www.koreabaseball.com/Record/Player/HitterDetail/Total.aspx?playerId=66838"
"66858","정동윤","2017","SK","KBO","https://www.koreabaseball.com/Record/Player/PitcherDetail/Total.aspx?playerId=66858"
"66858","정동윤","2018","SK","KBO","https://www.koreabaseball.com/Record/Player/PitcherDetail/Total.aspx?playerId=66858"
"66858","정동윤","2021","SSG","KBO","https://www.koreabaseball.com/Record/Player/PitcherDetail/Total.aspx?playerId=66858"
"66858","정동윤","2024","SSG","KBO","https://www.koreabaseball.com/Record/Player/PitcherDetail/Total.aspx?playerId=66858"
"66858","정동윤","2025","SSG","KBO","https://www.koreabaseball.com/Record/Player/PitcherDetail/Total.aspx?playerId=66858"
"66864","안상현","2018","SK","KBO","https://www.koreabaseball.com/Record/Player/HitterDetail/Total.aspx?playerId=66864"
"66864","안상현","2019","SK","KBO","https://www.koreabaseball.com/Record/Player/HitterDetail/Total.aspx?playerId=66864"
"66864","안상현","2021","SSG","KBO","https://www.koreabaseball.com/Record/Player/HitterDetail/Total.aspx?playerId=66864"
"66864","안상현","2022","SSG","KBO","https://www.koreabaseball.com/Record/Player/HitterDetail/Total.aspx?playerId=66864"
"66864","안상현","2023","SSG","KBO","https://www.koreabaseball.com/Record/Player/HitterDetail/Total.aspx?playerId=66864"
"66864","안상현","2024","SSG","KBO","https://www.koreabaseball.com/Record/Player/HitterDetail/Total.aspx?playerId=66864"
"66864","안상현","2025","SSG","KBO","https://www.koreabaseball.com/Record/Player/HitterDetail/Total.aspx?playerId=66864"
"66917","김찬형","2017","NC","KBO","https://www.koreabaseball.com/Record/Player/HitterDetail/Total.aspx?playerId=66917"
"66917","김찬형","2018","NC","KBO","https://www.koreabaseball.com/Record/Player/HitterDetail/Total.aspx?playerId=66917"
"66917","김찬형","2019","NC","KBO","https://www.koreabaseball.com/Record/Player/HitterDetail/Total.aspx?playerId=66917"
"66917","김찬형","2020","NC","KBO","https://www.koreabaseball.com/Record/Player/HitterDetail/Total.aspx?playerId=66917"
"66917","김찬형","2021","SSG","KBO","https://www.koreabaseball.com/Record/Player/HitterDetail/Total.aspx?playerId=66917"
"66917","김찬형","2023","SSG","KBO","https://www.koreabaseball.com/Record/Player/HitterDetail/Total.aspx?playerId=66917"
"66917","김찬형","2024","SSG","KBO","https://www.koreabaseball.com/Record/Player/HitterDetail/Total.aspx?playerId=66917"
"66917","김찬형","2025","SSG","KBO","https://www.koreabaseball.com/Record/Player/HitterDetail/Total.aspx?playerId=66917"
"66920","최성영","2016","NC","KBO","https://www.koreabaseball.com/Record/Player/PitcherDetail/Total.aspx?playerId=66920"
"66920","최성영","2017","NC","KBO","https://www.koreabaseball.com/Record/Player/PitcherDetail/Total.aspx?playerId=66920"
"66920","최성영","2018","NC","KBO","https://www.koreabaseball.com/Record/Player/PitcherDetail/Total.aspx?playerId=66920"
"66920","최성영","2019","NC","KBO","https://www.koreabaseball.com/Record/Player/PitcherDetail/Total.aspx?playerId=66920"
"66920","최성영","2020","NC","KBO","https://www.koreabaseball.com/Record/Player/PitcherDetail/Total.aspx?playerId=66920"
"66920","최성영","2023","NC","KBO","https://www.koreabaseball.com/Record/Player/PitcherDetail/Total.aspx?playerId=66920"
"66920","최성영","2024","NC","KBO","https://www.koreabaseball.com/Record/Player/PitcherDetail/Total.aspx?playerId=66920"
"66920","최성영","2025","NC","KBO","https://www.koreabaseball.com/Record/Player/PitcherDetail/Total.aspx?playerId=66920"
"66928","박준영","2016","NC","KBO","https://www.koreabaseball.com/Record/Player/HitterDetail/Total.aspx?playerId=66928"
"66928","박준영","2020","NC","KBO","https://www.koreabaseball.com/Record/Player/HitterDetail/Total.aspx?playerId=66928"
"66928","박준영","2021","NC","KBO","https://www.koreabaseball.com/Record/Player/HitterDetail/Total.aspx?playerId=66928"
"66928","박준영","2022","NC","KBO","https://www.koreabaseball.com/Record/Player/HitterDetail/Total.aspx?playerId=66928"
"66928","박준영","2023","두산","KBO","https://www.koreabaseball.com/Record/Player/HitterDetail/Total.aspx?playerId=66928"
"66928","박준영","2024","두산","KBO","https://www.koreabaseball.com/Record/Player/HitterDetail/Total.aspx?playerId=66928"
"66928","박준영","2025","두산","KBO","https://www.koreabaseball.com/Record/Player/HitterDetail/Total.aspx?playerId=66928"
"66965","도태훈","2016","NC","KBO","https://www.koreabaseball.com/Record/Player/HitterDetail/Total.aspx?playerId=66965"
"66965","도태훈","2017","NC","KBO","https://www.koreabaseball.com/Record/Player/HitterDetail/Total.aspx?playerId=66965"
"66965","도태훈","2018","NC","KBO","https://www.koreabaseball.com/Record/Player/HitterDetail/Total.aspx?playerId=66965"
"66965","도태훈","2020","NC","KBO","https://www.koreabaseball.com/Record/Player/HitterDetail/Total.aspx?playerId=66965"
"66965","도태훈","2021","NC","KBO","https://www.koreabaseball.com/Record/Player/HitterDetail/Total.aspx?playerId=66965"
"66965","도태훈","2022","NC","KBO","https://www.koreabaseball.com/Record/Player/HitterDetail/Total.aspx?playerId=66965"
"66965","도태훈","2023","NC","KBO","https://www.koreabaseball.com/Record/Player/HitterDetail/Total.aspx?playerId=66965"
"66965","도태훈","2024","NC","KBO","https://www.koreabaseball.com/Record/Player/HitterDetail/Total.aspx?playerId=66965"
"66965","도태훈","2025","NC","KBO","https://www.koreabaseball.com/Record/Player/HitterDetail/Total.aspx?playerId=66965"
"67005","홍현빈","2017","KT","KBO","https://www.koreabaseball.com/Record/Player/HitterDetail/Total.aspx?playerId=67005"
"67005","홍현빈","2018","KT","KBO","https://www.koreabaseball.com/Record/Player/HitterDetail/Total.aspx?playerId=67005"
"67005","홍현빈","2020","KT","KBO","https://www.koreabaseball.com/Record/Player/HitterDetail/Total.aspx?playerId=67005"
"67005","홍현빈","2021","KT","KBO","https://www.koreabaseball.com/Record/Player/HitterDetail/Total.aspx?playerId=67005"
"67005","홍현빈","2022","KT","KBO","https://www.koreabaseball.com/Record/Player/HitterDetail/Total.aspx?playerId=67005"
"67005","홍현빈","2023","KT","KBO","https://www.koreabaseball.com/Record/Player/HitterDetail/Total.aspx?playerId=67005"
"67005","홍현빈","2024","KT","KBO","https://www.koreabaseball.com/Record/Player/HitterDetail/Total.aspx?playerId=67005"
"67005","홍현빈","2025","삼성","KBO","https://www.koreabaseball.com/Record/Player/HitterDetail/Total.aspx?playerId=67005"
"67006","안치영","2017","KT","KBO","https://www.koreabaseball.com/Record/Player/HitterDetail/Total.aspx?playerId=67006"
"67006","안치영","2019","KT","KBO","https://www.koreabaseball.com/Record/Player/HitterDetail/Total.aspx?playerId=67006"
"67006","안치영","2023","KT","KBO","https://www.koreabaseball.com/Record/Player/HitterDetail/Total.aspx?playerId=67006"
"67006","안치영","2024","KT","KBO","https://www.koreabaseball.com/Record/Player/HitterDetail/Total.aspx?playerId=67006"
"67006","안치영","2025","KT","KBO","https://www.koreabaseball.com/Record/Player/HitterDetail/Total.aspx?playerId=67006"
"67048","이정현","2019","KT","KBO","https://www.koreabaseball.com/Record/Player/PitcherDetail/Total.aspx?playerId=67048"
"67048","이정현","2021","KT","KBO","https://www.koreabaseball.com/Record/Player/PitcherDetail/Total.aspx?playerId=67048"
"67048","이정현","2022","KT","KBO","https://www.koreabaseball.com/Record/Player/PitcherDetail/Total.aspx?playerId=67048"
"67048","이정현","2025","KT","KBO","https://www.koreabaseball.com/Record/Player/PitcherDetail/Total.aspx?playerId=67048"
"67116","오석주","2019","LG","KBO","https://www.koreabaseball.com/Record/Player/PitcherDetail/Total.aspx?playerId=67116"
"67116","오석주","2021","LG","KBO","https://www.koreabaseball.com/Record/Player/PitcherDetail/Total.aspx?playerId=67116"
"67116","오석주","2022","LG","KBO","https://www.koreabaseball.com/Record/Player/PitcherDetail/Total.aspx?playerId=67116"
"67116","오석주","2023","LG","KBO","https://www.koreabaseball.com/Record/Player/PitcherDetail/Total.aspx?playerId=67116"
"67116","오석주","2024","키움","KBO","https://www.koreabaseball.com/Record/Player/PitcherDetail/Total.aspx?playerId=67116"
"67116","오석주","2025","키움","KBO","https://www.koreabaseball.com/Record/Player/PitcherDetail/Total.aspx?playerId=67116"
"67143","손주영","2017","LG","KBO","https://www.koreabaseball.com/Record/Player/PitcherDetail/Total.aspx?playerId=67143"
"67143","손주영","2018","LG","KBO","https://www.koreabaseball.com/Record/Player/PitcherDetail/Total.aspx?playerId=67143"
"67143","손주영","2021","LG","KBO","https://www.koreabaseball.com/Record/Player/PitcherDetail/Total.aspx?playerId=67143"
"67143","손주영","2022","LG","KBO","https://www.koreabaseball.com/Record/Player/PitcherDetail/Total.aspx?playerId=67143"
"67143","손주영","2023","LG","KBO","https://www.koreabaseball.com/Record/Player/PitcherDetail/Total.aspx?playerId=67143"
"67143","손주영","2024","LG","KBO","https://www.koreabaseball.com/Record/Player/PitcherDetail/Total.aspx?playerId=67143"
"67143","손주영","2025","LG","KBO","https://www.koreabaseball.com/Record/Player/PitcherDetail/Total.aspx?playerId=67143"
"67207","이유찬","2018","두산","KBO","https://www.koreabaseball.com/Record/Player/HitterDetail/Total.aspx?playerId=67207"
"67207","이유찬","2019","두산","KBO","https://www.koreabaseball.com/Record/Player/HitterDetail/Total.aspx?playerId=67207"
"67207","이유찬","2020","두산","KBO","https://www.koreabaseball.com/Record/Player/HitterDetail/Total.aspx?playerId=67207"
"67207","이유찬","2022","두산","KBO","https://www.koreabaseball.com/Record/Player/HitterDetail/Total.aspx?playerId=67207"
"67207","이유찬","2023","두산","KBO","https://www.koreabaseball.com/Record/Player/HitterDetail/Total.aspx?playerId=67207"
"67207","이유찬","2024","두산","KBO","https://www.koreabaseball.com/Record/Player/HitterDetail/Total.aspx?playerId=67207"
"67207","이유찬","2025","두산","KBO","https://www.koreabaseball.com/Record/Player/HitterDetail/Total.aspx?playerId=67207"
"67246","김명신","2017","두산","KBO","https://www.koreabaseball.com/Record/Player/PitcherDetail/Total.aspx?playerId=67246"
"67246","김명신","2020","두산","KBO","https://www.koreabaseball.com/Record/Player/PitcherDetail/Total.aspx?playerId=67246"
"67246","김명신","2021","두산","KBO","https://www.koreabaseball.com/Record/Player/PitcherDetail/Total.aspx?playerId=67246"
"67246","김명신","2022","두산","KBO","https://www.koreabaseball.com/Record/Player/PitcherDetail/Total.aspx?playerId=67246"
"67246","김명신","2023","두산","KBO","https://www.koreabaseball.com/Record/Player/PitcherDetail/Total.aspx?playerId=67246"
"67246","김명신","2024","두산","KBO","https://www.koreabaseball.com/Record/Player/PitcherDetail/Total.aspx?playerId=67246"
"67246","김명신","2025","두산","KBO","https://www.koreabaseball.com/Record/Player/PitcherDetail/Total.aspx?playerId=67246"
"67263","최원준","2018","두산","KBO","https://www.koreabaseball.com/Record/Player/PitcherDetail/Total.aspx?playerId=67263"
"67263","최원준","2019","두산","KBO","https://www.koreabaseball.com/Record/Player/PitcherDetail/Total.aspx?playerId=67263"
"67263","최원준","2020","두산","KBO","https://www.koreabaseball.com/Record/Player/PitcherDetail/Total.aspx?playerId=67263"
"67263","최원준","2021","두산","KBO","https://www.koreabaseball.com/Record/Player/PitcherDetail/Total.aspx?playerId=67263"
"67263","최원준","2022","두산","KBO","https://www.koreabaseball.com/Record/Player/PitcherDetail/Total.aspx?playerId=67263"
"67263","최원준","2023","두산","KBO","https://www.koreabaseball.com/Record/Player/PitcherDetail/Total.aspx?playerId=67263"
"67263","최원준","2024","두산","KBO","https://www.koreabaseball.com/Record/Player/PitcherDetail/Total.aspx?playerId=67263"
"67263","최원준","2025","두산","KBO","https://www.koreabaseball.com/Record/Player/PitcherDetail/Total.aspx?playerId=67263"
"67266","박치국","2017","두산","KBO","https://www.koreabaseball.com/Record/Player/PitcherDetail/Total.aspx?playerId=67266"
"67266","박치국","2018","두산","KBO","https://www.koreabaseball.com/Record/Player/PitcherDetail/Total.aspx?playerId=67266"
"67266","박치국","2019","두산","KBO","https://www.koreabaseball.com/Record/Player/PitcherDetail/Total.aspx?playerId=67266"
"67266","박치국","2020","두산","KBO","https://www.koreabaseball.com/Record/Player/PitcherDetail/Total.aspx?playerId=67266"
"67266","박치국","2021","두산","KBO","https://www.koreabaseball.com/Record/Player/PitcherDetail/Total.aspx?playerId=67266"
"67266","박치국","2022","두산","KBO","https://www.koreabaseball.com/Record/Player/PitcherDetail/Total.aspx?playerId=67266"
"67266","박치국","2023","두산","KBO","https://www.koreabaseball.com/Record/Player/PitcherDetail/Total.aspx?playerId=67266"
"67266","박치국","2024","두산","KBO","https://www.koreabaseball.com/Record/Player/PitcherDetail/Total.aspx?playerId=67266"
"67266","박치국","2025","두산","KBO","https://www.koreabaseball.com/Record/Player/PitcherDetail/Total.aspx?playerId=67266"
"67365","양지율","2019","키움","KBO","https://www.koreabaseball.com/Record/Player/PitcherDetail/Total.aspx?playerId=67365"
"67365","양지율","2020","키움","KBO","https://www.koreabaseball.com/Record/Player/PitcherDetail/Total.aspx?playerId=67365"
"67365","양지율","2023","키움","KBO","https://www.koreabaseball.com/Record/Player/PitcherDetail/Total.aspx?playerId=67365"
"67365","양지율","2024","키움","KBO","https://www.koreabaseball.com/Record/Player/PitcherDetail/Total.aspx?playerId=67365"
"67365","양지율","2025","키움","KBO","https://www.koreabaseball.com/Record/Player/PitcherDetail/Total.aspx?playerId=67365"
"67419","문용익","2021","삼성","KBO","https://www.koreabaseball.com/Record/Player/PitcherDetail/Total.aspx?playerId=67419"
"67419","문용익","2022","삼성","KBO","https://www.koreabaseball.com/Record/Player/PitcherDetail/Total.aspx?playerId=67419"
"67419","문용익","2023","삼성","KBO","https://www.koreabaseball.com/Record/Player/PitcherDetail/Total.aspx?playerId=67419"
"67419","문용익","2024","KT","KBO","https://www.koreabaseball.com/Record/Player/PitcherDetail/Total.aspx?playerId=67419"
"67419","문용익","2025","KT","KBO","https://www.koreabaseball.com/Record/Player/PitcherDetail/Total.aspx?playerId=67419"
"67421","최지광","2017","삼성","KBO","https://www.koreabaseball.com/Record/Player/PitcherDetail/Total.aspx?playerId=67421"
"67421","최지광","2018","삼성","KBO","https://www.koreabaseball.com/Record/Player/PitcherDetail/Total.aspx?playerId=67421"
"67421","최지광","2019","삼성","KBO","https://www.koreabaseball.com/Record/Player/PitcherDetail/Total.aspx?playerId=67421"
"67421","최지광","2020","삼성","KBO","https://www.koreabaseball.com/Record/Player/PitcherDetail/Total.aspx?playerId=67421"
"67421","최지광","2021","삼성","KBO","https://www.koreabaseball.com/Record/Player/PitcherDetail/Total.aspx?playerId=67421"
"67421","최지광","2023","삼성","KBO","https://www.koreabaseball.com/Record/Player/PitcherDetail/Total.aspx?playerId=67421"
"67421","최지광","2024","삼성","KBO","https://www.koreabaseball.com/Record/Player/PitcherDetail/Total.aspx?playerId=67421"
"67449","김성윤","2017","삼성","KBO","https://www.koreabaseball.com/Record/Player/HitterDetail/Total.aspx?playerId=67449"
"67449","김성윤","2018","삼성","KBO","https://www.koreabaseball.com/Record/Player/HitterDetail/Total.aspx?playerId=67449"
"67449","김성윤","2020","삼성","KBO","https://www.koreabaseball.com/Record/Player/HitterDetail/Total.aspx?playerId=67449"
"67449","김성윤","2021","삼성","KBO","https://www.koreabaseball.com/Record/Player/HitterDetail/Total.aspx?playerId=67449"
"67449","김성윤","2022","삼성","KBO","https://www.koreabaseball.com/Record/Player/HitterDetail/Total.aspx?playerId=67449"
"67449","김성윤","2023","삼성","KBO","https://www.koreabaseball.com/Record/Player/HitterDetail/Total.aspx?playerId=67449"
"67449","김성윤","2024","삼성","KBO","https://www.koreabaseball.com/Record/Player/HitterDetail/Total.aspx?playerId=67449"
"67449","김성윤","2025","삼성","KBO","https://www.koreabaseball.com/Record/Player/HitterDetail/Total.aspx?playerId=67449"
"67539","나균안","2021","롯데","KBO","https://www.koreabaseball.com/Record/Player/PitcherDetail/Total.aspx?playerId=67539"
"67539","나균안","2022","롯데","KBO","https://www.koreabaseball.com/Record/Player/PitcherDetail/Total.aspx?playerId=67539"
"67539","나균안","2023","롯데","KBO","https://www.koreabaseball.com/Record/Player/PitcherDetail/Total.aspx?playerId=67539"
"67539","나균안","2024","롯데","KBO","https://www.koreabaseball.com/Record/Player/PitcherDetail/Total.aspx?playerId=67539"
"67539","나균안","2025","롯데","KBO","https://www.koreabaseball.com/Record/Player/PitcherDetail/Total.aspx?playerId=67539"
"67588","윤성빈","2018","롯데","KBO","https://www.koreabaseball.com/Record/Player/PitcherDetail/Total.aspx?playerId=67588"
"67588","윤성빈","2019","롯데","KBO","https://www.koreabaseball.com/Record/Player/PitcherDetail/Total.aspx?playerId=67588"
"67588","윤성빈","2021","롯데","KBO","https://www.koreabaseball.com/Record/Player/PitcherDetail/Total.aspx?playerId=67588"
"67588","윤성빈","2024","롯데","KBO","https://www.koreabaseball.com/Record/Player/PitcherDetail/Total.aspx?playerId=67588"
"67588","윤성빈","2025","롯데","KBO","https://www.koreabaseball.com/Record/Player/PitcherDetail/Total.aspx?playerId=67588"
"67609","박정우","2021","KIA","KBO","https://www.koreabaseball.com/Record/Player/HitterDetail/Total.aspx?playerId=67609"
"67609","박정우","2022","KIA","KBO","https://www.koreabaseball.com/Record/Player/HitterDetail/Total.aspx?playerId=67609"
"67609","박정우","2023","KIA","KBO","https://www.koreabaseball.com/Record/Player/HitterDetail/Total.aspx?playerId=67609"
"67609","박정우","2024","KIA","KBO","https://www.koreabaseball.com/Record/Player/HitterDetail/Total.aspx?playerId=67609"
"67609","박정우","2025","KIA","KBO","https://www.koreabaseball.com/Record/Player/HitterDetail/Total.aspx?playerId=67609"
"67610","김석환","2018","KIA","KBO","https://www.koreabaseball.com/Record/Player/HitterDetail/Total.aspx?playerId=67610"
"67610","김석환","2021","KIA","KBO","https://www.koreabaseball.com/Record/Player/HitterDetail/Total.aspx?playerId=67610"
"67610","김석환","2022","KIA","KBO","https://www.koreabaseball.com/Record/Player/HitterDetail/Total.aspx?playerId=67610"
"67610","김석환","2023","KIA","KBO","https://www.koreabaseball.com/Record/Player/HitterDetail/Total.aspx?playerId=67610"
"67610","김석환","2025","KIA","KBO","https://www.koreabaseball.com/Record/Player/HitterDetail/Total.aspx?playerId=67610"
"67640","유승철","2018","KIA","KBO","https://www.koreabaseball.com/Record/Player/PitcherDetail/Total.aspx?playerId=67640"
"67640","유승철","2019","KIA","KBO","https://www.koreabaseball.com/Record/Player/PitcherDetail/Total.aspx?playerId=67640"
"67640","유승철","2022","KIA","KBO","https://www.koreabaseball.com/Record/Player/PitcherDetail/Total.aspx?playerId=67640"
"67640","유승철","2023","KIA","KBO","https://www.koreabaseball.com/Record/Player/PitcherDetail/Total.aspx?playerId=67640"
"67640","유승철","2024","KIA","KBO","https://www.koreabaseball.com/Record/Player/PitcherDetail/Total.aspx?playerId=67640"
"67640","유승철","2025","KIA","KBO","https://www.koreabaseball.com/Record/Player/PitcherDetail/Total.aspx?playerId=67640"
"67644","이정훈","2017","KIA","KBO","https://www.koreabaseball.com/Record/Player/HitterDetail/Total.aspx?playerId=67644"
"67644","이정훈","2019","KIA","KBO","https://www.koreabaseball.com/Record/Player/HitterDetail/Total.aspx?playerId=67644"
"67644","이정훈","2020","KIA","KBO","https://www.koreabaseball.com/Record/Player/HitterDetail/Total.aspx?playerId=67644"
"67644","이정훈","2021","KIA","KBO","https://www.koreabaseball.com/Record/Player/HitterDetail/Total.aspx?playerId=67644"
"67644","이정훈","2022","KIA","KBO","https://www.koreabaseball.com/Record/Player/HitterDetail/Total.aspx?playerId=67644"
"67644","이정훈","2023","롯데","KBO","https://www.koreabaseball.com/Record/Player/HitterDetail/Total.aspx?playerId=67644"
"67644","이정훈","2024","롯데","KBO","https://www.koreabaseball.com/Record/Player/HitterDetail/Total.aspx?playerId=67644"
"67644","이정훈","2025","KT","KBO","https://www.koreabaseball.com/Record/Player/HitterDetail/Total.aspx?playerId=67644"
"67703","박상원","2017","한화","KBO","https://www.koreabaseball.com/Record/Player/PitcherDetail/Total.aspx?playerId=67703"
"67703","박상원","2018","한화","KBO","https://www.koreabaseball.com/Record/Player/PitcherDetail/Total.aspx?playerId=67703"
"67703","박상원","2019","한화","KBO","https://www.koreabaseball.com/Record/Player/PitcherDetail/Total.aspx?playerId=67703"
"67703","박상원","2020","한화","KBO","https://www.koreabaseball.com/Record/Player/PitcherDetail/Total.aspx?playerId=67703"
"67703","박상원","2022","한화","KBO","https://www.koreabaseball.com/Record/Player/PitcherDetail/Total.aspx?playerId=67703"
"67703","박상원","2023","한화","KBO","https://www.koreabaseball.com/Record/Player/PitcherDetail/Total.aspx?playerId=67703"
"67703","박상원","2024","한화","KBO","https://www.koreabaseball.com/Record/Player/PitcherDetail/Total.aspx?playerId=67703"
"67703","박상원","2025","한화","KBO","https://www.koreabaseball.com/Record/Player/PitcherDetail/Total.aspx?playerId=67703"
"67807","이정범","2021","SSG","KBO","https://www.koreabaseball.com/Record/Player/HitterDetail/Total.aspx?playerId=67807"
"67807","이정범","2022","SSG","KBO","https://www.koreabaseball.com/Record/Player/HitterDetail/Total.aspx?playerId=67807"
"67807","이정범","2023","SSG","KBO","https://www.koreabaseball.com/Record/Player/HitterDetail/Total.aspx?playerId=67807"
"67807","이정범","2025","SSG","KBO","https://www.koreabaseball.com/Record/Player/HitterDetail/Total.aspx?playerId=67807"
"67828","김성민","2017","넥센","KBO","https://www.koreabaseball.com/Record/Player/PitcherDetail/Total.aspx?playerId=67828"
"67828","김성민","2018","넥센","KBO","https://www.koreabaseball.com/Record/Player/PitcherDetail/Total.aspx?playerId=67828"
"67828","김성민","2019","키움","KBO","https://www.koreabaseball.com/Record/Player/PitcherDetail/Total.aspx?playerId=67828"
"67828","김성민","2020","키움","KBO","https://www.koreabaseball.com/Record/Player/PitcherDetail/Total.aspx?playerId=67828"
"67828","김성민","2021","키움","KBO","https://www.koreabaseball.com/Record/Player/PitcherDetail/Total.aspx?playerId=67828"
"67828","김성민","2024","키움","KBO","https://www.koreabaseball.com/Record/Player/PitcherDetail/Total.aspx?playerId=67828"
"67828","김성민","2025","키움","KBO","https://www.koreabaseball.com/Record/Player/PitcherDetail/Total.aspx?playerId=67828"
"67893","박성한","2017","SK","KBO","https://www.koreabaseball.com/Record/Player/HitterDetail/Total.aspx?playerId=67893"
"67893","박성한","2018","SK","KBO","https://www.koreabaseball.com/Record/Player/HitterDetail/Total.aspx?playerId=67893"
"67893","박성한","2020","SK","KBO","https://www.koreabaseball.com/Record/Player/HitterDetail/Total.aspx?playerId=67893"
"67893","박성한","2021","SSG","KBO","https://www.koreabaseball.com/Record/Player/HitterDetail/Total.aspx?playerId=67893"
"67893","박성한","2022","SSG","KBO","https://www.koreabaseball.com/Record/Player/HitterDetail/Total.aspx?playerId=67893"
"67893","박성한","2023","SSG","KBO","https://www.koreabaseball.com/Record/Player/HitterDetail/Total.aspx?playerId=67893"
"67893","박성한","2024","SSG","KBO","https://www.koreabaseball.com/Record/Player/HitterDetail/Total.aspx?playerId=67893"
"67893","박성한","2025","SSG","KBO","https://www.koreabaseball.com/Record/Player/HitterDetail/Total.aspx?playerId=67893"
"67900","김수윤","2021","NC","KBO","https://www.koreabaseball.com/Record/Player/HitterDetail/Total.aspx?playerId=67900"
"67900","김수윤","2022","NC","KBO","https://www.koreabaseball.com/Record/Player/HitterDetail/Total.aspx?playerId=67900"
"67900","김수윤","2023","NC","KBO","https://www.koreabaseball.com/Record/Player/HitterDetail/Total.aspx?playerId=67900"
"67900","김수윤","2024","NC","KBO","https://www.koreabaseball.com/Record/Player/HitterDetail/Total.aspx?playerId=67900"
"67900","김수윤","2025","SSG","KBO","https://www.koreabaseball.com/Record/Player/HitterDetail/Total.aspx?playerId=67900"
"67905","천재환","2022","NC","KBO","https://www.koreabaseball.com/Record/Player/HitterDetail/Total.aspx?playerId=67905"
"67905","천재환","2023","NC","KBO","https://www.koreabaseball.com/Record/Player/HitterDetail/Total.aspx?playerId=67905"
"67905","천재환","2024","NC","KBO","https://www.koreabaseball.com/Record/Player/HitterDetail/Total.aspx?playerId=67905"
"67905","천재환","2025","NC","KBO","https://www.koreabaseball.com/Record/Player/HitterDetail/Total.aspx?playerId=67905"
"67954","김진호","2020","NC","KBO","https://www.koreabaseball.com/Record/Player/PitcherDetail/Total.aspx?playerId=67954"
"67954","김진호","2021","NC","KBO","https://www.koreabaseball.com/Record/Player/PitcherDetail/Total.aspx?playerId=67954"
"67954","김진호","2022","NC","KBO","https://www.koreabaseball.com/Record/Player/PitcherDetail/Total.aspx?playerId=67954"
"67954","김진호","2023","NC","KBO","https://www.koreabaseball.com/Record/Player/PitcherDetail/Total.aspx?playerId=67954"
"67954","김진호","2024","NC","KBO","https://www.koreabaseball.com/Record/Player/PitcherDetail/Total.aspx?playerId=67954"
"67954","김진호","2025","NC","KBO","https://www.koreabaseball.com/Record/Player/PitcherDetail/Total.aspx?playerId=67954"
"67956","김태현","2020","NC","KBO","https://www.koreabaseball.com/Record/Player/PitcherDetail/Total.aspx?playerId=67956"
"67956","김태현","2021","NC","KBO","https://www.koreabaseball.com/Record/Player/PitcherDetail/Total.aspx?playerId=67956"
"67956","김태현","2023","NC","KBO","https://www.koreabaseball.com/Record/Player/PitcherDetail/Total.aspx?playerId=67956"
"67956","김태현","2024","NC","KBO","https://www.koreabaseball.com/Record/Player/PitcherDetail/Total.aspx?playerId=67956"
"67956","김태현","2025","NC","KBO","https://www.koreabaseball.com/Record/Player/PitcherDetail/Total.aspx?playerId=67956"
"67962","소이현","2019","NC","KBO","https://www.koreabaseball.com/Record/Player/PitcherDetail/Total.aspx?playerId=67962"
"67962","소이현","2020","NC","KBO","https://www.koreabaseball.com/Record/Player/PitcherDetail/Total.aspx?playerId=67962"
"67962","소이현","2021","NC","KBO","https://www.koreabaseball.com/Record/Player/PitcherDetail/Total.aspx?playerId=67962"
"67962","소이현","2024","NC","KBO","https://www.koreabaseball.com/Record/Player/PitcherDetail/Total.aspx?playerId=67962"
"67962","소이현","2025","NC","KBO","https://www.koreabaseball.com/Record/Player/PitcherDetail/Total.aspx?playerId=67962"
"68043","김민","2018","KT","KBO","https://www.koreabaseball.com/Record/Player/PitcherDetail/Total.aspx?playerId=68043"
"68043","김민","2019","KT","KBO","https://www.koreabaseball.com/Record/Player/PitcherDetail/Total.aspx?playerId=68043"
"68043","김민","2020","KT","KBO","https://www.koreabaseball.com/Record/Player/PitcherDetail/Total.aspx?playerId=68043"
"68043","김민","2022","KT","KBO","https://www.koreabaseball.com/Record/Player/PitcherDetail/Total.aspx?playerId=68043"
"68043","김민","2023","KT","KBO","https://www.koreabaseball.com/Record/Player/PitcherDetail/Total.aspx?playerId=68043"
"68043","김민","2024","KT","KBO","https://www.koreabaseball.com/Record/Player/PitcherDetail/Total.aspx?playerId=68043"
"68043","김민","2025","SSG","KBO","https://www.koreabaseball.com/Record/Player/PitcherDetail/Total.aspx?playerId=68043"
"68050","강백호","2018","KT","KBO","https://www.koreabaseball.com/Record/Player/HitterDetail/Total.aspx?playerId=68050"
"68050","강백호","2019","KT","KBO","https://www.koreabaseball.com/Record/Player/HitterDetail/Total.aspx?playerId=68050"
"68050","강백호","2020","KT","KBO","https://www.koreabaseball.com/Record/Player/HitterDetail/Total.aspx?playerId=68050"
"68050","강백호","2021","KT","KBO","https://www.koreabaseball.com/Record/Player/HitterDetail/Total.aspx?playerId=68050"
"68050","강백호","2022","KT","KBO","https://www.koreabaseball.com/Record/Player/HitterDetail/Total.aspx?playerId=68050"
"68050","강백호","2023","KT","KBO","https://www.koreabaseball.com/Record/Player/HitterDetail/Total.aspx?playerId=68050"
"68050","강백호","2024","KT","KBO","https://www.koreabaseball.com/Record/Player/HitterDetail/Total.aspx?playerId=68050"
"68050","강백호","2025","KT","KBO","https://www.koreabaseball.com/Record/Player/HitterDetail/Total.aspx?playerId=68050"
"68067","신병률","2018","KT","KBO","https://www.koreabaseball.com/Record/Player/PitcherDetail/Total.aspx?playerId=68067"
"68089","조대현","2022","KT","KBO","https://www.koreabaseball.com/Record/Player/HitterDetail/Total.aspx?playerId=68089"
"68089","조대현","2024","KT","KBO","https://www.koreabaseball.com/Record/Player/HitterDetail/Total.aspx?playerId=68089"
"68089","조대현","2025","KT","KBO","https://www.koreabaseball.com/Record/Player/HitterDetail/Total.aspx?playerId=68089"
"68092","한두솔","2022","SSG","KBO","https://www.koreabaseball.com/Record/Player/PitcherDetail/Total.aspx?playerId=68092"
"68092","한두솔","2023","SSG","KBO","https://www.koreabaseball.com/Record/Player/PitcherDetail/Total.aspx?playerId=68092"
"68092","한두솔","2024","SSG","KBO","https://www.koreabaseball.com/Record/Player/PitcherDetail/Total.aspx?playerId=68092"
"68092","한두솔","2025","SSG","KBO","https://www.koreabaseball.com/Record/Player/PitcherDetail/Total.aspx?playerId=68092"
"68097","박주현","2024","NC","KBO","https://www.koreabaseball.com/Record/Player/PitcherDetail/Total.aspx?playerId=68097"
"68110","송찬의","2022","LG","KBO","https://www.koreabaseball.com/Record/Player/HitterDetail/Total.aspx?playerId=68110"
"68110","송찬의","2023","LG","KBO","https://www.koreabaseball.com/Record/Player/HitterDetail/Total.aspx?playerId=68110"
"68110","송찬의","2024","LG","KBO","https://www.koreabaseball.com/Record/Player/HitterDetail/Total.aspx?playerId=68110"
"68110","송찬의","2025","LG","KBO","https://www.koreabaseball.com/Record/Player/HitterDetail/Total.aspx?playerId=68110"
"68119","문성주","2018","LG","KBO","https://www.koreabaseball.com/Record/Player/HitterDetail/Total.aspx?playerId=68119"
"68119","문성주","2021","LG","KBO","https://www.koreabaseball.com/Record/Player/HitterDetail/Total.aspx?playerId=68119"
"68119","문성주","2022","LG","KBO","https://www.koreabaseball.com/Record/Player/HitterDetail/Total.aspx?playerId=68119"
"68119","문성주","2023","LG","KBO","https://www.koreabaseball.com/Record/Player/HitterDetail/Total.aspx?playerId=68119"
"68119","문성주","2024","LG","KBO","https://www.koreabaseball.com/Record/Player/HitterDetail/Total.aspx?playerId=68119"
"68119","문성주","2025","LG","KBO","https://www.koreabaseball.com/Record/Player/HitterDetail/Total.aspx?playerId=68119"
"68130","김영준","2018","LG","KBO","https://www.koreabaseball.com/Record/Player/PitcherDetail/Total.aspx?playerId=68130"
"68130","김영준","2022","LG","KBO","https://www.koreabaseball.com/Record/Player/PitcherDetail/Total.aspx?playerId=68130"
"68130","김영준","2023","LG","KBO","https://www.koreabaseball.com/Record/Player/PitcherDetail/Total.aspx?playerId=68130"
"68130","김영준","2024","LG","KBO","https://www.koreabaseball.com/Record/Player/PitcherDetail/Total.aspx?playerId=68130"
"68159","성동현","2018","LG","KBO","https://www.koreabaseball.com/Record/Player/PitcherDetail/Total.aspx?playerId=68159"
"68159","성동현","2023","LG","KBO","https://www.koreabaseball.com/Record/Player/PitcherDetail/Total.aspx?playerId=68159"
"68159","성동현","2024","LG","KBO","https://www.koreabaseball.com/Record/Player/PitcherDetail/Total.aspx?playerId=68159"
"68159","성동현","2025","LG","KBO","https://www.koreabaseball.com/Record/Player/PitcherDetail/Total.aspx?playerId=68159"
"68200","김민규","2018","두산","KBO","https://www.koreabaseball.com/Record/Player/PitcherDetail/Total.aspx?playerId=68200"
"68200","김민규","2019","두산","KBO","https://www.koreabaseball.com/Record/Player/PitcherDetail/Total.aspx?playerId=68200"
"68200","김민규","2020","두산","KBO","https://www.koreabaseball.com/Record/Player/PitcherDetail/Total.aspx?playerId=68200"
"68200","김민규","2021","두산","KBO","https://www.koreabaseball.com/Record/Player/PitcherDetail/Total.aspx?playerId=68200"
"68200","김민규","2023","두산","KBO","https://www.koreabaseball.com/Record/Player/PitcherDetail/Total.aspx?playerId=68200"
"68200","김민규","2024","두산","KBO","https://www.koreabaseball.com/Record/Player/PitcherDetail/Total.aspx?playerId=68200"
"68200","김민규","2025","두산","KBO","https://www.koreabaseball.com/Record/Player/PitcherDetail/Total.aspx?playerId=68200"
"68205","전민재","2018","두산","KBO","https://www.koreabaseball.com/Record/Player/HitterDetail/Total.aspx?playerId=68205"
"68205","전민재","2019","두산","KBO","https://www.koreabaseball.com/Record/Player/HitterDetail/Total.aspx?playerId=68205"
"68205","전민재","2021","두산","KBO","https://www.koreabaseball.com/Record/Player/HitterDetail/Total.aspx?playerId=68205"
"68205","전민재","2022","두산","KBO","https://www.koreabaseball.com/Record/Player/HitterDetail/Total.aspx?playerId=68205"
"68205","전민재","2023","두산","KBO","https://www.koreabaseball.com/Record/Player/HitterDetail/Total.aspx?playerId=68205"
"68205","전민재","2024","두산","KBO","https://www.koreabaseball.com/Record/Player/HitterDetail/Total.aspx?playerId=68205"
"68205","전민재","2025","롯데","KBO","https://www.koreabaseball.com/Record/Player/HitterDetail/Total.aspx?playerId=68205"
"68220","곽빈","2018","두산","KBO","https://www.koreabaseball.com/Record/Player/PitcherDetail/Total.aspx?playerId=68220"
"68220","곽빈","2021","두산","KBO","https://www.koreabaseball.com/Record/Player/PitcherDetail/Total.aspx?playerId=68220"
"68220","곽빈","2022","두산","KBO","https://www.koreabaseball.com/Record/Player/PitcherDetail/Total.aspx?playerId=68220"
"68220","곽빈","2023","두산","KBO","https://www.koreabaseball.com/Record/Player/PitcherDetail/Total.aspx?playerId=68220"
"68220","곽빈","2024","두산","KBO","https://www.koreabaseball.com/Record/Player/PitcherDetail/Total.aspx?playerId=68220"
"68220","곽빈","2025","두산","KBO","https://www.koreabaseball.com/Record/Player/PitcherDetail/Total.aspx?playerId=68220"
"68242","정철원","2022","두산","KBO","https://www.koreabaseball.com/Record/Player/PitcherDetail/Total.aspx?playerId=68242"
"68242","정철원","2023","두산","KBO","https://www.koreabaseball.com/Record/Player/PitcherDetail/Total.aspx?playerId=68242"
"68242","정철원","2024","두산","KBO","https://www.koreabaseball.com/Record/Player/PitcherDetail/Total.aspx?playerId=68242"
"68242","정철원","2025","롯데","KBO","https://www.koreabaseball.com/Record/Player/PitcherDetail/Total.aspx?playerId=68242"
"68249","박신지","2018","두산","KBO","https://www.koreabaseball.com/Record/Player/PitcherDetail/Total.aspx?playerId=68249"
"68249","박신지","2019","두산","KBO","https://www.koreabaseball.com/Record/Player/PitcherDetail/Total.aspx?playerId=68249"
"68249","박신지","2020","두산","KBO","https://www.koreabaseball.com/Record/Player/PitcherDetail/Total.aspx?playerId=68249"
"68249","박신지","2022","두산","KBO","https://www.koreabaseball.com/Record/Player/PitcherDetail/Total.aspx?playerId=68249"
"68249","박신지","2023","두산","KBO","https://www.koreabaseball.com/Record/Player/PitcherDetail/Total.aspx?playerId=68249"
"68249","박신지","2024","두산","KBO","https://www.koreabaseball.com/Record/Player/PitcherDetail/Total.aspx?playerId=68249"
"68249","박신지","2025","두산","KBO","https://www.koreabaseball.com/Record/Player/PitcherDetail/Total.aspx?playerId=68249"
"68260","현도훈","2018","두산","KBO","https://www.koreabaseball.com/Record/Player/PitcherDetail/Total.aspx?playerId=68260"
"68260","현도훈","2021","두산","KBO","https://www.koreabaseball.com/Record/Player/PitcherDetail/Total.aspx?playerId=68260"
"68260","현도훈","2024","롯데","KBO","https://www.koreabaseball.com/Record/Player/PitcherDetail/Total.aspx?playerId=68260"
"68269","김호준","2023","두산","KBO","https://www.koreabaseball.com/Record/Player/PitcherDetail/Total.aspx?playerId=68269"
"68269","김호준","2024","두산","KBO","https://www.koreabaseball.com/Record/Player/PitcherDetail/Total.aspx?playerId=68269"
"68269","김호준","2025","두산","KBO","https://www.koreabaseball.com/Record/Player/PitcherDetail/Total.aspx?playerId=68269"
"68305","변상권","2020","키움","KBO","https://www.koreabaseball.com/Record/Player/HitterDetail/Total.aspx?playerId=68305"
"68305","변상권","2021","키움","KBO","https://www.koreabaseball.com/Record/Player/HitterDetail/Total.aspx?playerId=68305"
"68305","변상권","2024","키움","KBO","https://www.koreabaseball.com/Record/Player/HitterDetail/Total.aspx?playerId=68305"
"68305","변상권","2025","키움","KBO","https://www.koreabaseball.com/Record/Player/HitterDetail/Total.aspx?playerId=68305"
"68341","안우진","2018","넥센","KBO","https://www.koreabaseball.com/Record/Player/PitcherDetail/Total.aspx?playerId=68341"
"68341","안우진","2019","키움","KBO","https://www.koreabaseball.com/Record/Player/PitcherDetail/Total.aspx?playerId=68341"
"68341","안우진","2020","키움","KBO","https://www.koreabaseball.com/Record/Player/PitcherDetail/Total.aspx?playerId=68341"
"68341","안우진","2021","키움","KBO","https://www.koreabaseball.com/Record/Player/PitcherDetail/Total.aspx?playerId=68341"
"68341","안우진","2022","키움","KBO","https://www.koreabaseball.com/Record/Player/PitcherDetail/Total.aspx?playerId=68341"
"68341","안우진","2023","키움","KBO","https://www.koreabaseball.com/Record/Player/PitcherDetail/Total.aspx?playerId=68341"
"68362","추재현","2019","키움","KBO","https://www.koreabaseball.com/Record/Player/HitterDetail/Total.aspx?playerId=68362"
"68362","추재현","2020","롯데","KBO","https://www.koreabaseball.com/Record/Player/HitterDetail/Total.aspx?playerId=68362"
"68362","추재현","2021","롯데","KBO","https://www.koreabaseball.com/Record/Player/HitterDetail/Total.aspx?playerId=68362"
"68362","추재현","2022","롯데","KBO","https://www.koreabaseball.com/Record/Player/HitterDetail/Total.aspx?playerId=68362"
"68362","추재현","2024","롯데","KBO","https://www.koreabaseball.com/Record/Player/HitterDetail/Total.aspx?playerId=68362"
"68362","추재현","2025","두산","KBO","https://www.koreabaseball.com/Record/Player/HitterDetail/Total.aspx?playerId=68362"
"68403","김무신","2019","삼성","KBO","https://www.koreabaseball.com/Record/Player/PitcherDetail/Total.aspx?playerId=68403"
"68403","김무신","2020","삼성","KBO","https://www.koreabaseball.com/Record/Player/PitcherDetail/Total.aspx?playerId=68403"
"68403","김무신","2021","삼성","KBO","https://www.koreabaseball.com/Record/Player/PitcherDetail/Total.aspx?playerId=68403"
"68403","김무신","2022","삼성","KBO","https://www.koreabaseball.com/Record/Player/PitcherDetail/Total.aspx?playerId=68403"
"68403","김무신","2024","삼성","KBO","https://www.koreabaseball.com/Record/Player/PitcherDetail/Total.aspx?playerId=68403"
"68407","공민규","2019","삼성","KBO","https://www.koreabaseball.com/Record/Player/HitterDetail/Total.aspx?playerId=68407"
"68407","공민규","2022","삼성","KBO","https://www.koreabaseball.com/Record/Player/HitterDetail/Total.aspx?playerId=68407"
"68407","공민규","2023","삼성","KBO","https://www.koreabaseball.com/Record/Player/HitterDetail/Total.aspx?playerId=68407"
"68407","공민규","2024","삼성","KBO","https://www.koreabaseball.com/Record/Player/HitterDetail/Total.aspx?playerId=68407"
"68415","양창섭","2018","삼성","KBO","https://www.koreabaseball.com/Record/Player/PitcherDetail/Total.aspx?playerId=68415"
"68415","양창섭","2020","삼성","KBO","https://www.koreabaseball.com/Record/Player/PitcherDetail/Total.aspx?playerId=68415"
"68415","양창섭","2021","삼성","KBO","https://www.koreabaseball.com/Record/Player/PitcherDetail/Total.aspx?playerId=68415"
"68415","양창섭","2022","삼성","KBO","https://www.koreabaseball.com/Record/Player/PitcherDetail/Total.aspx?playerId=68415"
"68415","양창섭","2023","삼성","KBO","https://www.koreabaseball.com/Record/Player/PitcherDetail/Total.aspx?playerId=68415"
"68415","양창섭","2025","삼성","KBO","https://www.koreabaseball.com/Record/Player/PitcherDetail/Total.aspx?playerId=68415"
"68419","최채흥","2018","삼성","KBO","https://www.koreabaseball.com/Record/Player/PitcherDetail/Total.aspx?playerId=68419"
"68419","최채흥","2019","삼성","KBO","https://www.koreabaseball.com/Record/Player/PitcherDetail/Total.aspx?playerId=68419"
"68419","최채흥","2020","삼성","KBO","https://www.koreabaseball.com/Record/Player/PitcherDetail/Total.aspx?playerId=68419"
"68419","최채흥","2021","삼성","KBO","https://www.koreabaseball.com/Record/Player/PitcherDetail/Total.aspx?playerId=68419"
"68419","최채흥","2023","삼성","KBO","https://www.koreabaseball.com/Record/Player/PitcherDetail/Total.aspx?playerId=68419"
"68419","최채흥","2024","삼성","KBO","https://www.koreabaseball.com/Record/Player/PitcherDetail/Total.aspx?playerId=68419"
"68419","최채흥","2025","LG","KBO","https://www.koreabaseball.com/Record/Player/PitcherDetail/Total.aspx?playerId=68419"
"68463","윤정빈","2022","삼성","KBO","https://www.koreabaseball.com/Record/Player/HitterDetail/Total.aspx?playerId=68463"
"68463","윤정빈","2023","삼성","KBO","https://www.koreabaseball.com/Record/Player/HitterDetail/Total.aspx?playerId=68463"
"68463","윤정빈","2024","삼성","KBO","https://www.koreabaseball.com/Record/Player/HitterDetail/Total.aspx?playerId=68463"
"68463","윤정빈","2025","삼성","KBO","https://www.koreabaseball.com/Record/Player/HitterDetail/Total.aspx?playerId=68463"
"68501","최하늘","2019","롯데","KBO","https://www.koreabaseball.com/Record/Player/PitcherDetail/Total.aspx?playerId=68501"
"68501","최하늘","2022","삼성","KBO","https://www.koreabaseball.com/Record/Player/PitcherDetail/Total.aspx?playerId=68501"
"68501","최하늘","2023","삼성","KBO","https://www.koreabaseball.com/Record/Player/PitcherDetail/Total.aspx?playerId=68501"
"68501","최하늘","2024","삼성","KBO","https://www.koreabaseball.com/Record/Player/PitcherDetail/Total.aspx?playerId=68501"
"68504","이호연","2020","롯데","KBO","https://www.koreabaseball.com/Record/Player/HitterDetail/Total.aspx?playerId=68504"
"68504","이호연","2021","롯데","KBO","https://www.koreabaseball.com/Record/Player/HitterDetail/Total.aspx?playerId=68504"
"68504","이호연","2022","롯데","KBO","https://www.koreabaseball.com/Record/Player/HitterDetail/Total.aspx?playerId=68504"
"68504","이호연","2023","KT","KBO","https://www.koreabaseball.com/Record/Player/HitterDetail/Total.aspx?playerId=68504"
"68504","이호연","2024","KT","KBO","https://www.koreabaseball.com/Record/Player/HitterDetail/Total.aspx?playerId=68504"
"68504","이호연","2025","KT","KBO","https://www.koreabaseball.com/Record/Player/HitterDetail/Total.aspx?playerId=68504"
"68507","장두성","2021","롯데","KBO","https://www.koreabaseball.com/Record/Player/HitterDetail/Total.aspx?playerId=68507"
"68507","장두성","2022","롯데","KBO","https://www.koreabaseball.com/Record/Player/HitterDetail/Total.aspx?playerId=68507"
"68507","장두성","2023","롯데","KBO","https://www.koreabaseball.com/Record/Player/HitterDetail/Total.aspx?playerId=68507"
"68507","장두성","2024","롯데","KBO","https://www.koreabaseball.com/Record/Player/HitterDetail/Total.aspx?playerId=68507"
"68507","장두성","2025","롯데","KBO","https://www.koreabaseball.com/Record/Player/HitterDetail/Total.aspx?playerId=68507"
"68518","정보근","2019","롯데","KBO","https://www.koreabaseball.com/Record/Player/HitterDetail/Total.aspx?playerId=68518"
"68518","정보근","2020","롯데","KBO","https://www.koreabaseball.com/Record/Player/HitterDetail/Total.aspx?playerId=68518"
"68518","정보근","2021","롯데","KBO","https://www.koreabaseball.com/Record/Player/HitterDetail/Total.aspx?playerId=68518"
"68518","정보근","2022","롯데","KBO","https://www.koreabaseball.com/Record/Player/HitterDetail/Total.aspx?playerId=68518"
"68518","정보근","2023","롯데","KBO","https://www.koreabaseball.com/Record/Player/HitterDetail/Total.aspx?playerId=68518"
"68518","정보근","2024","롯데","KBO","https://www.koreabaseball.com/Record/Player/HitterDetail/Total.aspx?playerId=68518"
"68518","정보근","2025","롯데","KBO","https://www.koreabaseball.com/Record/Player/HitterDetail/Total.aspx?playerId=68518"
"68556","정성종","2018","롯데","KBO","https://www.koreabaseball.com/Record/Player/PitcherDetail/Total.aspx?playerId=68556"
"68556","정성종","2019","롯데","KBO","https://www.koreabaseball.com/Record/Player/PitcherDetail/Total.aspx?playerId=68556"
"68556","정성종","2021","롯데","KBO","https://www.koreabaseball.com/Record/Player/PitcherDetail/Total.aspx?playerId=68556"
"68556","정성종","2022","롯데","KBO","https://www.koreabaseball.com/Record/Player/PitcherDetail/Total.aspx?playerId=68556"
"68556","정성종","2023","롯데","KBO","https://www.koreabaseball.com/Record/Player/PitcherDetail/Total.aspx?playerId=68556"
"68556","정성종","2025","롯데","KBO","https://www.koreabaseball.com/Record/Player/PitcherDetail/Total.aspx?playerId=68556"
"68585","김도규","2021","롯데","KBO","https://www.koreabaseball.com/Record/Player/PitcherDetail/Total.aspx?playerId=68585"
"68585","김도규","2022","롯데","KBO","https://www.koreabaseball.com/Record/Player/PitcherDetail/Total.aspx?playerId=68585"
"68585","김도규","2023","롯데","KBO","https://www.koreabaseball.com/Record/Player/PitcherDetail/Total.aspx?playerId=68585"
"68585","김도규","2024","롯데","KBO","https://www.koreabaseball.com/Record/Player/PitcherDetail/Total.aspx?playerId=68585"
"68619","윤중현","2021","KIA","KBO","https://www.koreabaseball.com/Record/Player/PitcherDetail/Total.aspx?playerId=68619"
"68619","윤중현","2022","KIA","KBO","https://www.koreabaseball.com/Record/Player/PitcherDetail/Total.aspx?playerId=68619"
"68619","윤중현","2023","KIA","KBO","https://www.koreabaseball.com/Record/Player/PitcherDetail/Total.aspx?playerId=68619"
"68619","윤중현","2024","KIA","KBO","https://www.koreabaseball.com/Record/Player/PitcherDetail/Total.aspx?playerId=68619"
"68619","윤중현","2025","KIA","KBO","https://www.koreabaseball.com/Record/Player/PitcherDetail/Total.aspx?playerId=68619"
"68639","하준영","2018","KIA","KBO","https://www.koreabaseball.com/Record/Player/PitcherDetail/Total.aspx?playerId=68639"
"68639","하준영","2019","KIA","KBO","https://www.koreabaseball.com/Record/Player/PitcherDetail/Total.aspx?playerId=68639"
"68639","하준영","2022","NC","KBO","https://www.koreabaseball.com/Record/Player/PitcherDetail/Total.aspx?playerId=68639"
"68639","하준영","2023","NC","KBO","https://www.koreabaseball.com/Record/Player/PitcherDetail/Total.aspx?playerId=68639"
"68639","하준영","2025","NC","KBO","https://www.koreabaseball.com/Record/Player/PitcherDetail/Total.aspx?playerId=68639"
"68646","한준수","2019","KIA","KBO","https://www.koreabaseball.com/Record/Player/HitterDetail/Total.aspx?playerId=68646"
"68646","한준수","2023","KIA","KBO","https://www.koreabaseball.com/Record/Player/HitterDetail/Total.aspx?playerId=68646"
"68646","한준수","2024","KIA","KBO","https://www.koreabaseball.com/Record/Player/HitterDetail/Total.aspx?playerId=68646"
"68646","한준수","2025","KIA","KBO","https://www.koreabaseball.com/Record/Player/HitterDetail/Total.aspx?playerId=68646"
"68700","이원석","2019","한화","KBO","https://www.koreabaseball.com/Record/Player/HitterDetail/Total.aspx?playerId=68700"
"68700","이원석","2021","한화","KBO","https://www.koreabaseball.com/Record/Player/HitterDetail/Total.aspx?playerId=68700"
"68700","이원석","2022","한화","KBO","https://www.koreabaseball.com/Record/Player/HitterDetail/Total.aspx?playerId=68700"
"68700","이원석","2023","한화","KBO","https://www.koreabaseball.com/Record/Player/HitterDetail/Total.aspx?playerId=68700"
"68700","이원석","2024","한화","KBO","https://www.koreabaseball.com/Record/Player/HitterDetail/Total.aspx?playerId=68700"
"68700","이원석","2025","한화","KBO","https://www.koreabaseball.com/Record/Player/HitterDetail/Total.aspx?playerId=68700"
"68830","김정우","2019","SK","KBO","https://www.koreabaseball.com/Record/Player/PitcherDetail/Total.aspx?playerId=68830"
"68830","김정우","2023","두산","KBO","https://www.koreabaseball.com/Record/Player/PitcherDetail/Total.aspx?playerId=68830"
"68830","김정우","2024","두산","KBO","https://www.koreabaseball.com/Record/Player/PitcherDetail/Total.aspx?playerId=68830"
"68830","김정우","2025","두산","KBO","https://www.koreabaseball.com/Record/Player/PitcherDetail/Total.aspx?playerId=68830"
"68856","최민준","2018","SK","KBO","https://www.koreabaseball.com/Record/Player/PitcherDetail/Total.aspx?playerId=68856"
"68856","최민준","2021","SSG","KBO","https://www.koreabaseball.com/Record/Player/PitcherDetail/Total.aspx?playerId=68856"
"68856","최민준","2022","SSG","KBO","https://www.koreabaseball.com/Record/Player/PitcherDetail/Total.aspx?playerId=68856"
"68856","최민준","2023","SSG","KBO","https://www.koreabaseball.com/Record/Player/PitcherDetail/Total.aspx?playerId=68856"
"68856","최민준","2024","SSG","KBO","https://www.koreabaseball.com/Record/Player/PitcherDetail/Total.aspx?playerId=68856"
"68856","최민준","2025","SSG","KBO","https://www.koreabaseball.com/Record/Player/PitcherDetail/Total.aspx?playerId=68856"
"68868","최준우","2019","SK","KBO","https://www.koreabaseball.com/Record/Player/HitterDetail/Total.aspx?playerId=68868"
"68868","최준우","2020","SK","KBO","https://www.koreabaseball.com/Record/Player/HitterDetail/Total.aspx?playerId=68868"
"68868","최준우","2022","SSG","KBO","https://www.koreabaseball.com/Record/Player/HitterDetail/Total.aspx?playerId=68868"
"68868","최준우","2023","SSG","KBO","https://www.koreabaseball.com/Record/Player/HitterDetail/Total.aspx?playerId=68868"
"68868","최준우","2024","SSG","KBO","https://www.koreabaseball.com/Record/Player/HitterDetail/Total.aspx?playerId=68868"
"68868","최준우","2025","SSG","KBO","https://www.koreabaseball.com/Record/Player/HitterDetail/Total.aspx?playerId=68868"
"68896","이채호","2021","SSG","KBO","https://www.koreabaseball.com/Record/Player/PitcherDetail/Total.aspx?playerId=68896"
"68896","이채호","2022","KT","KBO","https://www.koreabaseball.com/Record/Player/PitcherDetail/Total.aspx?playerId=68896"
"68896","이채호","2023","KT","KBO","https://www.koreabaseball.com/Record/Player/PitcherDetail/Total.aspx?playerId=68896"
"68896","이채호","2024","KT","KBO","https://www.koreabaseball.com/Record/Player/PitcherDetail/Total.aspx?playerId=68896"
"68896","이채호","2025","KT","KBO","https://www.koreabaseball.com/Record/Player/PitcherDetail/Total.aspx?playerId=68896"
"68900","김영규","2019","NC","KBO","https://www.koreabaseball.com/Record/Player/PitcherDetail/Total.aspx?playerId=68900"
"68900","김영규","2020","NC","KBO","https://www.koreabaseball.com/Record/Player/PitcherDetail/Total.aspx?playerId=68900"
"68900","김영규","2021","NC","KBO","https://www.koreabaseball.com/Record/Player/PitcherDetail/Total.aspx?playerId=68900"
"68900","김영규","2022","NC","KBO","https://www.koreabaseball.com/Record/Player/PitcherDetail/Total.aspx?playerId=68900"
"68900","김영규","2023","NC","KBO","https://www.koreabaseball.com/Record/Player/PitcherDetail/Total.aspx?playerId=68900"
"68900","김영규","2024","NC","KBO","https://www.koreabaseball.com/Record/Player/PitcherDetail/Total.aspx?playerId=68900"
"68900","김영규","2025","NC","KBO","https://www.koreabaseball.com/Record/Player/PitcherDetail/Total.aspx?playerId=68900"
"68902","신민혁","2020","NC","KBO","https://www.koreabaseball.com/Record/Player/PitcherDetail/Total.aspx?playerId=68902"
"68902","신민혁","2021","NC","KBO","https://www.koreabaseball.com/Record/Player/PitcherDetail/Total.aspx?playerId=68902"
"68902","신민혁","2022","NC","KBO","https://www.koreabaseball.com/Record/Player/PitcherDetail/Total.aspx?playerId=68902"
"68902","신민혁","2023","NC","KBO","https://www.koreabaseball.com/Record/Player/PitcherDetail/Total.aspx?playerId=68902"
"68902","신민혁","2024","NC","KBO","https://www.koreabaseball.com/Record/Player/PitcherDetail/Total.aspx?playerId=68902"
"68902","신민혁","2025","NC","KBO","https://www.koreabaseball.com/Record/Player/PitcherDetail/Total.aspx?playerId=68902"
"68904","오영수","2018","NC","KBO","https://www.koreabaseball.com/Record/Player/HitterDetail/Total.aspx?playerId=68904"
"68904","오영수","2019","NC","KBO","https://www.koreabaseball.com/Record/Player/HitterDetail/Total.aspx?playerId=68904"
"68904","오영수","2022","NC","KBO","https://www.koreabaseball.com/Record/Player/HitterDetail/Total.aspx?playerId=68904"
"68904","오영수","2023","NC","KBO","https://www.koreabaseball.com/Record/Player/HitterDetail/Total.aspx?playerId=68904"
"68904","오영수","2024","NC","KBO","https://www.koreabaseball.com/Record/Player/HitterDetail/Total.aspx?playerId=68904"
"68904","오영수","2025","NC","KBO","https://www.koreabaseball.com/Record/Player/HitterDetail/Total.aspx?playerId=68904"
"68912","김형준","2018","NC","KBO","https://www.koreabaseball.com/Record/Player/HitterDetail/Total.aspx?playerId=68912"
"68912","김형준","2019","NC","KBO","https://www.koreabaseball.com/Record/Player/HitterDetail/Total.aspx?playerId=68912"
"68912","김형준","2020","NC","KBO","https://www.koreabaseball.com/Record/Player/HitterDetail/Total.aspx?playerId=68912"
"68912","김형준","2023","NC","KBO","https://www.koreabaseball.com/Record/Player/HitterDetail/Total.aspx?playerId=68912"
"68912","김형준","2024","NC","KBO","https://www.koreabaseball.com/Record/Player/HitterDetail/Total.aspx?playerId=68912"
"68912","김형준","2025","NC","KBO","https://www.koreabaseball.com/Record/Player/HitterDetail/Total.aspx?playerId=68912"
"68928","김시훈","2022","NC","KBO","https://www.koreabaseball.com/Record/Player/PitcherDetail/Total.aspx?playerId=68928"
"68928","김시훈","2023","NC","KBO","https://www.koreabaseball.com/Record/Player/PitcherDetail/Total.aspx?playerId=68928"
"68928","김시훈","2024","NC","KBO","https://www.koreabaseball.com/Record/Player/PitcherDetail/Total.aspx?playerId=68928"
"68928","김시훈","2025","KIA","KBO","https://www.koreabaseball.com/Record/Player/PitcherDetail/Total.aspx?playerId=68928"
"69041","손동현","2019","KT","KBO","https://www.koreabaseball.com/Record/Player/PitcherDetail/Total.aspx?playerId=69041"
"69041","손동현","2020","KT","KBO","https://www.koreabaseball.com/Record/Player/PitcherDetail/Total.aspx?playerId=69041"
"69041","손동현","2023","KT","KBO","https://www.koreabaseball.com/Record/Player/PitcherDetail/Total.aspx?playerId=69041"
"69041","손동현","2024","KT","KBO","https://www.koreabaseball.com/Record/Player/PitcherDetail/Total.aspx?playerId=69041"
"69041","손동현","2025","KT","KBO","https://www.koreabaseball.com/Record/Player/PitcherDetail/Total.aspx?playerId=69041"
"69045","알칸타라","2019","KT","KBO","https://www.koreabaseball.com/Record/Player/PitcherDetail/Total.aspx?playerId=69045"
"69045","알칸타라","2020","두산","KBO","https://www.koreabaseball.com/Record/Player/PitcherDetail/Total.aspx?playerId=69045"
"69045","알칸타라","2023","두산","KBO","https://www.koreabaseball.com/Record/Player/PitcherDetail/Total.aspx?playerId=69045"
"69045","알칸타라","2024","두산","KBO","https://www.koreabaseball.com/Record/Player/PitcherDetail/Total.aspx?playerId=69045"
"69045","알칸타라","2025","키움","KBO","https://www.koreabaseball.com/Record/Player/PitcherDetail/Total.aspx?playerId=69045"
"69047","전용주","2019","KT","KBO","https://www.koreabaseball.com/Record/Player/PitcherDetail/Total.aspx?playerId=69047"
"69047","전용주","2023","KT","KBO","https://www.koreabaseball.com/Record/Player/PitcherDetail/Total.aspx?playerId=69047"
"69047","전용주","2024","KT","KBO","https://www.koreabaseball.com/Record/Player/PitcherDetail/Total.aspx?playerId=69047"
"69047","전용주","2025","KT","KBO","https://www.koreabaseball.com/Record/Player/PitcherDetail/Total.aspx?playerId=69047"
"69054","이상동","2019","KT","KBO","https://www.koreabaseball.com/Record/Player/PitcherDetail/Total.aspx?playerId=69054"
"69054","이상동","2020","KT","KBO","https://www.koreabaseball.com/Record/Player/PitcherDetail/Total.aspx?playerId=69054"
"69054","이상동","2021","KT","KBO","https://www.koreabaseball.com/Record/Player/PitcherDetail/Total.aspx?playerId=69054"
"69054","이상동","2023","KT","KBO","https://www.koreabaseball.com/Record/Player/PitcherDetail/Total.aspx?playerId=69054"
"69054","이상동","2024","KT","KBO","https://www.koreabaseball.com/Record/Player/PitcherDetail/Total.aspx?playerId=69054"
"69054","이상동","2025","KT","KBO","https://www.koreabaseball.com/Record/Player/PitcherDetail/Total.aspx?playerId=69054"
"69056","박민석","2019","KT","KBO","https://www.koreabaseball.com/Record/Player/HitterDetail/Total.aspx?playerId=69056"
"69056","박민석","2023","KT","KBO","https://www.koreabaseball.com/Record/Player/HitterDetail/Total.aspx?playerId=69056"
"69056","박민석","2024","KT","KBO","https://www.koreabaseball.com/Record/Player/HitterDetail/Total.aspx?playerId=69056"
"69056","박민석","2025","KT","KBO","https://www.koreabaseball.com/Record/Player/HitterDetail/Total.aspx?playerId=69056"
"69064","강민성","2023","KT","KBO","https://www.koreabaseball.com/Record/Player/HitterDetail/Total.aspx?playerId=69064"
"69064","강민성","2024","KT","KBO","https://www.koreabaseball.com/Record/Player/HitterDetail/Total.aspx?playerId=69064"
"69064","강민성","2025","KT","KBO","https://www.koreabaseball.com/Record/Player/HitterDetail/Total.aspx?playerId=69064"
"69068","이선우","2019","KT","KBO","https://www.koreabaseball.com/Record/Player/PitcherDetail/Total.aspx?playerId=69068"
"69068","이선우","2020","KT","KBO","https://www.koreabaseball.com/Record/Player/PitcherDetail/Total.aspx?playerId=69068"
"69068","이선우","2023","KT","KBO","https://www.koreabaseball.com/Record/Player/PitcherDetail/Total.aspx?playerId=69068"
"69068","이선우","2024","KT","KBO","https://www.koreabaseball.com/Record/Player/PitcherDetail/Total.aspx?playerId=69068"
"69100","구본혁","2019","LG","KBO","https://www.koreabaseball.com/Record/Player/HitterDetail/Total.aspx?playerId=69100"
"69100","구본혁","2020","LG","KBO","https://www.koreabaseball.com/Record/Player/HitterDetail/Total.aspx?playerId=69100"
"69100","구본혁","2021","LG","KBO","https://www.koreabaseball.com/Record/Player/HitterDetail/Total.aspx?playerId=69100"
"69100","구본혁","2024","LG","KBO","https://www.koreabaseball.com/Record/Player/HitterDetail/Total.aspx?playerId=69100"
"69100","구본혁","2025","LG","KBO","https://www.koreabaseball.com/Record/Player/HitterDetail/Total.aspx?playerId=69100"
"69102","문보경","2021","LG","KBO","https://www.koreabaseball.com/Record/Player/HitterDetail/Total.aspx?playerId=69102"
"69102","문보경","2022","LG","KBO","https://www.koreabaseball.com/Record/Player/HitterDetail/Total.aspx?playerId=69102"
"69102","문보경","2023","LG","KBO","https://www.koreabaseball.com/Record/Player/HitterDetail/Total.aspx?playerId=69102"
"69102","문보경","2024","LG","KBO","https://www.koreabaseball.com/Record/Player/HitterDetail/Total.aspx?playerId=69102"
"69102","문보경","2025","LG","KBO","https://www.koreabaseball.com/Record/Player/HitterDetail/Total.aspx?playerId=69102"
"69105","김성진","2024","LG","KBO","https://www.koreabaseball.com/Record/Player/HitterDetail/Total.aspx?playerId=69105"
"69108","이지강","2022","LG","KBO","https://www.koreabaseball.com/Record/Player/PitcherDetail/Total.aspx?playerId=69108"
"69108","이지강","2023","LG","KBO","https://www.koreabaseball.com/Record/Player/PitcherDetail/Total.aspx?playerId=69108"
"69108","이지강","2024","LG","KBO","https://www.koreabaseball.com/Record/Player/PitcherDetail/Total.aspx?playerId=69108"
"69108","이지강","2025","LG","KBO","https://www.koreabaseball.com/Record/Player/PitcherDetail/Total.aspx?playerId=69108"
"69113","임준형","2021","LG","KBO","https://www.koreabaseball.com/Record/Player/PitcherDetail/Total.aspx?playerId=69113"
"69113","임준형","2022","LG","KBO","https://www.koreabaseball.com/Record/Player/PitcherDetail/Total.aspx?playerId=69113"
"69113","임준형","2024","LG","KBO","https://www.koreabaseball.com/Record/Player/PitcherDetail/Total.aspx?playerId=69113"
"69113","임준형","2025","KT","KBO","https://www.koreabaseball.com/Record/Player/PitcherDetail/Total.aspx?playerId=69113"
"69134","이정용","2020","LG","KBO","https://www.koreabaseball.com/Record/Player/PitcherDetail/Total.aspx?playerId=69134"
"69134","이정용","2021","LG","KBO","https://www.koreabaseball.com/Record/Player/PitcherDetail/Total.aspx?playerId=69134"
"69134","이정용","2022","LG","KBO","https://www.koreabaseball.com/Record/Player/PitcherDetail/Total.aspx?playerId=69134"
"69134","이정용","2023","LG","KBO","https://www.koreabaseball.com/Record/Player/PitcherDetail/Total.aspx?playerId=69134"
"69134","이정용","2025","LG","KBO","https://www.koreabaseball.com/Record/Player/PitcherDetail/Total.aspx?playerId=69134"
"69159","정우영","2019","LG","KBO","https://www.koreabaseball.com/Record/Player/PitcherDetail/Total.aspx?playerId=69159"
"69159","정우영","2020","LG","KBO","https://www.koreabaseball.com/Record/Player/PitcherDetail/Total.aspx?playerId=69159"
"69159","정우영","2021","LG","KBO","https://www.koreabaseball.com/Record/Player/PitcherDetail/Total.aspx?playerId=69159"
"69159","정우영","2022","LG","KBO","https://www.koreabaseball.com/Record/Player/PitcherDetail/Total.aspx?playerId=69159"
"69159","정우영","2023","LG","KBO","https://www.koreabaseball.com/Record/Player/PitcherDetail/Total.aspx?playerId=69159"
"69159","정우영","2024","LG","KBO","https://www.koreabaseball.com/Record/Player/PitcherDetail/Total.aspx?playerId=69159"
"69159","정우영","2025","LG","KBO","https://www.koreabaseball.com/Record/Player/PitcherDetail/Total.aspx?playerId=69159"
"69203","송승환","2019","두산","KBO","https://www.koreabaseball.com/Record/Player/HitterDetail/Total.aspx?playerId=69203"
"69203","송승환","2022","두산","KBO","https://www.koreabaseball.com/Record/Player/HitterDetail/Total.aspx?playerId=69203"
"69203","송승환","2023","두산","KBO","https://www.koreabaseball.com/Record/Player/HitterDetail/Total.aspx?playerId=69203"
"69203","송승환","2024","NC","KBO","https://www.koreabaseball.com/Record/Player/HitterDetail/Total.aspx?playerId=69203"
"69203","송승환","2025","NC","KBO","https://www.koreabaseball.com/Record/Player/HitterDetail/Total.aspx?playerId=69203"
"69204","전루건","2022","두산","KBO","https://www.koreabaseball.com/Record/Player/PitcherDetail/Total.aspx?playerId=69204"
"69204","전루건","2024","NC","KBO","https://www.koreabaseball.com/Record/Player/PitcherDetail/Total.aspx?playerId=69204"
"69205","이교훈","2020","두산","KBO","https://www.koreabaseball.com/Record/Player/PitcherDetail/Total.aspx?playerId=69205"
"69205","이교훈","2021","두산","KBO","https://www.koreabaseball.com/Record/Player/PitcherDetail/Total.aspx?playerId=69205"
"69205","이교훈","2024","두산","KBO","https://www.koreabaseball.com/Record/Player/PitcherDetail/Total.aspx?playerId=69205"
"69205","이교훈","2025","두산","KBO","https://www.koreabaseball.com/Record/Player/PitcherDetail/Total.aspx?playerId=69205"
"69207","김태근","2019","두산","KBO","https://www.koreabaseball.com/Record/Player/HitterDetail/Total.aspx?playerId=69207"
"69207","김태근","2022","두산","KBO","https://www.koreabaseball.com/Record/Player/HitterDetail/Total.aspx?playerId=69207"
"69207","김태근","2023","두산","KBO","https://www.koreabaseball.com/Record/Player/HitterDetail/Total.aspx?playerId=69207"
"69207","김태근","2024","두산","KBO","https://www.koreabaseball.com/Record/Player/HitterDetail/Total.aspx?playerId=69207"
"69207","김태근","2025","삼성","KBO","https://www.koreabaseball.com/Record/Player/HitterDetail/Total.aspx?playerId=69207"
"69213","윤산흠","2021","한화","KBO","https://www.koreabaseball.com/Record/Player/PitcherDetail/Total.aspx?playerId=69213"
"69213","윤산흠","2022","한화","KBO","https://www.koreabaseball.com/Record/Player/PitcherDetail/Total.aspx?playerId=69213"
"69213","윤산흠","2023","한화","KBO","https://www.koreabaseball.com/Record/Player/PitcherDetail/Total.aspx?playerId=69213"
"69213","윤산흠","2025","한화","KBO","https://www.koreabaseball.com/Record/Player/PitcherDetail/Total.aspx?playerId=69213"
"69238","김대한","2019","두산","KBO","https://www.koreabaseball.com/Record/Player/HitterDetail/Total.aspx?playerId=69238"
"69238","김대한","2022","두산","KBO","https://www.koreabaseball.com/Record/Player/HitterDetail/Total.aspx?playerId=69238"
"69238","김대한","2023","두산","KBO","https://www.koreabaseball.com/Record/Player/HitterDetail/Total.aspx?playerId=69238"
"69238","김대한","2024","두산","KBO","https://www.koreabaseball.com/Record/Player/HitterDetail/Total.aspx?playerId=69238"
"69238","김대한","2025","두산","KBO","https://www.koreabaseball.com/Record/Player/HitterDetail/Total.aspx?playerId=69238"
"69328","박주성","2019","키움","KBO","https://www.koreabaseball.com/Record/Player/PitcherDetail/Total.aspx?playerId=69328"
"69328","박주성","2020","키움","KBO","https://www.koreabaseball.com/Record/Player/PitcherDetail/Total.aspx?playerId=69328"
"69328","박주성","2021","키움","KBO","https://www.koreabaseball.com/Record/Player/PitcherDetail/Total.aspx?playerId=69328"
"69328","박주성","2022","키움","KBO","https://www.koreabaseball.com/Record/Player/PitcherDetail/Total.aspx?playerId=69328"
"69328","박주성","2025","키움","KBO","https://www.koreabaseball.com/Record/Player/PitcherDetail/Total.aspx?playerId=69328"
"69332","주성원","2023","키움","KBO","https://www.koreabaseball.com/Record/Player/HitterDetail/Total.aspx?playerId=69332"
"69332","주성원","2024","키움","KBO","https://www.koreabaseball.com/Record/Player/HitterDetail/Total.aspx?playerId=69332"
"69332","주성원","2025","키움","KBO","https://www.koreabaseball.com/Record/Player/HitterDetail/Total.aspx?playerId=69332"
"69360","조영건","2019","키움","KBO","https://www.koreabaseball.com/Record/Player/PitcherDetail/Total.aspx?playerId=69360"
"69360","조영건","2020","키움","KBO","https://www.koreabaseball.com/Record/Player/PitcherDetail/Total.aspx?playerId=69360"
"69360","조영건","2021","키움","KBO","https://www.koreabaseball.com/Record/Player/PitcherDetail/Total.aspx?playerId=69360"
"69360","조영건","2023","키움","KBO","https://www.koreabaseball.com/Record/Player/PitcherDetail/Total.aspx?playerId=69360"
"69360","조영건","2024","키움","KBO","https://www.koreabaseball.com/Record/Player/PitcherDetail/Total.aspx?playerId=69360"
"69360","조영건","2025","키움","KBO","https://www.koreabaseball.com/Record/Player/PitcherDetail/Total.aspx?playerId=69360"
"69367","김인범","2021","키움","KBO","https://www.koreabaseball.com/Record/Player/PitcherDetail/Total.aspx?playerId=69367"
"69367","김인범","2024","키움","KBO","https://www.koreabaseball.com/Record/Player/PitcherDetail/Total.aspx?playerId=69367"
"69403","양우현","2019","삼성","KBO","https://www.koreabaseball.com/Record/Player/HitterDetail/Total.aspx?playerId=69403"
"69403","양우현","2020","삼성","KBO","https://www.koreabaseball.com/Record/Player/HitterDetail/Total.aspx?playerId=69403"
"69403","양우현","2024","삼성","KBO","https://www.koreabaseball.com/Record/Player/HitterDetail/Total.aspx?playerId=69403"
"69403","양우현","2025","삼성","KBO","https://www.koreabaseball.com/Record/Player/HitterDetail/Total.aspx?playerId=69403"
"69416","이해승","2022","삼성","KBO","https://www.koreabaseball.com/Record/Player/HitterDetail/Total.aspx?playerId=69416"
"69416","이해승","2023","삼성","KBO","https://www.koreabaseball.com/Record/Player/HitterDetail/Total.aspx?playerId=69416"
"69416","이해승","2025","삼성","KBO","https://www.koreabaseball.com/Record/Player/HitterDetail/Total.aspx?playerId=69416"
"69418","박승규","2019","삼성","KBO","https://www.koreabaseball.com/Record/Player/HitterDetail/Total.aspx?playerId=69418"
"69418","박승규","2020","삼성","KBO","https://www.koreabaseball.com/Record/Player/HitterDetail/Total.aspx?playerId=69418"
"69418","박승규","2021","삼성","KBO","https://www.koreabaseball.com/Record/Player/HitterDetail/Total.aspx?playerId=69418"
"69418","박승규","2022","삼성","KBO","https://www.koreabaseball.com/Record/Player/HitterDetail/Total.aspx?playerId=69418"
"69418","박승규","2025","삼성","KBO","https://www.koreabaseball.com/Record/Player/HitterDetail/Total.aspx?playerId=69418"
"69428","이병헌","2022","삼성","KBO","https://www.koreabaseball.com/Record/Player/HitterDetail/Total.aspx?playerId=69428"
"69428","이병헌","2023","삼성","KBO","https://www.koreabaseball.com/Record/Player/HitterDetail/Total.aspx?playerId=69428"
"69428","이병헌","2024","삼성","KBO","https://www.koreabaseball.com/Record/Player/HitterDetail/Total.aspx?playerId=69428"
"69428","이병헌","2025","삼성","KBO","https://www.koreabaseball.com/Record/Player/HitterDetail/Total.aspx?playerId=69428"
"69442","김도환","2019","삼성","KBO","https://www.koreabaseball.com/Record/Player/HitterDetail/Total.aspx?playerId=69442"
"69442","김도환","2020","삼성","KBO","https://www.koreabaseball.com/Record/Player/HitterDetail/Total.aspx?playerId=69442"
"69442","김도환","2021","삼성","KBO","https://www.koreabaseball.com/Record/Player/HitterDetail/Total.aspx?playerId=69442"
"69442","김도환","2023","삼성","KBO","https://www.koreabaseball.com/Record/Player/HitterDetail/Total.aspx?playerId=69442"
"69442","김도환","2024","삼성","KBO","https://www.koreabaseball.com/Record/Player/HitterDetail/Total.aspx?playerId=69442"
"69442","김도환","2025","삼성","KBO","https://www.koreabaseball.com/Record/Player/HitterDetail/Total.aspx?playerId=69442"
"69446","원태인","2019","삼성","KBO","https://www.koreabaseball.com/Record/Player/PitcherDetail/Total.aspx?playerId=69446"
"69446","원태인","2020","삼성","KBO","https://www.koreabaseball.com/Record/Player/PitcherDetail/Total.aspx?playerId=69446"
"69446","원태인","2021","삼성","KBO","https://www.koreabaseball.com/Record/Player/PitcherDetail/Total.aspx?playerId=69446"
"69446","원태인","2022","삼성","KBO","https://www.koreabaseball.com/Record/Player/PitcherDetail/Total.aspx?playerId=69446"
"69446","원태인","2023","삼성","KBO","https://www.koreabaseball.com/Record/Player/PitcherDetail/Total.aspx?playerId=69446"
"69446","원태인","2024","삼성","KBO","https://www.koreabaseball.com/Record/Player/PitcherDetail/Total.aspx?playerId=69446"
"69446","원태인","2025","삼성","KBO","https://www.koreabaseball.com/Record/Player/PitcherDetail/Total.aspx?playerId=69446"
"69508","신윤후","2019","롯데","KBO","https://www.koreabaseball.com/Record/Player/HitterDetail/Total.aspx?playerId=69508"
"69508","신윤후","2020","롯데","KBO","https://www.koreabaseball.com/Record/Player/HitterDetail/Total.aspx?playerId=69508"
"69508","신윤후","2021","롯데","KBO","https://www.koreabaseball.com/Record/Player/HitterDetail/Total.aspx?playerId=69508"
"69508","신윤후","2022","롯데","KBO","https://www.koreabaseball.com/Record/Player/HitterDetail/Total.aspx?playerId=69508"
"69508","신윤후","2023","롯데","KBO","https://www.koreabaseball.com/Record/Player/HitterDetail/Total.aspx?playerId=69508"
"69508","신윤후","2024","롯데","KBO","https://www.koreabaseball.com/Record/Player/HitterDetail/Total.aspx?playerId=69508"
"69508","신윤후","2025","롯데","KBO","https://www.koreabaseball.com/Record/Player/HitterDetail/Total.aspx?playerId=69508"
"69516","김현수","2019","롯데","KBO","https://www.koreabaseball.com/Record/Player/PitcherDetail/Total.aspx?playerId=69516"
"69516","김현수","2020","KIA","KBO","https://www.koreabaseball.com/Record/Player/PitcherDetail/Total.aspx?playerId=69516"
"69516","김현수","2021","KIA","KBO","https://www.koreabaseball.com/Record/Player/PitcherDetail/Total.aspx?playerId=69516"
"69516","김현수","2022","KIA","KBO","https://www.koreabaseball.com/Record/Player/PitcherDetail/Total.aspx?playerId=69516"
"69516","김현수","2024","KIA","KBO","https://www.koreabaseball.com/Record/Player/PitcherDetail/Total.aspx?playerId=69516"
"69516","김현수","2025","KIA","KBO","https://www.koreabaseball.com/Record/Player/PitcherDetail/Total.aspx?playerId=69516"
"69517","고승민","2019","롯데","KBO","https://www.koreabaseball.com/Record/Player/HitterDetail/Total.aspx?playerId=69517"
"69517","고승민","2022","롯데","KBO","https://www.koreabaseball.com/Record/Player/HitterDetail/Total.aspx?playerId=69517"
"69517","고승민","2023","롯데","KBO","https://www.koreabaseball.com/Record/Player/HitterDetail/Total.aspx?playerId=69517"
"69517","고승민","2024","롯데","KBO","https://www.koreabaseball.com/Record/Player/HitterDetail/Total.aspx?playerId=69517"
"69517","고승민","2025","롯데","KBO","https://www.koreabaseball.com/Record/Player/HitterDetail/Total.aspx?playerId=69517"
"69594","박진","2019","롯데","KBO","https://www.koreabaseball.com/Record/Player/PitcherDetail/Total.aspx?playerId=69594"
"69594","박진","2023","롯데","KBO","https://www.koreabaseball.com/Record/Player/PitcherDetail/Total.aspx?playerId=69594"
"69594","박진","2024","롯데","KBO","https://www.koreabaseball.com/Record/Player/PitcherDetail/Total.aspx?playerId=69594"
"69594","박진","2025","롯데","KBO","https://www.koreabaseball.com/Record/Player/PitcherDetail/Total.aspx?playerId=69594"
"69620","김기훈","2019","KIA","KBO","https://www.koreabaseball.com/Record/Player/PitcherDetail/Total.aspx?playerId=69620"
"69620","김기훈","2020","KIA","KBO","https://www.koreabaseball.com/Record/Player/PitcherDetail/Total.aspx?playerId=69620"
"69620","김기훈","2022","KIA","KBO","https://www.koreabaseball.com/Record/Player/PitcherDetail/Total.aspx?playerId=69620"
"69620","김기훈","2023","KIA","KBO","https://www.koreabaseball.com/Record/Player/PitcherDetail/Total.aspx?playerId=69620"
"69620","김기훈","2024","KIA","KBO","https://www.koreabaseball.com/Record/Player/PitcherDetail/Total.aspx?playerId=69620"
"69620","김기훈","2025","KIA","KBO","https://www.koreabaseball.com/Record/Player/PitcherDetail/Total.aspx?playerId=69620"
"69636","오선우","2019","KIA","KBO","https://www.koreabaseball.com/Record/Player/HitterDetail/Total.aspx?playerId=69636"
"69636","오선우","2020","KIA","KBO","https://www.koreabaseball.com/Record/Player/HitterDetail/Total.aspx?playerId=69636"
"69636","오선우","2021","KIA","KBO","https://www.koreabaseball.com/Record/Player/HitterDetail/Total.aspx?playerId=69636"
"69636","오선우","2023","KIA","KBO","https://www.koreabaseball.com/Record/Player/HitterDetail/Total.aspx?playerId=69636"
"69636","오선우","2024","KIA","KBO","https://www.koreabaseball.com/Record/Player/HitterDetail/Total.aspx?playerId=69636"
"69636","오선우","2025","KIA","KBO","https://www.koreabaseball.com/Record/Player/HitterDetail/Total.aspx?playerId=69636"
"69645","장지수","2019","KIA","KBO","https://www.koreabaseball.com/Record/Player/PitcherDetail/Total.aspx?playerId=69645"
"69645","장지수","2021","KIA","KBO","https://www.koreabaseball.com/Record/Player/PitcherDetail/Total.aspx?playerId=69645"
"69645","장지수","2022","KIA","KBO","https://www.koreabaseball.com/Record/Player/PitcherDetail/Total.aspx?playerId=69645"
"69645","장지수","2023","한화","KBO","https://www.koreabaseball.com/Record/Player/PitcherDetail/Total.aspx?playerId=69645"
"69645","장지수","2024","한화","KBO","https://www.koreabaseball.com/Record/Player/PitcherDetail/Total.aspx?playerId=69645"
"69727","변우혁","2019","한화","KBO","https://www.koreabaseball.com/Record/Player/HitterDetail/Total.aspx?playerId=69727"
"69727","변우혁","2022","한화","KBO","https://www.koreabaseball.com/Record/Player/HitterDetail/Total.aspx?playerId=69727"
"69727","변우혁","2023","KIA","KBO","https://www.koreabaseball.com/Record/Player/HitterDetail/Total.aspx?playerId=69727"
"69727","변우혁","2024","KIA","KBO","https://www.koreabaseball.com/Record/Player/HitterDetail/Total.aspx?playerId=69727"
"69727","변우혁","2025","KIA","KBO","https://www.koreabaseball.com/Record/Player/HitterDetail/Total.aspx?playerId=69727"
"69737","노시환","2019","한화","KBO","https://www.koreabaseball.com/Record/Player/HitterDetail/Total.aspx?playerId=69737"
"69737","노시환","2020","한화","KBO","https://www.koreabaseball.com/Record/Player/HitterDetail/Total.aspx?playerId=69737"
"69737","노시환","2021","한화","KBO","https://www.koreabaseball.com/Record/Player/HitterDetail/Total.aspx?playerId=69737"
"69737","노시환","2022","한화","KBO","https://www.koreabaseball.com/Record/Player/HitterDetail/Total.aspx?playerId=69737"
"69737","노시환","2023","한화","KBO","https://www.koreabaseball.com/Record/Player/HitterDetail/Total.aspx?playerId=69737"
"69737","노시환","2024","한화","KBO","https://www.koreabaseball.com/Record/Player/HitterDetail/Total.aspx?playerId=69737"
"69737","노시환","2025","한화","KBO","https://www.koreabaseball.com/Record/Player/HitterDetail/Total.aspx?playerId=69737"
"69745","김도현","2019","한화","KBO","https://www.koreabaseball.com/Record/Player/PitcherDetail/Total.aspx?playerId=69745"
"69745","김도현","2020","한화","KBO","https://www.koreabaseball.com/Record/Player/PitcherDetail/Total.aspx?playerId=69745"
"69745","김도현","2021","한화","KBO","https://www.koreabaseball.com/Record/Player/PitcherDetail/Total.aspx?playerId=69745"
"69745","김도현","2022","KIA","KBO","https://www.koreabaseball.com/Record/Player/PitcherDetail/Total.aspx?playerId=69745"
"69745","김도현","2024","KIA","KBO","https://www.koreabaseball.com/Record/Player/PitcherDetail/Total.aspx?playerId=69745"
"69745","김도현","2025","KIA","KBO","https://www.koreabaseball.com/Record/Player/PitcherDetail/Total.aspx?playerId=69745"
"69766","유로결","2019","한화","KBO","https://www.koreabaseball.com/Record/Player/HitterDetail/Total.aspx?playerId=69766"
"69766","유로결","2020","한화","KBO","https://www.koreabaseball.com/Record/Player/HitterDetail/Total.aspx?playerId=69766"
"69766","유로결","2021","한화","KBO","https://www.koreabaseball.com/Record/Player/HitterDetail/Total.aspx?playerId=69766"
"69766","유로결","2022","한화","KBO","https://www.koreabaseball.com/Record/Player/HitterDetail/Total.aspx?playerId=69766"
"69766","유로결","2023","한화","KBO","https://www.koreabaseball.com/Record/Player/HitterDetail/Total.aspx?playerId=69766"
"69766","유로결","2024","한화","KBO","https://www.koreabaseball.com/Record/Player/HitterDetail/Total.aspx?playerId=69766"
"69766","유로결","2025","한화","KBO","https://www.koreabaseball.com/Record/Player/HitterDetail/Total.aspx?playerId=69766"
"69804","채현우","2019","SK","KBO","https://www.koreabaseball.com/Record/Player/HitterDetail/Total.aspx?playerId=69804"
"69804","채현우","2020","SK","KBO","https://www.koreabaseball.com/Record/Player/HitterDetail/Total.aspx?playerId=69804"
"69804","채현우","2023","SSG","KBO","https://www.koreabaseball.com/Record/Player/HitterDetail/Total.aspx?playerId=69804"
"69804","채현우","2024","SSG","KBO","https://www.koreabaseball.com/Record/Player/HitterDetail/Total.aspx?playerId=69804"
"69804","채현우","2025","SSG","KBO","https://www.koreabaseball.com/Record/Player/HitterDetail/Total.aspx?playerId=69804"
"69813","하재훈","2020","SK","KBO","https://www.koreabaseball.com/Record/Player/HitterDetail/Total.aspx?playerId=69813"
"69813","하재훈","2021","SSG","KBO","https://www.koreabaseball.com/Record/Player/HitterDetail/Total.aspx?playerId=69813"
"69813","하재훈","2022","SSG","KBO","https://www.koreabaseball.com/Record/Player/HitterDetail/Total.aspx?playerId=69813"
"69813","하재훈","2023","SSG","KBO","https://www.koreabaseball.com/Record/Player/HitterDetail/Total.aspx?playerId=69813"
"69813","하재훈","2024","SSG","KBO","https://www.koreabaseball.com/Record/Player/HitterDetail/Total.aspx?playerId=69813"
"69813","하재훈","2025","SSG","KBO","https://www.koreabaseball.com/Record/Player/HitterDetail/Total.aspx?playerId=69813"
"69825","김창평","2019","SK","KBO","https://www.koreabaseball.com/Record/Player/HitterDetail/Total.aspx?playerId=69825"
"69825","김창평","2020","SK","KBO","https://www.koreabaseball.com/Record/Player/HitterDetail/Total.aspx?playerId=69825"
"69825","김창평","2021","SSG","KBO","https://www.koreabaseball.com/Record/Player/HitterDetail/Total.aspx?playerId=69825"
"69825","김창평","2024","SSG","KBO","https://www.koreabaseball.com/Record/Player/HitterDetail/Total.aspx?playerId=69825"
"69825","김창평","2025","SSG","KBO","https://www.koreabaseball.com/Record/Player/HitterDetail/Total.aspx?playerId=69825"
"69839","백승건","2019","SK","KBO","https://www.koreabaseball.com/Record/Player/PitcherDetail/Total.aspx?playerId=69839"
"69839","백승건","2020","SK","KBO","https://www.koreabaseball.com/Record/Player/PitcherDetail/Total.aspx?playerId=69839"
"69839","백승건","2023","SSG","KBO","https://www.koreabaseball.com/Record/Player/PitcherDetail/Total.aspx?playerId=69839"
"69839","백승건","2024","SSG","KBO","https://www.koreabaseball.com/Record/Player/PitcherDetail/Total.aspx?playerId=69839"
"69969","전사민","2019","NC","KBO","https://www.koreabaseball.com/Record/Player/PitcherDetail/Total.aspx?playerId=69969"
"69969","전사민","2022","NC","KBO","https://www.koreabaseball.com/Record/Player/PitcherDetail/Total.aspx?playerId=69969"
"69969","전사민","2023","NC","KBO","https://www.koreabaseball.com/Record/Player/PitcherDetail/Total.aspx?playerId=69969"
"69969","전사민","2024","NC","KBO","https://www.koreabaseball.com/Record/Player/PitcherDetail/Total.aspx?playerId=69969"
"69969","전사민","2025","NC","KBO","https://www.koreabaseball.com/Record/Player/PitcherDetail/Total.aspx?playerId=69969"
"69974","배민서","2019","NC","KBO","https://www.koreabaseball.com/Record/Player/PitcherDetail/Total.aspx?playerId=69974"
"69974","배민서","2020","NC","KBO","https://www.koreabaseball.com/Record/Player/PitcherDetail/Total.aspx?playerId=69974"
"69974","배민서","2021","NC","KBO","https://www.koreabaseball.com/Record/Player/PitcherDetail/Total.aspx?playerId=69974"
"69974","배민서","2023","NC","KBO","https://www.koreabaseball.com/Record/Player/PitcherDetail/Total.aspx?playerId=69974"
"69974","배민서","2024","한화","KBO","https://www.koreabaseball.com/Record/Player/PitcherDetail/Total.aspx?playerId=69974"
"69980","김범준","2024","NC","KBO","https://www.koreabaseball.com/Record/Player/HitterDetail/Total.aspx?playerId=69980"
"69980","김범준","2025","NC","KBO","https://www.koreabaseball.com/Record/Player/HitterDetail/Total.aspx?playerId=69980"
"69992","최정원","2020","NC","KBO","https://www.koreabaseball.com/Record/Player/HitterDetail/Total.aspx?playerId=69992"
"69992","최정원","2021","NC","KBO","https://www.koreabaseball.com/Record/Player/HitterDetail/Total.aspx?playerId=69992"
"69992","최정원","2023","NC","KBO","https://www.koreabaseball.com/Record/Player/HitterDetail/Total.aspx?playerId=69992"
"69992","최정원","2024","NC","KBO","https://www.koreabaseball.com/Record/Player/HitterDetail/Total.aspx?playerId=69992"
"69992","최정원","2025","NC","KBO","https://www.koreabaseball.com/Record/Player/HitterDetail/Total.aspx?playerId=69992"
"69995","서호철","2020","NC","KBO","https://www.koreabaseball.com/Record/Player/HitterDetail/Total.aspx?playerId=69995"
"69995","서호철","2022","NC","KBO","https://www.koreabaseball.com/Record/Player/HitterDetail/Total.aspx?playerId=69995"
"69995","서호철","2023","NC","KBO","https://www.koreabaseball.com/Record/Player/HitterDetail/Total.aspx?playerId=69995"
"69995","서호철","2024","NC","KBO","https://www.koreabaseball.com/Record/Player/HitterDetail/Total.aspx?playerId=69995"
"69995","서호철","2025","NC","KBO","https://www.koreabaseball.com/Record/Player/HitterDetail/Total.aspx?playerId=69995"
"72443","최형우","2002","삼성","KBO","https://www.koreabaseball.com/Record/Player/HitterDetail/Total.aspx?playerId=72443"
"72443","최형우","2004","삼성","KBO","https://www.koreabaseball.com/Record/Player/HitterDetail/Total.aspx?playerId=72443"
"72443","최형우","2008","삼성","KBO","https://www.koreabaseball.com/Record/Player/HitterDetail/Total.aspx?playerId=72443"
"72443","최형우","2009","삼성","KBO","https://www.koreabaseball.com/Record/Player/HitterDetail/Total.aspx?playerId=72443"
"72443","최형우","2010","삼성","KBO","https://www.koreabaseball.com/Record/Player/HitterDetail/Total.aspx?playerId=72443"
"72443","최형우","2011","삼성","KBO","https://www.koreabaseball.com/Record/Player/HitterDetail/Total.aspx?playerId=72443"
"72443","최형우","2012","삼성","KBO","https://www.koreabaseball.com/Record/Player/HitterDetail/Total.aspx?playerId=72443"
"72443","최형우","2013","삼성","KBO","https://www.koreabaseball.com/Record/Player/HitterDetail/Total.aspx?playerId=72443"
"72443","최형우","2014","삼성","KBO","https://www.koreabaseball.com/Record/Player/HitterDetail/Total.aspx?playerId=72443"
"72443","최형우","2015","삼성","KBO","https://www.koreabaseball.com/Record/Player/HitterDetail/Total.aspx?playerId=72443"
"72443","최형우","2016","삼성","KBO","https://www.koreabaseball.com/Record/Player/HitterDetail/Total.aspx?playerId=72443"
"72443","최형우","2017","KIA","KBO","https://www.koreabaseball.com/Record/Player/HitterDetail/Total.aspx?playerId=72443"
"72443","최형우","2018","KIA","KBO","https://www.koreabaseball.com/Record/Player/HitterDetail/Total.aspx?playerId=72443"
"72443","최형우","2019","KIA","KBO","https://www.koreabaseball.com/Record/Player/HitterDetail/Total.aspx?playerId=72443"
"72443","최형우","2020","KIA","KBO","https://www.koreabaseball.com/Record/Player/HitterDetail/Total.aspx?playerId=72443"
"72443","최형우","2021","KIA","KBO","https://www.koreabaseball.com/Record/Player/HitterDetail/Total.aspx?playerId=72443"
"72443","최형우","2022","KIA","KBO","https://www.koreabaseball.com/Record/Player/HitterDetail/Total.aspx?playerId=72443"
"72443","최형우","2023","KIA","KBO","https://www.koreabaseball.com/Record/Player/HitterDetail/Total.aspx?playerId=72443"
"72443","최형우","2024","KIA","KBO","https://www.koreabaseball.com/Record/Player/HitterDetail/Total.aspx?playerId=72443"
"72443","최형우","2025","KIA","KBO","https://www.koreabaseball.com/Record/Player/HitterDetail/Total.aspx?playerId=72443"
"72523","고효준","2002","롯데","KBO","https://www.koreabaseball.com/Record/Player/PitcherDetail/Total.aspx?playerId=72523"
"72523","고효준","2004","SK","KBO","https://www.koreabaseball.com/Record/Player/PitcherDetail/Total.aspx?playerId=72523"
"72523","고효준","2005","SK","KBO","https://www.koreabaseball.com/Record/Player/PitcherDetail/Total.aspx?playerId=72523"
"72523","고효준","2006","SK","KBO","https://www.koreabaseball.com/Record/Player/PitcherDetail/Total.aspx?playerId=72523"
"72523","고효준","2007","SK","KBO","https://www.koreabaseball.com/Record/Player/PitcherDetail/Total.aspx?playerId=72523"
"72523","고효준","2008","SK","KBO","https://www.koreabaseball.com/Record/Player/PitcherDetail/Total.aspx?playerId=72523"
"72523","고효준","2009","SK","KBO","https://www.koreabaseball.com/Record/Player/PitcherDetail/Total.aspx?playerId=72523"
"72523","고효준","2010","SK","KBO","https://www.koreabaseball.com/Record/Player/PitcherDetail/Total.aspx?playerId=72523"
"72523","고효준","2011","SK","KBO","https://www.koreabaseball.com/Record/Player/PitcherDetail/Total.aspx?playerId=72523"
"72523","고효준","2014","SK","KBO","https://www.koreabaseball.com/Record/Player/PitcherDetail/Total.aspx?playerId=72523"
"72523","고효준","2015","SK","KBO","https://www.koreabaseball.com/Record/Player/PitcherDetail/Total.aspx?playerId=72523"
"72523","고효준","2016","KIA","KBO","https://www.koreabaseball.com/Record/Player/PitcherDetail/Total.aspx?playerId=72523"
"72523","고효준","2017","KIA","KBO","https://www.koreabaseball.com/Record/Player/PitcherDetail/Total.aspx?playerId=72523"
"72523","고효준","2018","롯데","KBO","https://www.koreabaseball.com/Record/Player/PitcherDetail/Total.aspx?playerId=72523"
"72523","고효준","2019","롯데","KBO","https://www.koreabaseball.com/Record/Player/PitcherDetail/Total.aspx?playerId=72523"
"72523","고효준","2020","롯데","KBO","https://www.koreabaseball.com/Record/Player/PitcherDetail/Total.aspx?playerId=72523"
"72523","고효준","2021","LG","KBO","https://www.koreabaseball.com/Record/Player/PitcherDetail/Total.aspx?playerId=72523"
"72523","고효준","2022","SSG","KBO","https://www.koreabaseball.com/Record/Player/PitcherDetail/Total.aspx?playerId=72523"
"72523","고효준","2023","SSG","KBO","https://www.koreabaseball.com/Record/Player/PitcherDetail/Total.aspx?playerId=72523"
"72523","고효준","2024","SSG","KBO","https://www.koreabaseball.com/Record/Player/PitcherDetail/Total.aspx?playerId=72523"
"72523","고효준","2025","두산","KBO","https://www.koreabaseball.com/Record/Player/PitcherDetail/Total.aspx?playerId=72523"
"73117","우규민","2004","LG","KBO","https://www.koreabaseball.com/Record/Player/PitcherDetail/Total.aspx?playerId=73117"
"73117","우규민","2005","LG","KBO","https://www.koreabaseball.com/Record/Player/PitcherDetail/Total.aspx?playerId=73117"
"73117","우규민","2006","LG","KBO","https://www.koreabaseball.com/Record/Player/PitcherDetail/Total.aspx?playerId=73117"
"73117","우규민","2007","LG","KBO","https://www.koreabaseball.com/Record/Player/PitcherDetail/Total.aspx?playerId=73117"
"73117","우규민","2008","LG","KBO","https://www.koreabaseball.com/Record/Player/PitcherDetail/Total.aspx?playerId=73117"
"73117","우규민","2009","LG","KBO","https://www.koreabaseball.com/Record/Player/PitcherDetail/Total.aspx?playerId=73117"
"73117","우규민","2012","LG","KBO","https://www.koreabaseball.com/Record/Player/PitcherDetail/Total.aspx?playerId=73117"
"73117","우규민","2013","LG","KBO","https://www.koreabaseball.com/Record/Player/PitcherDetail/Total.aspx?playerId=73117"
"73117","우규민","2014","LG","KBO","https://www.koreabaseball.com/Record/Player/PitcherDetail/Total.aspx?playerId=73117"
"73117","우규민","2015","LG","KBO","https://www.koreabaseball.com/Record/Player/PitcherDetail/Total.aspx?playerId=73117"
"73117","우규민","2016","LG","KBO","https://www.koreabaseball.com/Record/Player/PitcherDetail/Total.aspx?playerId=73117"
"73117","우규민","2017","삼성","KBO","https://www.koreabaseball.com/Record/Player/PitcherDetail/Total.aspx?playerId=73117"
"73117","우규민","2018","삼성","KBO","https://www.koreabaseball.com/Record/Player/PitcherDetail/Total.aspx?playerId=73117"
"73117","우규민","2019","삼성","KBO","https://www.koreabaseball.com/Record/Player/PitcherDetail/Total.aspx?playerId=73117"
"73117","우규민","2020","삼성","KBO","https://www.koreabaseball.com/Record/Player/PitcherDetail/Total.aspx?playerId=73117"
"73117","우규민","2021","삼성","KBO","https://www.koreabaseball.com/Record/Player/PitcherDetail/Total.aspx?playerId=73117"
"73117","우규민","2022","삼성","KBO","https://www.koreabaseball.com/Record/Player/PitcherDetail/Total.aspx?playerId=73117"
"73117","우규민","2023","삼성","KBO","https://www.koreabaseball.com/Record/Player/PitcherDetail/Total.aspx?playerId=73117"
"73117","우규민","2024","KT","KBO","https://www.koreabaseball.com/Record/Player/PitcherDetail/Total.aspx?playerId=73117"
"73117","우규민","2025","KT","KBO","https://www.koreabaseball.com/Record/Player/PitcherDetail/Total.aspx?playerId=73117"
"73211","노경은","2003","두산","KBO","https://www.koreabaseball.com/Record/Player/PitcherDetail/Total.aspx?playerId=73211"
"73211","노경은","2004","두산","KBO","https://www.koreabaseball.com/Record/Player/PitcherDetail/Total.aspx?playerId=73211"
"73211","노경은","2007","두산","KBO","https://www.koreabaseball.com/Record/Player/PitcherDetail/Total.aspx?playerId=73211"
"73211","노경은","2008","두산","KBO","https://www.koreabaseball.com/Record/Player/PitcherDetail/Total.aspx?playerId=73211"
"73211","노경은","2009","두산","KBO","https://www.koreabaseball.com/Record/Player/PitcherDetail/Total.aspx?playerId=73211"
"73211","노경은","2010","두산","KBO","https://www.koreabaseball.com/Record/Player/PitcherDetail/Total.aspx?playerId=73211"
"73211","노경은","2011","두산","KBO","https://www.koreabaseball.com/Record/Player/PitcherDetail/Total.aspx?playerId=73211"
"73211","노경은","2012","두산","KBO","https://www.koreabaseball.com/Record/Player/PitcherDetail/Total.aspx?playerId=73211"
"73211","노경은","2013","두산","KBO","https://www.koreabaseball.com/Record/Player/PitcherDetail/Total.aspx?playerId=73211"
"73211","노경은","2014","두산","KBO","https://www.koreabaseball.com/Record/Player/PitcherDetail/Total.aspx?playerId=73211"
"73211","노경은","2015","두산","KBO","https://www.koreabaseball.com/Record/Player/PitcherDetail/Total.aspx?playerId=73211"
"73211","노경은","2016","롯데","KBO","https://www.koreabaseball.com/Record/Player/PitcherDetail/Total.aspx?playerId=73211"
"73211","노경은","2017","롯데","KBO","https://www.koreabaseball.com/Record/Player/PitcherDetail/Total.aspx?playerId=73211"
"73211","노경은","2018","롯데","KBO","https://www.koreabaseball.com/Record/Player/PitcherDetail/Total.aspx?playerId=73211"
"73211","노경은","2020","롯데","KBO","https://www.koreabaseball.com/Record/Player/PitcherDetail/Total.aspx?playerId=73211"
"73211","노경은","2021","롯데","KBO","https://www.koreabaseball.com/Record/Player/PitcherDetail/Total.aspx?playerId=73211"
"73211","노경은","2022","SSG","KBO","https://www.koreabaseball.com/Record/Player/PitcherDetail/Total.aspx?playerId=73211"
"73211","노경은","2023","SSG","KBO","https://www.koreabaseball.com/Record/Player/PitcherDetail/Total.aspx?playerId=73211"
"73211","노경은","2024","SSG","KBO","https://www.koreabaseball.com/Record/Player/PitcherDetail/Total.aspx?playerId=73211"
"73211","노경은","2025","SSG","KBO","https://www.koreabaseball.com/Record/Player/PitcherDetail/Total.aspx?playerId=73211"
"73801","송은범","2003","SK","KBO","https://www.koreabaseball.com/Record/Player/PitcherDetail/Total.aspx?playerId=73801"
"73801","송은범","2004","SK","KBO","https://www.koreabaseball.com/Record/Player/PitcherDetail/Total.aspx?playerId=73801"
"73801","송은범","2005","SK","KBO","https://www.koreabaseball.com/Record/Player/PitcherDetail/Total.aspx?playerId=73801"
"73801","송은범","2006","SK","KBO","https://www.koreabaseball.com/Record/Player/PitcherDetail/Total.aspx?playerId=73801"
"73801","송은범","2007","SK","KBO","https://www.koreabaseball.com/Record/Player/PitcherDetail/Total.aspx?playerId=73801"
"73801","송은범","2008","SK","KBO","https://www.koreabaseball.com/Record/Player/PitcherDetail/Total.aspx?playerId=73801"
"73801","송은범","2009","SK","KBO","https://www.koreabaseball.com/Record/Player/PitcherDetail/Total.aspx?playerId=73801"
"73801","송은범","2010","SK","KBO","https://www.koreabaseball.com/Record/Player/PitcherDetail/Total.aspx?playerId=73801"
"73801","송은범","2011","SK","KBO","https://www.koreabaseball.com/Record/Player/PitcherDetail/Total.aspx?playerId=73801"
"73801","송은범","2012","SK","KBO","https://www.koreabaseball.com/Record/Player/PitcherDetail/Total.aspx?playerId=73801"
"73801","송은범","2013","KIA","KBO","https://www.koreabaseball.com/Record/Player/PitcherDetail/Total.aspx?playerId=73801"
"73801","송은범","2014","KIA","KBO","https://www.koreabaseball.com/Record/Player/PitcherDetail/Total.aspx?playerId=73801"
"73801","송은범","2015","한화","KBO","https://www.koreabaseball.com/Record/Player/PitcherDetail/Total.aspx?playerId=73801"
"73801","송은범","2016","한화","KBO","https://www.koreabaseball.com/Record/Player/PitcherDetail/Total.aspx?playerId=73801"
"73801","송은범","2017","한화","KBO","https://www.koreabaseball.com/Record/Player/PitcherDetail/Total.aspx?playerId=73801"
"73801","송은범","2018","한화","KBO","https://www.koreabaseball.com/Record/Player/PitcherDetail/Total.aspx?playerId=73801"
"73801","송은범","2019","LG","KBO","https://www.koreabaseball.com/Record/Player/PitcherDetail/Total.aspx?playerId=73801"
"73801","송은범","2020","LG","KBO","https://www.koreabaseball.com/Record/Player/PitcherDetail/Total.aspx?playerId=73801"
"73801","송은범","2021","LG","KBO","https://www.koreabaseball.com/Record/Player/PitcherDetail/Total.aspx?playerId=73801"
"73801","송은범","2022","LG","KBO","https://www.koreabaseball.com/Record/Player/PitcherDetail/Total.aspx?playerId=73801"
"73801","송은범","2023","LG","KBO","https://www.koreabaseball.com/Record/Player/PitcherDetail/Total.aspx?playerId=73801"
"73801","송은범","2024","삼성","KBO","https://www.koreabaseball.com/Record/Player/PitcherDetail/Total.aspx?playerId=73801"
"73801","송은범","2025","삼성","KBO","https://www.koreabaseball.com/Record/Player/PitcherDetail/Total.aspx?playerId=73801"
"74163","이용규","2004","LG","KBO","https://www.koreabaseball.com/Record/Player/HitterDetail/Total.aspx?playerId=74163"
"74163","이용규","2005","KIA","KBO","https://www.koreabaseball.com/Record/Player/HitterDetail/Total.aspx?playerId=74163"
"74163","이용규","2006","KIA","KBO","https://www.koreabaseball.com/Record/Player/HitterDetail/Total.aspx?playerId=74163"
"74163","이용규","2007","KIA","KBO","https://www.koreabaseball.com/Record/Player/HitterDetail/Total.aspx?playerId=74163"
"74163","이용규","2008","KIA","KBO","https://www.koreabaseball.com/Record/Player/HitterDetail/Total.aspx?playerId=74163"
"74163","이용규","2009","KIA","KBO","https://www.koreabaseball.com/Record/Player/HitterDetail/Total.aspx?playerId=74163"
"74163","이용규","2010","KIA","KBO","https://www.koreabaseball.com/Record/Player/HitterDetail/Total.aspx?playerId=74163"
"74163","이용규","2011","KIA","KBO","https://www.koreabaseball.com/Record/Player/HitterDetail/Total.aspx?playerId=74163"
"74163","이용규","2012","KIA","KBO","https://www.koreabaseball.com/Record/Player/HitterDetail/Total.aspx?playerId=74163"
"74163","이용규","2013","KIA","KBO","https://www.koreabaseball.com/Record/Player/HitterDetail/Total.aspx?playerId=74163"
"74163","이용규","2014","한화","KBO","https://www.koreabaseball.com/Record/Player/HitterDetail/Total.aspx?playerId=74163"
"74163","이용규","2015","한화","KBO","https://www.koreabaseball.com/Record/Player/HitterDetail/Total.aspx?playerId=74163"
"74163","이용규","2016","한화","KBO","https://www.koreabaseball.com/Record/Player/HitterDetail/Total.aspx?playerId=74163"
"74163","이용규","2017","한화","KBO","https://www.koreabaseball.com/Record/Player/HitterDetail/Total.aspx?playerId=74163"
"74163","이용규","2018","한화","KBO","https://www.koreabaseball.com/Record/Player/HitterDetail/Total.aspx?playerId=74163"
"74163","이용규","2020","한화","KBO","https://www.koreabaseball.com/Record/Player/HitterDetail/Total.aspx?playerId=74163"
"74163","이용규","2021","키움","KBO","https://www.koreabaseball.com/Record/Player/HitterDetail/Total.aspx?playerId=74163"
"74163","이용규","2022","키움","KBO","https://www.koreabaseball.com/Record/Player/HitterDetail/Total.aspx?playerId=74163"
"74163","이용규","2023","키움","KBO","https://www.koreabaseball.com/Record/Player/HitterDetail/Total.aspx?playerId=74163"
"74163","이용규","2024","키움","KBO","https://www.koreabaseball.com/Record/Player/HitterDetail/Total.aspx?playerId=74163"
"74163","이용규","2025","키움","KBO","https://www.koreabaseball.com/Record/Player/HitterDetail/Total.aspx?playerId=74163"
"74540","강민호","2004","롯데","KBO","https://www.koreabaseball.com/Record/Player/HitterDetail/Total.aspx?playerId=74540"
"74540","강민호","2005","롯데","KBO","https://www.koreabaseball.com/Record/Player/HitterDetail/Total.aspx?playerId=74540"
"74540","강민호","2006","롯데","KBO","https://www.koreabaseball.com/Record/Player/HitterDetail/Total.aspx?playerId=74540"
"74540","강민호","2007","롯데","KBO","https://www.koreabaseball.com/Record/Player/HitterDetail/Total.aspx?playerId=74540"
"74540","강민호","2008","롯데","KBO","https://www.koreabaseball.com/Record/Player/HitterDetail/Total.aspx?playerId=74540"
"74540","강민호","2009","롯데","KBO","https://www.koreabaseball.com/Record/Player/HitterDetail/Total.aspx?playerId=74540"
"74540","강민호","2010","롯데","KBO","https://www.koreabaseball.com/Record/Player/HitterDetail/Total.aspx?playerId=74540"
"74540","강민호","2011","롯데","KBO","https://www.koreabaseball.com/Record/Player/HitterDetail/Total.aspx?playerId=74540"
"74540","강민호","2012","롯데","KBO","https://www.koreabaseball.com/Record/Player/HitterDetail/Total.aspx?playerId=74540"
"74540","강민호","2013","롯데","KBO","https://www.koreabaseball.com/Record/Player/HitterDetail/Total.aspx?playerId=74540"
"74540","강민호","2014","롯데","KBO","https://www.koreabaseball.com/Record/Player/HitterDetail/Total.aspx?playerId=74540"
"74540","강민호","2015","롯데","KBO","https://www.koreabaseball.com/Record/Player/HitterDetail/Total.aspx?playerId=74540"
"74540","강민호","2016","롯데","KBO","https://www.koreabaseball.com/Record/Player/HitterDetail/Total.aspx?playerId=74540"
"74540","강민호","2017","롯데","KBO","https://www.koreabaseball.com/Record/Player/HitterDetail/Total.aspx?playerId=74540"
"74540","강민호","2018","삼성","KBO","https://www.koreabaseball.com/Record/Player/HitterDetail/Total.aspx?playerId=74540"
"74540","강민호","2019","삼성","KBO","https://www.koreabaseball.com/Record/Player/HitterDetail/Total.aspx?playerId=74540"
"74540","강민호","2020","삼성","KBO","https://www.koreabaseball.com/Record/Player/HitterDetail/Total.aspx?playerId=74540"
"74540","강민호","2021","삼성","KBO","https://www.koreabaseball.com/Record/Player/HitterDetail/Total.aspx?playerId=74540"
"74540","강민호","2022","삼성","KBO","https://www.koreabaseball.com/Record/Player/HitterDetail/Total.aspx?playerId=74540"
"74540","강민호","2023","삼성","KBO","https://www.koreabaseball.com/Record/Player/HitterDetail/Total.aspx?playerId=74540"
"74540","강민호","2024","삼성","KBO","https://www.koreabaseball.com/Record/Player/HitterDetail/Total.aspx?playerId=74540"
"74540","강민호","2025","삼성","KBO","https://www.koreabaseball.com/Record/Player/HitterDetail/Total.aspx?playerId=74540"
"75125","박병호","2005","LG","KBO","https://www.koreabaseball.com/Record/Player/HitterDetail/Total.aspx?playerId=75125"
"75125","박병호","2006","LG","KBO","https://www.koreabaseball.com/Record/Player/HitterDetail/Total.aspx?playerId=75125"
"75125","박병호","2009","LG","KBO","https://www.koreabaseball.com/Record/Player/HitterDetail/Total.aspx?playerId=75125"
"75125","박병호","2010","LG","KBO","https://www.koreabaseball.com/Record/Player/HitterDetail/Total.aspx?playerId=75125"
"75125","박병호","2011","넥센","KBO","https://www.koreabaseball.com/Record/Player/HitterDetail/Total.aspx?playerId=75125"
"75125","박병호","2012","넥센","KBO","https://www.koreabaseball.com/Record/Player/HitterDetail/Total.aspx?playerId=75125"
"75125","박병호","2013","넥센","KBO","https://www.koreabaseball.com/Record/Player/HitterDetail/Total.aspx?playerId=75125"
"75125","박병호","2014","넥센","KBO","https://www.koreabaseball.com/Record/Player/HitterDetail/Total.aspx?playerId=75125"
"75125","박병호","2015","넥센","KBO","https://www.koreabaseball.com/Record/Player/HitterDetail/Total.aspx?playerId=75125"
"75125","박병호","2018","넥센","KBO","https://www.koreabaseball.com/Record/Player/HitterDetail/Total.aspx?playerId=75125"
"75125","박병호","2019","키움","KBO","https://www.koreabaseball.com/Record/Player/HitterDetail/Total.aspx?playerId=75125"
"75125","박병호","2020","키움","KBO","https://www.koreabaseball.com/Record/Player/HitterDetail/Total.aspx?playerId=75125"
"75125","박병호","2021","키움","KBO","https://www.koreabaseball.com/Record/Player/HitterDetail/Total.aspx?playerId=75125"
"75125","박병호","2022","KT","KBO","https://www.koreabaseball.com/Record/Player/HitterDetail/Total.aspx?playerId=75125"
"75125","박병호","2023","KT","KBO","https://www.koreabaseball.com/Record/Player/HitterDetail/Total.aspx?playerId=75125"
"75125","박병호","2024","삼성","KBO","https://www.koreabaseball.com/Record/Player/HitterDetail/Total.aspx?playerId=75125"
"75125","박병호","2025","삼성","KBO","https://www.koreabaseball.com/Record/Player/HitterDetail/Total.aspx?playerId=75125"
"75334","오재일","2005","현대","KBO","https://www.koreabaseball.com/Record/Player/HitterDetail/Total.aspx?playerId=75334"
"75334","오재일","2009","히어로즈","KBO","https://www.koreabaseball.com/Record/Player/HitterDetail/Total.aspx?playerId=75334"
"75334","오재일","2010","넥센","KBO","https://www.koreabaseball.com/Record/Player/HitterDetail/Total.aspx?playerId=75334"
"75334","오재일","2011","넥센","KBO","https://www.koreabaseball.com/Record/Player/HitterDetail/Total.aspx?playerId=75334"
"75334","오재일","2012","두산","KBO","https://www.koreabaseball.com/Record/Player/HitterDetail/Total.aspx?playerId=75334"
"75334","오재일","2013","두산","KBO","https://www.koreabaseball.com/Record/Player/HitterDetail/Total.aspx?playerId=75334"
"75334","오재일","2014","두산","KBO","https://www.koreabaseball.com/Record/Player/HitterDetail/Total.aspx?playerId=75334"
"75334","오재일","2015","두산","KBO","https://www.koreabaseball.com/Record/Player/HitterDetail/Total.aspx?playerId=75334"
"75334","오재일","2016","두산","KBO","https://www.koreabaseball.com/Record/Player/HitterDetail/Total.aspx?playerId=75334"
"75334","오재일","2017","두산","KBO","https://www.koreabaseball.com/Record/Player/HitterDetail/Total.aspx?playerId=75334"
"75334","오재일","2018","두산","KBO","https://www.koreabaseball.com/Record/Player/HitterDetail/Total.aspx?playerId=75334"
"75334","오재일","2019","두산","KBO","https://www.koreabaseball.com/Record/Player/HitterDetail/Total.aspx?playerId=75334"
"75334","오재일","2020","두산","KBO","https://www.koreabaseball.com/Record/Player/HitterDetail/Total.aspx?playerId=75334"
"75334","오재일","2021","삼성","KBO","https://www.koreabaseball.com/Record/Player/HitterDetail/Total.aspx?playerId=75334"
"75334","오재일","2022","삼성","KBO","https://www.koreabaseball.com/Record/Player/HitterDetail/Total.aspx?playerId=75334"
"75334","오재일","2023","삼성","KBO","https://www.koreabaseball.com/Record/Player/HitterDetail/Total.aspx?playerId=75334"
"75334","오재일","2024","KT","KBO","https://www.koreabaseball.com/Record/Player/HitterDetail/Total.aspx?playerId=75334"
"75421","오승환","2005","삼성","KBO","https://www.koreabaseball.com/Record/Player/PitcherDetail/Total.aspx?playerId=75421"
"75421","오승환","2006","삼성","KBO","https://www.koreabaseball.com/Record/Player/PitcherDetail/Total.aspx?playerId=75421"
"75421","오승환","2007","삼성","KBO","https://www.koreabaseball.com/Record/Player/PitcherDetail/Total.aspx?playerId=75421"
"75421","오승환","2008","삼성","KBO","https://www.koreabaseball.com/Record/Player/PitcherDetail/Total.aspx?playerId=75421"
"75421","오승환","2009","삼성","KBO","https://www.koreabaseball.com/Record/Player/PitcherDetail/Total.aspx?playerId=75421"
"75421","오승환","2010","삼성","KBO","https://www.koreabaseball.com/Record/Player/PitcherDetail/Total.aspx?playerId=75421"
"75421","오승환","2011","삼성","KBO","https://www.koreabaseball.com/Record/Player/PitcherDetail/Total.aspx?playerId=75421"
"75421","오승환","2012","삼성","KBO","https://www.koreabaseball.com/Record/Player/PitcherDetail/Total.aspx?playerId=75421"
"75421","오승환","2013","삼성","KBO","https://www.koreabaseball.com/Record/Player/PitcherDetail/Total.aspx?playerId=75421"
"75421","오승환","2020","삼성","KBO","https://www.koreabaseball.com/Record/Player/PitcherDetail/Total.aspx?playerId=75421"
"75421","오승환","2021","삼성","KBO","https://www.koreabaseball.com/Record/Player/PitcherDetail/Total.aspx?playerId=75421"
"75421","오승환","2022","삼성","KBO","https://www.koreabaseball.com/Record/Player/PitcherDetail/Total.aspx?playerId=75421"
"75421","오승환","2023","삼성","KBO","https://www.koreabaseball.com/Record/Player/PitcherDetail/Total.aspx?playerId=75421"
"75421","오승환","2024","삼성","KBO","https://www.koreabaseball.com/Record/Player/PitcherDetail/Total.aspx?playerId=75421"
"75421","오승환","2025","삼성","KBO","https://www.koreabaseball.com/Record/Player/PitcherDetail/Total.aspx?playerId=75421"
"75566","이원석","2005","롯데","KBO","https://www.koreabaseball.com/Record/Player/HitterDetail/Total.aspx?playerId=75566"
"75566","이원석","2006","롯데","KBO","https://www.koreabaseball.com/Record/Player/HitterDetail/Total.aspx?playerId=75566"
"75566","이원석","2007","롯데","KBO","https://www.koreabaseball.com/Record/Player/HitterDetail/Total.aspx?playerId=75566"
"75566","이원석","2008","롯데","KBO","https://www.koreabaseball.com/Record/Player/HitterDetail/Total.aspx?playerId=75566"
"75566","이원석","2009","두산","KBO","https://www.koreabaseball.com/Record/Player/HitterDetail/Total.aspx?playerId=75566"
"75566","이원석","2010","두산","KBO","https://www.koreabaseball.com/Record/Player/HitterDetail/Total.aspx?playerId=75566"
"75566","이원석","2011","두산","KBO","https://www.koreabaseball.com/Record/Player/HitterDetail/Total.aspx?playerId=75566"
"75566","이원석","2012","두산","KBO","https://www.koreabaseball.com/Record/Player/HitterDetail/Total.aspx?playerId=75566"
"75566","이원석","2013","두산","KBO","https://www.koreabaseball.com/Record/Player/HitterDetail/Total.aspx?playerId=75566"
"75566","이원석","2014","두산","KBO","https://www.koreabaseball.com/Record/Player/HitterDetail/Total.aspx?playerId=75566"
"75566","이원석","2016","두산","KBO","https://www.koreabaseball.com/Record/Player/HitterDetail/Total.aspx?playerId=75566"
"75566","이원석","2017","삼성","KBO","https://www.koreabaseball.com/Record/Player/HitterDetail/Total.aspx?playerId=75566"
"75566","이원석","2018","삼성","KBO","https://www.koreabaseball.com/Record/Player/HitterDetail/Total.aspx?playerId=75566"
"75566","이원석","2019","삼성","KBO","https://www.koreabaseball.com/Record/Player/HitterDetail/Total.aspx?playerId=75566"
"75566","이원석","2020","삼성","KBO","https://www.koreabaseball.com/Record/Player/HitterDetail/Total.aspx?playerId=75566"
"75566","이원석","2021","삼성","KBO","https://www.koreabaseball.com/Record/Player/HitterDetail/Total.aspx?playerId=75566"
"75566","이원석","2022","삼성","KBO","https://www.koreabaseball.com/Record/Player/HitterDetail/Total.aspx?playerId=75566"
"75566","이원석","2023","키움","KBO","https://www.koreabaseball.com/Record/Player/HitterDetail/Total.aspx?playerId=75566"
"75566","이원석","2024","키움","KBO","https://www.koreabaseball.com/Record/Player/HitterDetail/Total.aspx?playerId=75566"
"75566","이원석","2025","키움","KBO","https://www.koreabaseball.com/Record/Player/HitterDetail/Total.aspx?playerId=75566"
"75847","최정","2005","SK","KBO","https://www.koreabaseball.com/Record/Player/HitterDetail/Total.aspx?playerId=75847"
"75847","최정","2006","SK","KBO","https://www.koreabaseball.com/Record/Player/HitterDetail/Total.aspx?playerId=75847"
"75847","최정","2007","SK","KBO","https://www.koreabaseball.com/Record/Player/HitterDetail/Total.aspx?playerId=75847"
"75847","최정","2008","SK","KBO","https://www.koreabaseball.com/Record/Player/HitterDetail/Total.aspx?playerId=75847"
"75847","최정","2009","SK","KBO","https://www.koreabaseball.com/Record/Player/HitterDetail/Total.aspx?playerId=75847"
"75847","최정","2010","SK","KBO","https://www.koreabaseball.com/Record/Player/HitterDetail/Total.aspx?playerId=75847"
"75847","최정","2011","SK","KBO","https://www.koreabaseball.com/Record/Player/HitterDetail/Total.aspx?playerId=75847"
"75847","최정","2012","SK","KBO","https://www.koreabaseball.com/Record/Player/HitterDetail/Total.aspx?playerId=75847"
"75847","최정","2013","SK","KBO","https://www.koreabaseball.com/Record/Player/HitterDetail/Total.aspx?playerId=75847"
"75847","최정","2014","SK","KBO","https://www.koreabaseball.com/Record/Player/HitterDetail/Total.aspx?playerId=75847"
"75847","최정","2015","SK","KBO","https://www.koreabaseball.com/Record/Player/HitterDetail/Total.aspx?playerId=75847"
"75847","최정","2016","SK","KBO","https://www.koreabaseball.com/Record/Player/HitterDetail/Total.aspx?playerId=75847"
"75847","최정","2017","SK","KBO","https://www.koreabaseball.com/Record/Player/HitterDetail/Total.aspx?playerId=75847"
"75847","최정","2018","SK","KBO","https://www.koreabaseball.com/Record/Player/HitterDetail/Total.aspx?playerId=75847"
"75847","최정","2019","SK","KBO","https://www.koreabaseball.com/Record/Player/HitterDetail/Total.aspx?playerId=75847"
"75847","최정","2020","SK","KBO","https://www.koreabaseball.com/Record/Player/HitterDetail/Total.aspx?playerId=75847"
"75847","최정","2021","SSG","KBO","https://www.koreabaseball.com/Record/Player/HitterDetail/Total.aspx?playerId=75847"
"75847","최정","2022","SSG","KBO","https://www.koreabaseball.com/Record/Player/HitterDetail/Total.aspx?playerId=75847"
"75847","최정","2023","SSG","KBO","https://www.koreabaseball.com/Record/Player/HitterDetail/Total.aspx?playerId=75847"
"75847","최정","2024","SSG","KBO","https://www.koreabaseball.com/Record/Player/HitterDetail/Total.aspx?playerId=75847"
"75847","최정","2025","SSG","KBO","https://www.koreabaseball.com/Record/Player/HitterDetail/Total.aspx?playerId=75847"
"75867","김진성","2013","NC","KBO","https://www.koreabaseball.com/Record/Player/PitcherDetail/Total.aspx?playerId=75867"
"75867","김진성","2014","NC","KBO","https://www.koreabaseball.com/Record/Player/PitcherDetail/Total.aspx?playerId=75867"
"75867","김진성","2015","NC","KBO","https://www.koreabaseball.com/Record/Player/PitcherDetail/Total.aspx?playerId=75867"
"75867","김진성","2016","NC","KBO","https://www.koreabaseball.com/Record/Player/PitcherDetail/Total.aspx?playerId=75867"
"75867","김진성","2017","NC","KBO","https://www.koreabaseball.com/Record/Player/PitcherDetail/Total.aspx?playerId=75867"
"75867","김진성","2018","NC","KBO","https://www.koreabaseball.com/Record/Player/PitcherDetail/Total.aspx?playerId=75867"
"75867","김진성","2019","NC","KBO","https://www.koreabaseball.com/Record/Player/PitcherDetail/Total.aspx?playerId=75867"
"75867","김진성","2020","NC","KBO","https://www.koreabaseball.com/Record/Player/PitcherDetail/Total.aspx?playerId=75867"
"75867","김진성","2021","NC","KBO","https://www.koreabaseball.com/Record/Player/PitcherDetail/Total.aspx?playerId=75867"
"75867","김진성","2022","LG","KBO","https://www.koreabaseball.com/Record/Player/PitcherDetail/Total.aspx?playerId=75867"
"75867","김진성","2023","LG","KBO","https://www.koreabaseball.com/Record/Player/PitcherDetail/Total.aspx?playerId=75867"
"75867","김진성","2024","LG","KBO","https://www.koreabaseball.com/Record/Player/PitcherDetail/Total.aspx?playerId=75867"
"75867","김진성","2025","LG","KBO","https://www.koreabaseball.com/Record/Player/PitcherDetail/Total.aspx?playerId=75867"
"76118","원종현","2014","NC","KBO","https://www.koreabaseball.com/Record/Player/PitcherDetail/Total.aspx?playerId=76118"
"76118","원종현","2016","NC","KBO","https://www.koreabaseball.com/Record/Player/PitcherDetail/Total.aspx?playerId=76118"
"76118","원종현","2017","NC","KBO","https://www.koreabaseball.com/Record/Player/PitcherDetail/Total.aspx?playerId=76118"
"76118","원종현","2018","NC","KBO","https://www.koreabaseball.com/Record/Player/PitcherDetail/Total.aspx?playerId=76118"
"76118","원종현","2019","NC","KBO","https://www.koreabaseball.com/Record/Player/PitcherDetail/Total.aspx?playerId=76118"
"76118","원종현","2020","NC","KBO","https://www.koreabaseball.com/Record/Player/PitcherDetail/Total.aspx?playerId=76118"
"76118","원종현","2021","NC","KBO","https://www.koreabaseball.com/Record/Player/PitcherDetail/Total.aspx?playerId=76118"
"76118","원종현","2022","NC","KBO","https://www.koreabaseball.com/Record/Player/PitcherDetail/Total.aspx?playerId=76118"
"76118","원종현","2023","키움","KBO","https://www.koreabaseball.com/Record/Player/PitcherDetail/Total.aspx?playerId=76118"
"76118","원종현","2024","키움","KBO","https://www.koreabaseball.com/Record/Player/PitcherDetail/Total.aspx?playerId=76118"
"76118","원종현","2025","키움","KBO","https://www.koreabaseball.com/Record/Player/PitcherDetail/Total.aspx?playerId=76118"
"76225","김건국","2007","두산","KBO","https://www.koreabaseball.com/Record/Player/PitcherDetail/Total.aspx?playerId=76225"
"76225","김건국","2018","롯데","KBO","https://www.koreabaseball.com/Record/Player/PitcherDetail/Total.aspx?playerId=76225"
"76225","김건국","2019","롯데","KBO","https://www.koreabaseball.com/Record/Player/PitcherDetail/Total.aspx?playerId=76225"
"76225","김건국","2020","롯데","KBO","https://www.koreabaseball.com/Record/Player/PitcherDetail/Total.aspx?playerId=76225"
"76225","김건국","2021","롯데","KBO","https://www.koreabaseball.com/Record/Player/PitcherDetail/Total.aspx?playerId=76225"
"76225","김건국","2023","KIA","KBO","https://www.koreabaseball.com/Record/Player/PitcherDetail/Total.aspx?playerId=76225"
"76225","김건국","2024","KIA","KBO","https://www.koreabaseball.com/Record/Player/PitcherDetail/Total.aspx?playerId=76225"
"76225","김건국","2025","KIA","KBO","https://www.koreabaseball.com/Record/Player/PitcherDetail/Total.aspx?playerId=76225"
"76232","양의지","2007","두산","KBO","https://www.koreabaseball.com/Record/Player/HitterDetail/Total.aspx?playerId=76232"
"76232","양의지","2010","두산","KBO","https://www.koreabaseball.com/Record/Player/HitterDetail/Total.aspx?playerId=76232"
"76232","양의지","2011","두산","KBO","https://www.koreabaseball.com/Record/Player/HitterDetail/Total.aspx?playerId=76232"
"76232","양의지","2012","두산","KBO","https://www.koreabaseball.com/Record/Player/HitterDetail/Total.aspx?playerId=76232"
"76232","양의지","2013","두산","KBO","https://www.koreabaseball.com/Record/Player/HitterDetail/Total.aspx?playerId=76232"
"76232","양의지","2014","두산","KBO","https://www.koreabaseball.com/Record/Player/HitterDetail/Total.aspx?playerId=76232"
"76232","양의지","2015","두산","KBO","https://www.koreabaseball.com/Record/Player/HitterDetail/Total.aspx?playerId=76232"
"76232","양의지","2016","두산","KBO","https://www.koreabaseball.com/Record/Player/HitterDetail/Total.aspx?playerId=76232"
"76232","양의지","2017","두산","KBO","https://www.koreabaseball.com/Record/Player/HitterDetail/Total.aspx?playerId=76232"
"76232","양의지","2018","두산","KBO","https://www.koreabaseball.com/Record/Player/HitterDetail/Total.aspx?playerId=76232"
"76232","양의지","2019","NC","KBO","https://www.koreabaseball.com/Record/Player/HitterDetail/Total.aspx?playerId=76232"
"76232","양의지","2020","NC","KBO","https://www.koreabaseball.com/Record/Player/HitterDetail/Total.aspx?playerId=76232"
"76232","양의지","2021","NC","KBO","https://www.koreabaseball.com/Record/Player/HitterDetail/Total.aspx?playerId=76232"
"76232","양의지","2022","NC","KBO","https://www.koreabaseball.com/Record/Player/HitterDetail/Total.aspx?playerId=76232"
"76232","양의지","2023","두산","KBO","https://www.koreabaseball.com/Record/Player/HitterDetail/Total.aspx?playerId=76232"
"76232","양의지","2024","두산","KBO","https://www.koreabaseball.com/Record/Player/HitterDetail/Total.aspx?playerId=76232"
"76232","양의지","2025","두산","KBO","https://www.koreabaseball.com/Record/Player/HitterDetail/Total.aspx?playerId=76232"
"76267","최주환","2006","두산","KBO","https://www.koreabaseball.com/Record/Player/HitterDetail/Total.aspx?playerId=76267"
"76267","최주환","2007","두산","KBO","https://www.koreabaseball.com/Record/Player/HitterDetail/Total.aspx?playerId=76267"
"76267","최주환","2008","두산","KBO","https://www.koreabaseball.com/Record/Player/HitterDetail/Total.aspx?playerId=76267"
"76267","최주환","2009","두산","KBO","https://www.koreabaseball.com/Record/Player/HitterDetail/Total.aspx?playerId=76267"
"76267","최주환","2012","두산","KBO","https://www.koreabaseball.com/Record/Player/HitterDetail/Total.aspx?playerId=76267"
"76267","최주환","2013","두산","KBO","https://www.koreabaseball.com/Record/Player/HitterDetail/Total.aspx?playerId=76267"
"76267","최주환","2014","두산","KBO","https://www.koreabaseball.com/Record/Player/HitterDetail/Total.aspx?playerId=76267"
"76267","최주환","2015","두산","KBO","https://www.koreabaseball.com/Record/Player/HitterDetail/Total.aspx?playerId=76267"
"76267","최주환","2016","두산","KBO","https://www.koreabaseball.com/Record/Player/HitterDetail/Total.aspx?playerId=76267"
"76267","최주환","2017","두산","KBO","https://www.koreabaseball.com/Record/Player/HitterDetail/Total.aspx?playerId=76267"
"76267","최주환","2018","두산","KBO","https://www.koreabaseball.com/Record/Player/HitterDetail/Total.aspx?playerId=76267"
"76267","최주환","2019","두산","KBO","https://www.koreabaseball.com/Record/Player/HitterDetail/Total.aspx?playerId=76267"
"76267","최주환","2020","두산","KBO","https://www.koreabaseball.com/Record/Player/HitterDetail/Total.aspx?playerId=76267"
"76267","최주환","2021","SSG","KBO","https://www.koreabaseball.com/Record/Player/HitterDetail/Total.aspx?playerId=76267"
"76267","최주환","2022","SSG","KBO","https://www.koreabaseball.com/Record/Player/HitterDetail/Total.aspx?playerId=76267"
"76267","최주환","2023","SSG","KBO","https://www.koreabaseball.com/Record/Player/HitterDetail/Total.aspx?playerId=76267"
"76267","최주환","2024","키움","KBO","https://www.koreabaseball.com/Record/Player/HitterDetail/Total.aspx?playerId=76267"
"76267","최주환","2025","키움","KBO","https://www.koreabaseball.com/Record/Player/HitterDetail/Total.aspx?playerId=76267"
"76290","김현수","2006","두산","KBO","https://www.koreabaseball.com/Record/Player/HitterDetail/Total.aspx?playerId=76290"
"76290","김현수","2007","두산","KBO","https://www.koreabaseball.com/Record/Player/HitterDetail/Total.aspx?playerId=76290"
"76290","김현수","2008","두산","KBO","https://www.koreabaseball.com/Record/Player/HitterDetail/Total.aspx?playerId=76290"
"76290","김현수","2009","두산","KBO","https://www.koreabaseball.com/Record/Player/HitterDetail/Total.aspx?playerId=76290"
"76290","김현수","2010","두산","KBO","https://www.koreabaseball.com/Record/Player/HitterDetail/Total.aspx?playerId=76290"
"76290","김현수","2011","두산","KBO","https://www.koreabaseball.com/Record/Player/HitterDetail/Total.aspx?playerId=76290"
"76290","김현수","2012","두산","KBO","https://www.koreabaseball.com/Record/Player/HitterDetail/Total.aspx?playerId=76290"
"76290","김현수","2013","두산","KBO","https://www.koreabaseball.com/Record/Player/HitterDetail/Total.aspx?playerId=76290"
"76290","김현수","2014","두산","KBO","https://www.koreabaseball.com/Record/Player/HitterDetail/Total.aspx?playerId=76290"
"76290","김현수","2015","두산","KBO","https://www.koreabaseball.com/Record/Player/HitterDetail/Total.aspx?playerId=76290"
"76290","김현수","2018","LG","KBO","https://www.koreabaseball.com/Record/Player/HitterDetail/Total.aspx?playerId=76290"
"76290","김현수","2019","LG","KBO","https://www.koreabaseball.com/Record/Player/HitterDetail/Total.aspx?playerId=76290"
"76290","김현수","2020","LG","KBO","https://www.koreabaseball.com/Record/Player/HitterDetail/Total.aspx?playerId=76290"
"76290","김현수","2021","LG","KBO","https://www.koreabaseball.com/Record/Player/HitterDetail/Total.aspx?playerId=76290"
"76290","김현수","2022","LG","KBO","https://www.koreabaseball.com/Record/Player/HitterDetail/Total.aspx?playerId=76290"
"76290","김현수","2023","LG","KBO","https://www.koreabaseball.com/Record/Player/HitterDetail/Total.aspx?playerId=76290"
"76290","김현수","2024","LG","KBO","https://www.koreabaseball.com/Record/Player/HitterDetail/Total.aspx?playerId=76290"
"76290","김현수","2025","LG","KBO","https://www.koreabaseball.com/Record/Player/HitterDetail/Total.aspx?playerId=76290"
"76313","황재균","2007","현대","KBO","https://www.koreabaseball.com/Record/Player/HitterDetail/Total.aspx?playerId=76313"
"76313","황재균","2008","우리","KBO","https://www.koreabaseball.com/Record/Player/HitterDetail/Total.aspx?playerId=76313"
"76313","황재균","2009","히어로즈","KBO","https://www.koreabaseball.com/Record/Player/HitterDetail/Total.aspx?playerId=76313"
"76313","황재균","2010","롯데","KBO","https://www.koreabaseball.com/Record/Player/HitterDetail/Total.aspx?playerId=76313"
"76313","황재균","2011","롯데","KBO","https://www.koreabaseball.com/Record/Player/HitterDetail/Total.aspx?playerId=76313"
"76313","황재균","2012","롯데","KBO","https://www.koreabaseball.com/Record/Player/HitterDetail/Total.aspx?playerId=76313"
"76313","황재균","2013","롯데","KBO","https://www.koreabaseball.com/Record/Player/HitterDetail/Total.aspx?playerId=76313"
"76313","황재균","2014","롯데","KBO","https://www.koreabaseball.com/Record/Player/HitterDetail/Total.aspx?playerId=76313"
"76313","황재균","2015","롯데","KBO","https://www.koreabaseball.com/Record/Player/HitterDetail/Total.aspx?playerId=76313"
"76313","황재균","2016","롯데","KBO","https://www.koreabaseball.com/Record/Player/HitterDetail/Total.aspx?playerId=76313"
"76313","황재균","2018","KT","KBO","https://www.koreabaseball.com/Record/Player/HitterDetail/Total.aspx?playerId=76313"
"76313","황재균","2019","KT","KBO","https://www.koreabaseball.com/Record/Player/HitterDetail/Total.aspx?playerId=76313"
"76313","황재균","2020","KT","KBO","https://www.koreabaseball.com/Record/Player/HitterDetail/Total.aspx?playerId=76313"
"76313","황재균","2021","KT","KBO","https://www.koreabaseball.com/Record/Player/HitterDetail/Total.aspx?playerId=76313"
"76313","황재균","2022","KT","KBO","https://www.koreabaseball.com/Record/Player/HitterDetail/Total.aspx?playerId=76313"
"76313","황재균","2023","KT","KBO","https://www.koreabaseball.com/Record/Player/HitterDetail/Total.aspx?playerId=76313"
"76313","황재균","2024","KT","KBO","https://www.koreabaseball.com/Record/Player/HitterDetail/Total.aspx?playerId=76313"
"76313","황재균","2025","KT","KBO","https://www.koreabaseball.com/Record/Player/HitterDetail/Total.aspx?playerId=76313"
"76430","김상수","2008","삼성","KBO","https://www.koreabaseball.com/Record/Player/PitcherDetail/Total.aspx?playerId=76430"
"76430","김상수","2009","삼성","KBO","https://www.koreabaseball.com/Record/Player/PitcherDetail/Total.aspx?playerId=76430"
"76430","김상수","2010","넥센","KBO","https://www.koreabaseball.com/Record/Player/PitcherDetail/Total.aspx?playerId=76430"
"76430","김상수","2011","넥센","KBO","https://www.koreabaseball.com/Record/Player/PitcherDetail/Total.aspx?playerId=76430"
"76430","김상수","2012","넥센","KBO","https://www.koreabaseball.com/Record/Player/PitcherDetail/Total.aspx?playerId=76430"
"76430","김상수","2013","넥센","KBO","https://www.koreabaseball.com/Record/Player/PitcherDetail/Total.aspx?playerId=76430"
"76430","김상수","2015","넥센","KBO","https://www.koreabaseball.com/Record/Player/PitcherDetail/Total.aspx?playerId=76430"
"76430","김상수","2016","넥센","KBO","https://www.koreabaseball.com/Record/Player/PitcherDetail/Total.aspx?playerId=76430"
"76430","김상수","2017","넥센","KBO","https://www.koreabaseball.com/Record/Player/PitcherDetail/Total.aspx?playerId=76430"
"76430","김상수","2018","넥센","KBO","https://www.koreabaseball.com/Record/Player/PitcherDetail/Total.aspx?playerId=76430"
"76430","김상수","2019","키움","KBO","https://www.koreabaseball.com/Record/Player/PitcherDetail/Total.aspx?playerId=76430"
"76430","김상수","2020","키움","KBO","https://www.koreabaseball.com/Record/Player/PitcherDetail/Total.aspx?playerId=76430"
"76430","김상수","2021","SSG","KBO","https://www.koreabaseball.com/Record/Player/PitcherDetail/Total.aspx?playerId=76430"
"76430","김상수","2022","SSG","KBO","https://www.koreabaseball.com/Record/Player/PitcherDetail/Total.aspx?playerId=76430"
"76430","김상수","2023","롯데","KBO","https://www.koreabaseball.com/Record/Player/PitcherDetail/Total.aspx?playerId=76430"
"76430","김상수","2024","롯데","KBO","https://www.koreabaseball.com/Record/Player/PitcherDetail/Total.aspx?playerId=76430"
"76430","김상수","2025","롯데","KBO","https://www.koreabaseball.com/Record/Player/PitcherDetail/Total.aspx?playerId=76430"
"76650","진해수","2006","KIA","KBO","https://www.koreabaseball.com/Record/Player/PitcherDetail/Total.aspx?playerId=76650"
"76650","진해수","2007","KIA","KBO","https://www.koreabaseball.com/Record/Player/PitcherDetail/Total.aspx?playerId=76650"
"76650","진해수","2008","KIA","KBO","https://www.koreabaseball.com/Record/Player/PitcherDetail/Total.aspx?playerId=76650"
"76650","진해수","2009","KIA","KBO","https://www.koreabaseball.com/Record/Player/PitcherDetail/Total.aspx?playerId=76650"
"76650","진해수","2012","KIA","KBO","https://www.koreabaseball.com/Record/Player/PitcherDetail/Total.aspx?playerId=76650"
"76650","진해수","2013","SK","KBO","https://www.koreabaseball.com/Record/Player/PitcherDetail/Total.aspx?playerId=76650"
"76650","진해수","2014","SK","KBO","https://www.koreabaseball.com/Record/Player/PitcherDetail/Total.aspx?playerId=76650"
"76650","진해수","2015","LG","KBO","https://www.koreabaseball.com/Record/Player/PitcherDetail/Total.aspx?playerId=76650"
"76650","진해수","2016","LG","KBO","https://www.koreabaseball.com/Record/Player/PitcherDetail/Total.aspx?playerId=76650"
"76650","진해수","2017","LG","KBO","https://www.koreabaseball.com/Record/Player/PitcherDetail/Total.aspx?playerId=76650"
"76650","진해수","2018","LG","KBO","https://www.koreabaseball.com/Record/Player/PitcherDetail/Total.aspx?playerId=76650"
"76650","진해수","2019","LG","KBO","https://www.koreabaseball.com/Record/Player/PitcherDetail/Total.aspx?playerId=76650"
"76650","진해수","2020","LG","KBO","https://www.koreabaseball.com/Record/Player/PitcherDetail/Total.aspx?playerId=76650"
"76650","진해수","2021","LG","KBO","https://www.koreabaseball.com/Record/Player/PitcherDetail/Total.aspx?playerId=76650"
"76650","진해수","2022","LG","KBO","https://www.koreabaseball.com/Record/Player/PitcherDetail/Total.aspx?playerId=76650"
"76650","진해수","2023","LG","KBO","https://www.koreabaseball.com/Record/Player/PitcherDetail/Total.aspx?playerId=76650"
"76650","진해수","2024","롯데","KBO","https://www.koreabaseball.com/Record/Player/PitcherDetail/Total.aspx?playerId=76650"
"76715","류현진","2006","한화","KBO","https://www.koreabaseball.com/Record/Player/PitcherDetail/Total.aspx?playerId=76715"
"76715","류현진","2007","한화","KBO","https://www.koreabaseball.com/Record/Player/PitcherDetail/Total.aspx?playerId=76715"
"76715","류현진","2008","한화","KBO","https://www.koreabaseball.com/Record/Player/PitcherDetail/Total.aspx?playerId=76715"
"76715","류현진","2009","한화","KBO","https://www.koreabaseball.com/Record/Player/PitcherDetail/Total.aspx?playerId=76715"
"76715","류현진","2010","한화","KBO","https://www.koreabaseball.com/Record/Player/PitcherDetail/Total.aspx?playerId=76715"
"76715","류현진","2011","한화","KBO","https://www.koreabaseball.com/Record/Player/PitcherDetail/Total.aspx?playerId=76715"
"76715","류현진","2012","한화","KBO","https://www.koreabaseball.com/Record/Player/PitcherDetail/Total.aspx?playerId=76715"
"76715","류현진","2024","한화","KBO","https://www.koreabaseball.com/Record/Player/PitcherDetail/Total.aspx?playerId=76715"
"76715","류현진","2025","한화","KBO","https://www.koreabaseball.com/Record/Player/PitcherDetail/Total.aspx?playerId=76715"
"76802","김성현","2006","SK","KBO","https://www.koreabaseball.com/Record/Player/HitterDetail/Total.aspx?playerId=76802"
"76802","김성현","2007","SK","KBO","https://www.koreabaseball.com/Record/Player/HitterDetail/Total.aspx?playerId=76802"
"76802","김성현","2008","SK","KBO","https://www.koreabaseball.com/Record/Player/HitterDetail/Total.aspx?playerId=76802"
"76802","김성현","2011","SK","KBO","https://www.koreabaseball.com/Record/Player/HitterDetail/Total.aspx?playerId=76802"
"76802","김성현","2012","SK","KBO","https://www.koreabaseball.com/Record/Player/HitterDetail/Total.aspx?playerId=76802"
"76802","김성현","2013","SK","KBO","https://www.koreabaseball.com/Record/Player/HitterDetail/Total.aspx?playerId=76802"
"76802","김성현","2014","SK","KBO","https://www.koreabaseball.com/Record/Player/HitterDetail/Total.aspx?playerId=76802"
"76802","김성현","2015","SK","KBO","https://www.koreabaseball.com/Record/Player/HitterDetail/Total.aspx?playerId=76802"
"76802","김성현","2016","SK","KBO","https://www.koreabaseball.com/Record/Player/HitterDetail/Total.aspx?playerId=76802"
"76802","김성현","2017","SK","KBO","https://www.koreabaseball.com/Record/Player/HitterDetail/Total.aspx?playerId=76802"
"76802","김성현","2018","SK","KBO","https://www.koreabaseball.com/Record/Player/HitterDetail/Total.aspx?playerId=76802"
"76802","김성현","2019","SK","KBO","https://www.koreabaseball.com/Record/Player/HitterDetail/Total.aspx?playerId=76802"
"76802","김성현","2020","SK","KBO","https://www.koreabaseball.com/Record/Player/HitterDetail/Total.aspx?playerId=76802"
"76802","김성현","2021","SSG","KBO","https://www.koreabaseball.com/Record/Player/HitterDetail/Total.aspx?playerId=76802"
"76802","김성현","2022","SSG","KBO","https://www.koreabaseball.com/Record/Player/HitterDetail/Total.aspx?playerId=76802"
"76802","김성현","2023","SSG","KBO","https://www.koreabaseball.com/Record/Player/HitterDetail/Total.aspx?playerId=76802"
"76802","김성현","2024","SSG","KBO","https://www.koreabaseball.com/Record/Player/HitterDetail/Total.aspx?playerId=76802"
"76802","김성현","2025","SSG","KBO","https://www.koreabaseball.com/Record/Player/HitterDetail/Total.aspx?playerId=76802"
"76812","이재원","2006","SK","KBO","https://www.koreabaseball.com/Record/Player/HitterDetail/Total.aspx?playerId=76812"
"76812","이재원","2007","SK","KBO","https://www.koreabaseball.com/Record/Player/HitterDetail/Total.aspx?playerId=76812"
"76812","이재원","2008","SK","KBO","https://www.koreabaseball.com/Record/Player/HitterDetail/Total.aspx?playerId=76812"
"76812","이재원","2009","SK","KBO","https://www.koreabaseball.com/Record/Player/HitterDetail/Total.aspx?playerId=76812"
"76812","이재원","2010","SK","KBO","https://www.koreabaseball.com/Record/Player/HitterDetail/Total.aspx?playerId=76812"
"76812","이재원","2012","SK","KBO","https://www.koreabaseball.com/Record/Player/HitterDetail/Total.aspx?playerId=76812"
"76812","이재원","2013","SK","KBO","https://www.koreabaseball.com/Record/Player/HitterDetail/Total.aspx?playerId=76812"
"76812","이재원","2014","SK","KBO","https://www.koreabaseball.com/Record/Player/HitterDetail/Total.aspx?playerId=76812"
"76812","이재원","2015","SK","KBO","https://www.koreabaseball.com/Record/Player/HitterDetail/Total.aspx?playerId=76812"
"76812","이재원","2016","SK","KBO","https://www.koreabaseball.com/Record/Player/HitterDetail/Total.aspx?playerId=76812"
"76812","이재원","2017","SK","KBO","https://www.koreabaseball.com/Record/Player/HitterDetail/Total.aspx?playerId=76812"
"76812","이재원","2018","SK","KBO","https://www.koreabaseball.com/Record/Player/HitterDetail/Total.aspx?playerId=76812"
"76812","이재원","2019","SK","KBO","https://www.koreabaseball.com/Record/Player/HitterDetail/Total.aspx?playerId=76812"
"76812","이재원","2020","SK","KBO","https://www.koreabaseball.com/Record/Player/HitterDetail/Total.aspx?playerId=76812"
"76812","이재원","2021","SSG","KBO","https://www.koreabaseball.com/Record/Player/HitterDetail/Total.aspx?playerId=76812"
"76812","이재원","2022","SSG","KBO","https://www.koreabaseball.com/Record/Player/HitterDetail/Total.aspx?playerId=76812"
"76812","이재원","2023","SSG","KBO","https://www.koreabaseball.com/Record/Player/HitterDetail/Total.aspx?playerId=76812"
"76812","이재원","2024","한화","KBO","https://www.koreabaseball.com/Record/Player/HitterDetail/Total.aspx?playerId=76812"
"76812","이재원","2025","한화","KBO","https://www.koreabaseball.com/Record/Player/HitterDetail/Total.aspx?playerId=76812"
"77211","이용찬","2008","두산","KBO","https://www.koreabaseball.com/Record/Player/PitcherDetail/Total.aspx?playerId=77211"
"77211","이용찬","2009","두산","KBO","https://www.koreabaseball.com/Record/Player/PitcherDetail/Total.aspx?playerId=77211"
"77211","이용찬","2010","두산","KBO","https://www.koreabaseball.com/Record/Player/PitcherDetail/Total.aspx?playerId=77211"
"77211","이용찬","2011","두산","KBO","https://www.koreabaseball.com/Record/Player/PitcherDetail/Total.aspx?playerId=77211"
"77211","이용찬","2012","두산","KBO","https://www.koreabaseball.com/Record/Player/PitcherDetail/Total.aspx?playerId=77211"
"77211","이용찬","2013","두산","KBO","https://www.koreabaseball.com/Record/Player/PitcherDetail/Total.aspx?playerId=77211"
"77211","이용찬","2014","두산","KBO","https://www.koreabaseball.com/Record/Player/PitcherDetail/Total.aspx?playerId=77211"
"77211","이용찬","2016","두산","KBO","https://www.koreabaseball.com/Record/Player/PitcherDetail/Total.aspx?playerId=77211"
"77211","이용찬","2017","두산","KBO","https://www.koreabaseball.com/Record/Player/PitcherDetail/Total.aspx?playerId=77211"
"77211","이용찬","2018","두산","KBO","https://www.koreabaseball.com/Record/Player/PitcherDetail/Total.aspx?playerId=77211"
"77211","이용찬","2019","두산","KBO","https://www.koreabaseball.com/Record/Player/PitcherDetail/Total.aspx?playerId=77211"
"77211","이용찬","2020","두산","KBO","https://www.koreabaseball.com/Record/Player/PitcherDetail/Total.aspx?playerId=77211"
"77211","이용찬","2021","NC","KBO","https://www.koreabaseball.com/Record/Player/PitcherDetail/Total.aspx?playerId=77211"
"77211","이용찬","2022","NC","KBO","https://www.koreabaseball.com/Record/Player/PitcherDetail/Total.aspx?playerId=77211"
"77211","이용찬","2023","NC","KBO","https://www.koreabaseball.com/Record/Player/PitcherDetail/Total.aspx?playerId=77211"
"77211","이용찬","2024","NC","KBO","https://www.koreabaseball.com/Record/Player/PitcherDetail/Total.aspx?playerId=77211"
"77211","이용찬","2025","NC","KBO","https://www.koreabaseball.com/Record/Player/PitcherDetail/Total.aspx?playerId=77211"
"77263","김강률","2008","두산","KBO","https://www.koreabaseball.com/Record/Player/PitcherDetail/Total.aspx?playerId=77263"
"77263","김강률","2011","두산","KBO","https://www.koreabaseball.com/Record/Player/PitcherDetail/Total.aspx?playerId=77263"
"77263","김강률","2012","두산","KBO","https://www.koreabaseball.com/Record/Player/PitcherDetail/Total.aspx?playerId=77263"
"77263","김강률","2013","두산","KBO","https://www.koreabaseball.com/Record/Player/PitcherDetail/Total.aspx?playerId=77263"
"77263","김강률","2014","두산","KBO","https://www.koreabaseball.com/Record/Player/PitcherDetail/Total.aspx?playerId=77263"
"77263","김강률","2015","두산","KBO","https://www.koreabaseball.com/Record/Player/PitcherDetail/Total.aspx?playerId=77263"
"77263","김강률","2016","두산","KBO","https://www.koreabaseball.com/Record/Player/PitcherDetail/Total.aspx?playerId=77263"
"77263","김강률","2017","두산","KBO","https://www.koreabaseball.com/Record/Player/PitcherDetail/Total.aspx?playerId=77263"
"77263","김강률","2018","두산","KBO","https://www.koreabaseball.com/Record/Player/PitcherDetail/Total.aspx?playerId=77263"
"77263","김강률","2020","두산","KBO","https://www.koreabaseball.com/Record/Player/PitcherDetail/Total.aspx?playerId=77263"
"77263","김강률","2021","두산","KBO","https://www.koreabaseball.com/Record/Player/PitcherDetail/Total.aspx?playerId=77263"
"77263","김강률","2022","두산","KBO","https://www.koreabaseball.com/Record/Player/PitcherDetail/Total.aspx?playerId=77263"
"77263","김강률","2023","두산","KBO","https://www.koreabaseball.com/Record/Player/PitcherDetail/Total.aspx?playerId=77263"
"77263","김강률","2024","두산","KBO","https://www.koreabaseball.com/Record/Player/PitcherDetail/Total.aspx?playerId=77263"
"77263","김강률","2025","LG","KBO","https://www.koreabaseball.com/Record/Player/PitcherDetail/Total.aspx?playerId=77263"
"77318","장시환","2007","현대","KBO","https://www.koreabaseball.com/Record/Player/PitcherDetail/Total.aspx?playerId=77318"
"77318","장시환","2008","우리","KBO","https://www.koreabaseball.com/Record/Player/PitcherDetail/Total.aspx?playerId=77318"
"77318","장시환","2009","히어로즈","KBO","https://www.koreabaseball.com/Record/Player/PitcherDetail/Total.aspx?playerId=77318"
"77318","장시환","2011","넥센","KBO","https://www.koreabaseball.com/Record/Player/PitcherDetail/Total.aspx?playerId=77318"
"77318","장시환","2012","넥센","KBO","https://www.koreabaseball.com/Record/Player/PitcherDetail/Total.aspx?playerId=77318"
"77318","장시환","2013","넥센","KBO","https://www.koreabaseball.com/Record/Player/PitcherDetail/Total.aspx?playerId=77318"
"77318","장시환","2014","넥센","KBO","https://www.koreabaseball.com/Record/Player/PitcherDetail/Total.aspx?playerId=77318"
"77318","장시환","2015","KT","KBO","https://www.koreabaseball.com/Record/Player/PitcherDetail/Total.aspx?playerId=77318"
"77318","장시환","2016","KT","KBO","https://www.koreabaseball.com/Record/Player/PitcherDetail/Total.aspx?playerId=77318"
"77318","장시환","2017","롯데","KBO","https://www.koreabaseball.com/Record/Player/PitcherDetail/Total.aspx?playerId=77318"
"77318","장시환","2018","롯데","KBO","https://www.koreabaseball.com/Record/Player/PitcherDetail/Total.aspx?playerId=77318"
"77318","장시환","2019","롯데","KBO","https://www.koreabaseball.com/Record/Player/PitcherDetail/Total.aspx?playerId=77318"
"77318","장시환","2020","한화","KBO","https://www.koreabaseball.com/Record/Player/PitcherDetail/Total.aspx?playerId=77318"
"77318","장시환","2021","한화","KBO","https://www.koreabaseball.com/Record/Player/PitcherDetail/Total.aspx?playerId=77318"
"77318","장시환","2022","한화","KBO","https://www.koreabaseball.com/Record/Player/PitcherDetail/Total.aspx?playerId=77318"
"77318","장시환","2023","한화","KBO","https://www.koreabaseball.com/Record/Player/PitcherDetail/Total.aspx?playerId=77318"
"77318","장시환","2024","한화","KBO","https://www.koreabaseball.com/Record/Player/PitcherDetail/Total.aspx?playerId=77318"
"77446","백정현","2007","삼성","KBO","https://www.koreabaseball.com/Record/Player/PitcherDetail/Total.aspx?playerId=77446"
"77446","백정현","2008","삼성","KBO","https://www.koreabaseball.com/Record/Player/PitcherDetail/Total.aspx?playerId=77446"
"77446","백정현","2009","삼성","KBO","https://www.koreabaseball.com/Record/Player/PitcherDetail/Total.aspx?playerId=77446"
"77446","백정현","2010","삼성","KBO","https://www.koreabaseball.com/Record/Player/PitcherDetail/Total.aspx?playerId=77446"
"77446","백정현","2012","삼성","KBO","https://www.koreabaseball.com/Record/Player/PitcherDetail/Total.aspx?playerId=77446"
"77446","백정현","2013","삼성","KBO","https://www.koreabaseball.com/Record/Player/PitcherDetail/Total.aspx?playerId=77446"
"77446","백정현","2014","삼성","KBO","https://www.koreabaseball.com/Record/Player/PitcherDetail/Total.aspx?playerId=77446"
"77446","백정현","2015","삼성","KBO","https://www.koreabaseball.com/Record/Player/PitcherDetail/Total.aspx?playerId=77446"
"77446","백정현","2016","삼성","KBO","https://www.koreabaseball.com/Record/Player/PitcherDetail/Total.aspx?playerId=77446"
"77446","백정현","2017","삼성","KBO","https://www.koreabaseball.com/Record/Player/PitcherDetail/Total.aspx?playerId=77446"
"77446","백정현","2018","삼성","KBO","https://www.koreabaseball.com/Record/Player/PitcherDetail/Total.aspx?playerId=77446"
"77446","백정현","2019","삼성","KBO","https://www.koreabaseball.com/Record/Player/PitcherDetail/Total.aspx?playerId=77446"
"77446","백정현","2020","삼성","KBO","https://www.koreabaseball.com/Record/Player/PitcherDetail/Total.aspx?playerId=77446"
"77446","백정현","2021","삼성","KBO","https://www.koreabaseball.com/Record/Player/PitcherDetail/Total.aspx?playerId=77446"
"77446","백정현","2022","삼성","KBO","https://www.koreabaseball.com/Record/Player/PitcherDetail/Total.aspx?playerId=77446"
"77446","백정현","2023","삼성","KBO","https://www.koreabaseball.com/Record/Player/PitcherDetail/Total.aspx?playerId=77446"
"77446","백정현","2024","삼성","KBO","https://www.koreabaseball.com/Record/Player/PitcherDetail/Total.aspx?playerId=77446"
"77446","백정현","2025","삼성","KBO","https://www.koreabaseball.com/Record/Player/PitcherDetail/Total.aspx?playerId=77446"
"77532","손아섭","2007","롯데","KBO","https://www.koreabaseball.com/Record/Player/HitterDetail/Total.aspx?playerId=77532"
"77532","손아섭","2008","롯데","KBO","https://www.koreabaseball.com/Record/Player/HitterDetail/Total.aspx?playerId=77532"
"77532","손아섭","2009","롯데","KBO","https://www.koreabaseball.com/Record/Player/HitterDetail/Total.aspx?playerId=77532"
"77532","손아섭","2010","롯데","KBO","https://www.koreabaseball.com/Record/Player/HitterDetail/Total.aspx?playerId=77532"
"77532","손아섭","2011","롯데","KBO","https://www.koreabaseball.com/Record/Player/HitterDetail/Total.aspx?playerId=77532"
"77532","손아섭","2012","롯데","KBO","https://www.koreabaseball.com/Record/Player/HitterDetail/Total.aspx?playerId=77532"
"77532","손아섭","2013","롯데","KBO","https://www.koreabaseball.com/Record/Player/HitterDetail/Total.aspx?playerId=77532"
"77532","손아섭","2014","롯데","KBO","https://www.koreabaseball.com/Record/Player/HitterDetail/Total.aspx?playerId=77532"
"77532","손아섭","2015","롯데","KBO","https://www.koreabaseball.com/Record/Player/HitterDetail/Total.aspx?playerId=77532"
"77532","손아섭","2016","롯데","KBO","https://www.koreabaseball.com/Record/Player/HitterDetail/Total.aspx?playerId=77532"
"77532","손아섭","2017","롯데","KBO","https://www.koreabaseball.com/Record/Player/HitterDetail/Total.aspx?playerId=77532"
"77532","손아섭","2018","롯데","KBO","https://www.koreabaseball.com/Record/Player/HitterDetail/Total.aspx?playerId=77532"
"77532","손아섭","2019","롯데","KBO","https://www.koreabaseball.com/Record/Player/HitterDetail/Total.aspx?playerId=77532"
"77532","손아섭","2020","롯데","KBO","https://www.koreabaseball.com/Record/Player/HitterDetail/Total.aspx?playerId=77532"
"77532","손아섭","2021","롯데","KBO","https://www.koreabaseball.com/Record/Player/HitterDetail/Total.aspx?playerId=77532"
"77532","손아섭","2022","NC","KBO","https://www.koreabaseball.com/Record/Player/HitterDetail/Total.aspx?playerId=77532"
"77532","손아섭","2023","NC","KBO","https://www.koreabaseball.com/Record/Player/HitterDetail/Total.aspx?playerId=77532"
"77532","손아섭","2024","NC","KBO","https://www.koreabaseball.com/Record/Player/HitterDetail/Total.aspx?playerId=77532"
"77532","손아섭","2025","한화","KBO","https://www.koreabaseball.com/Record/Player/HitterDetail/Total.aspx?playerId=77532"
"77564","김민성","2007","롯데","KBO","https://www.koreabaseball.com/Record/Player/HitterDetail/Total.aspx?playerId=77564"
"77564","김민성","2008","롯데","KBO","https://www.koreabaseball.com/Record/Player/HitterDetail/Total.aspx?playerId=77564"
"77564","김민성","2009","롯데","KBO","https://www.koreabaseball.com/Record/Player/HitterDetail/Total.aspx?playerId=77564"
"77564","김민성","2010","넥센","KBO","https://www.koreabaseball.com/Record/Player/HitterDetail/Total.aspx?playerId=77564"
"77564","김민성","2011","넥센","KBO","https://www.koreabaseball.com/Record/Player/HitterDetail/Total.aspx?playerId=77564"
"77564","김민성","2012","넥센","KBO","https://www.koreabaseball.com/Record/Player/HitterDetail/Total.aspx?playerId=77564"
"77564","김민성","2013","넥센","KBO","https://www.koreabaseball.com/Record/Player/HitterDetail/Total.aspx?playerId=77564"
"77564","김민성","2014","넥센","KBO","https://www.koreabaseball.com/Record/Player/HitterDetail/Total.aspx?playerId=77564"
"77564","김민성","2015","넥센","KBO","https://www.koreabaseball.com/Record/Player/HitterDetail/Total.aspx?playerId=77564"
"77564","김민성","2016","넥센","KBO","https://www.koreabaseball.com/Record/Player/HitterDetail/Total.aspx?playerId=77564"
"77564","김민성","2017","넥센","KBO","https://www.koreabaseball.com/Record/Player/HitterDetail/Total.aspx?playerId=77564"
"77564","김민성","2018","넥센","KBO","https://www.koreabaseball.com/Record/Player/HitterDetail/Total.aspx?playerId=77564"
"77564","김민성","2019","LG","KBO","https://www.koreabaseball.com/Record/Player/HitterDetail/Total.aspx?playerId=77564"
"77564","김민성","2020","LG","KBO","https://www.koreabaseball.com/Record/Player/HitterDetail/Total.aspx?playerId=77564"
"77564","김민성","2021","LG","KBO","https://www.koreabaseball.com/Record/Player/HitterDetail/Total.aspx?playerId=77564"
"77564","김민성","2022","LG","KBO","https://www.koreabaseball.com/Record/Player/HitterDetail/Total.aspx?playerId=77564"
"77564","김민성","2023","LG","KBO","https://www.koreabaseball.com/Record/Player/HitterDetail/Total.aspx?playerId=77564"
"77564","김민성","2024","롯데","KBO","https://www.koreabaseball.com/Record/Player/HitterDetail/Total.aspx?playerId=77564"
"77564","김민성","2025","롯데","KBO","https://www.koreabaseball.com/Record/Player/HitterDetail/Total.aspx?playerId=77564"
"77637","양현종","2007","KIA","KBO","https://www.koreabaseball.com/Record/Player/PitcherDetail/Total.aspx?playerId=77637"
"77637","양현종","2008","KIA","KBO","https://www.koreabaseball.com/Record/Player/PitcherDetail/Total.aspx?playerId=77637"
"77637","양현종","2009","KIA","KBO","https://www.koreabaseball.com/Record/Player/PitcherDetail/Total.aspx?playerId=77637"
"77637","양현종","2010","KIA","KBO","https://www.koreabaseball.com/Record/Player/PitcherDetail/Total.aspx?playerId=77637"
"77637","양현종","2011","KIA","KBO","https://www.koreabaseball.com/Record/Player/PitcherDetail/Total.aspx?playerId=77637"
"77637","양현종","2012","KIA","KBO","https://www.koreabaseball.com/Record/Player/PitcherDetail/Total.aspx?playerId=77637"
"77637","양현종","2013","KIA","KBO","https://www.koreabaseball.com/Record/Player/PitcherDetail/Total.aspx?playerId=77637"
"77637","양현종","2014","KIA","KBO","https://www.koreabaseball.com/Record/Player/PitcherDetail/Total.aspx?playerId=77637"
"77637","양현종","2015","KIA","KBO","https://www.koreabaseball.com/Record/Player/PitcherDetail/Total.aspx?playerId=77637"
"77637","양현종","2016","KIA","KBO","https://www.koreabaseball.com/Record/Player/PitcherDetail/Total.aspx?playerId=77637"
"77637","양현종","2017","KIA","KBO","https://www.koreabaseball.com/Record/Player/PitcherDetail/Total.aspx?playerId=77637"
"77637","양현종","2018","KIA","KBO","https://www.koreabaseball.com/Record/Player/PitcherDetail/Total.aspx?playerId=77637"
"77637","양현종","2019","KIA","KBO","https://www.koreabaseball.com/Record/Player/PitcherDetail/Total.aspx?playerId=77637"
"77637","양현종","2020","KIA","KBO","https://www.koreabaseball.com/Record/Player/PitcherDetail/Total.aspx?playerId=77637"
"77637","양현종","2022","KIA","KBO","https://www.koreabaseball.com/Record/Player/PitcherDetail/Total.aspx?playerId=77637"
"77637","양현종","2023","KIA","KBO","https://www.koreabaseball.com/Record/Player/PitcherDetail/Total.aspx?playerId=77637"
"77637","양현종","2024","KIA","KBO","https://www.koreabaseball.com/Record/Player/PitcherDetail/Total.aspx?playerId=77637"
"77637","양현종","2025","KIA","KBO","https://www.koreabaseball.com/Record/Player/PitcherDetail/Total.aspx?playerId=77637"
"77829","김광현","2007","SK","KBO","https://www.koreabaseball.com/Record/Player/PitcherDetail/Total.aspx?playerId=77829"
"77829","김광현","2008","SK","KBO","https://www.koreabaseball.com/Record/Player/PitcherDetail/Total.aspx?playerId=77829"
"77829","김광현","2009","SK","KBO","https://www.koreabaseball.com/Record/Player/PitcherDetail/Total.aspx?playerId=77829"
"77829","김광현","2010","SK","KBO","https://www.koreabaseball.com/Record/Player/PitcherDetail/Total.aspx?playerId=77829"
"77829","김광현","2011","SK","KBO","https://www.koreabaseball.com/Record/Player/PitcherDetail/Total.aspx?playerId=77829"
"77829","김광현","2012","SK","KBO","https://www.koreabaseball.com/Record/Player/PitcherDetail/Total.aspx?playerId=77829"
"77829","김광현","2013","SK","KBO","https://www.koreabaseball.com/Record/Player/PitcherDetail/Total.aspx?playerId=77829"
"77829","김광현","2014","SK","KBO","https://www.koreabaseball.com/Record/Player/PitcherDetail/Total.aspx?playerId=77829"
"77829","김광현","2015","SK","KBO","https://www.koreabaseball.com/Record/Player/PitcherDetail/Total.aspx?playerId=77829"
"77829","김광현","2016","SK","KBO","https://www.koreabaseball.com/Record/Player/PitcherDetail/Total.aspx?playerId=77829"
"77829","김광현","2018","SK","KBO","https://www.koreabaseball.com/Record/Player/PitcherDetail/Total.aspx?playerId=77829"
"77829","김광현","2019","SK","KBO","https://www.koreabaseball.com/Record/Player/PitcherDetail/Total.aspx?playerId=77829"
"77829","김광현","2022","SSG","KBO","https://www.koreabaseball.com/Record/Player/PitcherDetail/Total.aspx?playerId=77829"
"77829","김광현","2023","SSG","KBO","https://www.koreabaseball.com/Record/Player/PitcherDetail/Total.aspx?playerId=77829"
"77829","김광현","2024","SSG","KBO","https://www.koreabaseball.com/Record/Player/PitcherDetail/Total.aspx?playerId=77829"
"77829","김광현","2025","SSG","KBO","https://www.koreabaseball.com/Record/Player/PitcherDetail/Total.aspx?playerId=77829"
"78122","김태군","2008","LG","KBO","https://www.koreabaseball.com/Record/Player/HitterDetail/Total.aspx?playerId=78122"
"78122","김태군","2009","LG","KBO","https://www.koreabaseball.com/Record/Player/HitterDetail/Total.aspx?playerId=78122"
"78122","김태군","2010","LG","KBO","https://www.koreabaseball.com/Record/Player/HitterDetail/Total.aspx?playerId=78122"
"78122","김태군","2011","LG","KBO","https://www.koreabaseball.com/Record/Player/HitterDetail/Total.aspx?playerId=78122"
"78122","김태군","2012","LG","KBO","https://www.koreabaseball.com/Record/Player/HitterDetail/Total.aspx?playerId=78122"
"78122","김태군","2013","NC","KBO","https://www.koreabaseball.com/Record/Player/HitterDetail/Total.aspx?playerId=78122"
"78122","김태군","2014","NC","KBO","https://www.koreabaseball.com/Record/Player/HitterDetail/Total.aspx?playerId=78122"
"78122","김태군","2015","NC","KBO","https://www.koreabaseball.com/Record/Player/HitterDetail/Total.aspx?playerId=78122"
"78122","김태군","2016","NC","KBO","https://www.koreabaseball.com/Record/Player/HitterDetail/Total.aspx?playerId=78122"
"78122","김태군","2017","NC","KBO","https://www.koreabaseball.com/Record/Player/HitterDetail/Total.aspx?playerId=78122"
"78122","김태군","2019","NC","KBO","https://www.koreabaseball.com/Record/Player/HitterDetail/Total.aspx?playerId=78122"
"78122","김태군","2020","NC","KBO","https://www.koreabaseball.com/Record/Player/HitterDetail/Total.aspx?playerId=78122"
"78122","김태군","2021","NC","KBO","https://www.koreabaseball.com/Record/Player/HitterDetail/Total.aspx?playerId=78122"
"78122","김태군","2022","삼성","KBO","https://www.koreabaseball.com/Record/Player/HitterDetail/Total.aspx?playerId=78122"
"78122","김태군","2023","KIA","KBO","https://www.koreabaseball.com/Record/Player/HitterDetail/Total.aspx?playerId=78122"
"78122","김태군","2024","KIA","KBO","https://www.koreabaseball.com/Record/Player/HitterDetail/Total.aspx?playerId=78122"
"78122","김태군","2025","KIA","KBO","https://www.koreabaseball.com/Record/Player/HitterDetail/Total.aspx?playerId=78122"
"78135","이형종","2016","LG","KBO","https://www.koreabaseball.com/Record/Player/HitterDetail/Total.aspx?playerId=78135"
"78135","이형종","2017","LG","KBO","https://www.koreabaseball.com/Record/Player/HitterDetail/Total.aspx?playerId=78135"
"78135","이형종","2018","LG","KBO","https://www.koreabaseball.com/Record/Player/HitterDetail/Total.aspx?playerId=78135"
"78135","이형종","2019","LG","KBO","https://www.koreabaseball.com/Record/Player/HitterDetail/Total.aspx?playerId=78135"
"78135","이형종","2020","LG","KBO","https://www.koreabaseball.com/Record/Player/HitterDetail/Total.aspx?playerId=78135"
"78135","이형종","2021","LG","KBO","https://www.koreabaseball.com/Record/Player/HitterDetail/Total.aspx?playerId=78135"
"78135","이형종","2022","LG","KBO","https://www.koreabaseball.com/Record/Player/HitterDetail/Total.aspx?playerId=78135"
"78135","이형종","2023","키움","KBO","https://www.koreabaseball.com/Record/Player/HitterDetail/Total.aspx?playerId=78135"
"78135","이형종","2024","키움","KBO","https://www.koreabaseball.com/Record/Player/HitterDetail/Total.aspx?playerId=78135"
"78135","이형종","2025","키움","KBO","https://www.koreabaseball.com/Record/Player/HitterDetail/Total.aspx?playerId=78135"
"78168","서건창","2008","LG","KBO","https://www.koreabaseball.com/Record/Player/HitterDetail/Total.aspx?playerId=78168"
"78168","서건창","2012","넥센","KBO","https://www.koreabaseball.com/Record/Player/HitterDetail/Total.aspx?playerId=78168"
"78168","서건창","2013","넥센","KBO","https://www.koreabaseball.com/Record/Player/HitterDetail/Total.aspx?playerId=78168"
"78168","서건창","2014","넥센","KBO","https://www.koreabaseball.com/Record/Player/HitterDetail/Total.aspx?playerId=78168"
"78168","서건창","2015","넥센","KBO","https://www.koreabaseball.com/Record/Player/HitterDetail/Total.aspx?playerId=78168"
"78168","서건창","2016","넥센","KBO","https://www.koreabaseball.com/Record/Player/HitterDetail/Total.aspx?playerId=78168"
"78168","서건창","2017","넥센","KBO","https://www.koreabaseball.com/Record/Player/HitterDetail/Total.aspx?playerId=78168"
"78168","서건창","2018","넥센","KBO","https://www.koreabaseball.com/Record/Player/HitterDetail/Total.aspx?playerId=78168"
"78168","서건창","2019","키움","KBO","https://www.koreabaseball.com/Record/Player/HitterDetail/Total.aspx?playerId=78168"
"78168","서건창","2020","키움","KBO","https://www.koreabaseball.com/Record/Player/HitterDetail/Total.aspx?playerId=78168"
"78168","서건창","2021","LG","KBO","https://www.koreabaseball.com/Record/Player/HitterDetail/Total.aspx?playerId=78168"
"78168","서건창","2022","LG","KBO","https://www.koreabaseball.com/Record/Player/HitterDetail/Total.aspx?playerId=78168"
"78168","서건창","2023","LG","KBO","https://www.koreabaseball.com/Record/Player/HitterDetail/Total.aspx?playerId=78168"
"78168","서건창","2024","KIA","KBO","https://www.koreabaseball.com/Record/Player/HitterDetail/Total.aspx?playerId=78168"
"78168","서건창","2025","KIA","KBO","https://www.koreabaseball.com/Record/Player/HitterDetail/Total.aspx?playerId=78168"
"78224","김재환","2008","두산","KBO","https://www.koreabaseball.com/Record/Player/HitterDetail/Total.aspx?playerId=78224"
"78224","김재환","2011","두산","KBO","https://www.koreabaseball.com/Record/Player/HitterDetail/Total.aspx?playerId=78224"
"78224","김재환","2012","두산","KBO","https://www.koreabaseball.com/Record/Player/HitterDetail/Total.aspx?playerId=78224"
"78224","김재환","2014","두산","KBO","https://www.koreabaseball.com/Record/Player/HitterDetail/Total.aspx?playerId=78224"
"78224","김재환","2015","두산","KBO","https://www.koreabaseball.com/Record/Player/HitterDetail/Total.aspx?playerId=78224"
"78224","김재환","2016","두산","KBO","https://www.koreabaseball.com/Record/Player/HitterDetail/Total.aspx?playerId=78224"
"78224","김재환","2017","두산","KBO","https://www.koreabaseball.com/Record/Player/HitterDetail/Total.aspx?playerId=78224"
"78224","김재환","2018","두산","KBO","https://www.koreabaseball.com/Record/Player/HitterDetail/Total.aspx?playerId=78224"
"78224","김재환","2019","두산","KBO","https://www.koreabaseball.com/Record/Player/HitterDetail/Total.aspx?playerId=78224"
"78224","김재환","2020","두산","KBO","https://www.koreabaseball.com/Record/Player/HitterDetail/Total.aspx?playerId=78224"
"78224","김재환","2021","두산","KBO","https://www.koreabaseball.com/Record/Player/HitterDetail/Total.aspx?playerId=78224"
"78224","김재환","2022","두산","KBO","https://www.koreabaseball.com/Record/Player/HitterDetail/Total.aspx?playerId=78224"
"78224","김재환","2023","두산","KBO","https://www.koreabaseball.com/Record/Player/HitterDetail/Total.aspx?playerId=78224"
"78224","김재환","2024","두산","KBO","https://www.koreabaseball.com/Record/Player/HitterDetail/Total.aspx?playerId=78224"
"78224","김재환","2025","두산","KBO","https://www.koreabaseball.com/Record/Player/HitterDetail/Total.aspx?playerId=78224"
"78288","최재훈","2008","두산","KBO","https://www.koreabaseball.com/Record/Player/HitterDetail/Total.aspx?playerId=78288"
"78288","최재훈","2012","두산","KBO","https://www.koreabaseball.com/Record/Player/HitterDetail/Total.aspx?playerId=78288"
"78288","최재훈","2013","두산","KBO","https://www.koreabaseball.com/Record/Player/HitterDetail/Total.aspx?playerId=78288"
"78288","최재훈","2014","두산","KBO","https://www.koreabaseball.com/Record/Player/HitterDetail/Total.aspx?playerId=78288"
"78288","최재훈","2015","두산","KBO","https://www.koreabaseball.com/Record/Player/HitterDetail/Total.aspx?playerId=78288"
"78288","최재훈","2016","두산","KBO","https://www.koreabaseball.com/Record/Player/HitterDetail/Total.aspx?playerId=78288"
"78288","최재훈","2017","한화","KBO","https://www.koreabaseball.com/Record/Player/HitterDetail/Total.aspx?playerId=78288"
"78288","최재훈","2018","한화","KBO","https://www.koreabaseball.com/Record/Player/HitterDetail/Total.aspx?playerId=78288"
"78288","최재훈","2019","한화","KBO","https://www.koreabaseball.com/Record/Player/HitterDetail/Total.aspx?playerId=78288"
"78288","최재훈","2020","한화","KBO","https://www.koreabaseball.com/Record/Player/HitterDetail/Total.aspx?playerId=78288"
"78288","최재훈","2021","한화","KBO","https://www.koreabaseball.com/Record/Player/HitterDetail/Total.aspx?playerId=78288"
"78288","최재훈","2022","한화","KBO","https://www.koreabaseball.com/Record/Player/HitterDetail/Total.aspx?playerId=78288"
"78288","최재훈","2023","한화","KBO","https://www.koreabaseball.com/Record/Player/HitterDetail/Total.aspx?playerId=78288"
"78288","최재훈","2024","한화","KBO","https://www.koreabaseball.com/Record/Player/HitterDetail/Total.aspx?playerId=78288"
"78288","최재훈","2025","한화","KBO","https://www.koreabaseball.com/Record/Player/HitterDetail/Total.aspx?playerId=78288"
"78352","임창민","2009","히어로즈","KBO","https://www.koreabaseball.com/Record/Player/PitcherDetail/Total.aspx?playerId=78352"
"78352","임창민","2012","넥센","KBO","https://www.koreabaseball.com/Record/Player/PitcherDetail/Total.aspx?playerId=78352"
"78352","임창민","2013","NC","KBO","https://www.koreabaseball.com/Record/Player/PitcherDetail/Total.aspx?playerId=78352"
"78352","임창민","2014","NC","KBO","https://www.koreabaseball.com/Record/Player/PitcherDetail/Total.aspx?playerId=78352"
"78352","임창민","2015","NC","KBO","https://www.koreabaseball.com/Record/Player/PitcherDetail/Total.aspx?playerId=78352"
"78352","임창민","2016","NC","KBO","https://www.koreabaseball.com/Record/Player/PitcherDetail/Total.aspx?playerId=78352"
"78352","임창민","2017","NC","KBO","https://www.koreabaseball.com/Record/Player/PitcherDetail/Total.aspx?playerId=78352"
"78352","임창민","2018","NC","KBO","https://www.koreabaseball.com/Record/Player/PitcherDetail/Total.aspx?playerId=78352"
"78352","임창민","2019","NC","KBO","https://www.koreabaseball.com/Record/Player/PitcherDetail/Total.aspx?playerId=78352"
"78352","임창민","2020","NC","KBO","https://www.koreabaseball.com/Record/Player/PitcherDetail/Total.aspx?playerId=78352"
"78352","임창민","2021","NC","KBO","https://www.koreabaseball.com/Record/Player/PitcherDetail/Total.aspx?playerId=78352"
"78352","임창민","2022","두산","KBO","https://www.koreabaseball.com/Record/Player/PitcherDetail/Total.aspx?playerId=78352"
"78352","임창민","2023","키움","KBO","https://www.koreabaseball.com/Record/Player/PitcherDetail/Total.aspx?playerId=78352"
"78352","임창민","2024","삼성","KBO","https://www.koreabaseball.com/Record/Player/PitcherDetail/Total.aspx?playerId=78352"
"78352","임창민","2025","삼성","KBO","https://www.koreabaseball.com/Record/Player/PitcherDetail/Total.aspx?playerId=78352"
"78513","전준우","2008","롯데","KBO","https://www.koreabaseball.com/Record/Player/HitterDetail/Total.aspx?playerId=78513"
"78513","전준우","2009","롯데","KBO","https://www.koreabaseball.com/Record/Player/HitterDetail/Total.aspx?playerId=78513"
"78513","전준우","2010","롯데","KBO","https://www.koreabaseball.com/Record/Player/HitterDetail/Total.aspx?playerId=78513"
"78513","전준우","2011","롯데","KBO","https://www.koreabaseball.com/Record/Player/HitterDetail/Total.aspx?playerId=78513"
"78513","전준우","2012","롯데","KBO","https://www.koreabaseball.com/Record/Player/HitterDetail/Total.aspx?playerId=78513"
"78513","전준우","2013","롯데","KBO","https://www.koreabaseball.com/Record/Player/HitterDetail/Total.aspx?playerId=78513"
"78513","전준우","2014","롯데","KBO","https://www.koreabaseball.com/Record/Player/HitterDetail/Total.aspx?playerId=78513"
"78513","전준우","2016","롯데","KBO","https://www.koreabaseball.com/Record/Player/HitterDetail/Total.aspx?playerId=78513"
"78513","전준우","2017","롯데","KBO","https://www.koreabaseball.com/Record/Player/HitterDetail/Total.aspx?playerId=78513"
"78513","전준우","2018","롯데","KBO","https://www.koreabaseball.com/Record/Player/HitterDetail/Total.aspx?playerId=78513"
"78513","전준우","2019","롯데","KBO","https://www.koreabaseball.com/Record/Player/HitterDetail/Total.aspx?playerId=78513"
"78513","전준우","2020","롯데","KBO","https://www.koreabaseball.com/Record/Player/HitterDetail/Total.aspx?playerId=78513"
"78513","전준우","2021","롯데","KBO","https://www.koreabaseball.com/Record/Player/HitterDetail/Total.aspx?playerId=78513"
"78513","전준우","2022","롯데","KBO","https://www.koreabaseball.com/Record/Player/HitterDetail/Total.aspx?playerId=78513"
"78513","전준우","2023","롯데","KBO","https://www.koreabaseball.com/Record/Player/HitterDetail/Total.aspx?playerId=78513"
"78513","전준우","2024","롯데","KBO","https://www.koreabaseball.com/Record/Player/HitterDetail/Total.aspx?playerId=78513"
"78513","전준우","2025","롯데","KBO","https://www.koreabaseball.com/Record/Player/HitterDetail/Total.aspx?playerId=78513"
"78548","장성우","2009","롯데","KBO","https://www.koreabaseball.com/Record/Player/HitterDetail/Total.aspx?playerId=78548"
"78548","장성우","2010","롯데","KBO","https://www.koreabaseball.com/Record/Player/HitterDetail/Total.aspx?playerId=78548"
"78548","장성우","2011","롯데","KBO","https://www.koreabaseball.com/Record/Player/HitterDetail/Total.aspx?playerId=78548"
"78548","장성우","2014","롯데","KBO","https://www.koreabaseball.com/Record/Player/HitterDetail/Total.aspx?playerId=78548"
"78548","장성우","2015","KT","KBO","https://www.koreabaseball.com/Record/Player/HitterDetail/Total.aspx?playerId=78548"
"78548","장성우","2017","KT","KBO","https://www.koreabaseball.com/Record/Player/HitterDetail/Total.aspx?playerId=78548"
"78548","장성우","2018","KT","KBO","https://www.koreabaseball.com/Record/Player/HitterDetail/Total.aspx?playerId=78548"
"78548","장성우","2019","KT","KBO","https://www.koreabaseball.com/Record/Player/HitterDetail/Total.aspx?playerId=78548"
"78548","장성우","2020","KT","KBO","https://www.koreabaseball.com/Record/Player/HitterDetail/Total.aspx?playerId=78548"
"78548","장성우","2021","KT","KBO","https://www.koreabaseball.com/Record/Player/HitterDetail/Total.aspx?playerId=78548"
"78548","장성우","2022","KT","KBO","https://www.koreabaseball.com/Record/Player/HitterDetail/Total.aspx?playerId=78548"
"78548","장성우","2023","KT","KBO","https://www.koreabaseball.com/Record/Player/HitterDetail/Total.aspx?playerId=78548"
"78548","장성우","2024","KT","KBO","https://www.koreabaseball.com/Record/Player/HitterDetail/Total.aspx?playerId=78548"
"78548","장성우","2025","KT","KBO","https://www.koreabaseball.com/Record/Player/HitterDetail/Total.aspx?playerId=78548"
"78603","김선빈","2008","KIA","KBO","https://www.koreabaseball.com/Record/Player/HitterDetail/Total.aspx?playerId=78603"
"78603","김선빈","2009","KIA","KBO","https://www.koreabaseball.com/Record/Player/HitterDetail/Total.aspx?playerId=78603"
"78603","김선빈","2010","KIA","KBO","https://www.koreabaseball.com/Record/Player/HitterDetail/Total.aspx?playerId=78603"
"78603","김선빈","2011","KIA","KBO","https://www.koreabaseball.com/Record/Player/HitterDetail/Total.aspx?playerId=78603"
"78603","김선빈","2012","KIA","KBO","https://www.koreabaseball.com/Record/Player/HitterDetail/Total.aspx?playerId=78603"
"78603","김선빈","2013","KIA","KBO","https://www.koreabaseball.com/Record/Player/HitterDetail/Total.aspx?playerId=78603"
"78603","김선빈","2014","KIA","KBO","https://www.koreabaseball.com/Record/Player/HitterDetail/Total.aspx?playerId=78603"
"78603","김선빈","2016","KIA","KBO","https://www.koreabaseball.com/Record/Player/HitterDetail/Total.aspx?playerId=78603"
"78603","김선빈","2017","KIA","KBO","https://www.koreabaseball.com/Record/Player/HitterDetail/Total.aspx?playerId=78603"
"78603","김선빈","2018","KIA","KBO","https://www.koreabaseball.com/Record/Player/HitterDetail/Total.aspx?playerId=78603"
"78603","김선빈","2019","KIA","KBO","https://www.koreabaseball.com/Record/Player/HitterDetail/Total.aspx?playerId=78603"
"78603","김선빈","2020","KIA","KBO","https://www.koreabaseball.com/Record/Player/HitterDetail/Total.aspx?playerId=78603"
"78603","김선빈","2021","KIA","KBO","https://www.koreabaseball.com/Record/Player/HitterDetail/Total.aspx?playerId=78603"
"78603","김선빈","2022","KIA","KBO","https://www.koreabaseball.com/Record/Player/HitterDetail/Total.aspx?playerId=78603"
"78603","김선빈","2023","KIA","KBO","https://www.koreabaseball.com/Record/Player/HitterDetail/Total.aspx?playerId=78603"
"78603","김선빈","2024","KIA","KBO","https://www.koreabaseball.com/Record/Player/HitterDetail/Total.aspx?playerId=78603"
"78603","김선빈","2025","KIA","KBO","https://www.koreabaseball.com/Record/Player/HitterDetail/Total.aspx?playerId=78603"
"78756","오선진","2008","한화","KBO","https://www.koreabaseball.com/Record/Player/HitterDetail/Total.aspx?playerId=78756"
"78756","오선진","2009","한화","KBO","https://www.koreabaseball.com/Record/Player/HitterDetail/Total.aspx?playerId=78756"
"78756","오선진","2010","한화","KBO","https://www.koreabaseball.com/Record/Player/HitterDetail/Total.aspx?playerId=78756"
"78756","오선진","2011","한화","KBO","https://www.koreabaseball.com/Record/Player/HitterDetail/Total.aspx?playerId=78756"
"78756","오선진","2012","한화","KBO","https://www.koreabaseball.com/Record/Player/HitterDetail/Total.aspx?playerId=78756"
"78756","오선진","2013","한화","KBO","https://www.koreabaseball.com/Record/Player/HitterDetail/Total.aspx?playerId=78756"
"78756","오선진","2016","한화","KBO","https://www.koreabaseball.com/Record/Player/HitterDetail/Total.aspx?playerId=78756"
"78756","오선진","2017","한화","KBO","https://www.koreabaseball.com/Record/Player/HitterDetail/Total.aspx?playerId=78756"
"78756","오선진","2018","한화","KBO","https://www.koreabaseball.com/Record/Player/HitterDetail/Total.aspx?playerId=78756"
"78756","오선진","2019","한화","KBO","https://www.koreabaseball.com/Record/Player/HitterDetail/Total.aspx?playerId=78756"
"78756","오선진","2020","한화","KBO","https://www.koreabaseball.com/Record/Player/HitterDetail/Total.aspx?playerId=78756"
"78756","오선진","2021","삼성","KBO","https://www.koreabaseball.com/Record/Player/HitterDetail/Total.aspx?playerId=78756"
"78756","오선진","2022","삼성","KBO","https://www.koreabaseball.com/Record/Player/HitterDetail/Total.aspx?playerId=78756"
"78756","오선진","2023","한화","KBO","https://www.koreabaseball.com/Record/Player/HitterDetail/Total.aspx?playerId=78756"
"78756","오선진","2024","롯데","KBO","https://www.koreabaseball.com/Record/Player/HitterDetail/Total.aspx?playerId=78756"
"78756","오선진","2025","키움","KBO","https://www.koreabaseball.com/Record/Player/HitterDetail/Total.aspx?playerId=78756"
"79109","오지환","2009","LG","KBO","https://www.koreabaseball.com/Record/Player/HitterDetail/Total.aspx?playerId=79109"
"79109","오지환","2010","LG","KBO","https://www.koreabaseball.com/Record/Player/HitterDetail/Total.aspx?playerId=79109"
"79109","오지환","2011","LG","KBO","https://www.koreabaseball.com/Record/Player/HitterDetail/Total.aspx?playerId=79109"
"79109","오지환","2012","LG","KBO","https://www.koreabaseball.com/Record/Player/HitterDetail/Total.aspx?playerId=79109"
"79109","오지환","2013","LG","KBO","https://www.koreabaseball.com/Record/Player/HitterDetail/Total.aspx?playerId=79109"
"79109","오지환","2014","LG","KBO","https://www.koreabaseball.com/Record/Player/HitterDetail/Total.aspx?playerId=79109"
"79109","오지환","2015","LG","KBO","https://www.koreabaseball.com/Record/Player/HitterDetail/Total.aspx?playerId=79109"
"79109","오지환","2016","LG","KBO","https://www.koreabaseball.com/Record/Player/HitterDetail/Total.aspx?playerId=79109"
"79109","오지환","2017","LG","KBO","https://www.koreabaseball.com/Record/Player/HitterDetail/Total.aspx?playerId=79109"
"79109","오지환","2018","LG","KBO","https://www.koreabaseball.com/Record/Player/HitterDetail/Total.aspx?playerId=79109"
"79109","오지환","2019","LG","KBO","https://www.koreabaseball.com/Record/Player/HitterDetail/Total.aspx?playerId=79109"
"79109","오지환","2020","LG","KBO","https://www.koreabaseball.com/Record/Player/HitterDetail/Total.aspx?playerId=79109"
"79109","오지환","2021","LG","KBO","https://www.koreabaseball.com/Record/Player/HitterDetail/Total.aspx?playerId=79109"
"79109","오지환","2022","LG","KBO","https://www.koreabaseball.com/Record/Player/HitterDetail/Total.aspx?playerId=79109"
"79109","오지환","2023","LG","KBO","https://www.koreabaseball.com/Record/Player/HitterDetail/Total.aspx?playerId=79109"
"79109","오지환","2024","LG","KBO","https://www.koreabaseball.com/Record/Player/HitterDetail/Total.aspx?playerId=79109"
"79109","오지환","2025","LG","KBO","https://www.koreabaseball.com/Record/Player/HitterDetail/Total.aspx?playerId=79109"
"79140","최동환","2009","LG","KBO","https://www.koreabaseball.com/Record/Player/PitcherDetail/Total.aspx?playerId=79140"
"79140","최동환","2010","LG","KBO","https://www.koreabaseball.com/Record/Player/PitcherDetail/Total.aspx?playerId=79140"
"79140","최동환","2014","LG","KBO","https://www.koreabaseball.com/Record/Player/PitcherDetail/Total.aspx?playerId=79140"
"79140","최동환","2015","LG","KBO","https://www.koreabaseball.com/Record/Player/PitcherDetail/Total.aspx?playerId=79140"
"79140","최동환","2016","LG","KBO","https://www.koreabaseball.com/Record/Player/PitcherDetail/Total.aspx?playerId=79140"
"79140","최동환","2017","LG","KBO","https://www.koreabaseball.com/Record/Player/PitcherDetail/Total.aspx?playerId=79140"
"79140","최동환","2018","LG","KBO","https://www.koreabaseball.com/Record/Player/PitcherDetail/Total.aspx?playerId=79140"
"79140","최동환","2019","LG","KBO","https://www.koreabaseball.com/Record/Player/PitcherDetail/Total.aspx?playerId=79140"
"79140","최동환","2020","LG","KBO","https://www.koreabaseball.com/Record/Player/PitcherDetail/Total.aspx?playerId=79140"
"79140","최동환","2021","LG","KBO","https://www.koreabaseball.com/Record/Player/PitcherDetail/Total.aspx?playerId=79140"
"79140","최동환","2022","LG","KBO","https://www.koreabaseball.com/Record/Player/PitcherDetail/Total.aspx?playerId=79140"
"79140","최동환","2023","LG","KBO","https://www.koreabaseball.com/Record/Player/PitcherDetail/Total.aspx?playerId=79140"
"79140","최동환","2024","LG","KBO","https://www.koreabaseball.com/Record/Player/PitcherDetail/Total.aspx?playerId=79140"
"79140","최동환","2025","KT","KBO","https://www.koreabaseball.com/Record/Player/PitcherDetail/Total.aspx?playerId=79140"
"79192","채은성","2014","LG","KBO","https://www.koreabaseball.com/Record/Player/HitterDetail/Total.aspx?playerId=79192"
"79192","채은성","2015","LG","KBO","https://www.koreabaseball.com/Record/Player/HitterDetail/Total.aspx?playerId=79192"
"79192","채은성","2016","LG","KBO","https://www.koreabaseball.com/Record/Player/HitterDetail/Total.aspx?playerId=79192"
"79192","채은성","2017","LG","KBO","https://www.koreabaseball.com/Record/Player/HitterDetail/Total.aspx?playerId=79192"
"79192","채은성","2018","LG","KBO","https://www.koreabaseball.com/Record/Player/HitterDetail/Total.aspx?playerId=79192"
"79192","채은성","2019","LG","KBO","https://www.koreabaseball.com/Record/Player/HitterDetail/Total.aspx?playerId=79192"
"79192","채은성","2020","LG","KBO","https://www.koreabaseball.com/Record/Player/HitterDetail/Total.aspx?playerId=79192"
"79192","채은성","2021","LG","KBO","https://www.koreabaseball.com/Record/Player/HitterDetail/Total.aspx?playerId=79192"
"79192","채은성","2022","LG","KBO","https://www.koreabaseball.com/Record/Player/HitterDetail/Total.aspx?playerId=79192"
"79192","채은성","2023","한화","KBO","https://www.koreabaseball.com/Record/Player/HitterDetail/Total.aspx?playerId=79192"
"79192","채은성","2024","한화","KBO","https://www.koreabaseball.com/Record/Player/HitterDetail/Total.aspx?playerId=79192"
"79192","채은성","2025","한화","KBO","https://www.koreabaseball.com/Record/Player/HitterDetail/Total.aspx?playerId=79192"
"79215","박건우","2009","두산","KBO","https://www.koreabaseball.com/Record/Player/HitterDetail/Total.aspx?playerId=79215"
"79215","박건우","2013","두산","KBO","https://www.koreabaseball.com/Record/Player/HitterDetail/Total.aspx?playerId=79215"
"79215","박건우","2014","두산","KBO","https://www.koreabaseball.com/Record/Player/HitterDetail/Total.aspx?playerId=79215"
"79215","박건우","2015","두산","KBO","https://www.koreabaseball.com/Record/Player/HitterDetail/Total.aspx?playerId=79215"
"79215","박건우","2016","두산","KBO","https://www.koreabaseball.com/Record/Player/HitterDetail/Total.aspx?playerId=79215"
"79215","박건우","2017","두산","KBO","https://www.koreabaseball.com/Record/Player/HitterDetail/Total.aspx?playerId=79215"
"79215","박건우","2018","두산","KBO","https://www.koreabaseball.com/Record/Player/HitterDetail/Total.aspx?playerId=79215"
"79215","박건우","2019","두산","KBO","https://www.koreabaseball.com/Record/Player/HitterDetail/Total.aspx?playerId=79215"
"79215","박건우","2020","두산","KBO","https://www.koreabaseball.com/Record/Player/HitterDetail/Total.aspx?playerId=79215"
"79215","박건우","2021","두산","KBO","https://www.koreabaseball.com/Record/Player/HitterDetail/Total.aspx?playerId=79215"
"79215","박건우","2022","NC","KBO","https://www.koreabaseball.com/Record/Player/HitterDetail/Total.aspx?playerId=79215"
"79215","박건우","2023","NC","KBO","https://www.koreabaseball.com/Record/Player/HitterDetail/Total.aspx?playerId=79215"
"79215","박건우","2024","NC","KBO","https://www.koreabaseball.com/Record/Player/HitterDetail/Total.aspx?playerId=79215"
"79215","박건우","2025","NC","KBO","https://www.koreabaseball.com/Record/Player/HitterDetail/Total.aspx?playerId=79215"
"79231","정수빈","2009","두산","KBO","https://www.koreabaseball.com/Record/Player/HitterDetail/Total.aspx?playerId=79231"
"79231","정수빈","2010","두산","KBO","https://www.koreabaseball.com/Record/Player/HitterDetail/Total.aspx?playerId=79231"
"79231","정수빈","2011","두산","KBO","https://www.koreabaseball.com/Record/Player/HitterDetail/Total.aspx?playerId=79231"
"79231","정수빈","2012","두산","KBO","https://www.koreabaseball.com/Record/Player/HitterDetail/Total.aspx?playerId=79231"
"79231","정수빈","2013","두산","KBO","https://www.koreabaseball.com/Record/Player/HitterDetail/Total.aspx?playerId=79231"
"79231","정수빈","2014","두산","KBO","https://www.koreabaseball.com/Record/Player/HitterDetail/Total.aspx?playerId=79231"
"79231","정수빈","2015","두산","KBO","https://www.koreabaseball.com/Record/Player/HitterDetail/Total.aspx?playerId=79231"
"79231","정수빈","2016","두산","KBO","https://www.koreabaseball.com/Record/Player/HitterDetail/Total.aspx?playerId=79231"
"79231","정수빈","2018","두산","KBO","https://www.koreabaseball.com/Record/Player/HitterDetail/Total.aspx?playerId=79231"
"79231","정수빈","2019","두산","KBO","https://www.koreabaseball.com/Record/Player/HitterDetail/Total.aspx?playerId=79231"
"79231","정수빈","2020","두산","KBO","https://www.koreabaseball.com/Record/Player/HitterDetail/Total.aspx?playerId=79231"
"79231","정수빈","2021","두산","KBO","https://www.koreabaseball.com/Record/Player/HitterDetail/Total.aspx?playerId=79231"
"79231","정수빈","2022","두산","KBO","https://www.koreabaseball.com/Record/Player/HitterDetail/Total.aspx?playerId=79231"
"79231","정수빈","2023","두산","KBO","https://www.koreabaseball.com/Record/Player/HitterDetail/Total.aspx?playerId=79231"
"79231","정수빈","2024","두산","KBO","https://www.koreabaseball.com/Record/Player/HitterDetail/Total.aspx?playerId=79231"
"79231","정수빈","2025","두산","KBO","https://www.koreabaseball.com/Record/Player/HitterDetail/Total.aspx?playerId=79231"
"79240","허경민","2012","두산","KBO","https://www.koreabaseball.com/Record/Player/HitterDetail/Total.aspx?playerId=79240"
"79240","허경민","2013","두산","KBO","https://www.koreabaseball.com/Record/Player/HitterDetail/Total.aspx?playerId=79240"
"79240","허경민","2014","두산","KBO","https://www.koreabaseball.com/Record/Player/HitterDetail/Total.aspx?playerId=79240"
"79240","허경민","2015","두산","KBO","https://www.koreabaseball.com/Record/Player/HitterDetail/Total.aspx?playerId=79240"
"79240","허경민","2016","두산","KBO","https://www.koreabaseball.com/Record/Player/HitterDetail/Total.aspx?playerId=79240"
"79240","허경민","2017","두산","KBO","https://www.koreabaseball.com/Record/Player/HitterDetail/Total.aspx?playerId=79240"
"79240","허경민","2018","두산","KBO","https://www.koreabaseball.com/Record/Player/HitterDetail/Total.aspx?playerId=79240"
"79240","허경민","2019","두산","KBO","https://www.koreabaseball.com/Record/Player/HitterDetail/Total.aspx?playerId=79240"
"79240","허경민","2020","두산","KBO","https://www.koreabaseball.com/Record/Player/HitterDetail/Total.aspx?playerId=79240"
"79240","허경민","2021","두산","KBO","https://www.koreabaseball.com/Record/Player/HitterDetail/Total.aspx?playerId=79240"
"79240","허경민","2022","두산","KBO","https://www.koreabaseball.com/Record/Player/HitterDetail/Total.aspx?playerId=79240"
"79240","허경민","2023","두산","KBO","https://www.koreabaseball.com/Record/Player/HitterDetail/Total.aspx?playerId=79240"
"79240","허경민","2024","두산","KBO","https://www.koreabaseball.com/Record/Player/HitterDetail/Total.aspx?playerId=79240"
"79240","허경민","2025","KT","KBO","https://www.koreabaseball.com/Record/Player/HitterDetail/Total.aspx?playerId=79240"
"79365","박동원","2010","넥센","KBO","https://www.koreabaseball.com/Record/Player/HitterDetail/Total.aspx?playerId=79365"
"79365","박동원","2013","넥센","KBO","https://www.koreabaseball.com/Record/Player/HitterDetail/Total.aspx?playerId=79365"
"79365","박동원","2014","넥센","KBO","https://www.koreabaseball.com/Record/Player/HitterDetail/Total.aspx?playerId=79365"
"79365","박동원","2015","넥센","KBO","https://www.koreabaseball.com/Record/Player/HitterDetail/Total.aspx?playerId=79365"
"79365","박동원","2016","넥센","KBO","https://www.koreabaseball.com/Record/Player/HitterDetail/Total.aspx?playerId=79365"
"79365","박동원","2017","넥센","KBO","https://www.koreabaseball.com/Record/Player/HitterDetail/Total.aspx?playerId=79365"
"79365","박동원","2018","넥센","KBO","https://www.koreabaseball.com/Record/Player/HitterDetail/Total.aspx?playerId=79365"
"79365","박동원","2019","키움","KBO","https://www.koreabaseball.com/Record/Player/HitterDetail/Total.aspx?playerId=79365"
"79365","박동원","2020","키움","KBO","https://www.koreabaseball.com/Record/Player/HitterDetail/Total.aspx?playerId=79365"
"79365","박동원","2021","키움","KBO","https://www.koreabaseball.com/Record/Player/HitterDetail/Total.aspx?playerId=79365"
"79365","박동원","2022","KIA","KBO","https://www.koreabaseball.com/Record/Player/HitterDetail/Total.aspx?playerId=79365"
"79365","박동원","2023","LG","KBO","https://www.koreabaseball.com/Record/Player/HitterDetail/Total.aspx?playerId=79365"
"79365","박동원","2024","LG","KBO","https://www.koreabaseball.com/Record/Player/HitterDetail/Total.aspx?playerId=79365"
"79365","박동원","2025","LG","KBO","https://www.koreabaseball.com/Record/Player/HitterDetail/Total.aspx?playerId=79365"
"79402","김상수","2009","삼성","KBO","https://www.koreabaseball.com/Record/Player/HitterDetail/Total.aspx?playerId=79402"
"79402","김상수","2010","삼성","KBO","https://www.koreabaseball.com/Record/Player/HitterDetail/Total.aspx?playerId=79402"
"79402","김상수","2011","삼성","KBO","https://www.koreabaseball.com/Record/Player/HitterDetail/Total.aspx?playerId=79402"
"79402","김상수","2012","삼성","KBO","https://www.koreabaseball.com/Record/Player/HitterDetail/Total.aspx?playerId=79402"
"79402","김상수","2013","삼성","KBO","https://www.koreabaseball.com/Record/Player/HitterDetail/Total.aspx?playerId=79402"
"79402","김상수","2014","삼성","KBO","https://www.koreabaseball.com/Record/Player/HitterDetail/Total.aspx?playerId=79402"
"79402","김상수","2015","삼성","KBO","https://www.koreabaseball.com/Record/Player/HitterDetail/Total.aspx?playerId=79402"
"79402","김상수","2016","삼성","KBO","https://www.koreabaseball.com/Record/Player/HitterDetail/Total.aspx?playerId=79402"
"79402","김상수","2017","삼성","KBO","https://www.koreabaseball.com/Record/Player/HitterDetail/Total.aspx?playerId=79402"
"79402","김상수","2018","삼성","KBO","https://www.koreabaseball.com/Record/Player/HitterDetail/Total.aspx?playerId=79402"
"79402","김상수","2019","삼성","KBO","https://www.koreabaseball.com/Record/Player/HitterDetail/Total.aspx?playerId=79402"
"79402","김상수","2020","삼성","KBO","https://www.koreabaseball.com/Record/Player/HitterDetail/Total.aspx?playerId=79402"
"79402","김상수","2021","삼성","KBO","https://www.koreabaseball.com/Record/Player/HitterDetail/Total.aspx?playerId=79402"
"79402","김상수","2022","삼성","KBO","https://www.koreabaseball.com/Record/Player/HitterDetail/Total.aspx?playerId=79402"
"79402","김상수","2023","KT","KBO","https://www.koreabaseball.com/Record/Player/HitterDetail/Total.aspx?playerId=79402"
"79402","김상수","2024","KT","KBO","https://www.koreabaseball.com/Record/Player/HitterDetail/Total.aspx?playerId=79402"
"79402","김상수","2025","KT","KBO","https://www.koreabaseball.com/Record/Player/HitterDetail/Total.aspx?playerId=79402"
"79456","이지영","2009","삼성","KBO","https://www.koreabaseball.com/Record/Player/HitterDetail/Total.aspx?playerId=79456"
"79456","이지영","2012","삼성","KBO","https://www.koreabaseball.com/Record/Player/HitterDetail/Total.aspx?playerId=79456"
"79456","이지영","2013","삼성","KBO","https://www.koreabaseball.com/Record/Player/HitterDetail/Total.aspx?playerId=79456"
"79456","이지영","2014","삼성","KBO","https://www.koreabaseball.com/Record/Player/HitterDetail/Total.aspx?playerId=79456"
"79456","이지영","2015","삼성","KBO","https://www.koreabaseball.com/Record/Player/HitterDetail/Total.aspx?playerId=79456"
"79456","이지영","2016","삼성","KBO","https://www.koreabaseball.com/Record/Player/HitterDetail/Total.aspx?playerId=79456"
"79456","이지영","2017","삼성","KBO","https://www.koreabaseball.com/Record/Player/HitterDetail/Total.aspx?playerId=79456"
"79456","이지영","2018","삼성","KBO","https://www.koreabaseball.com/Record/Player/HitterDetail/Total.aspx?playerId=79456"
"79456","이지영","2019","키움","KBO","https://www.koreabaseball.com/Record/Player/HitterDetail/Total.aspx?playerId=79456"
"79456","이지영","2020","키움","KBO","https://www.koreabaseball.com/Record/Player/HitterDetail/Total.aspx?playerId=79456"
"79456","이지영","2021","키움","KBO","https://www.koreabaseball.com/Record/Player/HitterDetail/Total.aspx?playerId=79456"
"79456","이지영","2022","키움","KBO","https://www.koreabaseball.com/Record/Player/HitterDetail/Total.aspx?playerId=79456"
"79456","이지영","2023","키움","KBO","https://www.koreabaseball.com/Record/Player/HitterDetail/Total.aspx?playerId=79456"
"79456","이지영","2024","SSG","KBO","https://www.koreabaseball.com/Record/Player/HitterDetail/Total.aspx?playerId=79456"
"79456","이지영","2025","SSG","KBO","https://www.koreabaseball.com/Record/Player/HitterDetail/Total.aspx?playerId=79456"
"79608","안치홍","2009","KIA","KBO","https://www.koreabaseball.com/Record/Player/HitterDetail/Total.aspx?playerId=79608"
"79608","안치홍","2010","KIA","KBO","https://www.koreabaseball.com/Record/Player/HitterDetail/Total.aspx?playerId=79608"
"79608","안치홍","2011","KIA","KBO","https://www.koreabaseball.com/Record/Player/HitterDetail/Total.aspx?playerId=79608"
"79608","안치홍","2012","KIA","KBO","https://www.koreabaseball.com/Record/Player/HitterDetail/Total.aspx?playerId=79608"
"79608","안치홍","2013","KIA","KBO","https://www.koreabaseball.com/Record/Player/HitterDetail/Total.aspx?playerId=79608"
"79608","안치홍","2014","KIA","KBO","https://www.koreabaseball.com/Record/Player/HitterDetail/Total.aspx?playerId=79608"
"79608","안치홍","2016","KIA","KBO","https://www.koreabaseball.com/Record/Player/HitterDetail/Total.aspx?playerId=79608"
"79608","안치홍","2017","KIA","KBO","https://www.koreabaseball.com/Record/Player/HitterDetail/Total.aspx?playerId=79608"
"79608","안치홍","2018","KIA","KBO","https://www.koreabaseball.com/Record/Player/HitterDetail/Total.aspx?playerId=79608"
"79608","안치홍","2019","KIA","KBO","https://www.koreabaseball.com/Record/Player/HitterDetail/Total.aspx?playerId=79608"
"79608","안치홍","2020","롯데","KBO","https://www.koreabaseball.com/Record/Player/HitterDetail/Total.aspx?playerId=79608"
"79608","안치홍","2021","롯데","KBO","https://www.koreabaseball.com/Record/Player/HitterDetail/Total.aspx?playerId=79608"
"79608","안치홍","2022","롯데","KBO","https://www.koreabaseball.com/Record/Player/HitterDetail/Total.aspx?playerId=79608"
"79608","안치홍","2023","롯데","KBO","https://www.koreabaseball.com/Record/Player/HitterDetail/Total.aspx?playerId=79608"
"79608","안치홍","2024","한화","KBO","https://www.koreabaseball.com/Record/Player/HitterDetail/Total.aspx?playerId=79608"
"79608","안치홍","2025","한화","KBO","https://www.koreabaseball.com/Record/Player/HitterDetail/Total.aspx?playerId=79608"
"79764","장민재","2010","한화","KBO","https://www.koreabaseball.com/Record/Player/PitcherDetail/Total.aspx?playerId=79764"
"79764","장민재","2011","한화","KBO","https://www.koreabaseball.com/Record/Player/PitcherDetail/Total.aspx?playerId=79764"
"79764","장민재","2015","한화","KBO","https://www.koreabaseball.com/Record/Player/PitcherDetail/Total.aspx?playerId=79764"
"79764","장민재","2016","한화","KBO","https://www.koreabaseball.com/Record/Player/PitcherDetail/Total.aspx?playerId=79764"
"79764","장민재","2017","한화","KBO","https://www.koreabaseball.com/Record/Player/PitcherDetail/Total.aspx?playerId=79764"
"79764","장민재","2018","한화","KBO","https://www.koreabaseball.com/Record/Player/PitcherDetail/Total.aspx?playerId=79764"
"79764","장민재","2019","한화","KBO","https://www.koreabaseball.com/Record/Player/PitcherDetail/Total.aspx?playerId=79764"
"79764","장민재","2020","한화","KBO","https://www.koreabaseball.com/Record/Player/PitcherDetail/Total.aspx?playerId=79764"
"79764","장민재","2021","한화","KBO","https://www.koreabaseball.com/Record/Player/PitcherDetail/Total.aspx?playerId=79764"
"79764","장민재","2022","한화","KBO","https://www.koreabaseball.com/Record/Player/PitcherDetail/Total.aspx?playerId=79764"
"79764","장민재","2023","한화","KBO","https://www.koreabaseball.com/Record/Player/PitcherDetail/Total.aspx?playerId=79764"
"79764","장민재","2024","한화","KBO","https://www.koreabaseball.com/Record/Player/PitcherDetail/Total.aspx?playerId=79764"
