"kbo_player_id","player_name","source_page_url","image_url","credit","license","redistributable","approved","local_filename","status","notes"
"61353","고종욱","https://www.koreabaseball.com/Record/Player/HitterDetail/Basic.aspx?playerId=61353","https://6ptotvmi5753.edge.naverncp.com/KBO_IMAGE/person/middle/2026/61353.jpg","KBO official website","Official profile photo; redistribution rights unverified","0","0","originals/61353.jpg","downloaded_local_only","Local game-development copy; excluded from Git and redistribution packages"
"53609","곽도규","https://www.koreabaseball.com/Record/Player/PitcherDetail/Basic.aspx?playerId=53609","https://6ptotvmi5753.edge.naverncp.com/KBO_IMAGE/person/middle/2026/53609.jpg","KBO official website","Official profile photo; redistribution rights unverified","0","0","originals/53609.jpg","downloaded_local_only","Local game-development copy; excluded from Git and redistribution packages"
"76225","김건국","https://www.koreabaseball.com/Record/Player/PitcherDetail/Basic.aspx?playerId=76225","https://6ptotvmi5753.edge.naverncp.com/KBO_IMAGE/person/middle/2026/76225.jpg","KBO official website","Official profile photo; redistribution rights unverified","0","0","originals/76225.jpg","downloaded_local_only","Local game-development copy; excluded from Git and redistribution packages"
"66614","김규성","https://www.koreabaseball.com/Record/Player/HitterDetail/Basic.aspx?playerId=66614","https://6ptotvmi5753.edge.naverncp.com/KBO_IMAGE/person/middle/2026/66614.jpg","KBO official website","Official profile photo; redistribution rights unverified","0","0","originals/66614.jpg","downloaded_local_only","Local game-development copy; excluded from Git and redistribution packages"
"69620","김기훈","https://www.koreabaseball.com/Record/Player/PitcherDetail/Basic.aspx?playerId=69620","https://6ptotvmi5753.edge.naverncp.com/KBO_IMAGE/person/middle/2026/69620.jpg","KBO official website","Official profile photo; redistribution rights unverified","0","0","originals/69620.jpg","downloaded_local_only","Local game-development copy; excluded from Git and redistribution packages"
"60337","김대유","https://www.koreabaseball.com/Record/Player/PitcherDetail/Basic.aspx?playerId=60337","https://6ptotvmi5753.edge.naverncp.com/KBO_IMAGE/person/middle/2026/60337.jpg","KBO official website","Official profile photo; redistribution rights unverified","0","0","originals/60337.jpg","downloaded_local_only","Local game-development copy; excluded from Git and redistribution packages"
"52605","김도영","https://www.koreabaseball.com/Record/Player/HitterDetail/Basic.aspx?playerId=52605","https://6ptotvmi5753.edge.naverncp.com/KBO_IMAGE/person/middle/2026/52605.jpg","KBO official website","Official profile photo; redistribution rights unverified","0","0","originals/52605.jpg","downloaded_local_only","Local game-development copy; excluded from Git and redistribution packages"
"69745","김도현","https://www.koreabaseball.com/Record/Player/PitcherDetail/Basic.aspx?playerId=69745","https://6ptotvmi5753.edge.naverncp.com/KBO_IMAGE/person/middle/2026/69745.jpg","KBO official website","Official profile photo; redistribution rights unverified","0","0","originals/69745.jpg","downloaded_local_only","Local game-development copy; excluded from Git and redistribution packages"
"54645","김민주","https://www.koreabaseball.com/Record/Player/PitcherDetail/Basic.aspx?playerId=54645","https://6ptotvmi5753.edge.naverncp.com/KBO_IMAGE/person/middle/2025/54645.jpg","KBO official website","Official profile photo; redistribution rights unverified","0","0","originals/54645.jpg","downloaded_local_only","Local game-development copy; excluded from Git and redistribution packages"
"63894","김사윤","https://www.koreabaseball.com/Record/Player/PitcherDetail/Basic.aspx?playerId=63894","https://6ptotvmi5753.edge.naverncp.com/KBO_IMAGE/person/middle/2026/63894.jpg","KBO official website","Official profile photo; redistribution rights unverified","0","0","originals/63894.jpg","downloaded_local_only","Local game-development copy; excluded from Git and redistribution packages"
"67610","김석환","https://www.koreabaseball.com/Record/Player/HitterDetail/Basic.aspx?playerId=67610","https://6ptotvmi5753.edge.naverncp.com/KBO_IMAGE/person/middle/2026/67610.jpg","KBO official website","Official profile photo; redistribution rights unverified","0","0","originals/67610.jpg","downloaded_local_only","Local game-development copy; excluded from Git and redistribution packages"
"78603","김선빈","https://www.koreabaseball.com/Record/Player/HitterDetail/Basic.aspx?playerId=78603","https://6ptotvmi5753.edge.naverncp.com/KBO_IMAGE/person/middle/2026/78603.jpg","KBO official website","Official profile photo; redistribution rights unverified","0","0","originals/78603.jpg","downloaded_local_only","Local game-development copy; excluded from Git and redistribution packages"
"66492","김승현","https://www.koreabaseball.com/Record/Player/PitcherDetail/Basic.aspx?playerId=66492","https://6ptotvmi5753.edge.naverncp.com/KBO_IMAGE/person/middle/2025/66492.jpg","KBO official website","Official profile photo; redistribution rights unverified","0","0","originals/66492.jpg","downloaded_local_only","Local game-development copy; excluded from Git and redistribution packages"
"68928","김시훈","https://www.koreabaseball.com/Record/Player/PitcherDetail/Basic.aspx?playerId=68928","https://6ptotvmi5753.edge.naverncp.com/KBO_IMAGE/person/middle/2026/68928.jpg","KBO official website","Official profile photo; redistribution rights unverified","0","0","originals/68928.jpg","downloaded_local_only","Local game-development copy; excluded from Git and redistribution packages"
"55646","김정엽","https://www.koreabaseball.com/Record/Player/PitcherDetail/Basic.aspx?playerId=55646","https://6ptotvmi5753.edge.naverncp.com/KBO_IMAGE/person/middle/2026/55646.jpg","KBO official website","Official profile photo; redistribution rights unverified","0","0","originals/55646.jpg","downloaded_local_only","Local game-development copy; excluded from Git and redistribution packages"
"78122","김태군","https://www.koreabaseball.com/Record/Player/HitterDetail/Basic.aspx?playerId=78122","https://6ptotvmi5753.edge.naverncp.com/KBO_IMAGE/person/middle/2026/78122.jpg","KBO official website","Official profile photo; redistribution rights unverified","0","0","originals/78122.jpg","downloaded_local_only","Local game-development copy; excluded from Git and redistribution packages"
"55610","김태형","https://www.koreabaseball.com/Record/Player/PitcherDetail/Basic.aspx?playerId=55610","https://6ptotvmi5753.edge.naverncp.com/KBO_IMAGE/person/middle/2026/55610.jpg","KBO official website","Official profile photo; redistribution rights unverified","0","0","originals/55610.jpg","downloaded_local_only","Local game-development copy; excluded from Git and redistribution packages"
"69516","김현수","https://www.koreabaseball.com/Record/Player/PitcherDetail/Basic.aspx?playerId=69516","https://6ptotvmi5753.edge.naverncp.com/KBO_IMAGE/person/middle/2026/69516.jpg","KBO official website","Official profile photo; redistribution rights unverified","0","0","originals/69516.jpg","downloaded_local_only","Local game-development copy; excluded from Git and redistribution packages"
"65653","김호령","https://www.koreabaseball.com/Record/Player/HitterDetail/Basic.aspx?playerId=65653","https://6ptotvmi5753.edge.naverncp.com/KBO_IMAGE/person/middle/2026/65653.jpg","KBO official website","Official profile photo; redistribution rights unverified","0","0","originals/65653.jpg","downloaded_local_only","Local game-development copy; excluded from Git and redistribution packages"
"62947","나성범","https://www.koreabaseball.com/Record/Player/HitterDetail/Basic.aspx?playerId=62947","https://6ptotvmi5753.edge.naverncp.com/KBO_IMAGE/person/middle/2026/62947.jpg","KBO official website","Official profile photo; redistribution rights unverified","0","0","originals/62947.jpg","downloaded_local_only","Local game-development copy; excluded from Git and redistribution packages"
"54640","네일","https://www.koreabaseball.com/Record/Player/PitcherDetail/Basic.aspx?playerId=54640","https://6ptotvmi5753.edge.naverncp.com/KBO_IMAGE/person/middle/2026/54640.jpg","KBO official website","Official profile photo; redistribution rights unverified","0","0","originals/54640.jpg","downloaded_local_only","Local game-development copy; excluded from Git and redistribution packages"
"50657","박민","https://www.koreabaseball.com/Record/Player/HitterDetail/Basic.aspx?playerId=50657","https://6ptotvmi5753.edge.naverncp.com/KBO_IMAGE/person/middle/2026/50657.jpg","KBO official website","Official profile photo; redistribution rights unverified","0","0","originals/50657.jpg","downloaded_local_only","Local game-development copy; excluded from Git and redistribution packages"
"55636","박재현","https://www.koreabaseball.com/Record/Player/HitterDetail/Basic.aspx?playerId=55636","https://6ptotvmi5753.edge.naverncp.com/KBO_IMAGE/person/middle/2026/55636.jpg","KBO official website","Official profile photo; redistribution rights unverified","0","0","originals/55636.jpg","downloaded_local_only","Local game-development copy; excluded from Git and redistribution packages"
"67609","박정우","https://www.koreabaseball.com/Record/Player/HitterDetail/Basic.aspx?playerId=67609","https://6ptotvmi5753.edge.naverncp.com/KBO_IMAGE/person/middle/2026/67609.jpg","KBO official website","Official profile photo; redistribution rights unverified","0","0","originals/67609.jpg","downloaded_local_only","Local game-development copy; excluded from Git and redistribution packages"
"63638","박준표","https://www.koreabaseball.com/Record/Player/PitcherDetail/Basic.aspx?playerId=63638","https://6ptotvmi5753.edge.naverncp.com/KBO_IMAGE/person/middle/2026/63638.jpg","KBO official website","Official profile photo; redistribution rights unverified","0","0","originals/63638.jpg","downloaded_local_only","Local game-development copy; excluded from Git and redistribution packages"
"64646","박찬호","https://www.koreabaseball.com/Record/Player/HitterDetail/Basic.aspx?playerId=64646","https://6ptotvmi5753.edge.naverncp.com/KBO_IMAGE/person/middle/2026/64646.jpg","KBO official website","Official profile photo; redistribution rights unverified","0","0","originals/64646.jpg","downloaded_local_only","Local game-development copy; excluded from Git and redistribution packages"
"55637","박헌","https://www.koreabaseball.com/Record/Player/HitterDetail/Basic.aspx?playerId=55637","https://6ptotvmi5753.edge.naverncp.com/KBO_IMAGE/person/middle/2026/55637.jpg","KBO official website","Official profile photo; redistribution rights unverified","0","0","originals/55637.jpg","downloaded_local_only","Local game-development copy; excluded from Git and redistribution packages"
"69727","변우혁","https://www.koreabaseball.com/Record/Player/HitterDetail/Basic.aspx?playerId=69727","https://6ptotvmi5753.edge.naverncp.com/KBO_IMAGE/person/middle/2026/69727.jpg","KBO official website","Official profile photo; redistribution rights unverified","0","0","originals/69727.jpg","downloaded_local_only","Local game-development copy; excluded from Git and redistribution packages"
"78168","서건창","https://www.koreabaseball.com/Record/Player/HitterDetail/Basic.aspx?playerId=78168","https://6ptotvmi5753.edge.naverncp.com/KBO_IMAGE/person/middle/2026/78168.jpg","KBO official website","Official profile photo; redistribution rights unverified","0","0","originals/78168.jpg","downloaded_local_only","Local game-development copy; excluded from Git and redistribution packages"
"54610","성영탁","https://www.koreabaseball.com/Record/Player/PitcherDetail/Basic.aspx?playerId=54610","https://6ptotvmi5753.edge.naverncp.com/KBO_IMAGE/person/middle/2026/54610.jpg","KBO official website","Official profile photo; redistribution rights unverified","0","0","originals/54610.jpg","downloaded_local_only","Local game-development copy; excluded from Git and redistribution packages"
"55659","양수호","https://www.koreabaseball.com/Record/Player/PitcherDetail/Basic.aspx?playerId=55659","https://6ptotvmi5753.edge.naverncp.com/KBO_IMAGE/person/middle/2026/55659.jpg","KBO official website","Official profile photo; redistribution rights unverified","0","0","originals/55659.jpg","downloaded_local_only","Local game-development copy; excluded from Git and redistribution packages"
"77637","양현종","https://www.koreabaseball.com/Record/Player/PitcherDetail/Basic.aspx?playerId=77637","https://6ptotvmi5753.edge.naverncp.com/KBO_IMAGE/person/middle/2026/77637.jpg","KBO official website","Official profile photo; redistribution rights unverified","0","0","originals/77637.jpg","downloaded_local_only","Local game-development copy; excluded from Git and redistribution packages"
"69636","오선우","https://www.koreabaseball.com/Record/Player/HitterDetail/Basic.aspx?playerId=69636","https://6ptotvmi5753.edge.naverncp.com/KBO_IMAGE/person/middle/2026/69636.jpg","KBO official website","Official profile photo; redistribution rights unverified","0","0","originals/69636.jpg","downloaded_local_only","Local game-development copy; excluded from Git and redistribution packages"
"55633","올러","https://www.koreabaseball.com/Record/Player/PitcherDetail/Basic.aspx?playerId=55633","https://6ptotvmi5753.edge.naverncp.com/KBO_IMAGE/person/middle/2026/55633.jpg","KBO official website","Official profile photo; redistribution rights unverified","0","0","originals/55633.jpg","downloaded_local_only","Local game-development copy; excluded from Git and redistribution packages"
"55645","위즈덤","https://www.koreabaseball.com/Record/Player/HitterDetail/Basic.aspx?playerId=55645","https://6ptotvmi5753.edge.naverncp.com/KBO_IMAGE/person/middle/2025/55645.jpg","KBO official website","Official profile photo; redistribution rights unverified","0","0","originals/55645.jpg","downloaded_local_only","Local game-development copy; excluded from Git and redistribution packages"
"67640","유승철","https://www.koreabaseball.com/Record/Player/PitcherDetail/Basic.aspx?playerId=67640","https://6ptotvmi5753.edge.naverncp.com/KBO_IMAGE/person/middle/2026/67640.jpg","KBO official website","Official profile photo; redistribution rights unverified","0","0","originals/67640.jpg","downloaded_local_only","Local game-development copy; excluded from Git and redistribution packages"
"50604","유지성","https://www.koreabaseball.com/Record/Player/PitcherDetail/Basic.aspx?playerId=50604","https://6ptotvmi5753.edge.naverncp.com/KBO_IMAGE/person/middle/2026/50604.jpg","KBO official website","Official profile photo; redistribution rights unverified","0","0","originals/50604.jpg","downloaded_local_only","Local game-development copy; excluded from Git and redistribution packages"
"52667","윤도현","https://www.koreabaseball.com/Record/Player/HitterDetail/Basic.aspx?playerId=52667","https://6ptotvmi5753.edge.naverncp.com/KBO_IMAGE/person/middle/2026/52667.jpg","KBO official website","Official profile photo; redistribution rights unverified","0","0","originals/52667.jpg","downloaded_local_only","Local game-development copy; excluded from Git and redistribution packages"
"53613","윤영철","https://www.koreabaseball.com/Record/Player/PitcherDetail/Basic.aspx?playerId=53613","https://6ptotvmi5753.edge.naverncp.com/KBO_IMAGE/person/middle/2026/53613.jpg","KBO official website","Official profile photo; redistribution rights unverified","0","0","originals/53613.jpg","downloaded_local_only","Local game-development copy; excluded from Git and redistribution packages"
"68619","윤중현","https://www.koreabaseball.com/Record/Player/PitcherDetail/Basic.aspx?playerId=68619","https://6ptotvmi5753.edge.naverncp.com/KBO_IMAGE/person/middle/2026/68619.jpg","KBO official website","Official profile photo; redistribution rights unverified","0","0","originals/68619.jpg","downloaded_local_only","Local game-development copy; excluded from Git and redistribution packages"
"53615","이도현","https://www.koreabaseball.com/Record/Player/PitcherDetail/Basic.aspx?playerId=53615","https://6ptotvmi5753.edge.naverncp.com/KBO_IMAGE/person/middle/2026/53615.jpg","KBO official website","Official profile photo; redistribution rights unverified","0","0","originals/53615.jpg","downloaded_local_only","Local game-development copy; excluded from Git and redistribution packages"
"55632","이성원","https://www.koreabaseball.com/Record/Player/PitcherDetail/Basic.aspx?playerId=55632","https://6ptotvmi5753.edge.naverncp.com/KBO_IMAGE/person/middle/2026/55632.jpg","KBO official website","Official profile photo; redistribution rights unverified","0","0","originals/55632.jpg","downloaded_local_only","Local game-development copy; excluded from Git and redistribution packages"
"51648","이의리","https://www.koreabaseball.com/Record/Player/PitcherDetail/Basic.aspx?playerId=51648","https://6ptotvmi5753.edge.naverncp.com/KBO_IMAGE/person/middle/2026/51648.jpg","KBO official website","Official profile photo; redistribution rights unverified","0","0","originals/51648.jpg","downloaded_local_only","Local game-development copy; excluded from Git and redistribution packages"
"65665","이준영","https://www.koreabaseball.com/Record/Player/PitcherDetail/Basic.aspx?playerId=65665","https://6ptotvmi5753.edge.naverncp.com/KBO_IMAGE/person/middle/2026/65665.jpg","KBO official website","Official profile photo; redistribution rights unverified","0","0","originals/65665.jpg","downloaded_local_only","Local game-development copy; excluded from Git and redistribution packages"
"64560","이창진","https://www.koreabaseball.com/Record/Player/HitterDetail/Basic.aspx?playerId=64560","https://6ptotvmi5753.edge.naverncp.com/KBO_IMAGE/person/middle/2026/64560.jpg","KBO official website","Official profile photo; redistribution rights unverified","0","0","originals/64560.jpg","downloaded_local_only","Local game-development copy; excluded from Git and redistribution packages"
"62951","이형범","https://www.koreabaseball.com/Record/Player/PitcherDetail/Basic.aspx?playerId=62951","https://6ptotvmi5753.edge.naverncp.com/KBO_IMAGE/person/middle/2026/62951.jpg","KBO official website","Official profile photo; redistribution rights unverified","0","0","originals/62951.jpg","downloaded_local_only","Local game-development copy; excluded from Git and redistribution packages"
"55663","이호민","https://www.koreabaseball.com/Record/Player/PitcherDetail/Basic.aspx?playerId=55663","https://6ptotvmi5753.edge.naverncp.com/KBO_IMAGE/person/middle/2026/55663.jpg","KBO official website","Official profile photo; redistribution rights unverified","0","0","originals/55663.jpg","downloaded_local_only","Local game-development copy; excluded from Git and redistribution packages"
"62754","임기영","https://www.koreabaseball.com/Record/Player/PitcherDetail/Basic.aspx?playerId=62754","https://6ptotvmi5753.edge.naverncp.com/KBO_IMAGE/person/middle/2026/62754.jpg","KBO official website","Official profile photo; redistribution rights unverified","0","0","originals/62754.jpg","downloaded_local_only","Local game-development copy; excluded from Git and redistribution packages"
"50641","장재혁","https://www.koreabaseball.com/Record/Player/PitcherDetail/Basic.aspx?playerId=50641","https://6ptotvmi5753.edge.naverncp.com/KBO_IMAGE/person/middle/2026/50641.jpg","KBO official website","Official profile photo; redistribution rights unverified","0","0","originals/50641.jpg","downloaded_local_only","Local game-development copy; excluded from Git and redistribution packages"
"66609","전상현","https://www.koreabaseball.com/Record/Player/PitcherDetail/Basic.aspx?playerId=66609","https://6ptotvmi5753.edge.naverncp.com/KBO_IMAGE/person/middle/2026/66609.jpg","KBO official website","Official profile photo; redistribution rights unverified","0","0","originals/66609.jpg","downloaded_local_only","Local game-development copy; excluded from Git and redistribution packages"
"50662","정해영","https://www.koreabaseball.com/Record/Player/PitcherDetail/Basic.aspx?playerId=50662","https://6ptotvmi5753.edge.naverncp.com/KBO_IMAGE/person/middle/2026/50662.jpg","KBO official website","Official profile photo; redistribution rights unverified","0","0","originals/50662.jpg","downloaded_local_only","Local game-development copy; excluded from Git and redistribution packages"
"53659","정해원","https://www.koreabaseball.com/Record/Player/HitterDetail/Basic.aspx?playerId=53659","https://6ptotvmi5753.edge.naverncp.com/KBO_IMAGE/person/middle/2026/53659.jpg","KBO official website","Official profile photo; redistribution rights unverified","0","0","originals/53659.jpg","downloaded_local_only","Local game-development copy; excluded from Git and redistribution packages"
"55926","정현창","https://www.koreabaseball.com/Record/Player/HitterDetail/Basic.aspx?playerId=55926","https://6ptotvmi5753.edge.naverncp.com/KBO_IMAGE/person/middle/2026/55926.jpg","KBO official website","Official profile photo; redistribution rights unverified","0","0","originals/55926.jpg","downloaded_local_only","Local game-development copy; excluded from Git and redistribution packages"
"63342","조상우","https://www.koreabaseball.com/Record/Player/PitcherDetail/Basic.aspx?playerId=63342","https://6ptotvmi5753.edge.naverncp.com/KBO_IMAGE/person/middle/2026/63342.jpg","KBO official website","Official profile photo; redistribution rights unverified","0","0","originals/63342.jpg","downloaded_local_only","Local game-development copy; excluded from Git and redistribution packages"
"66354","주효상","https://www.koreabaseball.com/Record/Player/HitterDetail/Basic.aspx?playerId=66354","https://6ptotvmi5753.edge.naverncp.com/KBO_IMAGE/person/middle/2026/66354.jpg","KBO official website","Official profile photo; redistribution rights unverified","0","0","originals/66354.jpg","downloaded_local_only","Local game-development copy; excluded from Git and redistribution packages"
"65464","최정용","https://www.koreabaseball.com/Record/Player/HitterDetail/Basic.aspx?playerId=65464","https://6ptotvmi5753.edge.naverncp.com/KBO_IMAGE/person/middle/2026/65464.jpg","KBO official website","Official profile photo; redistribution rights unverified","0","0","originals/65464.jpg","downloaded_local_only","Local game-development copy; excluded from Git and redistribution packages"
"52639","최지민","https://www.koreabaseball.com/Record/Player/PitcherDetail/Basic.aspx?playerId=52639","https://6ptotvmi5753.edge.naverncp.com/KBO_IMAGE/person/middle/2026/52639.jpg","KBO official website","Official profile photo; redistribution rights unverified","0","0","originals/52639.jpg","downloaded_local_only","Local game-development copy; excluded from Git and redistribution packages"
"72443","최형우","https://www.koreabaseball.com/Record/Player/HitterDetail/Basic.aspx?playerId=72443","https://6ptotvmi5753.edge.naverncp.com/KBO_IMAGE/person/middle/2026/72443.jpg","KBO official website","Official profile photo; redistribution rights unverified","0","0","originals/72443.jpg","downloaded_local_only","Local game-development copy; excluded from Git and redistribution packages"
"63722","한승택","https://www.koreabaseball.com/Record/Player/HitterDetail/Basic.aspx?playerId=63722","https://6ptotvmi5753.edge.naverncp.com/KBO_IMAGE/person/middle/2026/63722.jpg","KBO official website","Official profile photo; redistribution rights unverified","0","0","originals/63722.jpg","downloaded_local_only","Local game-development copy; excluded from Git and redistribution packages"
"51994","한재승","https://www.koreabaseball.com/Record/Player/PitcherDetail/Basic.aspx?playerId=51994","https://6ptotvmi5753.edge.naverncp.com/KBO_IMAGE/person/middle/2026/51994.jpg","KBO official website","Official profile photo; redistribution rights unverified","0","0","originals/51994.jpg","downloaded_local_only","Local game-development copy; excluded from Git and redistribution packages"
"68646","한준수","https://www.koreabaseball.com/Record/Player/HitterDetail/Basic.aspx?playerId=68646","https://6ptotvmi5753.edge.naverncp.com/KBO_IMAGE/person/middle/2026/68646.jpg","KBO official website","Official profile photo; redistribution rights unverified","0","0","originals/68646.jpg","downloaded_local_only","Local game-development copy; excluded from Git and redistribution packages"
"65610","황대인","https://www.koreabaseball.com/Record/Player/HitterDetail/Basic.aspx?playerId=65610","https://6ptotvmi5753.edge.naverncp.com/KBO_IMAGE/person/middle/2026/65610.jpg","KBO official website","Official profile photo; redistribution rights unverified","0","0","originals/65610.jpg","downloaded_local_only","Local game-development copy; excluded from Git and redistribution packages"
"52641","황동하","https://www.koreabaseball.com/Record/Player/PitcherDetail/Basic.aspx?playerId=52641","https://6ptotvmi5753.edge.naverncp.com/KBO_IMAGE/person/middle/2026/52641.jpg","KBO official website","Official profile photo; redistribution rights unverified","0","0","originals/52641.jpg","downloaded_local_only","Local game-development copy; excluded from Git and redistribution packages"
"53006","강건","https://www.koreabaseball.com/Record/Player/PitcherDetail/Basic.aspx?playerId=53006","https://6ptotvmi5753.edge.naverncp.com/KBO_IMAGE/person/middle/2026/53006.jpg","KBO official website","Official profile photo; redistribution rights unverified","0","0","originals/53006.jpg","downloaded_local_only","Local game-development copy; excluded from Git and redistribution packages"
"69064","강민성","https://www.koreabaseball.com/Record/Player/HitterDetail/Basic.aspx?playerId=69064","https://6ptotvmi5753.edge.naverncp.com/KBO_IMAGE/person/middle/2026/69064.jpg","KBO official website","Official profile photo; redistribution rights unverified","0","0","originals/69064.jpg","downloaded_local_only","Local game-development copy; excluded from Git and redistribution packages"
"68050","강백호","https://www.koreabaseball.com/Record/Player/HitterDetail/Basic.aspx?playerId=68050","https://6ptotvmi5753.edge.naverncp.com/KBO_IMAGE/person/middle/2026/68050.jpg","KBO official website","Official profile photo; redistribution rights unverified","0","0","originals/68050.jpg","downloaded_local_only","Local game-development copy; excluded from Git and redistribution packages"
"50066","강현우","https://www.koreabaseball.com/Record/Player/HitterDetail/Basic.aspx?playerId=50066","https://6ptotvmi5753.edge.naverncp.com/KBO_IMAGE/person/middle/2026/50066.jpg","KBO official website","Official profile photo; redistribution rights unverified","0","0","originals/50066.jpg","downloaded_local_only","Local game-development copy; excluded from Git and redistribution packages"
"64001","고영표","https://www.koreabaseball.com/Record/Player/PitcherDetail/Basic.aspx?playerId=64001","https://6ptotvmi5753.edge.naverncp.com/KBO_IMAGE/person/middle/2026/64001.jpg","KBO official website","Official profile photo; redistribution rights unverified","0","0","originals/64001.jpg","downloaded_local_only","Local game-development copy; excluded from Git and redistribution packages"
"51003","권동진","https://www.koreabaseball.com/Record/Player/HitterDetail/Basic.aspx?playerId=51003","https://6ptotvmi5753.edge.naverncp.com/KBO_IMAGE/person/middle/2026/51003.jpg","KBO official website","Official profile photo; redistribution rights unverified","0","0","originals/51003.jpg","downloaded_local_only","Local game-development copy; excluded from Git and redistribution packages"
"51005","김건형","https://www.koreabaseball.com/Record/Player/HitterDetail/Basic.aspx?playerId=51005","https://6ptotvmi5753.edge.naverncp.com/KBO_IMAGE/person/middle/2025/51005.jpg","KBO official website","Official profile photo; redistribution rights unverified","0","0","originals/51005.jpg","downloaded_local_only","Local game-development copy; excluded from Git and redistribution packages"
"55040","김동현","https://www.koreabaseball.com/Record/Player/PitcherDetail/Basic.aspx?playerId=55040","https://6ptotvmi5753.edge.naverncp.com/KBO_IMAGE/person/middle/2026/55040.jpg","KBO official website","Official profile photo; redistribution rights unverified","0","0","originals/55040.jpg","downloaded_local_only","Local game-development copy; excluded from Git and redistribution packages"
"54097","김민석","https://www.koreabaseball.com/Record/Player/HitterDetail/Basic.aspx?playerId=54097","https://6ptotvmi5753.edge.naverncp.com/KBO_IMAGE/person/middle/2026/54097.jpg","KBO official website","Official profile photo; redistribution rights unverified","0","0","originals/54097.jpg","downloaded_local_only","Local game-development copy; excluded from Git and redistribution packages"
"65048","김민수","https://www.koreabaseball.com/Record/Player/PitcherDetail/Basic.aspx?playerId=65048","https://6ptotvmi5753.edge.naverncp.com/KBO_IMAGE/person/middle/2026/65048.jpg","KBO official website","Official profile photo; redistribution rights unverified","0","0","originals/65048.jpg","downloaded_local_only","Local game-development copy; excluded from Git and redistribution packages"
"64004","김민혁","https://www.koreabaseball.com/Record/Player/HitterDetail/Basic.aspx?playerId=64004","https://6ptotvmi5753.edge.naverncp.com/KBO_IMAGE/person/middle/2026/64004.jpg","KBO official website","Official profile photo; redistribution rights unverified","0","0","originals/64004.jpg","downloaded_local_only","Local game-development copy; excluded from Git and redistribution packages"
"52002","김병준","https://www.koreabaseball.com/Record/Player/HitterDetail/Basic.aspx?playerId=52002","https://6ptotvmi5753.edge.naverncp.com/KBO_IMAGE/person/middle/2026/52002.jpg","KBO official website","Official profile photo; redistribution rights unverified","0","0","originals/52002.jpg","downloaded_local_only","Local game-development copy; excluded from Git and redistribution packages"
"79402","김상수","https://www.koreabaseball.com/Record/Player/HitterDetail/Basic.aspx?playerId=79402","https://6ptotvmi5753.edge.naverncp.com/KBO_IMAGE/person/middle/2026/79402.jpg","KBO official website","Official profile photo; redistribution rights unverified","0","0","originals/79402.jpg","downloaded_local_only","Local game-development copy; excluded from Git and redistribution packages"
"55043","김재원","https://www.koreabaseball.com/Record/Player/PitcherDetail/Basic.aspx?playerId=55043","https://6ptotvmi5753.edge.naverncp.com/KBO_IMAGE/person/middle/2026/55043.jpg","KBO official website","Official profile photo; redistribution rights unverified","0","0","originals/55043.jpg","downloaded_local_only","Local game-development copy; excluded from Git and redistribution packages"
"51299","김주완","https://www.koreabaseball.com/Record/Player/PitcherDetail/Basic.aspx?playerId=51299","https://6ptotvmi5753.edge.naverncp.com/KBO_IMAGE/person/middle/2025/51299.jpg","KBO official website","Official profile photo; redistribution rights unverified","0","0","originals/51299.jpg","downloaded_local_only","Local game-development copy; excluded from Git and redistribution packages"
"64007","문상철","https://www.koreabaseball.com/Record/Player/HitterDetail/Basic.aspx?playerId=64007","https://6ptotvmi5753.edge.naverncp.com/KBO_IMAGE/person/middle/2026/64007.jpg","KBO official website","Official profile photo; redistribution rights unverified","0","0","originals/64007.jpg","downloaded_local_only","Local game-development copy; excluded from Git and redistribution packages"
"67419","문용익","https://www.koreabaseball.com/Record/Player/PitcherDetail/Basic.aspx?playerId=67419","https://6ptotvmi5753.edge.naverncp.com/KBO_IMAGE/person/middle/2026/67419.jpg","KBO official website","Official profile photo; redistribution rights unverified","0","0","originals/67419.jpg","downloaded_local_only","Local game-development copy; excluded from Git and redistribution packages"
"55046","박건우","https://www.koreabaseball.com/Record/Player/PitcherDetail/Basic.aspx?playerId=55046","https://6ptotvmi5753.edge.naverncp.com/KBO_IMAGE/person/middle/2026/55046.jpg","KBO official website","Official profile photo; redistribution rights unverified","0","0","originals/55046.jpg","downloaded_local_only","Local game-development copy; excluded from Git and redistribution packages"
"55004","박민석","https://www.koreabaseball.com/Record/Player/HitterDetail/Basic.aspx?playerId=55004","https://6ptotvmi5753.edge.naverncp.com/KBO_IMAGE/person/middle/2026/55004.jpg","KBO official website","Official profile photo; redistribution rights unverified","0","0","originals/55004.jpg","downloaded_local_only","Local game-development copy; excluded from Git and redistribution packages"
"69056","박민석","https://www.koreabaseball.com/Record/Player/HitterDetail/Basic.aspx?playerId=69056","https://6ptotvmi5753.edge.naverncp.com/KBO_IMAGE/person/middle/2026/69056.jpg","KBO official website","Official profile photo; redistribution rights unverified","0","0","originals/69056.jpg","downloaded_local_only","Local game-development copy; excluded from Git and redistribution packages"
"52060","박영현","https://www.koreabaseball.com/Record/Player/PitcherDetail/Basic.aspx?playerId=52060","https://6ptotvmi5753.edge.naverncp.com/KBO_IMAGE/person/middle/2026/52060.jpg","KBO official website","Official profile photo; redistribution rights unverified","0","0","originals/52060.jpg","downloaded_local_only","Local game-development copy; excluded from Git and redistribution packages"
"64166","배정대","https://www.koreabaseball.com/Record/Player/HitterDetail/Basic.aspx?playerId=64166","https://6ptotvmi5753.edge.naverncp.com/KBO_IMAGE/person/middle/2026/64166.jpg","KBO official website","Official profile photo; redistribution rights unverified","0","0","originals/64166.jpg","downloaded_local_only","Local game-development copy; excluded from Git and redistribution packages"
"65516","배제성","https://www.koreabaseball.com/Record/Player/PitcherDetail/Basic.aspx?playerId=65516","https://6ptotvmi5753.edge.naverncp.com/KBO_IMAGE/person/middle/2026/65516.jpg","KBO official website","Official profile photo; redistribution rights unverified","0","0","originals/65516.jpg","downloaded_local_only","Local game-development copy; excluded from Git and redistribution packages"
"50109","성재헌","https://www.koreabaseball.com/Record/Player/PitcherDetail/Basic.aspx?playerId=50109","https://6ptotvmi5753.edge.naverncp.com/KBO_IMAGE/person/middle/2025/50109.jpg","KBO official website","Official profile photo; redistribution rights unverified","0","0","originals/50109.jpg","downloaded_local_only","Local game-development copy; excluded from Git and redistribution packages"
"50030","소형준","https://www.koreabaseball.com/Record/Player/PitcherDetail/Basic.aspx?playerId=50030","https://6ptotvmi5753.edge.naverncp.com/KBO_IMAGE/person/middle/2026/50030.jpg","KBO official website","Official profile photo; redistribution rights unverified","0","0","originals/50030.jpg","downloaded_local_only","Local game-development copy; excluded from Git and redistribution packages"
"69041","손동현","https://www.koreabaseball.com/Record/Player/PitcherDetail/Basic.aspx?playerId=69041","https://6ptotvmi5753.edge.naverncp.com/KBO_IMAGE/person/middle/2026/69041.jpg","KBO official website","Official profile photo; redistribution rights unverified","0","0","originals/69041.jpg","downloaded_local_only","Local game-development copy; excluded from Git and redistribution packages"
"64012","송민섭","https://www.koreabaseball.com/Record/Player/HitterDetail/Basic.aspx?playerId=64012","https://6ptotvmi5753.edge.naverncp.com/KBO_IMAGE/person/middle/2025/64012.jpg","KBO official website","Official profile photo; redistribution rights unverified","0","0","originals/64012.jpg","downloaded_local_only","Local game-development copy; excluded from Git and redistribution packages"
"55013","스티븐슨","https://www.koreabaseball.com/Record/Player/HitterDetail/Basic.aspx?playerId=55013","https://6ptotvmi5753.edge.naverncp.com/KBO_IMAGE/person/middle/2025/55013.jpg","KBO official website","Official profile photo; redistribution rights unverified","0","0","originals/55013.jpg","downloaded_local_only","Local game-development copy; excluded from Git and redistribution packages"
"67006","안치영","https://www.koreabaseball.com/Record/Player/HitterDetail/Basic.aspx?playerId=67006","https://6ptotvmi5753.edge.naverncp.com/KBO_IMAGE/person/middle/2026/67006.jpg","KBO official website","Official profile photo; redistribution rights unverified","0","0","originals/67006.jpg","downloaded_local_only","Local game-development copy; excluded from Git and redistribution packages"
"52001","안현민","https://www.koreabaseball.com/Record/Player/HitterDetail/Basic.aspx?playerId=52001","https://6ptotvmi5753.edge.naverncp.com/KBO_IMAGE/person/middle/2026/52001.jpg","KBO official website","Official profile photo; redistribution rights unverified","0","0","originals/52001.jpg","downloaded_local_only","Local game-development copy; excluded from Git and redistribution packages"
"55005","오서진","https://www.koreabaseball.com/Record/Player/HitterDetail/Basic.aspx?playerId=55005","https://6ptotvmi5753.edge.naverncp.com/KBO_IMAGE/person/middle/2026/55005.jpg","KBO official website","Official profile photo; redistribution rights unverified","0","0","originals/55005.jpg","downloaded_local_only","Local game-development copy; excluded from Git and redistribution packages"
"50859","오원석","https://www.koreabaseball.com/Record/Player/PitcherDetail/Basic.aspx?playerId=50859","https://6ptotvmi5753.edge.naverncp.com/KBO_IMAGE/person/middle/2026/50859.jpg","KBO official website","Official profile photo; redistribution rights unverified","0","0","originals/50859.jpg","downloaded_local_only","Local game-development copy; excluded from Git and redistribution packages"
"64504","오윤석","https://www.koreabaseball.com/Record/Player/HitterDetail/Basic.aspx?playerId=64504","https://6ptotvmi5753.edge.naverncp.com/KBO_IMAGE/person/middle/2026/64504.jpg","KBO official website","Official profile photo; redistribution rights unverified","0","0","originals/64504.jpg","downloaded_local_only","Local game-development copy; excluded from Git and redistribution packages"
"75334","오재일","https://www.koreabaseball.com/Record/Player/HitterDetail/Basic.aspx?playerId=75334","https://6ptotvmi5753.edge.naverncp.com/KBO_IMAGE/person/middle/2025/75334.jpg","KBO official website","Official profile photo; redistribution rights unverified","0","0","originals/75334.jpg","downloaded_local_only","Local game-development copy; excluded from Git and redistribution packages"
"73117","우규민","https://www.koreabaseball.com/Record/Player/PitcherDetail/Basic.aspx?playerId=73117","https://6ptotvmi5753.edge.naverncp.com/KBO_IMAGE/person/middle/2026/73117.jpg","KBO official website","Official profile photo; redistribution rights unverified","0","0","originals/73117.jpg","downloaded_local_only","Local game-development copy; excluded from Git and redistribution packages"
"54063","원상현","https://www.koreabaseball.com/Record/Player/PitcherDetail/Basic.aspx?playerId=54063","https://6ptotvmi5753.edge.naverncp.com/KBO_IMAGE/person/middle/2026/54063.jpg","KBO official website","Official profile photo; redistribution rights unverified","0","0","originals/54063.jpg","downloaded_local_only","Local game-development copy; excluded from Git and redistribution packages"
"51013","유준규","https://www.koreabaseball.com/Record/Player/HitterDetail/Basic.aspx?playerId=51013","https://6ptotvmi5753.edge.naverncp.com/KBO_IMAGE/person/middle/2026/51013.jpg","KBO official website","Official profile photo; redistribution rights unverified","0","0","originals/51013.jpg","downloaded_local_only","Local game-development copy; excluded from Git and redistribution packages"
"50092","윤준혁","https://www.koreabaseball.com/Record/Player/HitterDetail/Basic.aspx?playerId=50092","https://6ptotvmi5753.edge.naverncp.com/KBO_IMAGE/person/middle/2026/50092.jpg","KBO official website","Official profile photo; redistribution rights unverified","0","0","originals/50092.jpg","downloaded_local_only","Local game-development copy; excluded from Git and redistribution packages"
"69054","이상동","https://www.koreabaseball.com/Record/Player/PitcherDetail/Basic.aspx?playerId=69054","https://6ptotvmi5753.edge.naverncp.com/KBO_IMAGE/person/middle/2026/69054.jpg","KBO official website","Official profile photo; redistribution rights unverified","0","0","originals/69054.jpg","downloaded_local_only","Local game-development copy; excluded from Git and redistribution packages"
"69068","이선우","https://www.koreabaseball.com/Record/Player/PitcherDetail/Basic.aspx?playerId=69068","https://6ptotvmi5753.edge.naverncp.com/KBO_IMAGE/person/middle/2025/69068.jpg","KBO official website","Official profile photo; redistribution rights unverified","0","0","originals/69068.jpg","downloaded_local_only","Local game-development copy; excluded from Git and redistribution packages"
"67048","이정현","https://www.koreabaseball.com/Record/Player/PitcherDetail/Basic.aspx?playerId=67048","https://6ptotvmi5753.edge.naverncp.com/KBO_IMAGE/person/middle/2026/67048.jpg","KBO official website","Official profile photo; redistribution rights unverified","0","0","originals/67048.jpg","downloaded_local_only","Local game-development copy; excluded from Git and redistribution packages"
"67644","이정훈","https://www.koreabaseball.com/Record/Player/HitterDetail/Basic.aspx?playerId=67644","https://6ptotvmi5753.edge.naverncp.com/KBO_IMAGE/person/middle/2026/67644.jpg","KBO official website","Official profile photo; redistribution rights unverified","0","0","originals/67644.jpg","downloaded_local_only","Local game-development copy; excluded from Git and redistribution packages"
"68896","이채호","https://www.koreabaseball.com/Record/Player/PitcherDetail/Basic.aspx?playerId=68896","https://6ptotvmi5753.edge.naverncp.com/KBO_IMAGE/person/middle/2026/68896.jpg","KBO official website","Official profile photo; redistribution rights unverified","0","0","originals/68896.jpg","downloaded_local_only","Local game-development copy; excluded from Git and redistribution packages"
"69623","이태규","https://www.koreabaseball.com/Record/Player/PitcherDetail/Basic.aspx?playerId=69623","https://6ptotvmi5753.edge.naverncp.com/KBO_IMAGE/person/middle/2025/69623.jpg","KBO official website","Official profile photo; redistribution rights unverified","0","0","originals/69623.jpg","downloaded_local_only","Local game-development copy; excluded from Git and redistribution packages"
"54014","이현민","https://www.koreabaseball.com/Record/Player/PitcherDetail/Basic.aspx?playerId=54014","https://6ptotvmi5753.edge.naverncp.com/KBO_IMAGE/person/middle/2026/54014.jpg","KBO official website","Official profile photo; redistribution rights unverified","0","0","originals/54014.jpg","downloaded_local_only","Local game-development copy; excluded from Git and redistribution packages"
"68504","이호연","https://www.koreabaseball.com/Record/Player/HitterDetail/Basic.aspx?playerId=68504","https://6ptotvmi5753.edge.naverncp.com/KBO_IMAGE/person/middle/2026/68504.jpg","KBO official website","Official profile photo; redistribution rights unverified","0","0","originals/68504.jpg","downloaded_local_only","Local game-development copy; excluded from Git and redistribution packages"
"69113","임준형","https://www.koreabaseball.com/Record/Player/PitcherDetail/Basic.aspx?playerId=69113","https://6ptotvmi5753.edge.naverncp.com/KBO_IMAGE/person/middle/2026/69113.jpg","KBO official website","Official profile photo; redistribution rights unverified","0","0","originals/69113.jpg","downloaded_local_only","Local game-development copy; excluded from Git and redistribution packages"
"78548","장성우","https://www.koreabaseball.com/Record/Player/HitterDetail/Basic.aspx?playerId=78548","https://6ptotvmi5753.edge.naverncp.com/KBO_IMAGE/person/middle/2026/78548.jpg","KBO official website","Official profile photo; redistribution rights unverified","0","0","originals/78548.jpg","downloaded_local_only","Local game-development copy; excluded from Git and redistribution packages"
"64115","장준원","https://www.koreabaseball.com/Record/Player/HitterDetail/Basic.aspx?playerId=64115","https://6ptotvmi5753.edge.naverncp.com/KBO_IMAGE/person/middle/2026/64115.jpg","KBO official website","Official profile photo; redistribution rights unverified","0","0","originals/64115.jpg","downloaded_local_only","Local game-development copy; excluded from Git and redistribution packages"
"66706","장진혁","https://www.koreabaseball.com/Record/Player/HitterDetail/Basic.aspx?playerId=66706","https://6ptotvmi5753.edge.naverncp.com/KBO_IMAGE/person/middle/2026/66706.jpg","KBO official website","Official profile photo; redistribution rights unverified","0","0","originals/66706.jpg","downloaded_local_only","Local game-development copy; excluded from Git and redistribution packages"
"69047","전용주","https://www.koreabaseball.com/Record/Player/PitcherDetail/Basic.aspx?playerId=69047","https://6ptotvmi5753.edge.naverncp.com/KBO_IMAGE/person/middle/2026/69047.jpg","KBO official website","Official profile photo; redistribution rights unverified","0","0","originals/69047.jpg","downloaded_local_only","Local game-development copy; excluded from Git and redistribution packages"
"68089","조대현","https://www.koreabaseball.com/Record/Player/HitterDetail/Basic.aspx?playerId=68089","https://6ptotvmi5753.edge.naverncp.com/KBO_IMAGE/person/middle/2026/68089.jpg","KBO official website","Official profile photo; redistribution rights unverified","0","0","originals/68089.jpg","downloaded_local_only","Local game-development copy; excluded from Git and redistribution packages"
"64768","조이현","https://www.koreabaseball.com/Record/Player/PitcherDetail/Basic.aspx?playerId=64768","https://6ptotvmi5753.edge.naverncp.com/KBO_IMAGE/person/middle/2026/64768.jpg","KBO official website","Official profile photo; redistribution rights unverified","0","0","originals/64768.jpg","downloaded_local_only","Local game-development copy; excluded from Git and redistribution packages"
"65060","주권","https://www.koreabaseball.com/Record/Player/PitcherDetail/Basic.aspx?playerId=65060","https://6ptotvmi5753.edge.naverncp.com/KBO_IMAGE/person/middle/2026/65060.jpg","KBO official website","Official profile photo; redistribution rights unverified","0","0","originals/65060.jpg","downloaded_local_only","Local game-development copy; excluded from Git and redistribution packages"
"79140","최동환","https://www.koreabaseball.com/Record/Player/PitcherDetail/Basic.aspx?playerId=79140","https://6ptotvmi5753.edge.naverncp.com/KBO_IMAGE/person/middle/2026/79140.jpg","KBO official website","Official profile photo; redistribution rights unverified","0","0","originals/79140.jpg","downloaded_local_only","Local game-development copy; excluded from Git and redistribution packages"
"51007","최성민","https://www.koreabaseball.com/Record/Player/HitterDetail/Basic.aspx?playerId=51007","https://6ptotvmi5753.edge.naverncp.com/KBO_IMAGE/person/middle/2026/51007.jpg","KBO official website","Official profile photo; redistribution rights unverified","0","0","originals/51007.jpg","downloaded_local_only","Local game-development copy; excluded from Git and redistribution packages"
"50650","최용준","https://www.koreabaseball.com/Record/Player/PitcherDetail/Basic.aspx?playerId=50650","https://6ptotvmi5753.edge.naverncp.com/KBO_IMAGE/person/middle/2026/50650.jpg","KBO official website","Official profile photo; redistribution rights unverified","0","0","originals/50650.jpg","downloaded_local_only","Local game-development copy; excluded from Git and redistribution packages"
"55032","패트릭","https://www.koreabaseball.com/Record/Player/PitcherDetail/Basic.aspx?playerId=55032","https://6ptotvmi5753.edge.naverncp.com/KBO_IMAGE/person/middle/2025/55032.jpg","KBO official website","Official profile photo; redistribution rights unverified","0","0","originals/55032.jpg","downloaded_local_only","Local game-development copy; excluded from Git and redistribution packages"
"51058","한차현","https://www.koreabaseball.com/Record/Player/PitcherDetail/Basic.aspx?playerId=51058","https://6ptotvmi5753.edge.naverncp.com/KBO_IMAGE/person/middle/2026/51058.jpg","KBO official website","Official profile photo; redistribution rights unverified","0","0","originals/51058.jpg","downloaded_local_only","Local game-development copy; excluded from Git and redistribution packages"
"79240","허경민","https://www.koreabaseball.com/Record/Player/HitterDetail/Basic.aspx?playerId=79240","https://6ptotvmi5753.edge.naverncp.com/KBO_IMAGE/person/middle/2026/79240.jpg","KBO official website","Official profile photo; redistribution rights unverified","0","0","originals/79240.jpg","downloaded_local_only","Local game-development copy; excluded from Git and redistribution packages"
"54354","헤이수스","https://www.koreabaseball.com/Record/Player/PitcherDetail/Basic.aspx?playerId=54354","https://6ptotvmi5753.edge.naverncp.com/KBO_IMAGE/person/middle/2025/54354.jpg","KBO official website","Official profile photo; redistribution rights unverified","0","0","originals/54354.jpg","downloaded_local_only","Local game-development copy; excluded from Git and redistribution packages"
"76313","황재균","https://www.koreabaseball.com/Record/Player/HitterDetail/Basic.aspx?playerId=76313","https://6ptotvmi5753.edge.naverncp.com/KBO_IMAGE/person/middle/2025/76313.jpg","KBO official website","Official profile photo; redistribution rights unverified","0","0","originals/76313.jpg","downloaded_local_only","Local game-development copy; excluded from Git and redistribution packages"
"69100","구본혁","https://www.koreabaseball.com/Record/Player/HitterDetail/Basic.aspx?playerId=69100","https://6ptotvmi5753.edge.naverncp.com/KBO_IMAGE/person/middle/2026/69100.jpg","KBO official website","Official profile photo; redistribution rights unverified","0","0","originals/69100.jpg","downloaded_local_only","Local game-development copy; excluded from Git and redistribution packages"
"77263","김강률","https://www.koreabaseball.com/Record/Player/PitcherDetail/Basic.aspx?playerId=77263","https://6ptotvmi5753.edge.naverncp.com/KBO_IMAGE/person/middle/2026/77263.jpg","KBO official website","Official profile photo; redistribution rights unverified","0","0","originals/77263.jpg","downloaded_local_only","Local game-development copy; excluded from Git and redistribution packages"
"66145","김대현","https://www.koreabaseball.com/Record/Player/PitcherDetail/Basic.aspx?playerId=66145","https://6ptotvmi5753.edge.naverncp.com/KBO_IMAGE/person/middle/2026/66145.jpg","KBO official website","Official profile photo; redistribution rights unverified","0","0","originals/66145.jpg","downloaded_local_only","Local game-development copy; excluded from Git and redistribution packages"
"64793","김민수","https://www.koreabaseball.com/Record/Player/HitterDetail/Basic.aspx?playerId=64793","https://6ptotvmi5753.edge.naverncp.com/KBO_IMAGE/person/middle/2026/64793.jpg","KBO official website","Official profile photo; redistribution rights unverified","0","0","originals/64793.jpg","downloaded_local_only","Local game-development copy; excluded from Git and redistribution packages"
"53144","김범석","https://www.koreabaseball.com/Record/Player/HitterDetail/Basic.aspx?playerId=53144","https://6ptotvmi5753.edge.naverncp.com/KBO_IMAGE/person/middle/2025/53144.jpg","KBO official website","Official profile photo; redistribution rights unverified","0","0","originals/53144.jpg","downloaded_local_only","Local game-development copy; excluded from Git and redistribution packages"
"52105","김성우","https://www.koreabaseball.com/Record/Player/HitterDetail/Basic.aspx?playerId=52105","https://6ptotvmi5753.edge.naverncp.com/KBO_IMAGE/person/middle/2026/52105.jpg","KBO official website","Official profile photo; redistribution rights unverified","0","0","originals/52105.jpg","downloaded_local_only","Local game-development copy; excluded from Git and redistribution packages"
"69105","김성진","https://www.koreabaseball.com/Record/Player/HitterDetail/Basic.aspx?playerId=69105","https://6ptotvmi5753.edge.naverncp.com/KBO_IMAGE/person/middle/2026/69105.jpg","KBO official website","Official profile photo; redistribution rights unverified","0","0","originals/69105.jpg","downloaded_local_only","Local game-development copy; excluded from Git and redistribution packages"
"55167","김영우","https://www.koreabaseball.com/Record/Player/PitcherDetail/Basic.aspx?playerId=55167","https://6ptotvmi5753.edge.naverncp.com/KBO_IMAGE/person/middle/2026/55167.jpg","KBO official website","Official profile photo; redistribution rights unverified","0","0","originals/55167.jpg","downloaded_local_only","Local game-development copy; excluded from Git and redistribution packages"
"68130","김영준","https://www.koreabaseball.com/Record/Player/PitcherDetail/Basic.aspx?playerId=68130","https://6ptotvmi5753.edge.naverncp.com/KBO_IMAGE/person/middle/2026/68130.jpg","KBO official website","Official profile photo; redistribution rights unverified","0","0","originals/68130.jpg","downloaded_local_only","Local game-development copy; excluded from Git and redistribution packages"
"64596","김유영","https://www.koreabaseball.com/Record/Player/PitcherDetail/Basic.aspx?playerId=64596","https://6ptotvmi5753.edge.naverncp.com/KBO_IMAGE/person/middle/2026/64596.jpg","KBO official website","Official profile photo; redistribution rights unverified","0","0","originals/64596.jpg","downloaded_local_only","Local game-development copy; excluded from Git and redistribution packages"
"55122","김종운","https://www.koreabaseball.com/Record/Player/PitcherDetail/Basic.aspx?playerId=55122","https://6ptotvmi5753.edge.naverncp.com/KBO_IMAGE/person/middle/2026/55122.jpg","KBO official website","Official profile photo; redistribution rights unverified","0","0","originals/55122.jpg","downloaded_local_only","Local game-development copy; excluded from Git and redistribution packages"
"66162","김주성","https://www.koreabaseball.com/Record/Player/HitterDetail/Basic.aspx?playerId=66162","https://6ptotvmi5753.edge.naverncp.com/KBO_IMAGE/person/middle/2026/66162.jpg","KBO official website","Official profile photo; redistribution rights unverified","0","0","originals/66162.jpg","downloaded_local_only","Local game-development copy; excluded from Git and redistribution packages"
"65411","김주온","https://www.koreabaseball.com/Record/Player/PitcherDetail/Basic.aspx?playerId=65411","https://6ptotvmi5753.edge.naverncp.com/KBO_IMAGE/person/middle/2026/65411.jpg","KBO official website","Official profile photo; redistribution rights unverified","0","0","originals/65411.jpg","downloaded_local_only","Local game-development copy; excluded from Git and redistribution packages"
"62558","김준태","https://www.koreabaseball.com/Record/Player/HitterDetail/Basic.aspx?playerId=62558","https://6ptotvmi5753.edge.naverncp.com/KBO_IMAGE/person/middle/2026/62558.jpg","KBO official website","Official profile photo; redistribution rights unverified","0","0","originals/62558.jpg","downloaded_local_only","Local game-development copy; excluded from Git and redistribution packages"
"75867","김진성","https://www.koreabaseball.com/Record/Player/PitcherDetail/Basic.aspx?playerId=75867","https://6ptotvmi5753.edge.naverncp.com/KBO_IMAGE/person/middle/2026/75867.jpg","KBO official website","Official profile photo; redistribution rights unverified","0","0","originals/75867.jpg","downloaded_local_only","Local game-development copy; excluded from Git and redistribution packages"
"51154","김진수","https://www.koreabaseball.com/Record/Player/PitcherDetail/Basic.aspx?playerId=51154","https://6ptotvmi5753.edge.naverncp.com/KBO_IMAGE/person/middle/2026/51154.jpg","KBO official website","Official profile photo; redistribution rights unverified","0","0","originals/51154.jpg","downloaded_local_only","Local game-development copy; excluded from Git and redistribution packages"
"76290","김현수","https://www.koreabaseball.com/Record/Player/HitterDetail/Basic.aspx?playerId=76290","https://6ptotvmi5753.edge.naverncp.com/KBO_IMAGE/person/middle/2026/76290.jpg","KBO official website","Official profile photo; redistribution rights unverified","0","0","originals/76290.jpg","downloaded_local_only","Local game-development copy; excluded from Git and redistribution packages"
"54166","김현종","https://www.koreabaseball.com/Record/Player/HitterDetail/Basic.aspx?playerId=54166","https://6ptotvmi5753.edge.naverncp.com/KBO_IMAGE/person/middle/2026/54166.jpg","KBO official website","Official profile photo; redistribution rights unverified","0","0","originals/54166.jpg","downloaded_local_only","Local game-development copy; excluded from Git and redistribution packages"
"69102","문보경","https://www.koreabaseball.com/Record/Player/HitterDetail/Basic.aspx?playerId=69102","https://6ptotvmi5753.edge.naverncp.com/KBO_IMAGE/person/middle/2026/69102.jpg","KBO official website","Official profile photo; redistribution rights unverified","0","0","originals/69102.jpg","downloaded_local_only","Local game-development copy; excluded from Git and redistribution packages"
"68119","문성주","https://www.koreabaseball.com/Record/Player/HitterDetail/Basic.aspx?playerId=68119","https://6ptotvmi5753.edge.naverncp.com/KBO_IMAGE/person/middle/2026/68119.jpg","KBO official website","Official profile photo; redistribution rights unverified","0","0","originals/68119.jpg","downloaded_local_only","Local game-development copy; excluded from Git and redistribution packages"
"52121","문정빈","https://www.koreabaseball.com/Record/Player/HitterDetail/Basic.aspx?playerId=52121","https://6ptotvmi5753.edge.naverncp.com/KBO_IMAGE/person/middle/2026/52121.jpg","KBO official website","Official profile photo; redistribution rights unverified","0","0","originals/52121.jpg","downloaded_local_only","Local game-development copy; excluded from Git and redistribution packages"
"55164","박관우","https://www.koreabaseball.com/Record/Player/HitterDetail/Basic.aspx?playerId=55164","https://6ptotvmi5753.edge.naverncp.com/KBO_IMAGE/person/middle/2026/55164.jpg","KBO official website","Official profile photo; redistribution rights unverified","0","0","originals/55164.jpg","downloaded_local_only","Local game-development copy; excluded from Git and redistribution packages"
"79365","박동원","https://www.koreabaseball.com/Record/Player/HitterDetail/Basic.aspx?playerId=79365","https://6ptotvmi5753.edge.naverncp.com/KBO_IMAGE/person/middle/2026/79365.jpg","KBO official website","Official profile photo; redistribution rights unverified","0","0","originals/79365.jpg","downloaded_local_only","Local game-development copy; excluded from Git and redistribution packages"
"53139","박명근","https://www.koreabaseball.com/Record/Player/PitcherDetail/Basic.aspx?playerId=53139","https://6ptotvmi5753.edge.naverncp.com/KBO_IMAGE/person/middle/2026/53139.jpg","KBO official website","Official profile photo; redistribution rights unverified","0","0","originals/53139.jpg","downloaded_local_only","Local game-development copy; excluded from Git and redistribution packages"
"55121","박시원","https://www.koreabaseball.com/Record/Player/PitcherDetail/Basic.aspx?playerId=55121","https://6ptotvmi5753.edge.naverncp.com/KBO_IMAGE/person/middle/2026/55121.jpg","KBO official website","Official profile photo; redistribution rights unverified","0","0","originals/55121.jpg","downloaded_local_only","Local game-development copy; excluded from Git and redistribution packages"
"62415","박해민","https://www.koreabaseball.com/Record/Player/HitterDetail/Basic.aspx?playerId=62415","https://6ptotvmi5753.edge.naverncp.com/KBO_IMAGE/person/middle/2026/62415.jpg","KBO official website","Official profile photo; redistribution rights unverified","0","0","originals/62415.jpg","downloaded_local_only","Local game-development copy; excluded from Git and redistribution packages"
"63145","배재준","https://www.koreabaseball.com/Record/Player/PitcherDetail/Basic.aspx?playerId=63145","https://6ptotvmi5753.edge.naverncp.com/KBO_IMAGE/person/middle/2026/63145.jpg","KBO official website","Official profile photo; redistribution rights unverified","0","0","originals/63145.jpg","downloaded_local_only","Local game-development copy; excluded from Git and redistribution packages"
"65109","백승현","https://www.koreabaseball.com/Record/Player/PitcherDetail/Basic.aspx?playerId=65109","https://6ptotvmi5753.edge.naverncp.com/KBO_IMAGE/person/middle/2026/65109.jpg","KBO official website","Official profile photo; redistribution rights unverified","0","0","originals/65109.jpg","downloaded_local_only","Local game-development copy; excluded from Git and redistribution packages"
"55160","서영준","https://www.koreabaseball.com/Record/Player/HitterDetail/Basic.aspx?playerId=55160","https://6ptotvmi5753.edge.naverncp.com/KBO_IMAGE/person/middle/2026/55160.jpg","KBO official website","Official profile photo; redistribution rights unverified","0","0","originals/55160.jpg","downloaded_local_only","Local game-development copy; excluded from Git and redistribution packages"
"68159","성동현","https://www.koreabaseball.com/Record/Player/PitcherDetail/Basic.aspx?playerId=68159","https://6ptotvmi5753.edge.naverncp.com/KBO_IMAGE/person/middle/2026/68159.jpg","KBO official website","Official profile photo; redistribution rights unverified","0","0","originals/68159.jpg","downloaded_local_only","Local game-development copy; excluded from Git and redistribution packages"
"54156","손용준","https://www.koreabaseball.com/Record/Player/HitterDetail/Basic.aspx?playerId=54156","https://6ptotvmi5753.edge.naverncp.com/KBO_IMAGE/person/middle/2026/54156.jpg","KBO official website","Official profile photo; redistribution rights unverified","0","0","originals/54156.jpg","downloaded_local_only","Local game-development copy; excluded from Git and redistribution packages"
"67143","손주영","https://www.koreabaseball.com/Record/Player/PitcherDetail/Basic.aspx?playerId=67143","https://6ptotvmi5753.edge.naverncp.com/KBO_IMAGE/person/middle/2026/67143.jpg","KBO official website","Official profile photo; redistribution rights unverified","0","0","originals/67143.jpg","downloaded_local_only","Local game-development copy; excluded from Git and redistribution packages"
"51111","송승기","https://www.koreabaseball.com/Record/Player/PitcherDetail/Basic.aspx?playerId=51111","https://6ptotvmi5753.edge.naverncp.com/KBO_IMAGE/person/middle/2026/51111.jpg","KBO official website","Official profile photo; redistribution rights unverified","0","0","originals/51111.jpg","downloaded_local_only","Local game-development copy; excluded from Git and redistribution packages"
"68110","송찬의","https://www.koreabaseball.com/Record/Player/HitterDetail/Basic.aspx?playerId=68110","https://6ptotvmi5753.edge.naverncp.com/KBO_IMAGE/person/middle/2026/68110.jpg","KBO official website","Official profile photo; redistribution rights unverified","0","0","originals/68110.jpg","downloaded_local_only","Local game-development copy; excluded from Git and redistribution packages"
"65207","신민재","https://www.koreabaseball.com/Record/Player/HitterDetail/Basic.aspx?playerId=65207","https://6ptotvmi5753.edge.naverncp.com/KBO_IMAGE/person/middle/2026/65207.jpg","KBO official website","Official profile photo; redistribution rights unverified","0","0","originals/65207.jpg","downloaded_local_only","Local game-development copy; excluded from Git and redistribution packages"
"61411","심창민","https://www.koreabaseball.com/Record/Player/PitcherDetail/Basic.aspx?playerId=61411","https://6ptotvmi5753.edge.naverncp.com/KBO_IMAGE/person/middle/2025/61411.jpg","KBO official website","Official profile photo; redistribution rights unverified","0","0","originals/61411.jpg","downloaded_local_only","Local game-development copy; excluded from Git and redistribution packages"
"65115","안익훈","https://www.koreabaseball.com/Record/Player/HitterDetail/Basic.aspx?playerId=65115","https://6ptotvmi5753.edge.naverncp.com/KBO_IMAGE/person/middle/2026/65115.jpg","KBO official website","Official profile photo; redistribution rights unverified","0","0","originals/65115.jpg","downloaded_local_only","Local game-development copy; excluded from Git and redistribution packages"
"53123","오스틴","https://www.koreabaseball.com/Record/Player/HitterDetail/Basic.aspx?playerId=53123","https://6ptotvmi5753.edge.naverncp.com/KBO_IMAGE/person/middle/2026/53123.jpg","KBO official website","Official profile photo; redistribution rights unverified","0","0","originals/53123.jpg","downloaded_local_only","Local game-development copy; excluded from Git and redistribution packages"
"79109","오지환","https://www.koreabaseball.com/Record/Player/HitterDetail/Basic.aspx?playerId=79109","https://6ptotvmi5753.edge.naverncp.com/KBO_IMAGE/person/middle/2026/79109.jpg","KBO official website","Official profile photo; redistribution rights unverified","0","0","originals/79109.jpg","downloaded_local_only","Local game-development copy; excluded from Git and redistribution packages"
"51526","우강훈","https://www.koreabaseball.com/Record/Player/PitcherDetail/Basic.aspx?playerId=51526","https://6ptotvmi5753.edge.naverncp.com/KBO_IMAGE/person/middle/2026/51526.jpg","KBO official website","Official profile photo; redistribution rights unverified","0","0","originals/51526.jpg","downloaded_local_only","Local game-development copy; excluded from Git and redistribution packages"
"50106","유영찬","https://www.koreabaseball.com/Record/Player/PitcherDetail/Basic.aspx?playerId=50106","https://6ptotvmi5753.edge.naverncp.com/KBO_IMAGE/person/middle/2026/50106.jpg","KBO official website","Official profile photo; redistribution rights unverified","0","0","originals/50106.jpg","downloaded_local_only","Local game-development copy; excluded from Git and redistribution packages"
"51100","이영빈","https://www.koreabaseball.com/Record/Player/HitterDetail/Basic.aspx?playerId=51100","https://6ptotvmi5753.edge.naverncp.com/KBO_IMAGE/person/middle/2026/51100.jpg","KBO official website","Official profile photo; redistribution rights unverified","0","0","originals/51100.jpg","downloaded_local_only","Local game-development copy; excluded from Git and redistribution packages"
"61145","이우찬","https://www.koreabaseball.com/Record/Player/PitcherDetail/Basic.aspx?playerId=61145","https://6ptotvmi5753.edge.naverncp.com/KBO_IMAGE/person/middle/2026/61145.jpg","KBO official website","Official profile photo; redistribution rights unverified","0","0","originals/61145.jpg","downloaded_local_only","Local game-development copy; excluded from Git and redistribution packages"
"69134","이정용","https://www.koreabaseball.com/Record/Player/PitcherDetail/Basic.aspx?playerId=69134","https://6ptotvmi5753.edge.naverncp.com/KBO_IMAGE/person/middle/2026/69134.jpg","KBO official website","Official profile photo; redistribution rights unverified","0","0","originals/69134.jpg","downloaded_local_only","Local game-development copy; excluded from Git and redistribution packages"
"50904","이종준","https://www.koreabaseball.com/Record/Player/PitcherDetail/Basic.aspx?playerId=50904","https://6ptotvmi5753.edge.naverncp.com/KBO_IMAGE/person/middle/2026/50904.jpg","KBO official website","Official profile photo; redistribution rights unverified","0","0","originals/50904.jpg","downloaded_local_only","Local game-development copy; excluded from Git and redistribution packages"
"52154","이주헌","https://www.koreabaseball.com/Record/Player/HitterDetail/Basic.aspx?playerId=52154","https://6ptotvmi5753.edge.naverncp.com/KBO_IMAGE/person/middle/2026/52154.jpg","KBO official website","Official profile photo; redistribution rights unverified","0","0","originals/52154.jpg","downloaded_local_only","Local game-development copy; excluded from Git and redistribution packages"
"69108","이지강","https://www.koreabaseball.com/Record/Player/PitcherDetail/Basic.aspx?playerId=69108","https://6ptotvmi5753.edge.naverncp.com/KBO_IMAGE/person/middle/2026/69108.jpg","KBO official website","Official profile photo; redistribution rights unverified","0","0","originals/69108.jpg","downloaded_local_only","Local game-development copy; excluded from Git and redistribution packages"
"55165","이태훈","https://www.koreabaseball.com/Record/Player/HitterDetail/Basic.aspx?playerId=55165","https://6ptotvmi5753.edge.naverncp.com/KBO_IMAGE/person/middle/2026/55165.jpg","KBO official website","Official profile photo; redistribution rights unverified","0","0","originals/55165.jpg","downloaded_local_only","Local game-development copy; excluded from Git and redistribution packages"
"55100","이한림","https://www.koreabaseball.com/Record/Player/HitterDetail/Basic.aspx?playerId=55100","https://6ptotvmi5753.edge.naverncp.com/KBO_IMAGE/person/middle/2026/55100.jpg","KBO official website","Official profile photo; redistribution rights unverified","0","0","originals/55100.jpg","downloaded_local_only","Local game-development copy; excluded from Git and redistribution packages"
"61101","임찬규","https://www.koreabaseball.com/Record/Player/PitcherDetail/Basic.aspx?playerId=61101","https://6ptotvmi5753.edge.naverncp.com/KBO_IMAGE/person/middle/2026/61101.jpg","KBO official website","Official profile photo; redistribution rights unverified","0","0","originals/61101.jpg","downloaded_local_only","Local game-development copy; excluded from Git and redistribution packages"
"63950","장현식","https://www.koreabaseball.com/Record/Player/PitcherDetail/Basic.aspx?playerId=63950","https://6ptotvmi5753.edge.naverncp.com/KBO_IMAGE/person/middle/2026/63950.jpg","KBO official website","Official profile photo; redistribution rights unverified","0","0","originals/63950.jpg","downloaded_local_only","Local game-development copy; excluded from Git and redistribution packages"
"69159","정우영","https://www.koreabaseball.com/Record/Player/PitcherDetail/Basic.aspx?playerId=69159","https://6ptotvmi5753.edge.naverncp.com/KBO_IMAGE/person/middle/2026/69159.jpg","KBO official website","Official profile photo; redistribution rights unverified","0","0","originals/69159.jpg","downloaded_local_only","Local game-development copy; excluded from Git and redistribution packages"
"54148","진우영","https://www.koreabaseball.com/Record/Player/PitcherDetail/Basic.aspx?playerId=54148","https://6ptotvmi5753.edge.naverncp.com/KBO_IMAGE/person/middle/2026/54148.jpg","KBO official website","Official profile photo; redistribution rights unverified","0","0","originals/54148.jpg","downloaded_local_only","Local game-development copy; excluded from Git and redistribution packages"
"50054","천성호","https://www.koreabaseball.com/Record/Player/HitterDetail/Basic.aspx?playerId=50054","https://6ptotvmi5753.edge.naverncp.com/KBO_IMAGE/person/middle/2026/50054.jpg","KBO official website","Official profile photo; redistribution rights unverified","0","0","originals/50054.jpg","downloaded_local_only","Local game-development copy; excluded from Git and redistribution packages"
"65905","최승민","https://www.koreabaseball.com/Record/Player/HitterDetail/Basic.aspx?playerId=65905","https://6ptotvmi5753.edge.naverncp.com/KBO_IMAGE/person/middle/2025/65905.jpg","KBO official website","Official profile photo; redistribution rights unverified","0","0","originals/65905.jpg","downloaded_local_only","Local game-development copy; excluded from Git and redistribution packages"
"52103","최원영","https://www.koreabaseball.com/Record/Player/HitterDetail/Basic.aspx?playerId=52103","https://6ptotvmi5753.edge.naverncp.com/KBO_IMAGE/person/middle/2026/52103.jpg","KBO official website","Official profile photo; redistribution rights unverified","0","0","originals/52103.jpg","downloaded_local_only","Local game-development copy; excluded from Git and redistribution packages"
"68419","최채흥","https://www.koreabaseball.com/Record/Player/PitcherDetail/Basic.aspx?playerId=68419","https://6ptotvmi5753.edge.naverncp.com/KBO_IMAGE/person/middle/2026/68419.jpg","KBO official website","Official profile photo; redistribution rights unverified","0","0","originals/68419.jpg","downloaded_local_only","Local game-development copy; excluded from Git and redistribution packages"
"55163","추세현","https://www.koreabaseball.com/Record/Player/PitcherDetail/Basic.aspx?playerId=55163","https://6ptotvmi5753.edge.naverncp.com/KBO_IMAGE/person/middle/2026/55163.jpg","KBO official website","Official profile photo; redistribution rights unverified","0","0","originals/55163.jpg","downloaded_local_only","Local game-development copy; excluded from Git and redistribution packages"
"55146","치리노스","https://www.koreabaseball.com/Record/Player/PitcherDetail/Basic.aspx?playerId=55146","https://6ptotvmi5753.edge.naverncp.com/KBO_IMAGE/person/middle/2026/55146.jpg","KBO official website","Official profile photo; redistribution rights unverified","0","0","originals/55146.jpg","downloaded_local_only","Local game-development copy; excluded from Git and redistribution packages"
"55130","톨허스트","https://www.koreabaseball.com/Record/Player/PitcherDetail/Basic.aspx?playerId=55130","https://6ptotvmi5753.edge.naverncp.com/KBO_IMAGE/person/middle/2026/55130.jpg","KBO official website","Official profile photo; redistribution rights unverified","0","0","originals/55130.jpg","downloaded_local_only","Local game-development copy; excluded from Git and redistribution packages"
"63248","함덕주","https://www.koreabaseball.com/Record/Player/PitcherDetail/Basic.aspx?playerId=63248","https://6ptotvmi5753.edge.naverncp.com/KBO_IMAGE/person/middle/2026/63248.jpg","KBO official website","Official profile photo; redistribution rights unverified","0","0","originals/63248.jpg","downloaded_local_only","Local game-development copy; excluded from Git and redistribution packages"
"50108","함창건","https://www.koreabaseball.com/Record/Player/HitterDetail/Basic.aspx?playerId=50108","https://6ptotvmi5753.edge.naverncp.com/KBO_IMAGE/person/middle/2026/50108.jpg","KBO official website","Official profile photo; redistribution rights unverified","0","0","originals/50108.jpg","downloaded_local_only","Local game-development copy; excluded from Git and redistribution packages"
"53102","허용주","https://www.koreabaseball.com/Record/Player/PitcherDetail/Basic.aspx?playerId=53102","https://6ptotvmi5753.edge.naverncp.com/KBO_IMAGE/person/middle/2025/53102.jpg","KBO official website","Official profile photo; redistribution rights unverified","0","0","originals/53102.jpg","downloaded_local_only","Local game-development copy; excluded from Git and redistribution packages"
"52119","허준혁","https://www.koreabaseball.com/Record/Player/PitcherDetail/Basic.aspx?playerId=52119","https://6ptotvmi5753.edge.naverncp.com/KBO_IMAGE/person/middle/2026/52119.jpg","KBO official website","Official profile photo; redistribution rights unverified","0","0","originals/52119.jpg","downloaded_local_only","Local game-development copy; excluded from Git and redistribution packages"
"66108","홍창기","https://www.koreabaseball.com/Record/Player/HitterDetail/Basic.aspx?playerId=66108","https://6ptotvmi5753.edge.naverncp.com/KBO_IMAGE/person/middle/2026/66108.jpg","KBO official website","Official profile photo; redistribution rights unverified","0","0","originals/66108.jpg","downloaded_local_only","Local game-development copy; excluded from Git and redistribution packages"
"54908","고승완","https://www.koreabaseball.com/Record/Player/HitterDetail/Basic.aspx?playerId=54908","https://6ptotvmi5753.edge.naverncp.com/KBO_IMAGE/person/middle/2026/54908.jpg","KBO official website","Official profile photo; redistribution rights unverified","0","0","originals/54908.jpg","downloaded_local_only","Local game-development copy; excluded from Git and redistribution packages"
"65933","구창모","https://www.koreabaseball.com/Record/Player/PitcherDetail/Basic.aspx?playerId=65933","https://6ptotvmi5753.edge.naverncp.com/KBO_IMAGE/person/middle/2026/65933.jpg","KBO official website","Official profile photo; redistribution rights unverified","0","0","originals/65933.jpg","downloaded_local_only","Local game-development copy; excluded from Git and redistribution packages"
"63963","권희동","https://www.koreabaseball.com/Record/Player/HitterDetail/Basic.aspx?playerId=63963","https://6ptotvmi5753.edge.naverncp.com/KBO_IMAGE/person/middle/2026/63963.jpg","KBO official website","Official profile photo; redistribution rights unverified","0","0","originals/63963.jpg","downloaded_local_only","Local game-development copy; excluded from Git and redistribution packages"
"52995","김녹원","https://www.koreabaseball.com/Record/Player/PitcherDetail/Basic.aspx?playerId=52995","https://6ptotvmi5753.edge.naverncp.com/KBO_IMAGE/person/middle/2026/52995.jpg","KBO official website","Official profile photo; redistribution rights unverified","0","0","originals/52995.jpg","downloaded_local_only","Local game-development copy; excluded from Git and redistribution packages"
"54913","김민규","https://www.koreabaseball.com/Record/Player/PitcherDetail/Basic.aspx?playerId=54913","https://6ptotvmi5753.edge.naverncp.com/KBO_IMAGE/person/middle/2026/54913.jpg","KBO official website","Official profile photo; redistribution rights unverified","0","0","originals/54913.jpg","downloaded_local_only","Local game-development copy; excluded from Git and redistribution packages"
"69980","김범준","https://www.koreabaseball.com/Record/Player/HitterDetail/Basic.aspx?playerId=69980","https://6ptotvmi5753.edge.naverncp.com/KBO_IMAGE/person/middle/2026/69980.jpg","KBO official website","Official profile photo; redistribution rights unverified","0","0","originals/69980.jpg","downloaded_local_only","Local game-development copy; excluded from Git and redistribution packages"
"54905","김세훈","https://www.koreabaseball.com/Record/Player/HitterDetail/Basic.aspx?playerId=54905","https://6ptotvmi5753.edge.naverncp.com/KBO_IMAGE/person/middle/2026/54905.jpg","KBO official website","Official profile photo; redistribution rights unverified","0","0","originals/54905.jpg","downloaded_local_only","Local game-development copy; excluded from Git and redistribution packages"
"68900","김영규","https://www.koreabaseball.com/Record/Player/PitcherDetail/Basic.aspx?playerId=68900","https://6ptotvmi5753.edge.naverncp.com/KBO_IMAGE/person/middle/2026/68900.jpg","KBO official website","Official profile photo; redistribution rights unverified","0","0","originals/68900.jpg","downloaded_local_only","Local game-development copy; excluded from Git and redistribution packages"
"64580","김재열","https://www.koreabaseball.com/Record/Player/PitcherDetail/Basic.aspx?playerId=64580","https://6ptotvmi5753.edge.naverncp.com/KBO_IMAGE/person/middle/2026/64580.jpg","KBO official website","Official profile photo; redistribution rights unverified","0","0","originals/64580.jpg","downloaded_local_only","Local game-development copy; excluded from Git and redistribution packages"
"51903","김정호","https://www.koreabaseball.com/Record/Player/HitterDetail/Basic.aspx?playerId=51903","https://6ptotvmi5753.edge.naverncp.com/KBO_IMAGE/person/middle/2026/51903.jpg","KBO official website","Official profile photo; redistribution rights unverified","0","0","originals/51903.jpg","downloaded_local_only","Local game-development copy; excluded from Git and redistribution packages"
"51907","김주원","https://www.koreabaseball.com/Record/Player/HitterDetail/Basic.aspx?playerId=51907","https://6ptotvmi5753.edge.naverncp.com/KBO_IMAGE/person/middle/2026/51907.jpg","KBO official website","Official profile photo; redistribution rights unverified","0","0","originals/51907.jpg","downloaded_local_only","Local game-development copy; excluded from Git and redistribution packages"
"67954","김진호","https://www.koreabaseball.com/Record/Player/PitcherDetail/Basic.aspx?playerId=67954","https://6ptotvmi5753.edge.naverncp.com/KBO_IMAGE/person/middle/2026/67954.jpg","KBO official website","Official profile photo; redistribution rights unverified","0","0","originals/67954.jpg","downloaded_local_only","Local game-development copy; excluded from Git and redistribution packages"
"50992","김태경","https://www.koreabaseball.com/Record/Player/PitcherDetail/Basic.aspx?playerId=50992","https://6ptotvmi5753.edge.naverncp.com/KBO_IMAGE/person/middle/2026/50992.jpg","KBO official website","Official profile photo; redistribution rights unverified","0","0","originals/50992.jpg","downloaded_local_only","Local game-development copy; excluded from Git and redistribution packages"
"67956","김태현","https://www.koreabaseball.com/Record/Player/PitcherDetail/Basic.aspx?playerId=67956","https://6ptotvmi5753.edge.naverncp.com/KBO_IMAGE/person/middle/2026/67956.jpg","KBO official website","Official profile photo; redistribution rights unverified","0","0","originals/67956.jpg","downloaded_local_only","Local game-development copy; excluded from Git and redistribution packages"
"55995","김태훈","https://www.koreabaseball.com/Record/Player/PitcherDetail/Basic.aspx?playerId=55995","https://6ptotvmi5753.edge.naverncp.com/KBO_IMAGE/person/middle/2026/55995.jpg","KBO official website","Official profile photo; redistribution rights unverified","0","0","originals/55995.jpg","downloaded_local_only","Local game-development copy; excluded from Git and redistribution packages"
"50902","김한별","https://www.koreabaseball.com/Record/Player/HitterDetail/Basic.aspx?playerId=50902","https://6ptotvmi5753.edge.naverncp.com/KBO_IMAGE/person/middle/2026/50902.jpg","KBO official website","Official profile photo; redistribution rights unverified","0","0","originals/50902.jpg","downloaded_local_only","Local game-development copy; excluded from Git and redistribution packages"
"68912","김형준","https://www.koreabaseball.com/Record/Player/HitterDetail/Basic.aspx?playerId=68912","https://6ptotvmi5753.edge.naverncp.com/KBO_IMAGE/person/middle/2026/68912.jpg","KBO official website","Official profile photo; redistribution rights unverified","0","0","originals/68912.jpg","downloaded_local_only","Local game-development copy; excluded from Git and redistribution packages"
"51344","김휘집","https://www.koreabaseball.com/Record/Player/HitterDetail/Basic.aspx?playerId=51344","https://6ptotvmi5753.edge.naverncp.com/KBO_IMAGE/person/middle/2026/51344.jpg","KBO official website","Official profile photo; redistribution rights unverified","0","0","originals/51344.jpg","downloaded_local_only","Local game-development copy; excluded from Git and redistribution packages"
"54944","데이비슨","https://www.koreabaseball.com/Record/Player/HitterDetail/Basic.aspx?playerId=54944","https://6ptotvmi5753.edge.naverncp.com/KBO_IMAGE/person/middle/2026/54944.jpg","KBO official website","Official profile photo; redistribution rights unverified","0","0","originals/54944.jpg","downloaded_local_only","Local game-development copy; excluded from Git and redistribution packages"
"66965","도태훈","https://www.koreabaseball.com/Record/Player/HitterDetail/Basic.aspx?playerId=66965","https://6ptotvmi5753.edge.naverncp.com/KBO_IMAGE/person/middle/2026/66965.jpg","KBO official website","Official profile photo; redistribution rights unverified","0","0","originals/66965.jpg","downloaded_local_only","Local game-development copy; excluded from Git and redistribution packages"
"55903","라일리","https://www.koreabaseball.com/Record/Player/PitcherDetail/Basic.aspx?playerId=55903","https://6ptotvmi5753.edge.naverncp.com/KBO_IMAGE/person/middle/2026/55903.jpg","KBO official website","Official profile photo; redistribution rights unverified","0","0","originals/55903.jpg","downloaded_local_only","Local game-development copy; excluded from Git and redistribution packages"
"55912","로건","https://www.koreabaseball.com/Record/Player/PitcherDetail/Basic.aspx?playerId=55912","https://6ptotvmi5753.edge.naverncp.com/KBO_IMAGE/person/middle/2026/55912.jpg","KBO official website","Official profile photo; redistribution rights unverified","0","0","originals/55912.jpg","downloaded_local_only","Local game-development copy; excluded from Git and redistribution packages"
"65949","류진욱","https://www.koreabaseball.com/Record/Player/PitcherDetail/Basic.aspx?playerId=65949","https://6ptotvmi5753.edge.naverncp.com/KBO_IMAGE/person/middle/2026/65949.jpg","KBO official website","Official profile photo; redistribution rights unverified","0","0","originals/65949.jpg","downloaded_local_only","Local game-development copy; excluded from Git and redistribution packages"
"53973","목지훈","https://www.koreabaseball.com/Record/Player/PitcherDetail/Basic.aspx?playerId=53973","https://6ptotvmi5753.edge.naverncp.com/KBO_IMAGE/person/middle/2026/53973.jpg","KBO official website","Official profile photo; redistribution rights unverified","0","0","originals/53973.jpg","downloaded_local_only","Local game-development copy; excluded from Git and redistribution packages"
"79215","박건우","https://www.koreabaseball.com/Record/Player/HitterDetail/Basic.aspx?playerId=79215","https://6ptotvmi5753.edge.naverncp.com/KBO_IMAGE/person/middle/2026/79215.jpg","KBO official website","Official profile photo; redistribution rights unverified","0","0","originals/79215.jpg","downloaded_local_only","Local game-development copy; excluded from Git and redistribution packages"
"62907","박민우","https://www.koreabaseball.com/Record/Player/HitterDetail/Basic.aspx?playerId=62907","https://6ptotvmi5753.edge.naverncp.com/KBO_IMAGE/person/middle/2026/62907.jpg","KBO official website","Official profile photo; redistribution rights unverified","0","0","originals/62907.jpg","downloaded_local_only","Local game-development copy; excluded from Git and redistribution packages"
"62244","박세혁","https://www.koreabaseball.com/Record/Player/HitterDetail/Basic.aspx?playerId=62244","https://6ptotvmi5753.edge.naverncp.com/KBO_IMAGE/person/middle/2026/62244.jpg","KBO official website","Official profile photo; redistribution rights unverified","0","0","originals/62244.jpg","downloaded_local_only","Local game-development copy; excluded from Git and redistribution packages"
"50996","박시원","https://www.koreabaseball.com/Record/Player/HitterDetail/Basic.aspx?playerId=50996","https://6ptotvmi5753.edge.naverncp.com/KBO_IMAGE/person/middle/2026/50996.jpg","KBO official website","Official profile photo; redistribution rights unverified","0","0","originals/50996.jpg","downloaded_local_only","Local game-development copy; excluded from Git and redistribution packages"
"50906","박영빈","https://www.koreabaseball.com/Record/Player/HitterDetail/Basic.aspx?playerId=50906","https://6ptotvmi5753.edge.naverncp.com/KBO_IMAGE/person/middle/2026/50906.jpg","KBO official website","Official profile photo; redistribution rights unverified","0","0","originals/50906.jpg","downloaded_local_only","Local game-development copy; excluded from Git and redistribution packages"
"68097","박주현","https://www.koreabaseball.com/Record/Player/PitcherDetail/Basic.aspx?playerId=68097","https://6ptotvmi5753.edge.naverncp.com/KBO_IMAGE/person/middle/2025/68097.jpg","KBO official website","Official profile photo; redistribution rights unverified","0","0","originals/68097.jpg","downloaded_local_only","Local game-development copy; excluded from Git and redistribution packages"
"64995","배재환","https://www.koreabaseball.com/Record/Player/PitcherDetail/Basic.aspx?playerId=64995","https://6ptotvmi5753.edge.naverncp.com/KBO_IMAGE/person/middle/2026/64995.jpg","KBO official website","Official profile photo; redistribution rights unverified","0","0","originals/64995.jpg","downloaded_local_only","Local game-development copy; excluded from Git and redistribution packages"
"66068","서의태","https://www.koreabaseball.com/Record/Player/PitcherDetail/Basic.aspx?playerId=66068","https://6ptotvmi5753.edge.naverncp.com/KBO_IMAGE/person/middle/2025/66068.jpg","KBO official website","Official profile photo; redistribution rights unverified","0","0","originals/66068.jpg","downloaded_local_only","Local game-development copy; excluded from Git and redistribution packages"
"69995","서호철","https://www.koreabaseball.com/Record/Player/HitterDetail/Basic.aspx?playerId=69995","https://6ptotvmi5753.edge.naverncp.com/KBO_IMAGE/person/middle/2026/69995.jpg","KBO official website","Official profile photo; redistribution rights unverified","0","0","originals/69995.jpg","downloaded_local_only","Local game-development copy; excluded from Git and redistribution packages"
"67962","소이현","https://www.koreabaseball.com/Record/Player/PitcherDetail/Basic.aspx?playerId=67962","https://6ptotvmi5753.edge.naverncp.com/KBO_IMAGE/person/middle/2026/67962.jpg","KBO official website","Official profile photo; redistribution rights unverified","0","0","originals/67962.jpg","downloaded_local_only","Local game-development copy; excluded from Git and redistribution packages"
"54904","손주환","https://www.koreabaseball.com/Record/Player/PitcherDetail/Basic.aspx?playerId=54904","https://6ptotvmi5753.edge.naverncp.com/KBO_IMAGE/person/middle/2026/54904.jpg","KBO official website","Official profile photo; redistribution rights unverified","0","0","originals/54904.jpg","downloaded_local_only","Local game-development copy; excluded from Git and redistribution packages"
"69203","송승환","https://www.koreabaseball.com/Record/Player/HitterDetail/Basic.aspx?playerId=69203","https://6ptotvmi5753.edge.naverncp.com/KBO_IMAGE/person/middle/2025/69203.jpg","KBO official website","Official profile photo; redistribution rights unverified","0","0","originals/69203.jpg","downloaded_local_only","Local game-development copy; excluded from Git and redistribution packages"
"68902","신민혁","https://www.koreabaseball.com/Record/Player/PitcherDetail/Basic.aspx?playerId=68902","https://6ptotvmi5753.edge.naverncp.com/KBO_IMAGE/person/middle/2026/68902.jpg","KBO official website","Official profile photo; redistribution rights unverified","0","0","originals/68902.jpg","downloaded_local_only","Local game-development copy; excluded from Git and redistribution packages"
"53919","신영우","https://www.koreabaseball.com/Record/Player/PitcherDetail/Basic.aspx?playerId=53919","https://6ptotvmi5753.edge.naverncp.com/KBO_IMAGE/person/middle/2026/53919.jpg","KBO official website","Official profile photo; redistribution rights unverified","0","0","originals/53919.jpg","downloaded_local_only","Local game-development copy; excluded from Git and redistribution packages"
"50901","안인산","https://www.koreabaseball.com/Record/Player/HitterDetail/Basic.aspx?playerId=50901","https://6ptotvmi5753.edge.naverncp.com/KBO_IMAGE/person/middle/2026/50901.jpg","KBO official website","Official profile photo; redistribution rights unverified","0","0","originals/50901.jpg","downloaded_local_only","Local game-development copy; excluded from Git and redistribution packages"
"64022","안중열","https://www.koreabaseball.com/Record/Player/HitterDetail/Basic.aspx?playerId=64022","https://6ptotvmi5753.edge.naverncp.com/KBO_IMAGE/person/middle/2026/64022.jpg","KBO official website","Official profile photo; redistribution rights unverified","0","0","originals/64022.jpg","downloaded_local_only","Local game-development copy; excluded from Git and redistribution packages"
"68904","오영수","https://www.koreabaseball.com/Record/Player/HitterDetail/Basic.aspx?playerId=68904","https://6ptotvmi5753.edge.naverncp.com/KBO_IMAGE/person/middle/2026/68904.jpg","KBO official website","Official profile photo; redistribution rights unverified","0","0","originals/68904.jpg","downloaded_local_only","Local game-development copy; excluded from Git and redistribution packages"
"51996","오태양","https://www.koreabaseball.com/Record/Player/HitterDetail/Basic.aspx?playerId=51996","https://6ptotvmi5753.edge.naverncp.com/KBO_IMAGE/person/middle/2026/51996.jpg","KBO official website","Official profile photo; redistribution rights unverified","0","0","originals/51996.jpg","downloaded_local_only","Local game-development copy; excluded from Git and redistribution packages"
"54906","원종해","https://www.koreabaseball.com/Record/Player/PitcherDetail/Basic.aspx?playerId=54906","https://6ptotvmi5753.edge.naverncp.com/KBO_IMAGE/person/middle/2026/54906.jpg","KBO official website","Official profile photo; redistribution rights unverified","0","0","originals/54906.jpg","downloaded_local_only","Local game-development copy; excluded from Git and redistribution packages"
"55997","이세민","https://www.koreabaseball.com/Record/Player/PitcherDetail/Basic.aspx?playerId=55997","https://6ptotvmi5753.edge.naverncp.com/KBO_IMAGE/person/middle/2026/55997.jpg","KBO official website","Official profile photo; redistribution rights unverified","0","0","originals/55997.jpg","downloaded_local_only","Local game-development copy; excluded from Git and redistribution packages"
"77211","이용찬","https://www.koreabaseball.com/Record/Player/PitcherDetail/Basic.aspx?playerId=77211","https://6ptotvmi5753.edge.naverncp.com/KBO_IMAGE/person/middle/2026/77211.jpg","KBO official website","Official profile photo; redistribution rights unverified","0","0","originals/77211.jpg","downloaded_local_only","Local game-development copy; excluded from Git and redistribution packages"
"63260","이우성","https://www.koreabaseball.com/Record/Player/HitterDetail/Basic.aspx?playerId=63260","https://6ptotvmi5753.edge.naverncp.com/KBO_IMAGE/person/middle/2026/63260.jpg","KBO official website","Official profile photo; redistribution rights unverified","0","0","originals/63260.jpg","downloaded_local_only","Local game-development copy; excluded from Git and redistribution packages"
"60263","이재학","https://www.koreabaseball.com/Record/Player/PitcherDetail/Basic.aspx?playerId=60263","https://6ptotvmi5753.edge.naverncp.com/KBO_IMAGE/person/middle/2026/60263.jpg","KBO official website","Official profile photo; redistribution rights unverified","0","0","originals/60263.jpg","downloaded_local_only","Local game-development copy; excluded from Git and redistribution packages"
"52992","이준혁","https://www.koreabaseball.com/Record/Player/PitcherDetail/Basic.aspx?playerId=52992","https://6ptotvmi5753.edge.naverncp.com/KBO_IMAGE/person/middle/2026/52992.jpg","KBO official website","Official profile photo; redistribution rights unverified","0","0","originals/52992.jpg","downloaded_local_only","Local game-development copy; excluded from Git and redistribution packages"
"54900","임상현","https://www.koreabaseball.com/Record/Player/PitcherDetail/Basic.aspx?playerId=54900","https://6ptotvmi5753.edge.naverncp.com/KBO_IMAGE/person/middle/2025/54900.jpg","KBO official website","Official profile photo; redistribution rights unverified","0","0","originals/54900.jpg","downloaded_local_only","Local game-development copy; excluded from Git and redistribution packages"
"63959","임정호","https://www.koreabaseball.com/Record/Player/PitcherDetail/Basic.aspx?playerId=63959","https://6ptotvmi5753.edge.naverncp.com/KBO_IMAGE/person/middle/2026/63959.jpg","KBO official website","Official profile photo; redistribution rights unverified","0","0","originals/63959.jpg","downloaded_local_only","Local game-development copy; excluded from Git and redistribution packages"
"52902","임지민","https://www.koreabaseball.com/Record/Player/PitcherDetail/Basic.aspx?playerId=52902","https://6ptotvmi5753.edge.naverncp.com/KBO_IMAGE/person/middle/2026/52902.jpg","KBO official website","Official profile photo; redistribution rights unverified","0","0","originals/52902.jpg","downloaded_local_only","Local game-development copy; excluded from Git and redistribution packages"
"55993","장창훈","https://www.koreabaseball.com/Record/Player/HitterDetail/Basic.aspx?playerId=55993","https://6ptotvmi5753.edge.naverncp.com/KBO_IMAGE/person/middle/2026/55993.jpg","KBO official website","Official profile photo; redistribution rights unverified","0","0","originals/55993.jpg","downloaded_local_only","Local game-development copy; excluded from Git and redistribution packages"
"69204","전루건","https://www.koreabaseball.com/Record/Player/PitcherDetail/Basic.aspx?playerId=69204","https://6ptotvmi5753.edge.naverncp.com/KBO_IMAGE/person/middle/2026/69204.jpg","KBO official website","Official profile photo; redistribution rights unverified","0","0","originals/69204.jpg","downloaded_local_only","Local game-development copy; excluded from Git and redistribution packages"
"69969","전사민","https://www.koreabaseball.com/Record/Player/PitcherDetail/Basic.aspx?playerId=69969","https://6ptotvmi5753.edge.naverncp.com/KBO_IMAGE/person/middle/2026/69969.jpg","KBO official website","Official profile photo; redistribution rights unverified","0","0","originals/69969.jpg","downloaded_local_only","Local game-development copy; excluded from Git and redistribution packages"
"52903","조민석","https://www.koreabaseball.com/Record/Player/PitcherDetail/Basic.aspx?playerId=52903","https://6ptotvmi5753.edge.naverncp.com/KBO_IMAGE/person/middle/2026/52903.jpg","KBO official website","Official profile photo; redistribution rights unverified","0","0","originals/52903.jpg","downloaded_local_only","Local game-development copy; excluded from Git and redistribution packages"
"67905","천재환","https://www.koreabaseball.com/Record/Player/HitterDetail/Basic.aspx?playerId=67905","https://6ptotvmi5753.edge.naverncp.com/KBO_IMAGE/person/middle/2026/67905.jpg","KBO official website","Official profile photo; redistribution rights unverified","0","0","originals/67905.jpg","downloaded_local_only","Local game-development copy; excluded from Git and redistribution packages"
"66920","최성영","https://www.koreabaseball.com/Record/Player/PitcherDetail/Basic.aspx?playerId=66920","https://6ptotvmi5753.edge.naverncp.com/KBO_IMAGE/person/middle/2026/66920.jpg","KBO official website","Official profile photo; redistribution rights unverified","0","0","originals/66920.jpg","downloaded_local_only","Local game-development copy; excluded from Git and redistribution packages"
"54903","최우석","https://www.koreabaseball.com/Record/Player/PitcherDetail/Basic.aspx?playerId=54903","https://6ptotvmi5753.edge.naverncp.com/KBO_IMAGE/person/middle/2026/54903.jpg","KBO official website","Official profile photo; redistribution rights unverified","0","0","originals/54903.jpg","downloaded_local_only","Local game-development copy; excluded from Git and redistribution packages"
"66606","최원준","https://www.koreabaseball.com/Record/Player/HitterDetail/Basic.aspx?playerId=66606","https://6ptotvmi5753.edge.naverncp.com/KBO_IMAGE/person/middle/2026/66606.jpg","KBO official website","Official profile photo; redistribution rights unverified","0","0","originals/66606.jpg","downloaded_local_only","Local game-development copy; excluded from Git and redistribution packages"
"69992","최정원","https://www.koreabaseball.com/Record/Player/HitterDetail/Basic.aspx?playerId=69992","https://6ptotvmi5753.edge.naverncp.com/KBO_IMAGE/person/middle/2026/69992.jpg","KBO official website","Official profile photo; redistribution rights unverified","0","0","originals/69992.jpg","downloaded_local_only","Local game-development copy; excluded from Git and redistribution packages"
"68639","하준영","https://www.koreabaseball.com/Record/Player/PitcherDetail/Basic.aspx?playerId=68639","https://6ptotvmi5753.edge.naverncp.com/KBO_IMAGE/person/middle/2026/68639.jpg","KBO official website","Official profile photo; redistribution rights unverified","0","0","originals/68639.jpg","downloaded_local_only","Local game-development copy; excluded from Git and redistribution packages"
"64101","한석현","https://www.koreabaseball.com/Record/Player/HitterDetail/Basic.aspx?playerId=64101","https://6ptotvmi5753.edge.naverncp.com/KBO_IMAGE/person/middle/2026/64101.jpg","KBO official website","Official profile photo; redistribution rights unverified","0","0","originals/64101.jpg","downloaded_local_only","Local game-development copy; excluded from Git and redistribution packages"
"50903","한재환","https://www.koreabaseball.com/Record/Player/HitterDetail/Basic.aspx?playerId=50903","https://6ptotvmi5753.edge.naverncp.com/KBO_IMAGE/person/middle/2026/50903.jpg","KBO official website","Official profile photo; redistribution rights unverified","0","0","originals/50903.jpg","downloaded_local_only","Local game-development copy; excluded from Git and redistribution packages"
"55996","홍재문","https://www.koreabaseball.com/Record/Player/PitcherDetail/Basic.aspx?playerId=55996","https://6ptotvmi5753.edge.naverncp.com/KBO_IMAGE/person/middle/2026/55996.jpg","KBO official website","Official profile photo; redistribution rights unverified","0","0","originals/55996.jpg","downloaded_local_only","Local game-development copy; excluded from Git and redistribution packages"
"50600","홍종표","https://www.koreabaseball.com/Record/Player/HitterDetail/Basic.aspx?playerId=50600","https://6ptotvmi5753.edge.naverncp.com/KBO_IMAGE/person/middle/2026/50600.jpg","KBO official website","Official profile photo; redistribution rights unverified","0","0","originals/50600.jpg","downloaded_local_only","Local game-development copy; excluded from Git and redistribution packages"
"51868","고명준","https://www.koreabaseball.com/Record/Player/HitterDetail/Basic.aspx?playerId=51868","https://6ptotvmi5753.edge.naverncp.com/KBO_IMAGE/person/middle/2026/51868.jpg","KBO official website","Official profile photo; redistribution rights unverified","0","0","originals/51868.jpg","downloaded_local_only","Local game-development copy; excluded from Git and redistribution packages"
"51867","김건우","https://www.koreabaseball.com/Record/Player/PitcherDetail/Basic.aspx?playerId=51867","https://6ptotvmi5753.edge.naverncp.com/KBO_IMAGE/person/middle/2026/51867.jpg","KBO official website","Official profile photo; redistribution rights unverified","0","0","originals/51867.jpg","downloaded_local_only","Local game-development copy; excluded from Git and redistribution packages"
"77829","김광현","https://www.koreabaseball.com/Record/Player/PitcherDetail/Basic.aspx?playerId=77829","https://6ptotvmi5753.edge.naverncp.com/KBO_IMAGE/person/middle/2026/77829.jpg","KBO official website","Official profile photo; redistribution rights unverified","0","0","originals/77829.jpg","downloaded_local_only","Local game-development copy; excluded from Git and redistribution packages"
"54810","김규민","https://www.koreabaseball.com/Record/Player/HitterDetail/Basic.aspx?playerId=54810","https://6ptotvmi5753.edge.naverncp.com/KBO_IMAGE/person/middle/2026/54810.jpg","KBO official website","Official profile photo; redistribution rights unverified","0","0","originals/54810.jpg","downloaded_local_only","Local game-development copy; excluded from Git and redistribution packages"
"68043","김민","https://www.koreabaseball.com/Record/Player/PitcherDetail/Basic.aspx?playerId=68043","https://6ptotvmi5753.edge.naverncp.com/KBO_IMAGE/person/middle/2026/68043.jpg","KBO official website","Official profile photo; redistribution rights unverified","0","0","originals/68043.jpg","downloaded_local_only","Local game-development copy; excluded from Git and redistribution packages"
"62864","김민식","https://www.koreabaseball.com/Record/Player/HitterDetail/Basic.aspx?playerId=62864","https://6ptotvmi5753.edge.naverncp.com/KBO_IMAGE/person/middle/2026/62864.jpg","KBO official website","Official profile photo; redistribution rights unverified","0","0","originals/62864.jpg","downloaded_local_only","Local game-development copy; excluded from Git and redistribution packages"
"50848","김성민","https://www.koreabaseball.com/Record/Player/HitterDetail/Basic.aspx?playerId=50848","https://6ptotvmi5753.edge.naverncp.com/KBO_IMAGE/person/middle/2026/50848.jpg","KBO official website","Official profile photo; redistribution rights unverified","0","0","originals/50848.jpg","downloaded_local_only","Local game-development copy; excluded from Git and redistribution packages"
"62934","김성욱","https://www.koreabaseball.com/Record/Player/HitterDetail/Basic.aspx?playerId=62934","https://6ptotvmi5753.edge.naverncp.com/KBO_IMAGE/person/middle/2026/62934.jpg","KBO official website","Official profile photo; redistribution rights unverified","0","0","originals/62934.jpg","downloaded_local_only","Local game-development copy; excluded from Git and redistribution packages"
"76802","김성현","https://www.koreabaseball.com/Record/Player/HitterDetail/Basic.aspx?playerId=76802","https://6ptotvmi5753.edge.naverncp.com/KBO_IMAGE/person/middle/2026/76802.jpg","KBO official website","Official profile photo; redistribution rights unverified","0","0","originals/76802.jpg","downloaded_local_only","Local game-development copy; excluded from Git and redistribution packages"
"67900","김수윤","https://www.koreabaseball.com/Record/Player/HitterDetail/Basic.aspx?playerId=67900","https://6ptotvmi5753.edge.naverncp.com/KBO_IMAGE/person/middle/2026/67900.jpg","KBO official website","Official profile photo; redistribution rights unverified","0","0","originals/67900.jpg","downloaded_local_only","Local game-development copy; excluded from Git and redistribution packages"
"66917","김찬형","https://www.koreabaseball.com/Record/Player/HitterDetail/Basic.aspx?playerId=66917","https://6ptotvmi5753.edge.naverncp.com/KBO_IMAGE/person/middle/2025/66917.jpg","KBO official website","Official profile photo; redistribution rights unverified","0","0","originals/66917.jpg","downloaded_local_only","Local game-development copy; excluded from Git and redistribution packages"
"69825","김창평","https://www.koreabaseball.com/Record/Player/HitterDetail/Basic.aspx?playerId=69825","https://6ptotvmi5753.edge.naverncp.com/KBO_IMAGE/person/middle/2026/69825.jpg","KBO official website","Official profile photo; redistribution rights unverified","0","0","originals/69825.jpg","downloaded_local_only","Local game-development copy; excluded from Git and redistribution packages"
"52803","김태윤","https://www.koreabaseball.com/Record/Player/HitterDetail/Basic.aspx?playerId=52803","https://6ptotvmi5753.edge.naverncp.com/KBO_IMAGE/person/middle/2026/52803.jpg","KBO official website","Official profile photo; redistribution rights unverified","0","0","originals/52803.jpg","downloaded_local_only","Local game-development copy; excluded from Git and redistribution packages"
"65343","김택형","https://www.koreabaseball.com/Record/Player/PitcherDetail/Basic.aspx?playerId=65343","https://6ptotvmi5753.edge.naverncp.com/KBO_IMAGE/person/middle/2026/65343.jpg","KBO official website","Official profile photo; redistribution rights unverified","0","0","originals/65343.jpg","downloaded_local_only","Local game-development copy; excluded from Git and redistribution packages"
"73211","노경은","https://www.koreabaseball.com/Record/Player/PitcherDetail/Basic.aspx?playerId=73211","https://6ptotvmi5753.edge.naverncp.com/KBO_IMAGE/person/middle/2026/73211.jpg","KBO official website","Official profile photo; redistribution rights unverified","0","0","originals/73211.jpg","downloaded_local_only","Local game-development copy; excluded from Git and redistribution packages"
"50868","류효승","https://www.koreabaseball.com/Record/Player/HitterDetail/Basic.aspx?playerId=50868","https://6ptotvmi5753.edge.naverncp.com/KBO_IMAGE/person/middle/2026/50868.jpg","KBO official website","Official profile photo; redistribution rights unverified","0","0","originals/50868.jpg","downloaded_local_only","Local game-development copy; excluded from Git and redistribution packages"
"62869","문승원","https://www.koreabaseball.com/Record/Player/PitcherDetail/Basic.aspx?playerId=62869","https://6ptotvmi5753.edge.naverncp.com/KBO_IMAGE/person/middle/2026/62869.jpg","KBO official website","Official profile photo; redistribution rights unverified","0","0","originals/62869.jpg","downloaded_local_only","Local game-development copy; excluded from Git and redistribution packages"
"54802","박기호","https://www.koreabaseball.com/Record/Player/PitcherDetail/Basic.aspx?playerId=54802","https://6ptotvmi5753.edge.naverncp.com/KBO_IMAGE/person/middle/2026/54802.jpg","KBO official website","Official profile photo; redistribution rights unverified","0","0","originals/54802.jpg","downloaded_local_only","Local game-development copy; excluded from Git and redistribution packages"
"54807","박성빈","https://www.koreabaseball.com/Record/Player/PitcherDetail/Basic.aspx?playerId=54807","https://6ptotvmi5753.edge.naverncp.com/KBO_IMAGE/person/middle/2026/54807.jpg","KBO official website","Official profile photo; redistribution rights unverified","0","0","originals/54807.jpg","downloaded_local_only","Local game-development copy; excluded from Git and redistribution packages"
"67893","박성한","https://www.koreabaseball.com/Record/Player/HitterDetail/Basic.aspx?playerId=67893","https://6ptotvmi5753.edge.naverncp.com/KBO_IMAGE/person/middle/2026/67893.jpg","KBO official website","Official profile photo; redistribution rights unverified","0","0","originals/67893.jpg","downloaded_local_only","Local game-development copy; excluded from Git and redistribution packages"
"50812","박시후","https://www.koreabaseball.com/Record/Player/PitcherDetail/Basic.aspx?playerId=50812","https://6ptotvmi5753.edge.naverncp.com/KBO_IMAGE/person/middle/2026/50812.jpg","KBO official website","Official profile photo; redistribution rights unverified","0","0","originals/50812.jpg","downloaded_local_only","Local game-development copy; excluded from Git and redistribution packages"
"51860","박정빈","https://www.koreabaseball.com/Record/Player/HitterDetail/Basic.aspx?playerId=51860","https://6ptotvmi5753.edge.naverncp.com/KBO_IMAGE/person/middle/2026/51860.jpg","KBO official website","Official profile photo; redistribution rights unverified","0","0","originals/51860.jpg","downloaded_local_only","Local game-development copy; excluded from Git and redistribution packages"
"60841","박종훈","https://www.koreabaseball.com/Record/Player/PitcherDetail/Basic.aspx?playerId=60841","https://6ptotvmi5753.edge.naverncp.com/KBO_IMAGE/person/middle/2026/60841.jpg","KBO official website","Official profile photo; redistribution rights unverified","0","0","originals/60841.jpg","downloaded_local_only","Local game-development copy; excluded from Git and redistribution packages"
"54805","박지환","https://www.koreabaseball.com/Record/Player/HitterDetail/Basic.aspx?playerId=54805","https://6ptotvmi5753.edge.naverncp.com/KBO_IMAGE/person/middle/2026/54805.jpg","KBO official website","Official profile photo; redistribution rights unverified","0","0","originals/54805.jpg","downloaded_local_only","Local game-development copy; excluded from Git and redistribution packages"
"69839","백승건","https://www.koreabaseball.com/Record/Player/PitcherDetail/Basic.aspx?playerId=69839","https://6ptotvmi5753.edge.naverncp.com/KBO_IMAGE/person/middle/2026/69839.jpg","KBO official website","Official profile photo; redistribution rights unverified","0","0","originals/69839.jpg","downloaded_local_only","Local game-development copy; excluded from Git and redistribution packages"
"61895","서진용","https://www.koreabaseball.com/Record/Player/PitcherDetail/Basic.aspx?playerId=61895","https://6ptotvmi5753.edge.naverncp.com/KBO_IMAGE/person/middle/2026/61895.jpg","KBO official website","Official profile photo; redistribution rights unverified","0","0","originals/61895.jpg","downloaded_local_only","Local game-development copy; excluded from Git and redistribution packages"
"52804","석정우","https://www.koreabaseball.com/Record/Player/HitterDetail/Basic.aspx?playerId=52804","https://6ptotvmi5753.edge.naverncp.com/KBO_IMAGE/person/middle/2026/52804.jpg","KBO official website","Official profile photo; redistribution rights unverified","0","0","originals/52804.jpg","downloaded_local_only","Local game-development copy; excluded from Git and redistribution packages"
"53898","송영진","https://www.koreabaseball.com/Record/Player/PitcherDetail/Basic.aspx?playerId=53898","https://6ptotvmi5753.edge.naverncp.com/KBO_IMAGE/person/middle/2026/53898.jpg","KBO official website","Official profile photo; redistribution rights unverified","0","0","originals/53898.jpg","downloaded_local_only","Local game-development copy; excluded from Git and redistribution packages"
"66662","신범수","https://www.koreabaseball.com/Record/Player/HitterDetail/Basic.aspx?playerId=66662","https://6ptotvmi5753.edge.naverncp.com/KBO_IMAGE/person/middle/2026/66662.jpg","KBO official website","Official profile photo; redistribution rights unverified","0","0","originals/66662.jpg","downloaded_local_only","Local game-development copy; excluded from Git and redistribution packages"
"55860","신지환","https://www.koreabaseball.com/Record/Player/PitcherDetail/Basic.aspx?playerId=55860","https://6ptotvmi5753.edge.naverncp.com/KBO_IMAGE/person/middle/2026/55860.jpg","KBO official website","Official profile photo; redistribution rights unverified","0","0","originals/55860.jpg","downloaded_local_only","Local game-development copy; excluded from Git and redistribution packages"
"66864","안상현","https://www.koreabaseball.com/Record/Player/HitterDetail/Basic.aspx?playerId=66864","https://6ptotvmi5753.edge.naverncp.com/KBO_IMAGE/person/middle/2026/66864.jpg","KBO official website","Official profile photo; redistribution rights unverified","0","0","originals/66864.jpg","downloaded_local_only","Local game-development copy; excluded from Git and redistribution packages"
"54833","앤더슨","https://www.koreabaseball.com/Record/Player/PitcherDetail/Basic.aspx?playerId=54833","https://6ptotvmi5753.edge.naverncp.com/KBO_IMAGE/person/middle/2025/54833.jpg","KBO official website","Official profile photo; redistribution rights unverified","0","0","originals/54833.jpg","downloaded_local_only","Local game-development copy; excluded from Git and redistribution packages"
"53827","에레디아","https://www.koreabaseball.com/Record/Player/HitterDetail/Basic.aspx?playerId=53827","https://6ptotvmi5753.edge.naverncp.com/KBO_IMAGE/person/middle/2026/53827.jpg","KBO official website","Official profile photo; redistribution rights unverified","0","0","originals/53827.jpg","downloaded_local_only","Local game-development copy; excluded from Git and redistribution packages"
"60558","오태곤","https://www.koreabaseball.com/Record/Player/HitterDetail/Basic.aspx?playerId=60558","https://6ptotvmi5753.edge.naverncp.com/KBO_IMAGE/person/middle/2026/60558.jpg","KBO official website","Official profile photo; redistribution rights unverified","0","0","originals/60558.jpg","downloaded_local_only","Local game-development copy; excluded from Git and redistribution packages"
"64861","이건욱","https://www.koreabaseball.com/Record/Player/PitcherDetail/Basic.aspx?playerId=64861","https://6ptotvmi5753.edge.naverncp.com/KBO_IMAGE/person/middle/2026/64861.jpg","KBO official website","Official profile photo; redistribution rights unverified","0","0","originals/64861.jpg","downloaded_local_only","Local game-development copy; excluded from Git and redistribution packages"
"53892","이로운","https://www.koreabaseball.com/Record/Player/PitcherDetail/Basic.aspx?playerId=53892","https://6ptotvmi5753.edge.naverncp.com/KBO_IMAGE/person/middle/2026/53892.jpg","KBO official website","Official profile photo; redistribution rights unverified","0","0","originals/53892.jpg","downloaded_local_only","Local game-development copy; excluded from Git and redistribution packages"
"54806","이승민","https://www.koreabaseball.com/Record/Player/HitterDetail/Basic.aspx?playerId=54806","https://6ptotvmi5753.edge.naverncp.com/KBO_IMAGE/person/middle/2026/54806.jpg","KBO official website","Official profile photo; redistribution rights unverified","0","0","originals/54806.jpg","downloaded_local_only","Local game-development copy; excluded from Git and redistribution packages"
"55832","이율예","https://www.koreabaseball.com/Record/Player/HitterDetail/Basic.aspx?playerId=55832","https://6ptotvmi5753.edge.naverncp.com/KBO_IMAGE/person/middle/2026/55832.jpg","KBO official website","Official profile photo; redistribution rights unverified","0","0","originals/55832.jpg","downloaded_local_only","Local game-development copy; excluded from Git and redistribution packages"
"67807","이정범","https://www.koreabaseball.com/Record/Player/HitterDetail/Basic.aspx?playerId=67807","https://6ptotvmi5753.edge.naverncp.com/KBO_IMAGE/person/middle/2026/67807.jpg","KBO official website","Official profile photo; redistribution rights unverified","0","0","originals/67807.jpg","downloaded_local_only","Local game-development copy; excluded from Git and redistribution packages"
"79456","이지영","https://www.koreabaseball.com/Record/Player/HitterDetail/Basic.aspx?playerId=79456","https://6ptotvmi5753.edge.naverncp.com/KBO_IMAGE/person/middle/2026/79456.jpg","KBO official website","Official profile photo; redistribution rights unverified","0","0","originals/79456.jpg","downloaded_local_only","Local game-development copy; excluded from Git and redistribution packages"
"52807","임근우","https://www.koreabaseball.com/Record/Player/HitterDetail/Basic.aspx?playerId=52807","https://6ptotvmi5753.edge.naverncp.com/KBO_IMAGE/person/middle/2026/52807.jpg","KBO official website","Official profile photo; redistribution rights unverified","0","0","originals/52807.jpg","downloaded_local_only","Local game-development copy; excluded from Git and redistribution packages"
"51895","장지훈","https://www.koreabaseball.com/Record/Player/PitcherDetail/Basic.aspx?playerId=51895","https://6ptotvmi5753.edge.naverncp.com/KBO_IMAGE/person/middle/2026/51895.jpg","KBO official website","Official profile photo; redistribution rights unverified","0","0","originals/51895.jpg","downloaded_local_only","Local game-development copy; excluded from Git and redistribution packages"
"52809","전영준","https://www.koreabaseball.com/Record/Player/PitcherDetail/Basic.aspx?playerId=52809","https://6ptotvmi5753.edge.naverncp.com/KBO_IMAGE/person/middle/2026/52809.jpg","KBO official website","Official profile photo; redistribution rights unverified","0","0","originals/52809.jpg","downloaded_local_only","Local game-development copy; excluded from Git and redistribution packages"
"66858","정동윤","https://www.koreabaseball.com/Record/Player/PitcherDetail/Basic.aspx?playerId=66858","https://6ptotvmi5753.edge.naverncp.com/KBO_IMAGE/person/middle/2026/66858.jpg","KBO official website","Official profile photo; redistribution rights unverified","0","0","originals/66858.jpg","downloaded_local_only","Local game-development copy; excluded from Git and redistribution packages"
"54812","정준재","https://www.koreabaseball.com/Record/Player/HitterDetail/Basic.aspx?playerId=54812","https://6ptotvmi5753.edge.naverncp.com/KBO_IMAGE/person/middle/2026/54812.jpg","KBO official website","Official profile photo; redistribution rights unverified","0","0","originals/54812.jpg","downloaded_local_only","Local game-development copy; excluded from Git and redistribution packages"
"51897","조병현","https://www.koreabaseball.com/Record/Player/PitcherDetail/Basic.aspx?playerId=51897","https://6ptotvmi5753.edge.naverncp.com/KBO_IMAGE/person/middle/2026/51897.jpg","KBO official website","Official profile photo; redistribution rights unverified","0","0","originals/51897.jpg","downloaded_local_only","Local game-development copy; excluded from Git and redistribution packages"
"51865","조형우","https://www.koreabaseball.com/Record/Player/HitterDetail/Basic.aspx?playerId=51865","https://6ptotvmi5753.edge.naverncp.com/KBO_IMAGE/person/middle/2026/51865.jpg","KBO official website","Official profile photo; redistribution rights unverified","0","0","originals/51865.jpg","downloaded_local_only","Local game-development copy; excluded from Git and redistribution packages"
"69804","채현우","https://www.koreabaseball.com/Record/Player/HitterDetail/Basic.aspx?playerId=69804","https://6ptotvmi5753.edge.naverncp.com/KBO_IMAGE/person/middle/2026/69804.jpg","KBO official website","Official profile photo; redistribution rights unverified","0","0","originals/69804.jpg","downloaded_local_only","Local game-development copy; excluded from Git and redistribution packages"
"55890","천범석","https://www.koreabaseball.com/Record/Player/PitcherDetail/Basic.aspx?playerId=55890","https://6ptotvmi5753.edge.naverncp.com/KBO_IMAGE/person/middle/2026/55890.jpg","KBO official website","Official profile photo; redistribution rights unverified","0","0","originals/55890.jpg","downloaded_local_only","Local game-development copy; excluded from Git and redistribution packages"
"68856","최민준","https://www.koreabaseball.com/Record/Player/PitcherDetail/Basic.aspx?playerId=68856","https://6ptotvmi5753.edge.naverncp.com/KBO_IMAGE/person/middle/2026/68856.jpg","KBO official website","Official profile photo; redistribution rights unverified","0","0","originals/68856.jpg","downloaded_local_only","Local game-development copy; excluded from Git and redistribution packages"
"55894","최윤석","https://www.koreabaseball.com/Record/Player/HitterDetail/Basic.aspx?playerId=55894","https://6ptotvmi5753.edge.naverncp.com/KBO_IMAGE/person/middle/2026/55894.jpg","KBO official website","Official profile photo; redistribution rights unverified","0","0","originals/55894.jpg","downloaded_local_only","Local game-development copy; excluded from Git and redistribution packages"
"75847","최정","https://www.koreabaseball.com/Record/Player/HitterDetail/Basic.aspx?playerId=75847","https://6ptotvmi5753.edge.naverncp.com/KBO_IMAGE/person/middle/2026/75847.jpg","KBO official website","Official profile photo; redistribution rights unverified","0","0","originals/75847.jpg","downloaded_local_only","Local game-development copy; excluded from Git and redistribution packages"
"68868","최준우","https://www.koreabaseball.com/Record/Player/HitterDetail/Basic.aspx?playerId=68868","https://6ptotvmi5753.edge.naverncp.com/KBO_IMAGE/person/middle/2026/68868.jpg","KBO official website","Official profile photo; redistribution rights unverified","0","0","originals/68868.jpg","downloaded_local_only","Local game-development copy; excluded from Git and redistribution packages"
"50854","최지훈","https://www.koreabaseball.com/Record/Player/HitterDetail/Basic.aspx?playerId=50854","https://6ptotvmi5753.edge.naverncp.com/KBO_IMAGE/person/middle/2026/50854.jpg","KBO official website","Official profile photo; redistribution rights unverified","0","0","originals/50854.jpg","downloaded_local_only","Local game-development copy; excluded from Git and redistribution packages"
"54803","최현석","https://www.koreabaseball.com/Record/Player/PitcherDetail/Basic.aspx?playerId=54803","https://6ptotvmi5753.edge.naverncp.com/KBO_IMAGE/person/middle/2026/54803.jpg","KBO official website","Official profile photo; redistribution rights unverified","0","0","originals/54803.jpg","downloaded_local_only","Local game-development copy; excluded from Git and redistribution packages"
"69813","하재훈","https://www.koreabaseball.com/Record/Player/HitterDetail/Basic.aspx?playerId=69813","https://6ptotvmi5753.edge.naverncp.com/KBO_IMAGE/person/middle/2026/69813.jpg","KBO official website","Official profile photo; redistribution rights unverified","0","0","originals/69813.jpg","downloaded_local_only","Local game-development copy; excluded from Git and redistribution packages"
"68092","한두솔","https://www.koreabaseball.com/Record/Player/PitcherDetail/Basic.aspx?playerId=68092","https://6ptotvmi5753.edge.naverncp.com/KBO_IMAGE/person/middle/2026/68092.jpg","KBO official website","Official profile photo; redistribution rights unverified","0","0","originals/68092.jpg","downloaded_local_only","Local game-development copy; excluded from Git and redistribution packages"
"62895","한유섬","https://www.koreabaseball.com/Record/Player/HitterDetail/Basic.aspx?playerId=62895","https://6ptotvmi5753.edge.naverncp.com/KBO_IMAGE/person/middle/2026/62895.jpg","KBO official website","Official profile photo; redistribution rights unverified","0","0","originals/62895.jpg","downloaded_local_only","Local game-development copy; excluded from Git and redistribution packages"
"50840","현원회","https://www.koreabaseball.com/Record/Player/HitterDetail/Basic.aspx?playerId=50840","https://6ptotvmi5753.edge.naverncp.com/KBO_IMAGE/person/middle/2026/50840.jpg","KBO official website","Official profile photo; redistribution rights unverified","0","0","originals/50840.jpg","downloaded_local_only","Local game-development copy; excluded from Git and redistribution packages"
"55897","홍대인","https://www.koreabaseball.com/Record/Player/HitterDetail/Basic.aspx?playerId=55897","https://6ptotvmi5753.edge.naverncp.com/KBO_IMAGE/person/middle/2026/55897.jpg","KBO official website","Official profile photo; redistribution rights unverified","0","0","originals/55897.jpg","downloaded_local_only","Local game-development copy; excluded from Git and redistribution packages"
"55855","화이트","https://www.koreabaseball.com/Record/Player/PitcherDetail/Basic.aspx?playerId=55855","https://6ptotvmi5753.edge.naverncp.com/KBO_IMAGE/person/middle/2026/55855.jpg","KBO official website","Official profile photo; redistribution rights unverified","0","0","originals/55855.jpg","downloaded_local_only","Local game-development copy; excluded from Git and redistribution packages"
"63123","강승호","https://www.koreabaseball.com/Record/Player/HitterDetail/Basic.aspx?playerId=63123","https://6ptotvmi5753.edge.naverncp.com/KBO_IMAGE/person/middle/2026/63123.jpg","KBO official website","Official profile photo; redistribution rights unverified","0","0","originals/63123.jpg","downloaded_local_only","Local game-development copy; excluded from Git and redistribution packages"
"51269","강현구","https://www.koreabaseball.com/Record/Player/HitterDetail/Basic.aspx?playerId=51269","https://6ptotvmi5753.edge.naverncp.com/KBO_IMAGE/person/middle/2025/51269.jpg","KBO official website","Official profile photo; redistribution rights unverified","0","0","originals/51269.jpg","downloaded_local_only","Local game-development copy; excluded from Git and redistribution packages"
"72523","고효준","https://www.koreabaseball.com/Record/Player/PitcherDetail/Basic.aspx?playerId=72523","https://6ptotvmi5753.edge.naverncp.com/KBO_IMAGE/person/middle/2026/72523.jpg","KBO official website","Official profile photo; redistribution rights unverified","0","0","originals/72523.jpg","downloaded_local_only","Local game-development copy; excluded from Git and redistribution packages"
"68220","곽빈","https://www.koreabaseball.com/Record/Player/PitcherDetail/Basic.aspx?playerId=68220","https://6ptotvmi5753.edge.naverncp.com/KBO_IMAGE/person/middle/2026/68220.jpg","KBO official website","Official profile photo; redistribution rights unverified","0","0","originals/68220.jpg","downloaded_local_only","Local game-development copy; excluded from Git and redistribution packages"
"66112","김기연","https://www.koreabaseball.com/Record/Player/HitterDetail/Basic.aspx?playerId=66112","https://6ptotvmi5753.edge.naverncp.com/KBO_IMAGE/person/middle/2026/66112.jpg","KBO official website","Official profile photo; redistribution rights unverified","0","0","originals/66112.jpg","downloaded_local_only","Local game-development copy; excluded from Git and redistribution packages"
"69238","김대한","https://www.koreabaseball.com/Record/Player/HitterDetail/Basic.aspx?playerId=69238","https://6ptotvmi5753.edge.naverncp.com/KBO_IMAGE/person/middle/2026/69238.jpg","KBO official website","Official profile photo; redistribution rights unverified","0","0","originals/69238.jpg","downloaded_local_only","Local game-development copy; excluded from Git and redistribution packages"
"52267","김동준","https://www.koreabaseball.com/Record/Player/HitterDetail/Basic.aspx?playerId=52267","https://6ptotvmi5753.edge.naverncp.com/KBO_IMAGE/person/middle/2026/52267.jpg","KBO official website","Official profile photo; redistribution rights unverified","0","0","originals/52267.jpg","downloaded_local_only","Local game-development copy; excluded from Git and redistribution packages"
"67246","김명신","https://www.koreabaseball.com/Record/Player/PitcherDetail/Basic.aspx?playerId=67246","https://6ptotvmi5753.edge.naverncp.com/KBO_IMAGE/person/middle/2026/67246.jpg","KBO official website","Official profile photo; redistribution rights unverified","0","0","originals/67246.jpg","downloaded_local_only","Local game-development copy; excluded from Git and redistribution packages"
"68200","김민규","https://www.koreabaseball.com/Record/Player/PitcherDetail/Basic.aspx?playerId=68200","https://6ptotvmi5753.edge.naverncp.com/KBO_IMAGE/person/middle/2026/68200.jpg","KBO official website","Official profile photo; redistribution rights unverified","0","0","originals/68200.jpg","downloaded_local_only","Local game-development copy; excluded from Git and redistribution packages"
"53554","김민석","https://www.koreabaseball.com/Record/Player/HitterDetail/Basic.aspx?playerId=53554","https://6ptotvmi5753.edge.naverncp.com/KBO_IMAGE/person/middle/2026/53554.jpg","KBO official website","Official profile photo; redistribution rights unverified","0","0","originals/53554.jpg","downloaded_local_only","Local game-development copy; excluded from Git and redistribution packages"
"65269","김민혁","https://www.koreabaseball.com/Record/Player/HitterDetail/Basic.aspx?playerId=65269","https://6ptotvmi5753.edge.naverncp.com/KBO_IMAGE/person/middle/2026/65269.jpg","KBO official website","Official profile photo; redistribution rights unverified","0","0","originals/65269.jpg","downloaded_local_only","Local game-development copy; excluded from Git and redistribution packages"
"55216","김성재","https://www.koreabaseball.com/Record/Player/HitterDetail/Basic.aspx?playerId=55216","https://6ptotvmi5753.edge.naverncp.com/KBO_IMAGE/person/middle/2026/55216.jpg","KBO official website","Official profile photo; redistribution rights unverified","0","0","originals/55216.jpg","downloaded_local_only","Local game-development copy; excluded from Git and redistribution packages"
"53262","김유성","https://www.koreabaseball.com/Record/Player/PitcherDetail/Basic.aspx?playerId=53262","https://6ptotvmi5753.edge.naverncp.com/KBO_IMAGE/person/middle/2026/53262.jpg","KBO official website","Official profile photo; redistribution rights unverified","0","0","originals/53262.jpg","downloaded_local_only","Local game-development copy; excluded from Git and redistribution packages"
"63257","김인태","https://www.koreabaseball.com/Record/Player/HitterDetail/Basic.aspx?playerId=63257","https://6ptotvmi5753.edge.naverncp.com/KBO_IMAGE/person/middle/2026/63257.jpg","KBO official website","Official profile photo; redistribution rights unverified","0","0","originals/63257.jpg","downloaded_local_only","Local game-development copy; excluded from Git and redistribution packages"
"78224","김재환","https://www.koreabaseball.com/Record/Player/HitterDetail/Basic.aspx?playerId=78224","https://6ptotvmi5753.edge.naverncp.com/KBO_IMAGE/person/middle/2026/78224.jpg","KBO official website","Official profile photo; redistribution rights unverified","0","0","originals/78224.jpg","downloaded_local_only","Local game-development copy; excluded from Git and redistribution packages"
"68830","김정우","https://www.koreabaseball.com/Record/Player/PitcherDetail/Basic.aspx?playerId=68830","https://6ptotvmi5753.edge.naverncp.com/KBO_IMAGE/person/middle/2026/68830.jpg","KBO official website","Official profile photo; redistribution rights unverified","0","0","originals/68830.jpg","downloaded_local_only","Local game-development copy; excluded from Git and redistribution packages"
"55226","김준상","https://www.koreabaseball.com/Record/Player/HitterDetail/Basic.aspx?playerId=55226","https://6ptotvmi5753.edge.naverncp.com/KBO_IMAGE/person/middle/2026/55226.jpg","KBO official website","Official profile photo; redistribution rights unverified","0","0","originals/55226.jpg","downloaded_local_only","Local game-development copy; excluded from Git and redistribution packages"
"54263","김택연","https://www.koreabaseball.com/Record/Player/PitcherDetail/Basic.aspx?playerId=54263","https://6ptotvmi5753.edge.naverncp.com/KBO_IMAGE/person/middle/2026/54263.jpg","KBO official website","Official profile photo; redistribution rights unverified","0","0","originals/54263.jpg","downloaded_local_only","Local game-development copy; excluded from Git and redistribution packages"
"55221","김한중","https://www.koreabaseball.com/Record/Player/PitcherDetail/Basic.aspx?playerId=55221","https://6ptotvmi5753.edge.naverncp.com/KBO_IMAGE/person/middle/2026/55221.jpg","KBO official website","Official profile photo; redistribution rights unverified","0","0","originals/55221.jpg","downloaded_local_only","Local game-development copy; excluded from Git and redistribution packages"
"68269","김호준","https://www.koreabaseball.com/Record/Player/PitcherDetail/Basic.aspx?playerId=68269","https://6ptotvmi5753.edge.naverncp.com/KBO_IMAGE/person/middle/2026/68269.jpg","KBO official website","Official profile photo; redistribution rights unverified","0","0","originals/68269.jpg","downloaded_local_only","Local game-development copy; excluded from Git and redistribution packages"
"54219","류현준","https://www.koreabaseball.com/Record/Player/HitterDetail/Basic.aspx?playerId=54219","https://6ptotvmi5753.edge.naverncp.com/KBO_IMAGE/person/middle/2026/54219.jpg","KBO official website","Official profile photo; redistribution rights unverified","0","0","originals/54219.jpg","downloaded_local_only","Local game-development copy; excluded from Git and redistribution packages"
"64468","박계범","https://www.koreabaseball.com/Record/Player/HitterDetail/Basic.aspx?playerId=64468","https://6ptotvmi5753.edge.naverncp.com/KBO_IMAGE/person/middle/2026/64468.jpg","KBO official website","Official profile photo; redistribution rights unverified","0","0","originals/64468.jpg","downloaded_local_only","Local game-development copy; excluded from Git and redistribution packages"
"53204","박민준","https://www.koreabaseball.com/Record/Player/HitterDetail/Basic.aspx?playerId=53204","https://6ptotvmi5753.edge.naverncp.com/KBO_IMAGE/person/middle/2026/53204.jpg","KBO official website","Official profile photo; redistribution rights unverified","0","0","originals/53204.jpg","downloaded_local_only","Local game-development copy; excluded from Git and redistribution packages"
"51298","박성재","https://www.koreabaseball.com/Record/Player/HitterDetail/Basic.aspx?playerId=51298","https://6ptotvmi5753.edge.naverncp.com/KBO_IMAGE/person/middle/2026/51298.jpg","KBO official website","Official profile photo; redistribution rights unverified","0","0","originals/51298.jpg","downloaded_local_only","Local game-development copy; excluded from Git and redistribution packages"
"68249","박신지","https://www.koreabaseball.com/Record/Player/PitcherDetail/Basic.aspx?playerId=68249","https://6ptotvmi5753.edge.naverncp.com/KBO_IMAGE/person/middle/2026/68249.jpg","KBO official website","Official profile photo; redistribution rights unverified","0","0","originals/68249.jpg","downloaded_local_only","Local game-development copy; excluded from Git and redistribution packages"
"65639","박정수","https://www.koreabaseball.com/Record/Player/PitcherDetail/Basic.aspx?playerId=65639","https://6ptotvmi5753.edge.naverncp.com/KBO_IMAGE/person/middle/2026/65639.jpg","KBO official website","Official profile photo; redistribution rights unverified","0","0","originals/65639.jpg","downloaded_local_only","Local game-development copy; excluded from Git and redistribution packages"
"55252","박준순","https://www.koreabaseball.com/Record/Player/HitterDetail/Basic.aspx?playerId=55252","https://6ptotvmi5753.edge.naverncp.com/KBO_IMAGE/person/middle/2026/55252.jpg","KBO official website","Official profile photo; redistribution rights unverified","0","0","originals/55252.jpg","downloaded_local_only","Local game-development copy; excluded from Git and redistribution packages"
"66928","박준영","https://www.koreabaseball.com/Record/Player/HitterDetail/Basic.aspx?playerId=66928","https://6ptotvmi5753.edge.naverncp.com/KBO_IMAGE/person/middle/2025/66928.jpg","KBO official website","Official profile photo; redistribution rights unverified","0","0","originals/66928.jpg","downloaded_local_only","Local game-development copy; excluded from Git and redistribution packages"
"54213","박지호","https://www.koreabaseball.com/Record/Player/PitcherDetail/Basic.aspx?playerId=54213","https://6ptotvmi5753.edge.naverncp.com/KBO_IMAGE/person/middle/2026/54213.jpg","KBO official website","Official profile photo; redistribution rights unverified","0","0","originals/54213.jpg","downloaded_local_only","Local game-development copy; excluded from Git and redistribution packages"
"50204","박지훈","https://www.koreabaseball.com/Record/Player/HitterDetail/Basic.aspx?playerId=50204","https://6ptotvmi5753.edge.naverncp.com/KBO_IMAGE/person/middle/2026/50204.jpg","KBO official website","Official profile photo; redistribution rights unverified","0","0","originals/50204.jpg","downloaded_local_only","Local game-development copy; excluded from Git and redistribution packages"
"67266","박치국","https://www.koreabaseball.com/Record/Player/PitcherDetail/Basic.aspx?playerId=67266","https://6ptotvmi5753.edge.naverncp.com/KBO_IMAGE/person/middle/2026/67266.jpg","KBO official website","Official profile photo; redistribution rights unverified","0","0","originals/67266.jpg","downloaded_local_only","Local game-development copy; excluded from Git and redistribution packages"
"51203","안재석","https://www.koreabaseball.com/Record/Player/HitterDetail/Basic.aspx?playerId=51203","https://6ptotvmi5753.edge.naverncp.com/KBO_IMAGE/person/middle/2026/51203.jpg","KBO official website","Official profile photo; redistribution rights unverified","0","0","originals/51203.jpg","downloaded_local_only","Local game-development copy; excluded from Git and redistribution packages"
"64153","양석환","https://www.koreabaseball.com/Record/Player/HitterDetail/Basic.aspx?playerId=64153","https://6ptotvmi5753.edge.naverncp.com/KBO_IMAGE/person/middle/2026/64153.jpg","KBO official website","Official profile photo; redistribution rights unverified","0","0","originals/64153.jpg","downloaded_local_only","Local game-development copy; excluded from Git and redistribution packages"
"76232","양의지","https://www.koreabaseball.com/Record/Player/HitterDetail/Basic.aspx?playerId=76232","https://6ptotvmi5753.edge.naverncp.com/KBO_IMAGE/person/middle/2026/76232.jpg","KBO official website","Official profile photo; redistribution rights unverified","0","0","originals/76232.jpg","downloaded_local_only","Local game-development copy; excluded from Git and redistribution packages"
"55215","양재훈","https://www.koreabaseball.com/Record/Player/PitcherDetail/Basic.aspx?playerId=55215","https://6ptotvmi5753.edge.naverncp.com/KBO_IMAGE/person/middle/2026/55215.jpg","KBO official website","Official profile photo; redistribution rights unverified","0","0","originals/55215.jpg","downloaded_local_only","Local game-development copy; excluded from Git and redistribution packages"
"54205","여동건","https://www.koreabaseball.com/Record/Player/HitterDetail/Basic.aspx?playerId=54205","https://6ptotvmi5753.edge.naverncp.com/KBO_IMAGE/person/middle/2026/54205.jpg","KBO official website","Official profile photo; redistribution rights unverified","0","0","originals/54205.jpg","downloaded_local_only","Local game-development copy; excluded from Git and redistribution packages"
"50208","오명진","https://www.koreabaseball.com/Record/Player/HitterDetail/Basic.aspx?playerId=50208","https://6ptotvmi5753.edge.naverncp.com/KBO_IMAGE/person/middle/2026/50208.jpg","KBO official website","Official profile photo; redistribution rights unverified","0","0","originals/50208.jpg","downloaded_local_only","Local game-development copy; excluded from Git and redistribution packages"
"52202","윤태호","https://www.koreabaseball.com/Record/Player/PitcherDetail/Basic.aspx?playerId=52202","https://6ptotvmi5753.edge.naverncp.com/KBO_IMAGE/person/middle/2026/52202.jpg","KBO official website","Official profile photo; redistribution rights unverified","0","0","originals/52202.jpg","downloaded_local_only","Local game-development copy; excluded from Git and redistribution packages"
"69205","이교훈","https://www.koreabaseball.com/Record/Player/PitcherDetail/Basic.aspx?playerId=69205","https://6ptotvmi5753.edge.naverncp.com/KBO_IMAGE/person/middle/2026/69205.jpg","KBO official website","Official profile photo; redistribution rights unverified","0","0","originals/69205.jpg","downloaded_local_only","Local game-development copy; excluded from Git and redistribution packages"
"52204","이병헌","https://www.koreabaseball.com/Record/Player/PitcherDetail/Basic.aspx?playerId=52204","https://6ptotvmi5753.edge.naverncp.com/KBO_IMAGE/person/middle/2026/52204.jpg","KBO official website","Official profile photo; redistribution rights unverified","0","0","originals/52204.jpg","downloaded_local_only","Local game-development copy; excluded from Git and redistribution packages"
"55224","이선우","https://www.koreabaseball.com/Record/Player/HitterDetail/Basic.aspx?playerId=55224","https://6ptotvmi5753.edge.naverncp.com/KBO_IMAGE/person/middle/2026/55224.jpg","KBO official website","Official profile photo; redistribution rights unverified","0","0","originals/55224.jpg","downloaded_local_only","Local game-development copy; excluded from Git and redistribution packages"
"64805","이승진","https://www.koreabaseball.com/Record/Player/PitcherDetail/Basic.aspx?playerId=64805","https://6ptotvmi5753.edge.naverncp.com/KBO_IMAGE/person/middle/2025/64805.jpg","KBO official website","Official profile photo; redistribution rights unverified","0","0","originals/64805.jpg","downloaded_local_only","Local game-development copy; excluded from Git and redistribution packages"
"66291","이영하","https://www.koreabaseball.com/Record/Player/PitcherDetail/Basic.aspx?playerId=66291","https://6ptotvmi5753.edge.naverncp.com/KBO_IMAGE/person/middle/2026/66291.jpg","KBO official website","Official profile photo; redistribution rights unverified","0","0","originals/66291.jpg","downloaded_local_only","Local game-development copy; excluded from Git and redistribution packages"
"67207","이유찬","https://www.koreabaseball.com/Record/Player/HitterDetail/Basic.aspx?playerId=67207","https://6ptotvmi5753.edge.naverncp.com/KBO_IMAGE/person/middle/2026/67207.jpg","KBO official website","Official profile photo; redistribution rights unverified","0","0","originals/67207.jpg","downloaded_local_only","Local game-development copy; excluded from Git and redistribution packages"
"54236","임종성","https://www.koreabaseball.com/Record/Player/HitterDetail/Basic.aspx?playerId=54236","https://6ptotvmi5753.edge.naverncp.com/KBO_IMAGE/person/middle/2026/54236.jpg","KBO official website","Official profile photo; redistribution rights unverified","0","0","originals/54236.jpg","downloaded_local_only","Local game-development copy; excluded from Git and redistribution packages"
"63202","장승현","https://www.koreabaseball.com/Record/Player/HitterDetail/Basic.aspx?playerId=63202","https://6ptotvmi5753.edge.naverncp.com/KBO_IMAGE/person/middle/2026/63202.jpg","KBO official website","Official profile photo; redistribution rights unverified","0","0","originals/63202.jpg","downloaded_local_only","Local game-development copy; excluded from Git and redistribution packages"
"55239","잭로그","https://www.koreabaseball.com/Record/Player/PitcherDetail/Basic.aspx?playerId=55239","https://6ptotvmi5753.edge.naverncp.com/KBO_IMAGE/person/middle/2026/55239.jpg","KBO official website","Official profile photo; redistribution rights unverified","0","0","originals/55239.jpg","downloaded_local_only","Local game-development copy; excluded from Git and redistribution packages"
"54214","전다민","https://www.koreabaseball.com/Record/Player/HitterDetail/Basic.aspx?playerId=54214","https://6ptotvmi5753.edge.naverncp.com/KBO_IMAGE/person/middle/2026/54214.jpg","KBO official website","Official profile photo; redistribution rights unverified","0","0","originals/54214.jpg","downloaded_local_only","Local game-development copy; excluded from Git and redistribution packages"
"79231","정수빈","https://www.koreabaseball.com/Record/Player/HitterDetail/Basic.aspx?playerId=79231","https://6ptotvmi5753.edge.naverncp.com/KBO_IMAGE/person/middle/2026/79231.jpg","KBO official website","Official profile photo; redistribution rights unverified","0","0","originals/79231.jpg","downloaded_local_only","Local game-development copy; excluded from Git and redistribution packages"
"50211","제환유","https://www.koreabaseball.com/Record/Player/PitcherDetail/Basic.aspx?playerId=50211","https://6ptotvmi5753.edge.naverncp.com/KBO_IMAGE/person/middle/2026/50211.jpg","KBO official website","Official profile photo; redistribution rights unverified","0","0","originals/50211.jpg","downloaded_local_only","Local game-development copy; excluded from Git and redistribution packages"
"66209","조수행","https://www.koreabaseball.com/Record/Player/HitterDetail/Basic.aspx?playerId=66209","https://6ptotvmi5753.edge.naverncp.com/KBO_IMAGE/person/middle/2026/66209.jpg","KBO official website","Official profile photo; redistribution rights unverified","0","0","originals/66209.jpg","downloaded_local_only","Local game-development copy; excluded from Git and redistribution packages"
"52208","천현재","https://www.koreabaseball.com/Record/Player/HitterDetail/Basic.aspx?playerId=52208","https://6ptotvmi5753.edge.naverncp.com/KBO_IMAGE/person/middle/2026/52208.jpg","KBO official website","Official profile photo; redistribution rights unverified","0","0","originals/52208.jpg","downloaded_local_only","Local game-development copy; excluded from Git and redistribution packages"
"55268","최민석","https://www.koreabaseball.com/Record/Player/PitcherDetail/Basic.aspx?playerId=55268","https://6ptotvmi5753.edge.naverncp.com/KBO_IMAGE/person/middle/2026/55268.jpg","KBO official website","Official profile photo; redistribution rights unverified","0","0","originals/55268.jpg","downloaded_local_only","Local game-development copy; excluded from Git and redistribution packages"
"51264","최승용","https://www.koreabaseball.com/Record/Player/PitcherDetail/Basic.aspx?playerId=51264","https://6ptotvmi5753.edge.naverncp.com/KBO_IMAGE/person/middle/2026/51264.jpg","KBO official website","Official profile photo; redistribution rights unverified","0","0","originals/51264.jpg","downloaded_local_only","Local game-development copy; excluded from Git and redistribution packages"
"67263","최원준","https://www.koreabaseball.com/Record/Player/PitcherDetail/Basic.aspx?playerId=67263","https://6ptotvmi5753.edge.naverncp.com/KBO_IMAGE/person/middle/2026/67263.jpg","KBO official website","Official profile photo; redistribution rights unverified","0","0","originals/67263.jpg","downloaded_local_only","Local game-development copy; excluded from Git and redistribution packages"
"50206","최종인","https://www.koreabaseball.com/Record/Player/PitcherDetail/Basic.aspx?playerId=50206","https://6ptotvmi5753.edge.naverncp.com/KBO_IMAGE/person/middle/2026/50206.jpg","KBO official website","Official profile photo; redistribution rights unverified","0","0","originals/50206.jpg","downloaded_local_only","Local game-development copy; excluded from Git and redistribution packages"
"53259","최준호","https://www.koreabaseball.com/Record/Player/PitcherDetail/Basic.aspx?playerId=53259","https://6ptotvmi5753.edge.naverncp.com/KBO_IMAGE/person/middle/2026/53259.jpg","KBO official website","Official profile photo; redistribution rights unverified","0","0","originals/53259.jpg","downloaded_local_only","Local game-development copy; excluded from Git and redistribution packages"
"52206","최지강","https://www.koreabaseball.com/Record/Player/PitcherDetail/Basic.aspx?playerId=52206","https://6ptotvmi5753.edge.naverncp.com/KBO_IMAGE/person/middle/2026/52206.jpg","KBO official website","Official profile photo; redistribution rights unverified","0","0","originals/52206.jpg","downloaded_local_only","Local game-development copy; excluded from Git and redistribution packages"
"68362","추재현","https://www.koreabaseball.com/Record/Player/HitterDetail/Basic.aspx?playerId=68362","https://6ptotvmi5753.edge.naverncp.com/KBO_IMAGE/person/middle/2026/68362.jpg","KBO official website","Official profile photo; redistribution rights unverified","0","0","originals/68362.jpg","downloaded_local_only","Local game-development copy; excluded from Git and redistribution packages"
"55208","케이브","https://www.koreabaseball.com/Record/Player/HitterDetail/Basic.aspx?playerId=55208","https://6ptotvmi5753.edge.naverncp.com/KBO_IMAGE/person/middle/2025/55208.jpg","KBO official website","Official profile photo; redistribution rights unverified","0","0","originals/55208.jpg","downloaded_local_only","Local game-development copy; excluded from Git and redistribution packages"
"55257","콜어빈","https://www.koreabaseball.com/Record/Player/PitcherDetail/Basic.aspx?playerId=55257","https://6ptotvmi5753.edge.naverncp.com/KBO_IMAGE/person/middle/2025/55257.jpg","KBO official website","Official profile photo; redistribution rights unverified","0","0","originals/55257.jpg","downloaded_local_only","Local game-development copy; excluded from Git and redistribution packages"
"61643","홍건희","https://www.koreabaseball.com/Record/Player/PitcherDetail/Basic.aspx?playerId=61643","https://6ptotvmi5753.edge.naverncp.com/KBO_IMAGE/person/middle/2026/61643.jpg","KBO official website","Official profile photo; redistribution rights unverified","0","0","originals/61643.jpg","downloaded_local_only","Local game-development copy; excluded from Git and redistribution packages"
"55267","홍민규","https://www.koreabaseball.com/Record/Player/PitcherDetail/Basic.aspx?playerId=55267","https://6ptotvmi5753.edge.naverncp.com/KBO_IMAGE/person/middle/2026/55267.jpg","KBO official website","Official profile photo; redistribution rights unverified","0","0","originals/55267.jpg","downloaded_local_only","Local game-development copy; excluded from Git and redistribution packages"
"66233","홍성호","https://www.koreabaseball.com/Record/Player/HitterDetail/Basic.aspx?playerId=66233","https://6ptotvmi5753.edge.naverncp.com/KBO_IMAGE/person/middle/2026/66233.jpg","KBO official website","Official profile photo; redistribution rights unverified","0","0","originals/66233.jpg","downloaded_local_only","Local game-development copy; excluded from Git and redistribution packages"
"55258","황희천","https://www.koreabaseball.com/Record/Player/PitcherDetail/Basic.aspx?playerId=55258","https://6ptotvmi5753.edge.naverncp.com/KBO_IMAGE/person/middle/2026/55258.jpg","KBO official website","Official profile photo; redistribution rights unverified","0","0","originals/55258.jpg","downloaded_local_only","Local game-development copy; excluded from Git and redistribution packages"
"55532","감보아","https://www.koreabaseball.com/Record/Player/PitcherDetail/Basic.aspx?playerId=55532","https://6ptotvmi5753.edge.naverncp.com/KBO_IMAGE/person/middle/2025/55532.jpg","KBO official website","Official profile photo; redistribution rights unverified","0","0","originals/55532.jpg","downloaded_local_only","Local game-development copy; excluded from Git and redistribution packages"
"54506","강승구","https://www.koreabaseball.com/Record/Player/HitterDetail/Basic.aspx?playerId=54506","https://6ptotvmi5753.edge.naverncp.com/KBO_IMAGE/person/middle/2026/54506.jpg","KBO official website","Official profile photo; redistribution rights unverified","0","0","originals/54506.jpg","downloaded_local_only","Local game-development copy; excluded from Git and redistribution packages"
"69517","고승민","https://www.koreabaseball.com/Record/Player/HitterDetail/Basic.aspx?playerId=69517","https://6ptotvmi5753.edge.naverncp.com/KBO_IMAGE/person/middle/2026/69517.jpg","KBO official website","Official profile photo; redistribution rights unverified","0","0","originals/69517.jpg","downloaded_local_only","Local game-development copy; excluded from Git and redistribution packages"
"63543","구승민","https://www.koreabaseball.com/Record/Player/PitcherDetail/Basic.aspx?playerId=63543","https://6ptotvmi5753.edge.naverncp.com/KBO_IMAGE/person/middle/2026/63543.jpg","KBO official website","Official profile photo; redistribution rights unverified","0","0","originals/63543.jpg","downloaded_local_only","Local game-development copy; excluded from Git and redistribution packages"
"65522","김강현","https://www.koreabaseball.com/Record/Player/PitcherDetail/Basic.aspx?playerId=65522","https://6ptotvmi5753.edge.naverncp.com/KBO_IMAGE/person/middle/2026/65522.jpg","KBO official website","Official profile photo; redistribution rights unverified","0","0","originals/65522.jpg","downloaded_local_only","Local game-development copy; excluded from Git and redistribution packages"
"68585","김도규","https://www.koreabaseball.com/Record/Player/PitcherDetail/Basic.aspx?playerId=68585","https://6ptotvmi5753.edge.naverncp.com/KBO_IMAGE/person/middle/2026/68585.jpg","KBO official website","Official profile photo; redistribution rights unverified","0","0","originals/68585.jpg","downloaded_local_only","Local game-development copy; excluded from Git and redistribution packages"
"52504","김동혁","https://www.koreabaseball.com/Record/Player/HitterDetail/Basic.aspx?playerId=52504","https://6ptotvmi5753.edge.naverncp.com/KBO_IMAGE/person/middle/2026/52504.jpg","KBO official website","Official profile photo; redistribution rights unverified","0","0","originals/52504.jpg","downloaded_local_only","Local game-development copy; excluded from Git and redistribution packages"
"55502","김동현","https://www.koreabaseball.com/Record/Player/HitterDetail/Basic.aspx?playerId=55502","https://6ptotvmi5753.edge.naverncp.com/KBO_IMAGE/person/middle/2026/55502.jpg","KBO official website","Official profile photo; redistribution rights unverified","0","0","originals/55502.jpg","downloaded_local_only","Local game-development copy; excluded from Git and redistribution packages"
"77564","김민성","https://www.koreabaseball.com/Record/Player/HitterDetail/Basic.aspx?playerId=77564","https://6ptotvmi5753.edge.naverncp.com/KBO_IMAGE/person/middle/2026/77564.jpg","KBO official website","Official profile photo; redistribution rights unverified","0","0","originals/77564.jpg","downloaded_local_only","Local game-development copy; excluded from Git and redistribution packages"
"76430","김상수","https://www.koreabaseball.com/Record/Player/PitcherDetail/Basic.aspx?playerId=76430","https://6ptotvmi5753.edge.naverncp.com/KBO_IMAGE/person/middle/2026/76430.jpg","KBO official website","Official profile photo; redistribution rights unverified","0","0","originals/76430.jpg","downloaded_local_only","Local game-development copy; excluded from Git and redistribution packages"
"52514","김세민","https://www.koreabaseball.com/Record/Player/HitterDetail/Basic.aspx?playerId=52514","https://6ptotvmi5753.edge.naverncp.com/KBO_IMAGE/person/middle/2026/52514.jpg","KBO official website","Official profile photo; redistribution rights unverified","0","0","originals/52514.jpg","downloaded_local_only","Local game-development copy; excluded from Git and redistribution packages"
"62528","김원중","https://www.koreabaseball.com/Record/Player/PitcherDetail/Basic.aspx?playerId=62528","https://6ptotvmi5753.edge.naverncp.com/KBO_IMAGE/person/middle/2026/62528.jpg","KBO official website","Official profile photo; redistribution rights unverified","0","0","originals/62528.jpg","downloaded_local_only","Local game-development copy; excluded from Git and redistribution packages"
"51516","김진욱","https://www.koreabaseball.com/Record/Player/PitcherDetail/Basic.aspx?playerId=51516","https://6ptotvmi5753.edge.naverncp.com/KBO_IMAGE/person/middle/2026/51516.jpg","KBO official website","Official profile photo; redistribution rights unverified","0","0","originals/51516.jpg","downloaded_local_only","Local game-development copy; excluded from Git and redistribution packages"
"55566","김태현","https://www.koreabaseball.com/Record/Player/PitcherDetail/Basic.aspx?playerId=55566","https://6ptotvmi5753.edge.naverncp.com/KBO_IMAGE/person/middle/2025/55566.jpg","KBO official website","Official profile photo; redistribution rights unverified","0","0","originals/55566.jpg","downloaded_local_only","Local game-development copy; excluded from Git and redistribution packages"
"67539","나균안","https://www.koreabaseball.com/Record/Player/PitcherDetail/Basic.aspx?playerId=67539","https://6ptotvmi5753.edge.naverncp.com/KBO_IMAGE/person/middle/2026/67539.jpg","KBO official website","Official profile photo; redistribution rights unverified","0","0","originals/67539.jpg","downloaded_local_only","Local game-development copy; excluded from Git and redistribution packages"
"51551","나승엽","https://www.koreabaseball.com/Record/Player/HitterDetail/Basic.aspx?playerId=51551","https://6ptotvmi5753.edge.naverncp.com/KBO_IMAGE/person/middle/2026/51551.jpg","KBO official website","Official profile photo; redistribution rights unverified","0","0","originals/51551.jpg","downloaded_local_only","Local game-development copy; excluded from Git and redistribution packages"
"62931","노진혁","https://www.koreabaseball.com/Record/Player/HitterDetail/Basic.aspx?playerId=62931","https://6ptotvmi5753.edge.naverncp.com/KBO_IMAGE/person/middle/2026/62931.jpg","KBO official website","Official profile photo; redistribution rights unverified","0","0","originals/62931.jpg","downloaded_local_only","Local game-development copy; excluded from Git and redistribution packages"
"54529","레이예스","https://www.koreabaseball.com/Record/Player/HitterDetail/Basic.aspx?playerId=54529","https://6ptotvmi5753.edge.naverncp.com/KBO_IMAGE/person/middle/2026/54529.jpg","KBO official website","Official profile photo; redistribution rights unverified","0","0","originals/54529.jpg","downloaded_local_only","Local game-development copy; excluded from Git and redistribution packages"
"55509","박건우","https://www.koreabaseball.com/Record/Player/HitterDetail/Basic.aspx?playerId=55509","https://6ptotvmi5753.edge.naverncp.com/KBO_IMAGE/person/middle/2026/55509.jpg","KBO official website","Official profile photo; redistribution rights unverified","0","0","originals/55509.jpg","downloaded_local_only","Local game-development copy; excluded from Git and redistribution packages"
"64021","박세웅","https://www.koreabaseball.com/Record/Player/PitcherDetail/Basic.aspx?playerId=64021","https://6ptotvmi5753.edge.naverncp.com/KBO_IMAGE/person/middle/2026/64021.jpg","KBO official website","Official profile photo; redistribution rights unverified","0","0","originals/64021.jpg","downloaded_local_only","Local game-development copy; excluded from Git and redistribution packages"
"66047","박세진","https://www.koreabaseball.com/Record/Player/PitcherDetail/Basic.aspx?playerId=66047","https://6ptotvmi5753.edge.naverncp.com/KBO_IMAGE/person/middle/2026/66047.jpg","KBO official website","Official profile photo; redistribution rights unverified","0","0","originals/66047.jpg","downloaded_local_only","Local game-development copy; excluded from Git and redistribution packages"
"55568","박세현","https://www.koreabaseball.com/Record/Player/PitcherDetail/Basic.aspx?playerId=55568","https://6ptotvmi5753.edge.naverncp.com/KBO_IMAGE/person/middle/2026/55568.jpg","KBO official website","Official profile photo; redistribution rights unverified","0","0","originals/55568.jpg","downloaded_local_only","Local game-development copy; excluded from Git and redistribution packages"
"62802","박승욱","https://www.koreabaseball.com/Record/Player/HitterDetail/Basic.aspx?playerId=62802","https://6ptotvmi5753.edge.naverncp.com/KBO_IMAGE/person/middle/2026/62802.jpg","KBO official website","Official profile photo; redistribution rights unverified","0","0","originals/62802.jpg","downloaded_local_only","Local game-development copy; excluded from Git and redistribution packages"
"60559","박시영","https://www.koreabaseball.com/Record/Player/PitcherDetail/Basic.aspx?playerId=60559","https://6ptotvmi5753.edge.naverncp.com/KBO_IMAGE/person/middle/2026/60559.jpg","KBO official website","Official profile photo; redistribution rights unverified","0","0","originals/60559.jpg","downloaded_local_only","Local game-development copy; excluded from Git and redistribution packages"
"55563","박재엽","https://www.koreabaseball.com/Record/Player/HitterDetail/Basic.aspx?playerId=55563","https://6ptotvmi5753.edge.naverncp.com/KBO_IMAGE/person/middle/2026/55563.jpg","KBO official website","Official profile photo; redistribution rights unverified","0","0","originals/55563.jpg","downloaded_local_only","Local game-development copy; excluded from Git and redistribution packages"
"54503","박준우","https://www.koreabaseball.com/Record/Player/PitcherDetail/Basic.aspx?playerId=54503","https://6ptotvmi5753.edge.naverncp.com/KBO_IMAGE/person/middle/2026/54503.jpg","KBO official website","Official profile photo; redistribution rights unverified","0","0","originals/54503.jpg","downloaded_local_only","Local game-development copy; excluded from Git and redistribution packages"
"69594","박진","https://www.koreabaseball.com/Record/Player/PitcherDetail/Basic.aspx?playerId=69594","https://6ptotvmi5753.edge.naverncp.com/KBO_IMAGE/person/middle/2026/69594.jpg","KBO official website","Official profile photo; redistribution rights unverified","0","0","originals/69594.jpg","downloaded_local_only","Local game-development copy; excluded from Git and redistribution packages"
"63512","박진형","https://www.koreabaseball.com/Record/Player/PitcherDetail/Basic.aspx?playerId=63512","https://6ptotvmi5753.edge.naverncp.com/KBO_IMAGE/person/middle/2026/63512.jpg","KBO official website","Official profile photo; redistribution rights unverified","0","0","originals/63512.jpg","downloaded_local_only","Local game-development copy; excluded from Git and redistribution packages"
"55530","박찬형","https://www.koreabaseball.com/Record/Player/HitterDetail/Basic.aspx?playerId=55530","https://6ptotvmi5753.edge.naverncp.com/KBO_IMAGE/person/middle/2026/55530.jpg","KBO official website","Official profile photo; redistribution rights unverified","0","0","originals/55530.jpg","downloaded_local_only","Local game-development copy; excluded from Git and redistribution packages"
"54507","백두산","https://www.koreabaseball.com/Record/Player/HitterDetail/Basic.aspx?playerId=54507","https://6ptotvmi5753.edge.naverncp.com/KBO_IMAGE/person/middle/2025/54507.jpg","KBO official website","Official profile photo; redistribution rights unverified","0","0","originals/54507.jpg","downloaded_local_only","Local game-development copy; excluded from Git and redistribution packages"
"55526","벨라스케즈","https://www.koreabaseball.com/Record/Player/PitcherDetail/Basic.aspx?playerId=55526","https://6ptotvmi5753.edge.naverncp.com/KBO_IMAGE/person/middle/2025/55526.jpg","KBO official website","Official profile photo; redistribution rights unverified","0","0","originals/55526.jpg","downloaded_local_only","Local game-development copy; excluded from Git and redistribution packages"
"51528","손성빈","https://www.koreabaseball.com/Record/Player/HitterDetail/Basic.aspx?playerId=51528","https://6ptotvmi5753.edge.naverncp.com/KBO_IMAGE/person/middle/2026/51528.jpg","KBO official website","Official profile photo; redistribution rights unverified","0","0","originals/51528.jpg","downloaded_local_only","Local game-development copy; excluded from Git and redistribution packages"
"50150","손호영","https://www.koreabaseball.com/Record/Player/HitterDetail/Basic.aspx?playerId=50150","https://6ptotvmi5753.edge.naverncp.com/KBO_IMAGE/person/middle/2026/50150.jpg","KBO official website","Official profile photo; redistribution rights unverified","0","0","originals/50150.jpg","downloaded_local_only","Local game-development copy; excluded from Git and redistribution packages"
"51594","송재영","https://www.koreabaseball.com/Record/Player/PitcherDetail/Basic.aspx?playerId=51594","https://6ptotvmi5753.edge.naverncp.com/KBO_IMAGE/person/middle/2026/51594.jpg","KBO official website","Official profile photo; redistribution rights unverified","0","0","originals/51594.jpg","downloaded_local_only","Local game-development copy; excluded from Git and redistribution packages"
"68067","신병률","https://www.koreabaseball.com/Record/Player/PitcherDetail/Basic.aspx?playerId=68067","https://6ptotvmi5753.edge.naverncp.com/KBO_IMAGE/person/middle/2025/68067.jpg","KBO official website","Official profile photo; redistribution rights unverified","0","0","originals/68067.jpg","downloaded_local_only","Local game-development copy; excluded from Git and redistribution packages"
"69508","신윤후","https://www.koreabaseball.com/Record/Player/HitterDetail/Basic.aspx?playerId=69508","https://6ptotvmi5753.edge.naverncp.com/KBO_IMAGE/person/middle/2026/69508.jpg","KBO official website","Official profile photo; redistribution rights unverified","0","0","originals/69508.jpg","downloaded_local_only","Local game-development copy; excluded from Git and redistribution packages"
"64017","심재민","https://www.koreabaseball.com/Record/Player/PitcherDetail/Basic.aspx?playerId=64017","https://6ptotvmi5753.edge.naverncp.com/KBO_IMAGE/person/middle/2026/64017.jpg","KBO official website","Official profile photo; redistribution rights unverified","0","0","originals/64017.jpg","downloaded_local_only","Local game-development copy; excluded from Git and redistribution packages"
"61102","유강남","https://www.koreabaseball.com/Record/Player/HitterDetail/Basic.aspx?playerId=61102","https://6ptotvmi5753.edge.naverncp.com/KBO_IMAGE/person/middle/2026/61102.jpg","KBO official website","Official profile photo; redistribution rights unverified","0","0","originals/61102.jpg","downloaded_local_only","Local game-development copy; excluded from Git and redistribution packages"
"52591","윤동희","https://www.koreabaseball.com/Record/Player/HitterDetail/Basic.aspx?playerId=52591","https://6ptotvmi5753.edge.naverncp.com/KBO_IMAGE/person/middle/2026/52591.jpg","KBO official website","Official profile photo; redistribution rights unverified","0","0","originals/52591.jpg","downloaded_local_only","Local game-development copy; excluded from Git and redistribution packages"
"67588","윤성빈","https://www.koreabaseball.com/Record/Player/PitcherDetail/Basic.aspx?playerId=67588","https://6ptotvmi5753.edge.naverncp.com/KBO_IMAGE/person/middle/2026/67588.jpg","KBO official website","Official profile photo; redistribution rights unverified","0","0","originals/67588.jpg","downloaded_local_only","Local game-development copy; excluded from Git and redistribution packages"
"52530","이민석","https://www.koreabaseball.com/Record/Player/PitcherDetail/Basic.aspx?playerId=52530","https://6ptotvmi5753.edge.naverncp.com/KBO_IMAGE/person/middle/2026/52530.jpg","KBO official website","Official profile photo; redistribution rights unverified","0","0","originals/52530.jpg","downloaded_local_only","Local game-development copy; excluded from Git and redistribution packages"
"51592","이병준","https://www.koreabaseball.com/Record/Player/PitcherDetail/Basic.aspx?playerId=51592","https://6ptotvmi5753.edge.naverncp.com/KBO_IMAGE/person/middle/2026/51592.jpg","KBO official website","Official profile photo; redistribution rights unverified","0","0","originals/51592.jpg","downloaded_local_only","Local game-development copy; excluded from Git and redistribution packages"
"55503","이영재","https://www.koreabaseball.com/Record/Player/PitcherDetail/Basic.aspx?playerId=55503","https://6ptotvmi5753.edge.naverncp.com/KBO_IMAGE/person/middle/2026/55503.jpg","KBO official website","Official profile photo; redistribution rights unverified","0","0","originals/55503.jpg","downloaded_local_only","Local game-development copy; excluded from Git and redistribution packages"
"50608","이인한","https://www.koreabaseball.com/Record/Player/HitterDetail/Basic.aspx?playerId=50608","https://6ptotvmi5753.edge.naverncp.com/KBO_IMAGE/person/middle/2026/50608.jpg","KBO official website","Official profile photo; redistribution rights unverified","0","0","originals/50608.jpg","downloaded_local_only","Local game-development copy; excluded from Git and redistribution packages"
"55511","이태경","https://www.koreabaseball.com/Record/Player/HitterDetail/Basic.aspx?playerId=55511","https://6ptotvmi5753.edge.naverncp.com/KBO_IMAGE/person/middle/2026/55511.jpg","KBO official website","Official profile photo; redistribution rights unverified","0","0","originals/55511.jpg","downloaded_local_only","Local game-development copy; excluded from Git and redistribution packages"
"54598","이호준","https://www.koreabaseball.com/Record/Player/HitterDetail/Basic.aspx?playerId=54598","https://6ptotvmi5753.edge.naverncp.com/KBO_IMAGE/person/middle/2026/54598.jpg","KBO official website","Official profile photo; redistribution rights unverified","0","0","originals/54598.jpg","downloaded_local_only","Local game-development copy; excluded from Git and redistribution packages"
"68507","장두성","https://www.koreabaseball.com/Record/Player/HitterDetail/Basic.aspx?playerId=68507","https://6ptotvmi5753.edge.naverncp.com/KBO_IMAGE/person/middle/2026/68507.jpg","KBO official website","Official profile photo; redistribution rights unverified","0","0","originals/68507.jpg","downloaded_local_only","Local game-development copy; excluded from Git and redistribution packages"
"68205","전민재","https://www.koreabaseball.com/Record/Player/HitterDetail/Basic.aspx?playerId=68205","https://6ptotvmi5753.edge.naverncp.com/KBO_IMAGE/person/middle/2026/68205.jpg","KBO official website","Official profile photo; redistribution rights unverified","0","0","originals/68205.jpg","downloaded_local_only","Local game-development copy; excluded from Git and redistribution packages"
"78513","전준우","https://www.koreabaseball.com/Record/Player/HitterDetail/Basic.aspx?playerId=78513","https://6ptotvmi5753.edge.naverncp.com/KBO_IMAGE/person/middle/2026/78513.jpg","KBO official website","Official profile photo; redistribution rights unverified","0","0","originals/78513.jpg","downloaded_local_only","Local game-development copy; excluded from Git and redistribution packages"
"68518","정보근","https://www.koreabaseball.com/Record/Player/HitterDetail/Basic.aspx?playerId=68518","https://6ptotvmi5753.edge.naverncp.com/KBO_IMAGE/person/middle/2026/68518.jpg","KBO official website","Official profile photo; redistribution rights unverified","0","0","originals/68518.jpg","downloaded_local_only","Local game-development copy; excluded from Git and redistribution packages"
"68556","정성종","https://www.koreabaseball.com/Record/Player/PitcherDetail/Basic.aspx?playerId=68556","https://6ptotvmi5753.edge.naverncp.com/KBO_IMAGE/person/middle/2026/68556.jpg","KBO official website","Official profile photo; redistribution rights unverified","0","0","originals/68556.jpg","downloaded_local_only","Local game-development copy; excluded from Git and redistribution packages"
"51546","정우준","https://www.koreabaseball.com/Record/Player/PitcherDetail/Basic.aspx?playerId=51546","https://6ptotvmi5753.edge.naverncp.com/KBO_IMAGE/person/middle/2026/51546.jpg","KBO official website","Official profile photo; redistribution rights unverified","0","0","originals/51546.jpg","downloaded_local_only","Local game-development copy; excluded from Git and redistribution packages"
"68242","정철원","https://www.koreabaseball.com/Record/Player/PitcherDetail/Basic.aspx?playerId=68242","https://6ptotvmi5753.edge.naverncp.com/KBO_IMAGE/person/middle/2026/68242.jpg","KBO official website","Official profile photo; redistribution rights unverified","0","0","originals/68242.jpg","downloaded_local_only","Local game-development copy; excluded from Git and redistribution packages"
"54537","정현수","https://www.koreabaseball.com/Record/Player/PitcherDetail/Basic.aspx?playerId=54537","https://6ptotvmi5753.edge.naverncp.com/KBO_IMAGE/person/middle/2026/54537.jpg","KBO official website","Official profile photo; redistribution rights unverified","0","0","originals/54537.jpg","downloaded_local_only","Local game-development copy; excluded from Git and redistribution packages"
"60523","정훈","https://www.koreabaseball.com/Record/Player/HitterDetail/Basic.aspx?playerId=60523","https://6ptotvmi5753.edge.naverncp.com/KBO_IMAGE/person/middle/2025/60523.jpg","KBO official website","Official profile photo; redistribution rights unverified","0","0","originals/60523.jpg","downloaded_local_only","Local game-development copy; excluded from Git and redistribution packages"
"52516","조세진","https://www.koreabaseball.com/Record/Player/HitterDetail/Basic.aspx?playerId=52516","https://6ptotvmi5753.edge.naverncp.com/KBO_IMAGE/person/middle/2026/52516.jpg","KBO official website","Official profile photo; redistribution rights unverified","0","0","originals/52516.jpg","downloaded_local_only","Local game-development copy; excluded from Git and redistribution packages"
"76650","진해수","https://www.koreabaseball.com/Record/Player/PitcherDetail/Basic.aspx?playerId=76650","https://6ptotvmi5753.edge.naverncp.com/KBO_IMAGE/person/middle/2026/76650.jpg","KBO official website","Official profile photo; redistribution rights unverified","0","0","originals/76650.jpg","downloaded_local_only","Local game-development copy; excluded from Git and redistribution packages"
"50556","최준용","https://www.koreabaseball.com/Record/Player/PitcherDetail/Basic.aspx?playerId=50556","https://6ptotvmi5753.edge.naverncp.com/KBO_IMAGE/person/middle/2026/50556.jpg","KBO official website","Official profile photo; redistribution rights unverified","0","0","originals/50556.jpg","downloaded_local_only","Local game-development copy; excluded from Git and redistribution packages"
"62884","최항","https://www.koreabaseball.com/Record/Player/HitterDetail/Basic.aspx?playerId=62884","https://6ptotvmi5753.edge.naverncp.com/KBO_IMAGE/person/middle/2026/62884.jpg","KBO official website","Official profile photo; redistribution rights unverified","0","0","originals/62884.jpg","downloaded_local_only","Local game-development copy; excluded from Git and redistribution packages"
"55506","한승현","https://www.koreabaseball.com/Record/Player/HitterDetail/Basic.aspx?playerId=55506","https://6ptotvmi5753.edge.naverncp.com/KBO_IMAGE/person/middle/2026/55506.jpg","KBO official website","Official profile photo; redistribution rights unverified","0","0","originals/55506.jpg","downloaded_local_only","Local game-development copy; excluded from Git and redistribution packages"
"52568","한태양","https://www.koreabaseball.com/Record/Player/HitterDetail/Basic.aspx?playerId=52568","https://6ptotvmi5753.edge.naverncp.com/KBO_IMAGE/person/middle/2026/52568.jpg","KBO official website","Official profile photo; redistribution rights unverified","0","0","originals/52568.jpg","downloaded_local_only","Local game-development copy; excluded from Git and redistribution packages"
"62363","한현희","https://www.koreabaseball.com/Record/Player/PitcherDetail/Basic.aspx?playerId=62363","https://6ptotvmi5753.edge.naverncp.com/KBO_IMAGE/person/middle/2026/62363.jpg","KBO official website","Official profile photo; redistribution rights unverified","0","0","originals/62363.jpg","downloaded_local_only","Local game-development copy; excluded from Git and redistribution packages"
"68260","현도훈","https://www.koreabaseball.com/Record/Player/PitcherDetail/Basic.aspx?playerId=68260","https://6ptotvmi5753.edge.naverncp.com/KBO_IMAGE/person/middle/2026/68260.jpg","KBO official website","Official profile photo; redistribution rights unverified","0","0","originals/68260.jpg","downloaded_local_only","Local game-development copy; excluded from Git and redistribution packages"
"50596","홍민기","https://www.koreabaseball.com/Record/Player/PitcherDetail/Basic.aspx?playerId=50596","https://6ptotvmi5753.edge.naverncp.com/KBO_IMAGE/person/middle/2026/50596.jpg","KBO official website","Official profile photo; redistribution rights unverified","0","0","originals/50596.jpg","downloaded_local_only","Local game-development copy; excluded from Git and redistribution packages"
"50500","황성빈","https://www.koreabaseball.com/Record/Player/HitterDetail/Basic.aspx?playerId=50500","https://6ptotvmi5753.edge.naverncp.com/KBO_IMAGE/person/middle/2026/50500.jpg","KBO official website","Official profile photo; redistribution rights unverified","0","0","originals/50500.jpg","downloaded_local_only","Local game-development copy; excluded from Git and redistribution packages"
"55460","가라비토","https://www.koreabaseball.com/Record/Player/PitcherDetail/Basic.aspx?playerId=55460","https://6ptotvmi5753.edge.naverncp.com/KBO_IMAGE/person/middle/2025/55460.jpg","KBO official website","Official profile photo; redistribution rights unverified","0","0","originals/55460.jpg","downloaded_local_only","Local game-development copy; excluded from Git and redistribution packages"
"74540","강민호","https://www.koreabaseball.com/Record/Player/HitterDetail/Basic.aspx?playerId=74540","https://6ptotvmi5753.edge.naverncp.com/KBO_IMAGE/person/middle/2026/74540.jpg","KBO official website","Official profile photo; redistribution rights unverified","0","0","originals/74540.jpg","downloaded_local_only","Local game-development copy; excluded from Git and redistribution packages"
"64610","강한울","https://www.koreabaseball.com/Record/Player/HitterDetail/Basic.aspx?playerId=64610","https://6ptotvmi5753.edge.naverncp.com/KBO_IMAGE/person/middle/2025/64610.jpg","KBO official website","Official profile photo; redistribution rights unverified","0","0","originals/64610.jpg","downloaded_local_only","Local game-development copy; excluded from Git and redistribution packages"
"68407","공민규","https://www.koreabaseball.com/Record/Player/HitterDetail/Basic.aspx?playerId=68407","https://6ptotvmi5753.edge.naverncp.com/KBO_IMAGE/person/middle/2025/68407.jpg","KBO official website","Official profile photo; redistribution rights unverified","0","0","originals/68407.jpg","downloaded_local_only","Local game-development copy; excluded from Git and redistribution packages"
"62404","구자욱","https://www.koreabaseball.com/Record/Player/HitterDetail/Basic.aspx?playerId=62404","https://6ptotvmi5753.edge.naverncp.com/KBO_IMAGE/person/middle/2026/62404.jpg","KBO official website","Official profile photo; redistribution rights unverified","0","0","originals/62404.jpg","downloaded_local_only","Local game-development copy; excluded from Git and redistribution packages"
"55441","권현우","https://www.koreabaseball.com/Record/Player/PitcherDetail/Basic.aspx?playerId=55441","https://6ptotvmi5753.edge.naverncp.com/KBO_IMAGE/person/middle/2026/55441.jpg","KBO official website","Official profile photo; redistribution rights unverified","0","0","originals/55441.jpg","downloaded_local_only","Local game-development copy; excluded from Git and redistribution packages"
"61365","김대우","https://www.koreabaseball.com/Record/Player/PitcherDetail/Basic.aspx?playerId=61365","https://6ptotvmi5753.edge.naverncp.com/KBO_IMAGE/person/middle/2025/61365.jpg","KBO official website","Official profile photo; redistribution rights unverified","0","0","originals/61365.jpg","downloaded_local_only","Local game-development copy; excluded from Git and redistribution packages"
"54401","김대호","https://www.koreabaseball.com/Record/Player/PitcherDetail/Basic.aspx?playerId=54401","https://6ptotvmi5753.edge.naverncp.com/KBO_IMAGE/person/middle/2026/54401.jpg","KBO official website","Official profile photo; redistribution rights unverified","0","0","originals/54401.jpg","downloaded_local_only","Local game-development copy; excluded from Git and redistribution packages"
"69442","김도환","https://www.koreabaseball.com/Record/Player/HitterDetail/Basic.aspx?playerId=69442","https://6ptotvmi5753.edge.naverncp.com/KBO_IMAGE/person/middle/2026/69442.jpg","KBO official website","Official profile photo; redistribution rights unverified","0","0","originals/69442.jpg","downloaded_local_only","Local game-development copy; excluded from Git and redistribution packages"
"68403","김무신","https://www.koreabaseball.com/Record/Player/PitcherDetail/Basic.aspx?playerId=68403","https://6ptotvmi5753.edge.naverncp.com/KBO_IMAGE/person/middle/2026/68403.jpg","KBO official website","Official profile photo; redistribution rights unverified","0","0","originals/68403.jpg","downloaded_local_only","Local game-development copy; excluded from Git and redistribution packages"
"72457","김민수","","","","","0","0","","image_failed","Exception calling ""EnsureSuccessStatusCode"" with ""0"" argument(s): ""Response status code does not indicate success: 404 (Not Found)."""
"67449","김성윤","https://www.koreabaseball.com/Record/Player/HitterDetail/Basic.aspx?playerId=67449","https://6ptotvmi5753.edge.naverncp.com/KBO_IMAGE/person/middle/2026/67449.jpg","KBO official website","Official profile photo; redistribution rights unverified","0","0","originals/67449.jpg","downloaded_local_only","Local game-development copy; excluded from Git and redistribution packages"
"52430","김영웅","https://www.koreabaseball.com/Record/Player/HitterDetail/Basic.aspx?playerId=52430","https://6ptotvmi5753.edge.naverncp.com/KBO_IMAGE/person/middle/2026/52430.jpg","KBO official website","Official profile photo; redistribution rights unverified","0","0","originals/52430.jpg","downloaded_local_only","Local game-development copy; excluded from Git and redistribution packages"
"65132","김재성","https://www.koreabaseball.com/Record/Player/HitterDetail/Basic.aspx?playerId=65132","https://6ptotvmi5753.edge.naverncp.com/KBO_IMAGE/person/middle/2026/65132.jpg","KBO official website","Official profile photo; redistribution rights unverified","0","0","originals/65132.jpg","downloaded_local_only","Local game-development copy; excluded from Git and redistribution packages"
"65062","김재윤","https://www.koreabaseball.com/Record/Player/PitcherDetail/Basic.aspx?playerId=65062","https://6ptotvmi5753.edge.naverncp.com/KBO_IMAGE/person/middle/2026/65062.jpg","KBO official website","Official profile photo; redistribution rights unverified","0","0","originals/65062.jpg","downloaded_local_only","Local game-development copy; excluded from Git and redistribution packages"
"52424","김재혁","https://www.koreabaseball.com/Record/Player/HitterDetail/Basic.aspx?playerId=52424","https://6ptotvmi5753.edge.naverncp.com/KBO_IMAGE/person/middle/2026/52424.jpg","KBO official website","Official profile photo; redistribution rights unverified","0","0","originals/52424.jpg","downloaded_local_only","Local game-development copy; excluded from Git and redistribution packages"
"50458","김지찬","https://www.koreabaseball.com/Record/Player/HitterDetail/Basic.aspx?playerId=50458","https://6ptotvmi5753.edge.naverncp.com/KBO_IMAGE/person/middle/2026/50458.jpg","KBO official website","Official profile photo; redistribution rights unverified","0","0","originals/50458.jpg","downloaded_local_only","Local game-development copy; excluded from Git and redistribution packages"
"69207","김태근","https://www.koreabaseball.com/Record/Player/HitterDetail/Basic.aspx?playerId=69207","https://6ptotvmi5753.edge.naverncp.com/KBO_IMAGE/person/middle/2025/69207.jpg","KBO official website","Official profile photo; redistribution rights unverified","0","0","originals/69207.jpg","downloaded_local_only","Local game-development copy; excluded from Git and redistribution packages"
"62360","김태훈","https://www.koreabaseball.com/Record/Player/PitcherDetail/Basic.aspx?playerId=62360","https://6ptotvmi5753.edge.naverncp.com/KBO_IMAGE/person/middle/2026/62360.jpg","KBO official website","Official profile photo; redistribution rights unverified","0","0","originals/62360.jpg","downloaded_local_only","Local game-development copy; excluded from Git and redistribution packages"
"65040","김태훈","https://www.koreabaseball.com/Record/Player/HitterDetail/Basic.aspx?playerId=65040","https://6ptotvmi5753.edge.naverncp.com/KBO_IMAGE/person/middle/2026/65040.jpg","KBO official website","Official profile photo; redistribution rights unverified","0","0","originals/65040.jpg","downloaded_local_only","Local game-development copy; excluded from Git and redistribution packages"
"61404","김헌곤","https://www.koreabaseball.com/Record/Player/HitterDetail/Basic.aspx?playerId=61404","https://6ptotvmi5753.edge.naverncp.com/KBO_IMAGE/person/middle/2026/61404.jpg","KBO official website","Official profile photo; redistribution rights unverified","0","0","originals/61404.jpg","downloaded_local_only","Local game-development copy; excluded from Git and redistribution packages"
"54400","디아즈","https://www.koreabaseball.com/Record/Player/HitterDetail/Basic.aspx?playerId=54400","https://6ptotvmi5753.edge.naverncp.com/KBO_IMAGE/person/middle/2026/54400.jpg","KBO official website","Official profile photo; redistribution rights unverified","0","0","originals/54400.jpg","downloaded_local_only","Local game-development copy; excluded from Git and redistribution packages"
"62234","류지혁","https://www.koreabaseball.com/Record/Player/HitterDetail/Basic.aspx?playerId=62234","https://6ptotvmi5753.edge.naverncp.com/KBO_IMAGE/person/middle/2026/62234.jpg","KBO official website","Official profile photo; redistribution rights unverified","0","0","originals/62234.jpg","downloaded_local_only","Local game-development copy; excluded from Git and redistribution packages"
"75125","박병호","https://www.koreabaseball.com/Record/Player/HitterDetail/Basic.aspx?playerId=75125","https://6ptotvmi5753.edge.naverncp.com/KBO_IMAGE/person/middle/2026/75125.jpg","KBO official website","Official profile photo; redistribution rights unverified","0","0","originals/75125.jpg","downloaded_local_only","Local game-development copy; excluded from Git and redistribution packages"
"69418","박승규","https://www.koreabaseball.com/Record/Player/HitterDetail/Basic.aspx?playerId=69418","https://6ptotvmi5753.edge.naverncp.com/KBO_IMAGE/person/middle/2026/69418.jpg","KBO official website","Official profile photo; redistribution rights unverified","0","0","originals/69418.jpg","downloaded_local_only","Local game-development copy; excluded from Git and redistribution packages"
"53411","박진우","https://www.koreabaseball.com/Record/Player/HitterDetail/Basic.aspx?playerId=53411","https://6ptotvmi5753.edge.naverncp.com/KBO_IMAGE/person/middle/2026/53411.jpg","KBO official website","Official profile photo; redistribution rights unverified","0","0","originals/53411.jpg","downloaded_local_only","Local game-development copy; excluded from Git and redistribution packages"
"55455","배찬승","https://www.koreabaseball.com/Record/Player/PitcherDetail/Basic.aspx?playerId=55455","https://6ptotvmi5753.edge.naverncp.com/KBO_IMAGE/person/middle/2026/55455.jpg","KBO official website","Official profile photo; redistribution rights unverified","0","0","originals/55455.jpg","downloaded_local_only","Local game-development copy; excluded from Git and redistribution packages"
"77446","백정현","https://www.koreabaseball.com/Record/Player/PitcherDetail/Basic.aspx?playerId=77446","https://6ptotvmi5753.edge.naverncp.com/KBO_IMAGE/person/middle/2026/77446.jpg","KBO official website","Official profile photo; redistribution rights unverified","0","0","originals/77446.jpg","downloaded_local_only","Local game-development copy; excluded from Git and redistribution packages"
"73801","송은범","https://www.koreabaseball.com/Record/Player/PitcherDetail/Basic.aspx?playerId=73801","https://6ptotvmi5753.edge.naverncp.com/KBO_IMAGE/person/middle/2025/73801.jpg","KBO official website","Official profile photo; redistribution rights unverified","0","0","originals/73801.jpg","downloaded_local_only","Local game-development copy; excluded from Git and redistribution packages"
"55438","심재훈","https://www.koreabaseball.com/Record/Player/HitterDetail/Basic.aspx?playerId=55438","https://6ptotvmi5753.edge.naverncp.com/KBO_IMAGE/person/middle/2026/55438.jpg","KBO official website","Official profile photo; redistribution rights unverified","0","0","originals/55438.jpg","downloaded_local_only","Local game-development copy; excluded from Git and redistribution packages"
"66406","안주형","https://www.koreabaseball.com/Record/Player/HitterDetail/Basic.aspx?playerId=66406","https://6ptotvmi5753.edge.naverncp.com/KBO_IMAGE/person/middle/2025/66406.jpg","KBO official website","Official profile photo; redistribution rights unverified","0","0","originals/66406.jpg","downloaded_local_only","Local game-development copy; excluded from Git and redistribution packages"
"54408","양도근","https://www.koreabaseball.com/Record/Player/HitterDetail/Basic.aspx?playerId=54408","https://6ptotvmi5753.edge.naverncp.com/KBO_IMAGE/person/middle/2026/54408.jpg","KBO official website","Official profile photo; redistribution rights unverified","0","0","originals/54408.jpg","downloaded_local_only","Local game-development copy; excluded from Git and redistribution packages"
"69403","양우현","https://www.koreabaseball.com/Record/Player/HitterDetail/Basic.aspx?playerId=69403","https://6ptotvmi5753.edge.naverncp.com/KBO_IMAGE/person/middle/2026/69403.jpg","KBO official website","Official profile photo; redistribution rights unverified","0","0","originals/69403.jpg","downloaded_local_only","Local game-development copy; excluded from Git and redistribution packages"
"68415","양창섭","https://www.koreabaseball.com/Record/Player/PitcherDetail/Basic.aspx?playerId=68415","https://6ptotvmi5753.edge.naverncp.com/KBO_IMAGE/person/middle/2026/68415.jpg","KBO official website","Official profile photo; redistribution rights unverified","0","0","originals/68415.jpg","downloaded_local_only","Local game-development copy; excluded from Git and redistribution packages"
"61268","양현","https://www.koreabaseball.com/Record/Player/PitcherDetail/Basic.aspx?playerId=61268","https://6ptotvmi5753.edge.naverncp.com/KBO_IMAGE/person/middle/2026/61268.jpg","KBO official website","Official profile photo; redistribution rights unverified","0","0","originals/61268.jpg","downloaded_local_only","Local game-development copy; excluded from Git and redistribution packages"
"75421","오승환","https://www.koreabaseball.com/Record/Player/PitcherDetail/Basic.aspx?playerId=75421","https://6ptotvmi5753.edge.naverncp.com/KBO_IMAGE/person/middle/2025/75421.jpg","KBO official website","Official profile photo; redistribution rights unverified","0","0","originals/75421.jpg","downloaded_local_only","Local game-development copy; excluded from Git and redistribution packages"
"69446","원태인","https://www.koreabaseball.com/Record/Player/PitcherDetail/Basic.aspx?playerId=69446","https://6ptotvmi5753.edge.naverncp.com/KBO_IMAGE/person/middle/2026/69446.jpg","KBO official website","Official profile photo; redistribution rights unverified","0","0","originals/69446.jpg","downloaded_local_only","Local game-development copy; excluded from Git and redistribution packages"
"54404","육선엽","https://www.koreabaseball.com/Record/Player/PitcherDetail/Basic.aspx?playerId=54404","https://6ptotvmi5753.edge.naverncp.com/KBO_IMAGE/person/middle/2026/54404.jpg","KBO official website","Official profile photo; redistribution rights unverified","0","0","originals/54404.jpg","downloaded_local_only","Local game-development copy; excluded from Git and redistribution packages"
"68463","윤정빈","https://www.koreabaseball.com/Record/Player/HitterDetail/Basic.aspx?playerId=68463","https://6ptotvmi5753.edge.naverncp.com/KBO_IMAGE/person/middle/2026/68463.jpg","KBO official website","Official profile photo; redistribution rights unverified","0","0","originals/68463.jpg","downloaded_local_only","Local game-development copy; excluded from Git and redistribution packages"
"69428","이병헌","https://www.koreabaseball.com/Record/Player/HitterDetail/Basic.aspx?playerId=69428","https://6ptotvmi5753.edge.naverncp.com/KBO_IMAGE/person/middle/2026/69428.jpg","KBO official website","Official profile photo; redistribution rights unverified","0","0","originals/69428.jpg","downloaded_local_only","Local game-development copy; excluded from Git and redistribution packages"
"63960","이상민","https://www.koreabaseball.com/Record/Player/PitcherDetail/Basic.aspx?playerId=63960","https://6ptotvmi5753.edge.naverncp.com/KBO_IMAGE/person/middle/2025/63960.jpg","KBO official website","Official profile photo; redistribution rights unverified","0","0","originals/63960.jpg","downloaded_local_only","Local game-development copy; excluded from Git and redistribution packages"
"66409","이성규","https://www.koreabaseball.com/Record/Player/HitterDetail/Basic.aspx?playerId=66409","https://6ptotvmi5753.edge.naverncp.com/KBO_IMAGE/person/middle/2026/66409.jpg","KBO official website","Official profile photo; redistribution rights unverified","0","0","originals/66409.jpg","downloaded_local_only","Local game-development copy; excluded from Git and redistribution packages"
"50464","이승민","https://www.koreabaseball.com/Record/Player/PitcherDetail/Basic.aspx?playerId=50464","https://6ptotvmi5753.edge.naverncp.com/KBO_IMAGE/person/middle/2026/50464.jpg","KBO official website","Official profile photo; redistribution rights unverified","0","0","originals/50464.jpg","downloaded_local_only","Local game-development copy; excluded from Git and redistribution packages"
"51454","이승현","https://www.koreabaseball.com/Record/Player/PitcherDetail/Basic.aspx?playerId=51454","https://6ptotvmi5753.edge.naverncp.com/KBO_IMAGE/person/middle/2026/51454.jpg","KBO official website","Official profile photo; redistribution rights unverified","0","0","originals/51454.jpg","downloaded_local_only","Local game-development copy; excluded from Git and redistribution packages"
"60146","이승현","https://www.koreabaseball.com/Record/Player/PitcherDetail/Basic.aspx?playerId=60146","https://6ptotvmi5753.edge.naverncp.com/KBO_IMAGE/person/middle/2026/60146.jpg","KBO official website","Official profile photo; redistribution rights unverified","0","0","originals/60146.jpg","downloaded_local_only","Local game-development copy; excluded from Git and redistribution packages"
"63492","이재익","https://www.koreabaseball.com/Record/Player/PitcherDetail/Basic.aspx?playerId=63492","https://6ptotvmi5753.edge.naverncp.com/KBO_IMAGE/person/middle/2026/63492.jpg","KBO official website","Official profile photo; redistribution rights unverified","0","0","originals/63492.jpg","downloaded_local_only","Local game-development copy; excluded from Git and redistribution packages"
"52415","이재현","https://www.koreabaseball.com/Record/Player/HitterDetail/Basic.aspx?playerId=52415","https://6ptotvmi5753.edge.naverncp.com/KBO_IMAGE/person/middle/2026/52415.jpg","KBO official website","Official profile photo; redistribution rights unverified","0","0","originals/52415.jpg","downloaded_local_only","Local game-development copy; excluded from Git and redistribution packages"
"51460","이재희","https://www.koreabaseball.com/Record/Player/PitcherDetail/Basic.aspx?playerId=51460","https://6ptotvmi5753.edge.naverncp.com/KBO_IMAGE/person/middle/2026/51460.jpg","KBO official website","Official profile photo; redistribution rights unverified","0","0","originals/51460.jpg","downloaded_local_only","Local game-development copy; excluded from Git and redistribution packages"
"51407","이창용","https://www.koreabaseball.com/Record/Player/HitterDetail/Basic.aspx?playerId=51407","https://6ptotvmi5753.edge.naverncp.com/KBO_IMAGE/person/middle/2026/51407.jpg","KBO official website","Official profile photo; redistribution rights unverified","0","0","originals/51407.jpg","downloaded_local_only","Local game-development copy; excluded from Git and redistribution packages"
"69416","이해승","https://www.koreabaseball.com/Record/Player/HitterDetail/Basic.aspx?playerId=69416","https://6ptotvmi5753.edge.naverncp.com/KBO_IMAGE/person/middle/2026/69416.jpg","KBO official website","Official profile photo; redistribution rights unverified","0","0","originals/69416.jpg","downloaded_local_only","Local game-development copy; excluded from Git and redistribution packages"
"53455","이호성","https://www.koreabaseball.com/Record/Player/PitcherDetail/Basic.aspx?playerId=53455","https://6ptotvmi5753.edge.naverncp.com/KBO_IMAGE/person/middle/2026/53455.jpg","KBO official website","Official profile photo; redistribution rights unverified","0","0","originals/53455.jpg","downloaded_local_only","Local game-development copy; excluded from Git and redistribution packages"
"78352","임창민","https://www.koreabaseball.com/Record/Player/PitcherDetail/Basic.aspx?playerId=78352","https://6ptotvmi5753.edge.naverncp.com/KBO_IMAGE/person/middle/2025/78352.jpg","KBO official website","Official profile photo; redistribution rights unverified","0","0","originals/78352.jpg","downloaded_local_only","Local game-development copy; excluded from Git and redistribution packages"
"65586","전병우","https://www.koreabaseball.com/Record/Player/HitterDetail/Basic.aspx?playerId=65586","https://6ptotvmi5753.edge.naverncp.com/KBO_IMAGE/person/middle/2026/65586.jpg","KBO official website","Official profile photo; redistribution rights unverified","0","0","originals/65586.jpg","downloaded_local_only","Local game-development copy; excluded from Git and redistribution packages"
"54467","정민성","https://www.koreabaseball.com/Record/Player/PitcherDetail/Basic.aspx?playerId=54467","https://6ptotvmi5753.edge.naverncp.com/KBO_IMAGE/person/middle/2026/54467.jpg","KBO official website","Official profile photo; redistribution rights unverified","0","0","originals/54467.jpg","downloaded_local_only","Local game-development copy; excluded from Git and redistribution packages"
"55435","차승준","https://www.koreabaseball.com/Record/Player/HitterDetail/Basic.aspx?playerId=55435","https://6ptotvmi5753.edge.naverncp.com/KBO_IMAGE/person/middle/2026/55435.jpg","KBO official website","Official profile photo; redistribution rights unverified","0","0","originals/55435.jpg","downloaded_local_only","Local game-development copy; excluded from Git and redistribution packages"
"62146","최성훈","https://www.koreabaseball.com/Record/Player/PitcherDetail/Basic.aspx?playerId=62146","https://6ptotvmi5753.edge.naverncp.com/KBO_IMAGE/person/middle/2025/62146.jpg","KBO official website","Official profile photo; redistribution rights unverified","0","0","originals/62146.jpg","downloaded_local_only","Local game-development copy; excluded from Git and redistribution packages"
"65320","최원태","https://www.koreabaseball.com/Record/Player/PitcherDetail/Basic.aspx?playerId=65320","https://6ptotvmi5753.edge.naverncp.com/KBO_IMAGE/person/middle/2026/65320.jpg","KBO official website","Official profile photo; redistribution rights unverified","0","0","originals/65320.jpg","downloaded_local_only","Local game-development copy; excluded from Git and redistribution packages"
"67421","최지광","https://www.koreabaseball.com/Record/Player/PitcherDetail/Basic.aspx?playerId=67421","https://6ptotvmi5753.edge.naverncp.com/KBO_IMAGE/person/middle/2026/67421.jpg","KBO official website","Official profile photo; redistribution rights unverified","0","0","originals/67421.jpg","downloaded_local_only","Local game-development copy; excluded from Git and redistribution packages"
"66451","최충연","https://www.koreabaseball.com/Record/Player/PitcherDetail/Basic.aspx?playerId=66451","https://6ptotvmi5753.edge.naverncp.com/KBO_IMAGE/person/middle/2026/66451.jpg","KBO official website","Official profile photo; redistribution rights unverified","0","0","originals/66451.jpg","downloaded_local_only","Local game-development copy; excluded from Git and redistribution packages"
"68501","최하늘","https://www.koreabaseball.com/Record/Player/PitcherDetail/Basic.aspx?playerId=68501","https://6ptotvmi5753.edge.naverncp.com/KBO_IMAGE/person/middle/2026/68501.jpg","KBO official website","Official profile photo; redistribution rights unverified","0","0","originals/68501.jpg","downloaded_local_only","Local game-development copy; excluded from Git and redistribution packages"
"55440","함수호","https://www.koreabaseball.com/Record/Player/HitterDetail/Basic.aspx?playerId=55440","https://6ptotvmi5753.edge.naverncp.com/KBO_IMAGE/person/middle/2026/55440.jpg","KBO official website","Official profile photo; redistribution rights unverified","0","0","originals/55440.jpg","downloaded_local_only","Local game-development copy; excluded from Git and redistribution packages"
"50430","홍원표","https://www.koreabaseball.com/Record/Player/PitcherDetail/Basic.aspx?playerId=50430","https://6ptotvmi5753.edge.naverncp.com/KBO_IMAGE/person/middle/2026/50430.jpg","KBO official website","Official profile photo; redistribution rights unverified","0","0","originals/50430.jpg","downloaded_local_only","Local game-development copy; excluded from Git and redistribution packages"
"67005","홍현빈","https://www.koreabaseball.com/Record/Player/HitterDetail/Basic.aspx?playerId=67005","https://6ptotvmi5753.edge.naverncp.com/KBO_IMAGE/person/middle/2026/67005.jpg","KBO official website","Official profile photo; redistribution rights unverified","0","0","originals/67005.jpg","downloaded_local_only","Local game-development copy; excluded from Git and redistribution packages"
"50441","황동재","https://www.koreabaseball.com/Record/Player/PitcherDetail/Basic.aspx?playerId=50441","https://6ptotvmi5753.edge.naverncp.com/KBO_IMAGE/person/middle/2026/50441.jpg","KBO official website","Official profile photo; redistribution rights unverified","0","0","originals/50441.jpg","downloaded_local_only","Local game-development copy; excluded from Git and redistribution packages"
"53375","후라도","https://www.koreabaseball.com/Record/Player/PitcherDetail/Basic.aspx?playerId=53375","https://6ptotvmi5753.edge.naverncp.com/KBO_IMAGE/person/middle/2026/53375.jpg","KBO official website","Official profile photo; redistribution rights unverified","0","0","originals/53375.jpg","downloaded_local_only","Local game-development copy; excluded from Git and redistribution packages"
"54344","고영우","https://www.koreabaseball.com/Record/Player/HitterDetail/Basic.aspx?playerId=54344","https://6ptotvmi5753.edge.naverncp.com/KBO_IMAGE/person/middle/2026/54344.jpg","KBO official website","Official profile photo; redistribution rights unverified","0","0","originals/54344.jpg","downloaded_local_only","Local game-development copy; excluded from Git and redistribution packages"
"55371","권혁빈","https://www.koreabaseball.com/Record/Player/HitterDetail/Basic.aspx?playerId=55371","https://6ptotvmi5753.edge.naverncp.com/KBO_IMAGE/person/middle/2026/55371.jpg","KBO official website","Official profile photo; redistribution rights unverified","0","0","originals/55371.jpg","downloaded_local_only","Local game-development copy; excluded from Git and redistribution packages"
"53312","김건희","https://www.koreabaseball.com/Record/Player/HitterDetail/Basic.aspx?playerId=53312","https://6ptotvmi5753.edge.naverncp.com/KBO_IMAGE/person/middle/2026/53312.jpg","KBO official website","Official profile photo; redistribution rights unverified","0","0","originals/53312.jpg","downloaded_local_only","Local game-development copy; excluded from Git and redistribution packages"
"53164","김동규","https://www.koreabaseball.com/Record/Player/PitcherDetail/Basic.aspx?playerId=53164","https://6ptotvmi5753.edge.naverncp.com/KBO_IMAGE/person/middle/2026/53164.jpg","KBO official website","Official profile photo; redistribution rights unverified","0","0","originals/53164.jpg","downloaded_local_only","Local game-development copy; excluded from Git and redistribution packages"
"66838","김동엽","https://www.koreabaseball.com/Record/Player/HitterDetail/Basic.aspx?playerId=66838","https://6ptotvmi5753.edge.naverncp.com/KBO_IMAGE/person/middle/2026/66838.jpg","KBO official website","Official profile photo; redistribution rights unverified","0","0","originals/66838.jpg","downloaded_local_only","Local game-development copy; excluded from Git and redistribution packages"
"53344","김동헌","https://www.koreabaseball.com/Record/Player/HitterDetail/Basic.aspx?playerId=53344","https://6ptotvmi5753.edge.naverncp.com/KBO_IMAGE/person/middle/2026/53344.jpg","KBO official website","Official profile photo; redistribution rights unverified","0","0","originals/53344.jpg","downloaded_local_only","Local game-development copy; excluded from Git and redistribution packages"
"50304","김병휘","https://www.koreabaseball.com/Record/Player/HitterDetail/Basic.aspx?playerId=50304","https://6ptotvmi5753.edge.naverncp.com/KBO_IMAGE/person/middle/2026/50304.jpg","KBO official website","Official profile photo; redistribution rights unverified","0","0","originals/50304.jpg","downloaded_local_only","Local game-development copy; excluded from Git and redistribution packages"
"55359","김서준","https://www.koreabaseball.com/Record/Player/PitcherDetail/Basic.aspx?playerId=55359","https://6ptotvmi5753.edge.naverncp.com/KBO_IMAGE/person/middle/2026/55359.jpg","KBO official website","Official profile photo; redistribution rights unverified","0","0","originals/55359.jpg","downloaded_local_only","Local game-development copy; excluded from Git and redistribution packages"
"66018","김선기","https://www.koreabaseball.com/Record/Player/PitcherDetail/Basic.aspx?playerId=66018","https://6ptotvmi5753.edge.naverncp.com/KBO_IMAGE/person/middle/2026/66018.jpg","KBO official website","Official profile photo; redistribution rights unverified","0","0","originals/66018.jpg","downloaded_local_only","Local game-development copy; excluded from Git and redistribution packages"
"67828","김성민","https://www.koreabaseball.com/Record/Player/PitcherDetail/Basic.aspx?playerId=67828","https://6ptotvmi5753.edge.naverncp.com/KBO_IMAGE/person/middle/2026/67828.jpg","KBO official website","Official profile photo; redistribution rights unverified","0","0","originals/67828.jpg","downloaded_local_only","Local game-development copy; excluded from Git and redistribution packages"
"54368","김연주","https://www.koreabaseball.com/Record/Player/PitcherDetail/Basic.aspx?playerId=54368","https://6ptotvmi5753.edge.naverncp.com/KBO_IMAGE/person/middle/2026/54368.jpg","KBO official website","Official profile photo; redistribution rights unverified","0","0","originals/54368.jpg","downloaded_local_only","Local game-development copy; excluded from Git and redistribution packages"
"65898","김웅빈","https://www.koreabaseball.com/Record/Player/HitterDetail/Basic.aspx?playerId=65898","https://6ptotvmi5753.edge.naverncp.com/KBO_IMAGE/person/middle/2026/65898.jpg","KBO official website","Official profile photo; redistribution rights unverified","0","0","originals/65898.jpg","downloaded_local_only","Local game-development copy; excluded from Git and redistribution packages"
"54319","김윤하","https://www.koreabaseball.com/Record/Player/PitcherDetail/Basic.aspx?playerId=54319","https://6ptotvmi5753.edge.naverncp.com/KBO_IMAGE/person/middle/2026/54319.jpg","KBO official website","Official profile photo; redistribution rights unverified","0","0","originals/54319.jpg","downloaded_local_only","Local game-development copy; excluded from Git and redistribution packages"
"69367","김인범","https://www.koreabaseball.com/Record/Player/PitcherDetail/Basic.aspx?playerId=69367","https://6ptotvmi5753.edge.naverncp.com/KBO_IMAGE/person/middle/2026/69367.jpg","KBO official website","Official profile photo; redistribution rights unverified","0","0","originals/69367.jpg","downloaded_local_only","Local game-development copy; excluded from Git and redistribution packages"
"62332","김재현","https://www.koreabaseball.com/Record/Player/HitterDetail/Basic.aspx?playerId=62332","https://6ptotvmi5753.edge.naverncp.com/KBO_IMAGE/person/middle/2026/62332.jpg","KBO official website","Official profile photo; redistribution rights unverified","0","0","originals/62332.jpg","downloaded_local_only","Local game-development copy; excluded from Git and redistribution packages"
"64984","김태진","https://www.koreabaseball.com/Record/Player/HitterDetail/Basic.aspx?playerId=64984","https://6ptotvmi5753.edge.naverncp.com/KBO_IMAGE/person/middle/2026/64984.jpg","KBO official website","Official profile photo; redistribution rights unverified","0","0","originals/64984.jpg","downloaded_local_only","Local game-development copy; excluded from Git and redistribution packages"
"55342","메르세데스","https://www.koreabaseball.com/Record/Player/PitcherDetail/Basic.aspx?playerId=55342","https://6ptotvmi5753.edge.naverncp.com/KBO_IMAGE/person/middle/2025/55342.jpg","KBO official website","Official profile photo; redistribution rights unverified","0","0","originals/55342.jpg","downloaded_local_only","Local game-development copy; excluded from Git and redistribution packages"
"53305","박성빈","https://www.koreabaseball.com/Record/Player/HitterDetail/Basic.aspx?playerId=53305","https://6ptotvmi5753.edge.naverncp.com/KBO_IMAGE/person/middle/2026/53305.jpg","KBO official website","Official profile photo; redistribution rights unverified","0","0","originals/53305.jpg","downloaded_local_only","Local game-development copy; excluded from Git and redistribution packages"
"52305","박수종","https://www.koreabaseball.com/Record/Player/HitterDetail/Basic.aspx?playerId=52305","https://6ptotvmi5753.edge.naverncp.com/KBO_IMAGE/person/middle/2026/52305.jpg","KBO official website","Official profile photo; redistribution rights unverified","0","0","originals/52305.jpg","downloaded_local_only","Local game-development copy; excluded from Git and redistribution packages"
"53301","박윤성","https://www.koreabaseball.com/Record/Player/PitcherDetail/Basic.aspx?playerId=53301","https://6ptotvmi5753.edge.naverncp.com/KBO_IMAGE/person/middle/2026/53301.jpg","KBO official website","Official profile photo; redistribution rights unverified","0","0","originals/53301.jpg","downloaded_local_only","Local game-development copy; excluded from Git and redistribution packages"
"55394","박정훈","https://www.koreabaseball.com/Record/Player/PitcherDetail/Basic.aspx?playerId=55394","https://6ptotvmi5753.edge.naverncp.com/KBO_IMAGE/person/middle/2026/55394.jpg","KBO official website","Official profile photo; redistribution rights unverified","0","0","originals/55394.jpg","downloaded_local_only","Local game-development copy; excluded from Git and redistribution packages"
"69328","박주성","https://www.koreabaseball.com/Record/Player/PitcherDetail/Basic.aspx?playerId=69328","https://6ptotvmi5753.edge.naverncp.com/KBO_IMAGE/person/middle/2026/69328.jpg","KBO official website","Official profile photo; redistribution rights unverified","0","0","originals/69328.jpg","downloaded_local_only","Local game-development copy; excluded from Git and redistribution packages"
"50357","박주홍","https://www.koreabaseball.com/Record/Player/HitterDetail/Basic.aspx?playerId=50357","https://6ptotvmi5753.edge.naverncp.com/KBO_IMAGE/person/middle/2026/50357.jpg","KBO official website","Official profile photo; redistribution rights unverified","0","0","originals/50357.jpg","downloaded_local_only","Local game-development copy; excluded from Git and redistribution packages"
"68305","변상권","https://www.koreabaseball.com/Record/Player/HitterDetail/Basic.aspx?playerId=68305","https://6ptotvmi5753.edge.naverncp.com/KBO_IMAGE/person/middle/2026/68305.jpg","KBO official website","Official profile photo; redistribution rights unverified","0","0","originals/68305.jpg","downloaded_local_only","Local game-development copy; excluded from Git and redistribution packages"
"53309","서유신","https://www.koreabaseball.com/Record/Player/HitterDetail/Basic.aspx?playerId=53309","https://6ptotvmi5753.edge.naverncp.com/KBO_IMAGE/person/middle/2026/53309.jpg","KBO official website","Official profile photo; redistribution rights unverified","0","0","originals/53309.jpg","downloaded_local_only","Local game-development copy; excluded from Git and redistribution packages"
"54363","손현기","https://www.koreabaseball.com/Record/Player/PitcherDetail/Basic.aspx?playerId=54363","https://6ptotvmi5753.edge.naverncp.com/KBO_IMAGE/person/middle/2026/54363.jpg","KBO official website","Official profile photo; redistribution rights unverified","0","0","originals/54363.jpg","downloaded_local_only","Local game-development copy; excluded from Git and redistribution packages"
"55300","손힘찬","https://www.koreabaseball.com/Record/Player/PitcherDetail/Basic.aspx?playerId=55300","https://6ptotvmi5753.edge.naverncp.com/KBO_IMAGE/person/middle/2026/55300.jpg","KBO official website","Official profile photo; redistribution rights unverified","0","0","originals/55300.jpg","downloaded_local_only","Local game-development copy; excluded from Git and redistribution packages"
"65357","송성문","https://www.koreabaseball.com/Record/Player/HitterDetail/Basic.aspx?playerId=65357","https://6ptotvmi5753.edge.naverncp.com/KBO_IMAGE/person/middle/2025/65357.jpg","KBO official website","Official profile photo; redistribution rights unverified","0","0","originals/65357.jpg","downloaded_local_only","Local game-development copy; excluded from Git and redistribution packages"
"54394","송지후","https://www.koreabaseball.com/Record/Player/HitterDetail/Basic.aspx?playerId=54394","https://6ptotvmi5753.edge.naverncp.com/KBO_IMAGE/person/middle/2026/54394.jpg","KBO official website","Official profile photo; redistribution rights unverified","0","0","originals/54394.jpg","downloaded_local_only","Local game-development copy; excluded from Git and redistribution packages"
"68341","안우진","https://www.koreabaseball.com/Record/Player/PitcherDetail/Basic.aspx?playerId=68341","https://6ptotvmi5753.edge.naverncp.com/KBO_IMAGE/person/middle/2026/68341.jpg","KBO official website","Official profile photo; redistribution rights unverified","0","0","originals/68341.jpg","downloaded_local_only","Local game-development copy; excluded from Git and redistribution packages"
"69045","알칸타라","https://www.koreabaseball.com/Record/Player/PitcherDetail/Basic.aspx?playerId=69045","https://6ptotvmi5753.edge.naverncp.com/KBO_IMAGE/person/middle/2026/69045.jpg","KBO official website","Official profile photo; redistribution rights unverified","0","0","originals/69045.jpg","downloaded_local_only","Local game-development copy; excluded from Git and redistribution packages"
"67365","양지율","https://www.koreabaseball.com/Record/Player/PitcherDetail/Basic.aspx?playerId=67365","https://6ptotvmi5753.edge.naverncp.com/KBO_IMAGE/person/middle/2026/67365.jpg","KBO official website","Official profile photo; redistribution rights unverified","0","0","originals/67365.jpg","downloaded_local_only","Local game-development copy; excluded from Git and redistribution packages"
"55370","양현종","https://www.koreabaseball.com/Record/Player/HitterDetail/Basic.aspx?playerId=55370","https://6ptotvmi5753.edge.naverncp.com/KBO_IMAGE/person/middle/2026/55370.jpg","KBO official website","Official profile photo; redistribution rights unverified","0","0","originals/55370.jpg","downloaded_local_only","Local game-development copy; excluded from Git and redistribution packages"
"55392","어준서","https://www.koreabaseball.com/Record/Player/HitterDetail/Basic.aspx?playerId=55392","https://6ptotvmi5753.edge.naverncp.com/KBO_IMAGE/person/middle/2026/55392.jpg","KBO official website","Official profile photo; redistribution rights unverified","0","0","originals/55392.jpg","downloaded_local_only","Local game-development copy; excluded from Git and redistribution packages"
"55393","여동욱","https://www.koreabaseball.com/Record/Player/HitterDetail/Basic.aspx?playerId=55393","https://6ptotvmi5753.edge.naverncp.com/KBO_IMAGE/person/middle/2026/55393.jpg","KBO official website","Official profile photo; redistribution rights unverified","0","0","originals/55393.jpg","downloaded_local_only","Local game-development copy; excluded from Git and redistribution packages"
"55339","염승원","https://www.koreabaseball.com/Record/Player/HitterDetail/Basic.aspx?playerId=55339","https://6ptotvmi5753.edge.naverncp.com/KBO_IMAGE/person/middle/2026/55339.jpg","KBO official website","Official profile photo; redistribution rights unverified","0","0","originals/55339.jpg","downloaded_local_only","Local game-development copy; excluded from Git and redistribution packages"
"67116","오석주","https://www.koreabaseball.com/Record/Player/PitcherDetail/Basic.aspx?playerId=67116","https://6ptotvmi5753.edge.naverncp.com/KBO_IMAGE/person/middle/2026/67116.jpg","KBO official website","Official profile photo; redistribution rights unverified","0","0","originals/67116.jpg","downloaded_local_only","Local game-development copy; excluded from Git and redistribution packages"
"78756","오선진","https://www.koreabaseball.com/Record/Player/HitterDetail/Basic.aspx?playerId=78756","https://6ptotvmi5753.edge.naverncp.com/KBO_IMAGE/person/middle/2026/78756.jpg","KBO official website","Official profile photo; redistribution rights unverified","0","0","originals/78756.jpg","downloaded_local_only","Local game-development copy; excluded from Git and redistribution packages"
"54307","원성준","https://www.koreabaseball.com/Record/Player/HitterDetail/Basic.aspx?playerId=54307","https://6ptotvmi5753.edge.naverncp.com/KBO_IMAGE/person/middle/2026/54307.jpg","KBO official website","Official profile photo; redistribution rights unverified","0","0","originals/54307.jpg","downloaded_local_only","Local game-development copy; excluded from Git and redistribution packages"
"76118","원종현","https://www.koreabaseball.com/Record/Player/PitcherDetail/Basic.aspx?playerId=76118","https://6ptotvmi5753.edge.naverncp.com/KBO_IMAGE/person/middle/2026/76118.jpg","KBO official website","Official profile photo; redistribution rights unverified","0","0","originals/76118.jpg","downloaded_local_only","Local game-development copy; excluded from Git and redistribution packages"
"52395","윤석원","https://www.koreabaseball.com/Record/Player/PitcherDetail/Basic.aspx?playerId=52395","https://6ptotvmi5753.edge.naverncp.com/KBO_IMAGE/person/middle/2026/52395.jpg","KBO official website","Official profile photo; redistribution rights unverified","0","0","originals/52395.jpg","downloaded_local_only","Local game-development copy; excluded from Git and redistribution packages"
"55396","윤현","https://www.koreabaseball.com/Record/Player/PitcherDetail/Basic.aspx?playerId=55396","https://6ptotvmi5753.edge.naverncp.com/KBO_IMAGE/person/middle/2026/55396.jpg","KBO official website","Official profile photo; redistribution rights unverified","0","0","originals/55396.jpg","downloaded_local_only","Local game-development copy; excluded from Git and redistribution packages"
"50036","이강준","https://www.koreabaseball.com/Record/Player/PitcherDetail/Basic.aspx?playerId=50036","https://6ptotvmi5753.edge.naverncp.com/KBO_IMAGE/person/middle/2026/50036.jpg","KBO official website","Official profile photo; redistribution rights unverified","0","0","originals/50036.jpg","downloaded_local_only","Local game-development copy; excluded from Git and redistribution packages"
"74163","이용규","https://www.koreabaseball.com/Record/Player/HitterDetail/Basic.aspx?playerId=74163","https://6ptotvmi5753.edge.naverncp.com/KBO_IMAGE/person/middle/2026/74163.jpg","KBO official website","Official profile photo; redistribution rights unverified","0","0","originals/74163.jpg","downloaded_local_only","Local game-development copy; excluded from Git and redistribution packages"
"75566","이원석","https://www.koreabaseball.com/Record/Player/HitterDetail/Basic.aspx?playerId=75566","https://6ptotvmi5753.edge.naverncp.com/KBO_IMAGE/person/middle/2025/75566.jpg","KBO official website","Official profile photo; redistribution rights unverified","0","0","originals/75566.jpg","downloaded_local_only","Local game-development copy; excluded from Git and redistribution packages"
"54305","이재상","https://www.koreabaseball.com/Record/Player/HitterDetail/Basic.aspx?playerId=54305","https://6ptotvmi5753.edge.naverncp.com/KBO_IMAGE/person/middle/2026/54305.jpg","KBO official website","Official profile photo; redistribution rights unverified","0","0","originals/54305.jpg","downloaded_local_only","Local game-development copy; excluded from Git and redistribution packages"
"50167","이주형","https://www.koreabaseball.com/Record/Player/HitterDetail/Basic.aspx?playerId=50167","https://6ptotvmi5753.edge.naverncp.com/KBO_IMAGE/person/middle/2026/50167.jpg","KBO official website","Official profile photo; redistribution rights unverified","0","0","originals/50167.jpg","downloaded_local_only","Local game-development copy; excluded from Git and redistribution packages"
"51302","이주형","https://www.koreabaseball.com/Record/Player/HitterDetail/Basic.aspx?playerId=51302","https://6ptotvmi5753.edge.naverncp.com/KBO_IMAGE/person/middle/2026/51302.jpg","KBO official website","Official profile photo; redistribution rights unverified","0","0","originals/51302.jpg","downloaded_local_only","Local game-development copy; excluded from Git and redistribution packages"
"55301","이준우","https://www.koreabaseball.com/Record/Player/PitcherDetail/Basic.aspx?playerId=55301","https://6ptotvmi5753.edge.naverncp.com/KBO_IMAGE/person/middle/2026/55301.jpg","KBO official website","Official profile photo; redistribution rights unverified","0","0","originals/55301.jpg","downloaded_local_only","Local game-development copy; excluded from Git and redistribution packages"
"78135","이형종","https://www.koreabaseball.com/Record/Player/HitterDetail/Basic.aspx?playerId=78135","https://6ptotvmi5753.edge.naverncp.com/KBO_IMAGE/person/middle/2026/78135.jpg","KBO official website","Official profile photo; redistribution rights unverified","0","0","originals/78135.jpg","downloaded_local_only","Local game-development copy; excluded from Git and redistribution packages"
"64346","임병욱","https://www.koreabaseball.com/Record/Player/HitterDetail/Basic.aspx?playerId=64346","https://6ptotvmi5753.edge.naverncp.com/KBO_IMAGE/person/middle/2026/64346.jpg","KBO official website","Official profile photo; redistribution rights unverified","0","0","originals/64346.jpg","downloaded_local_only","Local game-development copy; excluded from Git and redistribution packages"
"64340","임지열","https://www.koreabaseball.com/Record/Player/HitterDetail/Basic.aspx?playerId=64340","https://6ptotvmi5753.edge.naverncp.com/KBO_IMAGE/person/middle/2026/64340.jpg","KBO official website","Official profile photo; redistribution rights unverified","0","0","originals/64340.jpg","downloaded_local_only","Local game-development copy; excluded from Git and redistribution packages"
"55382","임진묵","https://www.koreabaseball.com/Record/Player/PitcherDetail/Basic.aspx?playerId=55382","https://6ptotvmi5753.edge.naverncp.com/KBO_IMAGE/person/middle/2026/55382.jpg","KBO official website","Official profile photo; redistribution rights unverified","0","0","originals/55382.jpg","downloaded_local_only","Local game-development copy; excluded from Git and redistribution packages"
"54362","전준표","https://www.koreabaseball.com/Record/Player/PitcherDetail/Basic.aspx?playerId=54362","https://6ptotvmi5753.edge.naverncp.com/KBO_IMAGE/person/middle/2026/54362.jpg","KBO official website","Official profile photo; redistribution rights unverified","0","0","originals/54362.jpg","downloaded_local_only","Local game-development copy; excluded from Git and redistribution packages"
"55397","전태현","https://www.koreabaseball.com/Record/Player/HitterDetail/Basic.aspx?playerId=55397","https://6ptotvmi5753.edge.naverncp.com/KBO_IMAGE/person/middle/2026/55397.jpg","KBO official website","Official profile photo; redistribution rights unverified","0","0","originals/55397.jpg","downloaded_local_only","Local game-development copy; excluded from Git and redistribution packages"
"55377","정세영","https://www.koreabaseball.com/Record/Player/PitcherDetail/Basic.aspx?playerId=55377","https://6ptotvmi5753.edge.naverncp.com/KBO_IMAGE/person/middle/2026/55377.jpg","KBO official website","Official profile photo; redistribution rights unverified","0","0","originals/55377.jpg","downloaded_local_only","Local game-development copy; excluded from Git and redistribution packages"
"55313","정현우","https://www.koreabaseball.com/Record/Player/PitcherDetail/Basic.aspx?playerId=55313","https://6ptotvmi5753.edge.naverncp.com/KBO_IMAGE/person/middle/2026/55313.jpg","KBO official website","Official profile photo; redistribution rights unverified","0","0","originals/55313.jpg","downloaded_local_only","Local game-development copy; excluded from Git and redistribution packages"
"69360","조영건","https://www.koreabaseball.com/Record/Player/PitcherDetail/Basic.aspx?playerId=69360","https://6ptotvmi5753.edge.naverncp.com/KBO_IMAGE/person/middle/2026/69360.jpg","KBO official website","Official profile photo; redistribution rights unverified","0","0","originals/69360.jpg","downloaded_local_only","Local game-development copy; excluded from Git and redistribution packages"
"69332","주성원","https://www.koreabaseball.com/Record/Player/HitterDetail/Basic.aspx?playerId=69332","https://6ptotvmi5753.edge.naverncp.com/KBO_IMAGE/person/middle/2026/69332.jpg","KBO official website","Official profile photo; redistribution rights unverified","0","0","originals/69332.jpg","downloaded_local_only","Local game-development copy; excluded from Git and redistribution packages"
"52330","주승우","https://www.koreabaseball.com/Record/Player/PitcherDetail/Basic.aspx?playerId=52330","https://6ptotvmi5753.edge.naverncp.com/KBO_IMAGE/person/middle/2025/52330.jpg","KBO official website","Official profile photo; redistribution rights unverified","0","0","originals/52330.jpg","downloaded_local_only","Local game-development copy; excluded from Git and redistribution packages"
"76267","최주환","https://www.koreabaseball.com/Record/Player/HitterDetail/Basic.aspx?playerId=76267","https://6ptotvmi5753.edge.naverncp.com/KBO_IMAGE/person/middle/2026/76267.jpg","KBO official website","Official profile photo; redistribution rights unverified","0","0","originals/76267.jpg","downloaded_local_only","Local game-development copy; excluded from Git and redistribution packages"
"54444","카디네스","https://www.koreabaseball.com/Record/Player/HitterDetail/Basic.aspx?playerId=54444","https://6ptotvmi5753.edge.naverncp.com/KBO_IMAGE/person/middle/2025/54444.jpg","KBO official website","Official profile photo; redistribution rights unverified","0","0","originals/54444.jpg","downloaded_local_only","Local game-development copy; excluded from Git and redistribution packages"
"64350","하영민","https://www.koreabaseball.com/Record/Player/PitcherDetail/Basic.aspx?playerId=64350","https://6ptotvmi5753.edge.naverncp.com/KBO_IMAGE/person/middle/2026/64350.jpg","KBO official website","Official profile photo; redistribution rights unverified","0","0","originals/64350.jpg","downloaded_local_only","Local game-development copy; excluded from Git and redistribution packages"
"50705","강재민","https://www.koreabaseball.com/Record/Player/PitcherDetail/Basic.aspx?playerId=50705","https://6ptotvmi5753.edge.naverncp.com/KBO_IMAGE/person/middle/2026/50705.jpg","KBO official website","Official profile photo; redistribution rights unverified","0","0","originals/50705.jpg","downloaded_local_only","Local game-development copy; excluded from Git and redistribution packages"
"52769","권광민","https://www.koreabaseball.com/Record/Player/HitterDetail/Basic.aspx?playerId=52769","https://6ptotvmi5753.edge.naverncp.com/KBO_IMAGE/person/middle/2026/52769.jpg","KBO official website","Official profile photo; redistribution rights unverified","0","0","originals/52769.jpg","downloaded_local_only","Local game-development copy; excluded from Git and redistribution packages"
"55764","권민규","https://www.koreabaseball.com/Record/Player/PitcherDetail/Basic.aspx?playerId=55764","https://6ptotvmi5753.edge.naverncp.com/KBO_IMAGE/person/middle/2026/55764.jpg","KBO official website","Official profile photo; redistribution rights unverified","0","0","originals/55764.jpg","downloaded_local_only","Local game-development copy; excluded from Git and redistribution packages"
"51715","김기중","https://www.koreabaseball.com/Record/Player/PitcherDetail/Basic.aspx?playerId=51715","https://6ptotvmi5753.edge.naverncp.com/KBO_IMAGE/person/middle/2026/51715.jpg","KBO official website","Official profile photo; redistribution rights unverified","0","0","originals/51715.jpg","downloaded_local_only","Local game-development copy; excluded from Git and redistribution packages"
"54705","김도빈","https://www.koreabaseball.com/Record/Player/PitcherDetail/Basic.aspx?playerId=54705","https://6ptotvmi5753.edge.naverncp.com/KBO_IMAGE/person/middle/2026/54705.jpg","KBO official website","Official profile photo; redistribution rights unverified","0","0","originals/54705.jpg","downloaded_local_only","Local game-development copy; excluded from Git and redistribution packages"
"65764","김민우","https://www.koreabaseball.com/Record/Player/PitcherDetail/Basic.aspx?playerId=65764","https://6ptotvmi5753.edge.naverncp.com/KBO_IMAGE/person/middle/2026/65764.jpg","KBO official website","Official profile photo; redistribution rights unverified","0","0","originals/65764.jpg","downloaded_local_only","Local game-development copy; excluded from Git and redistribution packages"
"65769","김범수","https://www.koreabaseball.com/Record/Player/PitcherDetail/Basic.aspx?playerId=65769","https://6ptotvmi5753.edge.naverncp.com/KBO_IMAGE/person/middle/2026/65769.jpg","KBO official website","Official profile photo; redistribution rights unverified","0","0","originals/65769.jpg","downloaded_local_only","Local game-development copy; excluded from Git and redistribution packages"
"53754","김서현","https://www.koreabaseball.com/Record/Player/PitcherDetail/Basic.aspx?playerId=53754","https://6ptotvmi5753.edge.naverncp.com/KBO_IMAGE/person/middle/2026/53754.jpg","KBO official website","Official profile photo; redistribution rights unverified","0","0","originals/53754.jpg","downloaded_local_only","Local game-development copy; excluded from Git and redistribution packages"
"50711","김승일","https://www.koreabaseball.com/Record/Player/PitcherDetail/Basic.aspx?playerId=50711","https://6ptotvmi5753.edge.naverncp.com/KBO_IMAGE/person/middle/2026/50711.jpg","KBO official website","Official profile photo; redistribution rights unverified","0","0","originals/50711.jpg","downloaded_local_only","Local game-development copy; excluded from Git and redistribution packages"
"66715","김인환","https://www.koreabaseball.com/Record/Player/HitterDetail/Basic.aspx?playerId=66715","https://6ptotvmi5753.edge.naverncp.com/KBO_IMAGE/person/middle/2025/66715.jpg","KBO official website","Official profile photo; redistribution rights unverified","0","0","originals/66715.jpg","downloaded_local_only","Local game-development copy; excluded from Git and redistribution packages"
"63765","김종수","https://www.koreabaseball.com/Record/Player/PitcherDetail/Basic.aspx?playerId=63765","https://6ptotvmi5753.edge.naverncp.com/KBO_IMAGE/person/middle/2026/63765.jpg","KBO official website","Official profile photo; redistribution rights unverified","0","0","originals/63765.jpg","downloaded_local_only","Local game-development copy; excluded from Git and redistribution packages"
"66704","김태연","https://www.koreabaseball.com/Record/Player/HitterDetail/Basic.aspx?playerId=66704","https://6ptotvmi5753.edge.naverncp.com/KBO_IMAGE/person/middle/2026/66704.jpg","KBO official website","Official profile photo; redistribution rights unverified","0","0","originals/66704.jpg","downloaded_local_only","Local game-development copy; excluded from Git and redistribution packages"
"69737","노시환","https://www.koreabaseball.com/Record/Player/HitterDetail/Basic.aspx?playerId=69737","https://6ptotvmi5753.edge.naverncp.com/KBO_IMAGE/person/middle/2026/69737.jpg","KBO official website","Official profile photo; redistribution rights unverified","0","0","originals/69737.jpg","downloaded_local_only","Local game-development copy; excluded from Git and redistribution packages"
"76715","류현진","https://www.koreabaseball.com/Record/Player/PitcherDetail/Basic.aspx?playerId=76715","https://6ptotvmi5753.edge.naverncp.com/KBO_IMAGE/person/middle/2026/76715.jpg","KBO official website","Official profile photo; redistribution rights unverified","0","0","originals/76715.jpg","downloaded_local_only","Local game-development copy; excluded from Git and redistribution packages"
"55703","리베라토","https://www.koreabaseball.com/Record/Player/HitterDetail/Basic.aspx?playerId=55703","https://6ptotvmi5753.edge.naverncp.com/KBO_IMAGE/person/middle/2025/55703.jpg","KBO official website","Official profile photo; redistribution rights unverified","0","0","originals/55703.jpg","downloaded_local_only","Local game-development copy; excluded from Git and redistribution packages"
"52701","문동주","https://www.koreabaseball.com/Record/Player/PitcherDetail/Basic.aspx?playerId=52701","https://6ptotvmi5753.edge.naverncp.com/KBO_IMAGE/person/middle/2026/52701.jpg","KBO official website","Official profile photo; redistribution rights unverified","0","0","originals/52701.jpg","downloaded_local_only","Local game-development copy; excluded from Git and redistribution packages"
"53764","문현빈","https://www.koreabaseball.com/Record/Player/HitterDetail/Basic.aspx?playerId=53764","https://6ptotvmi5753.edge.naverncp.com/KBO_IMAGE/person/middle/2026/53764.jpg","KBO official website","Official profile photo; redistribution rights unverified","0","0","originals/53764.jpg","downloaded_local_only","Local game-development copy; excluded from Git and redistribution packages"
"66707","박상언","https://www.koreabaseball.com/Record/Player/HitterDetail/Basic.aspx?playerId=66707","https://6ptotvmi5753.edge.naverncp.com/KBO_IMAGE/person/middle/2026/66707.jpg","KBO official website","Official profile photo; redistribution rights unverified","0","0","originals/66707.jpg","downloaded_local_only","Local game-development copy; excluded from Git and redistribution packages"
"67703","박상원","https://www.koreabaseball.com/Record/Player/PitcherDetail/Basic.aspx?playerId=67703","https://6ptotvmi5753.edge.naverncp.com/KBO_IMAGE/person/middle/2026/67703.jpg","KBO official website","Official profile photo; redistribution rights unverified","0","0","originals/67703.jpg","downloaded_local_only","Local game-development copy; excluded from Git and redistribution packages"
"50709","박정현","https://www.koreabaseball.com/Record/Player/HitterDetail/Basic.aspx?playerId=50709","https://6ptotvmi5753.edge.naverncp.com/KBO_IMAGE/person/middle/2026/50709.jpg","KBO official website","Official profile photo; redistribution rights unverified","0","0","originals/50709.jpg","downloaded_local_only","Local game-development copy; excluded from Git and redistribution packages"
"52731","박준영","https://www.koreabaseball.com/Record/Player/PitcherDetail/Basic.aspx?playerId=52731","https://6ptotvmi5753.edge.naverncp.com/KBO_IMAGE/person/middle/2026/52731.jpg","KBO official website","Official profile photo; redistribution rights unverified","0","0","originals/52731.jpg","downloaded_local_only","Local game-development copy; excluded from Git and redistribution packages"
"51761","배동현","https://www.koreabaseball.com/Record/Player/PitcherDetail/Basic.aspx?playerId=51761","https://6ptotvmi5753.edge.naverncp.com/KBO_IMAGE/person/middle/2026/51761.jpg","KBO official website","Official profile photo; redistribution rights unverified","0","0","originals/51761.jpg","downloaded_local_only","Local game-development copy; excluded from Git and redistribution packages"
"69974","배민서","https://www.koreabaseball.com/Record/Player/PitcherDetail/Basic.aspx?playerId=69974","https://6ptotvmi5753.edge.naverncp.com/KBO_IMAGE/person/middle/2026/69974.jpg","KBO official website","Official profile photo; redistribution rights unverified","0","0","originals/69974.jpg","downloaded_local_only","Local game-development copy; excluded from Git and redistribution packages"
"55798","배승수","https://www.koreabaseball.com/Record/Player/HitterDetail/Basic.aspx?playerId=55798","https://6ptotvmi5753.edge.naverncp.com/KBO_IMAGE/person/middle/2026/55798.jpg","KBO official website","Official profile photo; redistribution rights unverified","0","0","originals/55798.jpg","downloaded_local_only","Local game-development copy; excluded from Git and redistribution packages"
"77532","손아섭","https://www.koreabaseball.com/Record/Player/HitterDetail/Basic.aspx?playerId=77532","https://6ptotvmi5753.edge.naverncp.com/KBO_IMAGE/person/middle/2026/77532.jpg","KBO official website","Official profile photo; redistribution rights unverified","0","0","originals/77532.jpg","downloaded_local_only","Local game-development copy; excluded from Git and redistribution packages"
"64006","심우준","https://www.koreabaseball.com/Record/Player/HitterDetail/Basic.aspx?playerId=64006","https://6ptotvmi5753.edge.naverncp.com/KBO_IMAGE/person/middle/2026/64006.jpg","KBO official website","Official profile photo; redistribution rights unverified","0","0","originals/64006.jpg","downloaded_local_only","Local game-development copy; excluded from Git and redistribution packages"
"79608","안치홍","https://www.koreabaseball.com/Record/Player/HitterDetail/Basic.aspx?playerId=79608","https://6ptotvmi5753.edge.naverncp.com/KBO_IMAGE/person/middle/2026/79608.jpg","KBO official website","Official profile photo; redistribution rights unverified","0","0","originals/79608.jpg","downloaded_local_only","Local game-development copy; excluded from Git and redistribution packages"
"65056","엄상백","https://www.koreabaseball.com/Record/Player/PitcherDetail/Basic.aspx?playerId=65056","https://6ptotvmi5753.edge.naverncp.com/KBO_IMAGE/person/middle/2026/65056.jpg","KBO official website","Official profile photo; redistribution rights unverified","0","0","originals/65056.jpg","downloaded_local_only","Local game-development copy; excluded from Git and redistribution packages"
"54755","와이스","https://www.koreabaseball.com/Record/Player/PitcherDetail/Basic.aspx?playerId=54755","https://6ptotvmi5753.edge.naverncp.com/KBO_IMAGE/person/middle/2025/54755.jpg","KBO official website","Official profile photo; redistribution rights unverified","0","0","originals/54755.jpg","downloaded_local_only","Local game-development copy; excluded from Git and redistribution packages"
"54702","원종혁","https://www.koreabaseball.com/Record/Player/PitcherDetail/Basic.aspx?playerId=54702","https://6ptotvmi5753.edge.naverncp.com/KBO_IMAGE/person/middle/2026/54702.jpg","KBO official website","Official profile photo; redistribution rights unverified","0","0","originals/54702.jpg","downloaded_local_only","Local game-development copy; excluded from Git and redistribution packages"
"69766","유로결","https://www.koreabaseball.com/Record/Player/HitterDetail/Basic.aspx?playerId=69766","https://6ptotvmi5753.edge.naverncp.com/KBO_IMAGE/person/middle/2026/69766.jpg","KBO official website","Official profile photo; redistribution rights unverified","0","0","originals/69766.jpg","downloaded_local_only","Local game-development copy; excluded from Git and redistribution packages"
"63464","윤대경","https://www.koreabaseball.com/Record/Player/PitcherDetail/Basic.aspx?playerId=63464","https://6ptotvmi5753.edge.naverncp.com/KBO_IMAGE/person/middle/2025/63464.jpg","KBO official website","Official profile photo; redistribution rights unverified","0","0","originals/63464.jpg","downloaded_local_only","Local game-development copy; excluded from Git and redistribution packages"
"69213","윤산흠","https://www.koreabaseball.com/Record/Player/PitcherDetail/Basic.aspx?playerId=69213","https://6ptotvmi5753.edge.naverncp.com/KBO_IMAGE/person/middle/2026/69213.jpg","KBO official website","Official profile photo; redistribution rights unverified","0","0","originals/69213.jpg","downloaded_local_only","Local game-development copy; excluded from Git and redistribution packages"
"65703","이도윤","https://www.koreabaseball.com/Record/Player/HitterDetail/Basic.aspx?playerId=65703","https://6ptotvmi5753.edge.naverncp.com/KBO_IMAGE/person/middle/2026/65703.jpg","KBO official website","Official profile photo; redistribution rights unverified","0","0","originals/65703.jpg","downloaded_local_only","Local game-development copy; excluded from Git and redistribution packages"
"65616","이민우","https://www.koreabaseball.com/Record/Player/PitcherDetail/Basic.aspx?playerId=65616","https://6ptotvmi5753.edge.naverncp.com/KBO_IMAGE/person/middle/2026/65616.jpg","KBO official website","Official profile photo; redistribution rights unverified","0","0","originals/65616.jpg","downloaded_local_only","Local game-development copy; excluded from Git and redistribution packages"
"55710","이민재","https://www.koreabaseball.com/Record/Player/HitterDetail/Basic.aspx?playerId=55710","https://6ptotvmi5753.edge.naverncp.com/KBO_IMAGE/person/middle/2026/55710.jpg","KBO official website","Official profile photo; redistribution rights unverified","0","0","originals/55710.jpg","downloaded_local_only","Local game-development copy; excluded from Git and redistribution packages"
"65117","이상규","https://www.koreabaseball.com/Record/Player/PitcherDetail/Basic.aspx?playerId=65117","https://6ptotvmi5753.edge.naverncp.com/KBO_IMAGE/person/middle/2026/65117.jpg","KBO official website","Official profile photo; redistribution rights unverified","0","0","originals/65117.jpg","downloaded_local_only","Local game-development copy; excluded from Git and redistribution packages"
"52704","이상혁","https://www.koreabaseball.com/Record/Player/HitterDetail/Basic.aspx?playerId=52704","https://6ptotvmi5753.edge.naverncp.com/KBO_IMAGE/person/middle/2026/52704.jpg","KBO official website","Official profile photo; redistribution rights unverified","0","0","originals/52704.jpg","downloaded_local_only","Local game-development copy; excluded from Git and redistribution packages"
"54706","이승현","https://www.koreabaseball.com/Record/Player/HitterDetail/Basic.aspx?playerId=54706","https://6ptotvmi5753.edge.naverncp.com/KBO_IMAGE/person/middle/2026/54706.jpg","KBO official website","Official profile photo; redistribution rights unverified","0","0","originals/54706.jpg","downloaded_local_only","Local game-development copy; excluded from Git and redistribution packages"
"68700","이원석","https://www.koreabaseball.com/Record/Player/HitterDetail/Basic.aspx?playerId=68700","https://6ptotvmi5753.edge.naverncp.com/KBO_IMAGE/person/middle/2026/68700.jpg","KBO official website","Official profile photo; redistribution rights unverified","0","0","originals/68700.jpg","downloaded_local_only","Local game-development copy; excluded from Git and redistribution packages"
"76812","이재원","https://www.koreabaseball.com/Record/Player/HitterDetail/Basic.aspx?playerId=76812","https://6ptotvmi5753.edge.naverncp.com/KBO_IMAGE/person/middle/2026/76812.jpg","KBO official website","Official profile photo; redistribution rights unverified","0","0","originals/76812.jpg","downloaded_local_only","Local game-development copy; excluded from Git and redistribution packages"
"66657","이진영","https://www.koreabaseball.com/Record/Player/HitterDetail/Basic.aspx?playerId=66657","https://6ptotvmi5753.edge.naverncp.com/KBO_IMAGE/person/middle/2026/66657.jpg","KBO official website","Official profile photo; redistribution rights unverified","0","0","originals/66657.jpg","downloaded_local_only","Local game-development copy; excluded from Git and redistribution packages"
"60768","이태양","https://www.koreabaseball.com/Record/Player/PitcherDetail/Basic.aspx?playerId=60768","https://6ptotvmi5753.edge.naverncp.com/KBO_IMAGE/person/middle/2026/60768.jpg","KBO official website","Official profile photo; redistribution rights unverified","0","0","originals/60768.jpg","downloaded_local_only","Local game-development copy; excluded from Git and redistribution packages"
"50704","임종찬","https://www.koreabaseball.com/Record/Player/HitterDetail/Basic.aspx?playerId=50704","https://6ptotvmi5753.edge.naverncp.com/KBO_IMAGE/person/middle/2026/50704.jpg","KBO official website","Official profile photo; redistribution rights unverified","0","0","originals/50704.jpg","downloaded_local_only","Local game-development copy; excluded from Git and redistribution packages"
"51762","장규현","https://www.koreabaseball.com/Record/Player/HitterDetail/Basic.aspx?playerId=51762","https://6ptotvmi5753.edge.naverncp.com/KBO_IMAGE/person/middle/2026/51762.jpg","KBO official website","Official profile photo; redistribution rights unverified","0","0","originals/51762.jpg","downloaded_local_only","Local game-development copy; excluded from Git and redistribution packages"
"79764","장민재","https://www.koreabaseball.com/Record/Player/PitcherDetail/Basic.aspx?playerId=79764","https://6ptotvmi5753.edge.naverncp.com/KBO_IMAGE/person/middle/2025/79764.jpg","KBO official website","Official profile photo; redistribution rights unverified","0","0","originals/79764.jpg","downloaded_local_only","Local game-development copy; excluded from Git and redistribution packages"
"77318","장시환","https://www.koreabaseball.com/Record/Player/PitcherDetail/Basic.aspx?playerId=77318","https://6ptotvmi5753.edge.naverncp.com/KBO_IMAGE/person/middle/2026/77318.jpg","KBO official website","Official profile photo; redistribution rights unverified","0","0","originals/77318.jpg","downloaded_local_only","Local game-development copy; excluded from Git and redistribution packages"
"69645","장지수","https://www.koreabaseball.com/Record/Player/PitcherDetail/Basic.aspx?playerId=69645","https://6ptotvmi5753.edge.naverncp.com/KBO_IMAGE/person/middle/2026/69645.jpg","KBO official website","Official profile photo; redistribution rights unverified","0","0","originals/69645.jpg","downloaded_local_only","Local game-development copy; excluded from Git and redistribution packages"
"51764","정민규","https://www.koreabaseball.com/Record/Player/HitterDetail/Basic.aspx?playerId=51764","https://6ptotvmi5753.edge.naverncp.com/KBO_IMAGE/person/middle/2026/51764.jpg","KBO official website","Official profile photo; redistribution rights unverified","0","0","originals/51764.jpg","downloaded_local_only","Local game-development copy; excluded from Git and redistribution packages"
"55743","정우주","https://www.koreabaseball.com/Record/Player/PitcherDetail/Basic.aspx?playerId=55743","https://6ptotvmi5753.edge.naverncp.com/KBO_IMAGE/person/middle/2026/55743.jpg","KBO official website","Official profile photo; redistribution rights unverified","0","0","originals/55743.jpg","downloaded_local_only","Local game-development copy; excluded from Git and redistribution packages"
"54768","조동욱","https://www.koreabaseball.com/Record/Player/PitcherDetail/Basic.aspx?playerId=54768","https://6ptotvmi5753.edge.naverncp.com/KBO_IMAGE/person/middle/2026/54768.jpg","KBO official website","Official profile photo; redistribution rights unverified","0","0","originals/54768.jpg","downloaded_local_only","Local game-development copy; excluded from Git and redistribution packages"
"65707","주현상","https://www.koreabaseball.com/Record/Player/PitcherDetail/Basic.aspx?playerId=65707","https://6ptotvmi5753.edge.naverncp.com/KBO_IMAGE/person/middle/2026/65707.jpg","KBO official website","Official profile photo; redistribution rights unverified","0","0","originals/65707.jpg","downloaded_local_only","Local game-development copy; excluded from Git and redistribution packages"
"79192","채은성","https://www.koreabaseball.com/Record/Player/HitterDetail/Basic.aspx?playerId=79192","https://6ptotvmi5753.edge.naverncp.com/KBO_IMAGE/person/middle/2026/79192.jpg","KBO official website","Official profile photo; redistribution rights unverified","0","0","originals/79192.jpg","downloaded_local_only","Local game-development copy; excluded from Git and redistribution packages"
"50707","최인호","https://www.koreabaseball.com/Record/Player/HitterDetail/Basic.aspx?playerId=50707","https://6ptotvmi5753.edge.naverncp.com/KBO_IMAGE/person/middle/2026/50707.jpg","KBO official website","Official profile photo; redistribution rights unverified","0","0","originals/50707.jpg","downloaded_local_only","Local game-development copy; excluded from Git and redistribution packages"
"78288","최재훈","https://www.koreabaseball.com/Record/Player/HitterDetail/Basic.aspx?playerId=78288","https://6ptotvmi5753.edge.naverncp.com/KBO_IMAGE/person/middle/2026/78288.jpg","KBO official website","Official profile photo; redistribution rights unverified","0","0","originals/78288.jpg","downloaded_local_only","Local game-development copy; excluded from Git and redistribution packages"
"55730","폰세","https://www.koreabaseball.com/Record/Player/PitcherDetail/Basic.aspx?playerId=55730","https://6ptotvmi5753.edge.naverncp.com/KBO_IMAGE/person/middle/2025/55730.jpg","KBO official website","Official profile photo; redistribution rights unverified","0","0","originals/55730.jpg","downloaded_local_only","Local game-development copy; excluded from Git and redistribution packages"
"62700","하주석","https://www.koreabaseball.com/Record/Player/HitterDetail/Basic.aspx?playerId=62700","https://6ptotvmi5753.edge.naverncp.com/KBO_IMAGE/person/middle/2026/62700.jpg","KBO official website","Official profile photo; redistribution rights unverified","0","0","originals/62700.jpg","downloaded_local_only","Local game-development copy; excluded from Git and redistribution packages"
"61666","한승혁","https://www.koreabaseball.com/Record/Player/PitcherDetail/Basic.aspx?playerId=61666","https://6ptotvmi5753.edge.naverncp.com/KBO_IMAGE/person/middle/2026/61666.jpg","KBO official website","Official profile photo; redistribution rights unverified","0","0","originals/61666.jpg","downloaded_local_only","Local game-development copy; excluded from Git and redistribution packages"
"55767","한지윤","https://www.koreabaseball.com/Record/Player/HitterDetail/Basic.aspx?playerId=55767","https://6ptotvmi5753.edge.naverncp.com/KBO_IMAGE/person/middle/2026/55767.jpg","KBO official website","Official profile photo; redistribution rights unverified","0","0","originals/55767.jpg","downloaded_local_only","Local game-development copy; excluded from Git and redistribution packages"
"52764","허인서","https://www.koreabaseball.com/Record/Player/HitterDetail/Basic.aspx?playerId=52764","https://6ptotvmi5753.edge.naverncp.com/KBO_IMAGE/person/middle/2026/52764.jpg","KBO official website","Official profile photo; redistribution rights unverified","0","0","originals/52764.jpg","downloaded_local_only","Local game-development copy; excluded from Git and redistribution packages"
"54795","황영묵","https://www.koreabaseball.com/Record/Player/HitterDetail/Basic.aspx?playerId=54795","https://6ptotvmi5753.edge.naverncp.com/KBO_IMAGE/person/middle/2026/54795.jpg","KBO official website","Official profile photo; redistribution rights unverified","0","0","originals/54795.jpg","downloaded_local_only","Local game-development copy; excluded from Git and redistribution packages"
"54729","황준서","https://www.koreabaseball.com/Record/Player/PitcherDetail/Basic.aspx?playerId=54729","https://6ptotvmi5753.edge.naverncp.com/KBO_IMAGE/person/middle/2026/54729.jpg","KBO official website","Official profile photo; redistribution rights unverified","0","0","originals/54729.jpg","downloaded_local_only","Local game-development copy; excluded from Git and redistribution packages"
